date,adj close
2010-02-01,5.8293256759643555
2010-02-02,5.863151550292969
2010-02-03,5.964035987854004
2010-02-04,5.749098777770996
2010-02-05,5.851179122924805
2010-02-08,5.811066150665283
2010-02-09,5.873031139373779
2010-02-10,5.841000556945801
2010-02-11,5.947272300720215
2010-02-12,5.998460292816162
2010-02-16,6.088867664337158
2010-02-17,6.063420295715332
2010-02-18,6.074794769287109
2010-02-19,6.037078380584717
2010-02-22,5.999657154083252
2010-02-23,5.899076461791992
2010-02-24,6.0068440437316895
2010-02-25,6.046956539154053
2010-02-26,6.125387668609619
2010-03-01,6.256204128265381
2010-03-02,6.252015590667725
2010-03-03,6.266383171081543
2010-03-04,6.307692527770996
2010-03-05,6.554360866546631
2010-03-08,6.558253765106201
2010-03-09,6.676199436187744
2010-03-10,6.730682373046875
2010-03-11,6.750436782836914
2010-03-12,6.783367156982422
2010-03-15,6.700746536254883
2010-03-16,6.719006061553955
2010-03-17,6.709127426147461
2010-03-18,6.7249932289123535
2010-03-19,6.653148174285889
2010-03-22,6.727987766265869
2010-03-23,6.83605432510376
2010-03-24,6.866286754608154
2010-03-25,6.7848639488220215
2010-03-26,6.912092685699463
2010-03-29,6.956693172454834
2010-03-30,7.0602707862854
2010-03-31,7.034825801849365
2010-04-01,7.063860893249512
2010-04-05,7.1392998695373535
2010-04-06,7.170732498168945
2010-04-07,7.2024617195129395
2010-04-08,7.18300724029541
2010-04-09,7.238084316253662
2010-04-12,7.253054618835449
2010-04-13,7.257246017456055
2010-04-14,7.354836940765381
2010-04-15,7.451527118682861
2010-04-16,7.4060282707214355
2010-04-19,7.396146297454834
2010-04-20,7.321903228759766
2010-04-21,7.759863376617432
2010-04-22,7.976892948150635
2010-04-23,8.107413291931152
2010-04-26,8.067598342895508
2010-04-27,7.844274997711182
2010-04-28,7.831109046936035
2010-04-29,8.041850090026855
2010-04-30,7.815839767456055
2010-05-03,7.973299503326416
2010-05-04,7.743697166442871
2010-05-05,7.663171768188477
2010-05-06,7.371599197387695
2010-05-07,7.060568809509277
2010-05-10,7.603296756744385
2010-05-11,7.679035663604736
2010-05-12,7.845775604248047
2010-05-13,7.73411750793457
2010-05-14,7.598210334777832
2010-05-17,7.610182285308838
2010-05-18,7.55450439453125
2010-05-19,7.434162616729736
2010-05-20,7.1174492835998535
2010-05-21,7.253952980041504
2010-05-24,7.386867523193359
2010-05-25,7.340763092041016
2010-05-26,7.307540416717529
2010-05-27,7.584141731262207
2010-05-28,7.689813137054443
2010-06-01,7.808058261871338
2010-06-02,7.901454448699951
2010-06-03,7.876610279083252
2010-06-04,7.662270069122315
2010-06-07,7.511996269226074
2010-06-08,7.463797092437744
2010-06-09,7.280293941497803
2010-06-10,7.499125003814697
2010-06-11,7.588929176330566
2010-06-14,7.611981391906738
2010-06-15,7.773931503295898
2010-06-16,8.000242233276367
2010-06-17,8.138547897338867
2010-06-18,8.2044038772583
2010-06-21,8.087652206420898
2010-06-22,8.1978178024292
2010-06-23,8.111598014831543
2010-06-24,8.052628517150879
2010-06-25,7.983778476715088
2010-06-28,8.031673431396484
2010-06-29,7.668558597564697
2010-06-30,7.529657363891602
2010-07-01,7.438351631164551
2010-07-02,7.39225435256958
2010-07-06,7.442847728729248
2010-07-07,7.743396282196045
2010-07-08,7.726034164428711
2010-07-09,7.771838665008545
2010-07-12,7.702082633972168
2010-07-13,7.537740230560303
2010-07-14,7.565578937530518
2010-07-15,7.527262210845947
2010-07-16,7.480865478515625
2010-07-19,7.351541996002197
2010-07-20,7.540435314178467
2010-07-21,7.610780239105225
2010-07-22,7.753878593444824
2010-07-23,7.781415462493896
2010-07-26,7.761658191680908
2010-07-27,7.905349731445312
2010-07-28,7.81195068359375
2010-07-29,7.726634502410889
2010-07-30,7.700889587402344
2010-08-02,7.838592529296875
2010-08-03,7.840987205505371
2010-08-04,7.872417449951172
2010-08-05,7.834100246429443
2010-08-06,7.785902976989746
2010-08-09,7.835597038269043
2010-08-10,7.765548229217529
2010-08-11,7.489542484283447
2010-08-12,7.537444114685059
2010-08-13,7.45691442489624
2010-08-16,7.413207530975342
2010-08-17,7.542829990386963
2010-08-18,7.5757575035095215
2010-08-19,7.480266094207764
2010-08-20,7.473080158233643
2010-08-23,7.358127117156982
2010-08-24,7.182405948638916
2010-08-25,7.271015167236328
2010-08-26,7.1928863525390625
2010-08-27,7.232997417449951
2010-08-30,7.259343147277832
2010-08-31,7.277302265167236
2010-09-01,7.493738174438477
2010-09-02,7.548813343048096
2010-09-03,7.746387481689453
2010-09-07,7.717653751373291
2010-09-08,7.870623588562012
2010-09-09,7.875113487243652
2010-09-10,7.885293006896973
2010-09-13,7.993957042694092
2010-09-14,8.024487495422363
2010-09-15,8.089150428771973
2010-09-16,8.279239654541016
2010-09-17,8.243319511413574
2010-09-20,8.478609085083008
2010-09-21,8.494779586791992
2010-09-22,8.613917350769043
2010-09-23,8.648941040039062
2010-09-24,8.750725746154785
2010-09-27,8.715999603271484
2010-09-28,8.587274551391602
2010-09-29,8.602540016174316
2010-09-30,8.494179725646973
2010-10-01,8.457359313964844
2010-10-04,8.341209411621094
2010-10-05,8.649540901184082
2010-10-06,8.657026290893555
2010-10-07,8.657922744750977
2010-10-08,8.803112030029297
2010-10-11,8.841724395751953
2010-10-12,8.936920166015625
2010-10-13,8.984819412231445
2010-10-14,9.049781799316406
2010-10-15,9.421876907348633
2010-10-18,9.519464492797852
2010-10-19,9.264715194702148
2010-10-20,9.295848846435549
2010-10-21,9.26561164855957
2010-10-22,9.204245567321776
2010-10-25,9.245254516601562
2010-10-26,9.221606254577637
2010-10-27,9.2150239944458
2010-10-28,9.13748836517334
2010-10-29,9.009963035583496
2010-11-01,9.105758666992188
2010-11-02,9.260824203491213
2010-11-03,9.363802909851074
2010-11-04,9.52755069732666
2010-11-05,9.493422508239746
2010-11-08,9.538025856018066
2010-11-09,9.46198844909668
2010-11-10,9.52036476135254
2010-11-11,9.479056358337402
2010-11-12,9.221012115478516
2010-11-15,9.191372871398926
2010-11-16,9.028221130371094
2010-11-17,8.995596885681152
2010-11-18,9.232983589172363
2010-11-19,9.182095527648926
2010-11-22,9.380565643310549
2010-11-23,9.24196434020996
2010-11-24,9.423672676086426
2010-11-26,9.429657936096191
2010-11-29,9.485639572143556
2010-11-30,9.314409255981444
2010-12-01,9.47157096862793
2010-12-02,9.523955345153809
2010-12-03,9.50270175933838
2010-12-06,9.583827018737791
2010-12-07,9.525749206542969
2010-12-08,9.60957145690918
2010-12-09,9.572148323059082
2010-12-10,9.596099853515623
2010-12-13,9.629329681396484
2010-12-14,9.588020324707031
2010-12-15,9.590113639831545
2010-12-16,9.616755485534668
2010-12-17,9.597596168518066
2010-12-20,9.64549446105957
2010-12-21,9.705065727233888
2010-12-22,9.733799934387209
2010-12-23,9.68710231781006
2010-12-27,9.71943187713623
2010-12-28,9.743083953857422
2010-12-29,9.737698554992676
2010-12-30,9.688902854919434
2010-12-31,9.655973434448242
2011-01-03,9.865819931030272
2011-01-04,9.917304039001465
2011-01-05,9.99842929840088
2011-01-06,9.990350723266602
2011-01-07,10.061895370483398
2011-01-10,10.251389503479004
2011-01-11,10.227137565612791
2011-01-12,10.310359001159668
2011-01-13,10.348074913024902
2011-01-14,10.43189525604248
2011-01-18,10.197500228881836
2011-01-19,10.143318176269531
2011-01-20,9.958919525146484
2011-01-21,9.780502319335938
2011-01-24,10.101709365844728
2011-01-25,10.21995449066162
2011-01-26,10.293295860290527
2011-01-27,10.274139404296877
2011-01-28,10.061298370361328
2011-01-31,10.157691955566406
2011-02-01,10.328619956970217
2011-02-02,10.307364463806152
2011-02-03,10.281021118164062
2011-02-04,10.372625350952148
2011-02-07,10.533679962158203
2011-02-08,10.633064270019531
2011-02-09,10.721675872802734
2011-02-10,10.613306045532228
2011-02-11,10.682458877563477
2011-02-14,10.75220775604248
2011-02-15,10.773759841918944
2011-02-16,10.870450019836426
2011-02-17,10.725863456726074
2011-02-18,10.49416732788086
2011-02-22,10.136431694030762
2011-02-23,10.256471633911133
2011-02-24,10.264260292053224
2011-02-25,10.422316551208496
2011-02-28,10.573491096496582
2011-03-01,10.456745147705078
2011-03-02,10.54086208343506
2011-03-03,10.763582229614258
2011-03-04,10.776753425598145
2011-03-07,10.63785457611084
2011-03-08,10.649827003479004
2011-03-09,10.551339149475098
2011-03-10,10.37770938873291
2011-03-11,10.53697109222412
2011-03-14,10.58397102355957
2011-03-15,10.340594291687012
2011-03-16,9.878988265991213
2011-03-17,10.017587661743164
2011-03-18,9.8987455368042
2011-03-21,10.157093048095703
2011-03-22,10.213967323303224
2011-03-23,10.153797149658203
2011-03-24,10.326824188232422
2011-03-25,10.523502349853516
2011-03-28,10.490571022033691
2011-03-29,10.50613784790039
2011-03-30,10.436389923095703
2011-03-31,10.43279266357422
2011-04-01,10.314550399780272
2011-04-04,10.213665962219238
2011-04-05,10.144818305969238
2011-04-06,10.119373321533203
2011-04-07,10.120572090148926
2011-04-08,10.030160903930664
2011-04-11,9.902639389038086
2011-04-12,9.950536727905272
2011-04-13,10.062195777893066
2011-04-14,9.95113468170166
2011-04-15,9.802655220031738
2011-04-18,9.934074401855469
2011-04-19,10.113980293273926
2011-04-20,10.250188827514648
2011-04-21,10.498351097106934
2011-04-25,10.5675048828125
2011-04-26,10.489974975585938
2011-04-27,10.481889724731444
2011-04-28,10.38011074066162
2011-04-29,10.481294631958008
2011-05-02,10.366040229797363
2011-05-03,10.423517227172852
2011-05-04,10.46452808380127
2011-05-05,10.38011074066162
2011-05-06,10.37741470336914
2011-05-09,10.40555191040039
2011-05-10,10.460935592651367
2011-05-11,10.394471168518066
2011-05-12,10.374720573425291
2011-05-13,10.19301414489746
2011-05-16,9.977479934692385
2011-05-17,10.062494277954102
2011-05-18,10.174155235290527
2011-05-19,10.193909645080566
2011-05-20,10.034955024719238
2011-05-23,10.010406494140623
2011-05-24,9.944250106811523
2011-05-25,10.08165454864502
2011-05-26,10.028369903564451
2011-05-27,10.100513458251951
2011-05-31,10.412440299987791
2011-06-01,10.342987060546877
2011-06-02,10.360650062561035
2011-06-03,10.281021118164062
2011-06-06,10.119373321533203
2011-06-07,9.93975830078125
2011-06-08,9.945746421813965
2011-06-09,9.923295021057127
2011-06-10,9.755955696105955
2011-06-13,9.776912689208984
2011-06-14,9.95173454284668
2011-06-15,9.781400680541992
2011-06-16,9.733799934387209
2011-06-17,9.58712100982666
2011-06-20,9.439237594604492
2011-06-21,9.737995147705078
2011-06-22,9.657469749450684
2011-06-23,9.915512084960938
2011-06-24,9.769427299499512
2011-06-27,9.93975830078125
2011-06-28,10.036151885986328
2011-06-29,9.99963092803955
2011-06-30,10.04842472076416
2011-07-01,10.27563762664795
2011-07-05,10.460333824157717
2011-07-06,10.530083656311035
2011-07-07,10.6929349899292
2011-07-08,10.768070220947266
2011-07-11,10.597138404846191
2011-07-12,10.5896577835083
2011-07-13,10.71748161315918
2011-07-14,10.709993362426758
2011-07-15,10.924036026000977
2011-07-18,11.189858436584473
2011-07-19,11.28116226196289
2011-07-20,11.582015991210938
2011-07-21,11.59369659423828
2011-07-22,11.773601531982422
2011-07-25,11.92926788330078
2011-07-26,12.076251983642578
2011-07-27,11.75235080718994
2011-07-28,11.729297637939451
2011-07-29,11.689187049865724
2011-08-01,11.876883506774902
2011-08-02,11.642187118530272
2011-08-03,11.751751899719238
2011-08-04,11.296732902526855
2011-08-05,11.18447208404541
2011-08-08,10.573491096496582
2011-08-09,11.196148872375488
2011-08-10,10.887213706970217
2011-08-11,11.186871528625488
2011-08-12,11.285356521606444
2011-08-15,11.477540016174316
2011-08-16,11.389830589294434
2011-08-17,11.388632774353027
2011-08-18,10.95786476135254
2011-08-19,10.657907485961914
2011-08-22,10.670183181762695
2011-08-23,11.18387222290039
2011-08-24,11.261109352111816
2011-08-25,11.18746852874756
2011-08-26,11.48263168334961
2011-08-29,11.673919677734377
2011-08-30,11.674517631530762
2011-08-31,11.520050048828123
2011-09-01,11.406294822692873
2011-09-02,11.197349548339844
2011-09-06,11.367681503295898
2011-09-07,11.493108749389648
2011-09-08,11.499394416809082
2011-09-09,11.300026893615724
2011-09-12,11.373665809631348
2011-09-13,11.513761520385742
2011-09-14,11.653860092163086
2011-09-15,11.763422012329102
2011-09-16,11.989136695861816
2011-09-19,12.322317123413086
2011-09-20,12.376803398132324
2011-09-21,12.3375883102417
2011-09-22,12.02865505218506
2011-09-23,12.102893829345703
2011-09-26,12.06906795501709
2011-09-27,11.952018737792969
2011-09-28,11.88466453552246
2011-09-29,11.691879272460938
2011-09-30,11.414974212646484
2011-10-03,11.213809967041016
2011-10-04,11.150946617126465
2011-10-05,11.323075294494627
2011-10-06,11.296732902526855
2011-10-07,11.07011890411377
2011-10-10,11.639193534851074
2011-10-11,11.9828519821167
2011-10-12,12.039730072021484
2011-10-13,12.226526260375977
2011-10-14,12.632746696472168
2011-10-17,12.572582244873049
2011-10-18,12.639935493469238
2011-10-19,11.932861328125
2011-10-20,11.833775520324709
2011-10-21,11.760727882385254
2011-10-24,12.14690113067627
2011-10-25,11.907414436340332
2011-10-26,11.992128372192385
2011-10-27,12.114566802978516
2011-10-28,12.122350692749023
2011-10-31,12.11725902557373
2011-11-01,11.869694709777832
2011-11-02,11.896636962890623
2011-11-03,12.06607151031494
2011-11-04,11.98135471343994
2011-11-07,11.966090202331545
2011-11-08,12.160670280456545
2011-11-09,11.83287525177002
2011-11-10,11.531725883483888
2011-11-11,11.513761520385742
2011-11-14,11.353310585021973
2011-11-15,11.639792442321776
2011-11-16,11.518256187438965
2011-11-17,11.297927856445312
2011-11-18,11.223986625671388
2011-11-21,11.046469688415527
2011-11-22,11.270988464355469
2011-11-23,10.986001014709473
2011-11-25,10.883624076843262
2011-11-28,11.25931453704834
2011-11-29,11.17190170288086
2011-11-30,11.441322326660156
2011-12-01,11.6128511428833
2011-12-02,11.665836334228516
2011-12-05,11.764920234680176
2011-12-06,11.703256607055664
2011-12-07,11.647577285766602
2011-12-08,11.694575309753418
2011-12-09,11.783183097839355
2011-12-12,11.729901313781738
2011-12-13,11.639193534851074
2011-12-14,11.38115119934082
2011-12-15,11.343729972839355
2011-12-16,11.405993461608888
2011-12-19,11.44161891937256
2011-12-20,11.85293197631836
2011-12-21,11.86790370941162
2011-12-22,11.93076229095459
2011-12-23,12.073858261108398
2011-12-27,12.169648170471191
2011-12-28,12.05320167541504
2011-12-29,12.127440452575684
2011-12-30,12.123848915100098
2012-01-03,12.310347557067873
2012-01-04,12.376502990722656
2012-01-05,12.513904571533203
2012-01-06,12.64472770690918
2012-01-09,12.624667167663574
2012-01-10,12.66987133026123
2012-01-11,12.649214744567873
2012-01-12,12.614489555358888
2012-01-13,12.567193031311035
2012-01-17,12.713576316833496
2012-01-18,12.84559154510498
2012-01-19,12.804880142211914
2012-01-20,12.58186149597168
2012-01-23,12.794702529907228
2012-01-24,12.585150718688965
2012-01-25,13.37095546722412
2012-01-26,13.310188293457031
2012-01-27,13.389517784118652
2012-01-30,13.561044692993164
2012-01-31,13.664925575256348
2012-02-01,13.656242370605469
2012-02-02,13.624208450317385
2012-02-03,13.760716438293455
2012-02-06,13.889138221740724
2012-02-07,14.034625053405762
2012-02-08,14.269617080688477
2012-02-09,14.763254165649414
2012-02-10,14.77073574066162
2012-02-13,15.045544624328612
2012-02-14,15.25090217590332
2012-02-15,14.897964477539062
2012-02-16,15.033873558044434
2012-02-17,15.031176567077637
2012-02-21,15.412256240844728
2012-02-22,15.358068466186523
2012-02-23,15.45835018157959
2012-02-24,15.638568878173828
2012-02-27,15.738849639892578
2012-02-28,16.02773666381836
2012-02-29,16.23817253112793
2012-03-01,16.298938751220703
2012-03-02,16.3201961517334
2012-03-05,15.96038055419922
2012-03-06,15.873554229736328
2012-03-07,15.886427879333496
2012-03-08,16.22470474243164
2012-03-09,16.31989288330078
2012-03-12,16.524351119995117
2012-03-13,17.006311416625977
2012-03-14,17.649322509765625
2012-03-15,17.52898597717285
2012-03-16,17.529287338256836
2012-03-19,17.99419403076172
2012-03-20,18.139667510986328
2012-03-21,18.036094665527344
2012-03-22,17.94150161743164
2012-03-23,17.843015670776367
2012-03-26,18.170202255249023
2012-03-27,18.39472389221191
2012-03-28,18.488723754882812
2012-03-29,18.256420135498047
2012-03-30,17.94778060913086
2012-04-02,18.51894760131836
2012-04-03,18.838964462280273
2012-04-04,18.68898582458496
2012-04-05,18.969486236572266
2012-04-09,19.04581069946289
2012-04-10,18.81261825561523
2012-04-11,18.745569229125977
2012-04-12,18.64288330078125
2012-04-13,18.117815017700195
2012-04-16,17.366436004638672
2012-04-17,18.251625061035156
2012-04-18,18.210918426513672
2012-04-19,17.585269927978516
2012-04-20,17.152400970458984
2012-04-23,17.114084243774414
2012-04-24,16.772228240966797
2012-04-25,18.260601043701172
2012-04-26,18.19175910949707
2012-04-27,18.051061630249023
2012-04-30,17.481689453125
2012-05-01,17.426305770874023
2012-05-02,17.541561126708984
2012-05-03,17.417024612426758
2012-05-04,16.92099952697754
2012-05-07,17.04762840270996
2012-05-08,17.008708953857422
2012-05-09,17.03864288330078
2012-05-10,17.078760147094727
2012-05-11,16.964706420898438
2012-05-14,16.71055030822754
2012-05-15,16.559385299682617
2012-05-16,16.34714126586914
2012-05-17,15.869372367858888
2012-05-18,15.877157211303713
2012-05-21,16.802162170410156
2012-05-22,16.673147201538086
2012-05-23,17.079952239990234
2012-05-24,16.9231014251709
2012-05-25,16.83238983154297
2012-05-29,17.13113784790039
2012-05-30,17.33770179748535
2012-05-31,17.294586181640625
2012-06-01,16.793474197387695
2012-06-04,16.89225959777832
2012-06-05,16.848546981811523
2012-06-06,17.106895446777344
2012-06-07,17.11468505859375
2012-06-08,17.372135162353516
2012-06-11,17.098224639892578
2012-06-12,17.247596740722656
2012-06-13,17.127853393554688
2012-06-14,17.108991622924805
2012-06-15,17.18682861328125
2012-06-18,17.535579681396484
2012-06-19,17.584369659423828
2012-06-20,17.53437614440918
2012-06-21,17.29279899597168
2012-06-22,17.425413131713867
2012-06-25,17.08623695373535
2012-06-26,17.123964309692383
2012-06-27,17.197898864746094
2012-06-28,17.034751892089844
2012-06-29,17.482288360595703
2012-07-02,17.73733901977539
2012-07-03,17.9435977935791
2012-07-05,18.258813858032227
2012-07-06,18.137271881103516
2012-07-09,18.377058029174805
2012-07-10,18.207027435302734
2012-07-11,18.093873977661133
2012-07-12,17.92832374572754
2012-07-13,18.110034942626953
2012-07-16,18.16810417175293
2012-07-17,18.169002532958984
2012-07-18,18.14864921569824
2012-07-19,18.38993263244629
2012-07-20,18.089984893798828
2012-07-23,18.075908660888672
2012-07-24,17.988805770874023
2012-07-25,17.21196937561035
2012-07-26,17.209274291992188
2012-07-27,17.517017364501953
2012-07-30,17.812475204467773
2012-07-31,18.28335952758789
2012-08-01,18.165111541748047
2012-08-02,18.194446563720703
2012-08-03,18.43124008178711
2012-08-06,18.636301040649418
2012-08-07,18.587203979492188
2012-08-08,18.555776596069336
2012-08-09,18.661602020263672
2012-08-10,18.690763473510746
2012-08-13,18.940290451049805
2012-08-14,18.99109268188477
2012-08-15,18.965242385864254
2012-08-16,19.13089942932129
2012-08-17,19.48474884033203
2012-08-20,19.99704360961914
2012-08-21,19.7237606048584
2012-08-22,20.108884811401367
2012-08-23,19.921281814575195
2012-08-24,19.939014434814453
2012-08-27,20.31361198425293
2012-08-28,20.287158966064453
2012-08-29,20.247169494628903
2012-08-30,19.95855712890625
2012-08-31,19.999740600585938
2012-09-04,20.29227066040039
2012-09-05,20.14975929260254
2012-09-06,20.33135032653809
2012-09-07,20.45671844482422
2012-09-10,19.924583435058594
2012-09-11,19.859949111938477
2012-09-12,20.136539459228516
2012-09-13,20.5330753326416
2012-09-14,20.78261375427246
2012-09-17,21.03815460205078
2012-09-18,21.10219383239746
2012-09-19,21.10790252685547
2012-09-20,21.00568199157715
2012-09-21,21.047473907470703
2012-09-24,20.767879486083984
2012-09-25,20.249282836914062
2012-09-26,19.99794006347656
2012-09-27,20.48317527770996
2012-09-28,20.055662155151367
2012-10-01,19.823869705200195
2012-10-02,19.8815860748291
2012-10-03,20.186443328857425
2012-10-04,20.046648025512695
2012-10-05,19.619434356689453
2012-10-08,19.1859130859375
2012-10-09,19.11617088317871
2012-10-10,19.268285751342773
2012-10-11,18.88316535949707
2012-10-12,18.93157386779785
2012-10-15,19.083398818969727
2012-10-16,19.535249710083008
2012-10-17,19.379535675048828
2012-10-18,19.0196590423584
2012-10-19,18.334197998046875
2012-10-22,19.06144905090332
2012-10-23,18.44002342224121
2012-10-24,18.54435157775879
2012-10-25,18.325180053710938
2012-10-26,18.158626556396484
2012-10-31,17.897676467895508
2012-11-01,17.934356689453125
2012-11-02,17.340885162353516
2012-11-05,17.575984954833984
2012-11-06,17.522781372070312
2012-11-07,16.852310180664062
2012-11-08,16.240732192993164
2012-11-09,16.521907806396484
2012-11-12,16.394155502319336
2012-11-13,16.396270751953125
2012-11-14,16.214460372924805
2012-11-15,15.874393463134766
2012-11-16,15.936606407165527
2012-11-19,17.085756301879883
2012-11-20,16.940187454223633
2012-11-21,16.964052200317383
2012-11-23,17.260026931762695
2012-11-26,17.804553985595703
2012-11-27,17.661096572875977
2012-11-28,17.60552215576172
2012-11-29,17.799415588378906
2012-11-30,17.67619514465332
2012-12-03,17.703676223754883
2012-12-04,17.391403198242188
2012-12-05,16.27213478088379
2012-12-06,16.527347564697266
2012-12-07,16.104835510253906
2012-12-10,16.001235961914062
2012-12-11,16.350671768188477
2012-12-12,16.278484344482422
2012-12-13,15.997307777404783
2012-12-14,15.396303176879885
2012-12-17,15.669322967529297
2012-12-18,16.12445068359375
2012-12-19,15.895235061645508
2012-12-20,15.756911277770996
2012-12-21,15.684426307678224
2012-12-24,15.709793090820312
2012-12-26,15.493247032165527
2012-12-27,15.555466651916504
2012-12-28,15.390263557434082
2012-12-31,16.072206497192383
2013-01-02,16.58139991760254
2013-01-03,16.372100830078125
2013-01-04,15.916071891784668
2013-01-07,15.822443962097168
2013-01-08,15.865033149719238
2013-01-09,15.617079734802246
2013-01-10,15.810662269592283
2013-01-11,15.713723182678224
2013-01-14,15.153486251831056
2013-01-15,14.67540168762207
2013-01-16,15.284563064575195
2013-01-17,15.1815767288208
2013-01-18,15.10063362121582
2013-01-22,15.2446928024292
2013-01-23,15.52375030517578
2013-01-24,13.605669021606444
2013-01-25,13.28493309020996
2013-01-28,13.585436820983888
2013-01-29,13.840332984924316
2013-01-30,13.796844482421877
2013-01-31,13.756376266479492
2013-02-01,13.69990062713623
2013-02-04,13.358623504638672
2013-02-05,13.827347755432127
2013-02-06,13.812552452087402
2013-02-07,14.223249435424805
2013-02-08,14.42860984802246
2013-02-11,14.578970909118652
2013-02-12,14.21353244781494
2013-02-13,14.186495780944824
2013-02-14,14.173734664916992
2013-02-15,13.978416442871094
2013-02-19,13.973246574401855
2013-02-20,13.634843826293944
2013-02-21,13.550089836120604
2013-02-22,13.69438648223877
2013-02-25,13.451062202453612
2013-02-26,13.638492584228516
2013-02-27,13.504828453063965
2013-02-28,13.40853214263916
2013-03-01,13.076512336730955
2013-03-04,12.759976387023926
2013-03-05,13.096858978271484
2013-03-06,12.930395126342772
2013-03-07,13.079851150512695
2013-03-08,13.114481925964355
2013-03-11,13.301298141479492
2013-03-12,13.014540672302246
2013-03-13,13.01210880279541
2013-03-14,13.138175010681152
2013-03-15,13.477185249328612
2013-03-18,13.843536376953123
2013-03-19,13.806172370910645
2013-03-20,13.732964515686035
2013-03-21,13.752708435058594
2013-03-22,14.031570434570312
2013-03-25,14.082301139831545
2013-03-26,14.008184432983398
2013-03-27,13.732964515686035
2013-03-28,13.446807861328123
2013-04-01,13.0291166305542
2013-04-02,13.055851936340332
2013-04-03,13.122684478759766
2013-04-04,12.992971420288086
2013-04-05,12.855667114257812
2013-04-08,12.947100639343262
2013-04-09,12.97049331665039
2013-04-10,13.23507595062256
2013-04-11,13.193767547607422
2013-04-12,13.05615520477295
2013-04-15,12.753900527954102
2013-04-16,12.948016166687012
2013-04-17,12.235967636108398
2013-04-18,11.909415245056152
2013-04-19,11.863242149353027
2013-04-22,12.11051082611084
2013-04-23,12.337125778198242
2013-04-24,12.31677532196045
2013-04-25,12.405472755432127
2013-04-26,12.673402786254885
2013-04-29,13.065878868103027
2013-04-30,13.450453758239746
2013-05-01,13.344436645507812
2013-05-02,13.533693313598633
2013-05-03,13.669163703918455
2013-05-06,13.995121955871582
2013-05-07,13.932846069335938
2013-05-08,14.09019947052002
2013-05-09,13.967273712158203
2013-05-10,13.85107421875
2013-05-13,13.90519905090332
2013-05-14,13.572508811950684
2013-05-15,13.113524436950684
2013-05-16,13.288741111755373
2013-05-17,13.24837589263916
2013-05-20,13.544071197509766
2013-05-21,13.444076538085938
2013-05-22,13.49575424194336
2013-05-23,13.519914627075195
2013-05-24,13.611956596374512
2013-05-28,13.498506546020508
2013-05-29,13.605835914611816
2013-05-30,13.808574676513672
2013-05-31,13.75200080871582
2013-06-03,13.782278060913086
2013-06-04,13.739160537719728
2013-06-05,13.610735893249512
2013-06-06,13.40738296508789
2013-06-07,13.509822845458984
2013-06-10,13.420534133911133
2013-06-11,13.381086349487305
2013-06-12,13.215659141540527
2013-06-13,13.330937385559082
2013-06-14,13.150218963623049
2013-06-17,13.209847450256348
2013-06-18,13.202814102172852
2013-06-19,12.934648513793944
2013-06-20,12.746277809143066
2013-06-21,12.644145965576172
2013-06-24,12.309009552001951
2013-06-25,12.311761856079102
2013-06-26,12.172324180603027
2013-06-27,12.041143417358398
2013-06-28,12.125234603881836
2013-07-01,12.513272285461426
2013-07-02,12.796734809875488
2013-07-03,12.8673734664917
2013-07-05,12.764016151428224
2013-07-08,12.691543579101562
2013-07-09,12.914769172668455
2013-07-10,12.865233421325684
2013-07-11,13.065823554992676
2013-07-12,13.041975021362305
2013-07-15,13.070414543151855
2013-07-16,13.154810905456545
2013-07-17,13.15817165374756
2013-07-18,13.20251178741455
2013-07-19,12.994274139404297
2013-07-22,13.035859107971191
2013-07-23,12.812024116516112
2013-07-24,13.470069885253906
2013-07-25,13.408610343933104
2013-07-26,13.48475170135498
2013-07-29,13.692683219909668
2013-07-30,13.861780166625977
2013-07-31,13.837623596191406
2013-08-01,13.964523315429688
2013-08-02,14.143710136413574
2013-08-05,14.355008125305176
2013-08-06,14.226576805114746
2013-08-07,14.2183198928833
2013-08-08,14.1900053024292
2013-08-09,13.988083839416504
2013-08-12,14.385461807250977
2013-08-13,15.06909465789795
2013-08-14,15.34396743774414
2013-08-15,15.325799942016602
2013-08-16,15.46184539794922
2013-08-19,15.628365516662598
2013-08-20,15.423062324523926
2013-08-21,15.462767601013184
2013-08-22,15.481237411499023
2013-08-23,15.421523094177246
2013-08-26,15.481542587280272
2013-08-27,15.03892707824707
2013-08-28,15.110025405883787
2013-08-29,15.134651184082031
2013-08-30,14.996747970581056
2013-09-03,15.038614273071287
2013-09-04,15.349803924560549
2013-09-05,15.244540214538574
2013-09-06,15.335336685180664
2013-09-09,15.580038070678713
2013-09-10,15.225143432617188
2013-09-11,14.396231651306152
2013-09-12,14.549517631530762
2013-09-13,14.309736251831056
2013-09-16,13.854806900024414
2013-09-17,14.014869689941406
2013-09-18,14.302969932556152
2013-09-19,14.537514686584473
2013-09-20,14.386993408203123
2013-09-23,15.10202693939209
2013-09-24,15.054619789123535
2013-09-25,14.821616172790527
2013-09-26,14.965977668762209
2013-09-27,14.859172821044922
2013-09-30,14.67448616027832
2013-10-01,15.019537925720217
2013-10-02,15.068780899047852
2013-10-03,14.87948513031006
2013-10-04,14.86778736114502
2013-10-07,15.013069152832031
2013-10-08,14.803459167480469
2013-10-09,14.97736930847168
2013-10-10,15.071249008178713
2013-10-11,15.168821334838867
2013-10-14,15.268237113952637
2013-10-15,15.349502563476562
2013-10-16,15.424296379089355
2013-10-17,15.528637886047363
2013-10-18,15.663759231567385
2013-10-21,16.04759407043457
2013-10-22,16.001733779907227
2013-10-23,16.158405303955078
2013-10-24,16.37232780456543
2013-10-25,16.189189910888672
2013-10-28,16.309844970703125
2013-10-29,15.903544425964355
2013-10-30,16.156557083129883
2013-10-31,16.08883285522461
2013-11-01,16.00665855407715
2013-11-04,16.2135009765625
2013-11-05,16.173480987548828
2013-11-06,16.127666473388672
2013-11-07,15.866674423217772
2013-11-08,16.116512298583984
2013-11-11,16.069766998291016
2013-11-12,16.09949493408203
2013-11-13,16.118688583374023
2013-11-14,16.351816177368164
2013-11-15,16.253671646118164
2013-11-18,16.056764602661133
2013-11-19,16.085247039794922
2013-11-20,15.944378852844238
2013-11-21,16.134479522705078
2013-11-22,16.092987060546875
2013-11-25,16.2149715423584
2013-11-26,16.514047622680664
2013-11-27,16.90290069580078
2013-11-29,17.215906143188477
2013-12-02,17.06606101989746
2013-12-03,17.533245086669922
2013-12-04,17.492380142211914
2013-12-05,17.582164764404297
2013-12-06,17.338197708129883
2013-12-09,17.536651611328125
2013-12-10,17.509408950805664
2013-12-11,17.379684448242188
2013-12-12,17.354297637939453
2013-12-13,17.165130615234375
2013-12-16,17.26017951965332
2013-12-17,17.18247413635254
2013-12-18,17.051815032958984
2013-12-19,16.856464385986328
2013-12-20,16.99763298034668
2013-12-23,17.649961471557617
2013-12-24,17.575040817260742
2013-12-26,17.45832633972168
2013-12-27,17.340370178222656
2013-12-30,17.167917251586914
2013-12-31,17.369157791137695
2014-01-02,17.124887466430664
2014-01-03,16.74872589111328
2014-01-06,16.840055465698242
2014-01-07,16.719615936279297
2014-01-08,16.825498580932617
2014-01-09,16.610637664794922
2014-01-10,16.49980354309082
2014-01-13,16.586183547973633
2014-01-14,16.91621971130371
2014-01-15,17.255842208862305
2014-01-16,17.159555435180664
2014-01-17,16.73912239074707
2014-01-21,16.999187469482422
2014-01-22,17.07473373413086
2014-01-23,17.219308853149414
2014-01-24,16.906309127807617
2014-01-27,17.04345703125
2014-01-28,15.681222915649414
2014-01-29,15.50320053100586
2014-01-30,15.473170280456545
2014-01-31,15.498555183410645
2014-02-03,15.527350425720217
2014-02-04,15.752120018005373
2014-02-05,15.86976432800293
2014-02-06,15.96226406097412
2014-02-07,16.18558120727539
2014-02-10,16.475543975830078
2014-02-11,16.6926326751709
2014-02-12,16.691381454467773
2014-02-13,16.95642852783203
2014-02-14,16.942726135253906
2014-02-18,17.00501251220703
2014-02-19,16.736543655395508
2014-02-20,16.542818069458008
2014-02-21,16.359052658081055
2014-02-24,16.430688858032227
2014-02-25,16.259702682495117
2014-02-26,16.113012313842773
2014-02-27,16.43443489074707
2014-02-28,16.389890670776367
2014-03-03,16.437232971191406
2014-03-04,16.54561996459961
2014-03-05,16.580507278442383
2014-03-06,16.530366897583008
2014-03-07,16.52070426940918
2014-03-10,16.535654067993164
2014-03-11,16.69667625427246
2014-03-12,16.712867736816406
2014-03-13,16.527244567871094
2014-03-14,16.341617584228516
2014-03-17,16.405475616455078
2014-03-18,16.55060577392578
2014-03-19,16.54624366760254
2014-03-20,16.466506958007812
2014-03-21,16.596391677856445
2014-03-24,16.79322052001953
2014-03-25,16.9738712310791
2014-03-26,16.81160545349121
2014-03-27,16.739343643188477
2014-03-28,16.720653533935547
2014-03-31,16.716920852661133
2014-04-01,16.869848251342773
2014-04-02,16.897871017456055
2014-04-03,16.7807674407959
2014-04-04,16.56368637084961
2014-04-07,16.30361557006836
2014-04-08,16.30268669128418
2014-04-09,16.516971588134766
2014-04-10,16.303936004638672
2014-04-11,16.18340301513672
2014-04-14,16.247882843017578
2014-04-15,16.13201141357422
2014-04-16,16.16471290588379
2014-04-17,16.349409103393555
2014-04-21,16.543441772460938
2014-04-22,16.559947967529297
2014-04-23,16.34348487854004
2014-04-24,17.6833553314209
2014-04-25,17.813230514526367
2014-04-28,18.503101348876953
2014-04-29,18.448286056518555
2014-04-30,18.37852478027344
2014-05-01,18.421815872192383
2014-05-02,18.456069946289062
2014-05-05,18.717069625854492
2014-05-06,18.513072967529297
2014-05-07,18.448286056518555
2014-05-08,18.4153995513916
2014-05-09,18.33867645263672
2014-05-12,18.566991806030273
2014-05-13,18.596115112304688
2014-05-14,18.59956169128418
2014-05-15,18.441396713256836
2014-05-16,18.71356773376465
2014-05-19,18.935298919677734
2014-05-20,18.939058303833008
2014-05-21,18.98917007446289
2014-05-22,19.01923561096191
2014-05-23,19.23408317565918
2014-05-27,19.594249725341797
2014-05-28,19.543516159057617
2014-05-29,19.899620056152344
2014-05-30,19.825082778930664
2014-06-02,19.68883895874023
2014-06-03,19.967267990112305
2014-06-04,20.195274353027344
2014-06-05,20.274518966674805
2014-06-06,20.218765258789062
2014-06-09,20.54229736328125
2014-06-10,20.66287422180176
2014-06-11,20.577367782592773
2014-06-12,20.233169555664062
2014-06-13,20.011737823486328
2014-06-16,20.21343994140625
2014-06-17,20.18712997436523
2014-06-18,20.209056854248047
2014-06-19,20.13890266418457
2014-06-20,19.93062973022461
2014-06-23,19.91309356689453
2014-06-24,19.79250144958496
2014-06-25,19.81005096435547
2014-06-26,19.92843246459961
2014-06-27,20.165212631225582
2014-06-30,20.37347984313965
2014-07-01,20.50282287597656
2014-07-02,20.494064331054688
2014-07-03,20.61463928222656
2014-07-07,21.039953231811523
2014-07-08,20.904022216796875
2014-07-09,20.912797927856445
2014-07-10,20.836069107055664
2014-07-11,20.875526428222656
2014-07-14,21.14519500732422
2014-07-15,20.89745330810547
2014-07-16,20.77907371520996
2014-07-17,20.40856170654297
2014-07-18,20.70233726501465
2014-07-21,20.59490394592285
2014-07-22,20.76590919494629
2014-07-23,21.307416915893555
2014-07-24,21.272340774536133
2014-07-25,21.412656784057617
2014-07-28,21.70862197875977
2014-07-29,21.568302154541016
2014-07-30,21.51788330078125
2014-07-31,20.958837509155273
2014-08-01,21.075029373168945
2014-08-04,20.95663833618164
2014-08-05,20.853599548339844
2014-08-06,20.81852149963379
2014-08-07,20.816329956054688
2014-08-08,20.873615264892575
2014-08-11,21.149009704589844
2014-08-12,21.144607543945312
2014-08-13,21.424421310424805
2014-08-14,21.481704711914062
2014-08-15,21.587465286254883
2014-08-18,21.84745216369629
2014-08-19,22.14928817749023
2014-08-20,22.15810775756836
2014-08-21,22.16031265258789
2014-08-22,22.32335090637207
2014-08-25,22.37181854248047
2014-08-26,22.228605270385746
2014-08-27,22.501808166503903
2014-08-28,22.52825164794922
2014-08-29,22.583328247070312
2014-09-02,22.75959014892578
2014-09-03,21.798980712890625
2014-09-04,21.618303298950195
2014-09-05,21.80558967590332
2014-09-08,21.67118263244629
2014-09-09,21.58966064453125
2014-09-10,22.25284767150879
2014-09-11,22.34758186340332
2014-09-12,22.398256301879883
2014-09-15,22.39165306091309
2014-09-16,22.221994400024418
2014-09-17,22.38062858581543
2014-09-18,22.426904678344727
2014-09-19,22.244028091430664
2014-09-22,22.26606559753418
2014-09-23,22.614177703857425
2014-09-24,22.4180850982666
2014-09-25,21.563230514526367
2014-09-26,22.197765350341797
2014-09-29,22.056753158569336
2014-09-30,22.197765350341797
2014-10-01,21.851850509643555
2014-10-02,22.010486602783203
2014-10-03,21.94879722595215
2014-10-06,21.94879722595215
2014-10-07,21.75711441040039
2014-10-08,22.208789825439453
2014-10-09,22.25725555419922
2014-10-10,22.193359375
2014-10-13,21.99066162109375
2014-10-14,21.75711441040039
2014-10-15,21.490522384643555
2014-10-16,21.2085018157959
2014-10-17,21.5191593170166
2014-10-20,21.97964096069336
2014-10-21,22.576725006103516
2014-10-22,22.69128799438477
2014-10-23,23.096689224243164
2014-10-24,23.182619094848633
2014-10-27,23.158376693725582
2014-10-28,23.517507553100582
2014-10-29,23.649707794189453
2014-10-30,23.57038688659668
2014-10-31,23.79511833190918
2014-11-03,24.10357093811035
2014-11-04,23.927322387695312
2014-11-05,23.98459815979004
2014-11-06,24.053194046020508
2014-11-07,24.12179946899414
2014-11-10,24.081960678100582
2014-11-11,24.27446937561035
2014-11-12,24.61746406555176
2014-11-13,24.96487045288086
2014-11-14,25.26581382751465
2014-11-17,25.223764419555664
2014-11-18,25.551267623901367
2014-11-19,25.374238967895508
2014-11-20,25.737138748168945
2014-11-21,25.772552490234375
2014-11-24,26.250516891479492
2014-11-25,26.022594451904297
2014-11-26,26.332380294799805
2014-11-28,26.316898345947266
2014-12-01,25.46275329589844
2014-12-02,25.365388870239254
2014-12-03,25.653053283691406
2014-12-04,25.555686950683594
2014-12-05,25.447263717651367
2014-12-08,24.871938705444336
2014-12-09,25.25254249572754
2014-12-10,24.77235221862793
2014-12-11,24.699338912963867
2014-12-12,24.281118392944336
2014-12-15,23.949199676513672
2014-12-16,23.621702194213867
2014-12-17,24.210308074951172
2014-12-18,24.92725944519043
2014-12-19,24.7347354888916
2014-12-22,24.991424560546875
2014-12-23,24.902917861938477
2014-12-24,24.785633087158203
2014-12-26,25.223764419555664
2014-12-29,25.20606803894043
2014-12-30,24.89848899841309
2014-12-31,24.424945831298828
2015-01-02,24.192607879638672
2015-01-05,23.51106071472168
2015-01-06,23.513273239135746
2015-01-07,23.84298324584961
2015-01-08,24.759078979492188
2015-01-09,24.785633087158203
2015-01-12,24.17490005493164
2015-01-13,24.389543533325195
2015-01-14,24.29660987854004
2015-01-15,23.637182235717773
2015-01-16,23.453523635864254
2015-01-20,24.0576229095459
2015-01-21,24.24128532409668
2015-01-22,24.871938705444336
2015-01-23,25.000280380249023
2015-01-26,25.026824951171875
2015-01-27,24.15056037902832
2015-01-28,25.51586151123047
2015-01-29,26.31026840209961
2015-01-30,25.925228118896484
2015-02-02,26.250516891479492
2015-02-03,26.254932403564453
2015-02-04,26.456308364868164
2015-02-05,26.6451358795166
2015-02-06,26.420759201049805
2015-02-09,26.596261978149418
2015-02-10,27.107213973999023
2015-02-11,27.742570877075195
2015-02-12,28.09358024597168
2015-02-13,28.231313705444336
2015-02-17,28.39793586730957
2015-02-18,28.595643997192383
2015-02-19,28.535661697387695
2015-02-20,28.768922805786133
2015-02-23,29.54646873474121
2015-02-24,29.362079620361328
2015-02-25,28.611196517944336
2015-02-26,28.97330093383789
2015-02-27,28.537887573242188
2015-03-02,28.67783546447754
2015-03-03,28.73781967163086
2015-03-04,28.555662155151367
2015-03-05,28.08246612548828
2015-03-06,28.12468147277832
2015-03-09,28.244646072387695
2015-03-10,27.660381317138672
2015-03-11,27.156082153320312
2015-03-12,27.64704132080078
2015-03-13,27.455991744995117
2015-03-16,27.75812530517578
2015-03-17,28.22243881225586
2015-03-18,28.54010581970215
2015-03-19,28.324615478515625
2015-03-20,27.969173431396484
2015-03-23,28.260196685791016
2015-03-24,28.14468002319336
2015-03-25,27.409343719482425
2015-03-26,27.60038948059082
2015-03-27,27.380464553833008
2015-03-30,28.073583602905273
2015-03-31,27.642606735229492
2015-04-01,27.602619171142575
2015-04-02,27.840322494506836
2015-04-06,28.29129981994629
2015-04-07,27.993608474731445
2015-04-08,27.90252685546875
2015-04-09,28.115795135498047
2015-04-10,28.235755920410156
2015-04-13,28.18021774291992
2015-04-14,28.058034896850582
2015-04-15,28.16466522216797
2015-04-16,28.029155731201172
2015-04-17,27.71368980407715
2015-04-20,28.346832275390625
2015-04-21,28.193546295166016
2015-04-22,28.573429107666016
2015-04-23,28.80669593811035
2015-04-24,28.942203521728516
2015-04-27,29.46870994567871
2015-04-28,29.004404067993164
2015-04-29,28.57787322998047
2015-04-30,27.80255699157715
2015-05-01,28.646745681762695
2015-05-04,28.59120178222656
2015-05-05,27.94695281982422
2015-05-06,27.771453857421875
2015-05-07,27.94322967529297
2015-05-08,28.469707489013672
2015-05-11,28.179697036743164
2015-05-12,28.07931137084961
2015-05-13,28.11054420471191
2015-05-14,28.76639938354492
2015-05-15,28.726245880126953
2015-05-18,29.043018341064453
2015-05-19,29.016252517700195
2015-05-20,29.01401710510254
2015-05-21,29.31071662902832
2015-05-22,29.567270278930664
2015-05-26,28.915863037109375
2015-05-27,29.455724716186523
2015-05-28,29.39771842956543
2015-05-29,29.063091278076172
2015-06-01,29.121103286743164
2015-06-02,28.991708755493164
2015-06-03,29.027414321899418
2015-06-04,28.85786819458008
2015-06-05,28.699474334716797
2015-06-08,28.50986099243164
2015-06-09,28.42508125305176
2015-06-10,28.75078773498535
2015-06-11,28.68609619140625
2015-06-12,28.36931610107422
2015-06-15,28.31354522705078
2015-06-16,28.465242385864254
2015-06-17,28.398313522338867
2015-06-18,28.52770233154297
2015-06-19,28.24215316772461
2015-06-22,28.46747398376465
2015-06-23,28.338085174560547
2015-06-24,28.579010009765625
2015-06-25,28.442930221557617
2015-06-26,28.275615692138672
2015-06-29,27.780370712280273
2015-06-30,27.98114967346191
2015-07-01,28.24215316772461
2015-07-02,28.206462860107425
2015-07-06,28.108312606811523
2015-07-07,28.039154052734375
2015-07-08,27.343137741088867
2015-07-09,26.78543472290039
2015-07-10,27.501523971557617
2015-07-13,28.032459259033203
2015-07-14,28.02130699157715
2015-07-15,28.291236877441406
2015-07-16,28.66823959350586
2015-07-17,28.915863037109375
2015-07-20,29.462417602539062
2015-07-21,29.16794776916504
2015-07-22,27.934307098388672
2015-07-23,27.920927047729492
2015-07-24,27.773685455322266
2015-07-27,27.38775634765625
2015-07-28,27.523832321166992
2015-07-29,27.436832427978516
2015-07-30,27.298526763916016
2015-07-31,27.059823989868164
2015-08-03,26.421810150146484
2015-08-04,25.5741024017334
2015-08-05,25.74364471435547
2015-08-06,25.79966735839844
2015-08-07,25.887062072753903
2015-08-10,26.828245162963867
2015-08-11,25.432159423828125
2015-08-12,25.824316024780273
2015-08-13,25.804149627685547
2015-08-14,25.985666275024418
2015-08-17,26.254573822021484
2015-08-18,26.10666847229004
2015-08-19,25.772775650024418
2015-08-20,25.243915557861328
2015-08-21,23.69993019104004
2015-08-24,23.108325958251953
2015-08-25,23.24726104736328
2015-08-26,24.58060073852539
2015-08-27,25.30442237854004
2015-08-28,25.38733673095703
2015-08-31,25.26857566833496
2015-09-01,24.139142990112305
2015-09-02,25.17445182800293
2015-09-03,24.732982635498047
2015-09-04,24.48648452758789
2015-09-08,25.167726516723633
2015-09-09,24.683685302734375
2015-09-10,25.225994110107425
2015-09-11,25.593496322631836
2015-09-14,25.84000015258789
2015-09-15,26.057371139526367
2015-09-16,26.086505889892575
2015-09-17,25.52851104736328
2015-09-18,25.423192977905273
2015-09-21,25.81759262084961
2015-09-22,25.4119815826416
2015-09-23,25.61815071105957
2015-09-24,25.77052879333496
2015-09-25,25.705549240112305
2015-09-28,25.19685935974121
2015-09-29,24.439428329467773
2015-09-30,24.717304229736328
2015-10-01,24.55596160888672
2015-10-02,24.735231399536133
2015-10-05,24.82486343383789
2015-10-06,24.943632125854492
2015-10-07,24.82486343383789
2015-10-08,24.53803253173828
2015-10-09,25.125154495239254
2015-10-12,25.008617401123047
2015-10-13,25.05120086669922
2015-10-14,24.6971378326416
2015-10-15,25.066883087158203
2015-10-16,24.883129119873047
2015-10-19,25.037748336791992
2015-10-20,25.49489974975586
2015-10-21,25.492660522460938
2015-10-22,25.882577896118164
2015-10-23,26.68482780456543
2015-10-26,25.83327865600586
2015-10-27,25.669692993164062
2015-10-28,26.72740364074707
2015-10-29,27.009765625
2015-10-30,26.778949737548828
2015-11-02,27.155420303344727
2015-11-03,27.46690368652344
2015-11-04,27.339183807373047
2015-11-05,27.213146209716797
2015-11-06,27.24464988708496
2015-11-09,27.134374618530273
2015-11-10,26.279184341430664
2015-11-11,26.13064956665039
2015-11-12,26.042875289916992
2015-11-13,25.282209396362305
2015-11-16,25.69630241394043
2015-11-17,25.586027145385746
2015-11-18,26.39620590209961
2015-11-19,26.731538772583008
2015-11-20,26.848567962646484
2015-11-23,26.499725341796875
2015-11-24,26.754037857055664
2015-11-25,26.562742233276367
2015-11-27,26.51323890686035
2015-11-30,26.623516082763672
2015-12-01,26.40746307373047
2015-12-02,26.16891098022461
2015-12-03,25.925857543945312
2015-12-04,26.787813186645508
2015-12-07,26.619016647338867
2015-12-08,26.60775375366211
2015-12-09,26.02037811279297
2015-12-10,26.14415168762207
2015-12-11,25.471254348754883
2015-12-14,25.313716888427734
2015-12-15,24.865863800048828
2015-12-16,25.057159423828125
2015-12-17,24.526039123535156
2015-12-18,23.862138748168945
2015-12-21,24.154705047607425
2015-12-22,24.1322021484375
2015-12-23,24.44277000427246
2015-12-24,24.312238693237305
2015-12-28,24.039928436279297
2015-12-29,24.472026824951172
2015-12-30,24.1524600982666
2015-12-31,23.6888484954834
2016-01-04,23.709104537963867
2016-01-05,23.114974975585938
2016-01-06,22.662616729736328
2016-01-07,21.706148147583008
2016-01-08,21.8209228515625
2016-01-11,22.174259185791016
2016-01-12,22.496076583862305
2016-01-13,21.917694091796875
2016-01-14,22.39705467224121
2016-01-15,21.85919189453125
2016-01-19,21.753408432006836
2016-01-20,21.78266334533691
2016-01-21,21.672393798828125
2016-01-22,22.82465553283691
2016-01-25,22.379051208496097
2016-01-26,22.50282859802246
2016-01-27,21.024246215820312
2016-01-28,21.175033569335938
2016-01-29,21.90643882751465
2016-02-01,21.70165252685547
2016-02-02,21.262805938720703
2016-02-03,21.68364524841309
2016-02-04,21.85787582397461
2016-02-05,21.274093627929688
2016-02-08,21.49810791015625
2016-02-09,21.493574142456055
2016-02-10,21.33066177368164
2016-02-11,21.201684951782227
2016-02-12,21.26729965209961
2016-02-16,21.866918563842773
2016-02-17,22.20180892944336
2016-02-18,21.78094482421875
2016-02-19,21.73115921020508
2016-02-22,21.92123031616211
2016-02-23,21.42569351196289
2016-02-24,21.744739532470703
2016-02-25,21.894073486328125
2016-02-26,21.92802047729492
2016-02-29,21.87824249267578
2016-03-01,22.74712371826172
2016-03-02,22.79690170288086
2016-03-03,22.96661376953125
2016-03-04,23.30828285217285
2016-03-07,23.05033302307129
2016-03-08,22.860258102416992
2016-03-09,22.880624771118164
2016-03-10,22.891939163208008
2016-03-11,23.138572692871097
2016-03-14,23.19740295410156
2016-03-15,23.66352653503418
2016-03-16,23.978046417236328
2016-03-17,23.9395751953125
2016-03-18,23.96672821044922
2016-03-21,23.964468002319336
2016-03-22,24.14774703979492
2016-03-23,24.014257431030273
2016-03-24,23.91016387939453
2016-03-28,23.801549911499023
2016-03-29,24.364967346191406
2016-03-30,24.790359497070312
2016-03-31,24.661378860473633
2016-04-01,24.887649536132812
2016-04-04,25.143346786499023
2016-04-05,24.846927642822266
2016-04-06,25.10714340209961
2016-04-07,24.55955696105957
2016-04-08,24.586719512939453
2016-04-11,24.668167114257812
2016-04-12,24.989477157592773
2016-04-13,25.351516723632812
2016-04-14,25.36508560180664
2016-04-15,24.85598373413086
2016-04-18,24.319711685180664
2016-04-19,24.190736770629883
2016-04-20,24.24051856994629
2016-04-21,23.978046417236328
2016-04-22,23.912418365478516
2016-04-25,23.77665901184082
2016-04-26,23.61148452758789
2016-04-27,22.13392448425293
2016-04-28,21.457378387451172
2016-04-29,21.21073532104492
2016-05-02,21.188112258911133
2016-05-03,21.536571502685547
2016-05-04,21.312562942504883
2016-05-05,21.226049423217773
2016-05-06,21.107675552368164
2016-05-09,21.123611450195312
2016-05-10,21.267024993896484
2016-05-11,21.05986595153809
2016-05-12,20.565874099731445
2016-05-13,20.606842041015625
2016-05-16,21.371749877929688
2016-05-17,21.282970428466797
2016-05-18,21.52655029296875
2016-05-19,21.444595336914062
2016-05-20,21.67679977416992
2016-05-23,21.95225524902344
2016-05-24,22.28689956665039
2016-05-25,22.678457260131836
2016-05-26,22.858304977416992
2016-05-27,22.844640731811523
2016-05-31,22.733097076416016
2016-06-01,22.41438102722168
2016-06-02,22.245925903320312
2016-06-03,22.291458129882812
2016-06-06,22.45308303833008
2016-06-07,22.544143676757812
2016-06-08,22.523658752441406
2016-06-09,22.68528938293457
2016-06-10,22.498611450195312
2016-06-13,22.15941047668457
2016-06-14,22.18673515319824
2016-06-15,22.11387825012207
2016-06-16,22.20722198486328
2016-06-17,21.701839447021484
2016-06-20,21.64948081970215
2016-06-21,21.833881378173828
2016-06-22,21.751922607421875
2016-06-23,21.877132415771484
2016-06-24,21.262475967407227
2016-06-27,20.952877044677734
2016-06-28,21.30573081970215
2016-06-29,21.490131378173828
2016-06-30,21.763303756713867
2016-07-01,21.82931900024414
2016-07-05,21.624439239501953
2016-07-06,21.74736976623535
2016-07-07,21.840715408325195
2016-07-08,22.00916290283203
2016-07-11,22.077457427978516
2016-07-12,22.177629470825195
2016-07-13,22.05242347717285
2016-07-14,22.4895076751709
2016-07-15,22.487232208251953
2016-07-18,22.72626495361328
2016-07-19,22.73537254333496
2016-07-20,22.75586700439453
2016-07-21,22.63520050048828
2016-07-22,22.459911346435547
2016-07-25,22.15941047668457
2016-07-26,22.00689125061035
2016-07-27,23.436525344848633
2016-07-28,23.752965927124023
2016-07-29,23.72336769104004
2016-08-01,24.142248153686523
2016-08-02,23.784835815429688
2016-08-03,24.08306121826172
2016-08-04,24.23183250427246
2016-08-05,24.60033416748047
2016-08-08,24.804035186767575
2016-08-09,24.90474510192871
2016-08-10,24.71935272216797
2016-08-11,24.703325271606445
2016-08-12,24.760555267333984
2016-08-15,25.058101654052734
2016-08-16,25.03520965576172
2016-08-17,24.998592376708984
2016-08-18,24.966537475585938
2016-08-19,25.03063201904297
2016-08-22,24.836078643798828
2016-08-23,24.913904190063477
2016-08-24,24.726219177246097
2016-08-25,24.620929718017575
2016-08-26,24.47673225402832
2016-08-29,24.44927024841309
2016-08-30,24.261585235595703
2016-08-31,24.284473419189453
2016-09-01,24.42866897583008
2016-09-02,24.657548904418945
2016-09-06,24.65068244934082
2016-09-07,24.801746368408203
2016-09-08,24.151710510253903
2016-09-09,23.604692459106445
2016-09-12,24.13340950012207
2016-09-13,24.707902908325195
2016-09-14,25.582237243652344
2016-09-15,26.451990127563477
2016-09-16,26.303224563598633
2016-09-19,25.99651527404785
2016-09-20,25.994224548339844
2016-09-21,25.989654541015625
2016-09-22,26.23455238342285
2016-09-23,25.79738998413086
2016-09-26,25.836301803588867
2016-09-27,25.88436508178711
2016-09-28,26.08120346069336
2016-09-29,25.67607879638672
2016-09-30,25.875205993652344
2016-10-03,25.7539005279541
2016-10-04,25.86376190185547
2016-10-05,25.875205993652344
2016-10-06,26.06747055053711
2016-10-07,26.106380462646484
2016-10-10,26.561859130859375
2016-10-11,26.61908531188965
2016-10-12,26.857114791870117
2016-10-13,26.77471923828125
2016-10-14,26.923492431640625
2016-10-17,26.905179977416992
2016-10-18,26.886871337890625
2016-10-19,26.8067626953125
2016-10-20,26.793031692504883
2016-10-21,26.6877384185791
2016-10-24,26.92806625366211
2016-10-25,27.06539726257324
2016-10-26,26.45656967163086
2016-10-27,26.20251083374023
2016-10-28,26.028554916381836
2016-10-31,25.98735618591309
2016-11-01,25.51814842224121
2016-11-02,25.541038513183594
2016-11-03,25.267269134521484
2016-11-04,25.03950881958008
2016-11-07,25.40070915222168
2016-11-08,25.55024147033691
2016-11-09,25.50883102416992
2016-11-10,24.79795265197754
2016-11-11,24.945188522338867
2016-11-14,24.319427490234375
2016-11-15,24.641511917114254
2016-11-16,25.304079055786133
2016-11-17,25.294878005981445
2016-11-18,25.32018280029297
2016-11-21,25.70438003540039
2016-11-22,25.72048568725586
2016-11-23,25.589357376098633
2016-11-25,25.71818733215332
2016-11-28,25.66756820678711
2016-11-29,25.64227294921875
2016-11-30,25.42601203918457
2016-12-01,25.189054489135746
2016-12-02,25.283374786376953
2016-12-05,25.10162925720215
2016-12-06,25.294878005981445
2016-12-07,25.5433349609375
2016-12-08,25.79410743713379
2016-12-09,26.215110778808594
2016-12-12,26.065570831298828
2016-12-13,26.500377655029297
2016-12-14,26.500377655029297
2016-12-15,26.645320892333984
2016-12-16,26.679828643798828
2016-12-19,26.833965301513672
2016-12-20,26.905277252197266
2016-12-21,26.930591583251953
2016-12-22,26.753448486328125
2016-12-23,26.80636215209961
2016-12-27,26.976600646972656
2016-12-28,26.861574172973633
2016-12-29,26.85467529296875
2016-12-30,26.645320892333984
2017-01-03,26.721237182617188
2017-01-04,26.69133186340332
2017-01-05,26.82706642150879
2017-01-06,27.12613868713379
2017-01-09,27.374595642089844
2017-01-10,27.402212142944336
2017-01-11,27.5494441986084
2017-01-12,27.434423446655273
2017-01-13,27.3861026763916
2017-01-17,27.606962203979492
2017-01-18,27.604665756225582
2017-01-19,27.55634498596191
2017-01-20,27.606962203979492
2017-01-23,27.62536239624023
2017-01-24,27.600053787231445
2017-01-25,28.039466857910156
2017-01-26,28.05327796936035
2017-01-27,28.055572509765625
2017-01-30,27.98195457458496
2017-01-31,27.91753578186035
2017-02-01,29.619962692260746
2017-02-02,29.569355010986328
2017-02-03,29.695892333984375
2017-02-06,29.97425842285156
2017-02-07,30.259521484375
2017-02-08,30.37685775756836
2017-02-09,30.596359252929688
2017-02-10,30.52704429626465
2017-02-13,30.797374725341797
2017-02-14,31.197101593017575
2017-02-15,31.310317993164062
2017-02-16,31.273353576660156
2017-02-17,31.358848571777344
2017-02-21,31.585281372070312
2017-02-22,31.680015563964844
2017-02-23,31.54599952697754
2017-02-24,31.576032638549805
2017-02-27,31.638416290283203
2017-02-28,31.652280807495117
2017-03-01,32.29922866821289
2017-03-02,32.107460021972656
2017-03-03,32.29691696166992
2017-03-06,32.19526290893555
2017-03-07,32.23685836791992
2017-03-08,32.11670684814453
2017-03-09,32.042762756347656
2017-03-10,32.1490478515625
2017-03-13,32.162925720214844
2017-03-14,32.114402770996094
2017-03-15,32.454044342041016
2017-03-16,32.50718688964844
2017-03-17,32.34544372558594
2017-03-20,32.68509292602539
2017-03-21,32.31079864501953
2017-03-22,32.67585754394531
2017-03-23,32.560333251953125
2017-03-24,32.495635986328125
2017-03-27,32.55110168457031
2017-03-28,33.22578048706055
2017-03-29,33.299713134765625
2017-03-30,33.25580978393555
2017-03-31,33.193416595458984
2017-04-03,33.20266342163086
2017-04-04,33.449893951416016
2017-04-05,33.2765998840332
2017-04-06,33.193416595458984
2017-04-07,33.119483947753906
2017-04-10,33.0802001953125
2017-04-11,32.72438049316406
2017-04-12,32.76365661621094
2017-04-13,32.59037399291992
2017-04-17,32.77058792114258
2017-04-18,32.625030517578125
2017-04-19,32.50487518310547
2017-04-20,32.911537170410156
2017-04-21,32.87226867675781
2017-04-24,33.18879318237305
2017-04-25,33.394439697265625
2017-04-26,33.19804382324219
2017-04-27,33.22346496582031
2017-04-28,33.19112014770508
2017-05-01,33.86811447143555
2017-05-02,34.08299255371094
2017-05-03,33.97900390625
2017-05-04,33.8565673828125
2017-05-05,34.41802215576172
2017-05-08,35.353790283203125
2017-05-09,35.58022689819336
2017-05-10,35.41154861450195
2017-05-11,35.717803955078125
2017-05-12,36.21662902832031
2017-05-15,36.12381362915039
2017-05-16,36.07046127319336
2017-05-17,34.85938262939453
2017-05-18,35.390682220458984
2017-05-19,35.51131820678711
2017-05-22,35.72709274291992
2017-05-23,35.68301010131836
2017-05-24,35.57627487182617
2017-05-25,35.69923782348633
2017-05-26,35.63893127441406
2017-05-30,35.6528434753418
2017-05-31,35.44171905517578
2017-06-01,35.53916931152344
2017-06-02,36.065826416015625
2017-06-05,35.713165283203125
2017-06-06,35.83380889892578
2017-06-07,36.04725646972656
2017-06-08,35.95909118652344
2017-06-09,34.564720153808594
2017-06-12,33.738773345947266
2017-06-13,34.01022720336914
2017-06-14,33.67844009399414
2017-06-15,33.476593017578125
2017-06-16,33.00795364379883
2017-06-19,33.952205657958984
2017-06-20,33.643646240234375
2017-06-21,33.843170166015625
2017-06-22,33.7874870300293
2017-06-23,33.93828582763672
2017-06-26,33.83156967163086
2017-06-27,33.3466682434082
2017-06-28,33.83390426635742
2017-06-29,33.3350715637207
2017-06-30,33.41395950317383
2017-07-03,33.29330825805664
2017-07-05,33.430198669433594
2017-07-06,33.11467361450195
2017-07-07,33.45107650756836
2017-07-10,33.655250549316406
2017-07-11,33.76428985595703
2017-07-12,33.81300735473633
2017-07-13,34.28398513793945
2017-07-14,34.57863235473633
2017-07-17,34.69929504394531
2017-07-18,34.81992721557617
2017-07-19,35.038021087646484
2017-07-20,34.8802490234375
2017-07-21,34.8640251159668
2017-07-24,35.2862663269043
2017-07-25,35.43707275390625
2017-07-26,35.60411834716797
2017-07-27,34.931304931640625
2017-07-28,34.68537139892578
2017-07-31,34.506717681884766
2017-08-01,34.81297302246094
2017-08-02,36.457916259765625
2017-08-03,36.093658447265625
2017-08-04,36.283912658691406
2017-08-07,36.84537887573242
2017-08-08,37.14002227783203
2017-08-09,37.36739730834961
2017-08-10,36.17718124389648
2017-08-11,36.680274963378906
2017-08-14,37.2323112487793
2017-08-15,37.639896392822266
2017-08-16,37.48850631713867
2017-08-17,36.768798828125
2017-08-18,36.684940338134766
2017-08-21,36.61738967895508
2017-08-22,37.21599960327149
2017-08-23,37.262569427490234
2017-08-24,37.09720230102539
2017-08-25,37.234619140625
2017-08-28,37.60962677001953
2017-08-29,37.94503402709961
2017-08-30,38.04752731323242
2017-08-31,38.198917388916016
2017-09-01,38.21056365966797
2017-09-05,37.7517204284668
2017-09-06,37.712120056152344
2017-09-07,37.56072616577149
2017-09-08,36.94813919067383
2017-09-11,37.61662673950195
2017-09-12,37.46754837036133
2017-09-13,37.18570709228515
2017-09-14,36.86661148071289
2017-09-15,37.23929214477539
2017-09-18,36.957462310791016
2017-09-19,36.97142791748047
2017-09-20,36.35186004638672
2017-09-21,35.72764205932617
2017-09-22,35.37825393676758
2017-09-25,35.066158294677734
2017-09-26,35.66941452026367
2017-09-27,35.92328643798828
2017-09-28,35.70201110839844
2017-09-29,35.89767074584961
2017-10-02,35.82546615600586
2017-10-03,35.98152160644531
2017-10-04,35.748600006103516
2017-10-05,36.19347381591797
2017-10-06,36.17252349853515
2017-10-09,36.29829788208008
2017-10-10,36.3122673034668
2017-10-11,36.463661193847656
2017-10-12,36.33555603027344
2017-10-13,36.56614685058594
2017-10-16,37.23929214477539
2017-10-17,37.376705169677734
2017-10-18,37.2113151550293
2017-10-19,36.33089447021485
2017-10-20,36.39378356933594
2017-10-23,36.375144958496094
2017-10-24,36.591766357421875
2017-10-25,36.431060791015625
2017-10-26,36.66397476196289
2017-10-27,37.9776496887207
2017-10-30,38.83246994018555
2017-10-31,39.372840881347656
2017-11-01,38.87205123901367
2017-11-02,39.15623474121094
2017-11-03,40.17872619628906
2017-11-06,40.58635711669922
2017-11-07,40.71678161621094
2017-11-08,41.04985046386719
2017-11-09,40.96601486206055
2017-11-10,40.83042526245117
2017-11-13,40.66679763793945
2017-11-14,40.05201721191406
2017-11-15,39.52373504638672
2017-11-16,39.99592208862305
2017-11-17,39.77384567260742
2017-11-20,39.734100341796875
2017-11-21,40.472774505615234
2017-11-22,40.89822006225586
2017-11-24,40.90056228637695
2017-11-27,40.694862365722656
2017-11-28,40.456424713134766
2017-11-29,39.61723327636719
2017-11-30,40.17123794555664
2017-12-01,39.98423767089844
2017-12-04,39.69202423095703
2017-12-05,39.65463638305664
2017-12-06,39.50736999511719
2017-12-07,39.579837799072266
2017-12-08,39.591514587402344
2017-12-11,40.3629150390625
2017-12-12,40.13616561889648
2017-12-13,40.26941680908203
2017-12-14,40.25773620605469
2017-12-15,40.66679763793945
2017-12-18,41.239505767822266
2017-12-19,40.8000373840332
2017-12-20,40.75563049316406
2017-12-21,40.909908294677734
2017-12-22,40.909908294677734
2017-12-26,39.87202453613281
2017-12-27,39.879032135009766
2017-12-28,39.99123764038086
2017-12-29,39.55878448486328
2018-01-02,40.26708984375
2018-01-03,40.260066986083984
2018-01-04,40.44706726074219
2018-01-05,40.90757369995117
2018-01-08,40.75563049316406
2018-01-09,40.75094985961914
2018-01-10,40.741600036621094
2018-01-11,40.9730224609375
2018-01-12,41.396121978759766
2018-01-16,41.18573760986328
2018-01-17,41.86597442626953
2018-01-18,41.903377532958984
2018-01-19,41.71637344360352
2018-01-22,41.375091552734375
2018-01-23,41.38443756103515
2018-01-24,40.7252311706543
2018-01-25,39.998252868652344
2018-01-26,40.091758728027344
2018-01-29,39.26192092895508
2018-01-30,39.03049087524414
2018-01-31,39.13802337646485
2018-02-01,39.21984100341797
2018-02-02,37.518089294433594
2018-02-05,36.58070755004883
2018-02-06,38.1094970703125
2018-02-07,37.29368209838867
2018-02-08,36.26749038696289
2018-02-09,36.71107864379883
2018-02-12,38.18977355957031
2018-02-13,38.57234573364258
2018-02-14,39.28351974487305
2018-02-15,40.60260009765625
2018-02-16,40.471153259277344
2018-02-20,40.33502960205078
2018-02-21,40.151954650878906
2018-02-22,40.487571716308594
2018-02-23,41.19171524047851
2018-02-26,42.006160736083984
2018-02-27,41.87003326416016
2018-02-28,41.80665588378906
2018-03-01,41.0743522644043
2018-03-02,41.35836410522461
2018-03-05,41.50153350830078
2018-03-06,41.466339111328125
2018-03-07,41.081398010253906
2018-03-08,41.52970123291016
2018-03-09,42.24321746826172
2018-03-12,42.65161895751953
2018-03-13,42.24087142944336
2018-03-14,41.88177490234375
2018-03-15,41.93104934692383
2018-03-16,41.783172607421875
2018-03-19,41.144775390625
2018-03-20,41.13069534301758
2018-03-21,40.19888687133789
2018-03-22,39.63088607788086
2018-03-23,38.713172912597656
2018-03-26,40.55094909667969
2018-03-27,39.51117706298828
2018-03-28,39.07461929321289
2018-03-29,39.3797492980957
2018-04-02,39.121551513671875
2018-04-03,39.52291488647461
2018-04-04,40.278690338134766
2018-04-05,40.5579833984375
2018-04-06,39.52057647705078
2018-04-09,39.91254425048828
2018-04-10,40.66360855102539
2018-04-11,40.473487854003906
2018-04-12,40.87250518798828
2018-04-13,41.01099395751953
2018-04-16,41.266822814941406
2018-04-17,41.83481216430664
2018-04-18,41.740936279296875
2018-04-19,40.5579833984375
2018-04-20,38.896240234375
2018-04-23,38.78357696533203
2018-04-24,38.243743896484375
2018-04-25,38.41039276123047
2018-04-26,38.544185638427734
2018-04-27,38.09822082519531
2018-04-30,38.78828811645508
2018-05-01,39.689571380615234
2018-05-02,41.44285202026367
2018-05-03,41.5179557800293
2018-05-04,43.14684295654297
2018-05-07,43.45902633666992
2018-05-08,43.66790771484375
2018-05-09,43.97537612915039
2018-05-10,44.60440826416016
2018-05-11,44.434757232666016
2018-05-14,44.33110046386719
2018-05-15,43.92819595336914
2018-05-16,44.338157653808594
2018-05-17,44.05778121948242
2018-05-18,43.897560119628906
2018-05-21,44.20857238769531
2018-05-22,44.09783554077149
2018-05-23,44.38056564331055
2018-05-24,44.33110046386719
2018-05-25,44.432411193847656
2018-05-29,44.272186279296875
2018-05-30,44.17794418334961
2018-05-31,44.029502868652344
2018-06-01,44.82353591918945
2018-06-04,45.19815444946289
2018-06-05,45.54686737060547
2018-06-06,45.70473098754883
2018-06-07,45.58221435546875
2018-06-08,45.167518615722656
2018-06-11,45.056785583496094
2018-06-12,45.30418014526367
2018-06-13,44.931915283203125
2018-06-14,44.95546340942383
2018-06-15,44.493675231933594
2018-06-18,44.47011947631836
2018-06-19,43.75148391723633
2018-06-20,43.942325592041016
2018-06-21,43.6972770690918
2018-06-22,43.57005310058594
2018-06-25,42.922115325927734
2018-06-26,43.45460510253906
2018-06-27,43.390995025634766
2018-06-28,43.70671844482422
2018-06-29,43.61482238769531
2018-07-02,44.102535247802734
2018-07-03,43.33443832397461
2018-07-05,43.68314743041992
2018-07-06,44.28868103027344
2018-07-09,44.90364456176758
2018-07-10,44.84944534301758
2018-07-11,44.26747512817383
2018-07-12,45.00967025756836
2018-07-13,45.08034133911133
2018-07-16,44.98139190673828
2018-07-17,45.108619689941406
2018-07-18,44.8612174987793
2018-07-19,45.20994567871094
2018-07-20,45.10626220703125
2018-07-23,45.14632415771485
2018-07-24,45.47383499145508
2018-07-25,45.90264892578125
2018-07-26,45.75893020629883
2018-07-27,44.99787902832031
2018-07-30,44.74577713012695
2018-07-31,44.835296630859375
2018-08-01,47.476558685302734
2018-08-02,48.86433792114258
2018-08-03,49.00571060180664
2018-08-06,49.26017379760742
2018-08-07,48.798362731933594
2018-08-08,48.83134841918945
2018-08-09,49.21540069580078
2018-08-10,49.06881332397461
2018-08-13,49.38563919067383
2018-08-14,49.59370422363281
2018-08-15,49.709564208984375
2018-08-16,50.43780899047851
2018-08-17,51.4450569152832
2018-08-20,50.94379425048828
2018-08-21,50.844486236572266
2018-08-22,50.84685897827149
2018-08-23,50.950897216796875
2018-08-24,51.109317779541016
2018-08-27,51.53016662597656
2018-08-28,51.946319580078125
2018-08-29,52.72183609008789
2018-08-30,53.2065544128418
2018-08-31,53.8213005065918
2018-09-04,53.993892669677734
2018-09-05,53.64159393310547
2018-09-06,52.750213623046875
2018-09-07,52.324615478515625
2018-09-10,51.62237930297851
2018-09-11,52.92754364013672
2018-09-12,52.270240783691406
2018-09-13,53.532833099365234
2018-09-14,52.9251708984375
2018-09-17,51.5159912109375
2018-09-18,51.601112365722656
2018-09-19,51.631839752197266
2018-09-20,52.02433776855469
2018-09-21,51.463966369628906
2018-09-24,52.20402526855469
2018-09-25,52.53504943847656
2018-09-26,52.11655044555664
2018-09-27,53.18764114379883
2018-09-28,53.374420166015625
2018-10-01,53.73381042480469
2018-10-02,54.211429595947266
2018-10-03,54.87110900878906
2018-10-04,53.90642547607422
2018-10-05,53.03157806396485
2018-10-08,52.90863037109375
2018-10-09,53.64159393310547
2018-10-10,51.15658950805664
2018-10-11,50.70497512817383
2018-10-12,52.51612854003906
2018-10-15,51.39303970336914
2018-10-16,52.525596618652344
2018-10-17,52.29861068725586
2018-10-18,51.07619857788086
2018-10-19,51.854103088378906
2018-10-22,52.17092514038086
2018-10-23,52.662723541259766
2018-10-24,50.85631561279297
2018-10-25,51.96995162963867
2018-10-26,51.14241027832031
2018-10-29,50.18245315551758
2018-10-30,50.43309020996094
2018-10-31,51.747711181640625
2018-11-01,52.542137145996094
2018-11-02,49.05698776245117
2018-11-05,47.66434860229492
2018-11-06,48.179786682128906
2018-11-07,49.640995025634766
2018-11-08,49.467803955078125
2018-11-09,48.51398086547851
2018-11-12,46.07013702392578
2018-11-13,45.609832763671875
2018-11-14,44.32146835327149
2018-11-15,45.4152717590332
2018-11-16,45.918270111083984
2018-11-19,44.09845352172851
2018-11-20,41.99150848388672
2018-11-21,41.94404602050781
2018-11-23,40.87873458862305
2018-11-26,41.43156051635742
2018-11-27,41.34141540527344
2018-11-28,42.93107986450195
2018-11-29,42.60127639770508
2018-11-30,42.37114715576172
2018-12-03,43.85169219970703
2018-12-04,41.92271041870117
2018-12-06,41.45529556274414
2018-12-07,39.97712326049805
2018-12-10,40.240478515625
2018-12-11,40.01034164428711
2018-12-12,40.12186050415039
2018-12-13,40.560794830322266
2018-12-14,39.262939453125
2018-12-17,38.89754867553711
2018-12-18,39.40293502807617
2018-12-19,38.173885345458984
2018-12-20,37.210594177246094
2018-12-21,35.763248443603516
2018-12-24,34.837913513183594
2018-12-26,37.29125213623047
2018-12-27,37.04924774169922
2018-12-28,37.06822204589844
2018-12-31,37.42649459838867
2019-01-02,37.469207763671875
2019-01-03,33.736995697021484
2019-01-04,35.17720413208008
2019-01-07,35.09891128540039
2019-01-08,35.768009185791016
2019-01-09,36.37540054321289
2019-01-10,36.491661071777344
2019-01-11,36.133392333984375
2019-01-14,35.59004211425781
2019-01-15,36.31846618652344
2019-01-16,36.76215362548828
2019-01-17,36.980430603027344
2019-01-18,37.20820999145508
2019-01-22,36.37303161621094
2019-01-23,36.520137786865234
2019-01-24,36.230674743652344
2019-01-25,37.43124008178711
2019-01-28,37.0848274230957
2019-01-29,36.7004508972168
2019-01-30,39.2083740234375
2019-01-31,39.49072265625
2019-02-01,39.509708404541016
2019-02-04,40.63196563720703
2019-02-05,41.3271598815918
2019-02-06,41.34141540527344
2019-02-07,40.55841827392578
2019-02-08,40.6060905456543
2019-02-11,40.372554779052734
2019-02-12,40.72045135498047
2019-02-13,40.551273345947266
2019-02-14,40.69900894165039
2019-02-15,40.608455657958984
2019-02-19,40.72998809814453
2019-02-20,40.99209976196289
2019-02-21,40.76096725463867
2019-02-22,41.21609115600586
2019-02-25,41.51631546020508
2019-02-26,41.540164947509766
2019-02-27,41.6688232421875
2019-02-28,41.25897216796875
2019-03-01,41.69265365600586
2019-03-04,41.90234375
2019-03-05,41.82608795166016
2019-03-06,41.5854377746582
2019-03-07,41.10409927368164
2019-03-08,41.20179748535156
2019-03-11,42.62910461425781
2019-03-12,43.10807418823242
2019-03-13,43.2986946105957
2019-03-14,43.780033111572266
2019-03-15,44.34952545166016
2019-03-18,44.802268981933594
2019-03-19,44.44722366333008
2019-03-20,44.83562088012695
2019-03-21,46.486942291259766
2019-03-22,45.524269104003906
2019-03-25,44.97384262084961
2019-03-26,44.509178161621094
2019-03-27,44.90949249267578
2019-03-28,44.96907043457031
2019-03-29,45.26215744018555
2019-04-01,45.56954574584961
2019-04-02,46.23197937011719
2019-04-03,46.54890441894531
2019-04-04,46.62991714477539
2019-04-05,46.94207000732422
2019-04-08,47.68075180053711
2019-04-09,47.53777313232422
2019-04-10,47.80464553833008
2019-04-11,47.406715393066406
2019-04-12,47.38766098022461
2019-04-15,47.47343826293945
2019-04-16,47.47819900512695
2019-04-17,48.40275192260742
2019-04-18,48.576698303222656
2019-04-22,48.73635482788086
2019-04-23,49.43928527832031
2019-04-24,49.3630256652832
2019-04-25,48.91506576538086
2019-04-26,48.68153762817383
2019-04-29,48.755409240722656
2019-04-30,47.81656265258789
2019-05-01,50.16366958618164
2019-05-02,49.83722686767578
2019-05-03,50.456756591796875
2019-05-06,49.67758560180664
2019-05-07,48.33841323852539
2019-05-08,48.34794616699219
2019-05-09,47.828487396240234
2019-05-10,47.165897369384766
2019-05-13,44.42464065551758
2019-05-14,45.12789535522461
2019-05-15,45.66847229003906
2019-05-16,45.46755599975586
2019-05-17,45.20921325683594
2019-05-20,43.79553985595703
2019-05-21,44.63514709472656
2019-05-22,43.72138214111328
2019-05-23,42.97508239746094
2019-05-24,42.81002426147461
2019-05-28,42.63301467895508
2019-05-29,42.4296989440918
2019-05-30,42.649757385253906
2019-05-31,41.87713623046875
2019-06-03,41.45375061035156
2019-06-04,42.97028350830078
2019-06-05,43.66396713256836
2019-06-06,44.30502700805664
2019-06-07,45.48430252075195
2019-06-10,46.06555938720703
2019-06-11,46.59898376464844
2019-06-12,46.45068359375
2019-06-13,46.44110870361328
2019-06-14,46.10384750366211
2019-06-17,46.3789176940918
2019-06-18,47.46968460083008
2019-06-19,47.330936431884766
2019-06-20,47.71126937866211
2019-06-21,47.548614501953125
2019-06-24,47.50078582763672
2019-06-25,46.78077697753906
2019-06-26,47.792598724365234
2019-06-27,47.77825164794922
2019-06-28,47.3429069519043
2019-07-01,48.211212158203125
2019-07-02,48.49346923828125
2019-07-03,48.89533233642578
2019-07-05,48.852272033691406
2019-07-08,47.84523010253906
2019-07-09,48.137062072753906
2019-07-10,48.613075256347656
2019-07-11,48.259056091308594
2019-07-12,48.62981414794922
2019-07-15,49.08669662475586
2019-07-16,48.91685104370117
2019-07-17,48.64176559448242
2019-07-18,49.194339752197266
2019-07-19,48.45997619628906
2019-07-22,49.567481994628906
2019-07-23,49.954986572265625
2019-07-24,49.91432189941406
2019-07-25,49.51964569091797
2019-07-26,49.69187545776367
2019-07-29,50.155914306640625
2019-07-30,49.940643310546875
2019-07-31,50.95963668823242
2019-08-01,49.85691452026367
2019-08-02,48.80203628540039
2019-08-05,46.247344970703125
2019-08-06,47.122833251953125
2019-08-07,47.610809326171875
2019-08-08,48.66090393066406
2019-08-09,48.25992584228515
2019-08-12,48.13745880126953
2019-08-13,50.176002502441406
2019-08-14,48.682518005371094
2019-08-15,48.44001388549805
2019-08-16,49.58293914794922
2019-08-19,50.507362365722656
2019-08-20,50.509765625
2019-08-21,51.05723190307617
2019-08-22,51.01399230957031
2019-08-23,48.656105041503906
2019-08-26,49.58052444458008
2019-08-27,49.02108001708984
2019-08-28,49.35002517700195
2019-08-29,50.18561553955078
2019-08-30,50.12078857421875
2019-09-03,49.39084243774414
2019-09-04,50.22883987426758
2019-09-05,51.21087646484375
2019-09-06,51.20608139038086
2019-09-09,51.42458724975586
2019-09-10,52.03206634521485
2019-09-11,53.686431884765625
2019-09-12,53.566375732421875
2019-09-13,52.52429962158203
2019-09-16,52.800418853759766
2019-09-17,52.99251556396485
2019-09-18,53.489540100097656
2019-09-19,53.0549430847168
2019-09-20,52.27938461303711
2019-09-23,52.51708221435547
2019-09-24,52.26737976074219
2019-09-25,53.07175064086914
2019-09-26,52.79801177978515
2019-09-27,52.54109954833984
2019-09-30,53.77767562866211
2019-10-01,53.926536560058594
2019-10-02,52.57471466064453
2019-10-03,53.021331787109375
2019-10-04,54.507606506347656
2019-10-07,54.51960754394531
2019-10-08,53.88092422485352
2019-10-09,54.51241683959961
2019-10-10,55.24715805053711
2019-10-11,56.71663284301758
2019-10-14,56.63499069213867
2019-10-15,56.5029411315918
2019-10-16,56.27482986450195
2019-10-17,56.49332809448242
2019-10-18,56.7646598815918
2019-10-21,57.74911117553711
2019-10-22,57.6170539855957
2019-10-23,58.39020538330078
2019-10-24,58.48626327514648
2019-10-25,59.20658493041992
2019-10-28,59.7996711730957
2019-10-29,58.41661834716797
2019-10-30,58.40941619873047
2019-10-31,59.73003005981445
2019-11-01,61.42520904541016
2019-11-04,61.828590393066406
2019-11-05,61.73974609375
2019-11-06,61.76616287231445
2019-11-07,62.479026794433594
2019-11-08,62.65003204345703
2019-11-11,63.14613342285156
2019-11-12,63.08834457397461
2019-11-13,63.69282913208008
2019-11-14,63.25210189819336
2019-11-15,64.00350189208984
2019-11-18,64.32623291015625
2019-11-19,64.13114166259766
2019-11-20,63.38455581665039
2019-11-21,63.100364685058594
2019-11-22,63.044979095458984
2019-11-25,64.15039825439453
2019-11-26,63.64948272705078
2019-11-27,64.50443267822266
2019-11-29,64.36234283447266
2019-12-02,63.6181640625
2019-12-03,62.48384094238281
2019-12-04,63.03535461425781
2019-12-05,63.96017074584961
2019-12-06,65.19560241699219
2019-12-09,64.2828598022461
2019-12-10,64.6585693359375
2019-12-11,65.21006774902344
2019-12-12,65.37621307373047
2019-12-13,66.26490020751953
2019-12-16,67.39921569824219
2019-12-17,67.53169250488281
2019-12-18,67.3703384399414
2019-12-19,67.43775939941406
2019-12-20,67.298095703125
2019-12-23,68.39625549316406
2019-12-24,68.46131134033203
2019-12-26,69.81959533691406
2019-12-27,69.7930908203125
2019-12-30,70.20732879638672
2019-12-31,70.72029876708984
2020-01-02,72.3338623046875
2020-01-03,71.63063049316406
2020-01-06,72.201416015625
2020-01-07,71.86186218261719
2020-01-08,73.01782989501953
2020-01-09,74.56880187988281
2020-01-10,74.73738098144531
2020-01-13,76.33407592773438
2020-01-14,75.3033218383789
2020-01-15,74.98062896728516
2020-01-16,75.91984558105469
2020-01-17,76.7603759765625
2020-01-21,76.24017333984375
2020-01-22,76.51231384277344
2020-01-23,76.88076782226562
2020-01-24,76.65921783447266
2020-01-27,74.405029296875
2020-01-28,76.50989532470703
2020-01-29,78.11143493652344
2020-01-30,77.99822235107422
2020-01-31,74.5398941040039
2020-02-03,74.33517456054688
2020-02-04,76.78926849365234
2020-02-05,77.41544342041016
2020-02-06,78.32096862792969
2020-02-07,77.25636291503906
2020-02-10,77.623291015625
2020-02-11,77.15495300292969
2020-02-12,78.98723602294922
2020-02-13,78.42476654052734
2020-02-14,78.44406127929688
2020-02-18,77.00770568847656
2020-02-19,78.12300109863281
2020-02-20,77.3215560913086
2020-02-21,75.57136535644531
2020-02-24,71.981689453125
2020-02-25,69.54349517822266
2020-02-26,70.646728515625
2020-02-27,66.02867126464844
2020-02-28,65.99005126953125
2020-03-02,72.13377380371094
2020-03-03,69.84286499023438
2020-03-04,73.0824966430664
2020-03-05,70.71192169189453
2020-03-06,69.77283477783203
2020-03-09,64.2543716430664
2020-03-10,68.882080078125
2020-03-11,66.48976135253906
2020-03-12,59.923587799072266
2020-03-13,67.10293579101562
2020-03-16,58.470340728759766
2020-03-17,61.04129409790039
2020-03-18,59.5470085144043
2020-03-19,59.09074783325195
2020-03-20,55.33933639526367
2020-03-23,54.16370391845703
2020-03-24,59.59769821166992
2020-03-25,59.26939392089844
2020-03-26,62.38832473754883
2020-03-27,59.80530548095703
2020-03-30,61.51202774047851
2020-03-31,61.38650131225586
2020-04-01,58.15651321411133
2020-04-02,59.126949310302734
2020-04-03,58.2772216796875
2020-04-06,63.36117935180664
2020-04-07,62.6273193359375
2020-04-08,64.23023223876953
2020-04-09,64.6937255859375
2020-04-13,65.9635009765625
2020-04-14,69.29486846923828
2020-04-15,68.66239929199219
2020-04-16,69.2079849243164
2020-04-17,68.26889038085938
2020-04-20,66.85188293457031
2020-04-21,64.78546905517578
2020-04-22,66.65150451660156
2020-04-23,66.39320373535156
2020-04-24,68.30994415283203
2020-04-27,68.35826110839844
2020-04-28,67.25016784667969
2020-04-29,69.45903778076172
2020-04-30,70.92435455322266
2020-05-01,69.78250122070312
2020-05-04,70.76985168457031
2020-05-05,71.83202362060547
2020-05-06,72.57313537597656
2020-05-07,73.32391357421875
2020-05-08,75.06912994384766
2020-05-11,76.25035858154297
2020-05-12,75.37895202636719
2020-05-13,74.46883392333984
2020-05-14,74.92632293701172
2020-05-15,74.48334503173828
2020-05-18,76.23828125
2020-05-19,75.79772186279297
2020-05-20,77.27185821533203
2020-05-21,76.69576263427734
2020-05-22,77.18955993652344
2020-05-26,76.66670227050781
2020-05-27,77.0007553100586
2020-05-28,77.03463745117188
2020-05-29,76.95960998535156
2020-06-01,77.90605926513672
2020-06-02,78.26669311523438
2020-06-03,78.69755554199219
2020-06-04,78.01981353759766
2020-06-05,80.24188232421875
2020-06-08,80.7163314819336
2020-06-09,83.26516723632812
2020-06-10,85.40739440917969
2020-06-11,81.30693817138672
2020-06-12,82.0089111328125
2020-06-15,83.02313232421875
2020-06-16,85.22341918945312
2020-06-17,85.10482025146484
2020-06-18,85.13870239257812
2020-06-19,84.65215301513672
2020-06-22,86.86698150634766
2020-06-23,88.72113037109375
2020-06-24,87.15502166748047
2020-06-25,88.31204986572266
2020-06-26,85.59860229492188
2020-06-29,87.57139587402344
2020-06-30,88.30241394042969
2020-07-01,88.1353530883789
2020-07-02,88.1353530883789
2020-07-06,90.49298858642578
2020-07-07,90.21222686767578
2020-07-08,92.31327056884766
2020-07-09,92.71024322509766
2020-07-10,92.8724365234375
2020-07-13,92.4439926147461
2020-07-14,93.97380828857422
2020-07-15,94.6200942993164
2020-07-16,93.45577239990234
2020-07-17,93.2669677734375
2020-07-20,95.2324676513672
2020-07-21,93.91808319091795
2020-07-22,94.18194580078124
2020-07-23,89.89513397216797
2020-07-24,89.67242431640625
2020-07-27,91.79769134521484
2020-07-28,90.28968811035156
2020-07-29,92.0203857421875
2020-07-30,93.13385772705078
2020-07-31,102.88389587402344
2020-08-03,105.4763412475586
2020-08-04,106.18072509765624
2020-08-05,106.56558227539062
2020-08-06,110.28357696533205
2020-08-07,107.77620697021484
2020-08-10,109.34269714355467
2020-08-11,106.0908660888672
2020-08-12,109.61671447753906
2020-08-13,111.55667877197266
2020-08-14,111.45723724365234
2020-08-17,111.1662368774414
2020-08-18,112.0925750732422
2020-08-19,112.23321533203124
2020-08-20,114.72364807128906
2020-08-21,120.63563537597656
2020-08-24,122.07846069335938
2020-08-25,121.07695770263672
2020-08-26,122.72348022460938
2020-08-27,121.25640106201172
2020-08-28,121.05998992919922
2020-08-31,125.16539764404295
2020-09-01,130.15103149414062
2020-09-02,127.45453643798828
2020-09-03,117.25041198730467
2020-09-04,117.3280029296875
2020-09-08,109.4324188232422
2020-09-09,113.7973175048828
2020-09-10,110.0822982788086
2020-09-11,108.63704681396484
2020-09-14,111.89616394042967
2020-09-15,112.07076263427734
2020-09-16,108.7631378173828
2020-09-17,107.02688598632812
2020-09-18,103.6319808959961
2020-09-21,106.77471160888672
2020-09-22,108.4527587890625
2020-09-23,103.903564453125
2020-09-24,104.97056579589844
2020-09-25,108.9086456298828
2020-09-28,111.50816345214844
2020-09-29,110.6642837524414
2020-09-30,112.33264923095705
2020-10-01,113.28321838378906
2020-10-02,109.62641143798828
2020-10-05,113.00192260742188
2020-10-06,109.7622299194336
2020-10-07,111.62457275390624
2020-10-08,111.51787567138672
2020-10-09,113.45780181884766
2020-10-12,120.66473388671876
2020-10-13,117.46379852294922
2020-10-14,117.55110931396484
2020-10-15,117.08551025390624
2020-10-16,115.44625091552734
2020-10-19,112.49755096435548
2020-10-20,113.98162078857422
2020-10-21,113.36080932617188
2020-10-22,112.27446746826172
2020-10-23,111.58577728271484
2020-10-26,111.59547424316406
2020-10-27,113.09894561767578
2020-10-28,107.8610610961914
2020-10-29,111.85735321044922
2020-10-30,105.5913314819336
2020-11-02,105.5040283203125
2020-11-03,107.12388610839844
2020-11-04,111.49848175048828
2020-11-05,115.45594787597656
2020-11-06,115.32479095458984
2020-11-09,113.02198028564452
2020-11-10,112.68191528320312
2020-11-11,116.10211944580078
2020-11-12,115.8300552368164
2020-11-13,115.87865447998048
2020-11-16,116.88915252685548
2020-11-17,116.00495910644533
2020-11-18,114.68351745605467
2020-11-19,115.27620697021484
2020-11-20,114.01304626464844
2020-11-23,110.62200164794922
2020-11-24,111.9045867919922
2020-11-25,112.74020385742188
2020-11-27,113.28434753417967
2020-11-30,115.6745834350586
2020-12-01,119.24053955078124
2020-12-02,119.59031677246094
2020-12-03,119.45431518554688
2020-12-04,118.78384399414062
2020-12-07,120.24132537841795
2020-12-08,120.85346221923828
2020-12-09,118.32718658447266
2020-12-10,119.74578094482422
2020-12-11,118.93931579589844
2020-12-14,118.32718658447266
2020-12-15,124.25421905517578
2020-12-16,124.18621063232422
2020-12-17,125.05101013183594
2020-12-18,123.06881713867188
2020-12-21,124.59429168701172
2020-12-22,128.1407928466797
2020-12-23,127.24689483642578
2020-12-24,128.22828674316406
2020-12-28,132.81443786621094
2020-12-29,131.04605102539062
2020-12-30,129.92864990234375
2020-12-31,128.92787170410156
2021-01-04,125.7408676147461
2021-01-05,127.29547882080078
2021-01-06,123.01051330566406
2021-01-07,127.2080535888672
2021-01-08,128.30599975585938
2021-01-11,125.32303619384766
2021-01-12,125.14813995361328
2021-01-13,127.1788558959961
2021-01-14,125.25503540039062
2021-01-15,123.5352020263672
2021-01-19,124.20564270019533
2021-01-20,128.28656005859375
2021-01-21,132.98934936523438
2021-01-22,135.12696838378906
2021-01-25,138.8677978515625
2021-01-26,139.1009979248047
2021-01-27,138.03219604492188
2021-01-28,133.2030792236328
2021-01-29,128.21856689453125
2021-02-01,130.3367156982422
2021-02-02,131.1626739501953
2021-02-03,130.14244079589844
2021-02-04,133.49459838867188
2021-02-05,133.08102416992188
2021-02-08,133.2270050048828
2021-02-09,132.3511962890625
2021-02-10,131.7478485107422
2021-02-11,131.49488830566406
2021-02-12,131.72840881347656
2021-02-16,129.60704040527344
2021-02-17,127.32025909423828
2021-02-18,126.22069549560548
2021-02-19,126.37635803222656
2021-02-22,122.61048889160156
2021-02-23,122.47425079345705
2021-02-24,121.97797393798828
2021-02-25,117.73523712158205
2021-02-26,117.99798583984376
2021-03-01,124.35233306884766
2021-03-02,121.75416564941406
2021-03-03,118.7764663696289
2021-03-04,116.89838409423828
2021-03-05,118.15367889404295
2021-03-08,113.22979736328124
2021-03-09,117.83255767822266
2021-03-10,116.75242614746094
2021-03-11,118.67913818359376
2021-03-12,117.77417755126952
2021-03-15,120.654541015625
2021-03-16,122.19205474853516
2021-03-17,121.4038314819336
2021-03-18,117.2876205444336
2021-03-19,116.76213073730467
2021-03-22,120.07069396972656
2021-03-23,119.24356079101562
2021-03-24,116.85944366455078
2021-03-25,117.34600067138672
2021-03-26,117.94932556152344
2021-03-29,118.12449645996094
2021-03-30,116.67457580566406
2021-03-31,118.8640594482422
2021-04-01,119.69119262695312
2021-04-05,122.51317596435548
2021-04-06,122.81482696533205
2021-04-07,124.45938110351562
2021-04-08,126.85317993164062
2021-04-09,129.4221649169922
2021-04-12,127.70950317382812
2021-04-13,130.81369018554688
2021-04-14,128.47830200195312
2021-04-15,130.88186645507812
2021-04-16,130.55096435546875
2021-04-19,131.212646484375
2021-04-20,129.52920532226562
2021-04-21,129.9087371826172
2021-04-22,128.39071655273438
2021-04-23,130.70664978027344
2021-04-26,131.09591674804688
2021-04-27,130.77474975585938
2021-04-28,129.986572265625
2021-04-29,129.88922119140625
2021-04-30,127.92356872558594
2021-05-03,128.97454833984375
2021-05-04,124.41071319580078
2021-05-05,124.65398406982422
2021-05-06,126.24988555908205
2021-05-07,126.9224624633789
2021-05-10,123.64728546142578
2021-05-11,122.73101043701172
2021-05-12,119.6702880859375
2021-05-13,121.81475067138672
2021-05-14,124.23210906982422
2021-05-17,123.0819320678711
2021-05-18,121.69776153564452
2021-05-19,121.54183959960938
2021-05-20,124.0956573486328
2021-05-21,122.26313018798828
2021-05-24,123.89095306396484
2021-05-25,123.6960220336914
2021-05-26,123.64728546142578
2021-05-27,122.1169204711914
2021-05-28,121.46385192871094
2021-06-01,121.14217376708984
2021-06-02,121.9024658203125
2021-06-03,120.42084503173828
2021-06-04,122.7115249633789
2021-06-07,122.72127532958984
2021-06-08,123.54005432128906
2021-06-09,123.9202117919922
2021-06-10,122.92597198486328
2021-06-11,124.13465118408205
2021-06-14,127.18565368652344
2021-06-15,126.36685943603516
2021-06-16,126.86392974853516
2021-06-17,128.46255493164062
2021-06-18,127.16615295410156
2021-06-21,128.9596710205078
2021-06-22,130.59727478027344
2021-06-23,130.3243408203125
2021-06-24,130.04164123535156
2021-06-25,129.74920654296875
2021-06-28,131.37704467773438
2021-06-29,132.887939453125
2021-06-30,133.5020294189453
2021-07-01,133.80422973632812
2021-07-02,136.42623901367188
2021-07-06,138.43426513671875
2021-07-07,140.9198760986328
2021-07-08,139.62342834472656
2021-07-09,141.4462127685547
2021-07-12,140.85162353515625
2021-07-13,141.9628448486328
2021-07-14,145.3842315673828
2021-07-15,144.7311553955078
2021-07-16,142.6939239501953
2021-07-19,138.8533935546875
2021-07-20,142.45999145507812
2021-07-21,141.7289276123047
2021-07-22,143.09356689453125
2021-07-23,144.8091278076172
2021-07-26,145.22833251953125
2021-07-27,143.0643310546875
2021-07-28,141.3195037841797
2021-07-29,141.9628448486328
2021-07-30,142.1773223876953
2021-08-02,141.8459014892578
2021-08-03,143.63946533203125
2021-08-04,143.23977661132812
2021-08-05,143.34703063964844
2021-08-06,142.66368103027344
2021-08-09,142.6148681640625
2021-08-10,142.13656616210938
2021-08-11,142.3903350830078
2021-08-12,145.34825134277344
2021-08-13,145.55323791503906
2021-08-16,147.52523803710938
2021-08-17,146.6173553466797
2021-08-18,142.87841796875
2021-08-19,143.2103271484375
2021-08-20,144.6649169921875
2021-08-23,146.14874267578125
2021-08-24,146.06089782714844
2021-08-25,144.8308563232422
2021-08-26,144.03038024902344
2021-08-27,145.06520080566406
2021-08-30,149.4776153564453
2021-08-31,148.2183074951172
2021-09-01,148.8821258544922
2021-09-02,149.99502563476562
2021-09-03,150.62957763671875
2021-09-07,152.9627227783203
2021-09-08,151.42031860351562
2021-09-09,150.40505981445312
2021-09-10,145.42633056640625
2021-09-13,145.99253845214844
2021-09-14,144.59657287597656
2021-09-15,145.4849090576172
2021-09-16,145.25062561035156
2021-09-17,142.5855712890625
2021-09-20,139.53977966308594
2021-09-21,140.0181121826172
2021-09-22,142.38058471679688
2021-09-23,143.3372802734375
2021-09-24,143.4251251220703
2021-09-27,141.91200256347656
2021-09-28,138.5342559814453
2021-09-29,139.4324188232422
2021-09-30,138.13401794433594
2021-10-01,139.2566680908203
2021-10-04,135.83018493652344
2021-10-05,137.75331115722656
2021-10-06,138.6221923828125
2021-10-07,139.88150024414062
2021-10-08,139.50071716308594
2021-10-11,139.4129180908203
2021-10-12,138.14378356933594
2021-10-13,137.55809020996094
2021-10-14,140.34024047851562
2021-10-15,141.39459228515625
2021-10-18,143.06396484375
2021-10-19,145.22129821777344
2021-10-20,145.70947265625
2021-10-21,145.92422485351562
2021-10-22,145.1529998779297
2021-10-25,145.10418701171875
2021-10-26,145.76803588867188
2021-10-27,145.30921936035156
2021-10-28,148.9407501220703
2021-10-29,146.23660278320312
2021-11-01,145.41659545898438
2021-11-02,146.45138549804688
2021-11-03,147.8863983154297
2021-11-04,147.3690185546875
2021-11-05,147.8968963623047
2021-11-08,147.07571411132812
2021-11-09,147.43743896484375
2021-11-10,144.61204528808594
2021-11-11,144.56320190429688
2021-11-12,146.63575744628906
2021-11-15,146.64553833007812
2021-11-16,147.62319946289062
2021-11-17,150.05751037597656
2021-11-18,154.3395233154297
2021-11-19,156.95960998535156
2021-11-22,157.41912841796875
2021-11-23,157.80039978027344
2021-11-24,158.31851196289062
2021-11-26,153.30328369140625
2021-11-29,156.65660095214844
2021-11-30,161.6034393310547
2021-12-01,161.08529663085938
2021-12-02,160.09783935546875
2021-12-03,158.22080993652344
2021-12-06,161.6229705810547
2021-12-07,167.35189819335938
2021-12-08,171.1647186279297
2021-12-09,170.6563262939453
2021-12-10,175.4369659423828
2021-12-13,171.80995178222656
2021-12-14,170.43150329589844
2021-12-15,175.2903594970703
2021-12-16,168.4077606201172
2021-12-17,167.31283569335938
2021-12-20,165.95388793945312
2021-12-21,169.1214599609375
2021-12-22,171.71214294433594
2021-12-23,172.33787536621094
2021-12-27,176.29730224609375
2021-12-28,175.28054809570312
2021-12-29,175.3685760498047
2021-12-30,174.21493530273438
2021-12-31,173.59902954101562
2022-01-03,177.93972778320312
2022-01-04,175.68141174316406
2022-01-05,171.00830078125
2022-01-06,168.153564453125
2022-01-07,168.3197479248047
2022-01-10,168.33934020996094
2022-01-11,171.1647186279297
2022-01-12,171.60464477539062
2022-01-13,168.33934020996094
2022-01-14,169.1996612548828
2022-01-18,166.00277709960938
2022-01-19,162.5126190185547
2022-01-20,160.8310546875
2022-01-21,158.7780303955078
2022-01-24,158.0056915283203
2022-01-25,156.2068634033203
2022-01-26,156.11886596679688
2022-01-27,155.6593475341797
2022-01-28,166.52093505859375
2022-01-31,170.87144470214844
2022-02-01,170.7052459716797
2022-02-02,171.90769958496094
2022-02-03,169.03343200683594
2022-02-04,168.7495574951172
2022-02-07,168.03500366210938
2022-02-08,171.13807678222656
2022-02-09,172.5574188232422
2022-02-10,168.4852752685547
2022-02-11,165.07876586914062
2022-02-14,165.31369018554688
2022-02-15,169.14109802246094
2022-02-16,168.90618896484375
2022-02-17,165.31369018554688
2022-02-18,163.76707458496094
2022-02-22,160.84999084472656
2022-02-23,156.6897735595703
2022-02-24,159.3033447265625
2022-02-25,161.3688201904297
2022-02-28,161.6331329345703
2022-03-01,159.75363159179688
2022-03-02,163.04269409179688
2022-03-03,162.71969604492188
2022-03-04,159.72427368164062
2022-03-07,155.9359893798828
2022-03-08,154.11526489257812
2022-03-09,159.50892639160156
2022-03-10,155.17245483398438
2022-03-11,151.46255493164062
2022-03-14,147.43930053710938
2022-03-15,151.8148956298828
2022-03-16,156.2199249267578
2022-03-17,157.22813415527344
2022-03-18,160.51718139648438
2022-03-21,161.88760375976562
2022-03-22,165.25494384765625
2022-03-23,166.6156463623047
2022-03-24,170.3940887451172
2022-03-25,171.03038024902344
2022-03-28,171.89183044433594
2022-03-29,175.18084716796875
2022-03-30,174.01597595214844
2022-03-31,170.9226837158203
2022-04-01,170.62901306152344
2022-04-04,174.67185974121094
2022-04-05,171.3632354736328
2022-04-06,168.201416015625
2022-04-07,168.50485229492188
2022-04-08,166.49815368652344
2022-04-11,162.2498016357422
2022-04-12,164.1194610595703
2022-04-13,166.8015594482422
2022-04-14,161.7995147705078
2022-04-18,161.5841522216797
2022-04-19,163.86492919921875
2022-04-20,163.6985321044922
2022-04-21,162.9056854248047
2022-04-22,158.37339782714844
2022-04-25,159.4403839111328
2022-04-26,153.4888153076172
2022-04-27,153.263671875
2022-04-28,160.18435668945312
2022-04-29,154.32081604003906
2022-05-02,154.6243133544922
2022-05-03,156.11219787597656
2022-05-04,162.5140838623047
2022-05-05,153.45945739746094
2022-05-06,154.18487548828125
2022-05-09,149.0675811767578
2022-05-10,151.46939086914062
2022-05-11,143.61703491210938
2022-05-12,139.75454711914062
2022-05-13,144.21499633789062
2022-05-16,142.6759033203125
2022-05-17,146.3031005859375
2022-05-18,138.04879760742188
2022-05-19,134.64706420898438
2022-05-20,134.88232421875
2022-05-23,140.29373168945312
2022-05-24,137.59783935546875
2022-05-25,137.7546844482422
2022-05-26,140.95057678222656
2022-05-27,146.69522094726562
2022-05-31,145.9109649658203
2022-06-01,145.78353881835938
2022-06-02,148.23434448242188
2022-06-03,142.51904296875
2022-06-06,143.2640838623047
2022-06-07,145.78353881835938
2022-06-08,145.0482940673828
2022-06-09,139.83297729492188
2022-06-10,134.43141174316406
2022-06-13,129.2847137451172
2022-06-14,130.1473846435547
2022-06-15,132.76486206054688
2022-06-16,127.50051879882812
2022-06-17,128.9709930419922
2022-06-21,133.19619750976562
2022-06-22,132.68643188476562
2022-06-23,135.5489959716797
2022-06-24,138.87228393554688
2022-06-27,138.87228393554688
2022-06-28,134.7353057861328
2022-06-29,136.4900665283203
2022-06-30,134.0294952392578
2022-07-01,136.1959686279297
2022-07-05,138.77423095703125
2022-07-06,140.10748291015625
2022-07-07,143.469970703125
2022-07-08,144.14639282226562
2022-07-11,142.01907348632812
2022-07-12,142.98960876464844
2022-07-13,142.6268768310547
2022-07-14,145.54824829101562
2022-07-15,147.2147979736328
2022-07-18,144.1758270263672
2022-07-19,148.02845764160156
2022-07-20,150.02830505371094
2022-07-21,152.29283142089844
2022-07-22,151.05764770507812
2022-07-25,149.9400634765625
2022-07-26,148.61666870117188
2022-07-27,153.7045135498047
2022-07-28,154.25350952148438
2022-07-29,159.3119659423828
2022-08-01,158.3315887451172
2022-08-02,156.8611297607422
2022-08-03,162.8607177734375
2022-08-04,162.54702758789062
2022-08-05,162.32122802734375
2022-08-08,161.84999084472656
2022-08-09,161.8990936279297
2022-08-10,166.13995361328125
2022-08-11,165.40371704101562
2022-08-12,168.94760131835938
2022-08-15,170.01759338378906
2022-08-16,169.8605499267578
2022-08-17,171.35272216796875
2022-08-18,170.95999145507812
2022-08-19,168.37820434570312
2022-08-22,164.50054931640625
2022-08-23,164.1667938232422
2022-08-24,164.46127319335938
2022-08-25,166.91551208496094
2022-08-26,160.6229248046875
2022-08-29,158.4239501953125
2022-08-30,155.9991912841797
2022-08-31,154.3401336669922
2022-09-01,155.0666046142578
2022-09-02,152.95596313476562
2022-09-06,151.69943237304688
2022-09-07,153.1031951904297
2022-09-08,151.63070678710938
2022-09-09,154.48739624023438
2022-09-12,160.4364013671875
2022-09-13,151.02206420898438
2022-09-14,152.46511840820312
2022-09-15,149.57899475097656
2022-09-16,147.9395751953125
2022-09-19,151.6503448486328
2022-09-20,154.02598571777344
2022-09-21,150.90423583984375
2022-09-22,149.94216918945312
2022-09-23,147.6745147705078
2022-09-26,148.00830078125
2022-09-27,148.9801483154297
2022-09-28,147.09535217285156
2022-09-29,139.87010192871094
2022-09-30,135.66856384277344
2022-10-03,139.84066772460938
2022-10-04,143.42384338378906
2022-10-05,143.71832275390625
2022-10-06,142.76608276367188
2022-10-07,137.52391052246094
2022-10-10,137.84786987304688
2022-10-11,136.4342498779297
2022-10-12,135.8059844970703
2022-10-13,140.37083435058594
2022-10-14,135.8452606201172
2022-10-17,139.80137634277344
2022-10-18,141.1168975830078
2022-10-19,141.22486877441406
2022-10-20,140.76345825195312
2022-10-21,144.5723876953125
2022-10-24,146.7124786376953
2022-10-25,149.54953002929688
2022-10-26,146.61431884765625
2022-10-27,142.14764404296875
2022-10-28,152.88722229003906
2022-10-31,150.53121948242188
2022-11-01,147.89048767089844
2022-11-02,142.37339782714844
2022-11-03,136.33604431152344
2022-11-04,136.0706024169922
2022-11-07,136.60157775878906
2022-11-08,137.171875
2022-11-09,132.61917114257812
2022-11-10,144.4188995361328
2022-11-11,147.20169067382812
2022-11-14,145.8053741455078
2022-11-15,147.5359649658203
2022-11-16,146.30682373046875
2022-11-17,148.2046661376953
2022-11-18,148.76512145996094
2022-11-21,145.5398712158203
2022-11-22,147.6736297607422
2022-11-23,148.548828125
2022-11-25,145.63821411132812
2022-11-28,141.81312561035156
2022-11-29,138.8140106201172
2022-11-30,145.55953979492188
2022-12-01,145.83486938476562
2022-12-02,145.34320068359375
2022-12-05,144.18292236328125
2022-12-06,140.52500915527344
2022-12-07,138.58787536621094
2022-12-08,140.269287109375
2022-12-09,139.78749084472656
2022-12-12,142.07862854003906
2022-12-13,143.04229736328125
2022-12-14,140.82000732421875
2022-12-15,134.22195434570312
2022-12-16,132.26516723632812
2022-12-19,130.160888671875
2022-12-20,130.09207153320312
2022-12-21,133.18948364257812
2022-12-22,130.02322387695312
2022-12-23,129.65939331054688
2022-12-27,127.85991668701172
2022-12-28,123.93653869628906
2022-12-29,127.44693756103516
2022-12-30,127.76161193847656
2023-01-03,122.98270416259766
2023-01-04,124.2511749267578
2023-01-05,122.9335479736328
2023-01-06,127.45677947998048
2023-01-09,127.97792053222656
2023-01-10,128.54824829101562
2023-01-11,131.26220703125
2023-01-12,131.18353271484375
2023-01-13,132.51101684570312
2023-01-17,133.6713104248047
2023-01-18,132.95350646972656
2023-01-19,133.0124969482422
2023-01-20,135.56907653808594
2023-01-23,138.75503540039062
2023-01-24,140.15133666992188
2023-01-25,139.49252319335938
2023-01-26,141.55747985839844
2023-01-27,143.4945831298828
2023-01-30,140.61349487304688
2023-01-31,141.88194274902344
2023-02-01,143.00291442871094
2023-02-02,148.30294799804688
2023-02-03,151.92153930664062
2023-02-06,149.1977996826172
2023-02-07,152.0690460205078
2023-02-08,149.38461303710938
2023-02-09,148.35214233398438
2023-02-10,148.71649169921875
2023-02-13,151.5133819580078
2023-02-14,150.87326049804688
2023-02-15,152.9709014892578
2023-02-16,151.3755645751953
2023-02-17,150.233154296875
2023-02-21,146.22494506835938
2023-02-22,146.64840698242188
2023-02-23,147.13095092773438
2023-02-24,144.48182678222656
2023-02-27,145.67347717285156
2023-02-28,145.17120361328125
2023-03-01,143.10308837890625
2023-03-02,143.69398498535156
2023-03-03,148.73622131347656
2023-03-06,151.4936981201172
2023-03-07,149.2975616455078
2023-03-08,150.54827880859375
2023-03-09,148.30288696289062
2023-03-10,146.24464416503906
2023-03-13,148.18470764160156
2023-03-14,150.27249145507812
2023-03-15,150.66648864746094
2023-03-16,153.48301696777344
2023-03-17,152.64593505859375
2023-03-20,155.00950622558594
2023-03-21,156.86093139648438
2023-03-22,155.4329376220703
2023-03-23,156.5162353515625
2023-03-24,157.81619262695312
2023-03-27,155.8761444091797
2023-03-28,155.25567626953125
2023-03-29,158.3282928466797
2023-03-30,159.8941650390625
2023-03-31,162.3955535888672
2023-04-03,163.64627075195312
2023-04-04,163.11447143554688
2023-04-05,161.2728729248047
2023-04-06,162.15921020507812
2023-04-10,159.56915283203125
2023-04-11,158.35784912109375
2023-04-12,157.66847229003906
2023-04-13,163.0455322265625
2023-04-14,162.7008514404297
2023-04-17,162.72056579589844
2023-04-18,163.94174194335938
2023-04-19,165.0841064453125
2023-04-20,164.11898803710938
2023-04-21,162.51376342773438
2023-04-24,162.8190155029297
2023-04-25,161.2827606201172
2023-04-26,161.2728729248047
2023-04-27,165.85223388671875
2023-04-28,167.1029815673828
2023-05-01,167.0143280029297
2023-05-02,165.9802703857422
2023-05-03,164.90684509277344
2023-05-04,163.27203369140625
2023-05-05,170.93392944335938
2023-05-08,170.86495971679688
2023-05-09,169.16122436523438
2023-05-10,170.924072265625
2023-05-11,171.11117553710938
2023-05-12,170.1841278076172
2023-05-15,169.69105529785156
2023-05-16,169.69105529785156
2023-05-17,170.30250549316406
2023-05-18,172.62986755371094
2023-05-19,172.73834228515625
2023-05-22,171.7916259765625
2023-05-23,169.18812561035156
2023-05-24,169.46426391601562
2023-05-25,170.59832763671875
2023-05-26,173.0045928955078
2023-05-30,174.8487548828125
2023-05-31,174.79945373535156
2023-06-01,177.6001739501953
2023-06-02,178.44830322265625
2023-06-05,177.09722900390625
2023-06-06,176.7323760986328
2023-06-07,175.361572265625
2023-06-08,178.07354736328125
2023-06-09,178.45816040039062
2023-06-12,181.24903869628903
2023-06-13,180.7756805419922
2023-06-14,181.4068145751953
2023-06-15,183.4383087158203
2023-06-16,182.36341857910156
2023-06-20,182.4521484375
2023-06-21,181.41668701171875
2023-06-22,184.4146728515625
2023-06-23,184.09906005859375
2023-06-26,182.7085876464844
2023-06-27,185.45997619628903
2023-06-28,186.63351440429688
2023-06-29,186.96885681152344
2023-06-30,191.28826904296875
2023-07-03,189.79916381835935
2023-07-05,188.68478393554688
2023-07-06,189.1581268310547
2023-07-07,188.0437774658203
2023-07-10,186.00242614746097
2023-07-11,185.4797210693359
2023-07-12,187.14637756347656
2023-07-13,187.9057159423828
2023-07-14,188.0536346435547
2023-07-17,191.30799865722656
2023-07-18,191.05162048339844
2023-07-19,192.40267944335935
2023-07-20,190.4599151611328
2023-07-21,189.2863616943359
2023-07-24,190.0851593017578
2023-07-25,190.94314575195312
2023-07-26,191.8109588623047
2023-07-27,190.5486602783203
2023-07-28,193.12258911132812
2023-07-31,193.73402404785156
2023-08-01,192.90562438964844
2023-08-02,189.91749572753903
2023-08-03,188.5270233154297
2023-08-04,179.4739227294922
2023-08-07,176.37733459472656
2023-08-08,177.31417846679688
2023-08-09,175.72647094726562
2023-08-10,175.50950622558594
2023-08-11,175.56874084472656
2023-08-14,177.21786499023438
2023-08-15,175.2329864501953
2023-08-16,174.364013671875
2023-08-17,171.82611083984375
2023-08-18,172.3099822998047
2023-08-21,173.64309692382812
2023-08-22,175.0157470703125
2023-08-23,178.85716247558594
2023-08-24,174.17636108398438
2023-08-25,176.3784942626953
2023-08-28,177.93878173828125
2023-08-29,181.8196563720703
2023-08-30,185.30555725097656
2023-08-31,185.52279663085935
2023-09-01,187.09295654296875
2023-09-05,187.3299560546875
2023-09-06,180.62478637695312
2023-09-07,175.34161376953125
2023-09-08,175.95388793945312
2023-09-11,177.119140625
2023-09-12,174.09738159179688
2023-09-13,172.0334930419922
2023-09-14,173.54437255859375
2023-09-15,172.82347106933594
2023-09-18,175.7465057373047
2023-09-19,176.83277893066406
2023-09-20,173.29747009277344
2023-09-21,171.75697326660156
2023-09-22,172.60621643066406
2023-09-25,173.88011169433594
2023-09-26,169.8115997314453
2023-09-27,168.30068969726562
2023-09-28,168.5574493408203
2023-09-29,169.0709686279297
2023-10-02,171.57923889160156
2023-10-03,170.24610900878906
2023-10-04,171.49034118652344
2023-10-05,172.72474670410156
2023-10-06,175.27249145507812
2023-10-09,176.75375366210938
2023-10-10,176.1612548828125
2023-10-11,177.55361938476562
2023-10-12,178.4522705078125
2023-10-13,176.61550903320312
2023-10-16,176.4871368408203
2023-10-17,174.93673706054688
2023-10-18,173.64309692382812
2023-10-19,173.26785278320312
2023-10-20,170.72010803222656
2023-10-23,170.83859252929688
2023-10-24,171.27310180664062
2023-10-25,168.9623260498047
2023-10-26,164.804931640625
2023-10-27,166.1183319091797
2023-10-30,168.16246032714844
2023-10-31,168.636474609375
2023-11-01,171.7964630126953
2023-11-02,175.35150146484375
2023-11-03,174.44297790527344
2023-11-06,176.99073791503906
2023-11-07,179.5484161376953
2023-11-08,180.6050262451172
2023-11-09,180.13104248046875
2023-11-10,184.3136749267578
2023-11-13,182.7316131591797
2023-11-14,185.3420562744141
2023-11-15,185.9056701660156
2023-11-16,187.58663940429688
2023-11-17,187.56687927246097
2023-11-20,189.30715942382812
2023-11-21,188.5062255859375
2023-11-22,189.1687164306641
2023-11-24,187.84371948242188
2023-11-27,187.66574096679688
2023-11-28,188.26889038085935
2023-11-29,187.2504425048828
2023-11-30,187.82394409179688
2023-12-01,189.0995178222656
2023-12-04,187.3097381591797
2023-12-05,191.25509643554688
2023-12-06,190.16741943359375
2023-12-07,192.0956115722656
2023-12-08,193.51950073242188
2023-12-11,191.01779174804688
2023-12-12,192.53070068359375
2023-12-13,195.74429321289065
2023-12-14,195.89260864257812
2023-12-15,195.3586578369141
2023-12-18,193.6974639892578
2023-12-19,194.73570251464844
2023-12-20,192.6493377685547
2023-12-21,192.5010223388672
2023-12-22,191.43309020996097
2023-12-26,190.8892517089844
2023-12-27,190.98812866210935
2023-12-28,191.4133148193359
2023-12-29,190.37506103515625
2024-01-02,183.56219482421875
2024-01-03,182.18777465820312
2024-01-04,179.87393188476562
2024-01-05,179.152099609375
2024-01-08,183.48309326171875
2024-01-09,183.0677795410156
2024-01-10,184.10601806640625
2024-01-11,183.5127410888672
2024-01-12,183.83905029296875
2024-01-16,181.57470703125
2024-01-17,180.6352996826172
2024-01-18,186.51870727539065
2024-01-19,189.4159240722656
2024-01-22,191.71983337402344
2024-01-23,192.99539184570312
2024-01-24,192.3230133056641
2024-01-25,191.9967041015625
2024-01-26,190.26629638671875
2024-01-29,189.5840301513672
2024-01-30,185.935302734375
2024-01-31,182.33607482910156
2024-02-01,184.76852416992188
2024-02-02,183.7698516845703
2024-02-05,185.579345703125
2024-02-06,187.1812438964844
2024-02-07,187.29000854492188
2024-02-08,186.21218872070312
2024-02-09,186.9745635986328
2024-02-12,185.29139709472656
2024-02-13,183.2023468017578
2024-02-14,182.3211975097656
2024-02-15,182.03411865234375
2024-02-16,180.49948120117188
2024-02-20,179.75692749023438
2024-02-21,180.50938415527344
2024-02-22,182.53900146484375
2024-02-23,180.70741271972656
2024-02-26,179.36093139648438
2024-02-27,180.8163146972656
2024-02-28,179.61831665039062
2024-02-29,178.95497131347656
2024-03-01,177.87582397460938
2024-03-04,173.36106872558594
2024-03-05,168.4305419921875
2024-03-06,167.44046020507812
2024-03-07,167.32168579101562
2024-03-08,169.03451538085938
2024-03-11,171.03440856933594
2024-03-12,171.50965881347656
2024-03-13,169.4305419921875
2024-03-14,171.28195190429688
2024-03-15,170.90573120117188
2024-03-18,171.99478149414062
2024-03-19,174.3313751220703
2024-03-20,176.89561462402344
2024-03-21,169.6681365966797
2024-03-22,170.56907653808594
2024-03-25,169.15330505371094
2024-03-26,168.02462768554688
2024-03-27,171.58885192871094
2024-03-28,169.77703857421875
2024-04-01,168.34146118164062
2024-04-02,167.1632537841797
2024-04-03,167.96519470214844
2024-04-04,167.14346313476562
2024-04-05,167.89590454101562
2024-04-08,166.7771453857422
2024-04-09,167.98501586914062
2024-04-10,166.11376953125
2024-04-11,173.30166625976562
2024-04-12,174.79669189453125
2024-04-15,170.97503662109375
2024-04-16,167.69790649414062
2024-04-17,166.33160400390625
2024-04-18,165.38111877441406
2024-04-19,163.3613739013672
2024-04-22,164.19305419921875
2024-04-23,165.24252319335938
2024-04-24,167.34146118164062
2024-04-25,168.2028350830078
2024-04-26,167.61868286132812
2024-04-29,171.7769775390625
2024-04-30,168.6384735107422
2024-05-01,167.61868286132812
2024-05-02,171.3116455078125
2024-05-03,181.5588836669922
2024-05-06,179.90545654296875
2024-05-07,180.58859252929688
2024-05-08,180.92523193359375
2024-05-09,182.7370452880859
2024-05-10,181.4779510498047
2024-05-13,184.6802215576172
2024-05-14,185.82032775878903
2024-05-15,188.09068298339844
2024-05-16,188.2096405029297
2024-05-17,188.2393798828125
2024-05-20,189.39930725097656
2024-05-21,190.69810485839844
2024-05-22,189.2605133056641
2024-05-23,185.2750701904297
2024-05-24,188.34844970703125
2024-05-28,188.3583526611328
2024-05-29,188.65577697753903
2024-05-30,189.6471710205078
2024-05-31,190.59893798828125
2024-06-03,192.3636474609375
2024-06-04,192.680908203125
2024-06-05,194.1878662109375
2024-06-06,192.80978393554688
2024-06-07,195.1990966796875
2024-06-10,191.4614715576172
2024-06-11,205.37098693847656
2024-06-12,211.2401428222656
2024-06-13,212.40008544921875
2024-06-14,210.66514587402344
2024-06-17,214.80921936035156
2024-06-18,212.44964599609375
2024-06-20,207.87924194335935
2024-06-21,205.70806884765625
2024-06-24,206.3524627685547
2024-06-25,207.2744903564453
2024-06-26,211.41860961914065
2024-06-27,212.2613067626953
2024-06-28,208.81117248535156
2024-07-01,214.88856506347656
2024-07-02,218.37831115722656
2024-07-03,219.6473388671875
2024-07-05,224.3961639404297
2024-07-08,225.86346435546875
2024-07-09,226.7160797119141
2024-07-10,230.97914123535156
2024-07-11,225.6156463623047
2024-07-12,228.5601043701172
2024-07-15,232.386962890625
2024-07-16,232.80335998535156
2024-07-17,226.91436767578125
2024-07-18,222.2547149658203
2024-07-19,222.38363647460935
2024-07-22,222.03662109375
2024-07-23,223.0775909423828
2024-07-24,216.66314697265625
2024-07-25,215.62217712402344
2024-07-26,216.08816528320312
2024-07-29,216.36575317382812
2024-07-30,216.92092895507812
2024-07-31,220.1727752685547
2024-08-01,216.48471069335935
2024-08-02,217.97183227539065
2024-08-05,207.47279357910156
2024-08-06,205.45030212402344
2024-08-07,208.01808166503903
2024-08-08,211.4780731201172
2024-08-09,214.3829345703125
2024-08-12,215.91146850585935
2024-08-13,219.6236572265625
2024-08-14,220.0702667236328
2024-08-15,223.0479736328125
2024-08-16,224.3680877685547
2024-08-19,224.20925903320312
2024-08-20,224.8246612548828
2024-08-21,224.71546936035156
2024-08-22,222.85939025878903
2024-08-23,225.15219116210935
2024-08-26,225.4896545410156
2024-08-27,226.33335876464844
2024-08-28,224.80479431152344
2024-08-29,228.08026123046875
2024-08-30,227.2961273193359
2024-09-03,221.11248779296875
2024-09-04,219.2067718505859
2024-09-05,220.7253875732422
2024-09-06,219.1769866943359
2024-09-09,219.26632690429688
2024-09-10,218.4722900390625
2024-09-11,221.0033264160156
2024-09-12,221.11248779296875
2024-09-13,220.8444671630859
2024-09-16,214.7104949951172
2024-09-17,215.17697143554688
2024-09-18,219.04795837402344
2024-09-19,227.16709899902344
2024-09-20,226.5020751953125
2024-09-23,224.7849578857422
2024-09-24,225.67823791503903
2024-09-25,224.68569946289065
2024-09-26,225.82713317871097
2024-09-27,226.09510803222656
2024-09-30,231.266357421875
2024-10-01,224.52687072753903
2024-10-02,225.09263610839844
2024-10-03,223.99087524414065
2024-10-04,225.1125030517578
2024-10-07,220.04049682617188
2024-10-08,224.09014892578125
2024-10-09,227.83209228515625
2024-10-10,227.33583068847656
2024-10-11,225.85691833496097
2024-10-14,229.57899475097656
2024-10-15,232.11004638671875
2024-10-16,230.0554351806641
2024-10-17,230.42266845703125
2024-10-18,233.25148010253903
2024-10-21,234.7204742431641
2024-10-22,234.10508728027344
2024-10-23,229.04299926757812
2024-10-24,228.8544464111328
2024-10-25,229.6881866455078
2024-10-28,231.6633758544922
2024-10-29,231.93136596679688
2024-10-30,228.387939453125
2024-10-31,224.2291259765625
2024-11-01,221.25144958496097
2024-11-04,220.3581390380859
2024-11-05,221.78741455078125
2024-11-06,221.06285095214844
2024-11-07,225.78741455078125
2024-11-08,225.51914978027344
2024-11-11,222.8064727783203
2024-11-12,222.8064727783203
2024-11-13,223.6908264160156
2024-11-14,226.77114868164065
2024-11-15,223.5715789794922
2024-11-18,226.57241821289065
2024-11-19,226.8307647705078
2024-11-20,227.54620361328125
2024-11-21,227.0692596435547
2024-11-22,228.41067504882812
2024-11-25,231.39161682128903
2024-11-26,233.56771850585935
2024-11-27,233.43853759765625
2024-11-29,235.8233184814453
2024-12-02,238.0689239501953
2024-12-03,241.10952758789065
2024-12-04,241.4672393798828
2024-12-05,241.49703979492188
2024-12-06,241.29830932617188
2024-12-09,245.1835021972656
2024-12-10,246.19705200195312
2024-12-11,244.9251708984375
2024-12-12,246.3858337402344
2024-12-13,246.55474853515625
2024-12-16,249.44625854492188
2024-12-17,251.87075805664065
2024-12-18,246.4752655029297
2024-12-19,248.2041931152344
2024-12-20,252.8743896484375
2024-12-23,253.64944458007812
2024-12-24,256.56085205078125
2024-12-26,257.3756103515625
2024-12-27,253.9674072265625
2024-12-30,250.59890747070312
2024-12-31,248.8302001953125
2025-01-02,242.30191040039065
2025-01-03,241.8150177001953
2025-01-06,243.4446258544922
2025-01-07,240.67233276367188
2025-01-08,241.1592254638672
2025-01-10,235.3463592529297
2025-01-13,232.91189575195312
2025-01-14,231.79901123046875
2025-01-15,236.35989379882812
2025-01-16,226.81088256835935
2025-01-17,228.5199737548828
2025-01-21,221.2265625
2025-01-22,222.40902709960935
2025-01-23,222.24008178710935
2025-01-24,221.36569213867188
2025-01-27,228.40072631835935
2025-01-28,236.74740600585935
2025-01-29,237.8404083251953
2025-01-30,236.0816650390625
2025-01-31,234.50173950195312
2025-02-03,226.56246948242188
2025-02-04,231.32208251953125
2025-02-05,230.99417114257812
2025-02-06,231.73941040039065
2025-02-07,226.1848907470703
2025-02-10,226.45347595214844
2025-02-11,231.3973388671875
2025-02-12,235.62501525878903
2025-02-13,240.26052856445312
2025-02-14,243.31439208984375
2025-02-18,243.18507385253903
2025-02-19,243.58297729492188
2025-02-20,244.5379180908203
2025-02-21,244.25938415527344
2025-02-24,245.80125427246097
2025-02-25,245.74156188964844
2025-02-26,239.09666442871097
2025-02-27,236.05276489257812
2025-02-28,240.5688934326172
2025-03-03,236.7789306640625
2025-03-04,234.68992614746097
2025-03-05,234.50096130371097
2025-03-06,234.09310913085935
2025-03-07,237.81344604492188
2025-03-10,226.28436279296875
2025-03-11,219.67926025390625
2025-03-12,215.83956909179688
2025-03-13,208.5779266357422
2025-03-14,212.36788940429688
2025-03-17,212.8752288818359
2025-03-18,211.57208251953125
2025-03-19,214.10870361328125
2025-03-20,212.9747009277344
2025-03-21,217.12277221679688
2025-03-24,219.56983947753903
2025-03-25,222.573974609375
2025-03-26,220.3656311035156
2025-03-27,222.67344665527344
2025-03-28,216.7547149658203
2025-03-31,220.9624786376953
2025-04-01,222.0169219970703
2025-04-02,222.71324157714844
2025-04-03,202.12203979492188
2025-04-04,187.3898773193359
2025-04-07,180.5062561035156
2025-04-08,171.51376342773438
2025-04-09,197.8048553466797
2025-04-10,189.4191436767578
2025-04-11,197.1085205078125
2025-04-14,201.45555114746097
2025-04-15,201.0775604248047
2025-04-16,193.2489471435547
2025-04-17,195.94467163085935
2025-04-21,192.1447601318359
2025-04-22,198.690185546875
2025-04-23,203.52462768554688
2025-04-24,207.2748107910156
2025-04-25,208.18002319335935
2025-04-28,209.03550720214844
2025-04-29,210.09988403320312
2025-04-30,211.3831024169922
2025-05-01,212.1988067626953
2025-05-02,204.27069091796875
2025-05-05,197.8446350097656
2025-05-06,197.46661376953125
2025-05-07,195.2185211181641
2025-05-08,196.45201110839844
2025-05-09,197.4865264892578
2025-05-12,209.95704650878903
2025-05-13,212.0886077880859
2025-05-14,211.490966796875
2025-05-15,210.6144256591797
2025-05-16,210.4252014160156
2025-05-19,207.9550018310547
2025-05-20,206.04258728027344
2025-05-21,201.2914276123047
2025-05-22,200.56431579589844
2025-05-23,194.49838256835935
2025-05-27,199.4188690185547
2025-05-28,199.62803649902344
2025-05-29,199.1598968505859
2025-05-30,200.0563507080078
2025-06-02,200.90298461914065
2025-06-03,202.46678161621097
2025-06-04,202.0185546875
2025-06-05,199.83721923828125
2025-06-06,203.11419677734375
2025-06-09,200.6539764404297
2025-06-10,201.86912536621097
2025-06-11,197.99452209472656
2025-06-12,198.4128570556641
2025-06-13,195.6737060546875
2025-06-16,197.63595581054688
2025-06-17,194.8669281005859
2025-06-18,195.80319213867188
2025-06-20,200.20574951171875
2025-06-23,200.70376586914065
2025-06-24,199.5084991455078
2025-06-25,200.76353454589844
2025-06-26,200.20574951171875
2025-06-27,200.28543090820312
2025-06-30,204.35926818847656
2025-07-01,206.9987945556641
2025-07-02,211.60055541992188
2025-07-03,212.70616149902344
2025-07-07,209.120361328125
2025-07-08,209.1801300048828
2025-07-09,210.3056640625
2025-07-10,211.57064819335935
2025-07-11,210.3256072998047
2025-07-14,207.79562377929688
2025-07-15,208.28369140625
2025-07-16,209.3295440673828
2025-07-17,209.1901092529297
2025-07-18,210.34548950195312
2025-07-21,211.6403656005859
2025-07-22,213.5527801513672
2025-07-23,213.30377197265625
2025-07-24,212.91531372070312
2025-07-25,213.03485107421875
2025-07-28,213.2041778564453
2025-07-29,210.43516540527344
2025-07-30,208.2239227294922
2025-07-31,206.7497711181641
2025-08-01,201.5803070068359
2025-08-04,202.5464630126953
2025-08-05,202.1181640625
2025-08-06,212.40733337402344
2025-08-07,219.1605529785156
2025-08-08,228.44374084472656
2025-08-11,226.5391082763672
2025-08-12,229.0021209716797
2025-08-13,232.6717529296875
2025-08-14,232.1233062744141
2025-08-15,230.9366455078125
2025-08-18,230.23861694335935
2025-08-19,229.90956115722656
2025-08-20,225.3723907470703
2025-08-21,224.26551818847656
2025-08-22,227.11746215820312
2025-08-25,226.5191650390625
2025-08-26,228.6630859375
2025-08-27,229.8397674560547
2025-08-28,231.9039306640625
2025-08-29,231.485107421875
2025-09-02,229.0719451904297
2025-09-03,237.79725646972656
2025-09-04,239.1035614013672
2025-09-05,239.0137939453125
2025-09-08,237.2089080810547
2025-09-09,233.6888732910156
2025-09-10,226.1501922607422
2025-09-11,229.3810577392578
2025-09-12,233.40968322753903
2025-09-15,236.0322265625
2025-09-16,237.4781494140625
2025-09-17,238.3157958984375
2025-09-18,237.2089080810547
2025-09-19,244.8074188232422
2025-09-22,255.35755920410156
2025-09-23,253.71221923828125
2025-09-24,251.59820556640625
2025-09-25,256.14532470703125
2025-09-26,254.73931884765625
2025-09-29,253.71221923828125
2025-09-30,253.9116668701172
2025-10-01,254.72933959960935
2025-10-02,256.40460205078125
2025-10-03,257.2920837402344
2025-10-06,255.9658660888672
2025-10-07,255.7564392089844
2025-10-08,257.33197021484375
2025-10-09,253.32330322265625
2025-10-10,244.57806396484375
2025-10-13,246.9613342285156
2025-10-14,247.07101440429688
2025-10-15,248.63656616210935
2025-10-16,246.7519073486328
2025-10-17,251.5782470703125
2025-10-20,261.50018310546875
2025-10-21,262.0286865234375
2025-10-22,257.72088623046875
2025-10-23,258.84765625
2025-10-24,262.07855224609375
2025-10-27,268.0516662597656
2025-10-28,268.2411193847656
2025-10-29,268.93914794921875
2025-10-30,270.63433837890625
2025-10-31,269.6072692871094
2025-11-03,268.29095458984375
2025-11-04,269.2781982421875
2025-11-05,269.3779296875
2025-11-06,269.0089416503906
2025-11-07,267.7126159667969
2025-11-10,268.93035888671875
2025-11-11,274.73956298828125
2025-11-12,272.9628601074219
2025-11-13,272.44384765625
2025-11-14,271.9048156738281
2025-11-17,266.9639892578125
2025-11-18,266.9440612792969
2025-11-19,268.06195068359375
2025-11-20,265.7562561035156
2025-11-21,270.98651123046875
2025-11-24,275.4083251953125
2025-11-25,276.4563903808594
2025-11-26,277.0352783203125
2025-11-28,278.3328857421875
2025-12-01,282.57501220703125
2025-12-02,285.6592712402344
2025-12-03,283.623046875
2025-12-04,280.179443359375
2025-12-05,278.26300048828125
2025-12-08,277.3746643066406
2025-12-09,276.66595458984375
2025-12-10,278.26300048828125
2025-12-11,277.514404296875
2025-12-12,277.7639465332031
2025-12-15,273.6016540527344
2025-12-16,274.1007385253906
2025-12-17,271.33587646484375
2025-12-18,271.68524169921875
2025-12-19,273.1625061035156
2025-12-22,270.4674987792969
2025-12-23,271.85491943359375
2025-12-24,273.3022155761719
2025-12-26,272.8929748535156
2025-12-29,273.2523498535156
2025-12-30,272.5735778808594
2025-12-31,271.3558349609375
2026-01-02,270.5074157714844
2026-01-05,266.7643737792969
2026-01-06,261.8734436035156
2026-01-07,259.8471984863281
2026-01-08,258.55963134765625
2026-01-09,258.8890075683594
2026-01-12,259.76739501953125
2026-01-13,260.5658874511719
2026-01-14,259.4779052734375
2026-01-15,257.73114013671875
2026-01-16,255.05613708496097
2026-01-20,246.2425079345703
2026-01-21,247.1907501220703
2026-01-22,247.8894500732422
2026-01-23,247.58001708984375
2026-01-26,254.9363555908203
2026-01-27,257.791015625
2026-01-28,255.96446228027344
2026-01-29,257.801025390625
2026-01-30,258.9988098144531
2026-02-02,269.5093078613281
2026-02-03,268.98028564453125
2026-02-04,275.97723388671875
2026-02-05,275.3983459472656
2026-02-06,277.6042175292969
2026-02-09,274.3672180175781
2026-02-10,273.4280700683594
2026-02-11,275.24639892578125
2026-02-12,261.4891052246094
2026-02-13,255.5445556640625
2026-02-17,263.6371154785156
2026-02-18,264.106689453125
2026-02-19,260.3401184082031
2026-02-20,264.3364562988281
2026-02-23,265.9349670410156
2026-02-24,271.8895263671875
2026-02-25,273.97760009765625
2026-02-26,272.6987609863281
2026-02-27,263.93682861328125
2026-03-02,264.476318359375
2026-03-03,263.5072326660156
2026-03-04,262.2783508300781
2026-03-05,260.0504150390625
2026-03-06,257.2229919433594
2026-03-09,259.6407775878906
2026-03-10,260.58990478515625
2026-03-11,260.5699157714844
2026-03-12,255.52456665039065
2026-03-13,249.8897705078125
2026-03-16,252.58729553222656
2026-03-17,253.99598693847656
2026-03-18,249.70994567871097
2026-03-19,248.73085021972656
2026-03-20,247.76173400878903
2026-03-23,251.25851440429688
2026-03-24,251.4083709716797
2026-03-25,252.3874664306641
2026-03-26,252.6572265625
2026-03-27,248.57098388671875
2026-03-30,246.40298461914065
2026-03-31,253.5563812255859
2026-04-01,255.3946990966797
2026-04-02,255.68443298339844
2026-04-06,258.6217041015625
2026-04-07,253.26666259765625
2026-04-08,258.66168212890625
2026-04-09,260.2502136230469
2026-04-10,260.240234375
2026-04-13,258.96142578125
2026-04-14,258.59173583984375
2026-04-15,266.18475341796875
2026-04-16,263.15753173828125
2026-04-17,269.98126220703125
2026-04-20,272.79864501953125
2026-04-21,265.9250183105469
2026-04-22,272.9185791015625
2026-04-23,273.1783142089844
2026-04-24,270.81048583984375
2026-04-27,267.3636474609375
2026-04-28,270.4608154296875
2026-04-29,269.92132568359375
2026-04-30,271.1002502441406
2026-05-01,279.88214111328125
2026-05-04,276.5751647949219
2026-05-05,283.9184265136719
2026-05-06,287.245361328125
2026-05-07,287.1754150390625
2026-05-08,293.0500183105469
2026-05-11,292.67999267578125
2026-05-12,294.79998779296875
2026-05-13,298.8699951171875
2026-05-14,298.2099914550781
2026-05-15,300.2300109863281
2026-05-18,297.8399963378906
2026-05-19,298.9700012207031
2026-05-20,302.25
2026-05-21,304.989990234375
2026-05-22,308.82000732421875
2026-05-26,308.3299865722656
2026-05-27,310.8500061035156
2026-05-28,312.510009765625
2026-05-29,312.05999755859375
2026-06-01,306.30999755859375
2026-06-02,315.20001220703125
2026-06-03,310.260009765625
2026-06-04,311.2300109863281
2026-06-05,307.3399963378906
2026-06-08,301.5400085449219
2026-06-09,290.54998779296875
2026-06-10,291.5799865722656
2026-06-11,295.6300048828125
2026-06-12,291.1300048828125
2026-06-15,296.4200134277344
2026-06-16,299.239990234375
2026-06-17,295.95001220703125
2026-06-18,298.010009765625
2026-06-22,297.010009765625
2026-06-23,294.29998779296875
2026-06-24,293.0799865722656
2026-06-25,275.1499938964844
2026-06-26,283.7799987792969
2026-06-29,281.739990234375
2026-06-30,289.3599853515625
2026-07-01,294.3800048828125
2026-07-02,308.6300048828125
