date,adj close
2004-02-02,50.095333099365234
2004-02-03,50.232391357421875
2004-02-04,50.23729705810547
2004-02-05,50.095333099365234
2004-02-06,50.30091094970703
2004-02-09,50.33515167236328
2004-02-10,50.22746658325195
2004-02-11,50.42325210571289
2004-02-12,50.42816925048828
2004-02-13,50.65330123901367
2004-02-17,50.530967712402344
2004-02-18,50.49180221557617
2004-02-19,50.545631408691406
2004-02-20,50.38898468017578
2004-02-23,50.52604293823242
2004-02-24,50.481990814208984
2004-02-25,50.59945297241211
2004-02-26,50.5162467956543
2004-02-27,50.65330123901367
2004-03-01,50.67586517333984
2004-03-02,50.49925231933594
2004-03-03,50.44526290893555
2004-03-04,50.567928314208984
2004-03-05,50.9407958984375
2004-03-08,51.112552642822266
2004-03-09,51.18610382080078
2004-03-10,51.127254486083984
2004-03-11,51.24009323120117
2004-03-12,51.08309555053711
2004-03-15,51.09288787841797
2004-03-16,51.21555709838867
2004-03-17,51.191017150878906
2004-03-18,51.14196014404297
2004-03-19,51.08796310424805
2004-03-22,51.22046661376953
2004-03-23,51.22542572021485
2004-03-24,51.254844665527344
2004-03-25,51.22542572021485
2004-03-26,51.048736572265625
2004-03-29,50.95553207397461
2004-03-30,50.75434875488281
2004-03-31,50.99968719482422
2004-04-01,51.0242805480957
2004-04-02,50.55704116821289
2004-04-05,50.24712371826172
2004-04-06,50.38978958129883
2004-04-07,50.266815185546875
2004-04-08,50.29634475708008
2004-04-12,50.28160095214844
2004-04-13,50.19305038452149
2004-04-14,50.04549407958984
2004-04-15,49.97176361083984
2004-04-16,50.10945892333984
2004-04-19,50.04549407958984
2004-04-20,49.88317108154297
2004-04-21,49.765113830566406
2004-04-22,49.947113037109375
2004-04-23,49.84878158569336
2004-04-26,49.834014892578125
2004-04-27,49.957000732421875
2004-04-28,49.72577667236328
2004-04-29,49.58317184448242
2004-04-30,49.568389892578125
2004-05-03,49.49446487426758
2004-05-04,49.58320999145508
2004-05-05,49.51909637451172
2004-05-06,49.36619567871094
2004-05-07,48.94702911376953
2004-05-10,48.87303924560547
2004-05-11,48.996315002441406
2004-05-12,48.92731475830078
2004-05-13,48.917423248291016
2004-05-14,48.92731475830078
2004-05-17,49.17390441894531
2004-05-18,49.19852828979492
2004-05-19,49.11469650268555
2004-05-20,49.24784851074219
2004-05-21,49.16891860961914
2004-05-24,49.20833969116211
2004-05-25,49.193599700927734
2004-05-26,49.31691360473633
2004-05-27,49.5535888671875
2004-05-28,49.381011962890625
2004-06-01,49.3250732421875
2004-06-02,49.34488296508789
2004-06-03,49.3250732421875
2004-06-04,49.22117614746094
2004-06-07,49.27067947387695
2004-06-08,49.15193557739258
2004-06-09,49.16679000854492
2004-06-10,49.117332458496094
2004-06-14,48.97873306274414
2004-06-15,49.394325256347656
2004-06-16,49.29539108276367
2004-06-17,49.349849700927734
2004-06-18,49.424041748046875
2004-06-21,49.488380432128906
2004-06-22,49.46858215332031
2004-06-23,49.428993225097656
2004-06-24,49.616966247558594
2004-06-25,49.60215377807617
2004-06-28,49.43888092041016
2004-06-29,49.349849700927734
2004-06-30,49.74065399169922
2004-07-01,49.8036994934082
2004-07-02,50.121341705322266
2004-07-06,50.08661651611328
2004-07-07,50.05681991577149
2004-07-08,50.11140060424805
2004-07-09,49.962528228759766
2004-07-12,50.11140060424805
2004-07-13,50.05681991577149
2004-07-14,50.08661651611328
2004-07-15,49.99230194091797
2004-07-16,50.324806213378906
2004-07-19,50.250362396240234
2004-07-20,50.11638259887695
2004-07-21,49.99725341796875
2004-07-22,50.10647201538086
2004-07-23,50.220584869384766
2004-07-26,49.98735046386719
2004-07-27,49.87314224243164
2004-07-28,49.94765090942383
2004-07-29,49.83349609375
2004-07-30,50.20077133178711
2004-08-02,50.186805725097656
2004-08-03,50.25653839111328
2004-08-04,50.36604309082031
2004-08-05,50.40090560913086
2004-08-06,50.72451400756836
2004-08-09,50.759376525878906
2004-08-10,50.62493515014648
2004-08-11,50.65978240966797
2004-08-12,50.76435089111328
2004-08-13,50.863895416259766
2004-08-16,50.8041877746582
2004-08-17,50.953556060791016
2004-08-18,50.78923034667969
2004-08-19,50.95851135253906
2004-08-20,50.80915451049805
2004-08-23,50.824119567871094
2004-08-24,50.82904815673828
2004-08-25,50.83406829833984
2004-08-26,50.92865753173828
2004-08-27,50.963523864746094
2004-08-30,51.01328659057617
2004-08-31,51.01328659057617
2004-09-01,51.197078704833984
2004-09-02,50.99232864379883
2004-09-03,50.96733474731445
2004-09-07,50.962371826171875
2004-09-08,51.11717224121094
2004-09-09,51.06723403930664
2004-09-10,51.177093505859375
2004-09-13,51.227020263671875
2004-09-14,51.28202819824219
2004-09-15,51.25206756591797
2004-09-16,51.406864166259766
2004-09-17,51.19206237792969
2004-09-20,51.411827087402344
2004-09-21,51.3968505859375
2004-09-22,51.56669235229492
2004-09-23,51.411827087402344
2004-09-24,51.42684173583984
2004-09-27,51.411827087402344
2004-09-28,51.496726989746094
2004-09-29,51.202049255371094
2004-09-30,51.2769660949707
2004-10-01,51.18527603149414
2004-10-04,51.20036315917969
2004-10-05,51.19535446166992
2004-10-06,51.10011672973633
2004-10-07,51.10011672973633
2004-10-08,51.35062026977539
2004-10-11,51.400733947753906
2004-10-12,51.35062026977539
2004-10-13,51.42576599121094
2004-10-14,51.671260833740234
2004-10-15,51.57608413696289
2004-10-18,51.53102111816406
2004-10-19,51.55605697631836
2004-10-20,51.736419677734375
2004-10-21,51.606163024902344
2004-10-22,51.73140335083008
2004-10-25,51.791500091552734
2004-10-26,51.64122009277344
2004-10-27,51.526004791259766
2004-10-28,51.586124420166016
2004-10-29,51.72138595581055
2004-11-01,51.61033248901367
2004-11-02,51.56513595581055
2004-11-03,51.675655364990234
2004-11-04,51.63045501708984
2004-11-05,51.49983215332031
2004-11-08,51.31393814086914
2004-11-09,51.434539794921875
2004-11-10,51.37431716918945
2004-11-11,51.42445755004883
2004-11-12,51.48475646972656
2004-11-15,51.509864807128906
2004-11-16,51.45961380004883
2004-11-17,51.59024810791016
2004-11-18,51.61033248901367
2004-11-19,51.50483322143555
2004-11-22,51.585166931152344
2004-11-23,51.55508041381836
2004-11-24,51.60530471801758
2004-11-26,51.45459747314453
2004-11-29,51.31393814086914
2004-11-30,51.33910369873047
2004-12-01,51.146602630615234
2004-12-02,51.24237823486328
2004-12-03,51.53961563110352
2004-12-06,51.59506607055664
2004-12-07,51.6655387878418
2004-12-08,51.84196853637695
2004-12-09,51.77138137817383
2004-12-10,51.70591735839844
2004-12-13,51.781490325927734
2004-12-14,51.831825256347656
2004-12-15,51.94774627685547
2004-12-16,51.7462158203125
2004-12-17,51.6202392578125
2004-12-20,51.6706428527832
2004-12-21,51.6706428527832
2004-12-22,51.781490325927734
2004-12-23,51.80664825439453
2004-12-27,51.61012268066406
2004-12-28,51.584922790527344
2004-12-29,51.57489013671875
2004-12-30,51.6806755065918
2004-12-31,51.74845123291016
2005-01-03,51.74845123291016
2005-01-04,51.69791030883789
2005-01-05,51.67769241333008
2005-01-06,51.71306991577149
2005-01-07,51.69791030883789
2005-01-10,51.67262268066406
2005-01-11,51.743377685546875
2005-01-12,51.81916427612305
2005-01-13,51.94552230834961
2005-01-14,51.758548736572266
2005-01-18,51.89493942260742
2005-01-19,51.97077178955078
2005-01-20,52.04153060913086
2005-01-21,52.06683349609375
2005-01-24,52.076908111572266
2005-01-25,51.98591232299805
2005-01-26,51.96066665649414
2005-01-27,51.88991928100586
2005-01-28,52.06683349609375
2005-01-31,52.001094818115234
2005-02-01,52.05633163452149
2005-02-02,52.09686279296875
2005-02-03,52.03099822998047
2005-02-04,52.24898910522461
2005-02-07,52.25910568237305
2005-02-08,52.289493560791016
2005-02-09,52.43144989013672
2005-02-10,52.162803649902344
2005-02-11,52.23375701904297
2005-02-14,52.243873596191406
2005-02-15,52.142486572265625
2005-02-16,52.08171081542969
2005-02-17,52.05633163452149
2005-02-18,52.07157516479492
2005-02-22,51.924564361572266
2005-02-23,51.94990921020508
2005-02-24,51.899227142333984
2005-02-25,51.94483184814453
2005-02-28,51.808013916015625
2005-03-01,51.77086639404297
2005-03-02,51.70479965209961
2005-03-03,51.74542236328125
2005-03-04,51.89288330078125
2005-03-07,51.908084869384766
2005-03-08,51.79630279541016
2005-03-09,51.48115158081055
2005-03-10,51.42013931274414
2005-03-11,51.46076965332031
2005-03-14,51.440467834472656
2005-03-15,51.45063400268555
2005-03-16,51.4862174987793
2005-03-17,51.476051330566406
2005-03-18,51.440467834472656
2005-03-21,51.440467834472656
2005-03-22,51.16092300415039
2005-03-23,51.22698211669922
2005-03-24,51.2574462890625
2005-03-28,51.15583038330078
2005-03-29,51.125343322753906
2005-03-30,51.27778244018555
2005-03-31,51.30325698852539
2005-04-01,51.60567092895508
2005-04-04,51.54444885253906
2005-04-05,51.44247817993164
2005-04-06,51.57506561279297
2005-04-07,51.51390075683594
2005-04-08,51.51390075683594
2005-04-11,51.61079025268555
2005-04-12,51.753570556640625
2005-04-13,51.82500457763672
2005-04-14,51.87091827392578
2005-04-15,52.05449676513672
2005-04-18,51.993289947509766
2005-04-19,52.05961227416992
2005-04-20,52.09526443481445
2005-04-21,51.96783828735352
2005-04-22,52.074951171875
2005-04-25,52.05449676513672
2005-04-26,51.92702102661133
2005-04-27,52.141239166259766
2005-04-28,52.27385711669922
2005-04-29,52.1871223449707
2005-05-02,52.1891975402832
2005-05-03,52.153358459472656
2005-05-04,52.20963668823242
2005-05-05,52.245460510253906
2005-05-06,52.051021575927734
2005-05-09,52.01007843017578
2005-05-10,52.06637191772461
2005-05-11,52.153358459472656
2005-05-12,52.27617263793945
2005-05-13,52.32731628417969
2005-05-16,52.25054931640625
2005-05-17,52.31196594238281
2005-05-18,52.45014190673828
2005-05-19,52.32219696044922
2005-05-20,52.26082992553711
2005-05-23,52.43478012084961
2005-05-24,52.52687454223633
2005-05-25,52.516624450683594
2005-05-26,52.5115852355957
2005-05-27,52.47575759887695
2005-05-31,52.61899948120117
2005-06-01,53.008201599121094
2005-06-02,52.97228240966797
2005-06-03,52.83879852294922
2005-06-06,52.84907913208008
2005-06-07,52.98765182495117
2005-06-08,52.89016342163086
2005-06-09,52.884971618652344
2005-06-10,52.67959213256836
2005-06-13,52.63341522216797
2005-06-14,52.56664276123047
2005-06-15,52.53583526611328
2005-06-16,52.69499206542969
2005-06-17,52.69499206542969
2005-06-20,52.57693862915039
2005-06-21,52.79255676269531
2005-06-22,53.01850128173828
2005-06-23,52.9671516418457
2005-06-24,53.04927444458008
2005-06-27,53.09036636352539
2005-06-28,52.93629837036133
2005-06-29,52.91064453125
2005-06-30,53.080081939697266
2005-07-01,52.89101791381836
2005-07-05,52.69527816772461
2005-07-06,52.77769088745117
2005-07-07,52.84464645385742
2005-07-08,52.75709915161133
2005-07-11,52.762264251708984
2005-07-12,52.73652267456055
2005-07-13,52.66435241699219
2005-07-14,52.66435241699219
2005-07-15,52.690147399902344
2005-07-18,52.597415924072266
2005-07-19,52.62318420410156
2005-07-20,52.710750579833984
2005-07-21,52.437740325927734
2005-07-22,52.514991760253906
2005-07-25,52.514991760253906
2005-07-26,52.57166290283203
2005-07-27,52.540771484375
2005-07-28,52.69527816772461
2005-07-29,52.53045272827149
2005-08-01,52.4999885559082
2005-08-02,52.38629531860352
2005-08-03,52.55683517456055
2005-08-04,52.505157470703125
2005-08-05,52.24674606323242
2005-08-08,52.2364387512207
2005-08-09,52.32948684692383
2005-08-10,52.33460998535156
2005-08-11,52.47412872314453
2005-08-12,52.6240234375
2005-08-15,52.577484130859375
2005-08-16,52.70149230957031
2005-08-17,52.59299850463867
2005-08-18,52.73765563964844
2005-08-19,52.685997009277344
2005-08-22,52.73250961303711
2005-08-23,52.76869583129883
2005-08-24,52.835845947265625
2005-08-25,52.835845947265625
2005-08-26,52.794532775878906
2005-08-29,52.81521224975586
2005-08-30,52.944427490234375
2005-08-31,53.151145935058594
2005-09-01,53.22372055053711
2005-09-02,53.197784423828125
2005-09-06,53.09407043457031
2005-09-07,53.00591278076172
2005-09-08,53.000732421875
2005-09-09,52.9852180480957
2005-09-12,52.912620544433594
2005-09-13,53.042232513427734
2005-09-14,52.9852180480957
2005-09-15,52.855560302734375
2005-09-16,52.7363166809082
2005-09-19,52.782989501953125
2005-09-20,52.74672317504883
2005-09-21,52.86598205566406
2005-09-22,52.912620544433594
2005-09-23,52.81930923461914
2005-09-26,52.689674377441406
2005-09-27,52.65338897705078
2005-09-28,52.79850769042969
2005-09-29,52.6793212890625
2005-09-30,52.65338897705078
2005-10-03,52.47494125366211
2005-10-04,52.54778671264648
2005-10-05,52.631004333496094
2005-10-06,52.5945930480957
2005-10-07,52.54254531860352
2005-10-10,52.61017608642578
2005-10-11,52.45412826538086
2005-10-12,52.4333610534668
2005-10-13,52.29802322387695
2005-10-14,52.282474517822266
2005-10-17,52.36566162109375
2005-10-18,52.34484100341797
2005-10-19,52.43852233886719
2005-10-20,52.44892883300781
2005-10-21,52.57376480102539
2005-10-24,52.46453857421875
2005-10-25,52.30845642089844
2005-10-26,52.1003532409668
2005-10-27,52.22003936767578
2005-10-28,52.13679122924805
2005-10-31,52.13155746459961
2005-11-01,52.14934158325195
2005-11-02,52.10235977172851
2005-11-03,51.92481994628906
2005-11-04,51.9770393371582
2005-11-07,51.982269287109375
2005-11-08,52.15976333618164
2005-11-09,52.02402877807617
2005-11-10,52.206756591796875
2005-11-11,52.25900650024414
2005-11-14,52.081451416015625
2005-11-15,52.15455627441406
2005-11-16,52.27463912963867
2005-11-17,52.290313720703125
2005-11-18,52.26942443847656
2005-11-21,52.43647384643555
2005-11-22,52.5722770690918
2005-11-23,52.53569030761719
2005-11-25,52.58267974853515
2005-11-28,52.50960922241211
2005-11-29,52.43647384643555
2005-11-30,52.326847076416016
2005-12-01,52.25296401977539
2005-12-02,52.25296401977539
2005-12-05,52.27912521362305
2005-12-06,52.36820983886719
2005-12-07,52.300148010253906
2005-12-08,52.56739044189453
2005-12-09,52.389251708984375
2005-12-12,52.27912521362305
2005-12-13,52.47832107543945
2005-12-14,52.61986541748047
2005-12-15,52.56739044189453
2005-12-16,52.56217193603515
2005-12-19,52.60411834716797
2005-12-20,52.61986541748047
2005-12-21,52.61986541748047
2005-12-22,52.73515319824219
2005-12-23,52.87140274047851
2005-12-27,53.00765609741211
2005-12-28,52.82038879394531
2005-12-29,52.85718536376953
2005-12-30,52.9202880859375
2006-01-03,52.9466667175293
2006-01-04,53.0728874206543
2006-01-05,53.0728874206543
2006-01-06,52.951873779296875
2006-01-09,53.00973129272461
2006-01-10,52.904537200927734
2006-01-11,52.86772918701172
2006-01-12,53.00450134277344
2006-01-13,53.15178680419922
2006-01-17,53.17813491821289
2006-01-18,53.24125671386719
2006-01-19,53.162357330322266
2006-01-20,53.18864822387695
2006-01-23,53.18864822387695
2006-01-24,53.09919357299805
2006-01-25,52.967681884765625
2006-01-26,52.804595947265625
2006-01-27,52.87297821044922
2006-01-30,52.87823867797851
2006-01-31,52.88876724243164
2006-02-01,52.74142837524414
2006-02-02,52.778411865234375
2006-02-03,52.92624282836914
2006-02-06,52.91567611694336
2006-02-07,52.87874221801758
2006-02-08,52.852325439453125
2006-02-09,52.88401412963867
2006-02-10,52.77302169799805
2006-02-13,52.81012344360352
2006-02-14,52.72559356689453
2006-02-15,52.78367614746094
2006-02-16,52.730857849121094
2006-02-17,52.94734954833984
2006-02-21,52.751983642578125
2006-02-22,52.96326446533203
2006-02-23,52.931549072265625
2006-02-24,52.97377014160156
2006-02-27,52.86288833618164
2006-02-28,52.97377014160156
2006-03-01,52.97538375854492
2006-03-02,52.84288787841797
2006-03-03,52.73685836791992
2006-03-06,52.44535446166992
2006-03-07,52.57784652709961
2006-03-08,52.60430145263672
2006-03-09,52.53544998168945
2006-03-10,52.55665969848633
2006-03-13,52.65203857421875
2006-03-14,52.826961517333984
2006-03-15,52.68385696411133
2006-03-16,52.90646743774414
2006-03-17,52.78987121582031
2006-03-20,52.768672943115234
2006-03-21,52.63087463378906
2006-03-22,52.72622299194336
2006-03-23,52.68385696411133
2006-03-24,52.77394104003906
2006-03-27,52.81637954711914
2006-03-28,52.68385696411133
2006-03-29,52.57784652709961
2006-03-30,52.33938217163086
2006-03-31,52.51423263549805
2006-04-03,52.462615966796875
2006-04-04,52.53183364868164
2006-04-05,52.569068908691406
2006-04-06,52.526466369628906
2006-04-07,52.350887298583984
2006-04-10,52.3029899597168
2006-04-11,52.40940856933594
2006-04-12,52.36153793334961
2006-04-13,52.2551383972168
2006-04-17,52.34025192260742
2006-04-18,52.3029899597168
2006-04-19,52.350887298583984
2006-04-20,52.27109909057617
2006-04-21,52.26580810546875
2006-04-24,52.462615966796875
2006-04-25,52.28706741333008
2006-04-26,52.19658279418945
2006-04-27,52.318992614746094
2006-04-28,52.43601608276367
2006-05-01,52.23039627075195
2006-05-02,52.283843994140625
2006-05-03,52.24641036987305
2006-05-04,52.21969223022461
2006-05-05,52.31586456298828
2006-05-08,52.35322570800781
2006-05-09,52.32657623291016
2006-05-10,52.267799377441406
2006-05-11,52.235721588134766
2006-05-12,52.12361907958984
2006-05-15,52.15558624267578
2006-05-16,52.411964416503906
2006-05-17,52.26244354248047
2006-05-18,52.481422424316406
2006-05-19,52.47075271606445
2006-05-22,52.481422424316406
2006-05-23,52.33721923828125
2006-05-24,52.34787368774414
2006-05-25,52.342533111572266
2006-05-26,52.5668830871582
2006-05-30,52.44935989379883
2006-05-31,52.3319091796875
2006-06-01,52.29059600830078
2006-06-02,52.69276428222656
2006-06-05,52.52115631103515
2006-06-06,52.66057968139648
2006-06-07,52.49435806274414
2006-06-08,52.67132186889648
2006-06-09,52.746360778808594
2006-06-12,52.585487365722656
2006-06-13,52.73566818237305
2006-06-14,52.53728103637695
2006-06-15,52.451446533203125
2006-06-16,52.41926193237305
2006-06-19,52.279876708984375
2006-06-20,52.3120002746582
2006-06-21,52.32816696166992
2006-06-22,52.1028938293457
2006-06-23,52.129730224609375
2006-06-26,51.97960662841797
2006-06-27,52.12437057495117
2006-06-28,52.07075500488281
2006-06-29,52.25304412841797
2006-06-30,52.2476921081543
2006-07-03,52.32740783691406
2006-07-05,52.1712646484375
2006-07-06,52.21966171264648
2006-07-07,52.41352844238281
2006-07-10,52.46194839477539
2006-07-11,52.548095703125
2006-07-12,52.58041000366211
2006-07-13,52.62343978881836
2006-07-14,52.69343185424805
2006-07-17,52.58041000366211
2006-07-18,52.54270553588867
2006-07-19,52.74732971191406
2006-07-20,52.8011474609375
2006-07-21,52.768821716308594
2006-07-24,52.849578857421875
2006-07-25,52.80650329589844
2006-07-26,52.83882141113281
2006-07-27,52.92491149902344
2006-07-28,53.03798294067383
2006-07-31,52.973411560058594
2006-08-01,53.10260391235352
2006-08-02,53.12422561645508
2006-08-03,53.13501739501953
2006-08-04,53.302635192871094
2006-08-07,53.30801773071289
2006-08-08,53.30801773071289
2006-08-09,53.35127258300781
2006-08-10,53.324256896972656
2006-08-11,53.23236846923828
2006-08-14,53.17288589477539
2006-08-15,53.302635192871094
2006-08-16,53.48101043701172
2006-08-17,53.48641204833984
2006-08-18,53.524269104003906
2006-08-21,53.65396881103515
2006-08-22,53.66480255126953
2006-08-23,53.643165588378906
2006-08-24,53.637794494628906
2006-08-25,53.69182968139648
2006-08-28,53.643165588378906
2006-08-29,53.66480255126953
2006-08-30,53.74590301513672
2006-08-31,53.81616973876953
2006-09-01,53.82322692871094
2006-09-05,53.75809860229492
2006-09-06,53.76896667480469
2006-09-07,53.7526969909668
2006-09-08,53.82322692871094
2006-09-11,53.785255432128906
2006-09-12,53.91546630859375
2006-09-13,53.95893859863281
2006-09-14,53.8829345703125
2006-09-15,53.86664962768555
2006-09-18,53.85578536987305
2006-09-19,53.980674743652344
2006-09-20,54.04033279418945
2006-09-21,54.273712158203125
2006-09-22,54.306251525878906
2006-09-25,54.4148063659668
2006-09-26,54.409420013427734
2006-09-27,54.387752532958984
2006-09-28,54.40395736694336
2006-09-29,54.36054992675781
2006-10-02,54.41175079345703
2006-10-03,54.40087890625
2006-10-04,54.613487243652344
2006-10-05,54.44444274902344
2006-10-06,54.2427978515625
2006-10-09,54.3572883605957
2006-10-10,54.14472579956055
2006-10-11,54.084808349609375
2006-10-12,54.13925552368164
2006-10-13,54.00299835205078
2006-10-16,54.09022521972656
2006-10-17,54.17195510864258
2006-10-18,54.23735046386719
2006-10-19,54.21013259887695
2006-10-20,54.19379806518555
2006-10-23,54.035743713378906
2006-10-24,54.0956916809082
2006-10-25,54.22648620605469
2006-10-26,54.41175079345703
2006-10-27,54.52078628540039
2006-10-30,54.53163528442383
2006-10-31,54.73331832885742
2006-11-01,54.82744216918945
2006-11-02,54.767215728759766
2006-11-03,54.48264694213867
2006-11-06,54.48264694213867
2006-11-07,54.61946868896485
2006-11-08,54.767215728759766
2006-11-09,54.78367233276367
2006-11-10,54.90410232543945
2006-11-13,54.838409423828125
2006-11-14,54.915000915527344
2006-11-15,54.81100082397461
2006-11-16,54.76179122924805
2006-11-17,54.90410232543945
2006-11-20,54.942352294921875
2006-11-21,55.0135383605957
2006-11-22,55.09014892578125
2006-11-24,55.1065673828125
2006-11-27,55.079200744628906
2006-11-28,55.22698974609375
2006-11-29,55.14485168457031
2006-11-30,55.314579010009766
2006-12-01,55.4178352355957
2006-12-04,55.47281265258789
2006-12-05,55.439815521240234
2006-12-06,55.39583206176758
2006-12-07,55.346435546875
2006-12-08,55.23101043701172
2006-12-11,55.2200813293457
2006-12-12,55.37385559082031
2006-12-13,55.203556060791016
2006-12-14,55.12660598754883
2006-12-15,55.11565017700195
2006-12-18,55.14857482910156
2006-12-19,55.18705368041992
2006-12-20,55.16509246826172
2006-12-21,55.27497482299805
2006-12-22,55.22551345825195
2006-12-26,55.20906829833984
2006-12-27,55.05959701538086
2006-12-28,54.98789978027344
2006-12-29,54.982391357421875
2007-01-03,55.09820938110352
2007-01-04,55.213993072509766
2007-01-05,55.17540740966797
2007-01-08,55.208499908447266
2007-01-09,55.208499908447266
2007-01-10,55.14781188964844
2007-01-11,55.04308319091797
2007-01-12,54.96579360961914
2007-01-16,55.03754806518555
2007-01-17,55.00445556640625
2007-01-18,55.08162689208984
2007-01-19,55.05959701538086
2007-01-22,55.08715057373047
2007-01-23,54.982391357421875
2007-01-24,54.96579360961914
2007-01-25,54.8941764831543
2007-01-26,54.88864517211914
2007-01-29,54.81694412231445
2007-01-30,54.899654388427734
2007-01-31,54.94376373291016
2007-02-01,54.789459228515625
2007-02-02,54.86664581298828
2007-02-05,54.95499801635742
2007-02-06,55.05984115600586
2007-02-07,55.12605667114258
2007-02-08,55.15912628173828
2007-02-09,55.03220748901367
2007-02-12,54.97705078125
2007-02-13,54.97153091430664
2007-02-14,55.181209564208984
2007-02-15,55.258487701416016
2007-02-16,55.29710388183594
2007-02-20,55.32469177246094
2007-02-21,55.31918716430664
2007-02-22,55.20881271362305
2007-02-23,55.34125518798828
2007-02-26,55.462608337402344
2007-02-27,55.688865661621094
2007-02-28,55.6502571105957
2007-03-01,55.64140701293945
2007-03-02,55.75772857666016
2007-03-05,55.72447204589844
2007-03-06,55.68572235107422
2007-03-07,55.73002624511719
2007-03-08,55.680206298828125
2007-03-09,55.52508544921875
2007-03-12,55.696800231933594
2007-03-13,55.840843200683594
2007-03-14,55.77434158325195
2007-03-15,55.71342468261719
2007-03-16,55.71897888183594
2007-03-19,55.680206298828125
2007-03-20,55.735565185546875
2007-03-21,55.8076171875
2007-03-22,55.702362060546875
2007-03-23,55.6247673034668
2007-03-26,55.59153366088867
2007-03-27,55.60261917114258
2007-03-28,55.630367279052734
2007-03-29,55.54166412353515
2007-03-30,55.54166412353515
2007-04-02,55.61343765258789
2007-04-03,55.557838439941406
2007-04-04,55.618934631347656
2007-04-05,55.56895065307617
2007-04-09,55.357574462890625
2007-04-10,55.4410285949707
2007-04-11,55.40764617919922
2007-04-12,55.47439193725586
2007-04-13,55.38542556762695
2007-04-16,55.49666213989258
2007-04-17,55.65789031982422
2007-04-18,55.74135971069336
2007-04-19,55.71910095214844
2007-04-20,55.6912727355957
2007-04-23,55.74689102172851
2007-04-24,55.77472305297851
2007-04-25,55.79697036743164
2007-04-26,55.6912727355957
2007-04-27,55.68019485473633
2007-04-30,55.86929702758789
2007-05-01,55.83687210083008
2007-05-02,55.85361099243164
2007-05-03,55.79224395751953
2007-05-04,55.864768981933594
2007-05-07,55.92059326171875
2007-05-08,55.85921096801758
2007-05-09,55.79224395751953
2007-05-10,55.88711929321289
2007-05-11,55.77545547485352
2007-05-14,55.786643981933594
2007-05-15,55.76425552368164
2007-05-16,55.77545547485352
2007-05-17,55.68061065673828
2007-05-18,55.5186653137207
2007-05-21,55.63035202026367
2007-05-22,55.5186653137207
2007-05-23,55.47398376464844
2007-05-24,55.496368408203125
2007-05-25,55.468387603759766
2007-05-29,55.412601470947266
2007-05-30,55.47954177856445
2007-05-31,55.356781005859375
2007-06-01,55.29956817626953
2007-06-04,55.3668212890625
2007-06-05,55.209869384765625
2007-06-06,55.232330322265625
2007-06-07,54.85102844238281
2007-06-08,54.78376770019531
2007-06-11,54.82299041748047
2007-06-12,54.49778366088867
2007-06-13,54.58193588256836
2007-06-14,54.6884651184082
2007-06-15,54.88467788696289
2007-06-18,54.92392349243164
2007-06-19,55.09771728515625
2007-06-20,54.929500579833984
2007-06-21,54.86226272583008
2007-06-22,54.99118423461914
2007-06-25,55.04164123535156
2007-06-26,54.97441482543945
2007-06-27,55.08091735839844
2007-06-28,55.04164123535156
2007-06-29,55.14817810058594
2007-07-02,55.29513931274414
2007-07-03,55.23324203491211
2007-07-05,55.00238037109375
2007-07-06,54.90660095214844
2007-07-09,55.00238037109375
2007-07-10,55.23887634277344
2007-07-11,55.114994049072266
2007-07-12,55.05866241455078
2007-07-13,55.12624740600586
2007-07-16,55.23887634277344
2007-07-17,55.13751220703125
2007-07-18,55.27827072143555
2007-07-19,55.27827072143555
2007-07-20,55.40780258178711
2007-07-23,55.37400436401367
2007-07-24,55.48660659790039
2007-07-25,55.45282745361328
2007-07-26,55.64991760253906
2007-07-27,55.593631744384766
2007-07-30,55.565425872802734
2007-07-31,55.740047454833984
2007-08-01,55.610496520996094
2007-08-02,55.58219146728515
2007-08-03,55.82540512084961
2007-08-06,55.73488998413086
2007-08-07,55.69533920288086
2007-08-08,55.627445220947266
2007-08-09,55.69533920288086
2007-08-10,55.508670806884766
2007-08-13,55.610496520996094
2007-08-14,55.76321029663086
2007-08-15,55.83674621582031
2007-08-16,55.80278778076172
2007-08-17,55.92719268798828
2007-08-20,55.87628555297851
2007-08-21,56.136436462402344
2007-08-22,56.09117889404297
2007-08-23,56.1590576171875
2007-08-24,56.01768112182617
2007-08-27,56.18732833862305
2007-08-28,56.41357421875
2007-08-29,56.30049514770508
2007-08-30,56.419219970703125
2007-08-31,56.45317459106445
2007-09-04,56.39004898071289
2007-09-05,56.57187271118164
2007-09-06,56.560550689697266
2007-09-07,56.912689208984375
2007-09-10,57.04899215698242
2007-09-11,56.94676208496094
2007-09-12,56.867218017578125
2007-09-13,56.70250701904297
2007-09-14,56.742279052734375
2007-09-17,56.76496887207031
2007-09-18,56.88428497314453
2007-09-19,56.8729133605957
2007-09-20,56.4696159362793
2007-09-21,56.634315490722656
2007-09-24,56.6400260925293
2007-09-25,56.68544006347656
2007-09-26,56.628623962402344
2007-09-27,56.72526168823242
2007-09-28,56.8104362487793
2007-10-01,56.61875915527344
2007-10-02,56.83554458618164
2007-10-03,56.863983154296875
2007-10-04,56.84123611450195
2007-10-05,56.39063262939453
2007-10-08,56.83554458618164
2007-10-09,56.71575164794922
2007-10-10,56.78992462158203
2007-10-11,56.829811096191406
2007-10-12,56.72146224975586
2007-10-15,56.73859786987305
2007-10-16,56.829811096191406
2007-10-17,57.02376937866211
2007-10-18,57.18914031982422
2007-10-19,57.45147705078125
2007-10-22,57.43439865112305
2007-10-23,57.4172477722168
2007-10-24,57.66824722290039
2007-10-25,57.51995086669922
2007-10-26,57.4686279296875
2007-10-29,57.4686279296875
2007-10-30,57.542755126953125
2007-10-31,57.38313293457031
2007-11-01,57.52452087402344
2007-11-02,57.587520599365234
2007-11-05,57.53599548339844
2007-11-06,57.4615478515625
2007-11-07,57.47295379638672
2007-11-08,57.5302619934082
2007-11-09,57.730690002441406
2007-11-12,57.65056228637695
2007-11-13,57.656219482421875
2007-11-14,57.63335418701172
2007-11-15,57.87962341308594
2007-11-16,57.839561462402344
2007-11-19,57.96551132202149
2007-11-20,57.84522247314453
2007-11-21,58.28623962402344
2007-11-23,57.988407135009766
2007-11-26,58.5153694152832
2007-11-27,58.274784088134766
2007-11-28,58.13163757324219
2007-11-29,58.29767608642578
2007-11-30,58.41797637939453
2007-12-03,58.72670364379883
2007-12-04,58.50251388549805
2007-12-05,58.393272399902344
2007-12-06,58.329978942871094
2007-12-07,57.99647521972656
2007-12-10,57.881492614746094
2007-12-11,58.163211822509766
2007-12-12,58.10575866699219
2007-12-13,57.881492614746094
2007-12-14,57.72045135498047
2007-12-17,57.80672073364258
2007-12-18,58.11148834228515
2007-12-19,58.23226165771485
2007-12-20,58.18046188354492
2007-12-21,57.92747497558594
2007-12-24,57.94475173950195
2007-12-26,57.76648712158203
2007-12-27,58.08345413208008
2007-12-28,58.395240783691406
2007-12-31,58.412559509277344
2008-01-02,58.6897087097168
2008-01-03,58.8455924987793
2008-01-04,58.96681213378906
2008-01-07,59.04185485839844
2008-01-08,59.1920166015625
2008-01-09,59.05344009399414
2008-01-10,58.93217468261719
2008-01-11,59.18621063232422
2008-01-14,59.23240661621094
2008-01-15,59.446041107177734
2008-01-16,59.267066955566406
2008-01-17,59.6250114440918
2008-01-18,59.61347198486328
2008-01-22,59.705902099609375
2008-01-23,59.52688217163086
2008-01-24,59.37675476074219
2008-01-25,59.480709075927734
2008-01-28,59.59616470336914
2008-01-29,59.411376953125
2008-01-30,59.50381088256836
2008-01-31,59.76363754272461
2008-02-01,59.70270156860352
2008-02-04,59.66796875
2008-02-05,59.85344696044922
2008-02-06,59.80706405639648
2008-02-07,59.2795295715332
2008-02-08,59.56365585327149
2008-02-11,59.69115447998047
2008-02-12,59.66796875
2008-02-13,59.31437683105469
2008-02-14,59.12881851196289
2008-02-15,59.09983444213867
2008-02-19,58.81578063964844
2008-02-20,58.72306823730469
2008-02-21,59.20417022705078
2008-02-22,58.89113235473633
2008-02-25,58.682464599609375
2008-02-26,58.966522216796875
2008-02-27,59.088253021240234
2008-02-28,59.44187927246094
2008-02-29,59.66796875
2008-03-03,59.65806198120117
2008-03-04,59.40203094482422
2008-03-05,59.0238151550293
2008-03-06,58.936580657958984
2008-03-07,59.11691665649414
2008-03-10,59.431129455566406
2008-03-11,59.07039642333984
2008-03-12,59.675506591796875
2008-03-13,59.41951370239258
2008-03-14,59.669677734375
2008-03-17,59.92570114135742
2008-03-18,59.78609848022461
2008-03-19,59.96643829345703
2008-03-20,60.17588424682617
2008-03-24,59.73371505737305
2008-03-25,59.84425735473633
2008-03-26,59.669677734375
2008-03-27,59.69297409057617
2008-03-28,59.83842086791992
2008-03-31,59.745391845703125
2008-04-01,59.33926773071289
2008-04-02,59.36849594116211
2008-04-03,59.555458068847656
2008-04-04,59.85929870605469
2008-04-07,59.853416442871094
2008-04-08,59.84757614135742
2008-04-09,60.11051177978515
2008-04-10,59.92354965209961
2008-04-11,60.052040100097656
2008-04-14,59.98193359375
2008-04-15,59.660614013671875
2008-04-16,59.4444465637207
2008-04-17,59.432762145996094
2008-04-18,59.59050750732422
2008-04-21,59.59636688232422
2008-04-22,59.68396759033203
2008-04-23,59.62553024291992
2008-04-24,59.40358352661133
2008-04-25,59.345218658447266
2008-04-28,59.4912109375
2008-04-29,59.578826904296875
2008-04-30,59.941036224365234
2008-05-01,59.83905792236328
2008-05-02,59.73942947387695
2008-05-05,59.76289367675781
2008-05-06,59.5694694519043
2008-05-07,59.73942947387695
2008-05-08,59.891807556152344
2008-05-09,59.91527557373047
2008-05-12,59.80973815917969
2008-05-13,59.4698371887207
2008-05-14,59.5577392578125
2008-05-15,59.874210357666016
2008-05-16,59.72771453857422
2008-05-19,59.8273811340332
2008-05-20,59.956268310546875
2008-05-21,59.874210357666016
2008-05-22,59.51677322387695
2008-05-23,59.74528884887695
2008-05-27,59.41123962402344
2008-05-28,59.13576126098633
2008-05-29,58.97164535522461
2008-05-30,59.18267822265625
2008-06-02,59.402679443359375
2008-06-03,59.514530181884766
2008-06-04,59.302711486816406
2008-06-05,59.08499526977539
2008-06-06,59.41450119018555
2008-06-09,59.11442565917969
2008-06-10,58.80256652832031
2008-06-11,58.87902069091797
2008-06-12,58.51427459716797
2008-06-13,58.367149353027344
2008-06-16,58.43187713623047
2008-06-17,58.631954193115234
2008-06-18,58.87902069091797
2008-06-19,58.57899856567383
2008-06-20,58.7554817199707
2008-06-23,58.67903137207031
2008-06-24,58.79671096801758
2008-06-25,58.82612609863281
2008-06-26,58.90260696411133
2008-06-27,59.04384231567383
2008-06-30,59.07320785522461
2008-07-01,58.86886215209961
2008-07-02,58.79798889160156
2008-07-03,58.81575012207031
2008-07-07,59.022457122802734
2008-07-08,59.25275802612305
2008-07-09,59.48314666748047
2008-07-10,59.536285400390625
2008-07-11,59.19965744018555
2008-07-14,59.2881965637207
2008-07-15,59.518550872802734
2008-07-16,59.06375503540039
2008-07-17,58.803897857666016
2008-07-18,58.461299896240234
2008-07-21,58.768402099609375
2008-07-22,58.56765365600586
2008-07-23,58.63849639892578
2008-07-24,59.04603576660156
2008-07-25,58.7448616027832
2008-07-28,59.010597229003906
2008-07-29,58.939720153808594
2008-07-30,59.0047492980957
2008-07-31,59.305938720703125
2008-08-01,59.23594665527344
2008-08-04,59.063961029052734
2008-08-05,58.96316146850586
2008-08-06,58.89794158935547
2008-08-07,59.20632553100586
2008-08-08,59.11734390258789
2008-08-11,58.96908187866211
2008-08-12,59.21818161010742
2008-08-13,59.11734390258789
2008-08-14,59.259639739990234
2008-08-15,59.43163299560547
2008-08-18,59.53246307373047
2008-08-19,59.485050201416016
2008-08-20,59.57996368408203
2008-08-21,59.59176254272461
2008-08-22,59.52654647827149
2008-08-25,59.71037292480469
2008-08-26,59.63920974731445
2008-08-27,59.71037292480469
2008-08-28,59.7636833190918
2008-08-29,59.74593353271485
2008-09-02,59.944801330566406
2008-09-03,59.932891845703125
2008-09-04,60.153175354003906
2008-09-05,59.97459030151367
2008-09-08,60.34962463378906
2008-09-09,60.61750030517578
2008-09-10,60.57586669921875
2008-09-11,60.49847412109375
2008-09-12,60.25433349609375
2008-09-15,60.49246597290039
2008-09-16,59.87929153442383
2008-09-17,60.02812576293945
2008-09-18,59.86146926879883
2008-09-19,60.12930679321289
2008-09-22,59.18873977661133
2008-09-23,59.099403381347656
2008-09-24,59.17083358764648
2008-09-25,59.063697814941406
2008-09-26,58.76603317260742
2008-09-29,58.49811553955078
2008-09-30,58.69461441040039
2008-10-01,58.27617645263672
2008-10-02,58.50331115722656
2008-10-03,58.945648193359375
2008-10-06,58.96353530883789
2008-10-07,57.7442512512207
2008-10-08,56.58467483520508
2008-10-09,56.71615982055664
2008-10-10,52.83707809448242
2008-10-13,54.8812255859375
2008-10-14,56.03475570678711
2008-10-15,56.93137741088867
2008-10-16,56.03475570678711
2008-10-17,56.23801040649414
2008-10-20,57.24214553833008
2008-10-21,57.7442512512207
2008-10-22,58.41367721557617
2008-10-23,57.38563919067383
2008-10-24,56.901485443115234
2008-10-27,56.33365249633789
2008-10-28,56.53090286254883
2008-10-29,57.60670852661133
2008-10-30,57.53504943847656
2008-10-31,57.355743408203125
2008-11-03,56.44340515136719
2008-11-04,57.34968566894531
2008-11-05,58.22001266479492
2008-11-06,57.97992706298828
2008-11-07,58.2740478515625
2008-11-10,57.90193176269531
2008-11-11,58.34004592895508
2008-11-12,57.83589553833008
2008-11-13,58.0339241027832
2008-11-14,58.20802688598633
2008-11-17,58.36405944824219
2008-11-18,58.279998779296875
2008-11-19,58.44812774658203
2008-11-20,58.46006393432617
2008-11-21,57.99196243286133
2008-11-24,57.98597717285156
2008-11-25,59.43242645263672
2008-11-26,59.20437240600586
2008-11-28,59.09031677246094
2008-12-01,59.92379379272461
2008-12-02,59.984107971191406
2008-12-03,59.99007415771485
2008-12-04,60.18902587890625
2008-12-05,59.85752868652344
2008-12-08,59.7791633605957
2008-12-09,60.33967971801758
2008-12-10,60.23118591308594
2008-12-11,60.54459381103515
2008-12-12,60.562644958496094
2008-12-15,60.707271575927734
2008-12-16,60.9483528137207
2008-12-17,61.27376556396485
2008-12-18,61.65950393676758
2008-12-19,61.46062088012695
2008-12-22,61.79207992553711
2008-12-23,62.39479064941406
2008-12-24,62.69002151489258
2008-12-26,62.4791259765625
2008-12-29,62.9605712890625
2008-12-30,62.984832763671875
2008-12-31,63.02714157104492
2009-01-02,62.63399887084961
2009-01-05,63.63203048706055
2009-01-06,63.27516555786133
2009-01-07,62.69449996948242
2009-01-08,62.21666717529297
2009-01-09,62.00492477416992
2009-01-12,62.331565856933594
2009-01-13,62.43445587158203
2009-01-14,62.34968566894531
2009-01-15,62.34366226196289
2009-01-16,62.66427993774414
2009-01-20,62.337642669677734
2009-01-21,62.01093673706055
2009-01-22,61.74483108520508
2009-01-23,61.6480712890625
2009-01-26,61.58753204345703
2009-01-27,61.902095794677734
2009-01-28,61.93840026855469
2009-01-29,61.38796615600586
2009-01-30,61.77509307861328
2009-02-02,61.66948318481445
2009-02-03,61.39632415771485
2009-02-04,61.311302185058594
2009-02-05,61.1170539855957
2009-02-06,61.28095626831055
2009-02-09,61.28701400756836
2009-02-10,61.66337203979492
2009-02-11,61.6512565612793
2009-02-12,61.97906494140625
2009-02-13,61.79082107543945
2009-02-17,61.83942794799805
2009-02-18,61.711971282958984
2009-02-19,61.61481094360352
2009-02-20,61.299171447753906
2009-02-23,61.61481094360352
2009-02-24,61.49344253540039
2009-02-25,61.43879699707031
2009-02-26,61.1170539855957
2009-02-27,61.123146057128906
2009-03-02,61.32836151123047
2009-03-03,61.24921798706055
2009-03-04,60.96290588378906
2009-03-05,61.163909912109375
2009-03-06,61.32836151123047
2009-03-09,60.90813064575195
2009-03-10,61.048240661621094
2009-03-11,61.19439697265625
2009-03-12,61.24921798706055
2009-03-13,61.31007385253906
2009-03-16,61.12125396728515
2009-03-17,60.93857955932617
2009-03-18,61.90696716308594
2009-03-19,62.059181213378906
2009-03-20,61.712039947509766
2009-03-23,61.712039947509766
2009-03-24,61.291805267333984
2009-03-25,61.02384185791016
2009-03-26,61.14570617675781
2009-03-27,61.19439697265625
2009-03-30,61.480613708496094
2009-03-31,61.797332763671875
2009-04-01,61.767364501953125
2009-04-02,61.57179260253906
2009-04-03,61.3701057434082
2009-04-06,61.35792541503906
2009-04-07,61.26013946533203
2009-04-08,61.46179962158203
2009-04-09,61.3701057434082
2009-04-13,61.81624603271485
2009-04-14,61.804046630859375
2009-04-15,61.97515106201172
2009-04-16,61.86515045166016
2009-04-17,61.52289581298828
2009-04-20,61.877315521240234
2009-04-21,61.68180465698242
2009-04-22,61.846805572509766
2009-04-23,61.926246643066406
2009-04-24,61.99351119995117
2009-04-27,62.09125900268555
2009-04-28,62.07288360595703
2009-04-29,61.81624603271485
2009-04-30,62.115726470947266
2009-05-01,61.87594985961914
2009-05-04,61.92502212524414
2009-05-05,62.05371856689453
2009-05-06,62.194854736328125
2009-05-07,61.91890335083008
2009-05-08,62.035377502441406
2009-05-11,62.07826614379883
2009-05-12,62.42170715332031
2009-05-13,62.476806640625
2009-05-14,62.51362609863281
2009-05-15,62.65464401245117
2009-05-18,62.4707145690918
2009-05-19,62.52590560913086
2009-05-20,62.71592330932617
2009-05-21,62.51972579956055
2009-05-22,62.354217529296875
2009-05-26,62.21321868896485
2009-05-27,61.86984634399414
2009-05-28,61.89435195922851
2009-05-29,62.5565071105957
2009-06-01,61.78038024902344
2009-06-02,62.20477294921875
2009-06-03,62.37694549560547
2009-06-04,61.86039352416992
2009-06-05,61.540584564208984
2009-06-08,61.37457656860352
2009-06-09,61.651248931884766
2009-06-10,61.4791259765625
2009-06-11,61.69430160522461
2009-06-12,61.995662689208984
2009-06-15,62.22937774658203
2009-06-16,62.31545639038086
2009-06-17,62.438472747802734
2009-06-18,62.032623291015625
2009-06-19,62.2601203918457
2009-06-22,62.35234451293945
2009-06-23,62.55533981323242
2009-06-24,62.38930130004883
2009-06-25,62.678321838378906
2009-06-26,62.86276626586914
2009-06-29,62.807464599609375
2009-06-30,62.81974792480469
2009-07-01,62.79634475708008
2009-07-02,62.94438934326172
2009-07-06,62.8950309753418
2009-07-07,63.098655700683594
2009-07-08,63.4442024230957
2009-07-09,63.26527786254883
2009-07-10,63.481231689453125
2009-07-13,63.45037460327149
2009-07-14,63.25907516479492
2009-07-15,62.8456916809082
2009-07-16,63.043121337890625
2009-07-17,63.043121337890625
2009-07-20,63.11717224121094
2009-07-21,63.55527877807617
2009-07-22,63.33927917480469
2009-07-23,63.17890167236328
2009-07-24,63.17890167236328
2009-07-27,62.98762512207031
2009-07-28,63.10480117797851
2009-07-29,63.21588897705078
2009-07-30,63.29612350463867
2009-07-31,63.616947174072266
2009-08-03,63.483272552490234
2009-08-04,63.291351318359375
2009-08-05,63.23565673828125
2009-08-06,63.266563415527344
2009-08-07,62.88896179199219
2009-08-10,63.37802505493164
2009-08-11,63.60090255737305
2009-08-12,63.56996154785156
2009-08-13,63.73091125488281
2009-08-14,63.842288970947266
2009-08-17,64.10845947265625
2009-08-18,63.89802169799805
2009-08-19,64.02800750732422
2009-08-20,64.13333129882812
2009-08-21,63.7618408203125
2009-08-24,64.02179718017578
2009-08-25,64.12704467773438
2009-08-26,64.21991729736328
2009-08-27,64.1703872680664
2009-08-28,64.12704467773438
2009-08-31,64.39326477050781
2009-09-01,64.28272247314453
2009-09-02,64.6242446899414
2009-09-03,64.50630187988281
2009-09-04,64.38209533691406
2009-09-08,64.28892517089844
2009-09-09,64.41311645507812
2009-09-10,64.74227905273438
2009-09-11,64.73600006103516
2009-09-14,64.64289855957031
2009-09-15,64.54349517822266
2009-09-16,64.5932388305664
2009-09-17,64.89755249023438
2009-09-18,64.73600006103516
2009-09-21,64.68636322021484
2009-09-22,64.64289855957031
2009-09-23,64.80440521240234
2009-09-24,64.8851089477539
2009-09-25,65.07759857177734
2009-09-28,65.0714111328125
2009-09-29,65.04039764404297
2009-09-30,65.15833282470703
2009-10-01,65.30914306640625
2009-10-02,65.18458557128906
2009-10-05,65.22811126708984
2009-10-06,65.13467407226562
2009-10-07,65.3963623046875
2009-10-08,65.3527603149414
2009-10-09,64.89791870117188
2009-10-12,65.04744720458984
2009-10-13,65.2094955444336
2009-10-14,65.05371856689453
2009-10-15,64.95398712158203
2009-10-16,64.94773864746094
2009-10-19,65.0785903930664
2009-10-20,65.2343521118164
2009-10-21,65.19070434570312
2009-10-22,65.09102630615234
2009-10-23,65.01005554199219
2009-10-26,64.83561706542969
2009-10-27,65.09102630615234
2009-10-28,65.18458557128906
2009-10-29,65.05371856689453
2009-10-30,65.3029556274414
2009-11-02,65.19918060302734
2009-11-03,65.11170196533203
2009-11-04,65.00543975830078
2009-11-05,65.17416381835938
2009-11-06,65.23038482666016
2009-11-09,65.31792449951172
2009-11-10,65.3366470336914
2009-11-11,65.36165618896484
2009-11-12,65.49290466308594
2009-11-13,65.5616226196289
2009-11-16,65.71795654296875
2009-11-17,65.77412414550781
2009-11-18,65.63668060302734
2009-11-19,65.70540618896484
2009-11-20,65.73043060302734
2009-11-23,65.71795654296875
2009-11-24,65.9116439819336
2009-11-25,65.97415924072266
2009-11-27,66.03036499023438
2009-11-30,66.14289093017578
2009-12-01,65.98173522949219
2009-12-02,65.85633087158203
2009-12-03,65.86260986328125
2009-12-04,65.73091125488281
2009-12-07,65.79363250732422
2009-12-08,65.88143157958984
2009-12-09,65.81242370605469
2009-12-10,65.76220703125
2009-12-11,65.6054916381836
2009-12-14,65.64306640625
2009-12-15,65.46125793457031
2009-12-16,65.58038330078125
2009-12-17,65.6869888305664
2009-12-18,65.6869888305664
2009-12-21,65.41111755371094
2009-12-22,65.22297668457031
2009-12-23,65.24803924560547
2009-12-24,65.13520050048828
2009-12-28,64.7400894165039
2009-12-29,64.81690979003906
2009-12-30,64.98040008544922
2009-12-31,64.89860534667969
2010-01-04,64.97406768798828
2010-01-05,65.26964569091797
2010-01-06,65.23196411132812
2010-01-07,65.15644836425781
2010-01-08,65.1942138671875
2010-01-11,65.14391326904297
2010-01-12,65.55895233154297
2010-01-13,65.2822494506836
2010-01-14,65.4520492553711
2010-01-15,65.57781982421875
2010-01-19,65.47093963623047
2010-01-20,65.64073944091797
2010-01-21,65.65961456298828
2010-01-22,65.69730377197266
2010-01-25,65.69107055664062
2010-01-26,65.77279663085938
2010-01-27,65.72249603271484
2010-01-28,65.66588592529297
2010-01-29,65.81686401367188
2010-02-01,65.72659301757812
2010-02-02,65.80229949951172
2010-02-03,65.68244171142578
2010-02-04,65.84017181396484
2010-02-05,65.8653793334961
2010-02-08,65.99158477783203
2010-02-09,65.8717269897461
2010-02-10,65.72026824951172
2010-02-11,65.61305236816406
2010-02-12,65.62567138671875
2010-02-16,65.7896957397461
2010-02-17,65.58785247802734
2010-02-18,65.56256103515625
2010-02-19,65.61305236816406
2010-02-22,65.49949645996094
2010-02-23,65.73292541503906
2010-02-24,65.80229949951172
2010-02-25,65.93479919433594
2010-02-26,65.94744873046875
2010-03-01,66.04427337646484
2010-03-02,66.069580078125
2010-03-03,66.069580078125
2010-03-04,66.1897964477539
2010-03-05,66.06322479248047
2010-03-08,66.10751342773438
2010-03-09,66.18351745605469
2010-03-10,66.13919830322266
2010-03-11,66.13919830322266
2010-03-12,66.1454849243164
2010-03-15,66.22782897949219
2010-03-16,66.34803009033203
2010-03-17,66.39862060546875
2010-03-18,66.3416748046875
2010-03-19,66.29106140136719
2010-03-22,66.3416748046875
2010-03-23,66.35430145263672
2010-03-24,66.01895904541016
2010-03-25,65.84808349609375
2010-03-26,65.95567321777344
2010-03-29,65.87972259521484
2010-03-30,65.9050064086914
2010-03-31,65.9429931640625
2010-04-01,65.91831970214844
2010-04-05,65.51197814941406
2010-04-06,65.59449768066406
2010-04-07,65.87377166748047
2010-04-08,65.81034088134766
2010-04-09,65.88014221191406
2010-04-12,66.03250885009766
2010-04-13,66.14039611816406
2010-04-14,66.06428527832031
2010-04-15,66.18486022949219
2010-04-16,66.28643798828125
2010-04-19,66.165771484375
2010-04-20,66.27372741699219
2010-04-21,66.38799285888672
2010-04-22,66.25468444824219
2010-04-23,66.172119140625
2010-04-26,66.165771484375
2010-04-27,66.37535095214844
2010-04-28,66.27372741699219
2010-04-29,66.29911804199219
2010-04-30,66.5848159790039
2010-05-03,66.45870971679688
2010-05-04,66.72615051269531
2010-05-05,66.67520141601562
2010-05-06,66.77069091796875
2010-05-07,66.47784423828125
2010-05-10,66.47147369384766
2010-05-11,66.71977996826172
2010-05-12,66.64974975585938
2010-05-13,66.7452392578125
2010-05-14,66.98714447021484
2010-05-17,66.93621063232422
2010-05-18,67.16542053222656
2010-05-19,67.19725799560547
2010-05-20,67.14000701904297
2010-05-21,67.42647552490234
2010-05-24,67.38827514648438
2010-05-25,67.47113800048828
2010-05-26,67.39463806152344
2010-05-27,67.2354965209961
2010-05-28,67.30550384521484
2010-06-01,67.41664123535156
2010-06-02,67.34639739990234
2010-06-03,67.31446838378906
2010-06-04,67.48690032958984
2010-06-07,67.68485260009766
2010-06-08,67.6082763671875
2010-06-09,67.64659118652344
2010-06-10,67.44215393066406
2010-06-11,67.48053741455078
2010-06-14,67.5762939453125
2010-06-15,67.5762939453125
2010-06-16,67.67853546142578
2010-06-17,67.83814239501953
2010-06-18,67.7296142578125
2010-06-21,67.87649536132812
2010-06-22,67.94671630859375
2010-06-23,68.11917114257812
2010-06-24,68.06169891357422
2010-06-25,68.15754699707031
2010-06-28,68.28523254394531
2010-06-29,68.4896011352539
2010-06-30,68.49601745605469
2010-07-01,68.46014404296875
2010-07-02,68.36405944824219
2010-07-06,68.57540893554688
2010-07-07,68.4857177734375
2010-07-08,68.47295379638672
2010-07-09,68.37046813964844
2010-07-12,68.4473648071289
2010-07-13,68.27434539794922
2010-07-14,68.50496673583984
2010-07-15,68.60108947753906
2010-07-16,68.81239318847656
2010-07-19,68.7484130859375
2010-07-20,68.6971206665039
2010-07-21,68.9981460571289
2010-07-22,68.93412017822266
2010-07-23,68.81239318847656
2010-07-26,68.79963684082031
2010-07-27,68.77397155761719
2010-07-28,68.90213012695312
2010-07-29,68.96611785888672
2010-07-30,69.08142852783203
2010-08-02,68.9876480102539
2010-08-03,69.03258514404297
2010-08-04,68.91059875488281
2010-08-05,68.99406433105469
2010-08-06,69.12894439697266
2010-08-09,69.12894439697266
2010-08-10,69.24457550048828
2010-08-11,69.30876922607422
2010-08-12,69.19963836669922
2010-08-13,69.36022186279297
2010-08-16,69.59137725830078
2010-08-17,69.50794219970703
2010-08-18,69.43084716796875
2010-08-19,69.6556167602539
2010-08-20,69.55927276611328
2010-08-23,69.62991333007812
2010-08-24,69.9061508178711
2010-08-25,69.74556732177734
2010-08-26,69.83551025390625
2010-08-27,69.4500732421875
2010-08-30,69.9189682006836
2010-08-31,69.97029876708984
2010-09-01,69.8208999633789
2010-09-02,69.73079681396484
2010-09-03,69.56974029541016
2010-09-07,69.76943969726562
2010-09-08,69.7178726196289
2010-09-09,69.38298034667969
2010-09-10,69.2348403930664
2010-09-13,69.38945007324219
2010-09-14,69.64057922363281
2010-09-15,69.5118179321289
2010-09-16,69.3958511352539
2010-09-17,69.48600769042969
2010-09-20,69.5118179321289
2010-09-21,69.80803680419922
2010-09-22,69.82732391357422
2010-09-23,69.90469360351562
2010-09-24,69.64697265625
2010-09-27,69.88532257080078
2010-09-28,70.05277252197266
2010-09-29,70.00125885009766
2010-09-30,69.97544860839844
2010-10-01,69.894775390625
2010-10-04,70.01102447509766
2010-10-05,70.01102447509766
2010-10-06,70.0820541381836
2010-10-07,70.11429595947266
2010-10-08,70.25638580322266
2010-10-11,70.21765899658203
2010-10-12,70.14654541015625
2010-10-13,70.14015197753906
2010-10-14,69.8819351196289
2010-10-15,69.73983764648438
2010-10-18,69.9852294921875
2010-10-19,70.04330444335938
2010-10-20,70.12724304199219
2010-10-21,70.01747131347656
2010-10-22,70.0497055053711
2010-10-25,70.05620574951172
2010-10-26,69.894775390625
2010-10-27,69.75924682617188
2010-10-28,69.93355560302734
2010-10-29,70.0820541381836
2010-11-01,70.05354309082031
2010-11-02,70.17657470703125
2010-11-03,70.16358947753906
2010-11-04,70.50015258789062
2010-11-05,70.30596160888672
2010-11-08,70.27363586425781
2010-11-09,69.93059539794922
2010-11-10,69.87230682373047
2010-11-11,69.86585235595703
2010-11-12,69.58749389648438
2010-11-15,69.20562744140625
2010-11-16,69.37394714355469
2010-11-17,69.39334869384766
2010-11-18,69.37394714355469
2010-11-19,69.45157623291016
2010-11-22,69.61988830566406
2010-11-23,69.69104766845703
2010-11-24,69.3545150756836
2010-11-26,69.49694061279297
2010-11-29,69.54222869873047
2010-11-30,69.49694061279297
2010-12-01,69.13449096679688
2010-12-02,68.99788665771484
2010-12-03,69.13449096679688
2010-12-06,69.38822937011719
2010-12-07,68.84823608398438
2010-12-08,68.51641845703125
2010-12-09,68.64005279541016
2010-12-10,68.5099105834961
2010-12-13,68.55548095703125
2010-12-14,68.17160034179688
2010-12-15,68.05451965332031
2010-12-16,68.1845932006836
2010-12-17,68.55548095703125
2010-12-20,68.60099792480469
2010-12-21,68.73115539550781
2010-12-22,68.65304565429688
2010-12-23,68.5229263305664
2010-12-27,68.71810150146484
2010-12-28,68.3160400390625
2010-12-29,68.79906463623047
2010-12-30,68.74689483642578
2010-12-31,69.02755737304688
2011-01-03,68.94915771484375
2011-01-04,68.96880340576172
2011-01-05,68.63585662841797
2011-01-06,68.6489486694336
2011-01-07,68.870849609375
2011-01-10,69.05365753173828
2011-01-11,68.91654968261719
2011-01-12,68.91004943847656
2011-01-13,69.15805053710938
2011-01-14,69.01444244384766
2011-01-18,68.96880340576172
2011-01-19,68.9818344116211
2011-01-20,68.72077941894531
2011-01-21,68.93612670898438
2011-01-24,68.8969497680664
2011-01-25,69.11237335205078
2011-01-26,68.8839111328125
2011-01-27,69.00143432617188
2011-01-28,69.09932708740234
2011-01-31,68.96880340576172
2011-02-01,68.82208251953125
2011-02-02,68.74359893798828
2011-02-03,68.48822784423828
2011-02-04,68.25909423828125
2011-02-07,68.28524780273438
2011-02-08,68.08882141113281
2011-02-09,68.21321868896484
2011-02-10,68.0168228149414
2011-02-11,68.28524780273438
2011-02-14,68.31800079345703
2011-02-15,68.40312957763672
2011-02-16,68.40312957763672
2011-02-17,68.5667724609375
2011-02-18,68.54058837890625
2011-02-22,68.7894287109375
2011-02-23,68.84180450439453
2011-02-24,68.8548583984375
2011-02-25,69.03821563720703
2011-02-28,69.16910552978516
2011-03-01,69.11332702636719
2011-03-02,69.00171661376953
2011-03-03,68.75883483886719
2011-03-04,68.94261932373047
2011-03-07,68.9754867553711
2011-03-08,68.92293548583984
2011-03-09,69.08708190917969
2011-03-10,69.32994842529297
2011-03-11,69.34310150146484
2011-03-14,69.38246154785156
2011-03-15,69.40872955322266
2011-03-16,69.60565185546875
2011-03-17,69.55972290039062
2011-03-18,69.53346252441406
2011-03-21,69.36929321289062
2011-03-22,69.37591552734375
2011-03-23,69.34310150146484
2011-03-24,69.15271759033203
2011-03-25,69.0936508178711
2011-03-28,69.0607681274414
2011-03-29,68.9754867553711
2011-03-30,69.0936508178711
2011-03-31,69.01478576660156
2011-04-01,69.10903930664062
2011-04-04,69.22090911865234
2011-04-05,69.07610321044922
2011-04-06,68.87197875976562
2011-04-07,68.97727966308594
2011-04-08,68.84561920166016
2011-04-11,68.91146087646484
2011-04-12,69.17485046386719
2011-04-13,69.24729919433594
2011-04-14,69.18144989013672
2011-04-15,69.43163299560547
2011-04-18,69.55020904541016
2011-04-19,69.68843078613281
2011-04-20,69.5896987915039
2011-04-21,69.6357421875
2011-04-25,69.67523956298828
2011-04-26,69.93205261230469
2011-04-27,69.87278747558594
2011-04-28,70.03736114501953
2011-04-29,70.09669494628906
2011-05-02,70.13363647460938
2011-05-03,70.15345001220703
2011-05-04,70.2854995727539
2011-05-05,70.44401550292969
2011-05-06,70.43740844726562
2011-05-09,70.51665496826172
2011-05-10,70.39119720458984
2011-05-11,70.51665496826172
2011-05-12,70.41099548339844
2011-05-13,70.52323913574219
2011-05-16,70.67518615722656
2011-05-17,70.75437927246094
2011-05-18,70.64208984375
2011-05-19,70.58930206298828
2011-05-20,70.65534210205078
2011-05-23,70.71479034423828
2011-05-24,70.74121856689453
2011-05-25,70.72798156738281
2011-05-26,70.87985229492188
2011-05-27,70.94590759277344
2011-05-31,70.96578216552734
2011-06-01,71.27236938476562
2011-06-02,70.98758697509766
2011-06-03,71.08029174804688
2011-06-06,71.0935287475586
2011-06-07,71.23928833007812
2011-06-08,71.29888153076172
2011-06-09,71.19293212890625
2011-06-10,71.18631744384766
2011-06-13,71.0935287475586
2011-06-14,70.90152740478516
2011-06-15,71.08029174804688
2011-06-16,71.12666320800781
2011-06-17,71.19293212890625
2011-06-20,71.10018157958984
2011-06-21,71.1663818359375
2011-06-22,71.11998748779297
2011-06-23,71.35183715820312
2011-06-24,71.28562927246094
2011-06-27,71.15980529785156
2011-06-28,70.87496185302734
2011-06-29,70.6630859375
2011-06-30,70.64979553222656
2011-07-01,70.67236328125
2011-07-05,70.94470977783203
2011-07-06,70.98455047607422
2011-07-07,70.78531646728516
2011-07-08,71.15058135986328
2011-07-11,71.34324645996094
2011-07-12,71.40302276611328
2011-07-13,71.54253387451172
2011-07-14,71.3631591796875
2011-07-15,71.46280670166016
2011-07-18,71.35650634765625
2011-07-19,71.50930786132812
2011-07-20,71.39634704589844
2011-07-21,71.283447265625
2011-07-22,71.43624114990234
2011-07-25,71.23031616210938
2011-07-26,71.39634704589844
2011-07-27,71.27680206298828
2011-07-28,71.41634368896484
2011-07-29,71.84139251708984
2011-08-01,72.01457214355469
2011-08-02,72.3209457397461
2011-08-03,72.39423370361328
2011-08-04,72.78054809570312
2011-08-05,72.30095672607422
2011-08-08,72.33431243896484
2011-08-09,72.76055145263672
2011-08-10,73.35336303710938
2011-08-11,72.44091033935547
2011-08-12,72.76055145263672
2011-08-15,72.87379455566406
2011-08-16,73.0270004272461
2011-08-17,73.14688873291016
2011-08-18,73.25341796875
2011-08-19,73.2867202758789
2011-08-22,73.19354248046875
2011-08-23,73.0203628540039
2011-08-24,72.60737609863281
2011-08-25,72.75389099121094
2011-08-26,72.8537826538086
2011-08-29,72.77386474609375
2011-08-30,73.00032806396484
2011-08-31,72.93372344970703
2011-09-01,73.16868591308594
2011-09-02,73.38893127441406
2011-09-06,73.58252716064453
2011-09-07,73.40895080566406
2011-09-08,73.42899322509766
2011-09-09,73.52914428710938
2011-09-12,73.38227081298828
2011-09-13,73.40895080566406
2011-09-14,73.42235565185547
2011-09-15,73.20877838134766
2011-09-16,73.31555938720703
2011-09-19,73.4757080078125
2011-09-20,73.6225814819336
2011-09-21,73.74273681640625
2011-09-22,73.95625305175781
2011-09-23,73.57584381103516
2011-09-26,73.40895080566406
2011-09-27,73.30886840820312
2011-09-28,73.24874114990234
2011-09-29,73.22206115722656
2011-09-30,73.4957275390625
2011-10-03,73.79603576660156
2011-10-04,73.56865692138672
2011-10-05,73.32122802734375
2011-10-06,73.20081329345703
2011-10-07,73.0536880493164
2011-10-10,72.90653991699219
2011-10-11,73.08042907714844
2011-10-12,72.93995666503906
2011-10-13,72.9801254272461
2011-10-14,72.8597183227539
2011-10-17,73.14730834960938
2011-10-18,73.06702423095703
2011-10-19,73.17407989501953
2011-10-20,73.13392639160156
2011-10-21,73.17407989501953
2011-10-24,73.06034851074219
2011-10-25,73.43489074707031
2011-10-26,73.23421478271484
2011-10-27,72.95330047607422
2011-10-28,73.24091339111328
2011-10-31,73.58872985839844
2011-11-01,73.94207763671875
2011-11-02,73.94207763671875
2011-11-03,73.78118133544922
2011-11-04,73.76105499267578
2011-11-07,73.82141876220703
2011-11-08,73.72081756591797
2011-11-09,73.84822845458984
2011-11-10,73.7073974609375
2011-11-11,73.62026977539062
2011-11-14,73.68058013916016
2011-11-15,73.58666229248047
2011-11-16,73.5598373413086
2011-11-17,73.51963806152344
2011-11-18,73.50624084472656
2011-11-21,73.49279022216797
2011-11-22,73.54650115966797
2011-11-23,73.61357879638672
2011-11-25,73.51298522949219
2011-11-28,73.50624084472656
2011-11-29,73.53305053710938
2011-11-30,73.34529113769531
2011-12-01,73.37093353271484
2011-12-02,73.55962371826172
2011-12-05,73.64058685302734
2011-12-06,73.57318115234375
2011-12-07,73.70799255371094
2011-12-08,73.78214263916016
2011-12-09,73.7416763305664
2011-12-12,73.76188659667969
2011-12-13,73.91022491455078
2011-12-14,74.09223937988281
2011-12-15,73.93714141845703
2011-12-16,74.18655395507812
2011-12-19,74.26072692871094
2011-12-20,74.15963745117188
2011-12-21,73.97086334228516
2011-12-22,74.08552551269531
2011-12-23,73.99788665771484
2011-12-27,74.13136291503906
2011-12-28,74.25945281982422
2011-12-29,74.43477630615234
2011-12-30,74.34040832519531
2012-01-03,74.1920394897461
2012-01-04,74.0909194946289
2012-01-05,74.1920394897461
2012-01-06,74.25273132324219
2012-01-09,74.1920394897461
2012-01-10,74.17178344726562
2012-01-11,74.43477630615234
2012-01-12,74.3741226196289
2012-01-13,74.54268646240234
2012-01-17,74.56290435791016
2012-01-18,74.46849060058594
2012-01-19,74.34715270996094
2012-01-20,74.1583480834961
2012-01-23,74.09761047363281
2012-01-24,74.1583480834961
2012-01-25,74.26620483398438
2012-01-26,74.41456604003906
2012-01-27,74.53591918945312
2012-01-30,74.75165557861328
2012-01-31,74.87979125976562
2012-02-01,74.74797821044922
2012-02-02,74.76824188232422
2012-02-03,74.73451232910156
2012-02-06,74.78853607177734
2012-02-07,74.71417236328125
2012-02-08,74.65340423583984
2012-02-09,74.5317153930664
2012-02-10,74.63313293457031
2012-02-13,74.66011047363281
2012-02-14,74.72096252441406
2012-02-15,74.69389343261719
2012-02-16,74.68045043945312
2012-02-17,74.58574676513672
2012-02-21,74.4708480834961
2012-02-22,74.68045043945312
2012-02-23,74.74122619628906
2012-02-24,74.76154327392578
2012-02-27,74.9980697631836
2012-02-28,74.94408416748047
2012-02-29,74.86966705322266
2012-03-01,74.7185287475586
2012-03-02,74.88119506835938
2012-03-05,74.77276611328125
2012-03-06,74.92184448242188
2012-03-07,74.85408782958984
2012-03-08,74.68468475341797
2012-03-09,74.67111206054688
2012-03-12,74.73887634277344
2012-03-13,74.48819732666016
2012-03-14,74.0815658569336
2012-03-15,74.04764556884766
2012-03-16,74.05449676513672
2012-03-19,73.81727600097656
2012-03-20,73.92567443847656
2012-03-21,74.10189819335938
2012-03-22,74.16970825195312
2012-03-23,74.33908081054688
2012-03-26,74.28480529785156
2012-03-27,74.36619567871094
2012-03-28,74.35260009765625
2012-03-29,74.55590057373047
2012-03-30,74.44071960449219
2012-04-02,74.4495620727539
2012-04-03,74.1303482055664
2012-04-04,74.2865982055664
2012-04-05,74.4563217163086
2012-04-09,74.78234100341797
2012-04-10,74.78911590576172
2012-04-11,74.7958984375
2012-04-12,74.72118377685547
2012-04-13,74.95213317871094
2012-04-16,74.9656753540039
2012-04-17,74.97926330566406
2012-04-18,75.07437133789062
2012-04-19,75.0200424194336
2012-04-20,75.03360748291016
2012-04-23,75.10833740234375
2012-04-24,74.9996566772461
2012-04-25,75.03360748291016
2012-04-26,75.14910125732422
2012-04-27,75.14232635498047
2012-04-30,75.1151123046875
2012-05-01,75.08783721923828
2012-05-02,75.16281127929688
2012-05-03,75.2444076538086
2012-05-04,75.31932067871094
2012-05-07,75.34651947021484
2012-05-08,75.40095520019531
2012-05-09,75.42137908935547
2012-05-10,75.34651947021484
2012-05-11,75.40095520019531
2012-05-14,75.57109069824219
2012-05-15,75.5302505493164
2012-05-16,75.51663208007812
2012-05-17,75.56426239013672
2012-05-18,75.54386901855469
2012-05-21,75.5302505493164
2012-05-22,75.34651947021484
2012-05-23,75.4349594116211
2012-05-24,75.37373352050781
2012-05-25,75.48945617675781
2012-05-29,75.44861602783203
2012-05-30,75.70045471191406
2012-05-31,75.92500305175781
2012-06-01,76.1146011352539
2012-06-04,75.9372787475586
2012-06-05,75.78040313720703
2012-06-06,75.55534362792969
2012-06-07,75.67130279541016
2012-06-08,75.6371841430664
2012-06-11,75.70536804199219
2012-06-12,75.64399719238281
2012-06-13,75.84176635742188
2012-06-14,75.7872543334961
2012-06-15,75.96455383300781
2012-06-18,75.94409942626953
2012-06-19,75.85548400878906
2012-06-20,75.739501953125
2012-06-21,75.84176635742188
2012-06-22,75.73269653320312
2012-06-25,75.97138214111328
2012-06-26,75.88953399658203
2012-06-27,75.92362976074219
2012-06-28,76.01231384277344
2012-06-29,75.91002655029297
2012-07-02,76.05561065673828
2012-07-03,76.00088500976562
2012-07-05,76.19906616210938
2012-07-06,76.2537612915039
2012-07-09,76.40414428710938
2012-07-10,76.43826293945312
2012-07-11,76.43145751953125
2012-07-12,76.56813049316406
2012-07-13,76.59544372558594
2012-07-16,76.65692138671875
2012-07-17,76.62957000732422
2012-07-18,76.77999114990234
2012-07-19,76.71843719482422
2012-07-20,76.82782745361328
2012-07-23,76.89616394042969
2012-07-24,76.99181365966797
2012-07-25,77.0191650390625
2012-07-26,76.97132110595703
2012-07-27,76.73898315429688
2012-07-30,76.86884307861328
2012-07-31,76.94400024414062
2012-08-01,76.85498046875
2012-08-02,76.86863708496094
2012-08-03,76.68379211425781
2012-08-06,76.80023956298828
2012-08-07,76.59477996826172
2012-08-08,76.49893188476562
2012-08-09,76.47836303710938
2012-08-10,76.60161590576172
2012-08-13,76.59477996826172
2012-08-14,76.41673278808594
2012-08-15,76.17030334472656
2012-08-16,76.07437896728516
2012-08-17,76.16339874267578
2012-08-20,76.13605499267578
2012-08-21,76.23871612548828
2012-08-22,76.56742858886719
2012-08-23,76.62218475341797
2012-08-24,76.56742858886719
2012-08-27,76.67008972167969
2012-08-28,76.731689453125
2012-08-29,76.65641021728516
2012-08-30,76.70429229736328
2012-08-31,76.9439926147461
2012-09-04,76.92955780029297
2012-09-05,76.92955780029297
2012-09-06,76.75121307373047
2012-09-07,76.764892578125
2012-09-10,76.77864074707031
2012-09-11,76.6894760131836
2012-09-12,76.54537200927734
2012-09-13,76.72377014160156
2012-09-14,76.40818786621094
2012-09-17,76.53165435791016
2012-09-18,76.57966613769531
2012-09-19,76.73063659667969
2012-09-20,76.68260192871094
2012-09-21,76.80612182617188
2012-09-24,76.88844299316406
2012-09-25,77.01191711425781
2012-09-26,77.08740234375
2012-09-27,77.03936004638672
2012-09-28,77.14916229248047
2012-10-01,77.11955261230469
2012-10-02,77.18145751953125
2012-10-03,77.15396118164062
2012-10-04,77.04395294189453
2012-10-05,76.8858642578125
2012-10-08,77.00273132324219
2012-10-09,76.92023468017578
2012-10-10,77.04395294189453
2012-10-11,77.14018249511719
2012-10-12,77.2020034790039
2012-10-15,77.24325561523438
2012-10-16,77.11955261230469
2012-10-17,76.87897491455078
2012-10-18,76.85150909423828
2012-10-19,76.94776153564453
2012-10-22,76.84466552734375
2012-10-23,77.01644897460938
2012-10-24,76.96146392822266
2012-10-25,76.79651641845703
2012-10-26,77.00273132324219
2012-10-31,77.11266326904297
2012-11-01,77.01142883300781
2012-11-02,77.05967712402344
2012-11-05,77.19051361083984
2012-11-06,76.97007751464844
2012-11-07,77.14921569824219
2012-11-08,77.2456283569336
2012-11-09,77.20431518554688
2012-11-12,77.18363189697266
2012-11-13,77.32142639160156
2012-11-14,77.34207153320312
2012-11-15,77.26630401611328
2012-11-16,77.2938232421875
2012-11-19,77.3489990234375
2012-11-20,77.20431518554688
2012-11-21,77.07341003417969
2012-11-23,77.12162780761719
2012-11-26,77.14921569824219
2012-11-27,77.25253295898438
2012-11-28,77.26630401611328
2012-11-29,77.36275482177734
2012-11-30,77.32142639160156
2012-12-03,77.33251190185547
2012-12-04,77.38097381591797
2012-12-05,77.4502944946289
2012-12-06,77.44334411621094
2012-12-07,77.37401580810547
2012-12-10,77.38790893554688
2012-12-11,77.3602066040039
2012-12-12,77.1454086303711
2012-12-13,77.02069854736328
2012-12-14,77.15921783447266
2012-12-17,76.9721450805664
2012-12-18,76.79200744628906
2012-12-19,76.92367553710938
2012-12-20,76.93058776855469
2012-12-21,76.99984741210938
2012-12-24,77.00675964355469
2012-12-26,77.11096954345703
2012-12-27,77.15264129638672
2012-12-28,77.2706527709961
2012-12-31,77.13182067871094
2013-01-02,77.04154968261719
2013-01-03,76.84710693359375
2013-01-04,76.93042755126953
2013-01-07,76.88876342773438
2013-01-08,76.95821380615234
2013-01-09,76.90269470214844
2013-01-10,76.89570617675781
2013-01-11,76.9720687866211
2013-01-14,77.04154968261719
2013-01-15,77.06239318847656
2013-01-16,77.10404205322266
2013-01-17,76.93737030029297
2013-01-18,77.02763366699219
2013-01-22,76.98596954345703
2013-01-23,77.0693130493164
2013-01-24,76.9651107788086
2013-01-25,76.77766418457031
2013-01-28,76.66654968261719
2013-01-29,76.61795043945312
2013-01-30,76.58323669433594
2013-01-31,76.65266418457031
2013-02-01,76.48638153076172
2013-02-04,76.70207214355469
2013-02-05,76.54206085205078
2013-02-06,76.67426300048828
2013-02-07,76.70207214355469
2013-02-08,76.72289276123047
2013-02-11,76.64640808105469
2013-02-12,76.63249969482422
2013-02-13,76.55599212646484
2013-02-14,76.6950912475586
2013-02-15,76.70207214355469
2013-02-19,76.61162567138672
2013-02-20,76.66032409667969
2013-02-21,76.70207214355469
2013-02-22,76.74382781982422
2013-02-25,77.0360336303711
2013-02-26,77.01509094238281
2013-02-27,77.0360336303711
2013-02-28,77.10560607910156
2013-03-01,77.13278198242188
2013-03-04,77.0770034790039
2013-03-05,77.0142822265625
2013-03-06,76.93063354492188
2013-03-07,76.77030944824219
2013-03-08,76.54729461669922
2013-03-11,76.58908081054688
2013-03-12,76.7285385131836
2013-03-13,76.66575622558594
2013-03-14,76.74945831298828
2013-03-15,76.81912994384766
2013-03-18,76.88883972167969
2013-03-19,77.00030517578125
2013-03-20,76.91664123535156
2013-03-21,76.93063354492188
2013-03-22,76.95853424072266
2013-03-25,76.93063354492188
2013-03-26,77.021240234375
2013-03-27,77.18157196044922
2013-03-28,77.18157196044922
2013-04-01,77.25143432617188
2013-04-02,77.16755676269531
2013-04-03,77.25143432617188
2013-04-04,77.46795654296875
2013-04-05,77.69151306152344
2013-04-08,77.55887603759766
2013-04-09,77.58677673339844
2013-04-10,77.42609405517578
2013-04-11,77.44001007080078
2013-04-12,77.69151306152344
2013-04-15,77.72655487060547
2013-04-16,77.72655487060547
2013-04-17,77.72655487060547
2013-04-18,77.71256256103516
2013-04-19,77.71956634521484
2013-04-22,77.81737518310547
2013-04-23,77.78241729736328
2013-04-24,77.76844024658203
2013-04-25,77.73348236083984
2013-04-26,77.8941879272461
2013-04-29,77.9430923461914
2013-04-30,77.92916870117188
2013-05-01,77.96556854248047
2013-05-02,77.97254943847656
2013-05-03,77.68558502197266
2013-05-06,77.55951690673828
2013-05-07,77.51760864257812
2013-05-08,77.58760070800781
2013-05-09,77.48255920410156
2013-05-10,77.32854461669922
2013-05-13,77.25858306884766
2013-05-14,77.0766372680664
2013-05-15,77.18859100341797
2013-05-16,77.39859008789062
2013-05-17,77.20962524414062
2013-05-20,77.13259887695312
2013-05-21,77.19560241699219
2013-05-22,76.9366683959961
2013-05-23,76.90864562988281
2013-05-24,76.90864562988281
2013-05-28,76.43266296386719
2013-05-29,76.53768920898438
2013-05-30,76.51668548583984
2013-05-31,76.36967468261719
2013-06-03,76.40824127197266
2013-06-04,76.2399673461914
2013-06-05,76.19791412353516
2013-06-06,76.39421081542969
2013-06-07,76.15579223632812
2013-06-10,76.00153350830078
2013-06-11,76.00857543945312
2013-06-12,75.88236236572266
2013-06-13,76.25399780273438
2013-06-14,76.2750015258789
2013-06-17,76.21893310546875
2013-06-18,76.1908950805664
2013-06-19,75.67904663085938
2013-06-20,75.17414855957031
2013-06-21,74.75346374511719
2013-06-24,74.4519271850586
2013-06-25,74.53609466552734
2013-06-26,74.85161590576172
2013-06-27,75.16716003417969
2013-06-28,75.17414855957031
2013-07-01,75.27810668945312
2013-07-02,75.27810668945312
2013-07-03,75.1727294921875
2013-07-05,74.35087585449219
2013-07-08,74.73721313476562
2013-07-09,74.81449127197266
2013-07-10,74.61781311035156
2013-07-11,75.11656951904297
2013-07-12,75.03224182128906
2013-07-15,75.19380950927734
2013-07-16,75.31324005126953
2013-07-17,75.4748306274414
2013-07-18,75.33428955078125
2013-07-19,75.53105163574219
2013-07-22,75.6294174194336
2013-07-23,75.58723449707031
2013-07-24,75.34134674072266
2013-07-25,75.3694839477539
2013-07-26,75.34835815429688
2013-07-29,75.34835815429688
2013-07-30,75.32026672363281
2013-07-31,75.3764877319336
2013-08-01,74.95069122314453
2013-08-02,75.20407104492188
2013-08-05,75.23926544189453
2013-08-06,75.16179656982422
2013-08-07,75.2603530883789
2013-08-08,75.36589813232422
2013-08-09,75.41517639160156
2013-08-12,75.36589813232422
2013-08-13,75.06326293945312
2013-08-14,74.96475219726562
2013-08-15,74.69729614257812
2013-08-16,74.48615264892578
2013-08-19,74.25383758544922
2013-08-20,74.4720458984375
2013-08-21,74.19754791259766
2013-08-22,74.28907775878906
2013-08-23,74.5353775024414
2013-08-26,74.66911315917969
2013-08-27,74.8662109375
2013-08-28,74.72545623779297
2013-08-29,74.87324523925781
2013-08-30,74.75355529785156
2013-09-03,74.56880187988281
2013-09-04,74.46311950683594
2013-09-05,73.96244049072266
2013-09-06,74.23739624023438
2013-09-09,74.38553619384766
2013-09-10,74.25152587890625
2013-09-11,74.50540161132812
2013-09-12,74.4207534790039
2013-09-13,74.52653503417969
2013-09-16,74.68164825439453
2013-09-17,74.75221252441406
2013-09-18,75.3797836303711
2013-09-19,75.2881088256836
2013-09-20,75.2881088256836
2013-09-23,75.34452056884766
2013-09-24,75.52076721191406
2013-09-25,75.62654113769531
2013-09-26,75.61247253417969
2013-09-27,75.65477752685547
2013-09-30,75.59129333496094
2013-10-01,75.53548431396484
2013-10-02,75.6343994140625
2013-10-03,75.6908950805664
2013-10-04,75.6272964477539
2013-10-07,75.6131820678711
2013-10-08,75.57789611816406
2013-10-09,75.52134704589844
2013-10-10,75.6061019897461
2013-10-11,75.6343994140625
2013-10-14,75.49308776855469
2013-10-15,75.45779418945312
2013-10-16,75.78271484375
2013-10-17,75.99464416503906
2013-10-18,76.12181854248047
2013-10-21,76.05119323730469
2013-10-22,76.31961822509766
2013-10-23,76.29837799072266
2013-10-24,76.2701416015625
2013-10-25,76.29837799072266
2013-10-28,76.26309967041016
2013-10-29,76.35490417480469
2013-10-30,76.21366119384766
2013-10-31,76.22069549560547
2013-11-01,76.0367660522461
2013-11-04,76.11451721191406
2013-11-05,75.88810729980469
2013-11-06,76.0084228515625
2013-11-07,76.06502532958984
2013-11-08,75.59088134765625
2013-11-11,75.54845428466797
2013-11-12,75.52013397216797
2013-11-13,75.71823120117188
2013-11-14,75.95179748535156
2013-11-15,75.97303009033203
2013-11-18,76.12162780761719
2013-11-19,75.91641235351562
2013-11-20,75.7041015625
2013-11-21,75.78190612792969
2013-11-22,75.88810729980469
2013-11-25,75.94473266601562
2013-11-26,75.9659652709961
2013-11-27,76.0013656616211
2013-11-29,76.02964782714844
2013-12-02,75.74105072021484
2013-12-03,75.83323669433594
2013-12-04,75.634765625
2013-12-05,75.47169494628906
2013-12-06,75.599365234375
2013-12-09,75.69143676757812
2013-12-10,75.81200408935547
2013-12-11,75.69143676757812
2013-12-12,75.57804107666016
2013-12-13,75.61344146728516
2013-12-16,75.67015838623047
2013-12-17,75.79779052734375
2013-12-18,75.76229858398438
2013-12-19,75.634765625
2013-12-20,75.76229858398438
2013-12-23,75.7269058227539
2013-12-24,75.6205825805664
2013-12-26,75.57791900634766
2013-12-27,75.60636138916016
2013-12-30,75.67739868164062
2013-12-31,75.60636138916016
2014-01-02,75.65605163574219
2014-01-03,75.6844711303711
2014-01-06,75.78394317626953
2014-01-07,75.8194351196289
2014-01-08,75.59214782714844
2014-01-09,75.69869232177734
2014-01-10,76.08228302001953
2014-01-13,76.15331268310547
2014-01-14,76.03971099853516
2014-01-15,75.97567749023438
2014-01-16,76.15331268310547
2014-01-17,76.18888854980469
2014-01-21,76.22438049316406
2014-01-22,76.06096649169922
2014-01-23,76.2598876953125
2014-01-24,76.42325592041016
2014-01-27,76.2598876953125
2014-01-28,76.38777160644531
2014-01-29,76.61507415771484
2014-01-30,76.62926483154297
2014-01-31,76.7713623046875
2014-02-03,77.03189086914062
2014-02-04,76.8468246459961
2014-02-05,76.65467834472656
2014-02-06,76.61907196044922
2014-02-07,76.74002838134766
2014-02-10,76.81834411621094
2014-02-11,76.66890716552734
2014-02-12,76.54075622558594
2014-02-13,76.7044906616211
2014-02-14,76.7044906616211
2014-02-18,76.75428771972656
2014-02-19,76.69738006591797
2014-02-20,76.65467834472656
2014-02-21,76.7258529663086
2014-02-24,76.65467834472656
2014-02-25,76.86103820800781
2014-02-26,77.02474975585938
2014-02-27,77.10304260253906
2014-02-28,77.0603256225586
2014-03-03,77.26001739501953
2014-03-04,76.97471618652344
2014-03-05,77.0175552368164
2014-03-06,76.84644317626953
2014-03-07,76.63251495361328
2014-03-10,76.63251495361328
2014-03-11,76.62537384033203
2014-03-12,76.79652404785156
2014-03-13,76.99615478515625
2014-03-14,76.96050262451172
2014-03-17,76.91771697998047
2014-03-18,77.01041412353516
2014-03-19,76.66817474365234
2014-03-20,76.61114501953125
2014-03-21,76.71807098388672
2014-03-24,76.83219146728516
2014-03-25,76.75373077392578
2014-03-26,76.99615478515625
2014-03-27,77.05323028564453
2014-03-28,76.93913269042969
2014-03-31,76.9462661743164
2014-04-01,76.82836151123047
2014-04-02,76.69977569580078
2014-04-03,76.7569580078125
2014-04-04,76.99983215332031
2014-04-07,77.11414337158203
2014-04-08,77.20699310302734
2014-04-09,77.2142105102539
2014-04-10,77.39275360107422
2014-04-11,77.46420288085938
2014-04-14,77.49275970458984
2014-04-15,77.49992370605469
2014-04-16,77.54278564453125
2014-04-17,77.29275512695312
2014-04-21,77.28564453125
2014-04-22,77.27135467529297
2014-04-23,77.34988403320312
2014-04-24,77.42134094238281
2014-04-25,77.43563079833984
2014-04-28,77.38561248779297
2014-04-29,77.42134094238281
2014-04-30,77.5784912109375
2014-05-01,77.69163513183594
2014-05-02,77.78459930419922
2014-05-05,77.7559814453125
2014-05-06,77.81321716308594
2014-05-07,77.81321716308594
2014-05-08,77.86336517333984
2014-05-09,77.79177856445312
2014-05-12,77.72737884521484
2014-05-13,77.85619354248047
2014-05-14,78.07805633544922
2014-05-15,78.24272155761719
2014-05-16,78.15679168701172
2014-05-19,78.12818908691406
2014-05-20,78.16394805908203
2014-05-21,78.13536071777344
2014-05-22,78.09956359863281
2014-05-23,78.17828369140625
2014-05-27,78.24986267089844
2014-05-28,78.464599609375
2014-05-29,78.4216079711914
2014-05-30,78.49320220947266
2014-06-02,78.25439453125
2014-06-03,78.04644775390625
2014-06-04,78.01779174804688
2014-06-05,78.1181640625
2014-06-06,78.0750732421875
2014-06-09,78.0033950805664
2014-06-10,77.88871002197266
2014-06-11,77.94602966308594
2014-06-12,78.09664916992188
2014-06-13,78.0750732421875
2014-06-16,78.03207397460938
2014-06-17,77.88871002197266
2014-06-18,78.09664916992188
2014-06-19,77.98191833496094
2014-06-20,78.1181640625
2014-06-23,78.04644775390625
2014-06-24,78.18273162841797
2014-06-25,78.2902603149414
2014-06-26,78.44088745117188
2014-06-27,78.44088745117188
2014-06-30,78.4480209350586
2014-07-01,78.35179901123047
2014-07-02,78.07876586914062
2014-07-03,78.0285415649414
2014-07-07,78.05001831054688
2014-07-08,78.20808410644531
2014-07-09,78.27277374267578
2014-07-10,78.30863952636719
2014-07-11,78.41645050048828
2014-07-14,78.35179901123047
2014-07-15,78.25115203857422
2014-07-16,78.31586456298828
2014-07-17,78.54570007324219
2014-07-18,78.45950317382812
2014-07-21,78.48828887939453
2014-07-22,78.6175537109375
2014-07-23,78.63191223144531
2014-07-24,78.38766479492188
2014-07-25,78.53853607177734
2014-07-28,78.55291748046875
2014-07-29,78.63191223144531
2014-07-30,78.35179901123047
2014-07-31,78.25115203857422
2014-08-01,78.5462646484375
2014-08-04,78.53189086914062
2014-08-05,78.53189086914062
2014-08-06,78.53907012939453
2014-08-07,78.69023895263672
2014-08-08,78.71897888183594
2014-08-11,78.7261962890625
2014-08-12,78.69023895263672
2014-08-13,78.84851837158203
2014-08-14,78.89169311523438
2014-08-15,79.08602142333984
2014-08-18,78.9205322265625
2014-08-19,78.81253814697266
2014-08-20,78.7261962890625
2014-08-21,78.86292266845703
2014-08-22,78.84851837158203
2014-08-25,78.91329956054688
2014-08-26,78.9205322265625
2014-08-27,79.02120208740234
2014-08-28,79.17955780029297
2014-08-29,79.15080261230469
2014-09-02,78.90928649902344
2014-09-03,78.99580383300781
2014-09-04,78.89488220214844
2014-09-05,78.85160827636719
2014-09-08,78.77232360839844
2014-09-09,78.6641845703125
2014-09-10,78.5560073852539
2014-09-11,78.47665405273438
2014-09-12,78.3180923461914
2014-09-15,78.30362701416016
2014-09-16,78.30362701416016
2014-09-17,78.21717834472656
2014-09-18,78.22437286376953
2014-09-19,78.3541259765625
2014-09-22,78.46229553222656
2014-09-23,78.53438568115234
2014-09-24,78.48395538330078
2014-09-25,78.63533782958984
2014-09-26,78.62811279296875
2014-09-29,78.7146224975586
2014-09-30,78.6641845703125
2014-10-01,79.10401153564453
2014-10-02,78.97396087646484
2014-10-03,78.93785858154297
2014-10-06,79.01009368896484
2014-10-07,79.31340789794922
2014-10-08,79.53729248046875
2014-10-09,79.37840270996094
2014-10-10,79.43619537353516
2014-10-13,79.6673355102539
2014-10-14,79.84782409667969
2014-10-15,79.99231719970703
2014-10-16,79.92732238769531
2014-10-17,79.81892395019531
2014-10-20,79.912841796875
2014-10-21,79.84065246582031
2014-10-22,79.79727935791016
2014-10-23,79.6094970703125
2014-10-24,79.63838195800781
2014-10-27,79.6673355102539
2014-10-28,79.54451751708984
2014-10-29,79.37120056152344
2014-10-30,79.50117492675781
2014-10-31,79.50117492675781
2014-11-03,79.3507308959961
2014-11-04,79.35795593261719
2014-11-05,79.38693237304688
2014-11-06,79.2494125366211
2014-11-07,79.51708984375
2014-11-10,79.32899475097656
2014-11-11,79.36519622802734
2014-11-12,79.37245178222656
2014-11-13,79.40856170654297
2014-11-14,79.48097229003906
2014-11-17,79.38693237304688
2014-11-18,79.4592056274414
2014-11-19,79.2711410522461
2014-11-20,79.41582489013672
2014-11-21,79.50989532470703
2014-11-24,79.53884887695312
2014-11-25,79.71241760253906
2014-11-26,79.7775650024414
2014-11-28,80.0235595703125
2014-12-01,79.8436508178711
2014-12-02,79.6841049194336
2014-12-03,79.61150360107422
2014-12-04,79.85092163085938
2014-12-05,79.5099868774414
2014-12-08,79.7058334350586
2014-12-09,79.82913208007812
2014-12-10,79.96697998046875
2014-12-11,79.93794250488281
2014-12-12,80.19181060791016
2014-12-15,79.97421264648438
2014-12-16,80.17005920410156
2014-12-17,80.06851196289062
2014-12-18,79.85814666748047
2014-12-19,79.98872375488281
2014-12-22,80.11202239990234
2014-12-23,79.74214935302734
2014-12-24,79.82874298095703
2014-12-26,79.86514282226562
2014-12-29,80.03252410888672
2014-12-30,80.11981964111328
2014-12-31,80.14170837402344
2015-01-02,80.36724090576172
2015-01-05,80.54192352294922
2015-01-06,80.74571228027344
2015-01-07,80.73115539550781
2015-01-08,80.60741424560547
2015-01-09,80.80390167236328
2015-01-12,80.86949157714844
2015-01-13,80.89122772216797
2015-01-14,81.0877456665039
2015-01-15,81.45893096923828
2015-01-16,81.14596557617188
2015-01-20,81.28423309326172
2015-01-21,81.13868713378906
2015-01-22,81.09497833251953
2015-01-23,81.29881286621094
2015-01-26,81.26242065429688
2015-01-27,81.2187728881836
2015-01-28,81.56084442138672
2015-01-29,81.49531555175781
2015-01-30,81.78642272949219
2015-02-02,81.78350830078125
2015-02-03,81.47004699707031
2015-02-04,81.59396362304688
2015-02-05,81.42633819580078
2015-02-06,80.9525375366211
2015-02-09,80.93793487548828
2015-02-10,80.85043334960938
2015-02-11,80.81401824951172
2015-02-12,80.82859802246094
2015-02-13,80.73388671875
2015-02-17,80.40589141845703
2015-02-18,80.63184356689453
2015-02-19,80.56620788574219
2015-02-20,80.580810546875
2015-02-23,80.72661590576172
2015-02-24,81.083740234375
2015-02-25,81.14205169677734
2015-02-26,80.85043334960938
2015-02-27,81.0545425415039
2015-03-02,80.64279174804688
2015-03-03,80.54060363769531
2015-03-04,80.58441925048828
2015-03-05,80.62090301513672
2015-03-06,80.09519958496094
2015-03-09,80.29964447021484
2015-03-10,80.48950958251953
2015-03-11,80.65010070800781
2015-03-12,80.7158432006836
2015-03-13,80.56246948242188
2015-03-16,80.73770141601562
2015-03-17,80.72309112548828
2015-03-18,81.31452941894531
2015-03-19,81.02973175048828
2015-03-20,81.27803039550781
2015-03-23,81.29261779785156
2015-03-24,81.51165771484375
2015-03-25,81.35830688476562
2015-03-26,81.0663070678711
2015-03-27,81.18311309814453
2015-03-30,81.21957397460938
2015-03-31,81.35830688476562
2015-04-01,81.6224136352539
2015-04-02,81.51270294189453
2015-04-06,81.5639419555664
2015-04-07,81.5785140991211
2015-04-08,81.58582305908203
2015-04-09,81.38101196289062
2015-04-10,81.38101196289062
2015-04-13,81.46878051757812
2015-04-14,81.55653381347656
2015-04-15,81.66631317138672
2015-04-16,81.6224136352539
2015-04-17,81.688232421875
2015-04-20,81.62972259521484
2015-04-21,81.54192352294922
2015-04-22,81.30050659179688
2015-04-23,81.42488098144531
2015-04-24,81.5639419555664
2015-04-27,81.5931396484375
2015-04-28,81.27863311767578
2015-04-29,81.09574127197266
2015-04-30,81.09574127197266
2015-05-01,80.8656005859375
2015-05-04,80.71170043945312
2015-05-05,80.6384048461914
2015-05-06,80.36721801757812
2015-05-07,80.56512451171875
2015-05-08,80.82894134521484
2015-05-11,80.31591033935547
2015-05-12,80.30862426757812
2015-05-13,80.30126953125
2015-05-14,80.42586517333984
2015-05-15,80.76301574707031
2015-05-18,80.45516967773438
2015-05-19,80.17670440673828
2015-05-20,80.30126953125
2015-05-21,80.55048370361328
2015-05-22,80.46253967285156
2015-05-26,80.660400390625
2015-05-27,80.74101257324219
2015-05-28,80.71170043945312
2015-05-29,80.74101257324219
2015-06-01,80.51775360107422
2015-06-02,80.20206451416016
2015-06-03,79.88639068603516
2015-06-04,80.05521392822266
2015-06-05,79.7027816772461
2015-06-08,79.82023620605469
2015-06-09,79.59262084960938
2015-06-10,79.39437866210938
2015-06-11,79.82023620605469
2015-06-12,79.72482299804688
2015-06-15,79.82023620605469
2015-06-16,79.9524154663086
2015-06-17,79.95970153808594
2015-06-18,79.93775177001953
2015-06-19,80.18738555908203
2015-06-22,79.79085540771484
2015-06-23,79.60737609863281
2015-06-24,79.73216247558594
2015-06-25,79.64400482177734
2015-06-26,79.453125
2015-06-29,79.92302703857422
2015-06-30,79.87166595458984
2015-07-01,79.6700668334961
2015-07-02,79.78044128417969
2015-07-06,80.06732940673828
2015-07-07,80.17769622802734
2015-07-08,80.36896514892578
2015-07-09,80.07467651367188
2015-07-10,79.73629760742188
2015-07-13,79.61856842041016
2015-07-14,79.7509765625
2015-07-15,79.96431732177734
2015-07-16,80.03052520751953
2015-07-17,80.03793334960938
2015-07-20,79.89810943603516
2015-07-21,80.03052520751953
2015-07-22,80.06732940673828
2015-07-23,80.2954330444336
2015-07-24,80.28071594238281
2015-07-27,80.38365936279297
2015-07-28,80.30281066894531
2015-07-29,80.23656463623047
2015-07-30,80.24391174316406
2015-07-31,80.560302734375
2015-08-03,80.64353942871094
2015-08-04,80.40763854980469
2015-08-05,80.26028442382812
2015-08-06,80.35609436035156
2015-08-07,80.49613189697266
2015-08-10,80.39295959472656
2015-08-11,80.65834045410156
2015-08-12,80.60673522949219
2015-08-13,80.43718719482422
2015-08-14,80.40034484863281
2015-08-17,80.54036712646484
2015-08-18,80.39295959472656
2015-08-19,80.64353942871094
2015-08-20,80.76890563964844
2015-08-21,80.90895080566406
2015-08-24,80.87945556640625
2015-08-25,80.68782043457031
2015-08-26,80.31184387207031
2015-08-27,80.42244720458984
2015-08-28,80.3487319946289
2015-08-31,80.28974914550781
2015-09-01,80.52757263183594
2015-09-02,80.42416381835938
2015-09-03,80.5423355102539
2015-09-04,80.71224975585938
2015-09-08,80.52017974853516
2015-09-09,80.54971313476562
2015-09-10,80.46109771728516
2015-09-11,80.55714416503906
2015-09-14,80.57928466796875
2015-09-15,80.21733093261719
2015-09-16,80.1509017944336
2015-09-17,80.65314483642578
2015-09-18,80.7196273803711
2015-09-21,80.50537872314453
2015-09-22,80.69744873046875
2015-09-23,80.6310043334961
2015-09-24,80.73442077636719
2015-09-25,80.59410095214844
2015-09-28,80.78610229492188
2015-09-29,80.91167449951172
2015-09-30,80.94123077392578
2015-10-01,81.00411224365234
2015-10-02,81.248291015625
2015-10-05,80.94493103027344
2015-10-06,81.1447525024414
2015-10-07,81.08553314208984
2015-10-08,80.97454071044922
2015-10-09,80.90795135498047
2015-10-12,81.1151351928711
2015-10-13,81.12252807617188
2015-10-14,81.42594909667969
2015-10-15,81.31492614746094
2015-10-16,81.23355865478516
2015-10-19,81.31492614746094
2015-10-20,81.15216064453125
2015-10-21,81.34455108642578
2015-10-22,81.35934448242188
2015-10-23,81.21869659423828
2015-10-26,81.25572204589844
2015-10-27,81.3741683959961
2015-10-28,81.1299057006836
2015-10-29,80.78215026855469
2015-10-30,80.99671936035156
2015-11-02,80.83731079101562
2015-11-03,80.68903350830078
2015-11-04,80.68903350830078
2015-11-05,80.65192413330078
2015-11-06,80.26637268066406
2015-11-09,80.2144546508789
2015-11-10,80.36276245117188
2015-11-11,80.2589340209961
2015-11-12,80.33307647705078
2015-11-13,80.48883819580078
2015-11-16,80.55552673339844
2015-11-17,80.61487579345703
2015-11-18,80.55552673339844
2015-11-19,80.59259796142578
2015-11-20,80.5407485961914
2015-11-23,80.56297302246094
2015-11-24,80.63712310791016
2015-11-25,80.67420959472656
2015-11-27,80.65192413330078
2015-11-30,80.68159484863281
2015-12-01,80.96432495117188
2015-12-02,80.86758422851562
2015-12-03,80.27239990234375
2015-12-04,80.5328140258789
2015-12-07,80.65185546875
2015-12-08,80.68159484863281
2015-12-09,80.68159484863281
2015-12-10,80.66668701171875
2015-12-11,80.86758422851562
2015-12-14,80.4881591796875
2015-12-15,80.49559783935547
2015-12-16,80.35420989990234
2015-12-17,80.46585083007812
2015-12-18,80.63694763183594
2015-12-21,80.56256103515625
2015-12-22,80.50299835205078
2015-12-23,80.4881591796875
2015-12-24,80.52692413330078
2015-12-28,80.52692413330078
2015-12-29,80.32562255859375
2015-12-30,80.31070709228516
2015-12-31,80.52692413330078
2016-01-04,80.4970932006836
2016-01-05,80.53436279296875
2016-01-06,80.84009552001953
2016-01-07,80.83258056640625
2016-01-08,81.01154327392578
2016-01-11,80.7804183959961
2016-01-12,80.95934295654297
2016-01-13,81.145751953125
2016-01-14,81.11588287353516
2016-01-15,81.21281433105469
2016-01-19,81.1308364868164
2016-01-20,81.19795227050781
2016-01-21,81.08606719970703
2016-01-22,81.145751953125
2016-01-25,81.1009750366211
2016-01-26,81.20537567138672
2016-01-27,81.22026824951172
2016-01-28,81.28736877441406
2016-01-29,81.52597045898438
2016-02-01,81.42732238769531
2016-02-02,81.67388916015625
2016-02-03,81.66642761230469
2016-02-04,81.7485580444336
2016-02-05,81.67388916015625
2016-02-08,81.9876480102539
2016-02-09,81.98019409179688
2016-02-10,82.18191528320312
2016-02-11,82.23419952392578
2016-02-12,82.01010131835938
2016-02-16,81.80836486816406
2016-02-17,81.76355743408203
2016-02-18,82.01010131835938
2016-02-19,82.02500915527344
2016-02-22,82.04743957519531
2016-02-23,82.0624008178711
2016-02-24,82.09227752685547
2016-02-25,82.30142211914062
2016-02-26,82.15203857421875
2016-02-29,82.2491683959961
2016-03-01,82.00286865234375
2016-03-02,81.91300201416016
2016-03-03,82.01036834716797
2016-03-04,81.88309478759766
2016-03-07,81.86063385009766
2016-03-08,82.06275177001953
2016-03-09,82.02532196044922
2016-03-10,82.06275177001953
2016-03-11,81.91300201416016
2016-03-14,81.95797729492188
2016-03-15,81.88309478759766
2016-03-16,82.23495483398438
2016-03-17,82.40714263916016
2016-03-18,82.47445678710938
2016-03-21,82.2948226928711
2016-03-22,82.24246978759766
2016-03-23,82.42210388183594
2016-03-24,82.4295654296875
2016-03-28,82.48946380615234
2016-03-29,82.73649597167969
2016-03-30,82.70657348632812
2016-03-31,82.96856689453125
2016-04-01,82.89505767822266
2016-04-04,82.97758483886719
2016-04-05,83.09009552001953
2016-04-06,83.07512664794922
2016-04-07,83.25516510009766
2016-04-08,83.1725845336914
2016-04-11,83.23265075683594
2016-04-12,83.09758758544922
2016-04-13,83.13509368896484
2016-04-14,82.99259185791016
2016-04-15,83.22510528564453
2016-04-18,83.21759033203125
2016-04-19,83.21015167236328
2016-04-20,83.00758361816406
2016-04-21,82.89505767822266
2016-04-22,82.9025650024414
2016-04-25,82.81255340576172
2016-04-26,82.77505493164062
2016-04-27,83.0225830078125
2016-04-28,83.1875991821289
2016-04-29,83.18010711669922
2016-05-02,83.12371063232422
2016-05-03,83.27407836914062
2016-05-04,83.31163787841797
2016-05-05,83.52202606201172
2016-05-06,83.39433288574219
2016-05-09,83.4468765258789
2016-05-10,83.48445129394531
2016-05-11,83.48445129394531
2016-05-12,83.40933227539062
2016-05-13,83.56713104248047
2016-05-16,83.42436218261719
2016-05-17,83.31163787841797
2016-05-18,82.96595764160156
2016-05-19,83.01850891113281
2016-05-20,83.07115173339844
2016-05-23,83.05610656738281
2016-05-24,83.01102447509766
2016-05-25,83.02606201171875
2016-05-26,83.15379333496094
2016-05-27,83.13875579833984
2016-05-31,83.19139862060547
2016-06-01,83.14471435546875
2016-06-02,83.35553741455078
2016-06-03,83.80731201171875
2016-06-06,83.69438934326172
2016-06-07,83.7696762084961
2016-06-08,83.79979705810547
2016-06-09,83.86006927490234
2016-06-10,83.9729995727539
2016-06-13,84.04073333740234
2016-06-14,84.00310516357422
2016-06-15,84.18380737304688
2016-06-16,84.23654174804688
2016-06-17,84.17628479003906
2016-06-20,83.94283294677734
2016-06-21,83.88261413574219
2016-06-22,83.93537902832031
2016-06-23,83.79227447509766
2016-06-24,84.24407958984375
2016-06-27,84.58292388916016
2016-06-28,84.68834686279297
2016-06-29,84.62808990478516
2016-06-30,84.80123901367188
2016-07-01,84.98381805419922
2016-07-05,85.21017456054688
2016-07-06,85.36856842041016
2016-07-07,85.30825805664062
2016-07-08,85.43647003173828
2016-07-11,85.21017456054688
2016-07-12,84.95365142822266
2016-07-13,85.0743637084961
2016-07-14,84.99891662597656
2016-07-15,84.68956756591797
2016-07-18,84.70472717285156
2016-07-19,84.87820434570312
2016-07-20,84.8027572631836
2016-07-21,84.87820434570312
2016-07-22,84.89328002929688
2016-07-25,84.79521179199219
2016-07-26,84.79521179199219
2016-07-27,85.0442123413086
2016-07-28,85.03661346435547
2016-07-29,85.2629623413086
2016-08-01,85.0641860961914
2016-08-02,84.81473541259766
2016-08-03,84.90545654296875
2016-08-04,85.0641860961914
2016-08-05,84.77696990966797
2016-08-08,84.82991790771484
2016-08-09,85.04906463623047
2016-08-10,85.14730072021484
2016-08-11,84.92057800292969
2016-08-12,85.12466430664062
2016-08-15,84.9734878540039
2016-08-16,84.92057800292969
2016-08-17,85.07933044433594
2016-08-18,85.20024871826172
2016-08-19,85.01126861572266
2016-08-22,85.13976287841797
2016-08-23,85.16242218017578
2016-08-24,85.13221740722656
2016-08-25,85.04149627685547
2016-08-26,84.90545654296875
2016-08-29,85.13976287841797
2016-08-30,85.09439086914062
2016-08-31,85.07933044433594
2016-09-01,85.15349578857422
2016-09-02,85.03990936279297
2016-09-06,85.2216567993164
2016-09-07,85.26710510253906
2016-09-08,84.97175598144531
2016-09-09,84.60076141357422
2016-09-12,84.66887664794922
2016-09-13,84.4341812133789
2016-09-14,84.54020690917969
2016-09-15,84.59319305419922
2016-09-16,84.65377807617188
2016-09-19,84.58560180664062
2016-09-20,84.61589813232422
2016-09-21,84.8279037475586
2016-09-22,85.0020751953125
2016-09-23,84.9793472290039
2016-09-26,85.0853271484375
2016-09-27,85.19137573242188
2016-09-28,85.21410369873047
2016-09-29,85.21410369873047
2016-09-30,85.12322235107422
2016-10-03,85.02686309814453
2016-10-04,84.73861694335938
2016-10-05,84.6248550415039
2016-10-06,84.6248550415039
2016-10-07,84.6400375366211
2016-10-10,84.60206604003906
2016-10-11,84.4731216430664
2016-10-12,84.50347900390625
2016-10-13,84.6248550415039
2016-10-14,84.480712890625
2016-10-17,84.6248550415039
2016-10-18,84.76138305664062
2016-10-19,84.80687713623047
2016-10-20,84.77655792236328
2016-10-21,84.82965850830078
2016-10-24,84.70075988769531
2016-10-25,84.70075988769531
2016-10-26,84.53382873535156
2016-10-27,84.32138061523438
2016-10-28,84.32138061523438
2016-10-31,84.4276123046875
2016-11-01,84.38201904296875
2016-11-02,84.48079681396484
2016-11-03,84.3667984008789
2016-11-04,84.5416488647461
2016-11-07,84.44283294677734
2016-11-08,84.30602264404297
2016-11-09,83.52323913574219
2016-11-10,83.18120574951172
2016-11-11,83.02919006347656
2016-11-14,82.69481658935547
2016-11-15,82.7556381225586
2016-11-16,82.93801879882812
2016-11-17,82.6264419555664
2016-11-18,82.36045837402344
2016-11-21,82.4288101196289
2016-11-22,82.50485229492188
2016-11-23,82.21601867675781
2016-11-25,82.20844268798828
2016-11-28,82.49724578857422
2016-11-29,82.58844757080078
2016-11-30,82.26160430908203
2016-12-01,81.99053192138672
2016-12-02,82.24942779541016
2016-12-05,82.31798553466797
2016-12-06,82.30269622802734
2016-12-07,82.51594543457031
2016-12-08,82.36367797851562
2016-12-09,82.1124038696289
2016-12-12,82.03620910644531
2016-12-13,82.14286804199219
2016-12-14,81.693603515625
2016-12-15,81.5946273803711
2016-12-16,81.64790344238281
2016-12-19,81.86113739013672
2016-12-20,81.78495788574219
2016-12-21,81.9600830078125
2016-12-22,81.95934295654297
2016-12-23,81.98226928710938
2016-12-27,81.92118835449219
2016-12-28,82.0509262084961
2016-12-29,82.30279541015625
2016-12-30,82.47068786621094
2017-01-03,82.55463409423828
2017-01-04,82.57752227783203
2017-01-05,82.9209976196289
2017-01-06,82.64620971679688
2017-01-09,82.78360748291016
2017-01-10,82.7607192993164
2017-01-11,82.8599624633789
2017-01-12,82.89046478271484
2017-01-13,82.74542236328125
2017-01-17,83.02783966064453
2017-01-18,82.66912078857422
2017-01-19,82.45539855957031
2017-01-20,82.48594665527344
2017-01-23,82.71488952636719
2017-01-24,82.58515167236328
2017-01-25,82.36383819580078
2017-01-26,82.41728210449219
2017-01-27,82.48594665527344
2017-01-30,82.44782257080078
2017-01-31,82.64620971679688
2017-02-01,82.52996826171875
2017-02-02,82.57585906982422
2017-02-03,82.59878540039062
2017-02-06,82.83590698242188
2017-02-07,82.91995239257812
2017-02-08,83.15707397460938
2017-02-09,82.95821380615234
2017-02-10,82.9429702758789
2017-02-13,82.82056427001953
2017-02-14,82.63702392578125
2017-02-15,82.50702667236328
2017-02-16,82.68291473388672
2017-02-17,82.86648559570312
2017-02-21,82.85881805419922
2017-02-22,82.9123306274414
2017-02-23,83.04998779296875
2017-02-24,83.35589599609375
2017-02-27,83.20295715332031
2017-02-28,83.17998504638672
2017-03-01,82.78919219970703
2017-03-02,82.63594055175781
2017-03-03,82.69723510742188
2017-03-06,82.65897369384766
2017-03-07,82.55164337158203
2017-03-08,82.3524398803711
2017-03-09,82.09954833984375
2017-03-10,82.22220611572266
2017-03-13,82.08425903320312
2017-03-14,82.11485290527344
2017-03-15,82.58995819091797
2017-03-16,82.49806213378906
2017-03-17,82.67424774169922
2017-03-20,82.7968521118164
2017-03-21,82.96546936035156
2017-03-22,83.08036041259766
2017-03-23,83.10338592529297
2017-03-24,83.034423828125
2017-03-27,83.2336654663086
2017-03-28,83.04206085205078
2017-03-29,83.2259750366211
2017-03-30,83.07272338867188
2017-03-31,83.13400268554688
2017-04-03,83.44269561767578
2017-04-04,83.36591339111328
2017-04-05,83.45806884765625
2017-04-06,83.45038604736328
2017-04-07,83.26612091064453
2017-04-10,83.37361145019531
2017-04-11,83.61165618896484
2017-04-12,83.7958984375
2017-04-13,83.90343475341797
2017-04-17,83.85734558105469
2017-04-18,84.1952133178711
2017-04-19,84.06468963623047
2017-04-20,83.93415832519531
2017-04-21,83.95716857910156
2017-04-24,83.83432006835938
2017-04-25,83.55790710449219
2017-04-26,83.66543579101562
2017-04-27,83.74215698242188
2017-04-28,83.88809967041016
2017-05-01,83.67182922363281
2017-05-02,83.7872543334961
2017-05-03,83.70256805419922
2017-05-04,83.63335418701172
2017-05-05,83.64874267578125
2017-05-08,83.48713684082031
2017-05-09,83.49481964111328
2017-05-10,83.51792907714844
2017-05-11,83.51024627685547
2017-05-12,83.81802368164062
2017-05-15,83.7872543334961
2017-05-16,83.89501190185547
2017-05-17,84.3259506225586
2017-05-18,84.27977752685547
2017-05-19,84.27977752685547
2017-05-22,84.22587585449219
2017-05-23,84.06429290771484
2017-05-24,84.21050262451172
2017-05-25,84.24899291992188
2017-05-26,84.2181625366211
2017-05-30,84.37981414794922
2017-05-31,84.46444702148438
2017-06-01,84.4259262084961
2017-06-02,84.7035140991211
2017-06-05,84.57239532470703
2017-06-06,84.7420425415039
2017-06-07,84.64185333251953
2017-06-08,84.55699157714844
2017-06-09,84.48759460449219
2017-06-12,84.48759460449219
2017-06-13,84.51068878173828
2017-06-14,84.78059387207031
2017-06-15,84.72663879394531
2017-06-16,84.78059387207031
2017-06-19,84.66495513916016
2017-06-20,84.79607391357422
2017-06-21,84.81146240234375
2017-06-22,84.85006713867188
2017-06-23,84.86549377441406
2017-06-26,84.94258117675781
2017-06-27,84.68812561035156
2017-06-28,84.71892547607422
2017-06-29,84.55699157714844
2017-06-30,84.44902038574219
2017-07-03,84.29833984375
2017-07-05,84.34471893310547
2017-07-06,84.1823959350586
2017-07-07,84.1515121459961
2017-07-10,84.19013977050781
2017-07-11,84.26744079589844
2017-07-12,84.52244567871094
2017-07-13,84.42969512939453
2017-07-14,84.51471710205078
2017-07-17,84.55339050292969
2017-07-18,84.74652862548828
2017-07-19,84.7697525024414
2017-07-20,84.79287719726562
2017-07-21,84.93970489501953
2017-07-24,84.86245727539062
2017-07-25,84.56108093261719
2017-07-26,84.72332000732422
2017-07-27,84.5997085571289
2017-07-28,84.7697525024414
2017-07-31,84.73107147216797
2017-08-01,84.96337890625
2017-08-02,84.90142822265625
2017-08-03,85.07178497314453
2017-08-04,84.93240356445312
2017-08-07,84.92469024658203
2017-08-08,84.84724426269531
2017-08-09,84.92469024658203
2017-08-10,85.0098876953125
2017-08-11,85.07955169677734
2017-08-14,85.04084777832031
2017-08-15,84.91690063476562
2017-08-16,85.07178497314453
2017-08-17,85.1956787109375
2017-08-18,85.14143371582031
2017-08-21,85.20343780517578
2017-08-22,85.12596130371094
2017-08-23,85.31957244873047
2017-08-24,85.21117401123047
2017-08-25,85.27313995361328
2017-08-28,85.30411529541016
2017-08-29,85.42798614501953
2017-08-30,85.41254425048828
2017-08-31,85.52867126464844
2017-09-01,85.33467864990234
2017-09-05,85.68385314941406
2017-09-06,85.59078216552734
2017-09-07,85.80028533935547
2017-09-08,85.69939422607422
2017-09-11,85.46662139892578
2017-09-12,85.3424301147461
2017-09-13,85.2571029663086
2017-09-14,85.30362701416016
2017-09-15,85.28811645507812
2017-09-18,85.24930572509766
2017-09-19,85.20275115966797
2017-09-20,85.13292694091797
2017-09-21,85.11739349365234
2017-09-22,85.17950439453125
2017-09-25,85.38123321533203
2017-09-26,85.35018920898438
2017-09-27,85.10189056396484
2017-09-28,85.10961151123047
2017-09-29,85.03980255126953
2017-10-02,85.0918960571289
2017-10-03,85.16188049316406
2017-10-04,85.13860321044922
2017-10-05,85.09969329833984
2017-10-06,84.97528076171875
2017-10-09,85.0918960571289
2017-10-10,85.09969329833984
2017-10-11,85.11524963378906
2017-10-12,85.21631622314453
2017-10-13,85.42625427246094
2017-10-16,85.34078216552734
2017-10-17,85.30963134765625
2017-10-18,85.17742919921875
2017-10-19,85.23966979980469
2017-10-20,84.99083709716797
2017-10-23,85.08415985107422
2017-10-24,84.90530395507812
2017-10-25,84.8508529663086
2017-10-26,84.7575454711914
2017-10-27,84.94418334960938
2017-10-30,85.17742919921875
2017-10-31,85.12300872802734
2017-11-01,85.1604232788086
2017-11-02,85.20716094970703
2017-11-03,85.28510284423828
2017-11-06,85.36300659179688
2017-11-07,85.38641357421875
2017-11-08,85.33183288574219
2017-11-09,85.26953125
2017-11-10,84.9266128540039
2017-11-13,84.9266128540039
2017-11-14,85.0123291015625
2017-11-15,85.1760025024414
2017-11-16,85.0824966430664
2017-11-17,85.1760025024414
2017-11-20,85.12926483154297
2017-11-21,85.2149658203125
2017-11-22,85.36300659179688
2017-11-24,85.34740447998047
2017-11-27,85.34740447998047
2017-11-28,85.34740447998047
2017-11-29,85.13702392578125
2017-11-30,84.99676513671875
2017-12-01,85.23965454101562
2017-12-04,85.23184204101562
2017-12-05,85.31770324707031
2017-12-06,85.40364074707031
2017-12-07,85.29429626464844
2017-12-08,85.26307678222656
2017-12-11,85.23184204101562
2017-12-12,85.19276428222656
2017-12-13,85.43482971191406
2017-12-14,85.4582748413086
2017-12-15,85.4817123413086
2017-12-18,85.37237548828125
2017-12-19,85.12248992919922
2017-12-20,84.9272689819336
2017-12-21,85.00226593017578
2017-12-22,85.04132843017578
2017-12-26,85.11162567138672
2017-12-27,85.37720489501953
2017-12-28,85.31473541259766
2017-12-29,85.4006576538086
2018-01-02,85.27568054199219
2018-01-03,85.28348541259766
2018-01-04,85.22879028320312
2018-01-05,85.17411041259766
2018-01-08,85.15069580078125
2018-01-09,84.91635131835938
2018-01-10,84.91635131835938
2018-01-11,84.95539093017578
2018-01-12,84.93976593017578
2018-01-16,84.96318817138672
2018-01-17,84.8695068359375
2018-01-18,84.68202209472656
2018-01-19,84.50236511230469
2018-01-22,84.4710693359375
2018-01-23,84.67423248291016
2018-01-24,84.58824157714844
2018-01-25,84.80697631835938
2018-01-26,84.65076446533203
2018-01-29,84.50236511230469
2018-01-30,84.36952209472656
2018-01-31,84.43984985351562
2018-02-01,84.17524719238281
2018-02-02,83.9247055053711
2018-02-05,84.26134490966797
2018-02-06,84.01866912841797
2018-02-07,83.83078002929688
2018-02-08,83.68987274169922
2018-02-09,83.58023071289062
2018-02-12,83.6037368774414
2018-02-13,83.62722778320312
2018-02-14,83.34536743164062
2018-02-15,83.44718170166016
2018-02-16,83.6115951538086
2018-02-20,83.52543640136719
2018-02-21,83.2593002319336
2018-02-22,83.2671127319336
2018-02-23,83.47846221923828
2018-02-26,83.5411605834961
2018-02-27,83.3610610961914
2018-02-28,83.58808135986328
2018-03-01,83.66261291503906
2018-03-02,83.52921295166016
2018-03-05,83.482177734375
2018-03-06,83.49786376953125
2018-03-07,83.482177734375
2018-03-08,83.61552429199219
2018-03-09,83.4586181640625
2018-03-12,83.50569915771484
2018-03-13,83.61552429199219
2018-03-14,83.75675964355469
2018-03-15,83.76461791992188
2018-03-16,83.71754455566406
2018-03-19,83.63121795654297
2018-03-20,83.49786376953125
2018-03-21,83.49002075195312
2018-03-22,83.64695739746094
2018-03-23,83.64695739746094
2018-03-26,83.61552429199219
2018-03-27,83.8587646484375
2018-03-28,83.90585327148438
2018-03-29,84.14908599853516
2018-04-02,84.06497192382812
2018-04-03,83.97058868408203
2018-04-04,84.00201416015625
2018-04-05,83.88408660888672
2018-04-06,84.07279968261719
2018-04-09,84.14360809326172
2018-04-10,84.08064270019531
2018-04-11,84.15141296386719
2018-04-12,83.96269989013672
2018-04-13,83.98628234863281
2018-04-16,84.00201416015625
2018-04-17,84.02564239501953
2018-04-18,83.78968811035156
2018-04-19,83.5853042602539
2018-04-20,83.35719299316406
2018-04-23,83.3178482055664
2018-04-24,83.20771789550781
2018-04-25,83.09768676757812
2018-04-26,83.23922729492188
2018-04-27,83.34144592285156
2018-04-30,83.35719299316406
2018-05-01,83.2862548828125
2018-05-02,83.2862548828125
2018-05-03,83.38081359863281
2018-05-04,83.43599700927734
2018-05-07,83.39659881591797
2018-05-08,83.30201721191406
2018-05-09,83.20742797851562
2018-05-10,83.39659881591797
2018-05-11,83.43599700927734
2018-05-14,83.35717010498047
2018-05-15,82.9867172241211
2018-05-16,82.89216613769531
2018-05-17,82.78182220458984
2018-05-18,82.99464416503906
2018-05-21,83.00253295898438
2018-05-22,83.00253295898438
2018-05-23,83.2310791015625
2018-05-24,83.45964813232422
2018-05-25,83.64096069335938
2018-05-29,84.19263458251953
2018-05-30,83.97981262207031
2018-05-31,83.90886688232422
2018-06-01,83.805419921875
2018-06-04,83.60787200927734
2018-06-05,83.6711196899414
2018-06-06,83.48150634765625
2018-06-07,83.66326141357422
2018-06-08,83.54471588134766
2018-06-11,83.45780944824219
2018-06-12,83.48150634765625
2018-06-13,83.4024658203125
2018-06-14,83.61580657958984
2018-06-15,83.64742279052734
2018-06-18,83.66326141357422
2018-06-19,83.75009155273438
2018-06-20,83.59211730957031
2018-06-21,83.61580657958984
2018-06-22,83.69482421875
2018-06-25,83.64742279052734
2018-06-26,83.78168487548828
2018-06-27,83.93184661865234
2018-06-28,83.92391204833984
2018-06-29,83.99500274658203
2018-07-02,83.9150619506836
2018-07-03,84.0892562866211
2018-07-05,84.16841125488281
2018-07-06,84.2555160522461
2018-07-09,84.17630767822266
2018-07-10,84.11299896240234
2018-07-11,84.14469146728516
2018-07-12,84.2475814819336
2018-07-13,84.32677459716797
2018-07-16,84.23174285888672
2018-07-17,84.20008087158203
2018-07-18,84.17630767822266
2018-07-19,84.3030014038086
2018-07-20,84.13674926757812
2018-07-23,83.84381866455078
2018-07-24,83.96253967285156
2018-07-25,83.97046661376953
2018-07-26,83.92298889160156
2018-07-27,83.98628997802734
2018-07-30,83.89922332763672
2018-07-31,83.97046661376953
2018-08-01,83.88397979736328
2018-08-02,83.9157485961914
2018-08-03,84.09823608398438
2018-08-06,84.15377807617188
2018-08-07,84.0030288696289
2018-08-08,84.0030288696289
2018-08-09,84.12211608886719
2018-08-10,84.30463409423828
2018-08-13,84.35218048095703
2018-08-14,84.27284240722656
2018-08-15,84.39188385009766
2018-08-16,84.43952178955078
2018-08-17,84.48710632324219
2018-08-20,84.65376281738281
2018-08-21,84.58234405517578
2018-08-22,84.65376281738281
2018-08-23,84.60616302490234
2018-08-24,84.70140838623047
2018-08-27,84.59024047851562
2018-08-28,84.43153381347656
2018-08-29,84.41569519042969
2018-08-30,84.45536804199219
2018-08-31,84.44743347167969
2018-09-04,84.3536376953125
2018-09-05,84.31381225585938
2018-09-06,84.45698547363281
2018-09-07,84.15476989746094
2018-09-10,84.23429107666016
2018-09-11,84.09112548828125
2018-09-12,84.14679718017578
2018-09-13,84.20247650146484
2018-09-14,84.04338836669922
2018-09-17,84.04338836669922
2018-09-18,83.86048889160156
2018-09-19,83.701416015625
2018-09-20,83.812744140625
2018-09-21,83.8763656616211
2018-09-24,83.79684448242188
2018-09-25,83.75707244873047
2018-09-26,83.95589447021484
2018-09-27,84.0115737915039
2018-09-28,83.92406463623047
2018-10-01,83.90177917480469
2018-10-02,83.9974365234375
2018-10-03,83.59886169433594
2018-10-04,83.35970306396484
2018-10-05,83.17628479003906
2018-10-08,83.14439392089844
2018-10-09,83.26399993896484
2018-10-10,83.24010467529297
2018-10-11,83.48722839355469
2018-10-12,83.5111083984375
2018-10-15,83.45528411865234
2018-10-16,83.50315856933594
2018-10-17,83.33576202392578
2018-10-18,83.27993774414062
2018-10-19,83.20814514160156
2018-10-22,83.19223022460938
2018-10-23,83.29585266113281
2018-10-24,83.5111083984375
2018-10-25,83.43936920166016
2018-10-26,83.63069152832031
2018-10-29,83.5429916381836
2018-10-30,83.42344665527344
2018-10-31,83.38359069824219
2018-11-01,83.59426879882812
2018-11-02,83.34590911865234
2018-11-05,83.40201568603516
2018-11-06,83.40999603271484
2018-11-07,83.48210906982422
2018-11-08,83.32987213134766
2018-11-09,83.43405151367188
2018-11-12,83.57023620605469
2018-11-13,83.60230255126953
2018-11-14,83.61029052734375
2018-11-15,83.71442413330078
2018-11-16,83.8506851196289
2018-11-19,83.84265899658203
2018-11-20,83.81061553955078
2018-11-21,83.86664581298828
2018-11-23,83.84265899658203
2018-11-26,83.82662200927734
2018-11-27,83.8506851196289
2018-11-28,84.01091003417969
2018-11-29,84.05095672607422
2018-11-30,84.0268783569336
2018-12-03,84.16425323486328
2018-12-04,84.38911437988281
2018-12-06,84.59789276123047
2018-12-07,84.71036529541016
2018-12-10,84.76655578613281
2018-12-11,84.7906723022461
2018-12-12,84.7264175415039
2018-12-13,84.75049591064453
2018-12-14,84.77458953857422
2018-12-17,84.91911315917969
2018-12-18,85.16857147216797
2018-12-19,85.24906921386719
2018-12-20,85.16857147216797
2018-12-21,85.12836456298828
2018-12-24,85.18470001220703
2018-12-26,85.02377319335938
2018-12-27,85.16056823730469
2018-12-28,85.47440338134766
2018-12-31,85.69164276123047
2019-01-02,85.75602722167969
2019-01-03,86.11009979248047
2019-01-04,85.85260009765625
2019-01-07,85.70777130126953
2019-01-08,85.64336395263672
2019-01-09,85.71578979492188
2019-01-10,85.6192398071289
2019-01-11,85.73992156982422
2019-01-14,85.6192398071289
2019-01-15,85.63531494140625
2019-01-16,85.70777130126953
2019-01-17,85.64336395263672
2019-01-18,85.5789566040039
2019-01-22,85.65140533447266
2019-01-23,85.73992156982422
2019-01-24,85.88479614257812
2019-01-25,85.84454345703125
2019-01-28,85.7962646484375
2019-01-29,86.02159118652344
2019-01-30,86.21470642089844
2019-01-31,86.47219848632812
2019-02-01,86.29310607910156
2019-02-04,86.22052001953125
2019-02-05,86.40606689453125
2019-02-06,86.35768127441406
2019-02-07,86.39801025390625
2019-02-08,86.59159851074219
2019-02-11,86.50286102294922
2019-02-12,86.51901245117188
2019-02-13,86.36571502685547
2019-02-14,86.4947738647461
2019-02-15,86.5593490600586
2019-02-19,86.60773468017578
2019-02-20,86.61582946777344
2019-02-21,86.42218017578125
2019-02-22,86.6399917602539
2019-02-25,86.61582946777344
2019-02-26,86.71261596679688
2019-02-27,86.52703094482422
2019-02-28,86.37379455566406
2019-03-01,86.23391723632812
2019-03-04,86.33905029296875
2019-03-05,86.39563751220703
2019-03-06,86.52503204345703
2019-03-07,86.76764678955078
2019-03-08,86.88086700439453
2019-03-11,86.88894653320312
2019-03-12,87.05067443847656
2019-03-13,87.01025390625
2019-03-14,86.88086700439453
2019-03-15,87.09921264648438
2019-03-18,87.08304595947266
2019-03-19,87.03450775146484
2019-03-20,87.39036560058594
2019-03-21,87.40653991699219
2019-03-22,87.84325408935547
2019-03-25,88.00499725341797
2019-03-26,88.02116394042969
2019-03-27,88.2071762084961
2019-03-28,88.21521759033203
2019-03-29,88.2071762084961
2019-04-01,87.8034439086914
2019-04-02,87.90072631835938
2019-04-03,87.73858642578125
2019-04-04,87.8034439086914
2019-04-05,87.86832427978516
2019-04-08,87.82777404785156
2019-04-09,87.87641143798828
2019-04-10,88.046630859375
2019-04-11,87.9412612915039
2019-04-12,87.77102661132812
2019-04-15,87.75480651855469
2019-04-16,87.60079193115234
2019-04-17,87.59268188476562
2019-04-18,87.70618438720703
2019-04-22,87.60079193115234
2019-04-23,87.75480651855469
2019-04-24,87.95748138427734
2019-04-25,87.94937896728516
2019-04-26,88.12770080566406
2019-04-29,87.97364044189453
2019-04-30,88.0304183959961
2019-05-01,88.08732604980469
2019-05-02,87.89228057861328
2019-05-03,88.03854370117188
2019-05-06,88.1523208618164
2019-05-07,88.25794219970703
2019-05-08,88.24171447753906
2019-05-09,88.2904281616211
2019-05-10,88.3067398071289
2019-05-13,88.45301818847656
2019-05-14,88.52613067626953
2019-05-15,88.68057250976562
2019-05-16,88.57486724853516
2019-05-17,88.59925842285156
2019-05-20,88.47737121582031
2019-05-21,88.4692153930664
2019-05-22,88.61553192138672
2019-05-23,88.87556457519531
2019-05-24,88.9080581665039
2019-05-28,89.0380630493164
2019-05-29,89.06243896484375
2019-05-30,89.29810333251953
2019-05-31,89.71253204345703
2019-06-03,89.92431640625
2019-06-04,89.84286499023438
2019-06-05,89.79402923583984
2019-06-06,89.77770233154297
2019-06-07,90.03022766113281
2019-06-10,89.79402923583984
2019-06-11,89.77770233154297
2019-06-12,89.89177703857422
2019-06-13,90.0872039794922
2019-06-14,90.06281280517578
2019-06-17,90.0383529663086
2019-06-18,90.28273010253906
2019-06-19,90.59222412109376
2019-06-20,90.74698638916016
2019-06-21,90.51078033447266
2019-06-24,90.67372131347656
2019-06-25,90.68997955322266
2019-06-26,90.48633575439452
2019-06-27,90.7388687133789
2019-06-28,90.69812774658205
2019-07-01,90.76504516601562
2019-07-02,90.9283676147461
2019-07-03,91.07533264160156
2019-07-05,90.69156646728516
2019-07-08,90.64260864257812
2019-07-09,90.61814880371094
2019-07-10,90.68343353271484
2019-07-11,90.34868621826172
2019-07-12,90.44668579101562
2019-07-15,90.57730865478516
2019-07-16,90.47935485839844
2019-07-17,90.7160873413086
2019-07-18,90.86299896240234
2019-07-19,90.75688934326172
2019-07-22,90.8712158203125
2019-07-23,90.78140258789062
2019-07-24,90.91202545166016
2019-07-25,90.77324676513672
2019-07-26,90.78955841064452
2019-07-29,90.83039855957033
2019-07-30,90.82225036621094
2019-07-31,90.86299896240234
2019-08-01,91.5749740600586
2019-08-02,91.607666015625
2019-08-05,92.00865936279295
2019-08-06,92.2541046142578
2019-08-07,92.20506286621094
2019-08-08,92.2950210571289
2019-08-09,92.17230224609376
2019-08-12,92.5078125
2019-08-13,92.37689208984376
2019-08-14,92.66324615478516
2019-08-15,93.08879852294922
2019-08-16,93.01513671875
2019-08-19,92.7696762084961
2019-08-20,93.0233383178711
2019-08-21,92.97423553466795
2019-08-22,92.72870635986328
2019-08-23,93.10514068603516
2019-08-26,93.06422424316406
2019-08-27,93.35885620117188
2019-08-28,93.36698150634766
2019-08-29,93.30973815917967
2019-08-30,93.39157104492188
2019-09-03,93.36944580078124
2019-09-04,93.5334701538086
2019-09-05,93.1315689086914
2019-09-06,93.22999572753906
2019-09-09,92.83628845214844
2019-09-10,92.33599853515624
2019-09-11,92.35237121582033
2019-09-12,92.20477294921876
2019-09-13,91.65523529052734
2019-09-16,91.9012680053711
2019-09-17,92.04070281982422
2019-09-18,92.1473159790039
2019-09-19,92.2785873413086
2019-09-20,92.61483764648438
2019-09-23,92.65584564208984
2019-09-24,92.91011810302734
2019-09-25,92.52462005615234
2019-09-26,92.68047332763672
2019-09-27,92.79530334472656
2019-09-30,92.81987762451172
2019-10-01,92.98839569091795
2019-10-02,93.05418395996094
2019-10-03,93.41588592529295
2019-10-04,93.5638656616211
2019-10-07,93.30899047851562
2019-10-08,93.3418960571289
2019-10-09,93.29254913330078
2019-10-10,92.97196197509766
2019-10-11,92.66780853271484
2019-10-14,92.82398986816406
2019-10-15,92.51984405517578
2019-10-16,92.6842803955078
2019-10-17,92.65960693359376
2019-10-18,92.725341796875
2019-10-21,92.4705047607422
2019-10-22,92.61026763916016
2019-10-23,92.6842803955078
2019-10-24,92.70887756347656
2019-10-25,92.57738494873048
2019-10-28,92.38011169433594
2019-10-29,92.38833618164062
2019-10-30,92.65139770507812
2019-10-31,93.01307678222656
2019-11-01,93.03861236572266
2019-11-04,92.80792999267578
2019-11-05,92.46188354492188
2019-11-06,92.60195922851562
2019-11-07,92.1653289794922
2019-11-08,92.11589813232422
2019-11-11,92.1323699951172
2019-11-12,92.2312240600586
2019-11-13,92.39599609375
2019-11-14,92.65963745117188
2019-11-15,92.6102066040039
2019-11-18,92.78321075439452
2019-11-19,92.84913635253906
2019-11-20,93.07154846191406
2019-11-21,92.9397430419922
2019-11-22,92.98918151855467
2019-11-25,93.07979583740234
2019-11-26,93.21161651611328
2019-11-27,93.0963134765625
2019-11-29,92.9809341430664
2019-12-02,92.8785629272461
2019-12-03,93.29967498779295
2019-12-04,93.14276885986328
2019-12-05,93.03545379638672
2019-12-06,92.90333557128906
2019-12-09,92.95287322998048
2019-12-10,92.91983032226562
2019-12-11,93.16751861572266
2019-12-12,92.77122497558594
2019-12-13,93.14276885986328
2019-12-16,92.95287322998048
2019-12-17,92.9610824584961
2019-12-18,92.77947998046876
2019-12-19,92.87955474853516
2019-12-20,92.89606475830078
2019-12-23,92.82991790771484
2019-12-24,92.94572448730467
2019-12-26,93.0284194946289
2019-12-27,93.15245819091795
2019-12-30,93.15245819091795
2019-12-31,92.93742370605467
2020-01-02,93.19383239746094
2020-01-03,93.466796875
2020-01-06,93.3923110961914
2020-01-07,93.29309844970705
2020-01-08,93.18557739257812
2020-01-09,93.28483581542967
2020-01-10,93.44192504882812
2020-01-13,93.38406372070312
2020-01-14,93.466796875
2020-01-15,93.60733032226562
2020-01-16,93.60733032226562
2020-01-17,93.4998550415039
2020-01-21,93.76451110839844
2020-01-22,93.81414031982422
2020-01-23,93.9381866455078
2020-01-24,94.11187744140624
2020-01-27,94.40133666992188
2020-01-28,94.31864166259766
2020-01-29,94.53368377685548
2020-01-30,94.54193878173828
2020-01-31,94.82315063476562
2020-02-03,94.79246520996094
2020-02-04,94.4775619506836
2020-02-05,94.3366470336914
2020-02-06,94.39466094970705
2020-02-07,94.66814422607422
2020-02-10,94.77590942382812
2020-02-11,94.65988159179688
2020-02-12,94.56039428710938
2020-02-13,94.62669372558594
2020-02-14,94.72618103027344
2020-02-18,94.85050201416016
2020-02-19,94.8256378173828
2020-02-20,95.04116821289062
2020-02-21,95.23175048828124
2020-02-24,95.53841400146484
2020-02-25,95.70419311523438
2020-02-26,95.60472106933594
2020-02-27,95.62132263183594
2020-02-28,96.32579803466795
2020-03-02,96.29177856445312
2020-03-03,96.9478759765625
2020-03-04,96.87313079833984
2020-03-05,97.17213439941406
2020-03-06,97.88638305664062
2020-03-09,97.7617645263672
2020-03-10,96.65719604492188
2020-03-11,95.27850341796876
2020-03-12,91.46637725830078
2020-03-13,92.90318298339844
2020-03-16,94.45628356933594
2020-03-17,92.01451873779295
2020-03-18,88.50967407226562
2020-03-19,90.48629760742188
2020-03-20,91.3833236694336
2020-03-23,93.551025390625
2020-03-24,94.32339477539062
2020-03-25,95.28682708740234
2020-03-26,95.5774917602539
2020-03-27,95.98444366455078
2020-03-30,96.07582092285156
2020-03-31,95.81835174560548
2020-04-01,95.49293518066406
2020-04-02,95.63442993164062
2020-04-03,95.70100402832033
2020-04-06,96.16708374023438
2020-04-07,96.30028533935548
2020-04-08,96.39179229736328
2020-04-09,97.59036254882812
2020-04-13,97.13258361816406
2020-04-14,97.18253326416016
2020-04-15,97.58206176757812
2020-04-16,97.70692443847656
2020-04-17,97.59036254882812
2020-04-20,97.44889068603516
2020-04-21,97.49880981445312
2020-04-22,97.49880981445312
2020-04-23,97.73190307617188
2020-04-24,97.68197631835938
2020-04-27,97.23249053955078
2020-04-28,97.61532592773438
2020-04-29,97.68197631835938
2020-04-30,97.4655303955078
2020-05-01,97.47053527832033
2020-05-04,97.5539321899414
2020-05-05,97.47886657714844
2020-05-06,97.0868682861328
2020-05-07,97.38712310791016
2020-05-08,97.12860870361328
2020-05-11,96.83666229248048
2020-05-12,97.0868682861328
2020-05-13,97.24534606933594
2020-05-14,97.5456314086914
2020-05-15,97.60398864746094
2020-05-18,97.46221160888672
2020-05-19,97.57061767578124
2020-05-20,97.8208236694336
2020-05-21,97.8958511352539
2020-05-22,97.9458999633789
2020-05-26,97.78746032714844
2020-05-27,97.92922973632812
2020-05-28,97.86248779296876
2020-05-29,98.12106323242188
2020-06-01,98.06587982177734
2020-06-02,98.14947509765624
2020-06-03,97.90716552734376
2020-06-04,97.61473846435548
2020-06-05,97.67324829101562
2020-06-08,97.78186798095705
2020-06-09,97.90716552734376
2020-06-10,98.3082275390625
2020-06-11,98.1411361694336
2020-06-12,98.24136352539062
2020-06-15,98.56722259521484
2020-06-16,98.37503814697266
2020-06-17,98.2915267944336
2020-06-18,98.39176177978516
2020-06-19,98.4251937866211
2020-06-22,98.4001235961914
2020-06-23,98.3834228515625
2020-06-24,98.36671447753906
2020-06-25,98.4836883544922
2020-06-26,98.60066223144533
2020-06-29,98.68421936035156
2020-06-30,98.76776123046876
2020-07-01,98.82049560546876
2020-07-02,98.93772888183594
2020-07-06,98.92932891845705
2020-07-07,99.07999420166016
2020-07-08,99.0465316772461
2020-07-09,99.3060302734375
2020-07-10,99.18883514404295
2020-07-13,99.1804656982422
2020-07-14,99.33950805664062
2020-07-15,99.34786987304688
2020-07-16,99.41483306884766
2020-07-17,99.51526641845705
2020-07-20,99.62409973144533
2020-07-21,99.68270111083984
2020-07-22,99.76641845703124
2020-07-23,99.88361358642578
2020-07-24,99.85017395019533
2020-07-27,99.78318786621094
2020-07-28,99.85017395019533
2020-07-29,99.96733856201172
2020-07-30,100.04264068603516
2020-07-31,100.08453369140624
2020-08-03,100.12393188476562
2020-08-04,100.31682586669922
2020-08-05,100.12393188476562
2020-08-06,100.26647186279295
2020-08-07,100.14910125732422
2020-08-10,100.0568389892578
2020-08-11,99.78010559082033
2020-08-12,99.5789031982422
2020-08-13,99.2099151611328
2020-08-14,99.11764526367188
2020-08-17,99.2518310546875
2020-08-18,99.39442443847656
2020-08-19,99.24346160888672
2020-08-20,99.41952514648438
2020-08-21,99.52014923095705
2020-08-24,99.47824096679688
2020-08-25,99.26862335205078
2020-08-26,99.2518310546875
2020-08-27,98.90802001953124
2020-08-28,99.04219818115234
2020-08-31,99.2602310180664
2020-09-01,99.46600341796876
2020-09-02,99.66761016845705
2020-09-03,99.69280242919922
2020-09-04,99.1972198486328
2020-09-08,99.30642700195312
2020-09-09,99.29798126220705
2020-09-10,99.30642700195312
2020-09-11,99.4240264892578
2020-09-14,99.43242645263672
2020-09-15,99.44083404541016
2020-09-16,99.390380859375
2020-09-17,99.41563415527344
2020-09-18,99.29798126220705
2020-09-21,99.3148193359375
2020-09-22,99.390380859375
2020-09-23,99.1804428100586
2020-09-24,99.18883514404295
2020-09-25,99.22241973876952
2020-09-28,99.30642700195312
2020-09-29,99.32320404052734
2020-09-30,99.1636199951172
2020-10-01,99.29994201660156
2020-10-02,99.19898223876952
2020-10-05,98.87922668457033
2020-10-06,98.96341705322266
2020-10-07,98.89608001708984
2020-10-08,99.02225494384766
2020-10-09,99.04751586914062
2020-10-12,99.24102783203124
2020-10-13,99.26628875732422
2020-10-14,99.32518768310548
2020-10-15,99.24102783203124
2020-10-16,99.19055938720705
2020-10-19,99.07274627685548
2020-10-20,98.98860168457033
2020-10-21,98.8708038330078
2020-10-22,98.69415283203124
2020-10-23,98.8372039794922
2020-10-26,98.97177124023438
2020-10-27,99.19898223876952
2020-10-28,99.05593872070312
2020-10-29,98.87922668457033
2020-10-30,98.61001586914062
2020-11-02,98.7886734008789
2020-11-03,98.74652862548828
2020-11-04,99.40387725830078
2020-11-05,99.49659729003906
2020-11-06,99.2774658203125
2020-11-09,98.8139419555664
2020-11-10,98.65382385253906
2020-11-11,98.71282196044922
2020-11-12,99.12578582763672
2020-11-13,99.14263153076172
2020-11-16,99.13419342041016
2020-11-17,99.33647918701172
2020-11-18,99.40387725830078
2020-11-19,99.58929443359376
2020-11-20,99.69042205810548
2020-11-23,99.6651382446289
2020-11-24,99.53028106689452
2020-11-25,99.49659729003906
2020-11-27,99.6651382446289
2020-11-30,99.79998016357422
2020-12-01,99.48423767089844
2020-12-02,99.37451934814452
2020-12-03,99.54332733154295
2020-12-04,99.273193359375
2020-12-07,99.42516326904295
2020-12-08,99.43359375
2020-12-09,99.2900619506836
2020-12-10,99.53490447998048
2020-12-11,99.64466094970705
2020-12-14,99.58552551269533
2020-12-15,99.64466094970705
2020-12-16,99.60242462158205
2020-12-17,99.5981903076172
2020-12-18,99.54747009277344
2020-12-21,99.54747009277344
2020-12-22,99.69114685058594
2020-12-23,99.62353515625
2020-12-24,99.71653747558594
2020-12-28,99.73340606689452
2020-12-29,99.7503433227539
2020-12-30,99.80945587158205
2020-12-31,99.88555145263672
2021-01-04,99.7588119506836
2021-01-05,99.65735626220705
2021-01-06,99.16719818115234
2021-01-07,99.0657730102539
2021-01-08,98.94744110107422
2021-01-11,98.786865234375
2021-01-12,98.87139892578124
2021-01-13,99.1840591430664
2021-01-14,98.98971557617188
2021-01-15,99.09111785888672
2021-01-19,99.2263412475586
2021-01-20,99.23479461669922
2021-01-21,99.09111785888672
2021-01-22,99.09111785888672
2021-01-25,99.34464263916016
2021-01-26,99.3108139038086
2021-01-27,99.3193130493164
2021-01-28,99.251708984375
2021-01-29,99.14185333251952
2021-02-01,99.23663330078124
2021-02-02,99.0842514038086
2021-02-03,98.96575164794922
2021-02-04,98.92342376708984
2021-02-05,98.79647827148438
2021-02-08,98.89805603027344
2021-02-09,98.9403305053711
2021-02-10,99.0334930419922
2021-02-11,98.91496276855467
2021-02-12,98.68639373779295
2021-02-16,98.2208480834961
2021-02-17,98.41553497314452
2021-02-18,98.36475372314452
2021-02-19,98.05996704101562
2021-02-22,97.7552490234375
2021-02-23,97.78062438964844
2021-02-24,97.7468032836914
2021-02-25,96.84947967529295
2021-02-26,97.63671875
2021-03-01,97.58586883544922
2021-03-02,97.60279083251952
2021-03-03,97.2466812133789
2021-03-04,96.96688842773438
2021-03-05,96.89903259277344
2021-03-08,96.51750183105467
2021-03-09,96.882080078125
2021-03-10,97.04317474365234
2021-03-11,97.03475189208984
2021-03-12,96.48357391357422
2021-03-15,96.58536529541016
2021-03-16,96.55139923095705
2021-03-17,96.54293823242188
2021-03-18,96.16983795166016
2021-03-19,96.24616241455078
2021-03-22,96.43269348144533
2021-03-23,96.67858123779295
2021-03-24,96.7973175048828
2021-03-25,96.74642944335938
2021-03-26,96.58536529541016
2021-03-29,96.42420959472656
2021-03-30,96.5005111694336
2021-03-31,96.51750183105467
2021-04-01,96.84188842773438
2021-04-05,96.64656829833984
2021-04-06,96.98624420166016
2021-04-07,96.83338165283205
2021-04-08,97.07115936279295
2021-04-09,96.96077728271484
2021-04-12,96.9352798461914
2021-04-13,97.2155303955078
2021-04-14,97.13910675048828
2021-04-15,97.52123260498048
2021-04-16,97.26644897460938
2021-04-19,97.19003295898438
2021-04-20,97.34291076660156
2021-04-21,97.43631744384766
2021-04-22,97.4617691040039
2021-04-23,97.44483947753906
2021-04-26,97.3598861694336
2021-04-27,97.12210083007812
2021-04-28,97.17306518554688
2021-04-29,97.12210083007812
2021-04-30,97.22402954101562
2021-05-03,97.28611755371094
2021-05-04,97.4051742553711
2021-05-05,97.48170471191406
2021-05-06,97.49874114990234
2021-05-07,97.47321319580078
2021-05-10,97.32015228271484
2021-05-11,97.1075210571289
2021-05-12,96.767333984375
2021-05-13,96.9884262084961
2021-05-14,97.20954895019533
2021-05-17,97.12451934814452
2021-05-18,97.00547790527344
2021-05-19,96.86936950683594
2021-05-20,97.20105743408205
2021-05-21,97.24358367919922
2021-05-24,97.33715057373048
2021-05-25,97.57526397705078
2021-05-26,97.541259765625
2021-05-27,97.42218780517578
2021-05-28,97.42218780517578
2021-06-01,97.3770523071289
2021-06-02,97.50482177734376
2021-06-03,97.27484130859376
2021-06-04,97.67512512207033
2021-06-07,97.60699462890624
2021-06-08,97.78587341308594
2021-06-09,97.98175811767578
2021-06-10,98.18618774414062
2021-06-11,98.1436004638672
2021-06-14,97.89659881591795
2021-06-15,97.93917083740234
2021-06-16,97.62405395507812
2021-06-17,97.9306640625
2021-06-18,98.19469451904295
2021-06-21,97.93917083740234
2021-06-22,98.04138946533205
2021-06-23,97.99030303955078
2021-06-24,98.02434539794922
2021-06-25,97.82844543457033
2021-06-28,98.10953521728516
2021-06-29,98.1606216430664
2021-06-30,98.22876739501952
2021-07-01,115.11
2021-07-02,115.36
2021-07-06,115.73
2021-07-07,115.93
2021-07-08,116.06
2021-07-09,115.68
2021-07-12,115.61
2021-07-13,115.36
2021-07-14,115.75
2021-07-15,116.0
2021-07-16,115.9
2021-07-19,116.51
2021-07-20,116.4
2021-07-21,116.02
2021-07-22,116.29
2021-07-23,116.21
2021-07-26,116.11
2021-07-27,116.38
2021-07-28,116.49
2021-07-29,116.3
2021-07-30,116.46
2021-08-02,116.54
2021-08-03,116.58
2021-08-04,116.57
2021-08-05,116.31
2021-08-06,115.79
2021-08-09,115.58
2021-08-10,115.43
2021-08-11,115.54
2021-08-12,115.55
2021-08-13,115.97
2021-08-16,116.03
2021-08-17,115.94
2021-08-18,115.95
2021-08-19,116.15
2021-08-20,116.16
2021-08-23,116.16
2021-08-24,115.99
2021-08-25,115.77
2021-08-26,115.78
2021-08-27,116.1
2021-08-30,116.23
2021-08-31,116.06
2021-09-01,115.93
2021-09-02,116.05
2021-09-03,115.85
2021-09-07,115.54
2021-09-08,115.73
2021-09-09,116.1
2021-09-10,115.87
2021-09-13,116.02
2021-09-14,116.28
2021-09-15,116.17
2021-09-16,115.97
2021-09-17,115.87
2021-09-20,116.09
2021-09-21,116.14
2021-09-22,116.18
2021-09-23,115.61
2021-09-24,115.41
2021-09-27,115.25
2021-09-28,114.77
2021-09-29,114.85
2021-09-30,114.83
2021-10-01,115.0
2021-10-04,114.92
2021-10-05,114.65
2021-10-06,114.7
2021-10-07,114.38
2021-10-08,114.13
2021-10-11,113.95
2021-10-12,114.37
2021-10-13,114.63
2021-10-14,114.85
2021-10-15,114.57
2021-10-18,114.49
2021-10-19,114.16
2021-10-20,114.08
2021-10-21,113.84
2021-10-22,114.06
2021-10-25,114.17
2021-10-26,114.38
2021-10-27,114.76
2021-10-28,114.67
2021-10-29,114.64
2021-11-01,114.39
2021-11-02,114.62
2021-11-03,114.39
2021-11-04,114.77
2021-11-05,115.22
2021-11-08,115.01
2021-11-09,115.33
2021-11-10,114.55
2021-11-11,114.34
2021-11-12,114.32
2021-11-15,113.9
2021-11-16,113.86
2021-11-17,114.13
2021-11-18,114.23
2021-11-19,114.45
2021-11-22,113.9
2021-11-23,113.45
2021-11-24,113.71
2021-11-26,114.52
2021-11-29,114.58
2021-11-30,114.77
2021-12-01,114.63
2021-12-02,114.61
2021-12-03,115.07
2021-12-06,114.67
2021-12-07,114.49
2021-12-08,114.19
2021-12-09,114.2
2021-12-10,114.23
2021-12-13,114.63
2021-12-14,114.41
2021-12-15,114.32
2021-12-16,114.36
2021-12-17,114.5
2021-12-20,114.33
2021-12-21,114.24
2021-12-22,114.34
2021-12-23,114.2
2021-12-27,114.26
2021-12-28,114.21
2021-12-29,113.87
2021-12-30,114.12
2021-12-31,114.08
2022-01-03,113.3
2022-01-04,113.29
2022-01-05,112.94
2022-01-06,112.82
2022-01-07,112.49
2022-01-10,112.39
2022-01-11,112.6
2022-01-12,112.6
2022-01-13,112.8
2022-01-14,112.17
2022-01-18,111.49
2022-01-19,111.73
2022-01-20,111.79
2022-01-21,112.23
2022-01-24,112.1
2022-01-25,111.99
2022-01-26,111.36
2022-01-27,111.73
2022-01-28,111.81
2022-01-31,111.8
2022-02-01,111.6
2022-02-02,111.72
2022-02-03,111.27
2022-02-04,110.57
2022-02-07,110.67
2022-02-08,110.33
2022-02-09,110.4
2022-02-10,109.38
2022-02-11,110.1
2022-02-14,109.46
2022-02-15,109.28
2022-02-16,109.41
2022-02-17,109.64
2022-02-18,109.87
2022-02-22,109.75
2022-02-23,109.26
2022-02-24,109.46
2022-02-25,109.57
2022-02-28,110.36
2022-03-01,110.82
2022-03-02,109.49
2022-03-03,109.86
2022-03-04,110.3
2022-03-07,109.66
2022-03-08,109.27
2022-03-09,109.04
2022-03-10,108.43
2022-03-11,108.41
2022-03-14,107.36
2022-03-15,107.6
2022-03-16,107.68
2022-03-17,107.86
2022-03-18,108.1
2022-03-21,107.04
2022-03-22,106.75
2022-03-23,107.19
2022-03-24,106.95
2022-03-25,106.1
2022-03-28,106.36
2022-03-29,106.86
2022-03-30,107.15
2022-03-31,107.1
2022-04-01,106.75
2022-04-04,106.84
2022-04-05,105.76
2022-04-06,105.49
2022-04-07,105.26
2022-04-08,104.73
2022-04-11,104.28
2022-04-12,104.61
2022-04-13,104.82
2022-04-14,103.97
2022-04-18,103.65
2022-04-19,103.02
2022-04-20,103.61
2022-04-21,103.04
2022-04-22,102.94
2022-04-25,103.63
2022-04-26,103.95
2022-04-27,103.53
2022-04-28,103.49
2022-04-29,102.87
2022-05-02,102.13
2022-05-03,102.36
2022-05-04,103.02
2022-05-05,102.0
2022-05-06,101.57
2022-05-09,102.07
2022-05-10,102.38
2022-05-11,102.76
2022-05-12,102.95
2022-05-13,102.51
2022-05-16,102.74
2022-05-17,102.18
2022-05-18,102.59
2022-05-19,102.85
2022-05-20,103.16
2022-05-23,102.82
2022-05-24,103.61
2022-05-25,104.04
2022-05-26,103.96
2022-05-27,104.13
2022-05-31,103.47
2022-06-01,102.86
2022-06-02,102.99
2022-06-03,102.82
2022-06-06,102.19
2022-06-07,102.58
2022-06-08,102.16
2022-06-09,102.05
2022-06-10,101.26
2022-06-13,99.6
2022-06-14,99.01
2022-06-15,100.11
2022-06-16,100.35
2022-06-17,100.34
2022-06-21,99.94
2022-06-22,100.79
2022-06-23,101.21
2022-06-24,101.05
2022-06-27,100.6
2022-06-28,100.64
2022-06-29,101.22
2022-06-30,101.68
2022-07-01,102.34
2022-07-05,102.53
2022-07-06,101.84
2022-07-07,101.61
2022-07-08,101.23
2022-07-11,101.7
2022-07-12,101.84
2022-07-13,102.21
2022-07-14,101.85
2022-07-15,102.25
2022-07-18,101.92
2022-07-19,101.78
2022-07-20,101.71
2022-07-21,102.56
2022-07-22,103.36
2022-07-25,102.98
2022-07-26,102.96
2022-07-27,103.32
2022-07-28,104.06
2022-07-29,104.07
2022-08-01,104.23
2022-08-02,103.16
2022-08-03,103.62
2022-08-04,103.87
2022-08-05,102.71
2022-08-08,103.18
2022-08-09,102.95
2022-08-10,103.21
2022-08-11,102.66
2022-08-12,103.12
2022-08-15,103.25
2022-08-16,103.1
2022-08-17,102.49
2022-08-18,102.71
2022-08-19,101.99
2022-08-22,101.55
2022-08-23,101.51
2022-08-24,101.24
2022-08-25,101.8
2022-08-26,101.61
2022-08-29,101.12
2022-08-30,101.25
2022-08-31,100.71
2022-09-01,100.07
2022-09-02,100.36
2022-09-06,99.42
2022-09-07,100.11
2022-09-08,99.79
2022-09-09,99.78
2022-09-12,99.63
2022-09-13,99.07
2022-09-14,99.2
2022-09-15,98.9
2022-09-16,98.83
2022-09-19,98.68
2022-09-20,98.24
2022-09-21,98.55
2022-09-22,97.5
2022-09-23,97.2
2022-09-26,95.95
2022-09-27,95.54
2022-09-28,97.08
2022-09-29,96.57
2022-09-30,96.34
2022-10-03,96.91
2022-10-04,97.17
2022-10-05,96.66
2022-10-06,96.28
2022-10-07,95.77
2022-10-10,95.34
2022-10-11,95.4
2022-10-12,95.48
2022-10-13,95.18
2022-10-14,94.66
2022-10-17,94.86
2022-10-18,95.02
2022-10-19,94.2
2022-10-20,93.63
2022-10-21,93.77
2022-10-24,93.64
2022-10-25,94.56
2022-10-26,94.98
2022-10-27,95.46
2022-10-28,95.22
2022-10-31,94.9
2022-11-01,94.86
2022-11-02,94.7
2022-11-03,94.35
2022-11-04,94.34
2022-11-07,94.04
2022-11-08,94.44
2022-11-09,94.55
2022-11-10,96.58
2022-11-11,96.51
2022-11-14,96.24
2022-11-15,96.95
2022-11-16,97.55
2022-11-17,97.14
2022-11-18,97.0
2022-11-21,96.94
2022-11-22,97.44
2022-11-23,98.02
2022-11-25,98.04
2022-11-28,97.88
2022-11-29,97.53
2022-11-30,98.29
2022-12-01,98.88
2022-12-02,99.29
2022-12-05,98.51
2022-12-06,98.8
2022-12-07,99.68
2022-12-08,99.38
2022-12-09,98.79
2022-12-12,98.81
2022-12-13,99.47
2022-12-14,99.69
2022-12-15,99.61
2022-12-16,99.35
2022-12-19,98.74
2022-12-20,98.07
2022-12-21,98.34
2022-12-22,98.31
2022-12-23,97.97
2022-12-27,97.26
2022-12-28,97.09
2022-12-29,97.45
2022-12-30,96.99
2023-01-03,97.56
2023-01-04,98.1
2023-01-05,98.02
2023-01-06,99.09
2023-01-09,99.34
2023-01-10,98.96
2023-01-11,99.57
2023-01-12,100.29
2023-01-13,99.92
2023-01-17,99.74
2023-01-18,100.73
2023-01-19,100.5
2023-01-20,100.09
2023-01-23,99.84
2023-01-24,100.28
2023-01-25,100.4
2023-01-26,100.23
2023-01-27,100.08
2023-01-30,99.81
2023-01-31,100.22
2023-02-01,100.68
2023-02-02,100.79
2023-02-03,99.82
2023-02-06,99.27
2023-02-07,99.1
2023-02-08,99.24
2023-02-09,98.85
2023-02-10,98.42
2023-02-13,98.72
2023-02-14,98.37
2023-02-15,98.18
2023-02-16,97.77
2023-02-17,98.0
2023-02-21,97.08
2023-02-22,97.34
2023-02-23,97.69
2023-02-24,97.13
2023-02-27,97.32
2023-02-28,97.31
2023-03-01,96.52
2023-03-02,96.32
2023-03-03,97.08
2023-03-06,96.84
2023-03-07,96.71
2023-03-08,96.61
2023-03-09,96.96
2023-03-10,98.09
2023-03-13,98.87
2023-03-14,98.29
2023-03-15,99.27
2023-03-16,98.88
2023-03-17,99.5
2023-03-20,99.1
2023-03-21,98.8
2023-03-22,99.75
2023-03-23,99.99
2023-03-24,100.16
2023-03-27,99.08
2023-03-28,98.93
2023-03-29,99.05
2023-03-30,99.16
2023-03-31,99.64
2023-04-03,99.82
2023-04-04,100.19
2023-04-05,100.53
2023-04-06,100.44
2023-04-10,99.75
2023-04-11,99.81
2023-04-12,99.93
2023-04-13,99.89
2023-04-14,99.4
2023-04-17,98.9
2023-04-18,99.04
2023-04-19,98.89
2023-04-20,99.34
2023-04-21,99.17
2023-04-24,99.56
2023-04-25,100.18
2023-04-26,99.81
2023-04-27,99.45
2023-04-28,99.96
2023-05-01,98.69
2023-05-02,99.65
2023-05-03,100.09
2023-05-04,99.97
2023-05-05,99.65
2023-05-08,99.1
2023-05-09,99.01
2023-05-10,99.65
2023-05-11,99.95
2023-05-12,99.39
2023-05-15,99.14
2023-05-16,98.91
2023-05-17,98.76
2023-05-18,98.3
2023-05-19,98.08
2023-05-22,97.99
2023-05-23,98.1
2023-05-24,97.85
2023-05-25,97.49
2023-05-26,97.57
2023-05-30,98.22
2023-05-31,98.57
2023-06-01,98.61
2023-06-02,98.09
2023-06-05,98.08
2023-06-06,98.2
2023-06-07,97.68
2023-06-08,98.2
2023-06-09,97.97
2023-06-12,98.14
2023-06-13,97.68
2023-06-14,97.77
2023-06-15,98.45
2023-06-16,98.14
2023-06-20,98.32
2023-06-21,98.48
2023-06-22,97.97
2023-06-23,98.26
2023-06-26,98.38
2023-06-27,98.19
2023-06-28,98.48
2023-06-29,97.72
2023-06-30,97.95
2023-07-03,97.58
2023-07-05,97.14
2023-07-06,96.51
2023-07-07,96.53
2023-07-10,96.8
2023-07-11,97.01
2023-07-12,97.8
2023-07-13,98.41
2023-07-14,97.94
2023-07-17,98.05
2023-07-18,98.13
2023-07-19,98.43
2023-07-20,97.92
2023-07-21,97.99
2023-07-24,97.81
2023-07-25,97.7
2023-07-26,98.02
2023-07-27,97.18
2023-07-28,97.56
2023-07-31,97.68
2023-08-01,96.77
2023-08-02,96.54
2023-08-03,95.89
2023-08-04,96.68
2023-08-07,96.7
2023-08-08,96.93
2023-08-09,97.0
2023-08-10,96.37
2023-08-11,96.07
2023-08-14,96.0
2023-08-15,95.74
2023-08-16,95.51
2023-08-17,95.41
2023-08-18,95.62
2023-08-21,95.14
2023-08-22,95.24
2023-08-23,96.15
2023-08-24,95.93
2023-08-25,95.87
2023-08-28,96.08
2023-08-29,96.7
2023-08-30,96.66
2023-08-31,96.8
2023-09-01,96.04
2023-09-05,95.52
2023-09-06,95.43
2023-09-07,95.73
2023-09-08,95.78
2023-09-11,95.67
2023-09-12,95.7
2023-09-13,95.84
2023-09-14,95.71
2023-09-15,95.49
2023-09-18,95.63
2023-09-19,95.35
2023-09-20,95.3
2023-09-21,94.65
2023-09-22,95.05
2023-09-25,94.3
2023-09-26,94.18
2023-09-27,93.85
2023-09-28,94.13
2023-09-29,94.04
2023-10-02,93.13
2023-10-03,92.4
2023-10-04,93.05
2023-10-05,93.11
2023-10-06,92.75
2023-10-09,93.71
2023-10-10,93.62
2023-10-11,94.05
2023-10-12,93.24
2023-10-13,93.64
2023-10-16,93.12
2023-10-17,92.45
2023-10-18,92.02
2023-10-19,91.67
2023-10-20,92.0
2023-10-23,92.36
2023-10-24,92.69
2023-10-25,92.0
2023-10-26,92.62
2023-10-27,92.59
2023-10-30,92.37
2023-10-31,92.31
2023-11-01,93.05
2023-11-02,93.61
2023-11-03,94.18
2023-11-06,93.71
2023-11-07,94.21
2023-11-08,94.53
2023-11-09,93.74
2023-11-10,93.96
2023-11-13,93.95
2023-11-14,95.13
2023-11-15,94.54
2023-11-16,95.06
2023-11-17,95.25
2023-11-20,95.4
2023-11-21,95.5
2023-11-22,95.59
2023-11-24,95.15
2023-11-27,95.69
2023-11-28,96.11
2023-11-29,96.58
2023-11-30,96.26
2023-12-01,96.83
2023-12-04,96.46
2023-12-05,97.1
2023-12-06,97.35
2023-12-07,97.38
2023-12-08,96.89
2023-12-11,96.9
2023-12-12,97.19
2023-12-13,98.41
2023-12-14,98.92
2023-12-15,98.69
2023-12-18,98.49
2023-12-19,98.61
2023-12-20,98.97
2023-12-21,98.96
2023-12-22,98.83
2023-12-26,99.03
2023-12-27,99.66
2023-12-28,99.44
2023-12-29,99.25
2024-01-02,98.78
2024-01-03,98.83
2024-01-04,98.43
2024-01-05,98.2
2024-01-08,98.57
2024-01-09,98.55
2024-01-10,98.36
2024-01-11,98.92
2024-01-12,99.1
2024-01-16,98.36
2024-01-17,98.09
2024-01-18,98.0
2024-01-19,98.02
2024-01-22,98.2
2024-01-23,97.96
2024-01-24,97.74
2024-01-25,98.18
2024-01-26,98.07
2024-01-29,98.46
2024-01-30,98.65
2024-01-31,99.1
2024-02-01,99.37
2024-02-02,98.46
2024-02-05,97.65
2024-02-06,98.16
2024-02-07,97.96
2024-02-08,97.66
2024-02-09,97.63
2024-02-12,97.65
2024-02-13,96.75
2024-02-14,97.18
2024-02-15,97.41
2024-02-16,97.1
2024-02-20,97.19
2024-02-21,96.9
2024-02-22,96.98
2024-02-23,97.34
2024-02-26,97.13
2024-02-27,97.0
2024-02-28,97.19
2024-02-29,97.35
2024-03-01,97.53
2024-03-04,97.29
2024-03-05,97.82
2024-03-06,97.97
2024-03-07,98.18
2024-03-08,98.27
2024-03-11,98.16
2024-03-12,97.91
2024-03-13,97.73
2024-03-14,97.11
2024-03-15,97.1
2024-03-18,97.0
2024-03-19,97.24
2024-03-20,97.44
2024-03-21,97.51
2024-03-22,97.82
2024-03-25,97.64
2024-03-26,97.74
2024-03-27,98.06
2024-03-28,97.94
2024-04-01,96.94
2024-04-02,96.87
2024-04-03,96.93
2024-04-04,97.16
2024-04-05,96.68
2024-04-08,96.59
2024-04-09,96.92
2024-04-10,95.76
2024-04-11,95.78
2024-04-12,95.96
2024-04-15,95.38
2024-04-16,95.11
2024-04-17,95.55
2024-04-18,95.28
2024-04-19,95.38
2024-04-22,95.44
2024-04-23,95.64
2024-04-24,95.39
2024-04-25,95.12
2024-04-26,95.33
2024-04-29,95.62
2024-04-30,95.23
2024-05-01,95.27
2024-05-02,95.7
2024-05-03,96.19
2024-05-06,96.26
2024-05-07,96.46
2024-05-08,96.26
2024-05-09,96.44
2024-05-10,96.24
2024-05-13,96.29
2024-05-14,96.55
2024-05-15,97.19
2024-05-16,97.08
2024-05-17,96.77
2024-05-20,96.68
2024-05-21,96.86
2024-05-22,96.74
2024-05-23,96.47
2024-05-24,96.58
2024-05-28,96.13
2024-05-29,95.76
2024-05-30,96.21
2024-05-31,96.52
2024-06-03,96.8
2024-06-04,97.15
2024-06-05,97.45
2024-06-06,97.48
2024-06-07,96.62
2024-06-10,96.54
2024-06-11,96.87
2024-06-12,97.33
2024-06-13,97.82
2024-06-14,97.92
2024-06-17,97.57
2024-06-18,97.92
2024-06-20,97.75
2024-06-21,97.76
2024-06-24,97.84
2024-06-25,97.83
2024-06-26,97.39
2024-06-27,97.55
2024-06-28,97.07
2024-07-01,96.25
2024-07-02,96.57
2024-07-03,97.09
2024-07-05,97.58
2024-07-08,97.61
2024-07-09,97.52
2024-07-10,97.62
2024-07-11,98.12
2024-07-12,98.39
2024-07-15,98.05
2024-07-16,98.45
2024-07-17,98.52
2024-07-18,98.25
2024-07-19,98.05
2024-07-22,98.01
2024-07-23,98.0
2024-07-24,97.7
2024-07-25,97.97
2024-07-26,98.32
2024-07-29,98.48
2024-07-30,98.58
2024-07-31,99.11
2024-08-01,99.22
2024-08-02,100.33
2024-08-05,100.25
2024-08-06,99.65
2024-08-07,99.35
2024-08-08,99.2
2024-08-09,99.55
2024-08-12,99.72
2024-08-13,100.12
2024-08-14,100.3
2024-08-15,99.88
2024-08-16,100.12
2024-08-19,100.23
2024-08-20,100.53
2024-08-21,100.72
2024-08-22,100.31
2024-08-23,100.77
2024-08-26,100.68
2024-08-27,100.71
2024-08-28,100.62
2024-08-29,100.49
2024-08-30,100.25
2024-09-03,100.36
2024-09-04,100.8
2024-09-05,101.06
2024-09-06,101.19
2024-09-09,101.34
2024-09-10,101.65
2024-09-11,101.62
2024-09-12,101.53
2024-09-13,101.74
2024-09-16,101.98
2024-09-17,101.88
2024-09-18,101.56
2024-09-19,101.57
2024-09-20,101.48
2024-09-23,101.44
2024-09-24,101.58
2024-09-25,101.19
2024-09-26,101.21
2024-09-27,101.5
2024-09-30,101.27
2024-10-01,101.23
2024-10-02,101.02
2024-10-03,100.61
2024-10-04,99.96
2024-10-07,99.62
2024-10-08,99.79
2024-10-09,99.53
2024-10-10,99.47
2024-10-11,99.5
2024-10-14,99.41
2024-10-15,99.81
2024-10-16,99.94
2024-10-17,99.45
2024-10-18,99.52
2024-10-21,98.83
2024-10-22,98.85
2024-10-23,98.6
2024-10-24,98.79
2024-10-25,98.59
2024-10-28,98.43
2024-10-29,98.54
2024-10-30,98.44
2024-10-31,98.42
2024-11-01,97.72
2024-11-04,98.13
2024-11-05,98.36
2024-11-06,97.59
2024-11-07,98.33
2024-11-08,98.5
2024-11-11,98.28
2024-11-12,97.71
2024-11-13,97.69
2024-11-14,97.65
2024-11-15,97.66
2024-11-18,97.75
2024-11-19,97.89
2024-11-20,97.79
2024-11-21,97.74
2024-11-22,97.81
2024-11-25,98.69
2024-11-26,98.54
2024-11-27,98.81
2024-11-29,99.2
2024-12-02,98.9
2024-12-03,98.71
2024-12-04,99.03
2024-12-05,99.05
2024-12-06,99.33
2024-12-09,99.04
2024-12-10,98.92
2024-12-11,98.69
2024-12-12,98.29
2024-12-13,97.92
2024-12-16,98.01
2024-12-17,98.01
2024-12-18,96.95
2024-12-19,96.7
2024-12-20,96.96
2024-12-23,96.66
2024-12-24,96.77
2024-12-26,96.84
2024-12-27,96.64
2024-12-30,97.02
2024-12-31,96.9
2025-01-02,96.91
2025-01-03,96.81
2025-01-06,96.71
2025-01-07,96.37
2025-01-08,96.48
2025-01-10,95.94
2025-01-13,95.85
2025-01-14,95.88
2025-01-15,96.71
2025-01-16,96.92
2025-01-17,96.92
2025-01-21,97.24
2025-01-22,97.01
2025-01-23,96.85
2025-01-24,97.01
2025-01-27,97.55
2025-01-28,97.52
2025-01-29,97.46
2025-01-30,97.6
2025-01-31,97.4
2025-02-03,97.17
2025-02-04,97.35
2025-02-05,97.87
2025-02-06,97.77
2025-02-07,97.46
2025-02-10,97.49
2025-02-11,97.27
2025-02-12,96.76
2025-02-13,97.34
2025-02-14,97.7
2025-02-18,97.31
2025-02-19,97.45
2025-02-20,97.6
2025-02-21,98.02
2025-02-24,98.19
2025-02-25,98.8
2025-02-26,98.96
2025-02-27,98.81
2025-02-28,99.25
2025-03-03,99.16
2025-03-04,98.91
2025-03-05,98.57
2025-03-06,98.47
2025-03-07,98.35
2025-03-10,98.82
2025-03-11,98.47
2025-03-12,98.18
2025-03-13,98.48
2025-03-14,98.28
2025-03-17,98.41
2025-03-18,98.51
2025-03-19,98.8
2025-03-20,98.86
2025-03-21,98.74
2025-03-24,98.36
2025-03-25,98.45
2025-03-26,98.21
2025-03-27,98.16
2025-03-28,98.73
2025-03-31,98.92
2025-04-01,98.96
2025-04-02,98.85
2025-04-03,99.37
2025-04-04,99.46
2025-04-07,98.2
2025-04-08,97.69
2025-04-09,97.91
2025-04-10,97.14
2025-04-11,97.04
2025-04-14,97.61
2025-04-15,97.81
2025-04-16,98.12
2025-04-17,97.87
2025-04-21,97.28
2025-04-22,97.46
2025-04-23,97.7
2025-04-24,98.24
2025-04-25,98.6
2025-04-28,98.87
2025-04-29,99.11
2025-04-30,99.02
2025-05-01,98.43
2025-05-02,97.95
2025-05-05,97.78
2025-05-06,98.02
2025-05-07,98.17
2025-05-08,97.66
2025-05-09,97.76
2025-05-12,97.43
2025-05-13,97.33
2025-05-14,97.05
2025-05-15,97.6
2025-05-16,97.66
2025-05-19,97.63
2025-05-20,97.46
2025-05-21,96.82
2025-05-22,97.1
2025-05-23,97.24
2025-05-27,97.68
2025-05-28,97.5
2025-05-29,97.86
2025-05-30,98.1
2025-06-02,97.52
2025-06-03,97.45
2025-06-04,98.03
2025-06-05,97.78
2025-06-06,97.28
2025-06-09,97.4
2025-06-10,97.62
2025-06-11,97.95
2025-06-12,98.31
2025-06-13,97.96
2025-06-16,97.76
2025-06-17,98.06
2025-06-18,98.13
2025-06-20,98.22
2025-06-23,98.42
2025-06-24,98.82
2025-06-25,98.81
2025-06-26,99.08
2025-06-27,98.8
2025-06-30,99.2
2025-07-01,98.79
2025-07-02,98.67
2025-07-03,98.47
2025-07-07,98.12
2025-07-08,98.08
2025-07-09,98.49
2025-07-10,98.46
2025-07-11,98.05
2025-07-14,98.04
2025-07-15,97.75
2025-07-16,97.89
2025-07-17,97.93
2025-07-18,98.11
2025-07-21,98.38
2025-07-22,98.57
2025-07-23,98.35
2025-07-24,98.29
2025-07-25,98.45
2025-07-28,98.32
2025-07-29,98.85
2025-07-30,98.57
2025-07-31,98.62
2025-08-01,99.14
2025-08-04,99.22
2025-08-05,99.25
2025-08-06,99.21
2025-08-07,99.13
2025-08-08,98.94
2025-08-11,99.01
2025-08-12,99.01
2025-08-13,99.37
2025-08-14,99.09
2025-08-15,98.94
2025-08-18,98.83
2025-08-19,99.02
2025-08-20,99.08
2025-08-21,98.85
2025-08-22,99.4
2025-08-25,99.25
2025-08-26,99.37
2025-08-27,99.47
2025-08-28,99.59
2025-08-29,99.46
2025-09-02,98.87
2025-09-03,99.23
2025-09-04,99.63
2025-09-05,100.1
2025-09-08,100.44
2025-09-09,100.24
2025-09-10,100.44
2025-09-11,100.63
2025-09-12,100.54
2025-09-15,100.71
2025-09-16,100.75
2025-09-17,100.57
2025-09-18,100.29
2025-09-19,100.29
2025-09-22,100.17
2025-09-23,100.33
2025-09-24,100.14
2025-09-25,100.0
2025-09-26,100.07
2025-09-29,100.26
2025-09-30,100.25
2025-10-01,100.18
2025-10-02,100.29
2025-10-03,100.18
2025-10-06,99.96
2025-10-07,100.13
2025-10-08,100.14
2025-10-09,100.02
2025-10-10,100.43
2025-10-13,100.62
2025-10-14,100.78
2025-10-15,100.74
2025-10-16,101.1
2025-10-17,100.96
2025-10-20,101.13
2025-10-21,101.23
2025-10-22,101.22
2025-10-23,101.04
2025-10-24,101.14
2025-10-27,101.21
2025-10-28,101.27
2025-10-29,100.79
2025-10-30,100.6
2025-10-31,100.54
2025-11-03,100.09
2025-11-04,100.14
2025-11-05,99.87
2025-11-06,100.24
2025-11-07,100.2
2025-11-10,100.16
2025-11-11,100.46
2025-11-12,100.42
2025-11-13,100.12
2025-11-14,100.0
2025-11-17,100.02
2025-11-18,100.08
2025-11-19,100.08
2025-11-20,100.2
2025-11-21,100.44
2025-11-24,100.64
2025-11-25,100.8
2025-11-26,100.96
2025-11-28,100.82
2025-12-01,100.06
2025-12-02,100.19
2025-12-03,100.38
2025-12-04,100.14
2025-12-05,100.03
2025-12-08,99.87
2025-12-09,99.78
2025-12-10,100.1
2025-12-11,100.12
2025-12-12,99.81
2025-12-15,99.91
2025-12-16,100.1
2025-12-17,100.07
2025-12-18,100.32
2025-12-19,99.84
2025-12-22,99.8
2025-12-23,99.8
2025-12-24,100.02
2025-12-26,100.04
2025-12-29,100.16
2025-12-30,100.12
2025-12-31,99.88
2026-01-02,99.85
2026-01-05,100.04
2026-01-06,100.02
2026-01-07,100.12
2026-01-08,99.94
2026-01-09,100.16
2026-01-12,100.11
2026-01-13,100.2
2026-01-14,100.35
2026-01-15,100.22
2026-01-16,100.05
2026-01-20,99.67
2026-01-21,100.0
2026-01-22,100.02
2026-01-23,100.11
2026-01-26,100.26
2026-01-27,100.19
2026-01-28,100.15
2026-01-29,100.15
2026-01-30,100.13
2026-02-02,99.69
2026-02-03,99.7
2026-02-04,99.64
2026-02-05,100.07
2026-02-06,100.13
2026-02-09,100.16
2026-02-10,100.45
2026-02-11,100.22
2026-02-12,100.67
2026-02-13,100.99
2026-02-17,101.0
2026-02-18,100.86
2026-02-19,100.88
2026-02-20,100.9
2026-02-23,101.1
2026-02-24,101.09
2026-02-25,101.04
2026-02-26,101.2
2026-02-27,101.4
2026-03-02,100.68
2026-03-03,100.57
2026-03-04,100.53
2026-03-05,100.24
2026-03-06,100.12
2026-03-09,100.44
2026-03-10,100.11
2026-03-11,99.66
2026-03-12,99.29
2026-03-13,99.21
2026-03-16,99.6
2026-03-17,99.8
2026-03-18,99.38
2026-03-19,99.49
2026-03-20,98.66
2026-03-23,99.03
2026-03-24,98.76
2026-03-25,99.11
2026-03-26,98.55
2026-03-27,98.54
2026-03-30,99.04
2026-03-31,99.27
2026-04-01,99.0
2026-04-02,99.23
2026-04-06,99.05
2026-04-07,99.17
2026-04-08,99.43
2026-04-09,99.49
2026-04-10,99.32
2026-04-13,99.52
2026-04-14,99.78
2026-04-15,99.62
2026-04-16,99.48
2026-04-17,99.85
2026-04-20,99.84
2026-04-21,99.47
2026-04-22,99.61
2026-04-23,99.45
2026-04-24,99.59
2026-04-27,99.44
2026-04-28,99.4
2026-04-29,98.96
2026-04-30,99.1
2026-05-01,98.9
2026-05-04,98.59
2026-05-05,98.77
2026-05-06,99.19
2026-05-07,98.95
2026-05-08,99.18
2026-05-11,98.92
2026-05-12,98.63
2026-05-13,98.67
2026-05-14,98.64
2026-05-15,98.02
2026-05-18,98.01
2026-05-19,97.63
2026-05-20,98.22
2026-05-21,98.34
2026-05-22,98.44
2026-05-26,98.72
2026-05-27,98.8
2026-05-28,99.0
2026-05-29,99.06
2026-06-01,98.68
2026-06-02,98.71
2026-06-03,98.5
2026-06-04,98.66
2026-06-05,98.17
2026-06-08,98.17
2026-06-09,98.37
2026-06-10,98.31
2026-06-11,98.88
2026-06-12,98.76
2026-06-15,98.85
2026-06-16,98.97
2026-06-17,98.61
2026-06-18,98.9
2026-06-22,98.63
2026-06-23,98.71
2026-06-24,99.19
2026-06-25,99.25
2026-06-26,99.34
2026-06-29,99.38
2026-06-30,98.9800033569336
2026-07-01,98.54000091552734
2026-07-02,98.61000061035156
