date,adj close
2007-04-10,37.43647384643555
2007-04-11,37.381614685058594
2007-04-12,37.37661361694336
2007-04-13,37.33675003051758
2007-04-16,37.40655517578125
2007-04-17,37.49134826660156
2007-04-18,37.57114791870117
2007-04-19,37.56116485595703
2007-04-20,37.56116485595703
2007-04-23,37.6110954284668
2007-04-24,37.68587875366211
2007-04-25,37.6459846496582
2007-04-26,37.54622268676758
2007-04-27,37.52626037597656
2007-04-30,37.70581817626953
2007-05-01,37.67578887939453
2007-05-02,37.67578887939453
2007-05-03,37.615779876708984
2007-05-04,37.70581817626953
2007-05-07,37.715858459472656
2007-05-08,37.72080993652344
2007-05-09,37.66578674316406
2007-05-10,37.715858459472656
2007-05-11,37.65578079223633
2007-05-14,37.63581466674805
2007-05-15,37.600772857666016
2007-05-16,37.615779876708984
2007-05-17,37.515750885009766
2007-05-18,37.410736083984375
2007-05-21,37.470760345458984
2007-05-22,37.365726470947266
2007-05-23,37.3206901550293
2007-05-24,37.33070373535156
2007-05-25,37.33070373535156
2007-05-29,37.27571105957031
2007-05-30,37.30070877075195
2007-05-31,37.25569152832031
2007-06-01,37.11320114135742
2007-06-04,37.17338180541992
2007-06-05,37.09812545776367
2007-06-06,37.13827896118164
2007-06-07,36.83219528198242
2007-06-08,36.82220458984375
2007-06-11,36.761959075927734
2007-06-12,36.536197662353516
2007-06-13,36.64156723022461
2007-06-14,36.5612907409668
2007-06-15,36.761959075927734
2007-06-18,36.812164306640625
2007-06-19,36.96268844604492
2007-06-20,36.83725357055664
2007-06-21,36.76700210571289
2007-06-22,36.81715393066406
2007-06-25,36.96268844604492
2007-06-26,36.93259811401367
2007-06-27,36.93259811401367
2007-06-28,36.83725357055664
2007-06-29,37.05801010131836
2007-07-02,37.1430549621582
2007-07-03,37.052486419677734
2007-07-05,36.8511848449707
2007-07-06,36.795841217041016
2007-07-09,36.82600021362305
2007-07-10,37.107826232910156
2007-07-11,36.95183563232422
2007-07-12,36.87129211425781
2007-07-13,36.91660690307617
2007-07-16,37.037357330322266
2007-07-17,37.03235626220703
2007-07-18,37.132957458496094
2007-07-19,37.09775161743164
2007-07-20,37.273887634277344
2007-07-23,37.21852493286133
2007-07-24,37.25377655029297
2007-07-25,37.3543815612793
2007-07-26,37.56576156616211
2007-07-27,37.490299224853516
2007-07-30,37.364471435546875
2007-07-31,37.58588409423828
2007-08-01,37.49046325683594
2007-08-02,37.49046325683594
2007-08-03,37.69239044189453
2007-08-06,37.58133316040039
2007-08-07,37.520748138427734
2007-08-08,37.43998336791992
2007-08-09,37.5611572265625
2007-08-10,37.465213775634766
2007-08-13,37.54600524902344
2007-08-14,37.66716003417969
2007-08-15,37.68229293823242
2007-08-16,37.68229293823242
2007-08-17,37.75803756713867
2007-08-20,37.79337692260742
2007-08-21,37.88426208496094
2007-08-22,37.80854034423828
2007-08-23,37.82366943359375
2007-08-24,37.84386444091797
2007-08-27,37.975135803222656
2007-08-28,38.197265625
2007-08-29,38.06094741821289
2007-08-30,38.151824951171875
2007-08-31,38.20233917236328
2007-09-04,38.16684341430664
2007-09-05,38.33409118652344
2007-09-06,38.212432861328125
2007-09-07,38.46588134765625
2007-09-10,38.56220245361328
2007-09-11,38.445621490478516
2007-09-12,38.45573806762695
2007-09-13,38.24283218383789
2007-09-14,38.25810241699219
2007-09-17,38.2935791015625
2007-09-18,38.33915328979492
2007-09-19,38.263145446777344
2007-09-20,37.862693786621094
2007-09-21,38.1009635925293
2007-09-24,38.16684341430664
2007-09-25,38.18204879760742
2007-09-26,38.16684341430664
2007-09-27,38.323944091796875
2007-09-28,38.2935791015625
2007-10-01,38.35360336303711
2007-10-02,38.46556854248047
2007-10-03,38.39940643310547
2007-10-04,38.50118637084961
2007-10-05,38.2976188659668
2007-10-08,38.41977310180664
2007-10-09,38.24672317504883
2007-10-10,38.384132385253906
2007-10-11,38.33322525024414
2007-10-12,38.22638702392578
2007-10-15,38.2670783996582
2007-10-16,38.29251480102539
2007-10-17,38.6080322265625
2007-10-18,38.68943786621094
2007-10-19,38.913368225097656
2007-10-22,38.8370361328125
2007-10-23,38.882808685302734
2007-10-24,39.05077362060547
2007-10-25,38.9794807434082
2007-10-26,38.90318298339844
2007-10-29,38.933712005615234
2007-10-30,38.928653717041016
2007-10-31,38.69456481933594
2007-11-01,39.059814453125
2007-11-02,39.10580825805664
2007-11-05,38.957618713378906
2007-11-06,38.86056900024414
2007-11-07,38.967838287353516
2007-11-08,39.01382827758789
2007-11-09,39.18241882324219
2007-11-12,39.233497619628906
2007-11-13,39.03424072265625
2007-11-14,39.054710388183594
2007-11-15,39.279476165771484
2007-11-16,39.233497619628906
2007-11-19,39.51958084106445
2007-11-20,39.42759323120117
2007-11-21,39.652374267578125
2007-11-23,39.57577896118164
2007-11-26,40.03043746948242
2007-11-27,39.693241119384766
2007-11-28,39.59109878540039
2007-11-29,39.7698860168457
2007-11-30,39.81587600708008
2007-12-03,39.951725006103516
2007-12-04,39.96714782714844
2007-12-05,39.83894729614258
2007-12-06,39.638954162597656
2007-12-07,39.39793395996094
2007-12-10,39.32615661621094
2007-12-11,39.741519927978516
2007-12-12,39.5056266784668
2007-12-13,39.27997589111328
2007-12-14,39.17744827270508
2007-12-17,39.39793395996094
2007-12-18,39.464622497558594
2007-12-19,39.597930908203125
2007-12-20,39.78252410888672
2007-12-21,39.479984283447266
2007-12-24,39.31783676147461
2007-12-26,39.09648132324219
2007-12-27,39.410491943359375
2007-12-28,39.68333053588867
2007-12-31,39.80173873901367
2008-01-02,40.14659881591797
2008-01-03,40.15176773071289
2008-01-04,40.259849548339844
2008-01-07,40.34735870361328
2008-01-08,40.35765838623047
2008-01-09,40.2650146484375
2008-01-10,40.1826057434082
2008-01-11,40.37310791015625
2008-01-14,40.41943359375
2008-01-15,40.630470275878906
2008-01-16,40.56355285644531
2008-01-17,40.82611846923828
2008-01-18,40.800357818603516
2008-01-22,41.104103088378906
2008-01-23,40.9908447265625
2008-01-24,40.66139221191406
2008-01-25,41.02170181274414
2008-01-28,40.92388916015625
2008-01-29,40.76433181762695
2008-01-30,40.79521560668945
2008-01-31,40.92388916015625
2008-02-01,40.93115234375
2008-02-04,40.89499282836914
2008-02-05,41.096466064453125
2008-02-06,40.98799133300781
2008-02-07,40.53847122192383
2008-02-08,40.848472595214844
2008-02-11,41.02411651611328
2008-02-12,40.82779312133789
2008-02-13,40.69346618652344
2008-02-14,40.50228500366211
2008-02-15,40.559146881103516
2008-02-19,40.22327423095703
2008-02-20,40.145790100097656
2008-02-21,40.60564041137695
2008-02-22,40.445472717285156
2008-02-25,40.21297836303711
2008-02-26,40.3782958984375
2008-02-27,40.414459228515625
2008-02-28,40.77096939086914
2008-02-29,41.12232208251953
2008-03-03,40.981346130371094
2008-03-04,40.82061767578125
2008-03-05,40.442230224609375
2008-03-06,40.72212219238281
2008-03-07,40.71695327758789
2008-03-10,40.924293518066406
2008-03-11,40.680660247802734
2008-03-12,41.05386734008789
2008-03-13,40.69103240966797
2008-03-14,40.924293518066406
2008-03-17,41.14718246459961
2008-03-18,40.768775939941406
2008-03-19,41.307865142822266
2008-03-20,41.307865142822266
2008-03-24,40.75321960449219
2008-03-25,41.027957916259766
2008-03-26,41.03314208984375
2008-03-27,40.95537185668945
2008-03-28,41.19902801513672
2008-03-31,41.261207580566406
2008-04-01,40.99896240234375
2008-04-02,40.86365509033203
2008-04-03,40.84807205200195
2008-04-04,41.186279296875
2008-04-07,40.8532829284668
2008-04-08,41.10822677612305
2008-04-09,41.056182861328125
2008-04-10,41.00416946411133
2008-04-11,41.27995300292969
2008-04-14,41.11863708496094
2008-04-15,41.03020477294922
2008-04-16,40.7543830871582
2008-04-17,40.74399185180664
2008-04-18,40.69194793701172
2008-04-21,40.702354431152344
2008-04-22,40.85848617553711
2008-04-23,40.78041458129883
2008-04-24,40.48904037475586
2008-04-25,40.44219207763672
2008-04-28,40.639888763427734
2008-04-29,40.650352478027344
2008-04-30,40.80125427246094
2008-05-01,40.7318115234375
2008-05-02,40.7004508972168
2008-05-05,40.773555755615234
2008-05-06,40.60121536254883
2008-05-07,40.7004508972168
2008-05-08,40.930213928222656
2008-05-09,40.888465881347656
2008-05-12,40.799678802490234
2008-05-13,40.46543502807617
2008-05-14,40.475894927978516
2008-05-15,40.76310348510742
2008-05-16,40.65869140625
2008-05-19,40.794437408447266
2008-05-20,40.89888000488281
2008-05-21,40.794437408447266
2008-05-22,40.46543502807617
2008-05-23,40.674346923828125
2008-05-27,40.475894927978516
2008-05-28,40.214820861816406
2008-05-29,40.09468078613281
2008-05-30,40.1834831237793
2008-06-02,40.34444808959961
2008-06-03,40.55937194824219
2008-06-04,40.31818771362305
2008-06-05,40.18711853027344
2008-06-06,40.47548294067383
2008-06-09,40.21333312988281
2008-06-10,39.961666107177734
2008-06-11,40.0665283203125
2008-06-12,39.75197982788086
2008-06-13,39.69427490234375
2008-06-16,39.68380355834961
2008-06-17,39.88303756713867
2008-06-18,39.99312973022461
2008-06-19,39.74675369262695
2008-06-20,39.86735534667969
2008-06-23,39.79390335083008
2008-06-24,39.956443786621094
2008-06-25,39.89878845214844
2008-06-26,40.02461624145508
2008-06-27,40.124210357666016
2008-06-30,40.1923942565918
2008-07-01,40.09711837768555
2008-07-02,40.14973449707031
2008-07-03,40.10763931274414
2008-07-07,40.212890625
2008-07-08,40.402374267578125
2008-07-09,40.55503845214844
2008-07-10,40.54448318481445
2008-07-11,40.22343444824219
2008-07-14,40.407684326171875
2008-07-15,40.449764251708984
2008-07-16,40.1234245300293
2008-07-17,39.88657760620117
2008-07-18,39.818153381347656
2008-07-21,39.96550750732422
2008-07-22,39.7602424621582
2008-07-23,39.770748138427734
2008-07-24,40.118167877197266
2008-07-25,39.88657760620117
2008-07-28,40.03919219970703
2008-07-29,39.960269927978516
2008-07-30,39.986595153808594
2008-07-31,40.2392692565918
2008-08-01,40.246620178222656
2008-08-04,40.23604202270508
2008-08-05,40.06696319580078
2008-08-06,40.11980438232422
2008-08-07,40.44743728637695
2008-08-08,40.368202209472656
2008-08-11,40.20435333251953
2008-08-12,40.44214630126953
2008-08-13,40.320594787597656
2008-08-14,40.41044998168945
2008-08-15,40.516136169433594
2008-08-18,40.50029754638672
2008-08-19,40.463279724121094
2008-08-20,40.574222564697266
2008-08-21,40.516136169433594
2008-08-22,40.43687057495117
2008-08-25,40.669376373291016
2008-08-26,40.669376373291016
2008-08-27,40.70108413696289
2008-08-28,40.64824676513672
2008-08-29,40.45800018310547
2008-09-02,40.763065338134766
2008-09-03,40.84794235229492
2008-09-04,40.98058319091797
2008-09-05,40.92753601074219
2008-09-08,40.959388732910156
2008-09-09,41.054901123046875
2008-09-10,41.054901123046875
2008-09-11,40.98590850830078
2008-09-12,40.768375396728516
2008-09-15,41.38910675048828
2008-09-16,40.725929260253906
2008-09-17,40.704715728759766
2008-09-18,40.07863235473633
2008-09-19,40.396968841552734
2008-09-22,39.924800872802734
2008-09-23,39.898258209228516
2008-09-24,39.83460235595703
2008-09-25,39.72319030761719
2008-09-26,39.62238311767578
2008-09-29,39.45789337158203
2008-09-30,38.8742790222168
2008-10-01,39.04096984863281
2008-10-02,39.52562713623047
2008-10-03,39.3818473815918
2008-10-06,39.317928314208984
2008-10-07,39.19012451171875
2008-10-08,38.44442367553711
2008-10-09,37.283355712890625
2008-10-10,35.7494010925293
2008-10-13,36.308650970458984
2008-10-14,37.69877243041992
2008-10-15,37.66682815551758
2008-10-16,37.570960998535156
2008-10-17,37.485740661621094
2008-10-20,37.91715621948242
2008-10-21,38.19944763183594
2008-10-22,38.52433776855469
2008-10-23,38.40183639526367
2008-10-24,37.725399017333984
2008-10-27,38.044979095458984
2008-10-28,37.65083694458008
2008-10-29,37.88521194458008
2008-10-30,37.70943069458008
2008-10-31,37.69345474243164
2008-11-03,37.869476318359375
2008-11-04,37.971092224121094
2008-11-05,38.44721221923828
2008-11-06,38.4686164855957
2008-11-07,38.3776741027832
2008-11-10,38.51142120361328
2008-11-11,38.70930862426758
2008-11-12,38.8324089050293
2008-11-13,38.61302947998047
2008-11-14,38.843074798583984
2008-11-17,38.928680419921875
2008-11-18,39.13729476928711
2008-11-19,39.345916748046875
2008-11-20,39.75251388549805
2008-11-21,39.51177215576172
2008-11-24,39.13729476928711
2008-11-25,39.715049743652344
2008-11-26,40.09488296508789
2008-11-28,39.993228912353516
2008-12-01,40.297218322753906
2008-12-02,40.36166763305664
2008-12-03,40.399253845214844
2008-12-04,40.984683990478516
2008-12-05,40.38315963745117
2008-12-08,40.291847229003906
2008-12-09,40.56575393676758
2008-12-10,40.495933532714844
2008-12-11,40.68927764892578
2008-12-12,40.81281661987305
2008-12-15,41.00617599487305
2008-12-16,41.65602493286133
2008-12-17,42.262939453125
2008-12-18,42.83225631713867
2008-12-19,42.3703498840332
2008-12-22,42.3703498840332
2008-12-23,42.47238540649414
2008-12-24,42.486427307128906
2008-12-26,42.81526184082031
2008-12-29,42.9015007019043
2008-12-30,42.97157669067383
2008-12-31,42.89611053466797
2009-01-02,42.24382400512695
2009-01-05,42.265384674072266
2009-01-06,42.119815826416016
2009-01-07,42.001220703125
2009-01-08,42.173728942871094
2009-01-09,42.30851364135742
2009-01-12,42.56727600097656
2009-01-13,42.51335525512695
2009-01-14,42.68050003051758
2009-01-15,42.62118911743164
2009-01-16,42.53494644165039
2009-01-20,42.265384674072266
2009-01-21,41.88264465332031
2009-01-22,41.704734802246094
2009-01-23,41.86103057861328
2009-01-26,41.61307144165039
2009-01-27,42.071311950683594
2009-01-28,42.04435348510742
2009-01-29,41.61845016479492
2009-01-30,41.56993103027344
2009-02-02,41.87194061279297
2009-02-03,41.422725677490234
2009-02-04,41.34159469604492
2009-02-05,41.43356704711914
2009-02-06,41.37405776977539
2009-02-09,41.46601867675781
2009-02-10,41.3902587890625
2009-02-11,41.893577575683594
2009-02-12,42.023441314697266
2009-02-13,41.9693489074707
2009-02-17,42.261566162109375
2009-02-18,41.85029220581055
2009-02-19,41.617549896240234
2009-02-20,41.83945083618164
2009-02-23,41.585105895996094
2009-02-24,41.53097152709961
2009-02-25,41.14131164550781
2009-02-26,41.08720779418945
2009-02-27,40.995182037353516
2009-03-02,41.12335205078125
2009-03-03,41.079933166503906
2009-03-04,40.94959259033203
2009-03-05,41.2048225402832
2009-03-06,41.07449722290039
2009-03-09,40.80835723876953
2009-03-10,40.65087890625
2009-03-11,40.498809814453125
2009-03-12,40.94959259033203
2009-03-13,41.02018356323242
2009-03-16,40.91700744628906
2009-03-17,40.66173553466797
2009-03-18,41.981483459472656
2009-03-19,41.66648483276367
2009-03-20,41.6230354309082
2009-03-23,41.4166259765625
2009-03-24,41.24286651611328
2009-03-25,41.10707092285156
2009-03-26,41.45468521118164
2009-03-27,41.465511322021484
2009-03-30,41.45468521118164
2009-03-31,41.61214065551758
2009-04-01,41.739200592041016
2009-04-02,41.54835510253906
2009-04-03,41.22118377685547
2009-04-06,41.04672622680664
2009-04-07,41.28662109375
2009-04-08,41.52108383178711
2009-04-09,41.38479232788086
2009-04-13,41.673805236816406
2009-04-14,41.77191162109375
2009-04-15,41.95731735229492
2009-04-16,41.88096618652344
2009-04-17,41.668312072753906
2009-04-20,41.88096618652344
2009-04-21,41.71738815307617
2009-04-22,41.81553649902344
2009-04-23,41.646507263183594
2009-04-24,41.7337532043457
2009-04-27,41.88096618652344
2009-04-28,41.6847038269043
2009-04-29,41.6847038269043
2009-04-30,41.804630279541016
2009-05-01,41.60542297363281
2009-05-04,41.81886672973633
2009-05-05,41.8243408203125
2009-05-06,41.862648010253906
2009-05-07,41.747718811035156
2009-05-08,41.9228630065918
2009-05-11,42.0870246887207
2009-05-12,42.22386169433594
2009-05-13,42.26217269897461
2009-05-14,42.355194091796875
2009-05-15,42.30599594116211
2009-05-18,42.114437103271484
2009-05-19,42.15270233154297
2009-05-20,42.38803482055664
2009-05-21,41.911888122558594
2009-05-22,41.80243682861328
2009-05-26,41.63822937011719
2009-05-27,41.35365295410156
2009-05-28,41.567108154296875
2009-05-29,41.9228630065918
2009-06-01,41.51738739013672
2009-06-02,41.80857467651367
2009-06-03,41.9129638671875
2009-06-04,41.65473556518555
2009-06-05,41.23173141479492
2009-06-08,41.06687927246094
2009-06-09,41.30863952636719
2009-06-10,41.13282775878906
2009-06-11,41.53937530517578
2009-06-12,41.64374923706055
2009-06-15,41.731666564941406
2009-06-16,41.967926025390625
2009-06-17,41.923954010009766
2009-06-18,41.48991775512695
2009-06-19,41.737159729003906
2009-06-22,41.8305549621582
2009-06-23,42.121726989746094
2009-06-24,41.97890853881836
2009-06-25,42.270076751708984
2009-06-26,42.37442398071289
2009-06-29,42.36896514892578
2009-06-30,42.45137405395508
2009-07-01,42.4794921875
2009-07-02,42.58980941772461
2009-07-06,42.55667495727539
2009-07-07,42.71109390258789
2009-07-08,43.025428771972656
2009-07-09,42.749717712402344
2009-07-10,42.920658111572266
2009-07-13,42.95377731323242
2009-07-14,42.826908111572266
2009-07-15,42.37472915649414
2009-07-16,42.7000617980957
2009-07-17,42.551177978515625
2009-07-20,42.78281021118164
2009-07-21,43.14677047729492
2009-07-22,42.975807189941406
2009-07-23,42.71109390258789
2009-07-24,42.72212600708008
2009-07-27,42.7000617980957
2009-07-28,42.63943099975586
2009-07-29,42.88206100463867
2009-07-30,43.08611297607422
2009-07-31,43.494205474853516
2009-08-03,43.21798324584961
2009-08-04,42.9965705871582
2009-08-05,43.01873779296875
2009-08-06,43.04640197753906
2009-08-07,42.81945037841797
2009-08-10,43.029815673828125
2009-08-11,43.27886962890625
2009-08-12,43.151546478271484
2009-08-13,43.47258377075195
2009-08-14,43.52239990234375
2009-08-17,43.72722625732422
2009-08-18,43.61097717285156
2009-08-19,43.76595687866211
2009-08-20,43.710575103759766
2009-08-21,43.48368453979492
2009-08-24,43.74934005737305
2009-08-25,43.837913513183594
2009-08-26,43.93202209472656
2009-08-27,43.87113952636719
2009-08-28,44.00948715209961
2009-08-31,44.09806823730469
2009-09-01,44.2569580078125
2009-09-02,44.40694808959961
2009-09-03,44.31806564331055
2009-09-04,44.095821380615234
2009-09-08,44.01807403564453
2009-09-09,43.93474578857422
2009-09-10,44.30135726928711
2009-09-11,44.49580383300781
2009-09-14,44.24028396606445
2009-09-15,44.195838928222656
2009-09-16,44.2069206237793
2009-09-17,44.401371002197266
2009-09-18,44.21805953979492
2009-09-21,44.21249771118164
2009-09-22,44.3347053527832
2009-09-23,44.48472595214844
2009-09-24,44.54579544067383
2009-09-25,44.673553466796875
2009-09-28,44.64579391479492
2009-09-29,44.7068977355957
2009-09-30,44.7513427734375
2009-10-01,45.01557159423828
2009-10-02,44.8929557800293
2009-10-05,44.98773193359375
2009-10-06,44.87622833251953
2009-10-07,45.08247756958008
2009-10-08,44.9932975769043
2009-10-09,44.463661193847656
2009-10-12,44.625343322753906
2009-10-13,44.7591552734375
2009-10-14,44.52499771118164
2009-10-15,44.4190559387207
2009-10-16,44.50267791748047
2009-10-19,44.64208984375
2009-10-20,44.8594856262207
2009-10-21,44.675514221191406
2009-10-22,44.686676025390625
2009-10-23,44.54169845581055
2009-10-26,44.240684509277344
2009-10-27,44.653202056884766
2009-10-28,44.664363861083984
2009-10-29,44.54169845581055
2009-10-30,44.82048797607422
2009-11-02,44.80143737792969
2009-11-03,44.68952178955078
2009-11-04,44.723121643066406
2009-11-05,44.7119140625
2009-11-06,44.739898681640625
2009-11-09,44.902164459228516
2009-11-10,44.93573760986328
2009-11-11,45.04761505126953
2009-11-12,44.986061096191406
2009-11-13,45.08681106567383
2009-11-16,45.26026153564453
2009-11-17,45.293800354003906
2009-11-18,45.181922912597656
2009-11-19,45.293800354003906
2009-11-20,45.24348068237305
2009-11-23,45.24905014038086
2009-11-24,45.450496673583984
2009-11-25,45.46168518066406
2009-11-27,45.623939514160156
2009-11-30,45.71904754638672
2009-12-01,45.55118179321289
2009-12-02,45.39960861206055
2009-12-03,45.427711486816406
2009-12-04,45.08519744873047
2009-12-07,45.27045440673828
2009-12-08,45.500667572021484
2009-12-09,45.29853439331055
2009-12-10,45.264854431152344
2009-12-11,45.14131546020508
2009-12-14,45.124473571777344
2009-12-15,45.05149459838867
2009-12-16,45.118865966796875
2009-12-17,45.29290008544922
2009-12-18,45.16939926147461
2009-12-21,44.91673278808594
2009-12-22,44.78761672973633
2009-12-23,44.79322052001953
2009-12-24,44.46757507324219
2009-12-28,44.562255859375
2009-12-29,44.65805435180664
2009-12-30,44.64115905761719
2009-12-31,44.562255859375
2010-01-04,44.742584228515625
2010-01-05,44.97930908203125
2010-01-06,44.86094284057617
2010-01-07,44.804603576660156
2010-01-08,44.9060173034668
2010-01-11,44.98494338989258
2010-01-12,45.17652130126953
2010-01-13,45.01310348510742
2010-01-14,45.14273452758789
2010-01-15,45.2329216003418
2010-01-19,45.17652130126953
2010-01-20,45.294898986816406
2010-01-21,45.45271682739258
2010-01-22,45.44707107543945
2010-01-25,45.44707107543945
2010-01-26,45.37944030761719
2010-01-27,45.306175231933594
2010-01-28,45.28926086425781
2010-01-29,45.48088836669922
2010-02-01,45.340579986572266
2010-02-02,45.442420959472656
2010-02-03,45.30667495727539
2010-02-04,45.57251739501953
2010-02-05,45.58384323120117
2010-02-08,45.54423904418945
2010-02-09,45.42546081542969
2010-02-10,45.2840576171875
2010-02-11,45.24441146850586
2010-02-12,45.30667495727539
2010-02-16,45.3349609375
2010-02-17,45.21052932739258
2010-02-18,45.12002182006836
2010-02-19,45.1369514465332
2010-02-22,45.2048454284668
2010-02-23,45.4367561340332
2010-02-24,45.493309020996094
2010-02-25,45.57818603515625
2010-02-26,45.68000411987305
2010-03-01,45.68793869018555
2010-03-02,45.77302169799805
2010-03-03,45.756011962890625
2010-03-04,45.818458557128906
2010-03-05,45.591468811035156
2010-03-08,45.67091369628906
2010-03-09,45.76171875
2010-03-10,45.699317932128906
2010-03-11,45.63685607910156
2010-03-12,45.71634292602539
2010-03-15,45.69362258911133
2010-03-16,45.903560638427734
2010-03-17,45.971656799316406
2010-03-18,45.82979965209961
2010-03-19,45.818458557128906
2010-03-22,45.87519836425781
2010-03-23,45.88088607788086
2010-03-24,45.46091079711914
2010-03-25,45.37016677856445
2010-03-26,45.49498748779297
2010-03-29,45.432579040527344
2010-03-30,45.483638763427734
2010-03-31,45.55739974975586
2010-04-01,45.490779876708984
2010-04-05,45.183250427246094
2010-04-06,45.27436447143555
2010-04-07,45.467994689941406
2010-04-08,45.47367858886719
2010-04-09,45.542022705078125
2010-04-12,45.59327697753906
2010-04-13,45.70150375366211
2010-04-14,45.6445426940918
2010-04-15,45.735633850097656
2010-04-16,45.9577522277832
2010-04-19,45.83247756958008
2010-04-20,45.798301696777344
2010-04-21,45.9577522277832
2010-04-22,45.8210563659668
2010-04-23,45.769840240478516
2010-04-26,45.769840240478516
2010-04-27,46.122928619384766
2010-04-28,45.98054122924805
2010-04-29,46.037498474121094
2010-04-30,46.21404266357422
2010-05-03,46.170021057128906
2010-05-04,46.31863021850586
2010-05-05,46.467193603515625
2010-05-06,46.4157829284668
2010-05-07,46.47291564941406
2010-05-10,46.427181243896484
2010-05-11,46.50150680541992
2010-05-12,46.42149353027344
2010-05-13,46.43293762207031
2010-05-14,46.598655700683594
2010-05-17,46.598655700683594
2010-05-18,46.815792083740234
2010-05-19,46.83866882324219
2010-05-20,47.03300476074219
2010-05-21,47.118656158447266
2010-05-24,47.118656158447266
2010-05-25,47.1701545715332
2010-05-26,47.07295608520508
2010-05-27,46.75291442871094
2010-05-28,46.895843505859375
2010-06-01,46.944549560546875
2010-06-02,46.78975296020508
2010-06-03,46.73240661621094
2010-06-04,47.11656951904297
2010-06-07,47.23699188232422
2010-06-08,47.173892974853516
2010-06-09,47.202598571777344
2010-06-10,46.875728607177734
2010-06-11,47.03628158569336
2010-06-14,47.001861572265625
2010-06-15,46.89867401123047
2010-06-16,47.01908874511719
2010-06-17,47.242698669433594
2010-06-18,47.09937286376953
2010-06-21,47.145294189453125
2010-06-22,47.340206146240234
2010-06-23,47.54087829589844
2010-06-24,47.489288330078125
2010-06-25,47.575294494628906
2010-06-28,47.821868896484375
2010-06-29,47.93653869628906
2010-06-30,47.9938850402832
2010-07-01,47.98866653442383
2010-07-02,47.925392150878906
2010-07-06,48.03471374511719
2010-07-07,47.982933044433594
2010-07-08,47.91969680786133
2010-07-09,47.86789321899414
2010-07-12,47.908180236816406
2010-07-13,47.770111083984375
2010-07-14,48.0174560546875
2010-07-15,48.19009017944336
2010-07-16,48.36260986328125
2010-07-19,48.32231903076172
2010-07-20,48.36836624145508
2010-07-21,48.60424041748047
2010-07-22,48.44314956665039
2010-07-23,48.310855865478516
2010-07-26,48.316593170166016
2010-07-27,48.282100677490234
2010-07-28,48.448917388916016
2010-07-29,48.552433013916016
2010-07-30,48.79985427856445
2010-08-02,48.64225769042969
2010-08-03,48.775001525878906
2010-08-04,48.61917495727539
2010-08-05,48.8385009765625
2010-08-06,49.05203628540039
2010-08-09,49.069366455078125
2010-08-10,49.25403594970703
2010-08-11,49.42720031738281
2010-08-12,49.26557159423828
2010-08-13,49.467586517333984
2010-08-16,49.76190948486328
2010-08-17,49.61187744140625
2010-08-18,49.594573974609375
2010-08-19,49.77924728393555
2010-08-20,49.60615158081055
2010-08-23,49.69844436645508
2010-08-24,49.95237731933594
2010-08-25,49.790771484375
2010-08-26,49.90041732788086
2010-08-27,49.40989685058594
2010-08-30,49.77348327636719
2010-08-31,49.92354965209961
2010-09-01,49.679222106933594
2010-09-02,49.598114013671875
2010-09-03,49.27971267700195
2010-09-07,49.65605545043945
2010-09-08,49.55759811401367
2010-09-09,49.297027587890625
2010-09-10,49.21018600463867
2010-09-13,49.366539001464844
2010-09-14,49.61550521850586
2010-09-15,49.44760513305664
2010-09-16,49.33760452270508
2010-09-17,49.4649658203125
2010-09-20,49.58074188232422
2010-09-21,49.89341354370117
2010-09-22,49.97450637817383
2010-09-23,49.997676849365234
2010-09-24,49.8529052734375
2010-09-27,50.090328216552734
2010-09-28,50.29875564575195
2010-09-29,50.24662399291992
2010-09-30,50.21192932128906
2010-10-01,50.153831481933594
2010-10-04,50.328060150146484
2010-10-05,50.42099380493164
2010-10-06,50.67652130126953
2010-10-07,50.72300720214844
2010-10-08,50.70556640625
2010-10-11,50.78111267089844
2010-10-12,50.71138000488281
2010-10-13,50.76369094848633
2010-10-14,50.479087829589844
2010-10-15,50.333858489990234
2010-10-18,50.560367584228516
2010-10-19,50.65329360961914
2010-10-20,50.65329360961914
2010-10-21,50.5023307800293
2010-10-22,50.48488998413086
2010-10-25,50.508094787597656
2010-10-26,50.25836944580078
2010-10-27,50.00279998779297
2010-10-28,50.31058883666992
2010-10-29,50.45001220703125
2010-11-01,50.401065826416016
2010-11-02,50.50014114379883
2010-11-03,50.64579391479492
2010-11-04,50.97209167480469
2010-11-05,50.83222961425781
2010-11-08,50.826446533203125
2010-11-09,50.505958557128906
2010-11-10,50.558380126953125
2010-11-11,50.57005310058594
2010-11-12,50.1912956237793
2010-11-15,49.527103424072266
2010-11-16,49.736846923828125
2010-11-17,49.754337310791016
2010-11-18,49.6319580078125
2010-11-19,49.70187759399414
2010-11-22,49.95823669433594
2010-11-23,50.03981399536133
2010-11-24,49.690189361572266
2010-11-26,49.80093002319336
2010-11-29,49.86503601074219
2010-11-30,49.88833999633789
2010-12-01,49.4329948425293
2010-12-02,49.31024169921875
2010-12-03,49.286888122558594
2010-12-06,49.54991912841797
2010-12-07,48.90690612792969
2010-12-08,48.56788635253906
2010-12-09,48.66141128540039
2010-12-10,48.36332321166992
2010-12-13,48.45098876953125
2010-12-14,48.041831970214844
2010-12-15,47.90153121948242
2010-12-16,48.06519317626953
2010-12-17,48.4276008605957
2010-12-20,48.45685577392578
2010-12-21,48.526973724365234
2010-12-22,48.45098876953125
2010-12-23,48.27561950683594
2010-12-27,48.432456970214844
2010-12-28,48.07279968261719
2010-12-29,48.520904541015625
2010-12-30,48.414764404296875
2010-12-31,48.63290023803711
2011-01-03,48.59160614013672
2011-01-04,48.66239547729492
2011-01-05,48.302772521972656
2011-01-06,48.48550033569336
2011-01-07,48.774410247802734
2011-01-10,48.862815856933594
2011-01-11,48.79209518432617
2011-01-12,48.709564208984375
2011-01-13,48.939491271972656
2011-01-14,48.8863639831543
2011-01-18,48.82159423828125
2011-01-19,48.85101318359375
2011-01-20,48.520904541015625
2011-01-21,48.69184875488281
2011-01-24,48.71543502807617
2011-01-25,48.9512825012207
2011-01-26,48.762603759765625
2011-01-27,48.84513854980469
2011-01-28,49.0750846862793
2011-01-31,48.93355941772461
2011-02-01,48.79692840576172
2011-02-02,48.678653717041016
2011-02-03,48.471588134765625
2011-02-04,48.25861740112305
2011-02-07,48.211326599121094
2011-02-08,47.9450798034668
2011-02-09,48.18171310424805
2011-02-10,47.951019287109375
2011-02-11,48.128482818603516
2011-02-14,48.18764114379883
2011-02-15,48.24679946899414
2011-02-16,48.27042770385742
2011-02-17,48.41243362426758
2011-02-18,48.4656867980957
2011-02-22,48.80876159667969
2011-02-23,48.68455505371094
2011-02-24,48.69047927856445
2011-02-25,48.8679084777832
2011-02-28,48.96849060058594
2011-03-01,48.98153305053711
2011-03-02,48.8272590637207
2011-03-03,48.52463912963867
2011-03-04,48.82132339477539
2011-03-07,48.750125885009766
2011-03-08,48.655208587646484
2011-03-09,48.88066482543945
2011-03-10,49.129886627197266
2011-03-11,49.112060546875
2011-03-14,49.24853515625
2011-03-15,49.33751678466797
2011-03-16,49.51556396484375
2011-03-17,49.485904693603516
2011-03-18,49.39687728881836
2011-03-21,49.23073959350586
2011-03-22,49.2010498046875
2011-03-23,49.204063415527344
2011-03-24,49.01943588256836
2011-03-25,48.90630340576172
2011-03-28,48.84080123901367
2011-03-29,48.7514762878418
2011-03-30,48.888484954833984
2011-03-31,48.8170051574707
2011-04-01,48.92035675048828
2011-04-04,49.01597213745117
2011-04-05,48.86061096191406
2011-04-06,48.72320556640625
2011-04-07,48.77694320678711
2011-04-08,48.705265045166016
2011-04-11,48.711238861083984
2011-04-12,48.92633819580078
2011-04-13,49.02193832397461
2011-04-14,48.998043060302734
2011-04-15,49.17733383178711
2011-04-18,49.28487777709961
2011-04-19,49.3565673828125
2011-04-20,49.30280685424805
2011-04-21,49.350582122802734
2011-04-25,49.470130920410156
2011-04-26,49.673274993896484
2011-04-27,49.58961868286133
2011-04-28,49.68518829345703
2011-04-29,49.87043762207031
2011-05-02,49.877052307128906
2011-05-03,49.94902801513672
2011-05-04,49.97898864746094
2011-05-05,50.15282440185547
2011-05-06,50.218772888183594
2011-05-09,50.30270004272461
2011-05-10,50.1048469543457
2011-05-11,50.20071792602539
2011-05-12,50.07490539550781
2011-05-13,50.24272155761719
2011-05-16,50.380611419677734
2011-05-17,50.46452331542969
2011-05-18,50.30270004272461
2011-05-19,50.314659118652344
2011-05-20,50.410606384277344
2011-05-23,50.446533203125
2011-05-24,50.4885139465332
2011-05-25,50.4825439453125
2011-05-26,50.656394958496094
2011-05-27,50.68634033203125
2011-05-31,50.75827407836914
2011-06-01,51.056610107421875
2011-06-02,50.82206344604492
2011-06-03,50.948326110839844
2011-06-06,50.91825866699219
2011-06-07,51.038578033447266
2011-06-08,51.08067321777344
2011-06-09,50.90623092651367
2011-06-10,51.00245666503906
2011-06-13,50.930301666259766
2011-06-14,50.65363311767578
2011-06-15,51.00847244262695
2011-06-16,51.06863784790039
2011-06-17,51.1287841796875
2011-06-20,51.07460403442383
2011-06-21,50.99041748046875
2011-06-22,50.99041748046875
2011-06-23,51.134788513183594
2011-06-24,51.34528732299805
2011-06-27,51.20695114135742
2011-06-28,50.834049224853516
2011-06-29,50.665645599365234
2011-06-30,50.49125289916992
2011-07-01,50.44297409057617
2011-07-05,50.69638442993164
2011-07-06,50.780845642089844
2011-07-07,50.67226028442383
2011-07-08,51.064388275146484
2011-07-11,51.29365921020508
2011-07-12,51.33587646484375
2011-07-13,51.504798889160156
2011-07-14,51.221256256103516
2011-07-15,51.34796142578125
2011-07-18,51.281639099121094
2011-07-19,51.48067092895508
2011-07-20,51.329830169677734
2011-07-21,51.185028076171875
2011-07-22,51.317787170410156
2011-07-25,51.15486526489258
2011-07-26,51.25745391845703
2011-07-27,51.2092170715332
2011-07-28,51.299678802490234
2011-07-29,51.788352966308594
2011-08-01,51.99778366088867
2011-08-02,52.33675765991211
2011-08-03,52.415435791015625
2011-08-04,52.78464126586914
2011-08-05,52.288330078125
2011-08-08,52.50619888305664
2011-08-09,52.71805953979492
2011-08-10,53.323280334472656
2011-08-11,52.56670379638672
2011-08-12,52.99647521972656
2011-08-15,52.98435974121094
2011-08-16,53.15385437011719
2011-08-17,53.37171173095703
2011-08-18,53.389888763427734
2011-08-19,53.39596176147461
2011-08-22,53.37171173095703
2011-08-23,53.050968170166016
2011-08-24,52.71198272705078
2011-08-25,53.04491424560547
2011-08-26,53.00254440307617
2011-08-29,52.89960861206055
2011-08-30,53.19623565673828
2011-08-31,53.07514953613281
2011-09-01,53.358699798583984
2011-09-02,53.66830825805664
2011-09-06,53.66224670410156
2011-09-07,53.516510009765625
2011-09-08,53.674373626708984
2011-09-09,53.74117660522461
2011-09-12,53.5650749206543
2011-09-13,53.534732818603516
2011-09-14,53.49830627441406
2011-09-15,53.206905364990234
2011-09-16,53.31009292602539
2011-09-19,53.449729919433594
2011-09-20,53.60150146484375
2011-09-21,53.704708099365234
2011-09-22,53.905059814453125
2011-09-23,53.36476135253906
2011-09-26,53.31009292602539
2011-09-27,53.15229034423828
2011-09-28,53.11583709716797
2011-09-29,53.06727981567383
2011-09-30,53.20085906982422
2011-10-03,53.559425354003906
2011-10-04,53.169734954833984
2011-10-05,53.114952087402344
2011-10-06,52.90188980102539
2011-10-07,52.80449295043945
2011-10-10,52.414798736572266
2011-10-11,52.63397979736328
2011-10-12,52.55484390258789
2011-10-13,52.68270492553711
2011-10-14,52.6522331237793
2011-10-17,52.81056213378906
2011-10-18,52.816646575927734
2011-10-19,52.93841552734375
2011-10-20,52.87751388549805
2011-10-21,52.92625427246094
2011-10-24,52.90188980102539
2011-10-25,53.291526794433594
2011-10-26,53.09670639038086
2011-10-27,52.816646575927734
2011-10-28,52.93232727050781
2011-10-31,53.38896560668945
2011-11-01,53.668643951416016
2011-11-02,53.735809326171875
2011-11-03,53.63811111450195
2011-11-04,53.69914245605469
2011-11-07,53.69304275512695
2011-11-08,53.52208709716797
2011-11-09,53.74802017211914
2011-11-10,53.59535217285156
2011-11-11,53.46101760864258
2011-11-14,53.59535217285156
2011-11-15,53.52818298339844
2011-11-16,53.63811111450195
2011-11-17,53.58311080932617
2011-11-18,53.46712875366211
2011-11-21,53.412113189697266
2011-11-22,53.53429412841797
2011-11-23,53.577022552490234
2011-11-25,53.33888244628906
2011-11-28,53.369384765625
2011-11-29,53.27168273925781
2011-11-30,53.05799102783203
2011-12-01,53.10085678100586
2011-12-02,53.39482116699219
2011-12-05,53.449928283691406
2011-12-06,53.39482116699219
2011-12-07,53.48668670654297
2011-12-08,53.52339172363281
2011-12-09,53.327449798583984
2011-12-12,53.38871383666992
2011-12-13,53.62751388549805
2011-12-14,53.73162078857422
2011-12-15,53.73774719238281
2011-12-16,53.921451568603516
2011-12-19,54.06845474243164
2011-12-20,53.762229919433594
2011-12-21,53.6336669921875
2011-12-22,53.750003814697266
2011-12-23,53.738216400146484
2011-12-27,53.6201057434082
2011-12-28,53.88115692138672
2011-12-29,54.02409744262695
2011-12-30,54.04890441894531
2012-01-03,54.005393981933594
2012-01-04,53.87489700317383
2012-01-05,53.91218185424805
2012-01-06,54.04270553588867
2012-01-09,54.08616638183594
2012-01-10,54.03647994995117
2012-01-11,54.17324447631836
2012-01-12,54.098628997802734
2012-01-13,54.27885055541992
2012-01-17,54.29130172729492
2012-01-18,54.26642990112305
2012-01-19,54.04270553588867
2012-01-20,54.02409744262695
2012-01-23,53.95571517944336
2012-01-24,53.92458724975586
2012-01-25,54.14216995239258
2012-01-26,54.47153091430664
2012-01-27,54.56476593017578
2012-01-30,54.7325553894043
2012-01-31,54.87548065185547
2012-02-01,54.85182189941406
2012-02-02,54.94526290893555
2012-02-03,54.73959732055664
2012-02-06,54.7209358215332
2012-02-07,54.62118148803711
2012-02-08,54.440460205078125
2012-02-09,54.54018783569336
2012-02-10,54.70845413208008
2012-02-13,54.695980072021484
2012-02-14,54.783226013183594
2012-02-15,54.814414978027344
2012-02-16,54.59001541137695
2012-02-17,54.57756423950195
2012-02-21,54.45914077758789
2012-02-22,54.65233612060547
2012-02-23,54.70845413208008
2012-02-24,54.73337173461914
2012-02-27,54.926597595214844
2012-02-28,54.926597595214844
2012-02-29,54.87671661376953
2012-03-01,54.75300216674805
2012-03-02,54.94666290283203
2012-03-05,54.821754455566406
2012-03-06,54.940460205078125
2012-03-07,54.89674377441406
2012-03-08,54.809234619140625
2012-03-09,54.79671859741211
2012-03-12,54.79671859741211
2012-03-13,54.52804183959961
2012-03-14,54.07185745239258
2012-03-15,54.11559295654297
2012-03-16,54.09061050415039
2012-03-19,53.82188415527344
2012-03-20,53.75315856933594
2012-03-21,54.02189636230469
2012-03-22,54.07185745239258
2012-03-23,54.209346771240234
2012-03-26,54.109336853027344
2012-03-27,54.334312438964844
2012-03-28,54.253082275390625
2012-03-29,54.40929412841797
2012-03-30,54.34056091308594
2012-04-02,54.471923828125
2012-04-03,54.13877868652344
2012-04-04,54.283382415771484
2012-04-05,54.471923828125
2012-04-09,54.84278106689453
2012-04-10,55.03765869140625
2012-04-11,54.93709182739258
2012-04-12,54.88679885864258
2012-04-13,55.09424591064453
2012-04-16,54.943363189697266
2012-04-17,55.031394958496094
2012-04-18,55.09424591064453
2012-04-19,55.13824462890625
2012-04-20,55.10683822631836
2012-04-23,55.19480895996094
2012-04-24,55.13194274902344
2012-04-25,55.05649948120117
2012-04-26,55.188533782958984
2012-04-27,55.27018356323242
2012-04-30,55.24508285522461
2012-05-01,55.282283782958984
2012-05-02,55.364192962646484
2012-05-03,55.37049865722656
2012-05-04,55.51543426513672
2012-05-07,55.52806854248047
2012-05-08,55.559532165527344
2012-05-09,55.50283432006836
2012-05-10,55.53436279296875
2012-05-11,55.603675842285156
2012-05-14,55.660377502441406
2012-05-15,55.72970962524414
2012-05-16,55.71714401245117
2012-05-17,55.723426818847656
2012-05-18,55.679298400878906
2012-05-21,55.553245544433594
2012-05-22,55.43983459472656
2012-05-23,55.53436279296875
2012-05-24,55.44611740112305
2012-05-25,55.64780044555664
2012-05-29,55.603675842285156
2012-05-30,55.931365966796875
2012-05-31,56.07633972167969
2012-06-01,56.34547424316406
2012-06-04,56.099037170410156
2012-06-05,55.966407775878906
2012-06-06,55.70097351074219
2012-06-07,55.8463020324707
2012-06-08,55.96006393432617
2012-06-11,56.0674934387207
2012-06-12,55.745208740234375
2012-06-13,55.87161636352539
2012-06-14,55.83371353149414
2012-06-15,56.143333435058594
2012-06-18,56.1369743347168
2012-06-19,56.0674934387207
2012-06-20,56.0042839050293
2012-06-21,55.997989654541016
2012-06-22,55.821048736572266
2012-06-25,56.080108642578125
2012-06-26,56.010643005371094
2012-06-27,56.11171340942383
2012-06-28,56.21915817260742
2012-06-29,56.1244010925293
2012-07-02,56.38348388671875
2012-07-03,56.307456970214844
2012-07-05,56.4088249206543
2012-07-06,56.55450439453125
2012-07-09,56.643226623535156
2012-07-10,56.725555419921875
2012-07-11,56.700191497802734
2012-07-12,56.78890609741211
2012-07-13,56.78257369995117
2012-07-16,56.877620697021484
2012-07-17,56.871280670166016
2012-07-18,56.93461227416992
2012-07-19,56.94095230102539
2012-07-20,57.0169563293457
2012-07-23,57.074005126953125
2012-07-24,57.15636444091797
2012-07-25,57.194366455078125
2012-07-26,57.12466812133789
2012-07-27,56.88395309448242
2012-07-30,57.04865646362305
2012-07-31,57.1309928894043
2012-08-01,57.01796340942383
2012-08-02,57.06243133544922
2012-08-03,56.92268753051758
2012-08-06,56.97987747192383
2012-08-07,56.782958984375
2012-08-08,56.67500305175781
2012-08-09,56.5987663269043
2012-08-10,56.73213195800781
2012-08-13,56.72583770751953
2012-08-14,56.54793167114258
2012-08-15,56.34470748901367
2012-08-16,56.230369567871094
2012-08-17,56.33835220336914
2012-08-20,56.3955078125
2012-08-21,56.414573669433594
2012-08-22,56.73849105834961
2012-08-23,56.8464241027832
2012-08-24,56.77662658691406
2012-08-27,56.80202865600586
2012-08-28,56.884586334228516
2012-08-29,56.8527946472168
2012-08-30,56.967159271240234
2012-08-31,57.18943786621094
2012-09-04,57.12643814086914
2012-09-05,57.16462326049805
2012-09-06,56.96724319458008
2012-09-07,57.04362869262695
2012-09-10,57.08820343017578
2012-09-11,57.03728103637695
2012-09-12,56.903533935546875
2012-09-13,57.07545852661133
2012-09-14,56.75703811645508
2012-09-17,56.86532211303711
2012-09-18,56.973575592041016
2012-09-19,57.07545852661133
2012-09-20,57.07545852661133
2012-09-21,57.170997619628906
2012-09-24,57.215579986572266
2012-09-25,57.33654022216797
2012-09-26,57.463905334472656
2012-09-27,57.425689697265625
2012-09-28,57.48299789428711
2012-10-01,57.59790802001953
2012-10-02,57.59790802001953
2012-10-03,57.680885314941406
2012-10-04,57.53408432006836
2012-10-05,57.387264251708984
2012-10-08,57.53408432006836
2012-10-09,57.49580383300781
2012-10-10,57.5532341003418
2012-10-11,57.62342071533203
2012-10-12,57.6617431640625
2012-10-15,57.7192268371582
2012-10-16,57.572349548339844
2012-10-17,57.40641784667969
2012-10-18,57.336204528808594
2012-10-19,57.463871002197266
2012-10-22,57.29155349731445
2012-10-23,57.45748519897461
2012-10-24,57.40641784667969
2012-10-25,57.259639739990234
2012-10-26,57.483009338378906
2012-10-31,57.64262008666992
2012-11-01,57.52771759033203
2012-11-02,57.49580383300781
2012-11-05,57.572349548339844
2012-11-06,57.36174011230469
2012-11-07,57.62984085083008
2012-11-08,57.744747161865234
2012-11-09,57.65536117553711
2012-11-12,57.751121520996094
2012-11-13,57.79582214355469
2012-11-14,57.77666091918945
2012-11-15,57.73197555541992
2012-11-16,57.77666091918945
2012-11-19,57.693660736083984
2012-11-20,57.57875061035156
2012-11-21,57.52771759033203
2012-11-23,57.52771759033203
2012-11-26,57.52771759033203
2012-11-27,57.70642852783203
2012-11-28,57.7702751159668
2012-11-29,57.79582214355469
2012-11-30,57.85322952270508
2012-12-03,57.83021926879883
2012-12-04,57.89421844482422
2012-12-05,57.939002990722656
2012-12-06,57.97740936279297
2012-12-07,57.86222839355469
2012-12-10,57.88782501220703
2012-12-11,57.817405700683594
2012-12-12,57.66387939453125
2012-12-13,57.5806770324707
2012-12-14,57.59988021850586
2012-12-17,57.43352127075195
2012-12-18,57.31196212768555
2012-12-19,57.42713165283203
2012-12-20,57.43352127075195
2012-12-21,57.51667022705078
2012-12-24,57.39354705810547
2012-12-26,57.497802734375
2012-12-27,57.53691864013672
2012-12-28,57.72587585449219
2012-12-31,57.504302978515625
2013-01-02,57.45217514038086
2013-01-03,57.24367141723633
2013-01-04,57.21763229370117
2013-01-07,57.27622985839844
2013-01-08,57.32188034057617
2013-01-09,57.367488861083984
2013-01-10,57.24367141723633
2013-01-11,57.380516052246094
2013-01-14,57.36094284057617
2013-01-15,57.41310119628906
2013-01-16,57.43917465209961
2013-01-17,57.26322555541992
2013-01-18,57.38704299926758
2013-01-22,57.41960906982422
2013-01-23,57.41960906982422
2013-01-24,57.367488861083984
2013-01-25,57.11986541748047
2013-01-28,57.002628326416016
2013-01-29,56.91130828857422
2013-01-30,56.89832305908203
2013-01-31,56.859214782714844
2013-02-01,56.71747589111328
2013-02-04,56.96570587158203
2013-02-05,56.848121643066406
2013-02-06,57.0179328918457
2013-02-07,57.05713653564453
2013-02-08,57.07023620605469
2013-02-11,57.07023620605469
2013-02-12,56.991783142089844
2013-02-13,56.8546257019043
2013-02-14,57.05057907104492
2013-02-15,57.04407501220703
2013-02-19,56.92650604248047
2013-02-20,57.04407501220703
2013-02-21,57.05057907104492
2013-02-22,57.10291290283203
2013-02-25,57.41638946533203
2013-02-26,57.39683151245117
2013-02-27,57.38374328613281
2013-02-28,57.42945861816406
2013-03-01,57.54401397705078
2013-03-04,57.49820327758789
2013-03-05,57.472007751464844
2013-03-06,57.3476448059082
2013-03-07,57.229801177978516
2013-03-08,56.96140670776367
2013-03-11,56.95484924316406
2013-03-12,57.09230422973633
2013-03-13,57.07923126220703
2013-03-14,57.013790130615234
2013-03-15,57.170867919921875
2013-03-18,57.242889404296875
2013-03-19,57.35420227050781
2013-03-20,57.28873825073242
2013-03-21,57.40005111694336
2013-03-22,57.413082122802734
2013-03-25,57.472007751464844
2013-03-26,57.48511505126953
2013-03-27,57.58327865600586
2013-03-28,57.629150390625
2013-04-01,57.668663024902344
2013-04-02,57.64888381958008
2013-04-03,57.767459869384766
2013-04-04,57.938751220703125
2013-04-05,58.09684371948242
2013-04-08,58.0507698059082
2013-04-09,58.0244026184082
2013-04-10,57.90582275390625
2013-04-11,57.9980354309082
2013-04-12,58.202266693115234
2013-04-15,58.261573791503906
2013-04-16,58.22863006591797
2013-04-17,58.274688720703125
2013-04-18,58.248374938964844
2013-04-19,58.281314849853516
2013-04-22,58.281314849853516
2013-04-23,58.307716369628906
2013-04-24,58.314266204833984
2013-04-25,58.274688720703125
2013-04-26,58.419681549072266
2013-04-29,58.44601058959961
2013-04-30,58.44601058959961
2013-05-01,58.593936920166016
2013-05-02,58.58733367919922
2013-05-03,58.204341888427734
2013-05-06,58.16471862792969
2013-05-07,58.16471862792969
2013-05-08,58.204341888427734
2013-05-09,58.17131805419922
2013-05-10,57.91381072998047
2013-05-13,57.80815887451172
2013-05-14,57.610107421875
2013-05-15,57.74872970581055
2013-05-16,57.94020462036133
2013-05-17,57.74872970581055
2013-05-20,57.728912353515625
2013-05-21,57.82799530029297
2013-05-22,57.49788284301758
2013-05-23,57.48464584350586
2013-05-24,57.5506706237793
2013-05-28,57.01585388183594
2013-05-29,57.029056549072266
2013-05-30,57.04884719848633
2013-05-31,56.8177375793457
2013-06-03,56.80448532104492
2013-06-04,56.72507858276367
2013-06-05,56.80448532104492
2013-06-06,56.897212982177734
2013-06-07,56.71186447143555
2013-06-10,56.51986312866211
2013-06-11,56.460350036621094
2013-06-12,56.32793045043945
2013-06-13,56.60593032836914
2013-06-14,56.75814437866211
2013-06-17,56.658905029296875
2013-06-18,56.55298614501953
2013-06-19,55.88447570800781
2013-06-20,55.480716705322266
2013-06-21,55.043853759765625
2013-06-24,54.57387161254883
2013-06-25,54.719520568847656
2013-06-26,55.05708694458008
2013-06-27,55.28213119506836
2013-06-28,55.262245178222656
2013-07-01,55.345855712890625
2013-07-02,55.41886901855469
2013-07-03,55.32598876953125
2013-07-05,54.64252853393555
2013-07-08,54.90795135498047
2013-07-09,54.987586975097656
2013-07-10,54.874732971191406
2013-07-11,55.30607986450195
2013-07-12,55.246337890625
2013-07-15,55.38568878173828
2013-07-16,55.45870590209961
2013-07-17,55.69091033935547
2013-07-18,55.564857482910156
2013-07-19,55.777164459228516
2013-07-22,55.81037139892578
2013-07-23,55.783843994140625
2013-07-24,55.51176834106445
2013-07-25,55.51839065551758
2013-07-26,55.538291931152344
2013-07-29,55.465328216552734
2013-07-30,55.45870590209961
2013-07-31,55.51176834106445
2013-08-01,55.127899169921875
2013-08-02,55.493804931640625
2013-08-05,55.35409927368164
2013-08-06,55.38733673095703
2013-08-07,55.52708053588867
2013-08-08,55.56697082519531
2013-08-09,55.63350296020508
2013-08-12,55.520408630371094
2013-08-13,55.167762756347656
2013-08-14,55.167762756347656
2013-08-15,54.901676177978516
2013-08-16,54.695430755615234
2013-08-19,54.47589111328125
2013-08-20,54.72869873046875
2013-08-21,54.46255874633789
2013-08-22,54.382694244384766
2013-08-23,54.68872833251953
2013-08-26,54.7619514465332
2013-08-27,55.0147705078125
2013-08-28,54.86178970336914
2013-08-29,54.90835189819336
2013-08-30,54.901676177978516
2013-09-03,54.68421936035156
2013-09-04,54.544132232666016
2013-09-05,54.10386657714844
2013-09-06,54.43076705932617
2013-09-09,54.477420806884766
2013-09-10,54.30398178100586
2013-09-11,54.49742889404297
2013-09-12,54.49077224731445
2013-09-13,54.58415222167969
2013-09-16,54.717529296875
2013-09-17,54.850990295410156
2013-09-18,55.3579216003418
2013-09-19,55.304588317871094
2013-09-20,55.33123779296875
2013-09-23,55.417972564697266
2013-09-24,55.551368713378906
2013-09-25,55.71815490722656
2013-09-26,55.59809112548828
2013-09-27,55.65813064575195
2013-09-30,55.698089599609375
2013-10-01,55.63460159301758
2013-10-02,55.72823715209961
2013-10-03,55.79509353637695
2013-10-04,55.67470932006836
2013-10-07,55.72154235839844
2013-10-08,55.72154235839844
2013-10-09,55.688087463378906
2013-10-10,55.688087463378906
2013-10-11,55.70816421508789
2013-10-14,55.61449432373047
2013-10-15,55.56775665283203
2013-10-16,55.815147399902344
2013-10-17,56.12941360473633
2013-10-18,56.18293380737305
2013-10-21,56.189605712890625
2013-10-22,56.49720001220703
2013-10-23,56.550716400146484
2013-10-24,56.48386001586914
2013-10-25,56.53733444213867
2013-10-28,56.517269134521484
2013-10-29,56.61756896972656
2013-10-30,56.550716400146484
2013-10-31,56.430335998535156
2013-11-01,56.24398422241211
2013-11-04,56.2975959777832
2013-11-05,56.06297302246094
2013-11-06,56.217185974121094
2013-11-07,56.31100845336914
2013-11-08,55.87525177001953
2013-11-11,55.86186218261719
2013-11-12,55.84175109863281
2013-11-13,55.99594497680664
2013-11-14,56.2037239074707
2013-11-15,56.2037239074707
2013-11-18,56.30427169799805
2013-11-19,56.1434211730957
2013-11-20,55.92216491699219
2013-11-21,55.91547393798828
2013-11-22,56.016056060791016
2013-11-25,56.17026138305664
2013-11-26,56.21043395996094
2013-11-27,56.15680694580078
2013-11-29,56.12326431274414
2013-12-02,55.966705322265625
2013-12-03,55.98689270019531
2013-12-04,55.84577560424805
2013-12-05,55.74498748779297
2013-12-06,55.79199981689453
2013-12-09,55.83903884887695
2013-12-10,56.03388214111328
2013-12-11,55.88606262207031
2013-12-12,55.778587341308594
2013-12-13,55.83903884887695
2013-12-16,55.88606262207031
2013-12-17,56.02045822143555
2013-12-18,55.919708251953125
2013-12-19,55.78529357910156
2013-12-20,55.80545425415039
2013-12-23,55.684452056884766
2013-12-24,55.578582763671875
2013-12-26,55.4903564453125
2013-12-27,55.524295806884766
2013-12-30,55.61933135986328
2013-12-31,55.44288635253906
2014-01-02,55.57182312011719
2014-01-03,55.62613296508789
2014-01-06,55.74147415161133
2014-01-07,55.788963317871094
2014-01-08,55.5311279296875
2014-01-09,55.66680908203125
2014-01-10,56.02650833129883
2014-01-13,56.128318786621094
2014-01-14,56.03327178955078
2014-01-15,55.95863342285156
2014-01-16,56.07398223876953
2014-01-17,56.1893310546875
2014-01-21,56.16897201538086
2014-01-22,56.060401916503906
2014-01-23,56.223289489746094
2014-01-24,56.3929557800293
2014-01-27,56.32509231567383
2014-01-28,56.420101165771484
2014-01-29,56.57617950439453
2014-01-30,56.57617950439453
2014-01-31,56.664371490478516
2014-02-03,56.991729736328125
2014-02-04,56.90327072143555
2014-02-05,56.787601470947266
2014-02-06,56.72634506225586
2014-02-07,56.80801010131836
2014-02-10,56.835201263427734
2014-02-11,56.68547439575195
2014-02-12,56.59022521972656
2014-02-13,56.746700286865234
2014-02-14,56.79438781738281
2014-02-18,56.88284683227539
2014-02-19,56.80118179321289
2014-02-20,56.70588684082031
2014-02-21,56.76036071777344
2014-02-24,56.76718521118164
2014-02-25,56.930477142333984
2014-02-26,57.032623291015625
2014-02-27,57.15509796142578
2014-02-28,57.10745620727539
2014-03-03,57.24254608154297
2014-03-04,57.01057052612305
2014-03-05,57.02421569824219
2014-03-06,56.85370635986328
2014-03-07,56.63539505004883
2014-03-10,56.683189392089844
2014-03-11,56.68999099731445
2014-03-12,56.84010314941406
2014-03-13,57.07199478149414
2014-03-14,57.09243392944336
2014-03-17,56.96963882446289
2014-03-18,57.017398834228516
2014-03-19,56.67637634277344
2014-03-20,56.66272735595703
2014-03-21,56.74457931518555
2014-03-24,56.730892181396484
2014-03-25,56.730892181396484
2014-03-26,56.8809700012207
2014-03-27,56.928741455078125
2014-03-28,56.792293548583984
2014-03-31,56.84010314941406
2014-04-01,56.7812614440918
2014-04-02,56.6443977355957
2014-04-03,56.66497039794922
2014-04-04,56.945411682128906
2014-04-07,57.020660400390625
2014-04-08,57.15060806274414
2014-04-09,57.205360412597656
2014-04-10,57.38325881958008
2014-04-11,57.39009475708008
2014-04-14,57.31482696533203
2014-04-15,57.38325881958008
2014-04-16,57.32853698730469
2014-04-17,57.089088439941406
2014-04-21,57.15060806274414
2014-04-22,57.12328338623047
2014-04-23,57.2396125793457
2014-04-24,57.21221923828125
2014-04-25,57.26695251464844
2014-04-28,57.205360412597656
2014-04-29,57.21904754638672
2014-04-30,57.410606384277344
2014-05-01,57.5573616027832
2014-05-02,57.584754943847656
2014-05-05,57.54364776611328
2014-05-06,57.59163284301758
2014-05-07,57.65334701538086
2014-05-08,57.71504211425781
2014-05-09,57.694488525390625
2014-05-12,57.5573616027832
2014-05-13,57.7287483215332
2014-05-14,57.9619026184082
2014-05-15,58.11276626586914
2014-05-16,58.02363204956055
2014-05-19,57.98248291015625
2014-05-20,58.092159271240234
2014-05-21,58.03731918334961
2014-05-22,57.98248291015625
2014-05-23,58.07164764404297
2014-05-27,58.085323333740234
2014-05-28,58.325286865234375
2014-05-29,58.277313232421875
2014-05-30,58.22248840332031
2014-06-02,58.060264587402344
2014-06-03,57.85401153564453
2014-06-04,57.81967544555664
2014-06-05,57.88148880004883
2014-06-06,57.90217590332031
2014-06-09,57.8265495300293
2014-06-10,57.744083404541016
2014-06-11,57.778446197509766
2014-06-12,57.97090148925781
2014-06-13,57.86091613769531
2014-06-16,57.88148880004883
2014-06-17,57.65470886230469
2014-06-18,57.92966842651367
2014-06-19,57.867801666259766
2014-06-20,57.89530563354492
2014-06-23,57.89530563354492
2014-06-24,58.0465087890625
2014-06-25,58.1152458190918
2014-06-26,58.21147537231445
2014-06-27,58.232112884521484
2014-06-30,58.21147537231445
2014-07-01,58.11362838745117
2014-07-02,57.89319610595703
2014-07-03,57.865631103515625
2014-07-07,57.94139862060547
2014-07-08,58.10676956176758
2014-07-09,58.10676956176758
2014-07-10,58.19631576538086
2014-07-11,58.285884857177734
2014-07-14,58.21699142456055
2014-07-15,58.17564392089844
2014-07-16,58.17564392089844
2014-07-17,58.437435150146484
2014-07-18,58.347896575927734
2014-07-21,58.368553161621094
2014-07-22,58.43055725097656
2014-07-23,58.437435150146484
2014-07-24,58.258331298828125
2014-07-25,58.38234329223633
2014-07-28,58.32722473144531
2014-07-29,58.40300750732422
2014-07-30,58.11362838745117
2014-07-31,58.03094482421875
2014-08-01,58.29338836669922
2014-08-04,58.36247253417969
2014-08-05,58.3831787109375
2014-08-06,58.39698028564453
2014-08-07,58.56270980834961
2014-08-08,58.56270980834961
2014-08-11,58.56962585449219
2014-08-12,58.486778259277344
2014-08-13,58.66633987426758
2014-08-14,58.71468734741211
2014-08-15,58.85280227661133
2014-08-18,58.70775604248047
2014-08-19,58.700828552246094
2014-08-20,58.6110954284668
2014-08-21,58.68011474609375
2014-08-22,58.652503967285156
2014-08-25,58.652503967285156
2014-08-26,58.72157669067383
2014-08-27,58.8389892578125
2014-08-28,58.85280227661133
2014-08-29,58.901123046875
2014-09-02,58.65121841430664
2014-09-03,58.71350860595703
2014-09-04,58.55429458618164
2014-09-05,58.595855712890625
2014-09-08,58.512794494628906
2014-09-09,58.367435455322266
2014-09-10,58.2290153503418
2014-09-11,58.21510696411133
2014-09-12,58.04209899902344
2014-09-15,58.10439682006836
2014-09-16,58.06978225708008
2014-09-17,57.979766845703125
2014-09-18,57.9659423828125
2014-09-19,58.09053421020508
2014-09-22,58.20820236206055
2014-09-23,58.25666046142578
2014-09-24,58.13896942138672
2014-09-25,58.332820892333984
2014-09-26,58.2290153503418
2014-09-29,58.29125213623047
2014-09-30,58.325904846191406
2014-10-01,58.69218826293945
2014-10-02,58.59506607055664
2014-10-03,58.588138580322266
2014-10-06,58.65058135986328
2014-10-07,58.88645935058594
2014-10-08,59.15702819824219
2014-10-09,59.0599250793457
2014-10-10,59.101539611816406
2014-10-13,59.33737564086914
2014-10-14,59.365150451660156
2014-10-15,59.69815444946289
2014-10-16,59.56635665893555
2014-10-17,59.45534133911133
2014-10-20,59.50390625
2014-10-21,59.427589416503906
2014-10-22,59.39984130859375
2014-10-23,59.21944808959961
2014-10-24,59.2055778503418
2014-10-27,59.24027633666992
2014-10-28,59.12924575805664
2014-10-29,58.92807388305664
2014-10-30,59.04600143432617
2014-10-31,58.97664260864258
2014-11-03,58.91199493408203
2014-11-04,58.870262145996094
2014-11-05,58.90500259399414
2014-11-06,58.77984619140625
2014-11-07,59.03021240234375
2014-11-10,58.88420867919922
2014-11-11,58.856361389160156
2014-11-12,58.84941482543945
2014-11-13,58.91199493408203
2014-11-14,58.98150634765625
2014-11-17,58.91891098022461
2014-11-18,58.98847961425781
2014-11-19,58.870262145996094
2014-11-20,58.953697204589844
2014-11-21,59.07887649536133
2014-11-24,59.127540588378906
2014-11-25,59.287445068359375
2014-11-26,59.398738861083984
2014-11-28,59.48217010498047
2014-12-01,59.385986328125
2014-12-02,59.169952392578125
2014-12-03,59.21875
2014-12-04,59.35808563232422
2014-12-05,59.044532775878906
2014-12-08,59.176937103271484
2014-12-09,59.288421630859375
2014-12-10,59.42779541015625
2014-12-11,59.35115432739258
2014-12-12,59.650840759277344
2014-12-15,59.441749572753906
2014-12-16,59.574180603027344
2014-12-17,59.441749572753906
2014-12-18,59.25358200073242
2014-12-19,59.33718490600586
2014-12-22,59.441749572753906
2014-12-23,59.16997146606445
2014-12-24,59.13483428955078
2014-12-26,59.113765716552734
2014-12-29,59.282291412353516
2014-12-30,59.39470672607422
2014-12-31,59.47196960449219
2015-01-02,59.60539245605469
2015-01-05,59.830135345458984
2015-01-06,60.09701156616211
2015-01-07,60.11808395385742
2015-01-08,60.005706787109375
2015-01-09,60.20234680175781
2015-01-12,60.36389923095703
2015-01-13,60.4832763671875
2015-01-14,60.637813568115234
2015-01-15,60.946815490722656
2015-01-16,60.64482879638672
2015-01-20,60.71508026123047
2015-01-21,60.54655075073242
2015-01-22,60.434059143066406
2015-01-23,60.72908401489258
2015-01-26,60.658878326416016
2015-01-27,60.72908401489258
2015-01-28,61.066226959228516
2015-01-29,60.946815490722656
2015-01-30,61.30500030517578
2015-02-02,61.299339294433594
2015-02-03,60.98262023925781
2015-02-04,61.03189468383789
2015-02-05,60.926326751708984
2015-02-06,60.391395568847656
2015-02-09,60.299896240234375
2015-02-10,60.243614196777344
2015-02-11,60.2295036315918
2015-02-12,60.299896240234375
2015-02-13,60.201351165771484
2015-02-17,59.87049865722656
2015-02-18,60.13801193237305
2015-02-19,60.011314392089844
2015-02-20,59.96202087402344
2015-02-23,60.13801193237305
2015-02-24,60.489952087402344
2015-02-25,60.63069534301758
2015-02-26,60.26467514038086
2015-02-27,60.44063949584961
2015-03-02,60.14089584350586
2015-03-03,60.028053283691406
2015-03-04,60.0210075378418
2015-03-05,60.10564422607422
2015-03-06,59.654266357421875
2015-03-09,59.781227111816406
2015-03-10,59.90812683105469
2015-03-11,60.03511047363281
2015-03-12,60.11970901489258
2015-03-13,59.985740661621094
2015-03-16,60.09859848022461
2015-03-17,60.15497970581055
2015-03-18,60.69102096557617
2015-03-19,60.444190979003906
2015-03-20,60.69102096557617
2015-03-23,60.789798736572266
2015-03-24,60.9096794128418
2015-03-25,60.754486083984375
2015-03-26,60.54291915893555
2015-03-27,60.69102096557617
2015-03-30,60.70515823364258
2015-03-31,60.803871154785156
2015-04-01,61.09025955200195
2015-04-02,60.99833679199219
2015-04-06,61.07611083984375
2015-04-07,61.1326904296875
2015-04-08,61.09025955200195
2015-04-09,60.89933776855469
2015-04-10,60.87814712524414
2015-04-13,60.90641784667969
2015-04-14,61.047821044921875
2015-04-15,61.118526458740234
2015-04-16,61.17512130737305
2015-04-17,61.19630813598633
2015-04-20,61.168025970458984
2015-04-21,61.118526458740234
2015-04-22,60.86397171020508
2015-04-23,61.005374908447266
2015-04-24,61.139713287353516
2015-04-27,61.1043815612793
2015-04-28,60.849853515625
2015-04-29,60.63774108886719
2015-04-30,60.64479064941406
2015-05-01,60.408119201660156
2015-05-04,60.35856246948242
2015-05-05,60.238067626953125
2015-05-06,60.07508087158203
2015-05-07,60.16722106933594
2015-05-08,60.44358444213867
2015-05-11,59.96879196166992
2015-05-12,59.96879196166992
2015-05-13,59.91211700439453
2015-05-14,60.11050033569336
2015-05-15,60.41516876220703
2015-05-18,60.16722106933594
2015-05-19,59.94752883911133
2015-05-20,60.00423049926758
2015-05-21,60.18844985961914
2015-05-22,60.14592361450195
2015-05-26,60.337223052978516
2015-05-27,60.35143280029297
2015-05-28,60.3797721862793
2015-05-29,60.3797721862793
2015-06-01,60.1972770690918
2015-06-02,59.8989372253418
2015-06-03,59.543888092041016
2015-06-04,59.72852325439453
2015-06-05,59.387611389160156
2015-06-08,59.50123977661133
2015-06-09,59.30950164794922
2015-06-10,59.1035270690918
2015-06-11,59.45155334472656
2015-06-12,59.47284698486328
2015-06-15,59.529666900634766
2015-06-16,59.636199951171875
2015-06-17,59.67168045043945
2015-06-18,59.65040969848633
2015-06-19,59.92734909057617
2015-06-22,59.57937240600586
2015-06-23,59.40888214111328
2015-06-24,59.529666900634766
2015-06-25,59.387611389160156
2015-06-26,59.18877029418945
2015-06-29,59.614906311035156
2015-06-30,59.565181732177734
2015-07-01,59.404998779296875
2015-07-02,59.58293533325195
2015-07-06,59.824981689453125
2015-07-07,59.931758880615234
2015-07-08,60.088294982910156
2015-07-09,59.817813873291016
2015-07-10,59.52602005004883
2015-07-13,59.39790725708008
2015-07-14,59.518924713134766
2015-07-15,59.675506591796875
2015-07-16,59.70397186279297
2015-07-17,59.65415573120117
2015-07-20,59.56159591674805
2015-07-21,59.71820068359375
2015-07-22,59.739559173583984
2015-07-23,59.84636688232422
2015-07-24,59.86054992675781
2015-07-27,59.98866653442383
2015-07-28,59.85344314575195
2015-07-29,59.824981689453125
2015-07-30,59.83920669555664
2015-07-31,60.116764068603516
2015-08-03,60.2166633605957
2015-08-04,59.952735900878906
2015-08-05,59.79581069946289
2015-08-06,59.917049407958984
2015-08-07,60.00266647338867
2015-08-10,59.859954833984375
2015-08-11,60.13817596435547
2015-08-12,60.09540557861328
2015-08-13,59.9598274230957
2015-08-14,59.88852310180664
2015-08-17,59.945594787597656
2015-08-18,59.917049407958984
2015-08-19,60.152462005615234
2015-08-20,60.20238494873047
2015-08-21,60.3807487487793
2015-08-24,60.39505386352539
2015-08-25,60.14533996582031
2015-08-26,60.031211853027344
2015-08-27,60.00978088378906
2015-08-28,60.06684494018555
2015-08-31,60.00266647338867
2015-09-01,60.198524475097656
2015-09-02,60.16278076171875
2015-09-03,60.32721710205078
2015-09-04,60.39157485961914
2015-09-08,60.16997146606445
2015-09-09,60.22713088989258
2015-09-10,60.11988067626953
2015-09-11,60.23429870605469
2015-09-14,60.30582046508789
2015-09-15,59.891143798828125
2015-09-16,59.88397979736328
2015-09-17,60.298648834228516
2015-09-18,60.48452377319336
2015-09-21,60.30582046508789
2015-09-22,60.455909729003906
2015-09-23,60.42733383178711
2015-09-24,60.434486389160156
2015-09-25,60.31294631958008
2015-09-28,60.4774055480957
2015-09-29,60.627525329589844
2015-09-30,60.65610885620117
2015-10-01,60.6725959777832
2015-10-02,60.96634292602539
2015-10-05,60.744258880615234
2015-10-06,60.815879821777344
2015-10-07,60.837406158447266
2015-10-08,60.744258880615234
2015-10-09,60.75142288208008
2015-10-12,60.880393981933594
2015-10-13,60.96634292602539
2015-10-14,61.25294876098633
2015-10-15,61.14550018310547
2015-10-16,61.1096305847168
2015-10-19,61.05231475830078
2015-10-20,60.93054962158203
2015-10-21,61.04517364501953
2015-10-22,61.181312561035156
2015-10-23,60.95200729370117
2015-10-26,61.05947494506836
2015-10-27,61.03803634643555
2015-10-28,60.83024597167969
2015-10-29,60.543601989746094
2015-10-30,60.69409942626953
2015-11-02,60.53614807128906
2015-11-03,60.43563461303711
2015-11-04,60.378143310546875
2015-11-05,60.3422737121582
2015-11-06,59.94733428955078
2015-11-09,59.875572204589844
2015-11-10,60.004783630371094
2015-11-11,60.03351974487305
2015-11-12,60.04787063598633
2015-11-13,60.15556335449219
2015-11-16,60.24176025390625
2015-11-17,60.270477294921875
2015-11-18,60.22740173339844
2015-11-19,60.291988372802734
2015-11-20,60.2991943359375
2015-11-23,60.3422737121582
2015-11-24,60.378143310546875
2015-11-25,60.392513275146484
2015-11-27,60.46434783935547
2015-11-30,60.4499626159668
2015-12-01,60.70975875854492
2015-12-02,60.594600677490234
2015-12-03,60.06930923461914
2015-12-04,60.299556732177734
2015-12-07,60.40032958984375
2015-12-08,60.40752029418945
2015-12-09,60.357181549072266
2015-12-10,60.249210357666016
2015-12-11,60.544212341308594
2015-12-14,60.191619873046875
2015-12-15,60.0909309387207
2015-12-16,59.92539596557617
2015-12-17,60.141292572021484
2015-12-18,60.2060546875
2015-12-21,60.2060546875
2015-12-22,60.15562438964844
2015-12-23,60.10932159423828
2015-12-24,60.16722106933594
2015-12-28,60.22509002685547
2015-12-29,59.95744323730469
2015-12-30,59.99361801147461
2015-12-31,60.087650299072266
2016-01-04,60.20343780517578
2016-01-05,60.2757682800293
2016-01-06,60.52172088623047
2016-01-07,60.601295471191406
2016-01-08,60.76043701171875
2016-01-11,60.615760803222656
2016-01-12,60.70256805419922
2016-01-13,60.89793395996094
2016-01-14,60.80384826660156
2016-01-15,60.93406677246094
2016-01-19,60.7459831237793
2016-01-20,60.97023391723633
2016-01-21,60.81830978393555
2016-01-22,60.7459831237793
2016-01-25,60.77489471435547
2016-01-26,60.84001922607422
2016-01-27,60.91231155395508
2016-01-28,60.984657287597656
2016-01-29,61.187278747558594
2016-02-01,61.019081115722656
2016-02-02,61.3307991027832
2016-02-03,61.38157272338867
2016-02-04,61.439552307128906
2016-02-05,61.490325927734375
2016-02-08,61.736839294433594
2016-02-09,61.70059585571289
2016-02-10,61.89631271362305
2016-02-11,62.00508117675781
2016-02-12,61.671627044677734
2016-02-16,61.54830551147461
2016-02-17,61.39605712890625
2016-02-18,61.715091705322266
2016-02-19,61.729583740234375
2016-02-22,61.75133514404297
2016-02-23,61.85283279418945
2016-02-24,61.860103607177734
2016-02-25,62.034080505371094
2016-02-26,61.889068603515625
2016-02-29,61.874576568603516
2016-03-01,61.67550277709961
2016-03-02,61.544776916503906
2016-03-03,61.67550277709961
2016-03-04,61.55198287963867
2016-03-07,61.44307327270508
2016-03-08,61.6900749206543
2016-03-09,61.61014938354492
2016-03-10,61.5374870300293
2016-03-11,61.486572265625
2016-03-14,61.51569366455078
2016-03-15,61.55927276611328
2016-03-16,61.86442184448242
2016-03-17,61.98794174194336
2016-03-18,62.060585021972656
2016-03-21,61.93708419799805
2016-03-22,61.8934440612793
2016-03-23,62.082366943359375
2016-03-24,62.07513427734375
2016-03-28,62.1259765625
2016-03-29,62.38753890991211
2016-03-30,62.42387008666992
2016-03-31,62.67816162109375
2016-04-01,62.55802536010742
2016-04-04,62.674495697021484
2016-04-05,62.82011795043945
2016-04-06,62.74003219604492
2016-04-07,62.99483871459961
2016-04-08,62.90018844604492
2016-04-11,62.89293670654297
2016-04-12,62.73271942138672
2016-04-13,62.791019439697266
2016-04-14,62.674495697021484
2016-04-15,62.8856201171875
2016-04-18,62.8565559387207
2016-04-19,62.84196472167969
2016-04-20,62.77643585205078
2016-04-21,62.667232513427734
2016-04-22,62.572574615478516
2016-04-25,62.4778938293457
2016-04-26,62.375980377197266
2016-04-27,62.68181610107422
2016-04-28,62.86379623413086
2016-04-29,62.86379623413086
2016-05-02,62.701107025146484
2016-05-03,63.007530212402344
2016-05-04,63.02213668823242
2016-05-05,63.17534637451172
2016-05-06,63.058616638183594
2016-05-09,63.0951042175293
2016-05-10,63.13887405395508
2016-05-11,63.197227478027344
2016-05-12,63.0951042175293
2016-05-13,63.2191162109375
2016-05-16,63.07318878173828
2016-05-17,62.941864013671875
2016-05-18,62.54060363769531
2016-05-19,62.56251525878906
2016-05-20,62.664649963378906
2016-05-23,62.664649963378906
2016-05-24,62.555198669433594
2016-05-25,62.57706069946289
2016-05-26,62.75947570800781
2016-05-27,62.57706069946289
2016-05-31,62.7375602722168
2016-06-01,62.687137603759766
2016-06-02,62.85527420043945
2016-06-03,63.31593704223633
2016-06-06,63.27206039428711
2016-06-07,63.33052444458008
2016-06-08,63.359771728515625
2016-06-09,63.476741790771484
2016-06-10,63.5864143371582
2016-06-13,63.622982025146484
2016-06-14,63.5717887878418
2016-06-15,63.82774353027344
2016-06-16,63.849647521972656
2016-06-17,63.70342254638672
2016-06-20,63.52061462402344
2016-06-21,63.42561340332031
2016-06-22,63.51327896118164
2016-06-23,63.389007568359375
2016-06-24,63.915409088134766
2016-06-27,64.25908660888672
2016-06-28,64.3541030883789
2016-06-29,64.22981262207031
2016-06-30,64.39067840576172
2016-07-01,64.54967498779297
2016-07-05,64.7181625366211
2016-07-06,64.8060531616211
2016-07-07,64.7621078491211
2016-07-08,64.86463928222656
2016-07-11,64.63023376464844
2016-07-12,64.24199676513672
2016-07-13,64.47640228271484
2016-07-14,64.32254791259766
2016-07-15,64.1613540649414
2016-07-18,64.176025390625
2016-07-19,64.33718872070312
2016-07-20,64.26395416259766
2016-07-21,64.33718872070312
2016-07-22,64.25660705566406
2016-07-25,64.278564453125
2016-07-26,64.25660705566406
2016-07-27,64.51299285888672
2016-07-28,64.49102783203125
2016-07-29,64.7181625366211
2016-08-01,64.5676498413086
2016-08-02,64.44283294677734
2016-08-03,64.4134750366211
2016-08-04,64.58235931396484
2016-08-05,64.3106918334961
2016-08-08,64.29601287841797
2016-08-09,64.4942398071289
2016-08-10,64.64839935302734
2016-08-11,64.36944580078125
2016-08-12,64.61170959472656
2016-08-15,64.4575424194336
2016-08-16,64.36944580078125
2016-08-17,64.48690032958984
2016-08-18,64.5676498413086
2016-08-19,64.4134750366211
2016-08-22,64.5235824584961
2016-08-23,64.5603256225586
2016-08-24,64.51628112792969
2016-08-25,64.43549346923828
2016-08-26,64.19326782226562
2016-08-29,64.45016479492188
2016-08-30,64.42818450927734
2016-08-31,64.38409423828125
2016-09-01,64.421630859375
2016-09-02,64.34070587158203
2016-09-06,64.59817504882812
2016-09-07,64.63502502441406
2016-09-08,64.34070587158203
2016-09-09,64.0611801147461
2016-09-12,64.10531616210938
2016-09-13,63.891937255859375
2016-09-14,64.0832290649414
2016-09-15,64.07588958740234
2016-09-16,64.14210510253906
2016-09-19,64.09796142578125
2016-09-20,64.12000274658203
2016-09-21,64.28921508789062
2016-09-22,64.40695190429688
2016-09-23,64.42899322509766
2016-09-26,64.51725006103516
2016-09-27,64.63502502441406
2016-09-28,64.6423110961914
2016-09-29,64.6202621459961
2016-09-30,64.48780059814453
2016-10-03,64.38024139404297
2016-10-04,64.21068572998047
2016-10-05,64.06329345703125
2016-10-06,64.01165008544922
2016-10-07,64.08540344238281
2016-10-10,64.04851531982422
2016-10-11,63.952720642089844
2016-10-12,63.967445373535156
2016-10-13,64.0558853149414
2016-10-14,63.952720642089844
2016-10-17,64.08540344238281
2016-10-18,64.19593048095703
2016-10-19,64.25486755371094
2016-10-20,64.17381286621094
2016-10-21,64.2254409790039
2016-10-24,64.12227630615234
2016-10-25,64.1148681640625
2016-10-26,63.98957443237305
2016-10-27,63.8421516418457
2016-10-28,63.79788589477539
2016-10-31,63.87160110473633
2016-11-01,63.82658004760742
2016-11-02,63.996429443359375
2016-11-03,63.95210266113281
2016-11-04,64.05550384521484
2016-11-07,63.90044021606445
2016-11-08,63.737911224365234
2016-11-09,62.984500885009766
2016-11-10,62.74076461791992
2016-11-11,62.600399017333984
2016-11-14,62.26800537109375
2016-11-15,62.34926223754883
2016-11-16,62.35664367675781
2016-11-17,62.120304107666016
2016-11-18,61.883914947509766
2016-11-21,61.89131546020508
2016-11-22,61.97254180908203
2016-11-23,61.74354934692383
2016-11-25,61.75835418701172
2016-11-28,61.97254180908203
2016-11-29,62.03164291381836
2016-11-30,61.76570510864258
2016-12-01,61.49626541137695
2016-12-02,61.74057388305664
2016-12-05,61.74057388305664
2016-12-06,61.80718231201172
2016-12-07,62.04405975341797
2016-12-08,61.829368591308594
2016-12-09,61.62955093383789
2016-12-12,61.62955093383789
2016-12-13,61.644325256347656
2016-12-14,61.22241973876953
2016-12-15,61.015167236328125
2016-12-16,61.052188873291016
2016-12-19,61.33343505859375
2016-12-20,61.20759201049805
2016-12-21,61.340850830078125
2016-12-22,60.97220993041992
2016-12-23,61.03144836425781
2016-12-27,60.88338851928711
2016-12-28,61.09807205200195
2016-12-29,61.29053497314453
2016-12-30,61.49037551879883
2017-01-03,61.44599533081055
2017-01-04,61.50517272949219
2017-01-05,61.79388427734375
2017-01-06,61.58659744262695
2017-01-09,61.742061614990234
2017-01-10,61.7568473815918
2017-01-11,61.79388427734375
2017-01-12,61.823482513427734
2017-01-13,61.719825744628906
2017-01-17,62.00115203857422
2017-01-18,61.63103103637695
2017-01-19,61.46818542480469
2017-01-20,61.55697250366211
2017-01-23,61.77165222167969
2017-01-24,61.60881805419922
2017-01-25,61.36451721191406
2017-01-26,61.44599533081055
2017-01-27,61.5125846862793
2017-01-30,61.46818542480469
2017-01-31,61.69025802612305
2017-02-01,61.57748794555664
2017-02-02,61.60714340209961
2017-02-03,61.66646194458008
2017-02-06,61.91131591796875
2017-02-07,61.97807312011719
2017-02-08,62.19317626953125
2017-02-09,61.91131591796875
2017-02-10,61.88157272338867
2017-02-13,61.80743408203125
2017-02-14,61.621971130371094
2017-02-15,61.53297805786133
2017-02-16,61.711002349853516
2017-02-17,61.87419891357422
2017-02-21,61.85935974121094
2017-02-22,61.955810546875
2017-02-23,62.07450866699219
2017-02-24,62.3415412902832
2017-02-27,62.148677825927734
2017-02-28,62.148677825927734
2017-03-01,61.85584259033203
2017-03-02,61.699737548828125
2017-03-03,61.744346618652344
2017-03-06,61.71458053588867
2017-03-07,61.588233947753906
2017-03-08,61.380104064941406
2017-03-09,61.2165641784668
2017-03-10,61.350372314453125
2017-03-13,61.179473876953125
2017-03-14,61.24635314941406
2017-03-15,61.73688888549805
2017-03-16,61.59566116333008
2017-03-17,61.729488372802734
2017-03-20,61.85584259033203
2017-03-21,61.9970588684082
2017-03-22,62.10110855102539
2017-03-23,62.0341911315918
2017-03-24,62.0490837097168
2017-03-27,62.19772720336914
2017-03-28,62.04168701171875
2017-03-29,62.21259307861328
2017-03-30,62.0341911315918
2017-03-31,62.145729064941406
2017-04-03,62.38779067993164
2017-04-04,62.38779067993164
2017-04-05,62.484649658203125
2017-04-06,62.46229553222656
2017-04-07,62.25373077392578
2017-04-10,62.38779067993164
2017-04-11,62.641082763671875
2017-04-12,62.812416076660156
2017-04-13,62.857112884521484
2017-04-17,62.87197494506836
2017-04-18,63.1029167175293
2017-04-19,62.97636413574219
2017-04-20,62.92414474487305
2017-04-21,62.95395278930664
2017-04-24,62.87197494506836
2017-04-25,62.61125564575195
2017-04-26,62.715553283691406
2017-04-27,62.80497360229492
2017-04-28,62.86454772949219
2017-05-01,62.78841781616211
2017-05-02,62.90037536621094
2017-05-03,62.74361038208008
2017-05-04,62.646549224853516
2017-05-05,62.646549224853516
2017-05-08,62.5570182800293
2017-05-09,62.519676208496094
2017-05-10,62.549522399902344
2017-05-11,62.564422607421875
2017-05-12,62.86304473876953
2017-05-15,62.84064865112305
2017-05-16,62.922767639160156
2017-05-17,63.30349349975586
2017-05-18,63.228885650634766
2017-05-19,63.236289978027344
2017-05-22,63.22136306762695
2017-05-23,63.04222869873047
2017-05-24,63.199005126953125
2017-05-25,63.20646667480469
2017-05-26,63.184085845947266
2017-05-30,63.34828186035156
2017-05-31,63.38562774658203
2017-06-01,63.38114929199219
2017-06-02,63.56816864013672
2017-06-05,63.5008430480957
2017-06-06,63.70282745361328
2017-06-07,63.60558319091797
2017-06-08,63.5008430480957
2017-06-09,63.47085952758789
2017-06-12,63.42598342895508
2017-06-13,63.4858512878418
2017-06-14,63.755184173583984
2017-06-15,63.5905647277832
2017-06-16,63.69533157348633
2017-06-19,63.5008430480957
2017-06-20,63.60558319091797
2017-06-21,63.650474548339844
2017-06-22,63.68035888671875
2017-06-23,63.69533157348633
2017-06-26,63.755184173583984
2017-06-27,63.5008430480957
2017-06-28,63.508296966552734
2017-06-29,63.3437385559082
2017-06-30,63.23899459838867
2017-07-03,63.01259231567383
2017-07-05,63.15504455566406
2017-07-06,62.982574462890625
2017-07-07,62.945072174072266
2017-07-10,63.04254913330078
2017-07-11,63.12499237060547
2017-07-12,63.31995391845703
2017-07-13,63.22999954223633
2017-07-14,63.3948974609375
2017-07-17,63.462379455566406
2017-07-18,63.604854583740234
2017-07-19,63.59733581542969
2017-07-20,63.649845123291016
2017-07-21,63.76226806640625
2017-07-24,63.6648063659668
2017-07-25,63.40989303588867
2017-07-26,63.5748405456543
2017-07-27,63.52234649658203
2017-07-28,63.6273078918457
2017-07-31,63.642333984375
2017-08-01,63.78057861328125
2017-08-02,63.75802993774414
2017-08-03,63.89326095581055
2017-08-04,63.72043228149414
2017-08-07,63.75802993774414
2017-08-08,63.6378173828125
2017-08-09,63.70545196533203
2017-08-10,63.87070846557617
2017-08-11,63.945831298828125
2017-08-14,63.825660705566406
2017-08-15,63.70545196533203
2017-08-16,63.825660705566406
2017-08-17,63.93083572387695
2017-08-18,63.87070846557617
2017-08-21,63.93830490112305
2017-08-22,63.89326095581055
2017-08-23,64.0736083984375
2017-08-24,63.99845504760742
2017-08-25,64.0660629272461
2017-08-28,64.1712646484375
2017-08-29,64.25387573242188
2017-08-30,64.23139190673828
2017-08-31,64.3215103149414
2017-09-01,64.15284729003906
2017-09-05,64.46910858154297
2017-09-06,64.32605743408203
2017-09-07,64.60466003417969
2017-09-08,64.5218276977539
2017-09-11,64.24324035644531
2017-09-12,64.17546081542969
2017-09-13,64.06253051757812
2017-09-14,64.09262084960938
2017-09-15,64.06253051757812
2017-09-18,63.99474334716797
2017-09-19,63.95710754394531
2017-09-20,63.84416580200195
2017-09-21,63.80648422241211
2017-09-22,63.8516731262207
2017-09-25,64.03990936279297
2017-09-26,64.00978088378906
2017-09-27,63.79894256591797
2017-09-28,63.80648422241211
2017-09-29,63.74629211425781
2017-10-02,63.77718734741211
2017-10-03,63.845088958740234
2017-10-04,63.875301361083984
2017-10-05,63.79234313964844
2017-10-06,63.694217681884766
2017-10-09,63.7470588684082
2017-10-10,63.79983901977539
2017-10-11,63.85266876220703
2017-10-12,63.85266876220703
2017-10-13,64.0186538696289
2017-10-16,63.96583557128906
2017-10-17,63.9582633972168
2017-10-18,63.82243728637695
2017-10-19,63.882877349853516
2017-10-20,63.686614990234375
2017-10-23,63.754539489746094
2017-10-24,63.641380310058594
2017-10-25,63.54328918457031
2017-10-26,63.50556182861328
2017-10-27,63.64891815185547
2017-10-30,63.82243728637695
2017-10-31,63.754539489746094
2017-11-01,63.78934860229492
2017-11-02,63.8422966003418
2017-11-03,63.88770294189453
2017-11-06,63.93308639526367
2017-11-07,63.948158264160156
2017-11-08,63.87254333496094
2017-11-09,63.82712936401367
2017-11-10,63.524635314941406
2017-11-13,63.494422912597656
2017-11-14,63.59271240234375
2017-11-15,63.78178787231445
2017-11-16,63.675865173339844
2017-11-17,63.7364501953125
2017-11-20,63.60788345336914
2017-11-21,63.65322494506836
2017-11-22,63.81961441040039
2017-11-24,63.79688262939453
2017-11-27,63.85737991333008
2017-11-28,63.90275192260742
2017-11-29,63.713741302490234
2017-11-30,63.58517074584961
2017-12-01,63.75189971923828
2017-12-04,63.70642852783203
2017-12-05,63.782222747802734
2017-12-06,63.85795211791992
2017-12-07,63.78978729248047
2017-12-08,63.72914123535156
2017-12-11,63.691261291503906
2017-12-12,63.660911560058594
2017-12-13,63.941375732421875
2017-12-14,63.880714416503906
2017-12-15,63.850433349609375
2017-12-18,63.75189971923828
2017-12-19,63.49420166015625
2017-12-20,63.388099670410156
2017-12-21,63.41840744018555
2017-12-22,63.44873809814453
2017-12-26,63.500423431396484
2017-12-27,63.66015625
2017-12-28,63.629676818847656
2017-12-29,63.736148834228516
2018-01-02,63.5308723449707
2018-01-03,63.599266052246094
2018-01-04,63.599266052246094
2018-01-05,63.51567077636719
2018-01-08,63.485233306884766
2018-01-09,63.348388671875
2018-01-10,63.34077072143555
2018-01-11,63.36358642578125
2018-01-12,63.295169830322266
2018-01-16,63.310333251953125
2018-01-17,63.19633102416992
2018-01-18,63.03667068481445
2018-01-19,62.907386779785156
2018-01-22,62.91503143310547
2018-01-23,63.05946731567383
2018-01-24,62.960601806640625
2018-01-25,63.074668884277344
2018-01-26,62.94541931152344
2018-01-29,62.869407653808594
2018-01-30,62.76295471191406
2018-01-31,62.75535583496094
2018-02-01,62.52444839477539
2018-02-02,62.34916687011719
2018-02-05,62.62348175048828
2018-02-06,62.46351623535156
2018-02-07,62.326324462890625
2018-02-08,62.303466796875
2018-02-09,62.17390823364258
2018-02-12,62.19677734375
2018-02-13,62.18917465209961
2018-02-14,61.90719985961914
2018-02-15,61.99100112915039
2018-02-16,62.151031494140625
2018-02-20,62.0519905090332
2018-02-21,61.90719985961914
2018-02-22,61.93004608154297
2018-02-23,62.16627502441406
2018-02-26,62.18917465209961
2018-02-27,62.04437255859375
2018-02-28,62.11295700073242
2018-03-01,62.27406692504883
2018-03-02,62.060237884521484
2018-03-05,62.037353515625
2018-03-06,62.05261993408203
2018-03-07,62.04496765136719
2018-03-08,62.144229888916016
2018-03-09,62.014461517333984
2018-03-12,62.09077835083008
2018-03-13,62.121334075927734
2018-03-14,62.20536422729492
2018-03-15,62.19005584716797
2018-03-16,62.159542083740234
2018-03-19,62.10606384277344
2018-03-20,62.0068244934082
2018-03-21,61.99156188964844
2018-03-22,62.121334075927734
2018-03-23,62.11370849609375
2018-03-26,62.04496765136719
2018-03-27,62.31989288330078
2018-03-28,62.29695129394531
2018-03-29,62.442047119140625
2018-04-02,62.468868255615234
2018-04-03,62.33108901977539
2018-04-04,62.354068756103516
2018-04-05,62.27751541137695
2018-04-06,62.44587326049805
2018-04-09,62.49182891845703
2018-04-10,62.40764236450195
2018-04-11,62.43061447143555
2018-04-12,62.29280471801758
2018-04-13,62.30812072753906
2018-04-16,62.26982498168945
2018-04-17,62.31578063964844
2018-04-18,62.116756439208984
2018-04-19,61.963626861572266
2018-04-20,61.80289840698242
2018-04-23,61.72639465332031
2018-04-24,61.71874237060547
2018-04-25,61.580955505371094
2018-04-26,61.749366760253906
2018-04-27,61.81057357788086
2018-04-30,61.79530334472656
2018-05-01,61.67943572998047
2018-05-02,61.725460052490234
2018-05-03,61.809810638427734
2018-05-04,61.81752395629883
2018-05-07,61.802181243896484
2018-05-08,61.7177619934082
2018-05-09,61.610347747802734
2018-05-10,61.75616455078125
2018-05-11,61.802181243896484
2018-05-14,61.725460052490234
2018-05-15,61.42622375488281
2018-05-16,61.3494873046875
2018-05-17,61.34180450439453
2018-05-18,61.49528884887695
2018-05-21,61.525970458984375
2018-05-22,61.533660888671875
2018-05-23,61.76384735107422
2018-05-24,61.89425277709961
2018-05-25,62.08605194091797
2018-05-29,62.50804901123047
2018-05-30,62.25484085083008
2018-05-31,62.26252365112305
2018-06-01,62.12174606323242
2018-06-04,61.94487380981445
2018-06-05,62.11408996582031
2018-06-06,61.86796951293945
2018-06-07,62.05256271362305
2018-06-08,61.95257568359375
2018-06-11,61.95257568359375
2018-06-12,61.93718719482422
2018-06-13,61.86026382446289
2018-06-14,61.983306884765625
2018-06-15,61.99872589111328
2018-06-18,61.983306884765625
2018-06-19,62.106380462646484
2018-06-20,61.94487380981445
2018-06-21,61.983306884765625
2018-06-22,62.03717803955078
2018-06-25,62.06022262573242
2018-06-26,62.15255355834961
2018-06-27,62.329410552978516
2018-06-28,62.260215759277344
2018-06-29,62.27560043334961
2018-07-02,62.191558837890625
2018-07-03,62.39201736450195
2018-07-05,62.43059539794922
2018-07-06,62.4999885559082
2018-07-09,62.39201736450195
2018-07-10,62.35346603393555
2018-07-11,62.46143341064453
2018-07-12,62.46912384033203
2018-07-13,62.58479690551758
2018-07-16,62.44600296020508
2018-07-17,62.44600296020508
2018-07-18,62.38433074951172
2018-07-19,62.52309799194336
2018-07-20,62.43059539794922
2018-07-23,62.191558837890625
2018-07-24,62.25321578979492
2018-07-25,62.22237014770508
2018-07-26,62.24553680419922
2018-07-27,62.28410339355469
2018-07-30,62.23006820678711
2018-07-31,62.31489562988281
2018-08-01,62.2244758605957
2018-08-02,62.27085876464844
2018-08-03,62.44090270996094
2018-08-06,62.4873161315918
2018-08-07,62.35588836669922
2018-08-08,62.3481330871582
2018-08-09,62.44090270996094
2018-08-10,62.634185791015625
2018-08-13,62.61871337890625
2018-08-14,62.61095428466797
2018-08-15,62.726898193359375
2018-08-16,62.75783157348633
2018-08-17,62.75783157348633
2018-08-20,62.93563461303711
2018-08-21,62.873775482177734
2018-08-22,62.920162200927734
2018-08-23,62.920162200927734
2018-08-24,62.95881271362305
2018-08-27,62.83515167236328
2018-08-28,62.726898193359375
2018-08-29,62.680538177490234
2018-08-30,62.78101348876953
2018-08-31,62.78874206542969
2018-09-04,62.711273193359375
2018-09-05,62.672542572021484
2018-09-06,62.81201934814453
2018-09-07,62.59502029418945
2018-09-10,62.59502029418945
2018-09-11,62.45560073852539
2018-09-12,62.53305435180664
2018-09-13,62.55631637573242
2018-09-14,62.44778823852539
2018-09-17,62.46331024169922
2018-09-18,62.277339935302734
2018-09-19,62.184356689453125
2018-09-20,62.25407028198242
2018-09-21,62.2618293762207
2018-09-24,62.192108154296875
2018-09-25,62.1378288269043
2018-09-26,62.300594329833984
2018-09-27,62.33930587768555
2018-09-28,62.362586975097656
2018-10-01,62.28874969482422
2018-10-02,62.35871124267578
2018-10-03,62.055763244628906
2018-10-04,61.900394439697266
2018-10-05,61.776100158691406
2018-10-08,61.7528190612793
2018-10-09,61.8382453918457
2018-10-10,61.86153793334961
2018-10-11,62.00917053222656
2018-10-12,62.016902923583984
2018-10-15,62.00917053222656
2018-10-16,62.024654388427734
2018-10-17,61.853763580322266
2018-10-18,61.93147659301758
2018-10-19,61.86933135986328
2018-10-22,61.86933135986328
2018-10-23,61.96253967285156
2018-10-24,62.21107864379883
2018-10-25,62.07904052734375
2018-10-26,62.29653549194336
2018-10-29,62.24992370605469
2018-10-30,62.156700134277344
2018-10-31,62.055763244628906
2018-11-01,62.10322952270508
2018-11-02,61.8774299621582
2018-11-05,61.92414855957031
2018-11-06,61.90079116821289
2018-11-07,61.92414855957031
2018-11-08,61.79176330566406
2018-11-09,61.97086715698242
2018-11-12,62.048736572265625
2018-11-13,62.0565185546875
2018-11-14,62.10322952270508
2018-11-15,62.12663650512695
2018-11-16,62.26677703857422
2018-11-19,62.25898742675781
2018-11-20,62.24345016479492
2018-11-21,62.25898742675781
2018-11-23,62.297935485839844
2018-11-26,62.220062255859375
2018-11-27,62.23561096191406
2018-11-28,62.305702209472656
2018-11-29,62.32905960083008
2018-11-30,62.36797332763672
2018-12-03,62.4905891418457
2018-12-04,62.607669830322266
2018-12-06,62.732547760009766
2018-12-07,62.9043083190918
2018-12-10,62.9043083190918
2018-12-11,62.86527633666992
2018-12-12,62.7716178894043
2018-12-13,62.88086700439453
2018-12-14,62.92776107788086
2018-12-17,63.068260192871094
2018-12-18,63.19314956665039
2018-12-19,63.21653366088867
2018-12-20,63.11509323120117
2018-12-21,63.169742584228516
2018-12-24,63.23312759399414
2018-12-26,63.02963638305664
2018-12-27,63.15488815307617
2018-12-28,63.444419860839844
2018-12-31,63.6165771484375
2019-01-02,63.76531219482422
2019-01-03,64.08614349365234
2019-01-04,63.79661560058594
2019-01-07,63.7339973449707
2019-01-08,63.632225036621094
2019-01-09,63.74965286254883
2019-01-10,63.687042236328125
2019-01-11,63.851383209228516
2019-01-14,63.82788848876953
2019-01-15,63.80441665649414
2019-01-16,63.78094482421875
2019-01-17,63.77312469482422
2019-01-18,63.71834182739258
2019-01-22,63.843528747558594
2019-01-23,63.87486267089844
2019-01-24,64.06266784667969
2019-01-25,63.96877670288086
2019-01-28,63.98439407348633
2019-01-29,64.13309478759766
2019-01-30,64.34444427490234
2019-01-31,64.64181518554688
2019-02-01,64.44405364990234
2019-02-04,64.31854248046875
2019-02-05,64.43620300292969
2019-02-06,64.45195007324219
2019-02-07,64.54603576660156
2019-02-08,64.64021301269531
2019-02-11,64.56956481933594
2019-02-12,64.5382308959961
2019-02-13,64.44405364990234
2019-02-14,64.5931625366211
2019-02-15,64.5931625366211
2019-02-19,64.64810943603516
2019-02-20,64.62454986572266
2019-02-21,64.51470947265625
2019-02-22,64.69513702392578
2019-02-25,64.67161560058594
2019-02-26,64.79716491699219
2019-02-27,64.66377258300781
2019-02-28,64.58526611328125
2019-03-01,64.395751953125
2019-03-04,64.5451889038086
2019-03-05,64.5923843383789
2019-03-06,64.7260513305664
2019-03-07,64.89907836914062
2019-03-08,64.95413970947266
2019-03-11,64.96200561523438
2019-03-12,65.11143493652344
2019-03-13,65.09571838378906
2019-03-14,64.99349975585938
2019-03-15,65.1979751586914
2019-03-18,65.13501739501953
2019-03-19,65.13501739501953
2019-03-20,65.52825927734375
2019-03-21,65.51255798339844
2019-03-22,65.90576934814453
2019-03-25,66.00801086425781
2019-03-26,66.03160858154297
2019-03-27,66.1259765625
2019-03-28,66.1259765625
2019-03-29,66.00801086425781
2019-04-01,65.73600006103516
2019-04-02,65.81487274169922
2019-04-03,65.71234893798828
2019-04-04,65.76751708984375
2019-04-05,65.80694580078125
2019-04-08,65.743896484375
2019-04-09,65.83060455322266
2019-04-10,66.00405883789062
2019-04-11,65.94096374511719
2019-04-12,65.73600006103516
2019-04-15,65.75968170166016
2019-04-16,65.6098861694336
2019-04-17,65.59410858154297
2019-04-18,65.71234893798828
2019-04-22,65.64927673339844
2019-04-23,65.75968170166016
2019-04-24,65.9883041381836
2019-04-25,65.92523956298828
2019-04-26,66.0829086303711
2019-04-29,65.97250366210938
2019-04-30,66.0829086303711
2019-05-01,66.041015625
2019-05-02,65.8671646118164
2019-05-03,65.97781372070312
2019-05-06,66.11211395263672
2019-05-07,66.2860336303711
2019-05-08,66.10425567626953
2019-05-09,66.2306900024414
2019-05-10,66.2148666381836
2019-05-13,66.4598617553711
2019-05-14,66.38871765136719
2019-05-15,66.59419250488281
2019-05-16,66.49150085449219
2019-05-17,66.51518249511719
2019-05-20,66.38871765136719
2019-05-21,66.34133911132812
2019-05-22,66.4835433959961
2019-05-23,66.7364501953125
2019-05-24,66.7364501953125
2019-05-28,66.98139953613281
2019-05-29,66.93402099609375
2019-05-30,67.16315460205078
2019-05-31,67.48715209960938
2019-06-03,67.68126678466797
2019-06-04,67.60994720458984
2019-06-05,67.70501708984375
2019-06-06,67.6495590209961
2019-06-07,67.87138366699219
2019-06-10,67.6495590209961
2019-06-11,67.64161682128906
2019-06-12,67.728759765625
2019-06-13,67.92684173583984
2019-06-14,67.94264221191406
2019-06-17,67.90304565429688
2019-06-18,68.09315490722656
2019-06-19,68.33080291748047
2019-06-20,68.52092742919922
2019-06-21,68.33080291748047
2019-06-24,68.49715423583984
2019-06-25,68.52092742919922
2019-06-26,68.29122161865234
2019-06-27,68.51300048828125
2019-06-28,68.52092742919922
2019-07-01,68.54315948486328
2019-07-02,68.70987701416016
2019-07-03,68.83692932128906
2019-07-05,68.43997955322266
2019-07-08,68.3605728149414
2019-07-09,68.29705047607422
2019-07-10,68.39227294921875
2019-07-11,68.1620101928711
2019-07-12,68.22559356689453
2019-07-15,68.2732162475586
2019-07-16,68.17794036865234
2019-07-17,68.47962951660156
2019-07-18,68.61460876464844
2019-07-19,68.51931762695312
2019-07-22,68.55110168457031
2019-07-23,68.54315948486328
2019-07-24,68.62258911132812
2019-07-25,68.51144409179688
2019-07-26,68.53521728515625
2019-07-29,68.59078216552734
2019-07-30,68.51931762695312
2019-07-31,68.57491302490234
2019-08-01,69.1988525390625
2019-08-02,69.27049255371094
2019-08-05,69.66046905517578
2019-08-06,69.78780364990234
2019-08-07,69.76392364501953
2019-08-08,69.8912124633789
2019-08-09,69.72410583496094
2019-08-12,70.0185775756836
2019-08-13,69.81166076660156
2019-08-14,70.0822525024414
2019-08-15,70.44039154052734
2019-08-16,70.36083221435547
2019-08-19,70.16185760498047
2019-08-20,70.46430969238281
2019-08-21,70.3369140625
2019-08-22,70.25733947753906
2019-08-23,70.55179595947266
2019-08-26,70.47225189208984
2019-08-27,70.79055786132812
2019-08-28,70.75078582763672
2019-08-29,70.67118835449219
2019-08-30,70.70297241210938
2019-09-03,70.77639770507812
2019-09-04,70.91997528076172
2019-09-05,70.51316833496094
2019-09-06,70.54508209228516
2019-09-09,70.25794219970703
2019-09-10,69.83517456054688
2019-09-11,69.74742889404297
2019-09-12,69.65171813964844
2019-09-13,69.17311096191406
2019-09-16,69.41236114501953
2019-09-17,69.54798889160156
2019-09-18,69.61180877685547
2019-09-19,69.6357192993164
2019-09-20,69.93885803222656
2019-09-23,70.01861572265625
2019-09-24,70.2818832397461
2019-09-25,69.9069595336914
2019-09-26,70.01861572265625
2019-09-27,70.06651306152344
2019-09-30,70.19408416748047
2019-10-01,70.30921173095703
2019-10-02,70.50910949707031
2019-10-03,70.7648696899414
2019-10-04,70.9327621459961
2019-10-07,70.72491455078125
2019-10-08,70.85282897949219
2019-10-09,70.61300659179688
2019-10-10,70.38916778564453
2019-10-11,70.08536529541016
2019-10-14,70.23725891113281
2019-10-15,69.98946380615234
2019-10-16,70.14131927490234
2019-10-17,70.10137176513672
2019-10-18,70.2052993774414
2019-10-21,69.98143768310547
2019-10-22,70.09339904785156
2019-10-23,70.12533569335938
2019-10-24,70.18130493164062
2019-10-25,70.077392578125
2019-10-28,69.8695297241211
2019-10-29,69.8615493774414
2019-10-30,70.08536529541016
2019-10-31,70.43716430664062
2019-11-01,70.39546203613281
2019-11-04,70.14707946777344
2019-11-05,69.85066986083984
2019-11-06,70.0188980102539
2019-11-07,69.65032958984375
2019-11-08,69.53014373779297
2019-11-11,69.56217193603516
2019-11-12,69.61827087402344
2019-11-13,69.78652954101562
2019-11-14,70.0188980102539
2019-11-15,70.01087951660156
2019-11-18,70.11503601074219
2019-11-19,70.13907623291016
2019-11-20,70.34741973876953
2019-11-21,70.16313171386719
2019-11-22,70.22722625732422
2019-11-25,70.26728057861328
2019-11-26,70.37944793701172
2019-11-27,70.29131317138672
2019-11-29,70.26728057861328
2019-12-02,70.0673599243164
2019-12-03,70.49292755126953
2019-12-04,70.37247467041016
2019-12-05,70.28410339355469
2019-12-06,70.1316146850586
2019-12-09,70.14762115478516
2019-12-10,70.10746765136719
2019-12-11,70.3082504272461
2019-12-12,69.96295166015625
2019-12-13,70.2600326538086
2019-12-16,70.11553192138672
2019-12-17,70.11553192138672
2019-12-18,69.98706817626953
2019-12-19,69.99507141113281
2019-12-20,70.0512924194336
2019-12-23,70.00860595703125
2019-12-24,70.07300567626953
2019-12-26,70.1776351928711
2019-12-27,70.27423858642578
2019-12-30,70.29029846191406
2019-12-31,70.19371032714844
2020-01-02,70.34664154052734
2020-01-03,70.67659759521484
2020-01-06,70.5317153930664
2020-01-07,70.48343658447266
2020-01-08,70.41104125976562
2020-01-09,70.48343658447266
2020-01-10,70.57195281982422
2020-01-13,70.53978729248047
2020-01-14,70.62026977539062
2020-01-15,70.7490234375
2020-01-16,70.69270324707031
2020-01-17,70.68464660644531
2020-01-21,70.86972045898438
2020-01-22,70.92607879638672
2020-01-23,71.04682159423828
2020-01-24,71.2077407836914
2020-01-27,71.46531677246094
2020-01-28,71.40094757080078
2020-01-29,71.59407043457031
2020-01-30,71.69863891601562
2020-01-31,71.95621490478516
2020-02-03,71.87310028076172
2020-02-04,71.60693359375
2020-02-05,71.45368957519531
2020-02-06,71.46979522705078
2020-02-07,71.7037124633789
2020-02-10,71.84893035888672
2020-02-11,71.71986389160156
2020-02-12,71.60693359375
2020-02-13,71.64728546142578
2020-02-14,71.75210571289062
2020-02-18,71.88119506835938
2020-02-19,71.8408432006836
2020-02-20,71.96995544433594
2020-02-21,72.21190643310547
2020-02-24,72.48616027832031
2020-02-25,72.63943481445312
2020-02-26,72.615234375
2020-02-27,72.66366577148438
2020-02-28,73.34127807617188
2020-03-02,73.25313568115234
2020-03-03,73.98054504394531
2020-03-04,74.05335235595703
2020-03-05,74.2796401977539
2020-03-06,74.53829956054688
2020-03-09,74.28775787353516
2020-03-10,73.38245391845703
2020-03-11,72.47718048095703
2020-03-12,71.22439575195312
2020-03-13,71.6285171508789
2020-03-16,72.21853637695312
2020-03-17,70.52120971679688
2020-03-18,68.8319320678711
2020-03-19,67.70843505859375
2020-03-20,68.41971588134766
2020-03-23,70.24641418457031
2020-03-24,70.09281921386719
2020-03-25,70.96572875976562
2020-03-26,71.27287292480469
2020-03-27,71.66893005371094
2020-03-30,72.00032043457031
2020-03-31,72.20236206054688
2020-04-01,72.14083099365234
2020-04-02,72.1732177734375
2020-04-03,72.15701293945312
2020-04-06,72.0760269165039
2020-04-07,72.28665161132812
2020-04-08,72.4972915649414
2020-04-09,73.39653015136719
2020-04-13,73.46941375732422
2020-04-14,73.4775390625
2020-04-15,73.93932342529297
2020-04-16,73.92305755615234
2020-04-17,73.89067077636719
2020-04-20,73.80965423583984
2020-04-21,73.78535461425781
2020-04-22,73.78535461425781
2020-04-23,73.86639404296875
2020-04-24,73.86639404296875
2020-04-27,73.615234375
2020-04-28,73.83393859863281
2020-04-29,74.03650665283203
2020-04-30,73.94739532470703
2020-05-01,73.84024810791016
2020-05-04,73.93762969970703
2020-05-05,73.95387268066406
2020-05-06,73.69413757324219
2020-05-07,73.93762969970703
2020-05-08,73.82398986816406
2020-05-11,73.65351867675781
2020-05-12,73.84838104248047
2020-05-13,73.96195983886719
2020-05-14,74.0674819946289
2020-05-15,74.10812377929688
2020-05-18,74.09186553955078
2020-05-19,74.22982025146484
2020-05-20,74.48149871826172
2020-05-21,74.49771881103516
2020-05-22,74.56263732910156
2020-05-26,74.67630767822266
2020-05-27,74.74122619628906
2020-05-28,74.74122619628906
2020-05-29,74.96846771240234
2020-06-01,75.10022735595703
2020-06-02,75.10022735595703
2020-06-03,74.83186340332031
2020-06-04,74.8074722290039
2020-06-05,74.69361114501953
2020-06-08,74.75867462158203
2020-06-09,74.87255096435547
2020-06-10,75.28730010986328
2020-06-11,75.14901733398438
2020-06-12,75.15718078613281
2020-06-15,75.53130340576172
2020-06-16,75.60448455810547
2020-06-17,75.57197570800781
2020-06-18,75.55574798583984
2020-06-19,75.59638977050781
2020-06-22,75.53130340576172
2020-06-23,75.55574798583984
2020-06-24,75.49878692626953
2020-06-25,75.5475845336914
2020-06-26,75.58824920654297
2020-06-29,75.76715087890625
2020-06-30,75.79156494140625
2020-07-01,75.84205627441406
2020-07-02,75.94799041748047
2020-07-06,75.96428680419922
2020-07-07,75.94799041748047
2020-07-08,75.97246551513672
2020-07-09,76.1109390258789
2020-07-10,76.00502014160156
2020-07-13,76.0132064819336
2020-07-14,76.12726593017578
2020-07-15,76.16798400878906
2020-07-16,76.20060729980469
2020-07-17,76.29838562011719
2020-07-20,76.3390884399414
2020-07-21,76.44503784179688
2020-07-22,76.51023864746094
2020-07-23,76.5672607421875
2020-07-24,76.47760772705078
2020-07-27,76.40430450439453
2020-07-28,76.45316314697266
2020-07-29,76.65689086914062
2020-07-30,76.68132019042969
2020-07-31,76.77909088134766
2020-08-03,76.82970428466797
2020-08-04,77.0011215209961
2020-08-05,76.90320587158203
2020-08-06,77.0338134765625
2020-08-07,76.87052917480469
2020-08-10,76.84602355957031
2020-08-11,76.57665252685547
2020-08-12,76.48686981201172
2020-08-13,76.24197387695312
2020-08-14,76.22566223144531
2020-08-17,76.3236312866211
2020-08-18,76.4705581665039
2020-08-19,76.34810638427734
2020-08-20,76.50321197509766
2020-08-21,76.5603256225586
2020-08-24,76.5113754272461
2020-08-25,76.35630798339844
2020-08-26,76.33179473876953
2020-08-27,76.20117950439453
2020-08-28,76.3072738647461
2020-08-31,76.44605255126953
2020-09-01,76.65707397460938
2020-09-02,76.71427154541016
2020-09-03,76.77970123291016
2020-09-04,76.41172790527344
2020-09-08,76.43626403808594
2020-09-09,76.46895599365234
2020-09-10,76.47711944580078
2020-09-11,76.58342742919922
2020-09-14,76.57527160644531
2020-09-15,76.59981536865234
2020-09-16,76.59981536865234
2020-09-17,76.59981536865234
2020-09-18,76.56707763671875
2020-09-21,76.56707763671875
2020-09-22,76.58342742919922
2020-09-23,76.42808532714844
2020-09-24,76.35448455810547
2020-09-25,76.38716888427734
2020-09-28,76.46895599365234
2020-09-29,76.54254913330078
2020-09-30,76.44439697265625
2020-10-01,76.49190521240234
2020-10-02,76.45917510986328
2020-10-05,76.19705200195312
2020-10-06,76.25438690185547
2020-10-07,76.21341705322266
2020-10-08,76.30351257324219
2020-10-09,76.36087036132812
2020-10-12,76.44278717041016
2020-10-13,76.48373413085938
2020-10-14,76.57386016845703
2020-10-15,76.44278717041016
2020-10-16,76.45917510986328
2020-10-19,76.33631896972656
2020-10-20,76.27896118164062
2020-10-21,76.19705200195312
2020-10-22,76.07418060302734
2020-10-23,76.16429901123047
2020-10-26,76.24617767333984
2020-10-27,76.39364624023438
2020-10-28,76.28714752197266
2020-10-29,76.09873962402344
2020-10-30,75.9267578125
2020-11-02,76.06050872802734
2020-11-03,75.94559478759766
2020-11-04,76.56103515625
2020-11-05,76.57743835449219
2020-11-06,76.4461669921875
2020-11-09,76.117919921875
2020-11-10,76.00303649902344
2020-11-11,76.02764892578125
2020-11-12,76.33129119873047
2020-11-13,76.33949279785156
2020-11-16,76.37230682373047
2020-11-17,76.51182556152344
2020-11-18,76.50360870361328
2020-11-19,76.58564758300781
2020-11-20,76.67594909667969
2020-11-23,76.57743835449219
2020-11-24,76.53642272949219
2020-11-25,76.5938720703125
2020-11-27,76.76617431640625
2020-11-30,76.82365417480469
2020-12-01,76.57212829589844
2020-12-02,76.48171997070312
2020-12-03,76.61320495605469
2020-12-04,76.46525573730469
2020-12-07,76.58033752441406
2020-12-08,76.61320495605469
2020-12-09,76.41594696044922
2020-12-10,76.60498809814453
2020-12-11,76.72008514404297
2020-12-14,76.75291442871094
2020-12-15,76.74473571777344
2020-12-16,76.72008514404297
2020-12-17,76.74473571777344
2020-12-18,76.7364730834961
2020-12-21,76.69540405273438
2020-12-22,76.81048583984375
2020-12-23,76.78971862792969
2020-12-24,76.86436462402344
2020-12-28,76.85608673095703
2020-12-29,76.947265625
2020-12-30,76.9804458618164
2020-12-31,76.9804458618164
2021-01-04,76.96388244628906
2021-01-05,76.85608673095703
2021-01-06,76.51615142822266
2021-01-07,76.4166488647461
2021-01-08,76.25917053222656
2021-01-11,76.10161590576172
2021-01-12,76.12647247314453
2021-01-13,76.35031127929688
2021-01-14,76.30059814453125
2021-01-15,76.35860443115234
2021-01-19,76.39181518554688
2021-01-20,76.40839385986328
2021-01-21,76.35860443115234
2021-01-22,76.35860443115234
2021-01-25,76.52445983886719
2021-01-26,76.55760955810547
2021-01-27,76.61563110351562
2021-01-28,76.4830093383789
2021-01-29,76.4166488647461
2021-02-01,76.47811126708984
2021-02-02,76.36185455322266
2021-02-03,76.29540252685547
2021-02-04,76.34523010253906
2021-02-05,76.2705078125
2021-02-08,76.26219940185547
2021-02-09,76.29540252685547
2021-02-10,76.43660736083984
2021-02-11,76.38678741455078
2021-02-12,76.19574737548828
2021-02-16,75.73902893066406
2021-02-17,75.87185668945312
2021-02-18,75.8386459350586
2021-02-19,75.56458282470703
2021-02-22,75.42342376708984
2021-02-23,75.49818420410156
2021-02-24,75.46495056152344
2021-02-25,74.4683609008789
2021-02-26,75.00821685791016
2021-03-01,75.09801483154297
2021-03-02,75.14794158935547
2021-03-03,74.78192901611328
2021-03-04,74.46590423583984
2021-03-05,74.3494644165039
2021-03-08,73.87535095214844
2021-03-09,74.2247085571289
2021-03-10,74.36608123779297
2021-03-11,74.40766143798828
2021-03-12,73.98346710205078
2021-03-15,74.05001068115234
2021-03-16,74.1165542602539
2021-03-17,74.1248779296875
2021-03-18,73.73397064208984
2021-03-19,73.70066833496094
2021-03-22,73.87535095214844
2021-03-23,74.1165542602539
2021-03-24,74.1248779296875
2021-03-25,74.17478942871094
2021-03-26,73.95852661132812
2021-03-29,73.80049133300781
2021-03-30,73.7922134399414
2021-03-31,73.80049133300781
2021-04-01,74.02705383300781
2021-04-05,73.80134582519531
2021-04-06,74.1106948852539
2021-04-07,74.13575744628906
2021-04-08,74.35314178466797
2021-04-09,74.23612213134766
2021-04-12,74.1776123046875
2021-04-13,74.42003631591797
2021-04-14,74.36152648925781
2021-04-15,74.71263885498047
2021-04-16,74.49527740478516
2021-04-19,74.43675231933594
2021-04-20,74.6207046508789
2021-04-21,74.66250610351562
2021-04-22,74.69593811035156
2021-04-23,74.64576721191406
2021-04-26,74.62905883789062
2021-04-27,74.42842102050781
2021-04-28,74.47856903076172
2021-04-29,74.44513702392578
2021-04-30,74.49527740478516
2021-05-03,74.5731430053711
2021-05-04,74.67363739013672
2021-05-05,74.7657470703125
2021-05-06,74.82438659667969
2021-05-07,74.89139556884766
2021-05-10,74.74901580810547
2021-05-11,74.65692901611328
2021-05-12,74.32195281982422
2021-05-13,74.56482696533203
2021-05-14,74.66527557373047
2021-05-17,74.64851379394531
2021-05-18,74.64013671875
2021-05-19,74.44757843017578
2021-05-20,74.71551513671875
2021-05-21,74.74066925048828
2021-05-24,74.78253173828125
2021-05-25,75.0421142578125
2021-05-26,74.94998931884766
2021-05-27,74.85787963867188
2021-05-28,74.90813446044922
2021-06-01,74.90644836425781
2021-06-02,75.0071029663086
2021-06-03,74.76385498046875
2021-06-04,75.11616516113281
2021-06-07,75.06584930419922
2021-06-08,75.25877380371094
2021-06-09,75.42652130126953
2021-06-10,75.61945343017578
2021-06-11,75.59430694580078
2021-06-14,75.39295959472656
2021-06-15,75.43489837646484
2021-06-16,74.95679473876953
2021-06-17,75.16649627685547
2021-06-18,75.43489837646484
2021-06-21,75.25040435791016
2021-06-22,75.376220703125
2021-06-23,75.25877380371094
2021-06-24,75.3091049194336
2021-06-25,75.19168090820312
2021-06-28,75.35102844238281
2021-06-29,75.44331359863281
2021-06-30,75.46005249023438
2021-07-01,75.43569946289062
2021-07-02,75.6289291381836
2021-07-06,75.9229965209961
2021-07-07,76.09101867675781
2021-07-08,76.2254409790039
2021-07-09,75.97344207763672
2021-07-12,75.89781188964844
2021-07-13,75.69615936279297
2021-07-14,75.96498107910156
2021-07-15,76.13301086425781
2021-07-16,76.13301086425781
2021-07-19,76.57830047607422
2021-07-20,76.51109313964844
2021-07-21,76.25066375732422
2021-07-22,76.41866302490234
2021-07-23,76.36824798583984
2021-07-26,76.32627868652344
2021-07-27,76.51109313964844
2021-07-28,76.59510040283203
2021-07-29,76.43547058105469
2021-07-30,76.55310821533203
2021-08-02,76.81817626953125
2021-08-03,76.84339904785156
2021-08-04,76.78453063964844
2021-08-05,76.56575012207031
2021-08-06,76.21232604980469
2021-08-09,76.06082916259766
2021-08-10,75.93460845947266
2021-08-11,76.02714538574219
2021-08-12,76.0019302368164
2021-08-13,76.28804779052734
2021-08-16,76.43106842041016
2021-08-17,76.35533905029297
2021-08-18,76.27963256835938
2021-08-19,76.41425323486328
2021-08-20,76.33850860595703
2021-08-23,76.41425323486328
2021-08-24,76.25438690185547
2021-08-25,76.06925964355469
2021-08-26,76.05241394042969
2021-08-27,76.28804779052734
2021-08-30,76.3890151977539
2021-08-31,76.35533905029297
2021-09-01,76.33260345458984
2021-09-02,76.42532348632812
2021-09-03,76.33260345458984
2021-09-07,76.06288146972656
2021-09-08,76.23146057128906
2021-09-09,76.4000473022461
2021-09-10,76.2735824584961
2021-09-13,76.29887390136719
2021-09-14,76.48432159423828
2021-09-15,76.41685485839844
2021-09-16,76.23146057128906
2021-09-17,76.08818817138672
2021-09-20,76.30731964111328
2021-09-21,76.29044342041016
2021-09-22,76.31571197509766
2021-09-23,75.88591766357422
2021-09-24,75.74263763427734
2021-09-27,75.59937286376953
2021-09-28,75.35493469238281
2021-09-29,75.36338806152344
2021-09-30,75.38021087646484
2021-10-01,75.68244171142578
2021-10-04,75.62333679199219
2021-10-05,75.46295166015625
2021-10-06,75.4376220703125
2021-10-07,75.18440246582031
2021-10-08,75.03245544433594
2021-10-11,74.86365509033203
2021-10-12,75.11687469482422
2021-10-13,75.20973205566406
2021-10-14,75.37854766845703
2021-10-15,75.10842895507812
2021-10-18,74.9649658203125
2021-10-19,74.7707748413086
2021-10-20,74.74546813964844
2021-10-21,74.56819152832031
2021-10-22,74.68636322021484
2021-10-25,74.78765869140625
2021-10-26,74.88898468017578
2021-10-27,75.11687469482422
2021-10-28,74.99871063232422
2021-10-29,74.99024200439453
2021-11-01,74.95729064941406
2021-11-02,75.1517333984375
2021-11-03,75.05028533935547
2021-11-04,75.30391693115234
2021-11-05,75.65900421142578
2021-11-08,75.3800048828125
2021-11-09,75.59136199951172
2021-11-10,75.02493286132812
2021-11-11,74.79664611816406
2021-11-12,74.95729064941406
2021-11-15,74.66138458251953
2021-11-16,74.61064910888672
2021-11-17,74.81353759765625
2021-11-18,74.85582733154297
2021-11-19,74.99954986572266
2021-11-22,74.526123046875
2021-11-23,74.26402282714844
2021-11-24,74.36543273925781
2021-11-26,75.02493286132812
2021-11-29,74.97419738769531
2021-11-30,75.23628234863281
2021-12-01,75.29386901855469
2021-12-02,75.19225311279297
2021-12-03,75.53096008300781
2021-12-06,75.30233764648438
2021-12-07,75.14147186279297
2021-12-08,74.95515441894531
2021-12-09,75.06524658203125
2021-12-10,75.0821762084961
2021-12-13,75.37008666992188
2021-12-14,75.2260971069336
2021-12-15,75.15837860107422
2021-12-16,75.42935943603516
2021-12-17,75.46324157714844
2021-12-20,75.44628143310547
2021-12-21,75.23460388183594
2021-12-22,75.30233764648438
2021-12-23,75.21660614013672
2021-12-27,75.2765884399414
2021-12-28,75.29376220703125
2021-12-29,75.0365219116211
2021-12-30,75.2080078125
2021-12-31,75.1308364868164
2022-01-03,74.65065002441406
2022-01-04,74.64208984375
2022-01-05,74.34196472167969
2022-01-06,74.1533203125
2022-01-07,73.92182159423828
2022-01-10,73.8617935180664
2022-01-11,74.02471923828125
2022-01-12,74.05901336669922
2022-01-13,74.20478057861328
2022-01-14,73.77603149414062
2022-01-18,73.31301879882812
2022-01-19,73.44163513183594
2022-01-20,73.45877838134766
2022-01-21,73.7931900024414
2022-01-24,73.74174499511719
2022-01-25,73.6903305053711
2022-01-26,73.24443817138672
2022-01-27,73.37306213378906
2022-01-28,73.48451232910156
2022-01-31,73.54452514648438
2022-02-01,73.52647399902344
2022-02-02,73.56945037841797
2022-02-03,73.28604125976562
2022-02-04,72.79649353027344
2022-02-07,72.85657501220703
2022-02-08,72.62470245361328
2022-02-09,72.71055603027344
2022-02-10,72.04072570800781
2022-02-11,72.59034729003906
2022-02-14,72.22962951660156
2022-02-15,72.06644439697266
2022-02-16,72.17807006835938
2022-02-17,72.3756332397461
2022-02-18,72.50448608398438
2022-02-22,72.44432067871094
2022-02-23,72.13516235351562
2022-02-24,72.28118133544922
2022-02-25,72.31548309326172
2022-02-28,72.90813446044922
2022-03-01,73.4293441772461
2022-03-02,72.59503936767578
2022-03-03,72.78425598144531
2022-03-04,73.1971206665039
2022-03-07,72.77562713623047
2022-03-08,72.38862609863281
2022-03-09,72.10478210449219
2022-03-10,71.7693099975586
2022-03-11,71.69190216064453
2022-03-14,70.96080017089844
2022-03-15,71.02099609375
2022-03-16,71.01240539550781
2022-03-17,71.08979797363281
2022-03-18,71.2790298461914
2022-03-21,70.47051239013672
2022-03-22,70.20388793945312
2022-03-23,70.44474029541016
2022-03-24,70.30709075927734
2022-03-25,69.69638061523438
2022-03-28,69.80821228027344
2022-03-29,70.21249389648438
2022-03-30,70.35005950927734
2022-03-31,70.44474029541016
2022-04-01,70.10511016845703
2022-04-04,70.19132232666016
2022-04-05,69.45868682861328
2022-04-06,69.26051330566406
2022-04-07,69.11396789550781
2022-04-08,68.76922607421875
2022-04-11,68.4502944946289
2022-04-12,68.78644561767578
2022-04-13,68.94158935546875
2022-04-14,68.39859771728516
2022-04-18,68.25209045410156
2022-04-19,67.76945495605469
2022-04-20,68.18311309814453
2022-04-21,67.6918716430664
2022-04-22,67.77803039550781
2022-04-25,68.10556030273438
2022-04-26,68.39859771728516
2022-04-27,68.09693908691406
2022-04-28,67.9762954711914
2022-04-29,67.68324279785156
2022-05-02,67.28435516357422
2022-05-03,67.37068176269531
2022-05-04,67.84555053710938
2022-05-05,67.25847625732422
2022-05-06,66.99079895019531
2022-05-09,67.32754516601562
2022-05-10,67.44841766357422
2022-05-11,67.6815185546875
2022-05-12,67.83692932128906
2022-05-13,67.60379791259766
2022-05-16,67.82831573486328
2022-05-17,67.42249298095703
2022-05-18,67.6124496459961
2022-05-19,67.90601348876953
2022-05-20,68.12184143066406
2022-05-23,67.83692932128906
2022-05-24,68.23412322998047
2022-05-25,68.56218719482422
2022-05-26,68.6657943725586
2022-05-27,68.76073455810547
2022-05-31,68.25133514404297
2022-06-01,67.88286590576172
2022-06-02,68.06454467773438
2022-06-03,67.84830474853516
2022-06-06,67.51960754394531
2022-06-07,67.70124053955078
2022-06-08,67.49364471435547
2022-06-09,67.31200408935547
2022-06-10,66.6805648803711
2022-06-13,65.56475830078125
2022-06-14,65.19283294677734
2022-06-15,65.9540023803711
2022-06-16,66.22211456298828
2022-06-17,66.21349334716797
2022-06-21,65.91941833496094
2022-06-22,66.48162841796875
2022-06-23,66.85355377197266
2022-06-24,66.75843811035156
2022-06-27,66.3951187133789
2022-06-28,66.3951187133789
2022-06-29,66.81031799316406
2022-06-30,67.16496276855469
2022-07-01,67.87726593017578
2022-07-05,68.03325653076172
2022-07-06,67.55663299560547
2022-07-07,67.36600494384766
2022-07-08,67.03668975830078
2022-07-11,67.38335418701172
2022-07-12,67.29669952392578
2022-07-13,67.6952896118164
2022-07-14,67.32266998291016
2022-07-15,67.66062927246094
2022-07-18,67.4353256225586
2022-07-19,67.33133697509766
2022-07-20,67.24469757080078
2022-07-21,67.91195678710938
2022-07-22,68.50985717773438
2022-07-25,68.29319763183594
2022-07-26,68.28455352783203
2022-07-27,68.54448699951172
2022-07-28,69.09044647216797
2022-07-29,69.21176147460938
2022-08-01,69.392333984375
2022-08-02,68.56758117675781
2022-08-03,68.89747619628906
2022-08-04,69.20133209228516
2022-08-05,68.40264129638672
2022-08-08,68.64572143554688
2022-08-09,68.46339416503906
2022-08-10,68.68912506103516
2022-08-11,68.36790466308594
2022-08-12,68.66307830810547
2022-08-15,68.83671569824219
2022-08-16,68.69783020019531
2022-08-17,68.24635314941406
2022-08-18,68.31583404541016
2022-08-19,67.9251480102539
2022-08-22,67.59526062011719
2022-08-23,67.51708221435547
2022-08-24,67.34349822998047
2022-08-25,67.76886749267578
2022-08-26,67.54316711425781
2022-08-29,67.15247344970703
2022-08-30,67.16117095947266
2022-08-31,66.79654693603516
2022-09-01,66.48165893554688
2022-09-02,66.6904067993164
2022-09-06,66.12499237060547
2022-09-07,66.54252624511719
2022-09-08,66.4207763671875
2022-09-09,66.41205596923828
2022-09-12,66.31636047363281
2022-09-13,65.9423599243164
2022-09-14,65.9336166381836
2022-09-15,65.69878387451172
2022-09-16,65.7596435546875
2022-09-19,65.68138122558594
2022-09-20,65.2986831665039
2022-09-21,65.4030532836914
2022-09-22,64.61149597167969
2022-09-23,64.60282897949219
2022-09-26,63.68077087402344
2022-09-27,63.254547119140625
2022-09-28,64.42013549804688
2022-09-29,64.04612731933594
2022-09-30,63.915645599365234
2022-10-03,64.61988067626953
2022-10-04,64.83781433105469
2022-10-05,64.41068267822266
2022-10-06,64.11434936523438
2022-10-07,63.76569747924805
2022-10-10,63.443241119384766
2022-10-11,63.486778259277344
2022-10-12,63.565242767333984
2022-10-13,63.469383239746094
2022-10-14,63.05973815917969
2022-10-17,63.26020050048828
2022-10-18,63.42579650878906
2022-10-19,62.789546966552734
2022-10-20,62.440887451171875
2022-10-21,62.71980667114258
2022-10-24,62.7110710144043
2022-10-25,63.26890182495117
2022-10-26,63.504249572753906
2022-10-27,63.817996978759766
2022-10-28,63.695987701416016
2022-10-31,63.46067428588867
2022-11-01,63.51396179199219
2022-11-02,63.37416458129883
2022-11-03,63.15579605102539
2022-11-04,63.225685119628906
2022-11-07,63.05097198486328
2022-11-08,63.32173538208008
2022-11-09,63.47026062011719
2022-11-10,64.85917663574219
2022-11-11,64.84168243408203
2022-11-14,64.64952087402344
2022-11-15,65.12995910644531
2022-11-16,65.49681854248047
2022-11-17,65.1474380493164
2022-11-18,64.98148345947266
2022-11-21,64.91157531738281
2022-11-22,65.23479461669922
2022-11-23,65.50558471679688
2022-11-25,65.49681854248047
2022-11-28,65.47064971923828
2022-11-29,65.25225830078125
2022-11-30,65.79383850097656
2022-12-01,66.4074935913086
2022-12-02,66.5650634765625
2022-12-05,66.04854583740234
2022-12-06,66.28492736816406
2022-12-07,66.78392028808594
2022-12-08,66.4950180053711
2022-12-09,66.18865203857422
2022-12-12,66.0835952758789
2022-12-13,66.60006713867188
2022-12-14,66.74014282226562
2022-12-15,66.8101577758789
2022-12-16,66.71387481689453
2022-12-19,66.29369354248047
2022-12-20,65.84723663330078
2022-12-21,65.99604034423828
2022-12-22,65.99604034423828
2022-12-23,65.7960205078125
2022-12-27,65.2958984375
2022-12-28,65.16427612304688
2022-12-29,65.45380401611328
2022-12-30,65.20816040039062
2023-01-03,65.55032348632812
2023-01-04,65.9276351928711
2023-01-05,65.83108520507812
2023-01-06,66.59444427490234
2023-01-09,66.78746795654297
2023-01-10,66.54180145263672
2023-01-11,66.89274597167969
2023-01-12,67.427978515625
2023-01-13,67.1910629272461
2023-01-17,67.10334014892578
2023-01-18,67.79647064208984
2023-01-19,67.68241119384766
2023-01-20,67.34902954101562
2023-01-23,67.2085952758789
2023-01-24,67.4805908203125
2023-01-25,67.52447509765625
2023-01-26,67.41044616699219
2023-01-27,67.27001953125
2023-01-30,67.09457397460938
2023-01-31,67.419189453125
2023-02-01,67.92485046386719
2023-02-02,67.98640441894531
2023-02-03,67.36201477050781
2023-02-06,66.75524139404297
2023-02-07,66.6849136352539
2023-02-08,66.7992172241211
2023-02-09,66.54420471191406
2023-02-10,66.27156066894531
2023-02-13,66.39470672607422
2023-02-14,66.11327362060547
2023-02-15,65.94620513916016
2023-02-16,65.76152801513672
2023-02-17,65.90223693847656
2023-02-21,65.26905059814453
2023-02-22,65.33940124511719
2023-02-23,65.6120376586914
2023-02-24,65.28665924072266
2023-02-27,65.4097671508789
2023-02-28,65.4097671508789
2023-03-01,64.9981918334961
2023-03-02,64.83955383300781
2023-03-03,65.306640625
2023-03-06,65.2449722290039
2023-03-07,65.13038635253906
2023-03-08,65.04222869873047
2023-03-09,65.36831665039062
2023-03-10,66.31137084960938
2023-03-13,66.85779571533203
2023-03-14,66.46118927001953
2023-03-15,67.23675537109375
2023-03-16,66.87541961669922
2023-03-17,67.41304016113281
2023-03-20,67.13101959228516
2023-03-21,66.7784652709961
2023-03-22,67.4482650756836
2023-03-23,67.88009643554688
2023-03-24,68.0387954711914
2023-03-27,67.28082275390625
2023-03-28,67.14864349365234
2023-03-29,67.13101959228516
2023-03-30,67.25438690185547
2023-03-31,67.63336181640625
2023-04-03,67.96733093261719
2023-04-04,68.26768493652344
2023-04-05,68.42674255371094
2023-04-06,68.44441223144531
2023-04-10,67.99382781982422
2023-04-11,67.90547180175781
2023-04-12,68.0291748046875
2023-04-13,68.0291748046875
2023-04-14,67.73760986328125
2023-04-17,67.39305114746094
2023-04-18,67.44605255126953
2023-04-19,67.27821350097656
2023-04-20,67.5609130859375
2023-04-21,67.47257995605469
2023-04-24,67.79945373535156
2023-04-25,68.32070922851562
2023-04-26,68.0291748046875
2023-04-27,67.66690063476562
2023-04-28,68.15284729003906
2023-05-01,67.42046356201172
2023-05-02,68.1466293334961
2023-05-03,68.45661926269531
2023-05-04,68.52745056152344
2023-05-05,68.18208312988281
2023-05-08,67.81011199951172
2023-05-09,67.73928833007812
2023-05-10,68.23521423339844
2023-05-11,68.35033416748047
2023-05-12,68.01383209228516
2023-05-15,67.87211608886719
2023-05-16,67.67728424072266
2023-05-17,67.55330657958984
2023-05-18,67.22563171386719
2023-05-19,67.02194213867188
2023-05-22,66.97765350341797
2023-05-23,67.03966522216797
2023-05-24,66.90681457519531
2023-05-25,66.53486633300781
2023-05-26,66.64114379882812
2023-05-30,67.07505798339844
2023-05-31,67.30532836914062
2023-06-01,67.50333404541016
2023-06-02,67.10380554199219
2023-06-05,67.05052947998047
2023-06-06,67.07715606689453
2023-06-07,66.6421127319336
2023-06-08,66.99727630615234
2023-06-09,66.80194091796875
2023-06-12,66.94397735595703
2023-06-13,66.5533218383789
2023-06-14,66.6421127319336
2023-06-15,67.1126708984375
2023-06-16,66.88184356689453
2023-06-20,67.0150146484375
2023-06-21,67.05052947998047
2023-06-22,66.78417205810547
2023-06-23,66.96170806884766
2023-06-26,67.06828308105469
2023-06-27,66.89959716796875
2023-06-28,67.14817810058594
2023-06-29,66.65100860595703
2023-06-30,66.79305267333984
2023-07-03,66.5811996459961
2023-07-05,66.31416320800781
2023-07-06,65.77117156982422
2023-07-07,65.77117156982422
2023-07-10,66.10942077636719
2023-07-11,66.23405456542969
2023-07-12,66.821533203125
2023-07-13,67.31108093261719
2023-07-14,66.98173522949219
2023-07-17,67.04405212402344
2023-07-18,67.1419677734375
2023-07-19,67.35562133789062
2023-07-20,66.92832946777344
2023-07-21,66.99064636230469
2023-07-24,66.84823608398438
2023-07-25,66.75920867919922
2023-07-26,66.98173522949219
2023-07-27,66.40318298339844
2023-07-28,66.62570190429688
2023-07-31,66.75032806396484
2023-08-01,66.40492248535156
2023-08-02,66.24423217773438
2023-08-03,65.88722229003906
2023-08-04,66.47632598876953
2023-08-07,66.36920928955078
2023-08-08,66.6280517578125
2023-08-09,66.65482330322266
2023-08-10,66.24423217773438
2023-08-11,65.94972229003906
2023-08-14,65.85153198242188
2023-08-15,65.7176513671875
2023-08-16,65.49453735351562
2023-08-17,65.40526580810547
2023-08-18,65.61056518554688
2023-08-21,65.27137756347656
2023-08-22,65.30709075927734
2023-08-23,65.90508270263672
2023-08-24,65.75335693359375
2023-08-25,65.69087982177734
2023-08-28,65.84259033203125
2023-08-29,66.31565856933594
2023-08-30,66.28887176513672
2023-08-31,66.39598846435547
2023-09-01,66.11582946777344
2023-09-05,65.77571868896484
2023-09-06,65.59673309326172
2023-09-07,65.80256652832031
2023-09-08,65.78467559814453
2023-09-11,65.71306610107422
2023-09-12,65.73098754882812
2023-09-13,65.8294448852539
2023-09-14,65.7578353881836
2023-09-15,65.60569763183594
2023-09-18,65.63251495361328
2023-09-19,65.4535140991211
2023-09-20,65.38192749023438
2023-09-21,65.01496124267578
2023-09-22,65.23871612548828
2023-09-25,64.8807144165039
2023-09-26,64.82698822021484
2023-09-27,64.54059600830078
2023-09-28,64.69275665283203
2023-09-29,64.71958923339844
2023-10-02,64.25823211669922
2023-10-03,63.82737731933594
2023-10-04,64.18644714355469
2023-10-05,64.2672119140625
2023-10-06,63.971004486083984
2023-10-09,64.69806671142578
2023-10-10,64.64420318603516
2023-10-11,64.86858367919922
2023-10-12,64.37493133544922
2023-10-13,64.67111206054688
2023-10-16,64.35698699951172
2023-10-17,63.80048751831055
2023-10-18,63.504249572753906
2023-10-19,63.270877838134766
2023-10-20,63.5940055847168
2023-10-23,63.86328125
2023-10-24,63.971004486083984
2023-10-25,63.54912567138672
2023-10-26,63.93511962890625
2023-10-27,63.962032318115234
2023-10-30,63.77353286743164
2023-10-31,63.74660110473633
2023-11-01,64.40923309326172
2023-11-02,64.79639434814453
2023-11-03,65.26456451416016
2023-11-06,64.89541625976562
2023-11-07,65.1925277709961
2023-11-08,65.41761779785156
2023-11-09,64.88639831542969
2023-11-10,65.0124740600586
2023-11-13,65.00347137451172
2023-11-14,65.88578796386719
2023-11-15,65.53465270996094
2023-11-16,65.95780944824219
2023-11-17,66.0118179321289
2023-11-20,66.12885284423828
2023-11-21,66.18289947509766
2023-11-22,66.22791290283203
2023-11-24,65.95780944824219
2023-11-27,66.39896392822266
2023-11-28,66.67807006835938
2023-11-29,67.002197265625
2023-11-30,66.72307586669922
2023-12-01,67.31269836425781
2023-12-04,67.05083465576172
2023-12-05,67.42103576660156
2023-12-06,67.60163116455078
2023-12-07,67.59258270263672
2023-12-08,67.2494888305664
2023-12-11,67.23145294189453
2023-12-12,67.43006896972656
2023-12-13,68.33299255371094
2023-12-14,68.84764862060547
2023-12-15,68.78446197509766
2023-12-18,68.65804290771484
2023-12-19,68.73929595947266
2023-12-20,69.02823638916016
2023-12-21,68.97404479980469
2023-12-22,68.98765563964844
2023-12-26,69.00574493408203
2023-12-27,69.49476623535156
2023-12-28,69.2774429321289
2023-12-29,69.16876220703125
2024-01-02,68.86993408203125
2024-01-03,68.91516876220703
2024-01-04,68.61637115478516
2024-01-05,68.38996887207031
2024-01-08,68.63447570800781
2024-01-09,68.66163635253906
2024-01-10,68.58013153076172
2024-01-11,68.95144653320312
2024-01-12,69.15970611572266
2024-01-16,68.67069244384766
2024-01-17,68.41712188720703
2024-01-18,68.34467315673828
2024-01-19,68.39899444580078
2024-01-22,68.5076904296875
2024-01-23,68.38996887207031
2024-01-24,68.24504852294922
2024-01-25,68.5529556274414
2024-01-26,68.43524932861328
2024-01-29,68.77032470703125
2024-01-30,68.78840637207031
2024-01-31,69.19593048095703
2024-02-01,69.58284759521484
2024-02-02,68.90164184570312
2024-02-05,68.356689453125
2024-02-06,68.68365478515625
2024-02-07,68.57466888427734
2024-02-08,68.356689453125
2024-02-09,68.265869140625
2024-02-12,68.34760284423828
2024-02-13,67.67546844482422
2024-02-14,67.91161346435547
2024-02-15,68.12054443359375
2024-02-16,67.86619567871094
2024-02-20,68.04788208007812
2024-02-21,67.84805297851562
2024-02-22,67.84805297851562
2024-02-23,68.05693817138672
2024-02-26,67.93887329101562
2024-02-27,67.82080841064453
2024-02-28,67.97521209716797
2024-02-29,68.08419799804688
2024-03-01,68.4039077758789
2024-03-04,68.25817108154297
2024-03-05,68.55876159667969
2024-03-06,68.7044677734375
2024-03-07,68.8684310913086
2024-03-08,68.93219757080078
2024-03-11,68.88662719726562
2024-03-12,68.66806030273438
2024-03-13,68.53142547607422
2024-03-14,68.1397476196289
2024-03-15,68.05776977539062
2024-03-18,67.98491668701172
2024-03-19,68.1579818725586
2024-03-20,68.32194519042969
2024-03-21,68.36744689941406
2024-03-22,68.62250518798828
2024-03-25,68.47677612304688
2024-03-26,68.49498748779297
2024-03-27,68.75910949707031
2024-03-28,68.67716217041016
2024-04-01,68.1965560913086
2024-04-02,68.12346649169922
2024-04-03,68.18742370605469
2024-04-04,68.3427505493164
2024-04-05,68.0320816040039
2024-04-08,67.8950424194336
2024-04-09,68.14173889160156
2024-04-10,67.31941986083984
2024-04-11,67.23719787597656
2024-04-12,67.44733428955078
2024-04-15,67.00878143310547
2024-04-16,66.81690979003906
2024-04-17,67.13671875
2024-04-18,66.9631118774414
2024-04-19,67.03620147705078
2024-04-22,67.0818862915039
2024-04-23,67.22805786132812
2024-04-24,67.05445098876953
2024-04-25,66.86259460449219
2024-04-26,67.00878143310547
2024-04-29,67.23719787597656
2024-04-30,66.94481658935547
2024-05-01,67.19961547851562
2024-05-02,67.55705261230469
2024-05-03,67.90533447265625
2024-05-06,67.99700927734375
2024-05-07,68.0519790649414
2024-05-08,67.91451263427734
2024-05-09,68.03368377685547
2024-05-10,67.8595199584961
2024-05-13,67.91451263427734
2024-05-14,68.07029724121094
2024-05-15,68.56524658203125
2024-05-16,68.45526885986328
2024-05-17,68.32695007324219
2024-05-20,68.25364685058594
2024-05-21,68.36361694335938
2024-05-22,68.2719497680664
2024-05-23,68.0519790649414
2024-05-24,68.15281677246094
2024-05-28,67.85035705566406
2024-05-29,67.58456420898438
2024-05-30,67.86869812011719
2024-05-31,68.18946838378906
2024-06-03,68.54621887207031
2024-06-04,68.8220443725586
2024-06-05,69.02433013916016
2024-06-06,69.0151596069336
2024-06-07,68.43589782714844
2024-06-10,68.31636047363281
2024-06-11,68.57380676269531
2024-06-12,68.92321014404297
2024-06-13,69.28179931640625
2024-06-14,69.35533142089844
2024-06-17,69.10710906982422
2024-06-18,69.33696746826172
2024-06-20,69.19904327392578
2024-06-21,69.24500274658203
2024-06-24,69.25421142578125
2024-06-25,69.2726058959961
2024-06-26,68.97835540771484
2024-06-27,69.10710906982422
2024-06-28,68.85882568359375
2024-07-01,68.49359893798828
2024-07-02,68.73340606689453
2024-07-03,69.1576919555664
2024-07-05,69.46205139160156
2024-07-08,69.47130584716797
2024-07-09,69.40670776367188
2024-07-10,69.46205139160156
2024-07-11,69.84944915771484
2024-07-12,69.99700927734375
2024-07-15,69.80333709716797
2024-07-16,70.0708236694336
2024-07-17,70.1169204711914
2024-07-18,69.94169616699219
2024-07-19,69.76642608642578
2024-07-22,69.74796295166016
2024-07-23,69.76642608642578
2024-07-24,69.60962677001953
2024-07-25,69.74796295166016
2024-07-26,70.05236053466797
2024-07-29,70.15382385253906
2024-07-30,70.23683166503906
2024-07-31,70.66112518310547
2024-08-01,70.9498062133789
2024-08-02,71.76403045654297
2024-08-05,71.71778869628906
2024-08-06,71.28289794921875
2024-08-07,71.04235076904297
2024-08-08,70.9498062133789
2024-08-09,71.19961547851562
2024-08-12,71.35691833496094
2024-08-13,71.6622543334961
2024-08-14,71.76403045654297
2024-08-15,71.43092346191406
2024-08-16,71.5789794921875
2024-08-19,71.64375305175781
2024-08-20,71.85655975341797
2024-08-21,72.04161834716797
2024-08-22,71.77330017089844
2024-08-23,72.10636901855469
2024-08-26,72.01386260986328
2024-08-27,72.02313232421875
2024-08-28,71.95834350585938
2024-08-29,71.8935775756836
2024-08-30,71.71778869628906
2024-09-03,72.01756286621094
2024-09-04,72.39813232421875
2024-09-05,72.57447814941406
2024-09-06,72.63016510009766
2024-09-09,72.74156951904297
2024-09-10,72.95503234863281
2024-09-11,72.95503234863281
2024-09-12,72.88079071044922
2024-09-13,73.02928161621094
2024-09-16,73.17779541015625
2024-09-17,73.0757064819336
2024-09-18,72.85295104980469
2024-09-19,72.90864562988281
2024-09-20,72.90864562988281
2024-09-23,72.82510375976562
2024-09-24,72.95503234863281
2024-09-25,72.69514465332031
2024-09-26,72.63945770263672
2024-09-27,72.91790008544922
2024-09-30,72.74156951904297
2024-10-01,72.9612808227539
2024-10-02,72.84021759033203
2024-10-03,72.52371978759766
2024-10-04,71.96511840820312
2024-10-07,71.69513702392578
2024-10-08,71.79753875732422
2024-10-09,71.59273529052734
2024-10-10,71.5740966796875
2024-10-11,71.62064361572266
2024-10-14,71.536865234375
2024-10-15,71.81615447998047
2024-10-16,71.9185562133789
2024-10-17,71.6113510131836
2024-10-18,71.64859008789062
2024-10-21,71.19239807128906
2024-10-22,71.13655090332031
2024-10-23,70.97828674316406
2024-10-24,71.09928131103516
2024-10-25,70.97828674316406
2024-10-28,70.84793090820312
2024-10-29,70.90380096435547
2024-10-30,70.76415252685547
2024-10-31,70.6617431640625
2024-11-01,70.37873840332031
2024-11-04,70.71498107910156
2024-11-05,70.78970336914062
2024-11-06,70.23863220214844
2024-11-07,70.79902648925781
2024-11-08,70.87376403808594
2024-11-11,70.72429656982422
2024-11-12,70.3133544921875
2024-11-13,70.27598571777344
2024-11-14,70.21060943603516
2024-11-15,70.30401611328125
2024-11-18,70.4254379272461
2024-11-19,70.53751373291016
2024-11-20,70.43476104736328
2024-11-21,70.3880844116211
2024-11-22,70.43476104736328
2024-11-25,71.06990814208984
2024-11-26,70.94847106933594
2024-11-27,71.18199157714844
2024-11-29,71.43418884277344
2024-12-02,71.453857421875
2024-12-03,71.32269287109375
2024-12-04,71.54756927490234
2024-12-05,71.54756927490234
2024-12-06,71.7536849975586
2024-12-09,71.58503723144531
2024-12-10,71.4819564819336
2024-12-11,71.35078430175781
2024-12-12,71.1165542602539
2024-12-13,70.83546447753906
2024-12-16,70.8635482788086
2024-12-17,70.85419464111328
2024-12-18,70.27326965332031
2024-12-19,70.02027130126953
2024-12-20,70.24515533447266
2024-12-23,70.02964782714844
2024-12-24,70.08888244628906
2024-12-26,70.2016830444336
2024-12-27,70.04188537597656
2024-12-30,70.35211944580078
2024-12-31,70.25811004638672
2025-01-02,70.28630065917969
2025-01-03,70.18290710449219
2025-01-06,70.09827423095703
2025-01-07,69.85382843017578
2025-01-08,69.96666717529297
2025-01-10,69.49657440185547
2025-01-13,69.36495208740234
2025-01-14,69.42135620117188
2025-01-15,70.04188537597656
2025-01-16,70.25811004638672
2025-01-17,70.22990417480469
2025-01-21,70.4649429321289
2025-01-22,70.28630065917969
2025-01-23,70.19232177734375
2025-01-24,70.31451416015625
2025-01-27,70.70938873291016
2025-01-28,70.73760223388672
2025-01-29,70.66239166259766
2025-01-30,70.77519226074219
2025-01-31,70.6905746459961
2025-02-03,70.70283508300781
2025-02-04,70.84435272216797
2025-02-05,71.17449951171875
2025-02-06,71.09906005859375
2025-02-07,70.86320495605469
2025-02-10,70.89149475097656
2025-02-11,70.75945281982422
2025-02-12,70.39153289794922
2025-02-13,70.77831268310547
2025-02-14,71.0518798828125
2025-02-18,70.77831268310547
2025-02-19,70.8726577758789
2025-02-20,71.01414489746094
2025-02-21,71.30657958984375
2025-02-24,71.42921447753906
2025-02-25,71.88201141357422
2025-02-26,72.01407623291016
2025-02-27,71.9386215209961
2025-02-28,72.2499008178711
2025-03-03,72.45145416259766
2025-03-04,72.31898498535156
2025-03-05,72.03510284423828
2025-03-06,71.94996643066406
2025-03-07,71.88371276855469
2025-03-10,72.23381805419922
2025-03-11,71.97835540771484
2025-03-12,71.78910064697266
2025-03-13,71.99726104736328
2025-03-14,71.82696533203125
2025-03-17,71.89319610595703
2025-03-18,72.00672149658203
2025-03-19,72.23381805419922
2025-03-20,72.29061126708984
2025-03-21,72.27166748046875
2025-03-24,71.9310302734375
2025-03-25,72.0445785522461
2025-03-26,71.90264129638672
2025-03-27,71.88371276855469
2025-03-28,72.30005645751953
2025-03-31,72.45145416259766
2025-04-01,72.66128540039062
2025-04-02,72.64229583740234
2025-04-03,73.1550064086914
2025-04-04,73.22145080566406
2025-04-07,72.39543914794922
2025-04-08,71.9491958618164
2025-04-09,72.03466033935547
2025-04-10,71.52194213867188
2025-04-11,71.256103515625
2025-04-14,71.7308120727539
2025-04-15,71.97767639160156
2025-04-16,72.30998992919922
2025-04-17,72.15806579589844
2025-04-21,71.81627655029297
2025-04-22,71.87324523925781
2025-04-23,71.9491958618164
2025-04-24,72.40493774414062
2025-04-25,72.67078399658203
2025-04-28,72.88914489746094
2025-04-29,73.06953430175781
2025-04-30,73.12651062011719
2025-05-01,72.8721694946289
2025-05-02,72.51020812988281
2025-05-05,72.44352722167969
2025-05-06,72.58638763427734
2025-05-07,72.72929382324219
2025-05-08,72.3006362915039
2025-05-09,72.32920837402344
2025-05-12,72.04344177246094
2025-05-13,72.0339126586914
2025-05-14,71.80528259277344
2025-05-15,72.25298309326172
2025-05-16,72.27205657958984
2025-05-19,72.27205657958984
2025-05-20,72.22443389892578
2025-05-21,71.77671813964844
2025-05-22,72.01485443115234
2025-05-23,72.1577377319336
2025-05-27,72.48161315917969
2025-05-28,72.3196792602539
2025-05-29,72.59593963623047
2025-05-30,72.78644561767578
2025-06-02,72.59144592285156
2025-06-03,72.58187866210938
2025-06-04,73.00247192382812
2025-06-05,72.80172729492188
2025-06-06,72.33334350585938
2025-06-09,72.41938018798828
2025-06-10,72.54364776611328
2025-06-11,72.82086181640625
2025-06-12,73.06938934326172
2025-06-13,72.84954071044922
2025-06-16,72.7156982421875
2025-06-17,72.9546890258789
2025-06-18,73.01202392578125
2025-06-20,73.09806823730469
2025-06-23,73.32748413085938
2025-06-24,73.55691528320312
2025-06-25,73.59512329101562
2025-06-26,73.83409881591797
2025-06-27,73.69072723388672
2025-06-30,73.9297103881836
2025-07-01,73.86064910888672
2025-07-02,73.77432250976562
2025-07-03,73.59210968017578
2025-07-07,73.39068603515625
2025-07-08,73.26600646972656
2025-07-09,73.58251953125
2025-07-10,73.5633316040039
2025-07-11,73.2851791381836
2025-07-14,73.29478454589844
2025-07-15,73.04541015625
2025-07-16,73.23722839355469
2025-07-17,73.25640106201172
2025-07-18,73.41946411132812
2025-07-21,73.64965057373047
2025-07-22,73.79350280761719
2025-07-23,73.62086486816406
2025-07-24,73.50576782226562
2025-07-25,73.66883850097656
2025-07-28,73.57291412353516
2025-07-29,73.9085922241211
2025-07-30,73.71678161621094
2025-07-31,73.74555206298828
2025-08-01,74.50105285644531
2025-08-04,74.58767700195312
2025-08-05,74.52994537353516
2025-08-06,74.52994537353516
2025-08-07,74.46257019042969
2025-08-08,74.3085708618164
2025-08-11,74.32781982421875
2025-08-12,74.37594604492188
2025-08-13,74.63580322265625
2025-08-14,74.4048080444336
2025-08-15,74.32781982421875
2025-08-18,74.26046752929688
2025-08-19,74.41443634033203
2025-08-20,74.47216796875
2025-08-21,74.2508316040039
2025-08-22,74.67428588867188
2025-08-25,74.55880737304688
2025-08-26,74.73204803466797
2025-08-27,74.83790588378906
2025-08-28,74.93415069580078
2025-08-29,74.87640380859375
2025-09-02,74.70835876464844
2025-09-03,74.92082977294922
2025-09-04,75.26848602294922
2025-09-05,75.5775146484375
2025-09-08,75.72236633300781
2025-09-09,75.5968246459961
2025-09-10,75.76100158691406
2025-09-11,75.87689208984375
2025-09-12,75.73204040527344
2025-09-15,75.85757446289062
2025-09-16,75.89619445800781
2025-09-17,75.73204040527344
2025-09-18,75.587158203125
2025-09-19,75.56785583496094
2025-09-22,75.47128295898438
2025-09-23,75.61614990234375
2025-09-24,75.43264770507812
2025-09-25,75.25882720947266
2025-09-26,75.25882720947266
2025-09-29,75.42300415039062
2025-09-30,75.41333770751953
2025-10-01,75.6652603149414
2025-10-02,75.75247192382812
2025-10-03,75.6168212890625
2025-10-06,75.4617919921875
2025-10-07,75.59744262695312
2025-10-08,75.56837463378906
2025-10-09,75.4811782836914
2025-10-10,75.80091857910156
2025-10-13,75.95596313476562
2025-10-14,76.06254577636719
2025-10-15,76.04317474365234
2025-10-16,76.31446075439453
2025-10-17,76.1884994506836
2025-10-20,76.30477142333984
2025-10-21,76.3823013305664
2025-10-22,76.39198303222656
2025-10-23,76.22724914550781
2025-10-24,76.30477142333984
2025-10-27,76.32416534423828
2025-10-28,76.37261199951172
2025-10-29,75.95596313476562
2025-10-30,75.82999420166016
2025-10-31,75.81061553955078
2025-11-03,75.74158477783203
2025-11-04,75.82908630371094
2025-11-05,75.5762939453125
2025-11-06,75.91658782958984
2025-11-07,75.89714050292969
2025-11-10,75.83881378173828
2025-11-11,76.11103820800781
2025-11-12,76.05272674560547
2025-11-13,75.8582534790039
2025-11-14,75.75130462646484
2025-11-17,75.79991149902344
2025-11-18,75.90687561035156
2025-11-19,75.86798095703125
2025-11-20,75.99436950683594
2025-11-21,76.21800994873047
2025-11-24,76.36385345458984
2025-11-25,76.53886413574219
2025-11-26,76.64582061767578
2025-11-28,76.53886413574219
2025-12-01,76.22081756591797
2025-12-02,76.26959991455078
2025-12-03,76.4354476928711
2025-12-04,76.2403335571289
2025-12-05,76.14277648925781
2025-12-08,75.9866943359375
2025-12-09,75.89889526367188
2025-12-10,76.14277648925781
2025-12-11,76.13302612304688
2025-12-12,75.96717834472656
2025-12-15,76.03546905517578
2025-12-16,76.18180847167969
2025-12-17,76.17204284667969
2025-12-18,76.3551254272461
2025-12-19,76.21806335449219
2025-12-22,76.17890167236328
2025-12-23,76.13973999023438
2025-12-24,76.31595611572266
2025-12-26,76.41387176513672
2025-12-29,76.51177215576172
2025-12-30,76.46282196044922
2025-12-31,76.2474365234375
2026-01-02,76.21806335449219
2026-01-05,76.37472534179688
2026-01-06,76.3844985961914
2026-01-07,76.4432373046875
2026-01-08,76.2572250366211
2026-01-09,76.32576751708984
2026-01-12,76.2572250366211
2026-01-13,76.36492919921875
2026-01-14,76.47261810302734
2026-01-15,76.32576751708984
2026-01-16,76.13973999023438
2026-01-20,75.89498138427734
2026-01-21,76.1103744506836
2026-01-22,76.1103744506836
2026-01-23,76.1886978149414
2026-01-26,76.2572250366211
2026-01-27,76.22785186767578
2026-01-28,76.17890167236328
2026-01-29,76.2474365234375
2026-01-30,76.2376480102539
2026-02-02,76.14332580566406
2026-02-03,76.17279815673828
2026-02-04,76.14332580566406
2026-02-05,76.53633117675781
2026-02-06,76.51667785644531
2026-02-09,76.54615020751953
2026-02-10,76.75247955322266
2026-02-11,76.61493682861328
2026-02-12,76.96862030029297
2026-02-13,77.22406005859375
2026-02-17,77.23389434814453
2026-02-18,77.1159896850586
2026-02-19,77.17494201660156
2026-02-20,77.18476867675781
2026-02-23,77.4107437133789
2026-02-24,77.36161041259766
2026-02-25,77.31249237060547
2026-02-26,77.44021606445312
2026-02-27,77.64653778076172
2026-03-02,77.2828598022461
2026-03-03,77.2138442993164
2026-03-04,77.14486694335938
2026-03-05,76.89845275878906
2026-03-06,76.80975341796875
2026-03-09,77.03644561767578
2026-03-10,76.80975341796875
2026-03-11,76.48448944091797
2026-03-12,76.14938354492188
2026-03-13,76.05082702636719
2026-03-16,76.3366470336914
2026-03-17,76.53378295898438
2026-03-18,76.18881225585938
2026-03-19,76.23809051513672
2026-03-20,75.5974349975586
2026-03-23,75.88326263427734
2026-03-24,75.66641998291016
2026-03-25,75.96211242675781
2026-03-26,75.42001342773438
2026-03-27,75.42001342773438
2026-03-30,75.82412719726562
2026-03-31,76.07052612304688
2026-04-01,76.07152557373047
2026-04-02,76.24958038330078
2026-04-06,76.09130859375
2026-04-07,76.23969268798828
2026-04-08,76.4177474975586
2026-04-09,76.47709655761719
2026-04-10,76.32872009277344
2026-04-13,76.51667022705078
2026-04-14,76.72440338134766
2026-04-15,76.61558532714844
2026-04-16,76.48699188232422
2026-04-17,76.81344604492188
2026-04-20,76.80355072021484
2026-04-21,76.50678253173828
2026-04-22,76.59581756591797
2026-04-23,76.46720886230469
2026-04-24,76.58590698242188
2026-04-27,76.44742584228516
2026-04-28,76.38807678222656
2026-04-29,76.0418472290039
2026-04-30,76.19022369384766
2026-05-01,76.26368713378906
2026-05-04,76.03535461425781
2026-05-05,76.13463592529297
2026-05-06,76.47216796875
2026-05-07,76.24384307861328
2026-05-08,76.45231628417969
2026-05-11,76.26368713378906
2026-05-12,76.03535461425781
2026-05-13,76.06513977050781
2026-05-14,76.00556945800781
2026-05-15,75.50919342041016
2026-05-18,75.469482421875
2026-05-19,75.18158721923828
2026-05-20,75.64817810058594
2026-05-21,75.67797088623047
2026-05-22,75.7474594116211
2026-05-26,76.02542877197266
2026-05-27,76.06513977050781
2026-05-28,76.2041244506836
2026-05-29,76.29347229003906
2026-06-01,76.17589569091797
2026-06-02,76.23567962646484
2026-06-03,76.0662841796875
2026-06-04,76.16593170166016
2026-06-05,75.77733612060547
2026-06-08,75.73747253417969
2026-06-09,75.90686798095703
2026-06-10,75.8271484375
2026-06-11,76.30543518066406
2026-06-12,76.20579528808594
2026-06-15,76.2854995727539
2026-06-16,76.40507507324219
2026-06-17,76.03639221191406
2026-06-18,76.25560760498047
2026-06-22,76.0662841796875
2026-06-23,76.14600372314453
2026-06-24,76.50471496582031
2026-06-25,76.574462890625
2026-06-26,76.71395874023438
2026-06-29,76.75381469726562
2026-06-30,76.42499542236328
2026-07-01,76.30999755859375
2026-07-02,76.43000030517578
2026-07-06,76.45999908447266
2026-07-07,76.0999984741211
2026-07-08,75.95999908447266
2026-07-09,76.08000183105469
2026-07-10,76.0199966430664
2026-07-13,75.72000122070312
