date,adj close
1994-12-30,3.7075218482322
1995-01-03,3.7075218482322
1995-01-04,3.7075218482322
1995-01-05,3.7075218482322
1995-01-06,3.696396253318885
1995-01-09,3.648195754805648
1995-01-10,3.540680658572546
1995-01-11,3.5443880239792045
1995-01-12,3.625956060685704
1995-01-13,3.74088963633213
1995-01-16,3.74088963633213
1995-01-17,3.7334741557988114
1995-01-18,3.755717098705427
1995-01-19,3.703815982265544
1995-01-20,3.6778576769389217
1995-01-23,3.644493887345665
1995-01-24,3.7149350796055134
1995-01-25,3.685273907192241
1995-01-26,3.700104618352211
1995-01-27,3.663027965405619
1995-01-30,3.548096638919198
1995-01-31,3.7291445227910343
1995-02-01,3.770202188944776
1995-02-02,3.747802804464546
1995-02-03,3.770202188944776
1995-02-06,3.792596825198331
1995-02-07,3.792596825198331
1995-02-08,3.766469582964739
1995-02-09,3.747802804464546
1995-02-10,3.703010033264096
1995-02-13,3.6955420723306833
1995-02-14,3.6656822241170537
1995-02-15,3.6171583463765695
1995-02-16,3.5499624420958833
1995-02-17,3.639552482816791
1995-02-21,3.6283551646900136
1995-02-22,3.568629970316078
1995-02-23,3.620889952729939
1995-02-24,3.620889952729939
1995-02-27,3.568629970316078
1995-02-28,3.6183256604186673
1995-03-01,3.554319065023708
1995-03-02,3.5053740945491345
1995-03-03,3.4940785631021805
1995-03-06,3.4639523143814057
1995-03-07,3.3622955302388258
1995-03-08,3.260634997496239
1995-03-09,3.174036589487371
1995-03-10,3.2982886849372
1995-03-13,3.3058176230973886
1995-03-14,3.422540280573694
1995-03-15,3.3924185301729275
1995-03-16,3.399950217306455
1995-03-17,3.3321772785313986
1995-03-20,3.328408186177963
1995-03-21,3.3472354047584445
1995-03-22,3.3698254680256836
1995-03-23,3.347235404758444
1995-03-24,3.369825468025683
1995-03-27,3.418775436633599
1995-03-28,3.399950217306454
1995-03-29,3.3924185301729275
1995-03-30,3.433832063420641
1995-03-31,3.4703219355128447
1995-04-03,3.4817279257066636
1995-04-04,3.5463452929960524
1995-04-05,3.5273408905885866
1995-04-06,3.54254471240256
1995-04-07,3.5843530981843164
1995-04-10,3.576752186903998
1995-04-11,3.5387438819024
1995-04-12,3.5615488649033593
1995-04-13,3.603358500218451
1995-04-17,3.626162983406075
1995-04-18,3.614761991345599
1995-04-19,3.629965313346238
1995-04-20,3.694585679515632
1995-04-21,3.705987671202778
1995-04-24,3.713589582109765
1995-04-25,3.7287921543904026
1995-04-26,3.7439954763910417
1995-04-27,3.7287921543904026
1995-04-28,3.740659972105051
1995-05-01,3.729175011404424
1995-05-02,3.7253501898642214
1995-05-03,3.794264452387994
1995-05-04,3.8325479046300863
1995-05-05,3.851695753464477
1995-05-08,3.813410052062381
1995-05-09,3.8670075349586432
1995-05-10,3.88615138528636
1995-05-11,3.855522574258017
1995-05-12,3.90529923412075
1995-05-15,3.962726536690559
1995-05-16,3.9665536073907663
1995-05-17,4.054614969028929
1995-05-18,4.058444038982473
1995-05-19,4.023983409027247
1995-05-22,4.0278157277674635
1995-05-23,4.020161586367049
1995-05-24,4.054614969028929
1995-05-25,4.046959328188513
1995-05-26,4.004843807112872
1995-05-30,3.958895217577013
1995-05-31,4.016832329747736
1995-06-01,4.117257074021436
1995-06-02,4.113392017507828
1995-06-05,4.148156034156933
1995-06-06,4.067042577677916
1995-06-07,4.0052521546069375
1995-06-08,3.9782087545317
1995-06-09,3.862343526830268
1995-06-12,3.927999006414854
1995-06-13,3.993657734786114
1995-06-14,3.9511738512831447
1995-06-15,3.9782087545316993
1995-06-16,4.016832329747735
1995-06-19,3.9975205421397177
1995-06-20,3.935725620748732
1995-06-21,3.955037908170083
1995-06-22,4.0013843491199905
1995-06-23,3.958901965057024
1995-06-26,3.989800175472518
1995-06-27,4.005252154606937
1995-06-28,4.051591848076831
1995-06-29,4.016832329747735
1995-06-30,4.080756455942545
1995-07-03,4.096344134397209
1995-07-05,4.119730650212546
1995-07-06,4.135318578573876
1995-07-07,4.182089111137877
1995-07-10,4.18598765514488
1995-07-11,4.147014460501548
1995-07-12,4.162602888676213
1995-07-13,4.158704344669212
1995-07-14,4.150911255161881
1995-07-17,4.143114666961211
1995-07-18,4.115830856672209
1995-07-19,4.049573102019873
1995-07-20,4.041782011765879
1995-07-21,4.045677806799543
1995-07-24,4.033980925245203
1995-07-25,4.065164279167877
1995-07-26,4.061269733667549
1995-07-27,4.065164279167877
1995-07-28,4.072959118021876
1995-07-31,4.074534529651372
1995-08-01,4.066671466277251
1995-08-02,4.117748640435654
1995-08-03,4.105963791734488
1995-08-04,4.125612203623111
1995-08-07,4.14525486765839
1995-08-08,4.125612203623111
1995-08-09,4.14525486765839
1995-08-10,4.176686628808176
1995-08-11,4.137394553257606
1995-08-14,4.121679422402714
1995-08-15,4.12953698783016
1995-08-16,4.125612203623111
1995-08-17,4.1138233564152715
1995-08-18,4.102038257807438
1995-08-21,4.137394553257606
1995-08-22,4.090247411346262
1995-08-23,4.070600248990973
1995-08-24,4.047022304668626
1995-08-25,4.086318878539204
1995-08-28,4.098104476960372
1995-08-29,4.0941754443399825
1995-08-30,4.109891824728209
1995-08-31,4.16813932097949
1995-09-01,4.1839804047946085
1995-09-05,4.191909443528848
1995-09-06,4.180020883560831
1995-09-07,4.180020883560831
1995-09-08,4.191909443528848
1995-09-11,4.207756525103978
1995-09-12,4.227569625486228
1995-09-13,4.219641586378656
1995-09-14,4.243415707434689
1995-09-15,4.25133774878225
1995-09-18,4.239450688254234
1995-09-19,4.267188828864051
1995-09-20,4.286999430179632
1995-09-21,4.255304267402707
1995-09-22,4.235498664220468
1995-09-25,4.231529646533339
1995-09-26,4.223607105372443
1995-09-27,4.207756525103975
1995-09-28,4.223607105372442
1995-09-29,4.290726038399657
1995-10-02,4.294717547686826
1995-10-03,4.286724033032469
1995-10-04,4.298715054734006
1995-10-05,4.3027085632745115
1995-10-06,4.310697079795526
1995-10-09,4.310697079795526
1995-10-10,4.282736522251976
1995-10-11,4.278738515391461
1995-10-12,4.278738515391461
1995-10-13,4.310697079795526
1995-10-16,4.330670120444731
1995-10-17,4.330670120444731
1995-10-18,4.326676611904225
1995-10-19,4.330670120444731
1995-10-20,4.31868909500988
1995-10-23,4.294717547686826
1995-10-24,4.310697079795526
1995-10-25,4.290726038399657
1995-10-26,4.230792421865347
1995-10-27,4.230792421865347
1995-10-30,4.238785936519704
1995-10-31,4.279042401898672
1995-11-01,4.270989409457544
1995-11-02,4.283070397559241
1995-11-03,4.275015905678108
1995-11-06,4.254890921775296
1995-11-07,4.23073494333191
1995-11-08,4.23073494333191
1995-11-09,4.218657453923552
1995-11-10,4.1864534811723795
1995-11-13,4.182429484018487
1995-11-14,4.182429484018487
1995-11-15,4.194504974173507
1995-11-16,4.246837429520832
1995-11-17,4.266966411930318
1995-11-20,4.238786936146373
1995-11-21,4.254890921775297
1995-11-22,4.279042401898674
1995-11-24,4.275015905678109
1995-11-27,4.287091395833131
1995-11-28,4.295144888087594
1995-11-29,4.347472345301576
1995-11-30,4.391347959033711
1995-12-01,4.407596390716227
1995-12-04,4.440095753147931
1995-12-05,4.411658373683522
1995-12-06,4.444156236675224
1995-12-07,4.423849320718752
1995-12-08,4.431971787213341
1995-12-11,4.444156236675224
1995-12-12,4.476650600973586
1995-12-13,4.468532132985671
1995-12-14,4.448217719829186
1995-12-15,4.444156236675224
1995-12-18,4.411658373683523
1995-12-19,4.464464652071698
1995-12-20,4.509153462098628
1995-12-21,4.521341410253852
1995-12-22,4.570085705674732
1995-12-26,4.586339135490591
1995-12-27,4.301969839166519
1995-12-28,4.310100302674454
1995-12-29,4.375302951378227
1996-01-02,4.416301139745195
1996-01-03,4.465516759140255
1996-01-04,4.436803482715351
1996-01-05,4.43270901188133
1996-01-08,4.465516759140255
1996-01-09,4.453210855038151
1996-01-10,4.412207168724508
1996-01-11,4.432709011881329
1996-01-12,4.473713198008308
1996-01-15,4.473713198008308
1996-01-16,4.506516446947224
1996-01-17,4.498317509012499
1996-01-18,4.502416977979862
1996-01-19,4.522919320950018
1996-01-22,4.580327880519793
1996-01-23,4.596734753029261
1996-01-24,4.613130629645375
1996-01-25,4.6090371584380225
1996-01-26,4.6090371584380225
1996-01-29,4.6336339722422
1996-01-30,4.654139314092363
1996-01-31,4.676858829013168
1996-02-01,4.639674216386383
1996-02-02,4.6438131706071495
1996-02-05,4.631414801038215
1996-02-06,4.635546258058969
1996-02-07,4.6272843436441295
1996-02-08,4.689253699888762
1996-02-09,4.718174898660705
1996-02-12,4.7594864699882375
1996-02-13,4.738837681711151
1996-02-14,4.714042442013284
1996-02-15,4.680992785100594
1996-02-16,4.647939129681227
1996-02-20,4.507468591348936
1996-02-21,4.4992106754407715
1996-02-22,4.557046575411314
1996-02-23,4.511598049116353
1996-02-26,4.457890107473225
1996-02-27,4.375260467244818
1996-02-28,4.379392923892239
1996-02-29,4.382726678831561
1996-03-01,4.466047061087874
1996-03-04,4.5410385539425615
1996-03-05,4.507709501376034
1996-03-06,4.445217340383795
1996-03-07,4.395222012187335
1996-03-08,4.228582747114712
1996-03-11,4.228582747114712
1996-03-12,4.232746192188856
1996-03-13,4.2660717460620425
1996-03-14,4.261910800054571
1996-03-15,4.27024018926953
1996-03-18,4.30773718523021
1996-03-19,4.320236517092659
1996-03-20,4.399387956328151
1996-03-21,4.436883452848828
1996-03-22,4.424390618559723
1996-03-25,4.486879780671957
1996-03-26,4.4702135050420235
1996-03-27,4.416056731024756
1996-03-28,4.386892622972376
1996-03-29,4.445717153718027
1996-04-01,4.45832794395401
1996-04-02,4.470934235869985
1996-04-03,4.462530874281558
1996-04-04,4.462530874281558
1996-04-08,4.365885468534646
1996-04-09,4.412104207177657
1996-04-10,4.445717153718027
1996-04-11,4.449921583485578
1996-04-12,4.5213539055872065
1996-04-15,4.546565489792488
1996-04-16,4.567577142550226
1996-04-17,4.5591762800284705
1996-04-18,4.5591762800284705
1996-04-19,4.605399017178155
1996-04-22,4.596989657829718
1996-04-23,4.588584796801289
1996-04-24,4.588584796801289
1996-04-25,4.62640217310921
1996-04-26,4.639010464278522
1996-04-29,4.618002310214124
1996-04-30,4.6472074029599115
1996-05-01,4.655670242335111
1996-05-02,4.60065079050296
1996-05-03,4.562555018167872
1996-05-06,4.587950033866815
1996-05-07,4.617575469626692
1996-05-08,4.672601918845521
1996-05-09,4.655670242335111
1996-05-10,4.672601918845522
1996-05-13,4.702223356098722
1996-05-14,4.710689694167261
1996-05-15,4.710689694167261
1996-05-16,4.702223356098722
1996-05-17,4.731855289431943
1996-05-20,4.723388451550069
1996-05-21,4.706463772426338
1996-05-22,4.710689694167261
1996-05-23,4.68529617790832
1996-05-24,4.693765015043529
1996-05-28,4.723388451550069
1996-05-29,4.68529617790832
1996-05-30,4.681064258407386
1996-05-31,4.711788283875901
1996-06-03,4.686188344709924
1996-06-04,4.694718159071911
1996-06-05,4.711788283875902
1996-06-06,4.707524876134912
1996-06-07,4.690455251144255
1996-06-10,4.652039098461925
1996-06-11,4.63070656554361
1996-06-12,4.596558818735613
1996-06-13,4.592291912301282
1996-06-14,4.613632442232944
1996-06-17,4.673386125966931
1996-06-18,4.690455251144255
1996-06-19,4.690455251144255
1996-06-20,4.707524876134913
1996-06-21,4.745941528630578
1996-06-24,4.763006655301227
1996-06-25,4.801420308916887
1996-06-26,4.831297650597215
1996-06-27,4.831297650597215
1996-06-28,4.848487230788089
1996-07-01,4.852790623595817
1996-07-02,4.861386913131256
1996-07-03,4.887176281550907
1996-07-05,4.844190835367039
1996-07-08,4.822699861621773
1996-07-09,4.8527906235958165
1996-07-10,4.891472676971958
1996-07-11,4.895773570713016
1996-07-12,4.908664756229503
1996-07-15,4.891472676971958
1996-07-16,4.857085519576864
1996-07-17,4.865685307805642
1996-07-18,4.925858334927049
1996-07-19,4.9430554123179355
1996-07-22,4.934454124649154
1996-07-23,4.947348309045646
1996-07-24,4.912965150157225
1996-07-25,4.904367361181783
1996-07-26,4.895773570713016
1996-07-29,4.878576493322129
1996-07-30,4.904367361181784
1996-07-31,4.961510020057748
1996-08-01,4.9918177010188485
1996-08-02,5.0437752963655
1996-08-05,5.065419212991039
1996-08-06,5.065419212991039
1996-08-07,5.0740829773266
1996-08-08,5.069750095532151
1996-08-09,5.0784093615477035
1996-08-12,5.087065128869917
1996-08-13,5.069750095532152
1996-08-14,5.069750095532152
1996-08-15,5.104386159967692
1996-08-16,5.134692841302125
1996-08-19,5.13036145894768
1996-08-20,5.121701193305459
1996-08-21,5.1000622748132605
1996-08-22,5.121701193305459
1996-08-23,5.104386159967693
1996-08-26,5.095730892458815
1996-08-27,5.134692841302126
1996-08-28,5.139023224029904
1996-08-29,5.113047425236584
1996-08-30,5.13617578746479
1996-09-03,5.162353510845139
1996-09-04,5.166724378452989
1996-09-05,5.144902028467129
1996-09-06,5.184175361017665
1996-09-09,5.227810064722703
1996-09-10,5.223455690954882
1996-09-11,5.245273542620734
1996-09-12,5.293273615986945
1996-09-13,5.363088542139002
1996-09-16,5.424186223928736
1996-09-17,5.393636633313867
1996-09-18,5.384909392684859
1996-09-19,5.3805465220903566
1996-09-20,5.3630885421390015
1996-09-23,5.341272689726486
1996-09-24,5.349996931475489
1996-09-25,5.411087615878543
1996-09-26,5.480912538297286
1996-09-27,5.467822427073775
1996-09-30,5.4937252531202985
1996-10-01,5.528863130143407
1996-10-02,5.585949809925936
1996-10-03,5.594733029648379
1996-10-04,5.6430399884018065
1996-10-07,5.673777009017011
1996-10-08,5.682568725566134
1996-10-09,5.673777009017011
1996-10-10,5.625473548956922
1996-10-11,5.629863909284808
1996-10-14,5.629863909284808
1996-10-15,5.603521747317495
1996-10-16,5.559604149265284
1996-10-17,5.563996508846507
1996-10-18,5.581558949784717
1996-10-21,5.594733029648378
1996-10-22,5.533253990284625
1996-10-23,5.524469271122181
1996-10-24,5.484946031904529
1996-10-25,5.44542079343354
1996-10-28,5.4586013708705465
1996-10-29,5.515689050279745
1996-10-30,5.520081409860968
1996-10-31,5.579322285114033
1996-11-01,5.610269227329616
1996-11-04,5.689845008085872
1996-11-05,5.698688705221755
1996-11-06,5.698688705221755
1996-11-07,5.720797448248132
1996-11-08,5.725217797376069
1996-11-11,5.725217797376069
1996-11-12,5.725217797376069
1996-11-13,5.73848034419989
1996-11-14,5.765001939154191
1996-11-15,5.787109682553897
1996-11-18,5.800372729191052
1996-11-19,5.787109682553897
1996-11-20,5.787109682553897
1996-11-21,5.778264985791345
1996-11-22,5.8224824718440935
1996-11-25,5.853427414806339
1996-11-26,5.849003067171725
1996-11-27,5.849003067171725
1996-11-29,5.912176473738523
1996-12-02,5.916622813159842
1996-12-03,5.943312845207778
1996-12-04,5.943312845207778
1996-12-05,5.943312845207778
1996-12-06,5.885480943743909
1996-12-09,5.916622813159842
1996-12-10,5.92551549200248
1996-12-11,5.836544220189351
1996-12-12,5.814304026256074
1996-12-13,5.863238750557296
1996-12-16,5.854343572647986
1996-12-17,5.867688588671954
1996-12-18,5.845449394365345
1996-12-19,5.876588764714606
1996-12-20,5.907723636743858
1996-12-23,5.9210726512745
1996-12-24,5.934416167858465
1996-12-26,5.938867005599792
1996-12-27,5.970987009710815
1996-12-30,5.975579294625728
1996-12-31,5.989430621557274
1997-01-02,5.961728967320854
1997-01-03,5.989430621557275
1997-01-06,5.980202068154033
1997-01-07,5.980202068154033
1997-01-08,5.970962019044104
1997-01-09,5.980202068154033
1997-01-10,5.980202068154033
1997-01-13,5.98481234634898
1997-01-14,6.040229649595178
1997-01-15,6.081795625909833
1997-01-16,6.077176850888204
1997-01-17,6.095639955454698
1997-01-20,6.095639955454698
1997-01-21,6.127973879672772
1997-01-22,6.155678032975862
1997-01-23,6.146447480319284
1997-01-24,6.095639955454698
1997-01-27,6.07255507698657
1997-01-28,6.0910266783797455
1997-01-29,6.054089473353404
1997-01-30,6.100265727863006
1997-01-31,6.179308207791637
1997-02-03,6.225803343208478
1997-02-04,6.272298978438652
1997-02-05,6.2815990051486885
1997-02-06,6.258346189400258
1997-02-07,6.2676477155502965
1997-02-10,6.29554829549374
1997-02-11,6.332743404200544
1997-02-12,6.360647982650662
1997-02-13,6.393191828469113
1997-02-14,6.402485857419139
1997-02-18,6.416435147764192
1997-02-19,6.416435147764192
1997-02-20,6.402485857419138
1997-02-21,6.439687463699285
1997-02-24,6.46758204588272
1997-02-25,6.500124892074501
1997-02-26,6.435033201930928
1997-02-27,6.355991721628966
1997-02-28,6.376576033985937
1997-03-03,6.2596142158292025
1997-03-04,6.250259709465735
1997-03-05,6.2362239514138595
1997-03-06,6.240904703288932
1997-03-07,6.315755748596702
1997-03-10,6.329792506275247
1997-03-11,6.315755748596702
1997-03-12,6.297040238296422
1997-03-13,6.240904703288933
1997-03-14,6.264296467144279
1997-03-17,6.240904703288932
1997-03-18,6.254940461340808
1997-03-19,6.245586454790675
1997-03-20,6.2409047032889315
1997-03-21,6.273646975001072
1997-03-24,6.278330225942817
1997-03-25,6.268976219392683
1997-03-26,6.212838185318522
1997-03-27,6.152016400489285
1997-03-31,6.11339532433992
1997-04-01,6.118105565201713
1997-04-02,6.136946528648885
1997-04-03,6.103979340936341
1997-04-04,6.06629441516199
1997-04-07,6.103979340936342
1997-04-08,6.108688082358133
1997-04-09,6.103979340936342
1997-04-10,6.0757203948322545
1997-04-11,6.047457950034827
1997-04-14,6.042746209733032
1997-04-15,6.099269100074548
1997-04-16,6.103979340936341
1997-04-17,6.141650771750669
1997-04-18,6.141650771750669
1997-04-21,6.132230789840415
1997-04-22,6.141650771750669
1997-04-23,6.169909218041421
1997-04-24,6.165206974192976
1997-04-25,6.179330199578342
1997-04-28,6.193466919923731
1997-04-29,6.268823276512408
1997-04-30,6.345653082810398
1997-05-01,6.3646204990311315
1997-05-02,6.416790015231494
1997-05-05,6.4642163028900095
1997-05-06,6.487933445225938
1997-05-07,6.43102319955039
1997-05-08,6.43102319955039
1997-05-09,6.445250885922612
1997-05-12,6.4737007607203765
1997-05-13,6.464216302890009
1997-05-14,6.449991615397792
1997-05-15,6.4737007607203765
1997-05-16,6.46896053105853
1997-05-19,6.46896053105853
1997-05-20,6.516379821330362
1997-05-21,6.530607507702582
1997-05-22,6.535359233071115
1997-05-23,6.554329148358521
1997-05-27,6.535359233071116
1997-05-28,6.530607507702582
1997-05-29,6.554329148358521
1997-05-30,6.597774922623218
1997-06-02,6.631198439909915
1997-06-03,6.650282312637523
1997-06-04,6.650282312637523
1997-06-05,6.659838743588019
1997-06-06,6.707576914767092
1997-06-09,6.707576914767092
1997-06-10,6.70280769593186
1997-06-11,6.70280769593186
1997-06-12,6.750548366177604
1997-06-13,6.788737603606194
1997-06-16,6.822152124252875
1997-06-17,6.793509321508098
1997-06-18,6.793509321508098
1997-06-19,6.798285037916678
1997-06-20,6.8221521242528755
1997-06-23,6.803060754325252
1997-06-24,6.793509321508098
1997-06-25,6.783962387010951
1997-06-26,6.764870017456661
1997-06-27,6.7887376036061955
1997-06-30,6.824759650417558
1997-07-01,6.858365099757915
1997-07-02,6.887188335116349
1997-07-03,6.93522039653595
1997-07-07,6.968843339343007
1997-07-08,6.9640336356277
1997-07-09,6.9736415473516224
1997-07-10,6.9640336356277
1997-07-11,6.95443072203712
1997-07-14,6.920813277176742
1997-07-15,6.867980508681853
1997-07-16,6.920813277176743
1997-07-17,6.901599952795569
1997-07-18,6.863176802726558
1997-07-21,6.863176802726558
1997-07-22,6.940024602304581
1997-07-23,6.944829807699878
1997-07-24,7.012060199100625
1997-07-25,6.992848374159453
1997-07-28,7.021675108211226
1997-07-29,7.04088343445906
1997-07-30,7.055294552324943
1997-07-31,7.103615006038394
1997-08-01,7.064959442768968
1997-08-04,7.050457858689589
1997-08-05,7.093946117087696
1997-08-06,7.142273068374492
1997-08-07,7.166435544391223
1997-08-08,7.1132838949890935
1997-08-11,7.118108093291092
1997-08-12,7.12294528673978
1997-08-13,7.13744137287248
1997-08-14,7.17610193427525
1997-08-15,7.147102764623167
1997-08-18,7.132608677743802
1997-08-19,7.142273068374492
1997-08-20,7.13744137287248
1997-08-21,7.118108093291092
1997-08-22,7.084287224403681
1997-08-25,7.084287224403681
1997-08-26,7.084287224403681
1997-08-27,7.103615006038394
1997-08-28,7.093946117087695
1997-08-29,7.100758572833264
1997-09-02,7.129948171365689
1997-09-03,7.144526226885206
1997-09-04,7.129948171365689
1997-09-05,7.144526226885206
1997-09-08,7.1591237751247565
1997-09-09,7.168847143728888
1997-09-10,7.163983959986819
1997-09-11,7.163983959986819
1997-09-12,7.188300378510493
1997-09-15,7.1980292450613
1997-09-16,7.270975501752313
1997-09-17,7.270975501752313
1997-09-18,7.256393447726123
1997-09-19,7.275848681761066
1997-09-22,7.295295418969326
1997-09-23,7.270975501752313
1997-09-24,7.295295418969327
1997-09-25,7.280702868863117
1997-09-26,7.295295418969327
1997-09-29,7.285576548685205
1997-09-30,7.336469041816609
1997-10-01,7.375630915993611
1997-10-02,7.414779795023923
1997-10-03,7.429462311530294
1997-10-06,7.463726514845169
1997-10-07,7.478393537138178
1997-10-08,7.429462311530296
1997-10-09,7.395203106348765
1997-10-10,7.3560497289984434
1997-10-13,7.360940902287228
1997-10-14,7.395203106348765
1997-10-15,7.385417760891189
1997-10-16,7.395203106348766
1997-10-17,7.370730746064813
1997-10-20,7.380521589469065
1997-10-21,7.4196764662593875
1997-10-22,7.409885123041803
1997-10-23,7.297319163159632
1997-10-24,7.140704154318343
1997-10-27,6.592545375707161
1997-10-28,6.812791120316065
1997-10-29,6.494655934571347
1997-10-30,6.4555055561010315
1997-10-31,6.586344191669356
1997-11-03,6.719652404922117
1997-11-04,6.808531711081748
1997-11-05,6.719652404922116
1997-11-06,6.655469875233509
1997-11-07,6.561655912025015
1997-11-10,6.517225505491883
1997-11-11,6.517225505491883
1997-11-12,6.329608075154914
1997-11-13,6.413537729865655
1997-11-14,6.43823000801667
1997-11-17,6.517225505491883
1997-11-18,6.507350193634146
1997-11-19,6.601150661882616
1997-11-20,6.645590065055764
1997-11-21,6.77890127718853
1997-11-24,6.615972126495903
1997-11-25,6.670277345073437
1997-11-26,6.704838437508844
1997-11-28,6.7700065990925555
1997-12-01,6.834667450142022
1997-12-02,6.899335298578169
1997-12-03,6.904306941813765
1997-12-04,6.963997149254304
1997-12-05,7.003800283939126
1997-12-08,6.983902215290055
1997-12-09,6.904306941813764
1997-12-10,6.774981741021491
1997-12-11,6.670517255473868
1997-12-12,6.660574968629344
1997-12-15,6.7948798096705625
1997-12-16,6.819744023608554
1997-12-17,6.814775879066297
1997-12-18,6.779956882950427
1997-12-19,6.705344748416421
1997-12-22,6.740160745652284
1997-12-23,6.740160745652284
1997-12-24,6.814775879066295
1997-12-26,6.849592376115494
1997-12-29,6.935655234136733
1997-12-30,6.9305891261809665
1997-12-31,7.005195262954962
1998-01-02,7.020521539035821
1998-01-05,7.020521539035821
1998-01-06,6.91832870509228
1998-01-07,6.943876663671498
1998-01-08,6.862123196218
1998-01-09,6.800805096747868
1998-01-12,6.800805096747868
1998-01-13,6.857013604502155
1998-01-14,6.8467964203238045
1998-01-15,6.759935860221132
1998-01-16,6.831470144242944
1998-01-20,6.836581735212125
1998-01-21,6.78036872913783
1998-01-22,6.78036872913783
1998-01-23,6.739492495224415
1998-01-26,6.785489316747026
1998-01-27,6.805918686970385
1998-01-28,6.7903764915291385
1998-01-29,6.857755827303486
1998-01-30,6.984798380598328
1998-02-02,7.010938118165276
1998-02-03,6.990030926394393
1998-02-04,7.005712069942557
1998-02-05,7.0213962123707265
1998-02-06,7.068449639281903
1998-02-09,7.026624759660117
1998-02-10,7.057993044516454
1998-02-11,7.110267521517009
1998-02-12,7.063227089752521
1998-02-13,7.052768495733738
1998-02-17,7.068449639281901
1998-02-18,7.084134281523405
1998-02-19,7.09459187591552
1998-02-20,7.063227089752521
1998-02-23,7.089368326759471
1998-02-24,7.042306403021613
1998-02-25,7.089368326759472
1998-02-26,7.1154995674997386
1998-02-27,7.190304130167425
1998-03-02,7.200834197493003
1998-03-03,7.206103229662467
1998-03-04,7.195568164203544
1998-03-05,7.142893836535607
1998-03-06,7.179771063961838
1998-03-09,7.169233499436247
1998-03-10,7.206103229662467
1998-03-11,7.232444891816445
1998-03-12,7.269310623535991
1998-03-13,7.274581155145457
1998-03-16,7.3061933489089
1998-03-17,7.285117720044381
1998-03-18,7.327262480200075
1998-03-19,7.353591147207362
1998-03-20,7.390475871833609
1998-03-23,7.411538505551438
1998-03-24,7.374663277378542
1998-03-25,7.327262480200075
1998-03-26,7.321992448403944
1998-03-27,7.3641352093063
1998-03-30,7.332528513489533
1998-03-31,7.402039553134378
1998-04-01,7.439179182561082
1998-04-02,7.391427516421984
1998-04-03,7.327756795587628
1998-04-06,7.34367135196288
1998-04-07,7.375507961913393
1998-04-08,7.375507961913393
1998-04-09,7.412657087793448
1998-04-13,7.407344571863906
1998-04-14,7.428565646408688
1998-04-15,7.43387816233823
1998-04-16,7.412657087793449
1998-04-17,7.396728536644841
1998-04-20,7.36489342613433
1998-04-21,7.38081747896293
1998-04-22,7.375507961913395
1998-04-23,7.370202443370532
1998-04-24,7.386123497319127
1998-04-27,7.248161522111342
1998-04-28,7.258772059383733
1998-04-29,7.279997132435187
1998-04-30,7.414810783450652
1998-05-01,7.446911794654973
1998-05-04,7.420165283700269
1998-05-05,7.38806477230928
1998-05-06,7.323863249713972
1998-05-07,7.339916754196137
1998-05-08,7.345268755379084
1998-05-11,7.297119237825938
1998-05-12,7.2650172269949485
1998-05-13,7.259669724132011
1998-05-14,7.232919214670632
1998-05-15,7.275721729174175
1998-05-18,7.109874668236306
1998-05-19,7.1526691857264995
1998-05-20,7.20082270178632
1998-05-21,7.206172703715927
1998-05-22,7.1847741954374955
1998-05-26,7.045674645080998
1998-05-27,7.045674645080998
1998-05-28,7.088480158464545
1998-05-29,7.112218792773848
1998-06-01,7.101424824007794
1998-06-02,7.19315406579921
1998-06-03,7.171576124533789
1998-06-04,7.21474250314465
1998-06-05,7.203953032698605
1998-06-08,7.171576124533788
1998-06-09,7.155394168024723
1998-06-10,7.09603183813144
1998-06-11,7.009691583709702
1998-06-12,7.025883036672115
1998-06-15,6.917949346771595
1998-06-16,7.004297098393346
1998-06-17,7.047463477004208
1998-06-18,6.966518207712161
1998-06-19,6.998894616063644
1998-06-22,6.9719161917218555
1998-06-23,6.993501630187291
1998-06-24,6.982704162727899
1998-06-25,6.869391481724383
1998-06-26,6.707503942020294
1998-06-29,6.707503942020294
1998-06-30,6.838275102788498
1998-07-01,6.88730779050323
1998-07-02,6.860074961174319
1998-07-06,6.7292993020861065
1998-07-07,6.718401871959868
1998-07-08,6.740194233145674
1998-07-09,6.751092662898581
1998-07-10,6.821926708439135
1998-07-13,6.94725090349089
1998-07-14,7.050771241650151
1998-07-15,6.990849120822527
1998-07-16,6.990849120822527
1998-07-17,7.018089447351453
1998-07-20,7.067120635626181
1998-07-21,7.072575598355978
1998-07-22,7.028986377664356
1998-07-23,6.9091101479557215
1998-07-24,6.860074961174319
1998-07-27,6.740194233145674
1998-07-28,6.702057476117179
1998-07-29,6.734743768735887
1998-07-30,6.761989093398152
1998-07-31,6.8677301022014
1998-08-03,6.801642284082703
1998-08-04,6.730051021340789
1998-08-05,6.724538080264221
1998-08-06,6.636415491492617
1998-08-07,6.405110877050516
1998-08-10,6.157276436018729
1998-08-11,6.107710947289707
1998-08-12,5.887413721907377
1998-08-13,6.074667288137026
1998-08-14,6.129734722049263
1998-08-17,5.788280245382663
1998-08-18,5.73871225758697
1998-08-19,5.595525233783134
1998-08-20,5.298117307008976
1998-08-21,4.929123615439582
1998-08-24,4.879560625777231
1998-08-25,4.9401395013260325
1998-08-26,4.763906819116178
1998-08-27,4.2462076647197025
1998-08-28,4.472007335098582
1998-08-31,4.414456328728551
1998-09-01,4.688263569673654
1998-09-02,4.665912417180177
1998-09-03,4.498273025625758
1998-09-04,4.498273025625758
1998-09-08,4.570916895249562
1998-09-09,4.498273025625758
1998-09-10,4.291523240667758
1998-09-11,4.285936827031058
1998-09-14,4.291523240667759
1998-09-15,4.487099198725688
1998-09-16,4.649146678696733
1998-09-17,4.498273025625759
1998-09-18,4.559741568909491
1998-09-21,4.6044423744564416
1998-09-22,4.705027308903764
1998-09-23,4.928546331038548
1998-09-24,4.833552308547934
1998-09-25,4.872665700831518
1998-09-28,4.861493373371451
1998-09-29,4.8223729837011895
1998-09-30,4.772615566651823
1998-10-01,4.6934456343229645
1998-10-02,4.80088850752927
1998-10-05,4.80088850752927
1998-10-06,4.79523012077244
1998-10-07,4.79523012077244
1998-10-08,4.749995014771195
1998-10-09,4.78957273364228
1998-10-12,4.78957273364228
1998-10-13,4.851780500847341
1998-10-14,4.857436388537499
1998-10-15,4.925289047539366
1998-10-16,4.936598823666345
1998-10-19,4.95356648673682
1998-10-20,5.027075033428845
1998-10-21,5.032731920745672
1998-10-22,5.072309139803421
1998-10-23,5.077968526186919
1998-10-26,5.077968526186919
1998-10-27,5.061002862369781
1998-10-28,5.015766256928534
1998-10-29,4.981839927427601
1998-10-30,5.126596365100923
1998-11-02,5.189534359587296
1998-11-03,5.200978085687849
1998-11-04,5.223864538262287
1998-11-05,5.263915580360887
1998-11-06,5.315411848000043
1998-11-09,5.315411848000043
1998-11-10,5.32685257522059
1998-11-11,5.32685257522059
1998-11-12,5.2868065312553325
1998-11-13,5.298244259595876
1998-11-16,5.3611832537089175
1998-11-17,5.406954159604457
1998-11-18,5.401234295807517
1998-11-19,5.464174289547228
1998-11-20,5.578607052232753
1998-11-23,5.61293173296107
1998-11-24,5.5671633261322
1998-11-25,5.58432641621636
1998-11-27,5.607213868417466
1998-11-30,5.595663182263388
1998-12-01,5.543692591770047
1998-12-02,5.509050529574496
1998-12-03,5.3820024783329785
1998-12-04,5.387778321223352
1998-12-07,5.405098852507794
1998-12-08,5.405098852507794
1998-12-09,5.3820024783329785
1998-12-10,5.353128262014452
1998-12-11,5.306930515531479
1998-12-14,5.226086708346281
1998-12-15,5.2780582984662905
1998-12-16,5.237635395247022
1998-12-17,5.226086708346281
1998-12-18,5.237635395247023
1998-12-21,5.2838346411699995
1998-12-22,5.301156671894443
1998-12-23,5.31848370075223
1998-12-24,5.312704359168517
1998-12-28,5.324258044202601
1998-12-29,5.301156671894444
1998-12-30,5.312704359168517
1998-12-31,5.393340244006677
1999-01-04,5.457621736735463
1999-01-05,5.516050415320404
1999-01-06,5.475147691300275
1999-01-07,5.434249965413486
1999-01-08,5.375812790001864
1999-01-11,5.311535795593087
1999-01-12,5.177140988151708
1999-01-13,4.9492525978490765
1999-01-14,4.920038508463273
1999-01-15,5.153772215709735
1999-01-19,5.223892027995675
1999-01-20,5.276474390010114
1999-01-21,5.142085580328746
1999-01-22,5.118711309940099
1999-01-25,5.077806086853298
1999-01-26,5.165454352770717
1999-01-27,5.18298880416221
1999-01-28,5.223892027995675
1999-01-29,5.288224501684551
1999-02-01,5.347241960377216
1999-02-02,5.353144755854484
1999-02-03,5.341343663219956
1999-02-04,5.329531574692074
1999-02-05,5.288224501684551
1999-02-08,5.28232020676728
1999-02-09,5.288224501684551
1999-02-10,5.329531574692075
1999-02-11,5.36494534867568
1999-02-12,5.37085314228629
1999-02-16,5.412166213053823
1999-02-17,5.412166213053823
1999-02-18,5.406257919629878
1999-02-19,5.400357623219281
1999-02-22,5.382651735854147
1999-02-23,5.353144755854484
1999-02-24,5.347241960377216
1999-02-25,5.270519613946086
1999-02-26,5.337304671666035
1999-03-01,5.325377126257947
1999-03-02,5.265740898657504
1999-03-03,5.265740898657504
1999-03-04,5.283635715462977
1999-03-05,5.319417352060576
1999-03-08,5.325377126257947
1999-03-09,5.361160262295548
1999-03-10,5.396941898893147
1999-03-11,5.4148322173786125
1999-03-12,5.432718537357404
1999-03-15,5.486388493187131
1999-03-16,5.486388493187131
1999-03-17,5.486388493187131
1999-03-18,5.516210855400694
1999-03-19,5.504281310739267
1999-03-22,5.48042621992309
1999-03-23,5.438685308941454
1999-03-24,5.414832217378612
1999-03-25,5.45061135490954
1999-03-26,5.426755264466695
1999-03-29,5.456574127986917
1999-03-30,5.498320037101894
1999-03-31,5.5507509556760635
1999-04-01,5.5748574525993595
1999-04-05,5.604996196653489
1999-04-06,5.586912950221012
1999-04-07,5.623076444205964
1999-04-08,5.671292436932562
1999-04-09,5.659238438750912
1999-04-12,5.701422184346675
1999-04-13,5.719502931712483
1999-04-14,5.731557429707466
1999-04-15,5.713476182528325
1999-04-16,5.785805169751564
1999-04-19,5.7616946743215935
1999-04-20,5.73758018038495
1999-04-21,5.755662927004092
1999-04-22,5.749638676886606
1999-04-23,5.737580180384949
1999-04-26,5.737580180384949
1999-04-27,5.713476182528324
1999-04-28,5.707452932037506
1999-04-29,5.749638676886606
1999-04-30,5.852559738858125
1999-05-03,5.883015364566159
1999-05-04,5.876918641515209
1999-05-05,5.852559738858126
1999-05-06,5.864741189440004
1999-05-07,5.895199314214707
1999-05-10,5.895199314214707
1999-05-11,5.852559738858125
1999-05-12,5.773387807275929
1999-05-13,5.791659983148745
1999-05-14,5.72466850252176
1999-05-17,5.688126649842794
1999-05-18,5.688126649842794
1999-05-19,5.596775266932057
1999-05-20,5.560238412386435
1999-05-21,5.438438900967676
1999-05-24,5.371444921274019
1999-05-25,5.426255950945796
1999-05-26,5.548052963297882
1999-05-27,5.4688930272357075
1999-05-28,5.551889530451439
1999-06-01,5.533446918231649
1999-06-02,5.533446918231649
1999-06-03,5.5395876248560105
1999-06-04,5.588776754144356
1999-06-07,5.644112587817077
1999-06-08,5.65026179126812
1999-06-09,5.6256709752239535
1999-06-10,5.601071662353106
1999-06-11,5.570330643231227
1999-06-14,5.594927457035404
1999-06-15,5.65641049490583
1999-06-16,5.711746828391884
1999-06-17,5.779375571020015
1999-06-18,5.779375571020015
1999-06-21,5.779375571020015
1999-06-22,5.724042736227301
1999-06-23,5.748633052458133
1999-06-24,5.711746828391884
1999-06-25,5.650261791268122
1999-06-28,5.668701904421241
1999-06-29,5.699446922049793
1999-06-30,5.821080495441585
1999-07-01,5.814877312150444
1999-07-02,5.783849899988051
1999-07-06,5.827285677986064
1999-07-07,5.827285677986064
1999-07-08,5.790054582719195
1999-07-09,5.7714330373257505
1999-07-12,5.678349801211903
1999-07-13,5.69075916667419
1999-07-14,5.715580896478771
1999-07-15,5.715580896478771
1999-07-16,5.7093782130009645
1999-07-19,5.721783080143244
1999-07-20,5.690759166674191
1999-07-21,5.696965348845338
1999-07-22,5.6721461181074275
1999-07-23,5.641110209118352
1999-07-26,5.634903527133871
1999-07-27,5.6721461181074275
1999-07-28,5.696965348845338
1999-07-29,5.678349801211904
1999-07-30,5.739749370255512
1999-08-02,5.677090771422977
1999-08-03,5.626966991199617
1999-08-04,5.614434171843775
1999-08-05,5.5831018735475
1999-08-06,5.576828216576232
1999-08-09,5.570570053818326
1999-08-10,5.5643043938604055
1999-08-11,5.595639691036684
1999-08-12,5.614434171843773
1999-08-13,5.6394988109287905
1999-08-16,5.658297290242554
1999-08-17,5.695892749430077
1999-08-18,5.658297290242555
1999-08-19,5.64575947275337
1999-08-20,5.608165013192515
1999-08-23,5.626966991199617
1999-08-24,5.633229152464198
1999-08-25,5.6896245904054865
1999-08-26,5.664559951320469
1999-08-27,5.658297290242555
1999-08-30,5.639498810928791
1999-08-31,5.705274245713593
1999-09-01,5.724249159134339
1999-09-02,5.7116053812182965
1999-09-03,5.736908431263743
1999-09-07,5.774859257731904
1999-09-08,5.768528622040534
1999-09-09,5.80648344701537
1999-09-10,5.844434773296864
1999-09-13,5.812806085693391
1999-09-14,5.787507533967954
1999-09-15,5.768528622040533
1999-09-16,5.768528622040533
1999-09-17,5.787507533967954
1999-09-20,5.806483447015369
1999-09-21,5.781185894916599
1999-09-22,5.774859257731904
1999-09-23,5.787507533967954
1999-09-24,5.781185894916599
1999-09-27,5.800154810577335
1999-09-28,5.774859257731903
1999-09-29,5.774859257731903
1999-09-30,5.829127490122705
1999-10-01,5.816356259806434
1999-10-04,5.841888724172291
1999-10-05,5.841888724172291
1999-10-06,5.880199416241099
1999-10-07,5.912125492778439
1999-10-08,5.905743876126977
1999-10-11,5.905743876126977
1999-10-12,5.867432184431501
1999-10-13,5.841888724172291
1999-10-14,5.861040571513355
1999-10-15,5.822741874964569
1999-10-18,5.822741874964569
1999-10-19,5.861040571513355
1999-10-20,5.880199416241099
1999-10-21,5.918505110176564
1999-10-22,5.995119496927501
1999-10-25,5.982353764557906
1999-10-26,6.033427689929639
1999-10-27,6.020662457373379
1999-10-28,6.058967151682175
1999-10-29,6.142761856792674
1999-11-01,6.14920545029758
1999-11-02,6.194330597365294
1999-11-03,6.2072167847484385
1999-11-04,6.26523211770597
1999-11-05,6.2587905234544
1999-11-08,6.303908673135435
1999-11-09,6.316806356225268
1999-11-10,6.310351766827008
1999-11-11,6.310351766827008
1999-11-12,6.3361301393533065
1999-11-15,6.368359602584525
1999-11-16,6.3619165088929535
1999-11-17,6.2974630803771925
1999-11-18,6.323242952343493
1999-11-19,6.291020986312288
1999-11-22,6.329689544728406
1999-11-23,6.3619165088929535
1999-11-24,6.342579230804889
1999-11-26,6.329689544728405
1999-11-29,6.303908673135435
1999-11-30,6.317566072493298
1999-12-01,6.291539292739886
1999-12-02,6.317566072493298
1999-12-03,6.376126201985142
1999-12-06,6.395641413620192
1999-12-07,6.38262677421015
1999-12-08,6.369621131440124
1999-12-09,6.3826267742101495
1999-12-10,6.434680833530307
1999-12-13,6.486735892477134
1999-12-14,6.467210184762063
1999-12-15,6.473721752880425
1999-12-16,6.4932354650754736
1999-12-17,6.506252103738852
1999-12-20,6.512760672977208
1999-12-21,6.532277384052262
1999-12-22,6.532277384052262
1999-12-23,6.545290524022299
1999-12-27,6.545290524022299
1999-12-28,6.532277384052261
1999-12-29,6.532277384052261
1999-12-30,6.532277384052261
1999-12-31,6.641319659928105
2000-01-03,6.641319659928105
2000-01-04,6.595340831685526
2000-01-05,6.575632192290127
2000-01-06,6.549356005682934
2000-01-07,6.60190587983065
2000-01-10,6.634757110849653
2000-01-11,6.555920554014724
2000-01-12,6.529646366660869
2000-01-13,6.569061146384992
2000-01-14,6.562493599173195
2000-01-18,6.562493599173195
2000-01-19,6.562493599173195
2000-01-20,6.549356005682933
2000-01-21,6.56906114638499
2000-01-24,6.5887627883937085
2000-01-25,6.575632192290126
2000-01-26,6.582202238568593
2000-01-27,6.575632192290127
2000-01-28,6.516506773917269
2000-01-31,6.558244686018899
2000-02-01,6.571492738256026
2000-02-02,6.584743789373158
2000-02-03,6.6576120751840335
2000-02-04,6.7172318089444465
2000-02-07,6.756979964162502
2000-02-08,6.803352645312457
2000-02-09,6.790101594195323
2000-02-10,6.809975171991018
2000-02-11,6.82985074904005
2000-02-14,6.869592906498093
2000-02-15,6.915969086341387
2000-02-16,6.902709538397572
2000-02-17,6.902709538397572
2000-02-18,6.882845956868563
2000-02-22,6.876216432803323
2000-02-23,6.889468983360458
2000-02-24,6.876216432803322
2000-02-25,6.896091010225684
2000-02-28,6.8762164328033215
2000-02-29,6.957676010016294
2000-03-01,6.977713526585616
2000-03-02,7.044481090838867
2000-03-03,7.0511660941842065
2000-03-06,7.057841101262863
2000-03-07,7.0912286319894955
2000-03-08,7.157997195869415
2000-03-09,7.2114202439120305
2000-03-10,7.191386725849385
2000-03-13,7.151320689350757
2000-03-14,7.178029214492059
2000-03-15,7.13128617166144
2000-03-16,7.157997195869415
2000-03-17,7.191386725849384
2000-03-20,7.184702222317377
2000-03-21,7.231446264774665
2000-03-22,7.278189307605284
2000-03-23,7.264836294567967
2000-03-24,7.271519798473303
2000-03-27,7.271519798473303
2000-03-28,7.238121771666653
2000-03-29,7.224771757509342
2000-03-30,7.124613663649453
2000-03-31,7.214795483358091
2000-04-03,7.174407567072219
2000-04-04,7.113843685923443
2000-04-05,7.053270808134651
2000-04-06,7.080190754316335
2000-04-07,7.12056967396219
2000-04-10,7.1138436859234435
2000-04-11,7.073459768144246
2000-04-12,7.073459768144246
2000-04-13,7.0936552257271845
2000-04-14,6.9994314155846205
2000-04-17,6.932130050690412
2000-04-18,6.9657764847241745
2000-04-19,6.945589523967917
2000-04-20,6.952322509393344
2000-04-24,6.9186690779729005
2000-04-25,6.925401563584992
2000-04-26,6.885022643939137
2000-04-27,6.87155967196829
2000-04-28,6.954251788863476
2000-05-01,6.961025758982308
2000-05-02,6.940692352919123
2000-05-03,6.8729141661040565
2000-05-04,6.784797075279128
2000-05-05,6.750911230658267
2000-05-08,6.703464950466384
2000-05-09,6.703464950466384
2000-05-10,6.6424597341434835
2000-05-11,6.68312354738985
2000-05-12,6.635685264211315
2000-05-15,6.6763480778310145
2000-05-16,6.703464950466384
2000-05-17,6.696680984080866
2000-05-18,6.696680984080866
2000-05-19,6.6221273277069646
2000-05-22,6.581456517073917
2000-05-23,6.581456517073917
2000-05-24,6.615347859641455
2000-05-25,6.642459734143483
2000-05-26,6.635685264211314
2000-05-30,6.7170178888373915
2000-05-31,6.805155472009022
2000-06-01,6.887142352289608
2000-06-02,6.996465523259292
2000-06-05,6.969131731636867
2000-06-06,6.948641884000065
2000-06-07,7.003295972284894
2000-06-08,7.003295972284894
2000-06-09,7.037460712746255
2000-06-12,7.0306327627873255
2000-06-13,7.057963055716412
2000-06-14,7.092118799537757
2000-06-15,7.064793504742013
2000-06-16,7.092118799537758
2000-06-19,7.105784195908968
2000-06-20,7.119452091346849
2000-06-21,7.105784195908968
2000-06-22,7.07846189999323
2000-06-23,7.037460712746257
2000-06-26,7.057963055716413
2000-06-27,7.085283352378815
2000-06-28,7.092118799537758
2000-06-29,7.092118799537758
2000-06-30,7.170646471732131
2000-07-03,7.2119725376463535
2000-07-05,7.232642318083477
2000-07-06,7.218871461098745
2000-07-07,7.239528746202512
2000-07-10,7.246418673014888
2000-07-11,7.225749392391097
2000-07-12,7.239528746202511
2000-07-13,7.260198526639634
2000-07-14,7.253307100387257
2000-07-17,7.260198526639633
2000-07-18,7.253307100387256
2000-07-19,7.218871461098741
2000-07-20,7.27397338213104
2000-07-21,7.29463566536815
2000-07-24,7.29463566536815
2000-07-25,7.29463566536815
2000-07-26,7.308413019926229
2000-07-27,7.329072304283335
2000-07-28,7.370401868890897
2000-07-31,7.4363117534626095
2000-08-01,7.4501765753541775
2000-08-02,7.457118482753313
2000-08-03,7.470990801844896
2000-08-04,7.49873793909473
2000-08-07,7.5126112578129804
2000-08-08,7.5126112578129804
2000-08-09,7.53341748729035
2000-08-10,7.54729430470194
2000-08-11,7.588918259363365
2000-08-14,7.581982849537574
2000-08-15,7.56117112211353
2000-08-16,7.533417487290352
2000-08-17,7.568106032125986
2000-08-18,7.526480578024557
2000-08-21,7.491803528895609
2000-08-22,7.526480578024557
2000-08-23,7.53341748729035
2000-08-24,7.561171122113528
2000-08-25,7.581982849537573
2000-08-28,7.588918259363363
2000-08-29,7.575047939525119
2000-08-30,7.581982849537573
2000-08-31,7.691858314241581
2000-09-01,7.712864469052644
2000-09-05,7.705862084240066
2000-09-06,7.712864469052644
2000-09-07,7.66386726808464
2000-09-08,7.642874608233604
2000-09-11,7.614875065249982
2000-09-12,7.586878021333032
2000-09-13,7.579880634653796
2000-09-14,7.565879863535318
2000-09-15,7.495892001969617
2000-09-18,7.36291266589078
2000-09-19,7.369911552010016
2000-09-20,7.334919120667169
2000-09-21,7.390911709061067
2000-09-22,7.376910937942586
2000-09-25,7.404902983726196
2000-09-26,7.404902983726196
2000-09-27,7.418900256151336
2000-09-28,7.453901184320865
2000-09-29,7.533755361104287
2000-10-02,7.498422556880828
2000-10-03,7.547892081449677
2000-10-04,7.562034299741746
2000-10-05,7.562034299741746
2000-10-06,7.526694498131606
2000-10-09,7.519621639638903
2000-10-10,7.505488417986851
2000-10-11,7.4842898350421105
2000-10-12,7.406551368102489
2000-10-13,7.364146705012996
2000-10-16,7.364146705012996
2000-10-17,7.2864032399400305
2000-10-18,7.215726135786426
2000-10-19,7.265202157928619
2000-10-20,7.258139295702601
2000-10-23,7.215726135786427
2000-10-24,7.229865355198487
2000-10-25,7.173321972510266
2000-10-26,7.1945290522816885
2000-10-27,7.229865355198488
2000-10-30,7.258139295702602
2000-10-31,7.385147861690715
2000-11-01,7.385147861690715
2000-11-02,7.435094707993755
2000-11-03,7.370869194358404
2000-11-06,7.349468187013298
2000-11-07,7.306653676989736
2000-11-08,7.249574494407219
2000-11-09,7.213897818609809
2000-11-10,7.263840166592841
2000-11-13,7.278115335231813
2000-11-14,7.313792510842556
2000-11-15,7.3565965247861005
2000-11-16,7.3565965247861005
2000-11-17,7.342337849987158
2000-11-20,7.370869194358402
2000-11-21,7.378012526531232
2000-11-22,7.342337849987159
2000-11-24,7.335198016507669
2000-11-27,7.335198016507669
2000-11-28,7.285243673004616
2000-11-29,7.313792510842559
2000-11-30,7.330350826792298
2000-12-01,7.344750448951493
2000-12-04,7.323146517392691
2000-12-05,7.409562743441232
2000-12-06,7.445565297532561
2000-12-07,7.445565297532561
2000-12-08,7.488774660090165
2000-12-11,7.4959644749030785
2000-12-12,7.474373538490967
2000-12-13,7.459962920438419
2000-12-14,7.4815703506905615
2000-12-15,7.474373538490967
2000-12-18,7.517568406461881
2000-12-19,7.575176391552014
2000-12-20,7.582382200391623
2000-12-21,7.567975081032415
2000-12-22,7.582382200391623
2000-12-26,7.582382200391623
2000-12-27,7.582382200391623
2000-12-28,7.589585510164561
2000-12-29,7.659342957783181
2001-01-02,7.666604245902889
2001-01-03,7.710210460247874
2001-01-04,7.739273606006739
2001-01-05,7.782878820725056
2001-01-08,7.753805678699505
2001-01-09,7.768344248965619
2001-01-10,7.753805678699507
2001-01-11,7.775616033165346
2001-01-12,7.782878820725058
2001-01-16,7.761073964205895
2001-01-17,7.804683177430886
2001-01-18,7.833742324683077
2001-01-19,7.841010110376131
2001-01-22,7.841010110376131
2001-01-23,7.841010110376131
2001-01-24,7.841010110376131
2001-01-25,7.833742324683077
2001-01-26,7.833742324683077
2001-01-29,7.906414683666934
2001-01-30,7.913684968426659
2001-01-31,8.001615129064584
2001-02-01,8.045579709570214
2001-02-02,8.016266657144232
2001-02-05,7.994287365771425
2001-02-06,7.986959102664929
2001-02-07,7.95031628769245
2001-02-08,7.986959102664929
2001-02-09,8.008939393664406
2001-02-12,7.994287365771423
2001-02-13,8.008939393664406
2001-02-14,8.016266657144232
2001-02-15,8.02359292099739
2001-02-16,8.008939393664404
2001-02-20,7.928333997439633
2001-02-21,7.847737597854879
2001-02-22,7.8623861270545214
2001-02-23,7.877053149347533
2001-02-26,7.899023943893662
2001-02-27,7.899023943893662
2001-02-28,7.955217457247919
2001-03-01,8.021750609047416
2001-03-02,8.043934823887259
2001-03-05,8.080902517526992
2001-03-06,8.095691994086888
2001-03-07,8.125259951313327
2001-03-08,8.103092730126846
2001-03-09,8.117872210420057
2001-03-12,8.073516775887061
2001-03-13,8.05133406048722
2001-03-14,8.029156843034054
2001-03-15,7.999576390474259
2001-03-16,7.955217457247921
2001-03-19,7.88128306959513
2001-03-20,7.896069047461688
2001-03-21,7.918248763981524
2001-03-22,7.814745919288961
2001-03-23,7.770389984942629
2001-03-26,7.84432337296875
2001-03-27,7.866500590421914
2001-03-28,7.88128306959513
2001-03-29,7.836923136742125
2001-03-30,7.905601987185476
2001-04-02,7.905601987185476
2001-04-03,7.905601987185476
2001-04-04,7.935467333345783
2001-04-05,7.957856471652662
2001-04-06,7.987723317252971
2001-04-09,8.017578167333257
2001-04-10,8.03997730190682
2001-04-11,8.010113455186517
2001-04-12,7.9951820316396995
2001-04-16,7.935467333345783
2001-04-17,7.935467333345783
2001-04-18,7.9802551064128915
2001-04-19,7.905601987185477
2001-04-20,7.741372322197181
2001-04-23,7.58460087178228
2001-04-24,7.659254990636362
2001-04-25,7.67418641418318
2001-04-26,7.741372322197183
2001-04-27,7.79362480741103
2001-04-30,7.852407853649942
2001-05-01,7.8373314842361985
2001-05-02,7.829801296542674
2001-05-03,7.882549096770745
2001-05-04,7.91269083970488
2001-05-07,7.942841079465698
2001-05-08,7.942841079465698
2001-05-09,7.942841079465698
2001-05-10,7.957912950559434
2001-05-11,7.867474226797003
2001-05-14,7.844872667823076
2001-05-15,7.852407853649942
2001-05-16,7.927771207625299
2001-05-17,7.972984821653172
2001-05-18,8.018196436427706
2001-05-21,8.010662750040844
2001-05-22,8.048336180108505
2001-05-23,8.03326930714811
2001-05-24,8.018196436427706
2001-05-25,7.995589379507102
2001-05-29,7.995589379507102
2001-05-30,7.950376265292566
2001-05-31,8.035602435792303
2001-06-01,8.043205596232625
2001-06-04,8.149742307863969
2001-06-05,8.21061257458663
2001-06-06,8.233446546760977
2001-06-07,8.256273021735305
2001-06-08,8.301935468137316
2001-06-11,8.317154784164652
2001-06-12,8.317154784164652
2001-06-13,8.286716152109983
2001-06-14,8.241056204774642
2001-06-15,8.233446546760977
2001-06-18,8.14974230786397
2001-06-19,8.164963623144644
2001-06-20,8.195402255199314
2001-06-21,8.241056204774642
2001-06-22,8.256273021735307
2001-06-25,8.279103495216313
2001-06-26,8.248665362974977
2001-06-27,8.233446546760977
2001-06-28,8.203001916946297
2001-06-29,8.22758623541712
2001-07-02,8.242952496564717
2001-07-03,8.22758623541712
2001-07-05,8.14308629369202
2001-07-06,8.081630745554977
2001-07-09,8.127718033291083
2001-07-10,8.066258986460701
2001-07-11,7.889569974676691
2001-07-12,7.628387518740929
2001-07-13,7.712882462332686
2001-07-16,7.697519200065093
2001-07-17,7.85885094734152
2001-07-18,7.835804054686794
2001-07-19,7.820436793912525
2001-07-20,7.904950730410984
2001-07-23,7.974073914908464
2001-07-24,7.966403779481356
2001-07-25,7.935671756999493
2001-07-26,7.927989626052363
2001-07-27,7.851167816767719
2001-07-30,7.8665320786619795
2001-07-31,7.930878547124215
2001-08-01,7.853348002531632
2001-08-02,7.938628152871467
2001-08-03,7.9541348615659855
2001-08-06,7.961886966379909
2001-08-07,8.000653488209535
2001-08-08,8.070425430414849
2001-08-09,8.08592664116269
2001-08-10,8.078174536348765
2001-08-13,8.070425430414849
2001-08-14,8.023903804891294
2001-08-15,8.062666328214249
2001-08-16,8.109184455044463
2001-08-17,8.03166190746523
2001-08-20,7.977393675074428
2001-08-21,7.907615235295768
2001-08-22,8.062666328214249
2001-08-23,8.101432850043876
2001-08-24,8.078174536348767
2001-08-27,8.078174536348767
2001-08-28,8.147950477060757
2001-08-29,8.17895889631645
2001-08-30,8.140194873553492
2001-08-31,8.214586590407103
2001-09-04,8.285068767360361
2001-09-05,8.261573542144829
2001-09-06,8.230252739555242
2001-09-07,8.214586590407103
2001-09-10,8.19892543939231
2001-09-17,7.963995179023697
2001-09-18,7.995321979373294
2001-09-19,8.003148056560685
2001-09-20,7.90918414935192
2001-09-21,7.838710469225347
2001-09-24,7.838710469225347
2001-09-25,7.823045819517211
2001-09-26,7.752567141257295
2001-09-27,7.752567141257295
2001-09-28,7.914492166961454
2001-10-01,7.898693567279746
2001-10-02,7.851300767114625
2001-10-03,7.843407714940451
2001-10-04,7.780213816026952
2001-10-05,7.772309767959422
2001-10-08,7.772309767959422
2001-10-09,7.780213816026952
2001-10-10,7.8355081651929295
2001-10-11,7.922387718202302
2001-10-12,7.882890969091363
2001-10-15,7.953985917192387
2001-10-16,8.048769018455953
2001-10-17,8.080364718379368
2001-10-18,8.040872967401771
2001-10-19,8.080364718379368
2001-10-22,8.135649071278662
2001-10-23,8.104059868928594
2001-10-24,8.08036471837937
2001-10-25,8.08036471837937
2001-10-26,8.040872967401773
2001-10-29,7.882890969091363
2001-10-30,7.922387718202302
2001-10-31,8.030044511515658
2001-11-01,7.982191883083045
2001-11-02,7.894473643298832
2001-11-05,8.006116447952682
2001-11-06,8.038016534196643
2001-11-07,8.18154642994776
2001-11-08,8.173578405773451
2001-11-09,8.157632361158145
2001-11-12,8.157632361158145
2001-11-13,8.229400058007043
2001-11-14,8.18154642994776
2001-11-15,8.18154642994776
2001-11-16,8.093833688110225
2001-11-19,8.117756253726524
2001-11-20,8.125735773607522
2001-11-21,8.117756253726524
2001-11-23,8.149655340343816
2001-11-26,8.245350101129022
2001-11-27,8.213448015631725
2001-11-28,8.165606383092465
2001-11-29,8.109782731605538
2001-11-30,8.175828565404158
2001-12-03,8.288607945580049
2001-12-04,8.30471043176897
2001-12-05,8.336931398173505
2001-12-06,8.280544956872232
2001-12-07,8.272494963311107
2001-12-10,8.280544956872232
2001-12-11,8.344987389494642
2001-12-12,8.401375330235918
2001-12-13,8.344987389494642
2001-12-14,8.328888901812396
2001-12-17,8.296661437834516
2001-12-18,8.32082791235792
2001-12-19,8.336931398173508
2001-12-20,8.27249496331111
2001-12-21,8.296661437834516
2001-12-24,8.232217505772105
2001-12-26,8.232217505772105
2001-12-27,8.280544956872236
2001-12-28,8.320827912357919
2001-12-31,8.383371554123585
2002-01-02,8.440234817345713
2002-01-03,8.54584537486873
2002-01-04,8.57021827229917
2002-01-07,8.578344237487098
2002-01-08,8.537715411174126
2002-01-09,8.52959544374621
2002-01-10,8.488982611459935
2002-01-11,8.51334751187703
2002-01-14,8.497103578514523
2002-01-15,8.488982611459937
2002-01-16,8.488982611459937
2002-01-17,8.529595443746214
2002-01-18,8.553968341176654
2002-01-22,8.586459206781676
2002-01-23,8.602698142010842
2002-01-24,8.594586171596273
2002-01-25,8.553968341176654
2002-01-28,8.553968341176654
2002-01-29,8.52147247743829
2002-01-30,8.488982611459937
2002-01-31,8.557705945290033
2002-02-01,8.549521002128666
2002-02-04,8.549521002128666
2002-02-05,8.59042772465547
2002-02-06,8.623153502527579
2002-02-07,8.59042772465547
2002-02-08,8.606793612471527
2002-02-11,8.623153502527577
2002-02-12,8.680419115483762
2002-02-13,8.721331835770577
2002-02-14,8.754058613269356
2002-02-15,8.754058613269356
2002-02-19,8.762237558670712
2002-02-20,8.79496633542283
2002-02-21,8.79496633542283
2002-02-22,8.81132522585221
2002-02-25,8.827687115161597
2002-02-26,8.827687115161597
2002-02-27,8.860415891913712
2002-02-28,8.937845974026114
2002-03-01,8.954327818535717
2002-03-04,8.962551747137153
2002-03-05,8.970800666405303
2002-03-06,8.946083897400909
2002-03-07,8.904898279033604
2002-03-08,8.904898279033604
2002-03-11,8.921380123543209
2002-03-12,8.904898279033606
2002-03-13,8.913129205021725
2002-03-14,8.929613048784663
2002-03-15,8.929613048784663
2002-03-18,8.937845974026114
2002-03-19,8.929613048784663
2002-03-20,8.913129205021725
2002-03-21,8.880181510029216
2002-03-22,8.847229816530033
2002-03-25,8.82252004491232
2002-03-26,8.847229816530035
2002-03-27,8.863705663279625
2002-03-28,8.926757115392869
2002-04-01,8.926757115392869
2002-04-02,8.959941721905802
2002-04-03,8.968242621760712
2002-04-04,8.984839423337188
2002-04-05,8.993131326552078
2002-04-08,8.984839423337188
2002-04-09,9.00142522902031
2002-04-10,9.034614833666588
2002-04-11,9.076091343394411
2002-04-12,9.142465554553626
2002-04-15,9.067792442792843
2002-04-16,9.084383246609308
2002-04-17,9.092684146464215
2002-04-18,9.092684146464215
2002-04-19,9.117563854615568
2002-04-22,9.092684146464215
2002-04-23,9.076091343394417
2002-04-24,9.059504538084626
2002-04-25,9.05120163897638
2002-04-26,9.042906736881482
2002-04-29,9.02630893567834
2002-04-30,8.993131326552081
2002-05-01,8.976535524602275
2002-05-02,8.92675711539287
2002-05-03,8.918467211431315
2002-05-06,8.901865411721497
2002-05-07,8.910165311949738
2002-05-08,8.901865411721497
2002-05-09,8.843804095937216
2002-05-10,8.843804095937216
2002-05-13,8.835498197948963
2002-05-14,8.843804095937214
2002-05-15,8.910165311949735
2002-05-16,8.94334791920933
2002-05-17,8.910165311949733
2002-05-20,8.901865411721491
2002-05-21,8.885275607531696
2002-05-22,8.86868680296857
2002-05-23,8.843804095937212
2002-05-24,8.843804095937212
2002-05-28,8.83549819794896
2002-05-29,8.860386902740327
2002-05-30,8.852093999898768
2002-05-31,8.852093999898768
2002-06-03,8.83549819794896
2002-06-04,8.760840080588205
2002-06-05,8.711055673618791
2002-06-06,8.611501854079988
2002-06-07,8.628087659763109
2002-06-10,8.669577164637625
2002-06-11,8.603205952358419
2002-06-12,8.520246935142756
2002-06-13,8.60320595235842
2002-06-14,8.520246935142758
2002-06-17,8.561724444497251
2002-06-18,8.545138638814132
2002-06-19,8.445573823381974
2002-06-20,8.23817478090281
2002-06-21,8.022466341742053
2002-06-24,8.155212764807139
2002-06-25,8.155212764807139
2002-06-26,8.072242251884786
2002-06-27,8.163499170075355
2002-06-28,8.298046420583674
2002-07-01,8.272973784485307
2002-07-02,8.189406494441885
2002-07-03,8.147628597273517
2002-07-05,8.164337357036858
2002-07-08,8.147628597273517
2002-07-09,8.2228405078086
2002-07-10,8.264618904790302
2002-07-11,8.281323666046973
2002-07-12,8.348172699873706
2002-07-15,8.306403299532018
2002-07-16,8.298046420583676
2002-07-17,8.298046420583676
2002-07-18,8.339822318498706
2002-07-19,8.339822318498706
2002-07-22,8.314758179227024
2002-07-23,8.214473632593574
2002-07-24,8.164337357036862
2002-07-25,8.080779063633456
2002-07-26,8.022279911368388
2002-07-29,7.89693172527659
2002-07-30,7.821719814741505
2002-07-31,7.907624231935793
2002-08-01,8.050782266566245
2002-08-02,8.084465186973407
2002-08-05,8.042362910951123
2002-08-06,8.02551120457419
2002-08-07,8.118153105513914
2002-08-08,8.202364155131828
2002-08-09,8.092892539601879
2002-08-12,8.000252637915493
2002-08-13,7.983412927058582
2002-08-14,8.025511204574192
2002-08-15,8.042362910951127
2002-08-16,8.067629974436507
2002-08-19,8.118153105513915
2002-08-20,8.151841523867756
2002-08-21,8.20236415513183
2002-08-22,8.151841523867756
2002-08-23,8.210787509253624
2002-08-26,8.24446643115411
2002-08-27,8.261315138651042
2002-08-28,8.278161347081298
2002-08-29,8.286580202883084
2002-08-30,8.384168756391691
2002-09-03,8.367196595001207
2002-09-04,8.38416875639169
2002-09-05,8.409623249877408
2002-09-06,8.418116078052659
2002-09-09,8.45205040456694
2002-09-10,8.45205040456694
2002-09-11,8.45205040456694
2002-09-12,8.477509896186
2002-09-13,8.4690280639041
2002-09-16,8.418116078052659
2002-09-17,8.375677427656438
2002-09-18,8.341736603568814
2002-09-19,8.307788282281175
2002-09-20,8.299302951305934
2002-09-23,8.256877296056402
2002-09-24,8.23990763373259
2002-09-25,8.265361127591639
2002-09-26,8.256877296056402
2002-09-27,8.180501820079227
2002-09-30,8.250536664098348
2002-10-01,8.293246213321723
2002-10-02,8.310329333272405
2002-10-03,8.344493074107099
2002-10-04,8.370117004313121
2002-10-07,8.353025387535757
2002-10-08,8.335949264971754
2002-10-09,8.276160094491036
2002-10-10,8.25053666409835
2002-10-11,8.276160094491036
2002-10-14,8.276160094491036
2002-10-15,8.276160094491036
2002-10-16,8.284700904746378
2002-10-17,8.318866644834406
2002-10-18,8.370117004313121
2002-10-21,8.378651316995114
2002-10-22,8.378651316995114
2002-10-23,8.412815057829807
2002-10-24,8.43844248672917
2002-10-25,8.464056920481841
2002-10-28,8.489695345274555
2002-10-29,8.455521108359843
2002-10-30,8.532387401031231
2002-10-31,8.645837030888327
2002-11-01,8.654434819863768
2002-11-04,8.654434819863768
2002-11-05,8.637242240792888
2002-11-06,8.602862080784474
2002-11-07,8.663019613692521
2002-11-08,8.706002560809718
2002-11-11,8.706002560809718
2002-11-12,8.697395775194261
2002-11-13,8.688808982112173
2002-11-14,8.70600256080972
2002-11-15,8.731782932589358
2002-11-18,8.77474488754652
2002-11-19,8.809129046061608
2002-11-20,8.817723836157045
2002-11-21,8.817723836157045
2002-11-22,8.809129046061607
2002-11-25,8.774744887546518
2002-11-26,8.757561305115654
2002-11-27,8.757561305115654
2002-11-29,8.757561305115654
2002-12-02,8.834907418587905
2002-12-03,8.817723836157041
2002-12-04,8.809129046061603
2002-12-05,8.774744887546515
2002-12-06,8.809129046061603
2002-12-09,8.843507206816682
2002-12-10,8.834907418587903
2002-12-11,8.860691788874213
2002-12-12,8.877881369065086
2002-12-13,8.869281580836308
2002-12-16,8.877881369065086
2002-12-17,8.860691788874215
2002-12-18,8.903662740471393
2002-12-19,8.94663469169524
2002-12-20,8.94663469169524
2002-12-23,8.95522648291067
2002-12-24,8.938037902346464
2002-12-26,8.938037902346464
2002-12-27,8.963827270766116
2002-12-30,8.95522648291067
2002-12-31,8.999318016003192
2003-01-02,8.990676243454336
2003-01-03,9.016611557367584
2003-01-06,9.07712095886293
2003-01-07,9.085760732158445
2003-01-08,9.103050275016164
2003-01-09,9.059826417871864
2003-01-10,9.085760732158445
2003-01-13,9.120349814140567
2003-01-14,9.120349814140567
2003-01-15,9.103050275016162
2003-01-16,9.111704043085036
2003-01-17,9.094404503960634
2003-01-21,9.05119164270969
2003-01-22,9.04254687128083
2003-01-23,9.051191642709693
2003-01-24,9.033897101718628
2003-01-27,9.0252513306631
2003-01-28,9.033897101718628
2003-01-29,9.051191642709693
2003-01-30,9.051191642709693
2003-01-31,9.068474188180732
2003-02-03,9.085760732158445
2003-02-04,9.068474188180732
2003-02-05,9.068474188180732
2003-02-06,9.077120958862928
2003-02-07,9.094404503960638
2003-02-10,9.111704043085044
2003-02-11,9.120349814140573
2003-02-12,9.120349814140573
2003-02-13,9.111704043085044
2003-02-14,9.111704043085044
2003-02-18,9.137639356998289
2003-02-19,9.163568673151524
2003-02-20,9.198150757746973
2003-02-21,9.20679552917583
2003-02-24,9.241374614891267
2003-02-25,9.250020385946796
2003-02-26,9.258660159242314
2003-02-27,9.267302931417838
2003-02-28,9.275950701726703
2003-03-03,9.30188701526662
2003-03-04,9.293246242344434
2003-03-05,9.319172559617666
2003-03-06,9.379693956633032
2003-03-07,9.388343726195234
2003-03-10,9.3710451866975
2003-03-11,9.3710451866975
2003-03-12,9.39697950098408
2003-03-13,9.379693956633032
2003-03-14,9.379693956633032
2003-03-17,9.35376064197312
2003-03-18,9.3710451866975
2003-03-19,9.293246242344432
2003-03-20,9.30188701526662
2003-03-21,9.345109872784253
2003-03-24,9.319172559617666
2003-03-25,9.3710451866975
2003-03-26,9.379693956633032
2003-03-27,9.3710451866975
2003-03-28,9.405620273906264
2003-03-31,9.501248559518018
2003-04-01,9.562087837813952
2003-04-02,9.60556659975871
2003-04-03,9.66641487469466
2003-04-04,9.66641487469466
2003-04-07,9.675103629696936
2003-04-08,9.657718122679045
2003-04-09,9.640329616781145
2003-04-10,9.614258353640986
2003-04-11,9.649019371410086
2003-04-14,9.709873644106048
2003-04-15,9.75333541239744
2003-04-16,9.762030165159723
2003-04-17,9.805495931957791
2003-04-21,9.814188685466736
2003-04-22,9.840270944500247
2003-04-23,9.883730713538304
2003-04-24,9.90981697107849
2003-04-25,9.90981697107849
2003-04-28,9.944580987727594
2003-04-29,10.0228097715481
2003-04-30,10.1574384916299
2003-05-01,10.192397435479352
2003-05-02,10.262331317204955
2003-05-05,10.262331317204955
2003-05-06,10.236108110811193
2003-05-07,10.323519465208188
2003-05-08,10.384708612838086
2003-05-09,10.402188084762813
2003-05-12,10.463379231646048
2003-05-13,10.50708890735122
2003-05-14,10.472117967981744
2003-05-15,10.393444350293777
2003-05-16,10.375964878369048
2003-05-19,10.358482407564315
2003-05-20,10.306027997763438
2003-05-21,10.40218808476281
2003-05-22,10.489594441026464
2003-05-23,10.53330711561164
2003-05-27,10.54204985045401
2003-05-28,10.498340174748837
2003-05-29,10.577019790196816
2003-05-30,10.618330361897678
2003-06-02,10.60074492954609
2003-06-03,10.644702512665043
2003-06-04,10.706229534108884
2003-06-05,10.78534098827764
2003-06-06,10.811710140165
2003-06-09,10.838077292799024
2003-06-10,10.864456440953068
2003-06-11,10.864456440953068
2003-06-12,10.908404027805332
2003-06-13,10.978720766544956
2003-06-16,11.031458070693008
2003-06-17,11.04026278238882
2003-06-18,10.925987460903578
2003-06-19,10.873233163102162
2003-06-20,10.8029144251092
2003-06-23,10.811710140164996
2003-06-24,10.855663724777273
2003-06-25,10.82929457288991
2003-06-26,10.688640103250622
2003-06-27,10.618330361897677
2003-06-30,10.718175072797004
2003-07-01,10.735853470428754
2003-07-02,10.709334374541124
2003-07-03,10.620988369209115
2003-07-07,10.488441871477724
2003-07-08,10.497278571226929
2003-07-09,10.532622371343743
2003-07-10,10.541466068479624
2003-07-11,10.541466068479624
2003-07-14,10.56796917034056
2003-07-15,10.479606171355188
2003-07-16,10.453092073600905
2003-07-17,10.506110272842792
2003-07-18,10.541466068479624
2003-07-21,10.53262237134374
2003-07-22,10.541466068479624
2003-07-23,10.550286774202132
2003-07-24,10.51494797221866
2003-07-25,10.523778674207854
2003-07-28,10.47076347384597
2003-07-29,10.382409471500615
2003-07-30,10.31170987574697
2003-07-31,10.272624473010104
2003-08-01,10.148208938599982
2003-08-04,10.112660215016136
2003-08-05,10.148208938599982
2003-08-06,10.112660215016136
2003-08-07,10.210408708791691
2003-08-08,10.325926566225837
2003-08-11,10.317046882529889
2003-08-12,10.33482124432181
2003-08-13,10.254844113458168
2003-08-14,10.245968428268892
2003-08-15,10.245968428268892
2003-08-18,10.317046882529883
2003-08-19,10.38814333007091
2003-08-20,10.405904696716144
2003-08-21,10.397029011526866
2003-08-22,10.441465415820012
2003-08-25,10.423689054774751
2003-08-26,10.46811646242788
2003-08-27,10.477011140523851
2003-08-28,10.494777505302428
2003-08-29,10.544822814832312
2003-09-02,10.535891150549602
2003-09-03,10.544822814832312
2003-09-04,10.607372454357987
2003-09-05,10.687803415729112
2003-09-08,10.705674741307876
2003-09-09,10.67886775293973
2003-09-10,10.741423390225416
2003-09-11,10.750353055254788
2003-09-12,10.768223381206884
2003-09-15,10.777165041756277
2003-09-16,10.741423390225416
2003-09-17,10.777165041756277
2003-09-18,10.78609370715898
2003-09-19,10.812905693660468
2003-09-22,10.714613402977266
2003-09-23,10.687803415729114
2003-09-24,10.750353055254788
2003-09-25,10.750353055254788
2003-09-26,10.741423390225416
2003-09-29,10.732476731542684
2003-09-30,10.802523571081824
2003-10-01,10.79354892285237
2003-10-02,10.775583632366772
2003-10-03,10.766606984883982
2003-10-06,10.78456027984956
2003-10-07,10.78456027984956
2003-10-08,10.856404448138594
2003-10-09,10.847420803269124
2003-10-10,10.865383094874725
2003-10-13,10.856404448138596
2003-10-14,10.865383094874725
2003-10-15,10.856404448138596
2003-10-16,10.829463509796875
2003-10-17,10.78456027984956
2003-10-20,10.775583632366772
2003-10-21,10.78456027984956
2003-10-22,10.739669045422268
2003-10-23,10.71274010260057
2003-10-24,10.72170275531
2003-10-27,10.68578616911216
2003-10-28,10.703746461464418
2003-10-29,10.71274010260057
2003-10-30,10.67680452349603
2003-10-31,10.781549404324156
2003-11-03,10.781549404324156
2003-11-04,10.826706539445258
2003-11-05,10.799616656729937
2003-11-06,10.781549404324156
2003-11-07,10.781549404324156
2003-11-10,10.790591027540394
2003-11-11,10.790591027540394
2003-11-12,10.826706539445258
2003-11-13,10.844760796704357
2003-11-14,10.862822051350124
2003-11-17,10.862822051350124
2003-11-18,10.871849679793009
2003-11-19,10.835731169008136
2003-11-20,10.85379742178725
2003-11-21,10.871849679793003
2003-11-24,10.862822051350124
2003-11-25,10.871849679793009
2003-11-26,10.880873309729214
2003-11-28,10.8981258664002
2003-12-01,10.916268090806115
2003-12-02,10.925344700955751
2003-12-03,10.94348792498834
2003-12-04,10.979793365960214
2003-12-05,11.034239032084663
2003-12-08,11.061454867760215
2003-12-09,11.079611086939494
2003-12-10,11.052382256117257
2003-12-11,11.034239032084669
2003-12-12,11.043315642234305
2003-12-15,11.061454867760215
2003-12-16,11.079611086939494
2003-12-17,11.1249741451543
2003-12-18,11.161276587246167
2003-12-19,11.170347199635794
2003-12-22,11.170347199635794
2003-12-23,11.152199977096537
2003-12-24,11.134048756050602
2003-12-26,11.134048756050602
2003-12-29,11.143121367693563
2003-12-30,11.152199977096537
2003-12-31,11.21970376639111
2004-01-02,11.21970376639111
2004-01-05,11.310924698021612
2004-01-06,11.39301004152904
2004-01-07,11.538959533631171
2004-01-08,11.493351566882591
2004-01-09,11.566321314800314
2004-01-12,11.584576497019768
2004-01-13,11.54808512548756
2004-01-14,11.511597752462029
2004-01-15,11.529841938788127
2004-01-16,11.49335156688259
2004-01-20,11.47511237868983
2004-01-21,11.484233972039544
2004-01-22,11.50247715873898
2004-01-23,11.484233972039547
2004-01-26,11.456873190497074
2004-01-27,11.475112378689833
2004-01-28,11.411262224868487
2004-01-29,11.256180143523286
2004-01-30,11.348774562196256
2004-02-02,11.284597530454326
2004-02-03,11.312105257117064
2004-02-04,11.293768105510797
2004-02-05,11.238775643598691
2004-02-06,11.266272374368082
2004-02-09,11.32127583217354
2004-02-10,11.28459753045433
2004-02-11,11.34877456219626
2004-02-12,11.376272292592317
2004-02-13,11.367099718282509
2004-02-17,11.357932142106042
2004-02-18,11.33044540760334
2004-02-19,11.28459753045433
2004-02-20,11.247936222388484
2004-02-23,11.293768105510798
2004-02-24,11.321275832173535
2004-02-25,11.284597530454327
2004-02-26,11.312105257117066
2004-02-27,11.377512829287877
2004-03-01,11.423579624677282
2004-03-02,11.3959369484143
2004-03-03,11.3959369484143
2004-03-04,11.405151507044184
2004-03-05,11.497278100436317
2004-03-08,11.552546459308916
2004-03-09,11.580190135198563
2004-03-10,11.524920776699298
2004-03-11,11.5156972214294
2004-03-12,11.5156972214294
2004-03-15,11.53413133682251
2004-03-16,11.552546459308918
2004-03-17,11.570969578808672
2004-03-18,11.570969578808672
2004-03-19,11.598615253951658
2004-03-22,11.589407692708454
2004-03-23,11.598615253951657
2004-03-24,11.57096957880867
2004-03-25,11.57096957880867
2004-03-26,11.552546459308916
2004-03-29,11.524920776699298
2004-03-30,11.561764016818804
2004-03-31,11.629354773633532
2004-04-01,11.638614315463498
2004-04-02,11.518250267940653
2004-04-05,11.48121010136746
2004-04-06,11.54602589455054
2004-04-07,11.54602589455054
2004-04-08,11.536765353093909
2004-04-12,11.518250267940653
2004-04-13,11.49047164245076
2004-04-14,11.425658848147688
2004-04-15,11.296031260288204
2004-04-16,11.342318973171338
2004-04-19,11.342318973171338
2004-04-20,11.296031260288204
2004-04-21,11.212694384191858
2004-04-22,11.249743547405066
2004-04-23,11.268250635544971
2004-04-26,11.277514175881612
2004-04-27,11.21269438419186
2004-04-28,11.055298167109168
2004-04-29,10.981214835082778
2004-04-30,11.099479666601852
2004-05-03,10.99704692225788
2004-05-04,11.015675964851336
2004-05-05,11.015675964851336
2004-05-06,10.820131994846797
2004-05-07,10.64322206556906
2004-05-10,10.466296142264625
2004-05-11,10.605971977395487
2004-05-12,10.578023415371955
2004-05-13,10.596652457965416
2004-05-14,10.736325294216275
2004-05-17,10.773573383136508
2004-05-18,10.801511948893356
2004-05-19,10.782894901819915
2004-05-20,10.699082203429388
2004-05-21,10.727016770679557
2004-05-24,10.764274855866477
2004-05-25,10.801511948893353
2004-05-26,10.820131994846797
2004-05-27,10.848060564336958
2004-05-28,10.904221589824491
2004-06-01,10.866792568477267
2004-06-02,10.885508578590882
2004-06-03,10.866792568477267
2004-06-04,10.904221589824491
2004-06-07,10.9697591134622
2004-06-08,10.951017113055206
2004-06-09,10.92294359769812
2004-06-10,10.894859086447678
2004-06-14,10.829345553850017
2004-06-15,10.95101711305521
2004-06-16,10.969759113462205
2004-06-17,11.016545640052902
2004-06-18,11.016545640052902
2004-06-21,11.044623153916664
2004-06-22,11.035257651659842
2004-06-23,11.053984657666811
2004-06-24,11.07270566591377
2004-06-25,10.99782962993929
2004-06-28,10.969759113462205
2004-06-29,11.016545640052904
2004-06-30,11.122882926163893
2004-07-01,11.151112383281262
2004-07-02,11.301675152458346
2004-07-06,11.292256669988095
2004-07-07,11.282851182664537
2004-07-08,11.207577295276009
2004-07-09,11.273438697954298
2004-07-12,11.301675152458346
2004-07-13,11.32050012187882
2004-07-14,11.348733577502864
2004-07-15,11.367545551776653
2004-07-16,11.480462380619455
2004-07-19,11.489879863463036
2004-07-20,11.44283343393854
2004-07-21,11.367545551776653
2004-07-22,11.376963034620232
2004-07-23,11.38636252418378
2004-07-26,11.38636252418378
2004-07-27,11.254624724427172
2004-07-28,11.273438697954296
2004-07-29,11.329908608082386
2004-07-30,11.438713972437808
2004-08-02,11.438713972437808
2004-08-03,11.45763090751178
2004-08-04,11.467090374675436
2004-08-05,11.467090374675436
2004-08-06,11.571166505262362
2004-08-09,11.580628971306025
2004-08-10,11.59008344033634
2004-08-11,11.571166505262363
2004-08-12,11.59955490302002
2004-08-13,11.646853238464969
2004-08-16,11.637393771301314
2004-08-17,11.684701103386278
2004-08-18,11.684701103386278
2004-08-19,11.684701103386278
2004-08-20,11.722549967934256
2004-08-23,11.722549967934256
2004-08-24,11.750930368678562
2004-08-25,11.760393834348893
2004-08-26,11.760393834348893
2004-08-27,11.779319766062883
2004-08-30,11.817162632850852
2004-08-31,11.888496991538972
2004-09-01,11.888496991538972
2004-09-02,11.869468098278128
2004-09-03,11.85045519904398
2004-09-07,11.907511890026456
2004-09-08,11.93604523365104
2004-09-09,11.926539783660631
2004-09-10,11.90751189002646
2004-09-13,11.90751189002646
2004-09-14,11.936045233651042
2004-09-15,11.955062131391864
2004-09-16,12.031150714515189
2004-09-17,12.021638267138105
2004-09-20,12.059682058886432
2004-09-21,12.059682058886432
2004-09-22,12.088226398404366
2004-09-23,12.078711951773943
2004-09-24,12.040673158158958
2004-09-27,12.040673158158958
2004-09-28,12.031150714515189
2004-09-29,12.031150714515189
2004-09-30,12.104780216034095
2004-10-01,12.104780216034095
2004-10-04,12.162146791283796
2004-10-05,12.181262652064795
2004-10-06,12.171708220367636
2004-10-07,12.162146791283796
2004-10-08,12.248193655278344
2004-10-11,12.257762081748862
2004-10-12,12.286437372360362
2004-10-13,12.267320511952692
2004-10-14,12.209959934463004
2004-10-15,12.21951236690683
2004-10-18,12.229072796364
2004-10-19,12.190833077788657
2004-10-20,12.190833077788657
2004-10-21,12.229072796364
2004-10-22,12.229072796364
2004-10-25,12.1812626520648
2004-10-26,12.209959934463004
2004-10-27,12.229072796364
2004-10-28,12.238638223954514
2004-10-29,12.344392727717786
2004-11-01,12.354009136268392
2004-11-02,12.39246177532412
2004-11-03,12.411697591305336
2004-11-04,12.469365054182244
2004-11-05,12.421301004709251
2004-11-08,12.392461775324122
2004-11-09,12.392461775324122
2004-11-10,12.373244952249609
2004-11-11,12.373244952249609
2004-11-12,12.450146231854394
2004-11-15,12.459759641524991
2004-11-16,12.459759641524991
2004-11-17,12.5270595069792
2004-11-18,12.565520143048278
2004-11-19,12.507830688384663
2004-11-22,12.517449096188605
2004-11-23,12.527059506979198
2004-11-24,12.546282327813724
2004-11-26,12.507830688384663
2004-11-29,12.421301004709251
2004-11-30,12.49764749151304
2004-12-01,12.54598443906652
2004-12-02,12.526656657431808
2004-12-03,12.58465799561598
2004-12-06,12.632980948396105
2004-12-07,12.632980948396105
2004-12-08,12.65231372816416
2004-12-09,12.613648168628048
2004-12-10,12.632980948396105
2004-12-13,12.661978118794847
2004-12-14,12.690978288073604
2004-12-15,12.76830141013248
2004-12-16,12.73930623898707
2004-12-17,12.74897062961776
2004-12-20,12.797305577917909
2004-12-21,12.816623363285936
2004-12-22,12.826294751303308
2004-12-23,12.826294751303308
2004-12-27,12.826294751303308
2004-12-28,12.797305577917909
2004-12-29,12.80696297116192
2004-12-30,12.816623363285936
2004-12-31,12.889537132110226
2005-01-03,12.889537132110226
2005-01-04,12.8215025410547
2005-01-05,12.763169326816596
2005-01-06,12.73400821764422
2005-01-07,12.763169326816596
2005-01-10,12.73400821764422
2005-01-11,12.753445958212463
2005-01-12,12.831208916005464
2005-01-13,12.860376022937848
2005-01-14,12.792318440468948
2005-01-18,12.763169326816596
2005-01-19,12.772887697287384
2005-01-20,12.792318440468952
2005-01-21,12.831208916005464
2005-01-24,12.870096392661976
2005-01-25,12.87981076462609
2005-01-26,12.908973873051805
2005-01-27,12.889537132110227
2005-01-28,12.908973873051805
2005-01-31,12.99594839059468
2005-02-01,12.99594839059468
2005-02-02,12.986178039537132
2005-02-03,13.025260443393991
2005-02-04,13.122966952849476
2005-02-07,13.181594057328104
2005-02-08,13.181594057328104
2005-02-09,13.201125762803189
2005-02-10,13.17182370627056
2005-02-11,13.17182370627056
2005-02-14,13.181594057328104
2005-02-15,13.17182370627056
2005-02-16,13.152274007515446
2005-02-17,13.171823706270558
2005-02-18,13.122966952849476
2005-02-22,13.064345846130855
2005-02-23,13.074113198308398
2005-02-24,13.34771101746646
2005-02-25,13.367250719954884
2005-02-28,13.427164343955829
2005-03-01,13.407525678427223
2005-03-02,13.417338013804846
2005-03-03,13.43698367672013
2005-03-04,13.505746995616963
2005-03-07,13.574497319367111
2005-03-08,13.554864651598516
2005-03-09,13.446812006124448
2005-03-10,13.38788401401861
2005-03-11,13.358429014605708
2005-03-14,13.240544041220648
2005-03-15,13.161970386199526
2005-03-16,13.112870723498006
2005-03-17,13.161970386199524
2005-03-18,13.1521390579152
2005-03-21,13.073565402894078
2005-03-22,13.004809081383922
2005-03-23,12.828001114026366
2005-03-24,12.788717785209146
2005-03-28,12.729779796836624
2005-03-29,12.759247791396216
2005-03-30,12.88693310463888
2005-03-31,13.042056170677489
2005-04-01,13.051943478055248
2005-04-04,12.97289799924661
2005-04-05,13.0124232377176
2005-04-06,13.140871266108295
2005-04-07,13.140871266108295
2005-04-08,13.150747577592702
2005-04-11,13.160621889823773
2005-04-12,13.229783060134654
2005-04-13,13.229783060134654
2005-04-14,13.09147171540624
2005-04-15,13.002538929219847
2005-04-18,13.022298549575336
2005-04-19,13.121105647992795
2005-04-20,13.121105647992795
2005-04-21,13.210037434552524
2005-04-22,13.200142130161415
2005-04-25,13.19028481158371
2005-04-26,13.200142130161415
2005-04-27,13.19028481158371
2005-04-28,13.140871266108295
2005-04-29,13.234330361849484
2005-05-02,13.264150224996376
2005-05-03,13.323825937850224
2005-05-04,13.403361233726406
2005-05-05,13.423243808162116
2005-05-06,13.403361233726406
2005-05-09,13.423243808162116
2005-05-10,13.363590087094977
2005-05-11,13.333757228801394
2005-05-12,13.35365679689047
2005-05-13,13.38346966265068
2005-05-16,13.37353037468616
2005-05-17,13.333757228801394
2005-05-18,13.403361233726404
2005-05-19,13.423243808162114
2005-05-20,13.44313537923784
2005-05-23,13.482903526989263
2005-05-24,13.472971236411428
2005-05-25,13.522697665034071
2005-05-26,13.542569243576429
2005-05-27,13.562457815772152
2005-05-31,13.72147242843108
2005-06-01,13.771471755134217
2005-06-02,13.851484872557922
2005-06-03,13.811478813659402
2005-06-06,13.731455699969011
2005-06-07,13.711474162493122
2005-06-08,13.701477895808504
2005-06-09,13.671467103967936
2005-06-10,13.701477895808502
2005-06-13,13.711474162493122
2005-06-14,13.711474162493122
2005-06-15,13.711474162493122
2005-06-16,13.771471755134211
2005-06-17,13.791481282156818
2005-06-20,13.791481282156818
2005-06-21,13.821483077357373
2005-06-22,13.861480139615876
2005-06-23,13.821483077357373
2005-06-24,13.851484872557922
2005-06-27,13.851484872557922
2005-06-28,13.861480139615876
2005-06-29,13.871494399580529
2005-06-30,14.004276809205678
2005-07-01,13.994218565667612
2005-07-05,13.913741621469738
2005-07-06,13.913741621469738
2005-07-07,13.93386310667921
2005-07-08,13.953988590395356
2005-07-11,13.94392934723062
2005-07-12,14.014347048263762
2005-07-13,13.99421856566761
2005-07-14,13.99421856566761
2005-07-15,13.98416432063622
2005-07-18,13.964038836920071
2005-07-19,13.94392934723062
2005-07-20,13.953988590395356
2005-07-21,13.923790868367783
2005-07-22,13.923790868367783
2005-07-25,13.893627133646945
2005-07-26,13.863440407512725
2005-07-27,13.90367738017166
2005-07-28,13.994218565667609
2005-07-29,14.055961506471837
2005-08-01,14.045835288320314
2005-08-02,14.066078727983342
2005-08-03,14.106560609176048
2005-08-04,14.136918271470572
2005-08-05,14.116671832927542
2005-08-08,14.045835288320315
2005-08-09,14.045835288320315
2005-08-10,14.106560609176048
2005-08-11,14.066078727983342
2005-08-12,14.066078727983342
2005-08-15,14.086301175486328
2005-08-16,14.106560609176048
2005-08-17,14.076195949494844
2005-08-18,14.076195949494844
2005-08-19,14.015479625279127
2005-08-22,14.055961506471837
2005-08-23,14.055961506471837
2005-08-24,14.025597846417302
2005-08-25,14.055961506471837
2005-08-26,14.066078727983342
2005-08-29,14.076195949494846
2005-08-30,14.116671832927542
2005-08-31,14.29588290279608
2005-09-01,14.326420497890927
2005-09-02,14.367143289110736
2005-09-06,14.367143289110736
2005-09-07,14.336606693642556
2005-09-08,14.40788107473057
2005-09-09,14.428248468100485
2005-09-12,14.40788107473057
2005-09-13,14.418061272722188
2005-09-14,14.428248468100485
2005-09-15,14.44862085960374
2005-09-16,14.44862085960374
2005-09-19,14.479161453578593
2005-09-20,14.4689772570803
2005-09-21,14.540257635928322
2005-09-22,14.51989624031842
2005-09-23,14.499523848815164
2005-09-26,14.509696049793432
2005-09-27,14.499523848815164
2005-09-28,14.53006844129669
2005-09-29,14.570793231769835
2005-09-30,14.68039529858002
2005-10-03,14.670174115894994
2005-10-04,14.618955244656338
2005-10-05,14.588217724227798
2005-10-06,14.424297943506724
2005-10-07,14.506260332933932
2005-10-10,14.506260332933932
2005-10-11,14.496009161448852
2005-10-12,14.332096378114455
2005-10-13,14.250140986073928
2005-10-14,14.219418460045414
2005-10-17,14.30137685096595
2005-10-18,14.35258772519126
2005-10-19,14.34234455071953
2005-10-20,14.332096378114455
2005-10-21,14.321862200282744
2005-10-24,14.34234455071953
2005-10-25,14.383317248606453
2005-10-26,14.342344550719528
2005-10-27,14.30137685096595
2005-10-28,14.362827900782984
2005-10-31,14.508120638163936
2005-11-01,14.518424789862443
2005-11-02,14.508120638163938
2005-11-03,14.466907030249915
2005-11-04,14.425693422335891
2005-11-07,14.45661387444476
2005-11-08,14.508120638163936
2005-11-09,14.508120638163936
2005-11-10,14.528722943800938
2005-11-11,14.53903209363279
2005-11-14,14.508120638163938
2005-11-15,14.559640397029805
2005-11-16,14.631776456306028
2005-11-17,14.683283220025205
2005-11-18,14.662677915508194
2005-11-21,14.69359536873706
2005-11-22,14.714196674747392
2005-11-23,14.755422278181438
2005-11-25,14.776033580458456
2005-11-28,14.776033580458456
2005-11-29,14.734808976651085
2005-11-30,14.812568935564077
2005-12-01,14.83328619826795
2005-12-02,14.864386583177144
2005-12-05,14.833286198267954
2005-12-06,14.916212227803562
2005-12-07,14.895486968086338
2005-12-08,14.895486968086338
2005-12-09,14.87475071247576
2005-12-12,14.854019454998529
2005-12-13,14.887168074951395
2005-12-14,14.953483308137168
2005-12-15,14.909271819844427
2005-12-16,14.887168074951395
2005-12-19,14.887168074951395
2005-12-20,14.887168074951395
2005-12-21,14.909271819844433
2005-12-22,14.964536180210354
2005-12-23,14.975577056763516
2005-12-27,14.98664192435672
2005-12-28,14.975577056763516
2005-12-29,15.019803539456282
2005-12-30,15.127704241676744
2006-01-03,15.16106078397665
2006-01-04,15.238938698836522
2006-01-05,15.238938698836522
2006-01-06,15.272300239269772
2006-01-09,15.272300239269772
2006-01-10,15.2278108547632
2006-01-11,15.25005054888314
2006-01-12,15.23893869883652
2006-01-13,15.272300239269768
2006-01-17,15.272300239269768
2006-01-18,15.272300239269768
2006-01-19,15.31679462190968
2006-01-20,15.361282007162918
2006-01-23,15.372421846756255
2006-01-24,15.394652544236186
2006-01-25,15.361282007162917
2006-01-26,15.339038314536298
2006-01-27,15.383536695682883
2006-01-30,15.361282007162917
2006-01-31,15.42948553512541
2006-02-01,15.418305710465331
2006-02-02,15.429485535125414
2006-02-03,15.451840186312234
2006-02-06,15.496582476365925
2006-02-07,15.45184018631223
2006-02-08,15.45184018631223
2006-02-09,15.49658247636592
2006-02-10,15.608385721100062
2006-02-13,15.597197899426632
2006-02-14,15.58600807849987
2006-02-15,15.574833251973136
2006-02-16,15.574833251973136
2006-02-17,15.641922196200298
2006-02-21,15.63074836930023
2006-02-22,15.641922196200298
2006-02-23,15.686662487000651
2006-02-24,15.69783531427406
2006-02-27,15.731374788254298
2006-02-28,15.828054681121271
2006-03-01,15.839284487114774
2006-03-02,15.794313282554002
2006-03-03,15.738117270133076
2006-03-06,15.64817785989154
2006-03-07,15.502034440215724
2006-03-08,15.445841426674798
2006-03-09,15.468322030821842
2006-03-10,15.502034440215724
2006-03-13,15.490793638328864
2006-03-14,15.52452604025612
2006-03-15,15.546999647016484
2006-03-16,15.625696256117823
2006-03-17,15.625696256117823
2006-03-20,15.603215651970784
2006-03-21,15.52452604025612
2006-03-22,15.513283239115928
2006-03-23,15.502034440215724
2006-03-24,15.513283239115928
2006-03-27,15.47956783084204
2006-03-28,15.40087621987404
2006-03-29,15.389628420600504
2006-03-30,15.37838661908698
2006-03-31,15.496026683938268
2006-04-03,15.496026683938268
2006-04-04,15.507340458571925
2006-04-05,15.496026683938268
2006-04-06,15.428156031656371
2006-04-07,15.348980601380834
2006-04-10,15.315051272999897
2006-04-11,15.33767382413386
2006-04-12,15.33767382413386
2006-04-13,15.303735499112909
2006-04-17,15.315051272999897
2006-04-18,15.382912928641778
2006-04-19,15.416838258516044
2006-04-20,15.405536479402413
2006-04-21,15.416838258516044
2006-04-24,15.450783580923677
2006-04-25,15.394214707755411
2006-04-26,15.38291292864178
2006-04-27,15.428156031656377
2006-04-28,15.546430859442133
2006-05-01,15.535066103848388
2006-05-02,15.54643085944213
2006-05-03,15.535066103848385
2006-05-04,15.523687353481275
2006-05-05,15.557808610182562
2006-05-08,15.557808610182562
2006-05-09,15.53506610384838
2006-05-10,15.546430859442124
2006-05-11,15.4781933441729
2006-05-12,15.318983804313618
2006-05-15,15.193876528248918
2006-05-16,15.30760105543984
2006-05-17,15.182509773401836
2006-05-18,15.193876528248918
2006-05-19,15.193876528248918
2006-05-22,15.057413493230491
2006-05-23,15.080145003671316
2006-05-24,14.92094046194538
2006-05-25,15.023283239889194
2006-05-26,15.0915277525451
2006-05-30,14.977793229087492
2006-05-31,15.07163718109604
2006-06-01,15.117410086244918
2006-06-02,15.128852812718804
2006-06-05,15.1517532600666
2006-06-06,15.105972357904378
2006-06-07,15.128852812718806
2006-06-08,15.117410086244922
2006-06-09,15.163182991393798
2006-06-12,15.128852812718806
2006-06-13,15.037311000927724
2006-06-14,15.02584928154714
2006-06-15,15.04874673001493
2006-06-16,15.04874673001493
2006-06-19,15.014421549473278
2006-06-20,14.980090371171617
2006-06-21,14.957193922330497
2006-06-22,14.888542561620527
2006-06-23,14.831317933357749
2006-06-26,14.762663573767774
2006-06-27,14.739751130899956
2006-06-28,14.785531033435513
2006-06-29,14.865653110166084
2006-06-30,15.10062635448144
2006-07-03,15.158217845731544
2006-07-05,15.077588958280064
2006-07-06,15.16974454084558
2006-07-07,15.215810336608316
2006-07-10,15.250359433523702
2006-07-11,15.29643022741978
2006-07-12,15.26188312975773
2006-07-13,15.181246245292904
2006-07-14,15.181246245292904
2006-07-17,15.181246245292904
2006-07-18,15.192766942646928
2006-07-19,15.29643022741978
2006-07-20,15.342512017209213
2006-07-21,15.35402971568323
2006-07-24,15.365539417143903
2006-07-25,15.377055116364586
2006-07-26,15.446178300862066
2006-07-27,15.492250094384811
2006-07-28,15.51529148909286
2006-07-31,15.614897289218426
2006-08-01,15.591734939683493
2006-08-02,15.62649295857259
2006-08-03,15.638077632033394
2006-08-04,15.719157351112353
2006-08-07,15.70757667615822
2006-08-08,15.719157351112353
2006-08-09,15.765493046075571
2006-08-10,15.75390237485476
2006-08-11,15.75390237485476
2006-08-14,15.730749021959838
2006-08-15,15.77707771953638
2006-08-16,15.858155439362
2006-08-17,15.881345778443652
2006-08-18,15.858155439362
2006-08-21,15.869750109089493
2006-08-22,15.869750109089493
2006-08-23,15.823409415992929
2006-08-24,15.77707771953638
2006-08-25,15.765493046075571
2006-08-28,15.77707771953638
2006-08-29,15.765493046075571
2006-08-30,15.823409415992923
2006-08-31,15.977241964002552
2006-09-01,15.988898610583483
2006-09-05,16.012203906732008
2006-09-06,15.977241964002552
2006-09-07,15.953942665614036
2006-09-08,15.965591315181625
2006-09-11,15.930625373945489
2006-09-12,15.94228501940643
2006-09-13,15.965591315181626
2006-09-14,15.953942665614036
2006-09-15,15.977241964002548
2006-09-18,15.977241964002548
2006-09-19,15.965591315181625
2006-09-20,15.965591315181625
2006-09-21,15.88400778426176
2006-09-22,15.895653434949343
2006-09-25,15.9189767243779
2006-09-26,15.953942665614033
2006-09-27,15.98889861058348
2006-09-28,15.98889861058348
2006-09-29,16.073309085721757
2006-10-02,16.09675432960386
2006-10-03,16.085031707662807
2006-10-04,16.120190576845953
2006-10-05,16.14365281438143
2006-10-06,16.120190576845953
2006-10-09,16.120190576845953
2006-10-10,16.120190576845953
2006-10-11,16.10848294930493
2006-10-12,16.131925194307033
2006-10-13,16.143652814381433
2006-10-16,16.155376435949155
2006-10-17,16.16708906162352
2006-10-18,16.202263924833364
2006-10-19,16.2139965430411
2006-10-20,16.190549299905655
2006-10-23,16.14365281438143
2006-10-24,16.14365281438143
2006-10-25,16.190549299905655
2006-10-26,16.272608653119708
2006-10-27,16.296061894015164
2006-10-30,16.284337272820775
2006-10-31,16.402243238365873
2006-11-01,16.449414621223923
2006-11-02,16.437626023922753
2006-11-03,16.42583142886157
2006-11-06,16.437626023922753
2006-11-07,16.47300081246629
2006-11-08,16.47300081246629
2006-11-09,16.484803404540823
2006-11-10,16.496581005948638
2006-11-13,16.48480340454082
2006-11-14,16.543759386193372
2006-11-15,16.53195779374551
2006-11-16,16.5083825983965
2006-11-17,16.496581005948638
2006-11-20,16.48480340454082
2006-11-21,16.48480340454082
2006-11-22,16.496581005948634
2006-11-24,16.496581005948634
2006-11-27,16.449414621223923
2006-11-28,16.461209216285106
2006-11-29,16.484803404540816
2006-11-30,16.6401553850865
2006-12-01,16.652031949534496
2006-12-04,16.663881524062447
2006-12-05,16.699480228979713
2006-12-06,16.723189374302297
2006-12-07,16.746911514771572
2006-12-08,16.746911514771572
2006-12-11,16.758755091539506
2006-12-12,16.770635654494182
2006-12-13,16.770635654494182
2006-12-14,16.782484229395465
2006-12-15,16.806207369491403
2006-12-18,16.782484229395465
2006-12-19,16.78249422566215
2006-12-20,16.794585709843865
2006-12-21,16.794585709843865
2006-12-22,16.78249422566215
2006-12-26,16.78249422566215
2006-12-27,16.770394744467083
2006-12-28,16.758310257672044
2006-12-29,16.868000291629052
2007-01-03,16.928935534085163
2007-01-04,16.928935534085163
2007-01-05,16.880189739224278
2007-01-08,16.880189739224278
2007-01-09,16.843611400171916
2007-01-10,16.831433948096713
2007-01-11,16.843611400171916
2007-01-12,16.83143394809671
2007-01-16,16.85580884478049
2007-01-17,16.868000291629052
2007-01-18,16.880189739224274
2007-01-19,16.89236719129948
2007-01-22,16.90456663516139
2007-01-23,16.880189739224274
2007-01-24,16.86800029162905
2007-01-25,16.819254496768167
2007-01-26,16.782674158462466
2007-01-29,16.75831025767204
2007-01-30,16.746113812690137
2007-01-31,16.873552218145683
2007-02-01,16.9225759092204
2007-02-02,16.94708475587775
2007-02-05,16.95933618032642
2007-02-06,16.996102449192456
2007-02-07,16.983839029223766
2007-02-08,16.983839029223766
2007-02-09,16.971595601788444
2007-02-12,16.947084755877754
2007-02-13,16.971595601788444
2007-02-14,17.045114144747153
2007-02-15,17.069634986924527
2007-02-16,17.069634986924527
2007-02-20,17.081884412119862
2007-02-21,17.081884412119862
2007-02-22,17.069634986924527
2007-02-23,17.081884412119862
2007-02-26,17.069634986924527
2007-02-27,16.983839029223766
2007-02-28,17.07996113040974
2007-03-01,17.055328330045498
2007-03-02,17.030665540881202
2007-03-05,16.99369734742814
2007-03-06,17.018346141819077
2007-03-07,17.043004932476702
2007-03-08,17.079961130409743
2007-03-09,17.067641731347617
2007-03-12,17.09229052573855
2007-03-13,17.055328330045505
2007-03-14,17.043004932476705
2007-03-15,17.06764173134762
2007-03-16,17.055328330045505
2007-03-19,17.10460392704067
2007-03-20,17.116933322369484
2007-03-21,17.15391351134257
2007-03-22,17.166240907418043
2007-03-23,17.166240907418043
2007-03-26,17.166240907418043
2007-03-27,17.15391351134257
2007-03-28,17.129262717698296
2007-03-29,17.116933322369484
2007-03-30,17.23596686679661
2007-04-02,17.248384229272247
2007-04-03,17.273194963183474
2007-04-04,17.273194963183474
2007-04-05,17.285568342085696
2007-04-09,17.273194963183474
2007-04-10,17.260771602947827
2007-04-11,17.27319496318347
2007-04-12,17.24838422927224
2007-04-13,17.24838422927224
2007-04-16,17.285568342085693
2007-04-17,17.322774446685848
2007-04-18,17.359964557259314
2007-04-19,17.384787286690564
2007-04-20,17.4219813957707
2007-04-23,17.434382764219645
2007-04-24,17.44677213714856
2007-04-25,17.459173505597498
2007-04-26,17.43438276421964
2007-04-27,17.397176659619483
2007-04-30,17.488232652849693
2007-05-01,17.500697997405414
2007-05-02,17.500697997405414
2007-05-03,17.488232652849693
2007-05-04,17.488232652849693
2007-05-07,17.51318133524117
2007-05-08,17.51318133524117
2007-05-09,17.51318133524117
2007-05-10,17.488232652849696
2007-05-11,17.500697997405418
2007-05-14,17.488232652849696
2007-05-15,17.488232652849696
2007-05-16,17.500697997405418
2007-05-17,17.500697997405418
2007-05-18,17.47575931128063
2007-05-21,17.4882326528497
2007-05-22,17.50069799740542
2007-05-23,17.463283970458225
2007-05-24,17.413402599701968
2007-05-25,17.425875941271038
2007-05-29,17.413402599701964
2007-05-30,17.400917262612875
2007-05-31,17.515084624417923
2007-06-01,17.527659927907173
2007-06-04,17.48999199578619
2007-06-05,17.45236404873194
2007-06-06,17.40217279370846
2007-06-07,17.251609024904706
2007-06-08,17.20143376390792
2007-06-11,17.17631914348948
2007-06-12,17.088505939171764
2007-06-13,17.05086799585083
2007-06-14,17.11359656855016
2007-06-15,17.18888245145871
2007-06-18,17.213967083077094
2007-06-19,17.26416433586058
2007-06-20,17.213967083077094
2007-06-21,17.151236511124427
2007-06-22,17.126127888465998
2007-06-25,17.126127888465998
2007-06-26,17.08850593917176
2007-06-27,17.075958625229223
2007-06-28,17.126127888465998
2007-06-29,17.218365440418324
2007-07-02,17.29416313218113
2007-07-03,17.29416313218113
2007-07-05,17.231000721507687
2007-07-06,17.20572216231562
2007-07-09,17.218365440418324
2007-07-10,17.20572216231562
2007-07-11,17.18047759043028
2007-07-12,17.20572216231562
2007-07-13,17.20572216231562
2007-07-16,17.193096877492945
2007-07-17,17.193096877492945
2007-07-18,17.167838310834245
2007-07-19,17.193096877492945
2007-07-20,17.167838310834245
2007-07-23,17.167838310834245
2007-07-24,17.09202862355142
2007-07-25,17.02885821586463
2007-07-26,16.776232564210904
2007-07-27,16.788847852766892
2007-07-30,16.776232564210904
2007-07-31,16.954140120903766
2007-08-01,16.90331510257248
2007-08-02,16.979574621856113
2007-08-03,16.99227587830559
2007-08-06,16.954140120903762
2007-08-07,17.004991129528428
2007-08-08,17.10666515723104
2007-08-09,16.99227587830559
2007-08-10,16.91602235678197
2007-08-13,16.954140120903762
2007-08-14,16.83976683600501
2007-08-15,16.687248797064413
2007-08-16,16.40765021901558
2007-08-17,16.534748751403853
2007-08-20,16.509326245971526
2007-08-21,16.509326245971526
2007-08-22,16.636427777239806
2007-08-23,16.699960049780582
2007-08-24,16.7507840684852
2007-08-27,16.7635163133614
2007-08-28,16.712672302123416
2007-08-29,16.776224567197563
2007-08-30,16.801635077109864
2007-08-31,17.011542682713536
2007-09-04,17.02436989212324
2007-09-05,16.998757457623903
2007-09-06,17.01154268271353
2007-09-07,16.9987574576239
2007-09-10,16.9987574576239
2007-09-11,17.06276555245886
2007-09-12,17.1395668693968
2007-09-13,17.190767747355423
2007-09-14,17.241960628300703
2007-09-17,17.22916740619773
2007-09-18,17.36996882095728
2007-09-19,17.497969016600507
2007-09-20,17.433968918778895
2007-09-21,17.48516579823085
2007-09-24,17.48516579823085
2007-09-25,17.459585351784906
2007-09-26,17.47237457538121
2007-09-27,17.47237457538121
2007-09-28,17.585656267958
2007-10-01,17.624285840934046
2007-10-02,17.637153035410492
2007-10-03,17.624285840934046
2007-10-04,17.637153035410492
2007-10-05,17.662909416150082
2007-10-08,17.662909416150082
2007-10-09,17.701530992112783
2007-10-10,17.71439418808255
2007-10-11,17.75302176180526
2007-10-12,17.76589695329505
2007-10-15,17.740142571808796
2007-10-16,17.714394188082547
2007-10-17,17.740142571808793
2007-10-18,17.765896953295048
2007-10-19,17.740142571808793
2007-10-22,17.662909416150075
2007-10-23,17.714394188082544
2007-10-24,17.714394188082544
2007-10-25,17.753021761805254
2007-10-26,17.79164533702129
2007-10-29,17.830262914477313
2007-10-30,17.830262914477313
2007-10-31,17.984449330327575
2007-11-01,17.932634681594514
2007-11-02,17.9196715229579
2007-11-05,17.86784287945148
2007-11-06,17.86784287945148
2007-11-07,17.79009991419185
2007-11-08,17.71234895191887
2007-11-09,17.738273269938766
2007-11-12,17.686440627925673
2007-11-13,17.71234895191887
2007-11-14,17.7641835931853
2007-11-15,17.699393790295602
2007-11-16,17.68644062792567
2007-11-19,17.621668818316003
2007-11-20,17.608705659679387
2007-11-21,17.50503037938652
2007-11-23,17.50503037938652
2007-11-26,17.453199736626757
2007-11-27,17.453199736626757
2007-11-28,17.54390985902968
2007-11-29,17.530954697406408
2007-11-30,17.730570146831596
2007-12-03,17.743627270375047
2007-12-04,17.730570146831592
2007-12-05,17.743627270375043
2007-12-06,17.76971352791523
2007-12-07,17.76971352791523
2007-12-10,17.782764653698667
2007-12-11,17.808846912732175
2007-12-12,17.79580578321542
2007-12-13,17.74362727037504
2007-12-14,17.730570146831585
2007-12-17,17.67838963473787
2007-12-18,17.704761785505234
2007-12-19,17.731105946725883
2007-12-20,17.71793286648889
2007-12-21,17.731105946725883
2007-12-24,17.744297020242907
2007-12-26,17.744297020242907
2007-12-27,17.744297020242907
2007-12-28,17.75748209599992
2007-12-31,17.85964993927675
2008-01-02,17.886184029564408
2008-01-03,17.886184029564408
2008-01-04,17.859649939276753
2008-01-07,17.87291498516724
2008-01-08,17.912738112385433
2008-01-09,17.859649939276753
2008-01-10,17.859649939276753
2008-01-11,17.88618402956441
2008-01-14,17.88618402956441
2008-01-15,17.872914985167245
2008-01-16,17.859649939276753
2008-01-17,17.819840806831923
2008-01-18,17.780027675880415
2008-01-22,17.713702446427963
2008-01-23,17.700429403524122
2008-01-24,17.780027675880415
2008-01-25,17.79329871953092
2008-01-28,17.806571762434757
2008-01-29,17.80658175870144
2008-01-30,17.83323980269599
2008-01-31,17.94734118914092
2008-02-01,17.960774172311712
2008-02-04,18.001037135264028
2008-02-05,17.960774172311712
2008-02-06,17.93392619925016
2008-02-07,17.880240249393736
2008-02-08,17.772840360134175
2008-02-11,17.772840360134175
2008-02-12,17.826554299537314
2008-02-13,17.826554299537314
2008-02-14,17.799698329462412
2008-02-15,17.75942137173674
2008-02-19,17.786277341811637
2008-02-20,17.77284036013417
2008-02-21,17.786277341811637
2008-02-22,17.813123315619855
2008-02-25,17.82655429953731
2008-02-26,17.880240249393733
2008-02-27,17.880240249393733
2008-02-28,17.866799269209594
2008-02-29,17.977653868235357
2008-03-03,17.937105012055863
2008-03-04,17.92358806024492
2008-03-05,17.950629960880153
2008-03-06,17.869518253747806
2008-03-07,17.801943490959772
2008-03-10,17.774891594057852
2008-03-11,17.828979393834995
2008-03-12,17.855991305670177
2008-03-13,17.774891594057852
2008-03-14,17.734336740118344
2008-03-17,17.61269816859321
2008-03-18,17.77489159405785
2008-03-19,17.761386637766925
2008-03-20,17.73433674011834
2008-03-24,17.73433674011834
2008-03-25,17.747867686702648
2008-03-26,17.680272931381243
2008-03-27,17.653251023279378
2008-03-28,17.62621112189748
2008-03-31,17.711901119171383
2008-04-01,17.739124951860276
2008-04-02,17.76633079126914
2008-04-03,17.793528633664657
2008-04-04,17.847938313229047
2008-04-07,17.86155922621351
2008-04-08,17.86155922621351
2008-04-09,17.86155922621351
2008-04-10,17.875156148157934
2008-04-11,17.90235998831346
2008-04-14,17.88877106338239
2008-04-15,17.875156148157934
2008-04-16,17.875156148157934
2008-04-17,17.86155922621351
2008-04-18,17.875156148157934
2008-04-21,17.834337392777954
2008-04-22,17.79352863366466
2008-04-23,17.79352863366466
2008-04-24,17.779933710973577
2008-04-25,17.72551803364918
2008-04-28,17.72551803364918
2008-04-29,17.711901119171387
2008-04-30,17.888609123862096
2008-05-01,17.943388665293817
2008-05-02,17.984495313154312
2008-05-05,17.970778436009674
2008-05-06,17.943388665293817
2008-05-07,17.874914238504168
2008-05-08,17.847520469281633
2008-05-09,17.833807590643673
2008-05-12,17.833807590643673
2008-05-13,17.820118703045754
2008-05-14,17.779038045478636
2008-05-15,17.83380759064367
2008-05-16,17.915994896071282
2008-05-19,17.92969577918922
2008-05-20,17.915994896071282
2008-05-21,17.915994896071282
2008-05-22,17.888609123862093
2008-05-23,17.84752046928163
2008-05-27,17.806427816194493
2008-05-28,17.806427816194493
2008-05-29,17.84752046928163
2008-05-30,18.029594469928643
2008-06-02,18.043397314966768
2008-06-03,18.043397314966768
2008-06-04,18.015815615930563
2008-06-05,17.988231917641023
2008-06-06,17.97442307484289
2008-06-09,17.946837377300007
2008-06-10,17.850281438139923
2008-06-11,17.836474594595124
2008-06-12,17.808880900038897
2008-06-13,17.781297201749354
2008-06-16,17.753721500473162
2008-06-17,17.739918655435037
2008-06-18,17.72611780965025
2008-06-19,17.71231696386546
2008-06-20,17.657147568033043
2008-06-23,17.6295638697435
2008-06-24,17.588185323429183
2008-06-25,17.560579633352937
2008-06-26,17.477814543710956
2008-06-27,17.43644199515665
2008-06-30,17.583764974301246
2008-07-01,17.486471310659837
2008-07-02,17.486471310659837
2008-07-03,17.45868368852993
2008-07-07,17.50037811687148
2008-07-08,17.486471310659837
2008-07-09,17.5281717367614
2008-07-10,17.5281717367614
2008-07-11,17.50037811687148
2008-07-14,17.514268929056428
2008-07-15,17.486471310659837
2008-07-16,17.51426892905643
2008-07-17,17.569882159129648
2008-07-18,17.597677778272903
2008-07-21,17.611572588964528
2008-07-22,17.639380203627805
2008-07-23,17.681084628236047
2008-07-24,17.69497144191432
2008-07-25,17.681084628236047
2008-07-28,17.681084628236047
2008-07-29,17.69497144191432
2008-07-30,17.72279105209762
2008-07-31,17.86971018206816
2008-08-01,17.86971018206816
2008-08-04,17.86971018206816
2008-08-05,17.86971018206816
2008-08-06,17.855725404976376
2008-08-07,17.813729089380946
2008-08-08,17.729770445496822
2008-08-11,17.729770445496822
2008-08-12,17.757761991467095
2008-08-13,17.757761991467095
2008-08-14,17.785763533704053
2008-08-15,17.813729089380946
2008-08-18,17.827723862739415
2008-08-19,17.785763533704053
2008-08-20,17.799744312289164
2008-08-21,17.799744312289164
2008-08-22,17.757761991467095
2008-08-25,17.757761991467095
2008-08-26,17.743773215868636
2008-08-27,17.757761991467095
2008-08-28,17.785763533704053
2008-08-29,17.905512810825794
2008-09-02,17.877321339521828
2008-09-03,17.83505512472592
2008-09-04,17.736443953135474
2008-09-05,17.722365211136857
2008-09-08,17.736443953135474
2008-09-09,17.680090999327597
2008-09-10,17.651923519063672
2008-09-11,17.553298352699866
2008-09-12,17.51105213043732
2008-09-15,17.215190626119274
2008-09-16,16.891191630337353
2008-09-17,16.651690077213864
2008-09-18,16.581256382154027
2008-09-19,16.947532588625208
2008-09-22,16.98980080267446
2008-09-23,16.848919417781428
2008-09-24,16.792564464720208
2008-09-25,16.80666119999886
2008-09-26,16.76438298968293
2008-09-29,16.567164645008717
2008-09-30,16.595531050979663
2008-10-01,16.567170642768726
2008-10-02,16.368591806198737
2008-10-03,16.28347459500586
2008-10-06,15.872134218693745
2008-10-07,15.744480893504472
2008-10-08,15.38986733137424
2008-10-09,15.191297491444269
2008-10-10,14.42533855486857
2008-10-13,14.453712957852868
2008-10-14,14.865051334911648
2008-10-15,14.567192576510012
2008-10-16,14.32605663378359
2008-10-17,14.226763716805255
2008-10-20,14.141664498892414
2008-10-21,13.928902959150284
2008-10-22,13.233874532088649
2008-10-23,13.035285699251972
2008-10-24,12.765790347941278
2008-10-27,12.82253315614986
2008-10-28,13.021105994959838
2008-10-29,13.262242937312932
2008-10-30,13.51755258657148
2008-10-31,13.740838195879178
2008-11-03,13.898283394668622
2008-11-04,14.356316332664605
2008-11-05,14.327694022266533
2008-11-06,14.1702388272104
2008-11-07,14.227502440913248
2008-11-10,14.32769402226653
2008-11-11,14.28476305573609
2008-11-12,13.869666082403889
2008-11-13,13.654958269538264
2008-11-14,13.712223882494447
2008-11-17,13.683598573216369
2008-11-18,13.583401993729744
2008-11-19,13.468884762590733
2008-11-20,13.340065872706036
2008-11-21,13.340065872706036
2008-11-24,13.511825725387856
2008-11-25,13.654958269538264
2008-11-26,13.654958269538264
2008-11-28,13.718438561492276
2008-12-01,13.675164723014554
2008-12-02,13.57418243696652
2008-12-03,13.631884886776826
2008-12-04,13.675164723014555
2008-12-05,13.689585337333792
2008-12-08,13.71843856149228
2008-12-09,13.747288786770763
2008-12-10,13.833843461112888
2008-12-11,13.747288786770763
2008-12-12,13.920387139561656
2008-12-15,13.920387139561656
2008-12-16,14.02136442747635
2008-12-17,14.281016454982696
2008-12-18,14.410847966682546
2008-12-19,14.425270580255116
2008-12-22,14.439704189721038
2008-12-23,14.468551416119515
2008-12-24,14.468551416119515
2008-12-26,14.468551416119515
2008-12-29,14.468551416119515
2008-12-30,14.569526704780872
2008-12-31,14.709204539165071
2009-01-02,14.723745108684522
2009-01-05,14.75284524063012
2009-01-06,14.840145636466914
2009-01-07,14.869234772519158
2009-01-08,14.811040506387974
2009-01-09,14.869234772519162
2009-01-12,14.811040506387975
2009-01-13,14.79649893724186
2009-01-14,14.709204539165071
2009-01-15,14.651005274900545
2009-01-16,14.709204539165077
2009-01-20,14.665554841060011
2009-01-21,14.651005274900545
2009-01-22,14.651005274900545
2009-01-23,14.592808009889357
2009-01-26,14.651005274900545
2009-01-27,14.738294674843988
2009-01-28,14.81104050638798
2009-01-29,14.81104050638798
2009-01-30,14.893128848775412
2009-02-02,14.878462326295738
2009-02-03,14.878462326295738
2009-02-04,14.83449074840343
2009-02-05,14.79052017013779
2009-02-06,14.80517569672411
2009-02-09,14.834490748403429
2009-02-10,14.77586264429813
2009-02-11,14.761198121071793
2009-02-12,14.65858244504749
2009-02-13,14.673255964913844
2009-02-17,14.55598476230322
2009-02-18,14.512016183290918
2009-02-19,14.570639289262871
2009-02-20,14.526670710250569
2009-02-23,14.482689136091576
2009-02-24,14.46803061062525
2009-02-25,14.453377083292263
2009-02-26,14.51201618329092
2009-02-27,14.594728292719472
2009-03-02,14.47655242797389
2009-03-03,14.41747049336111
2009-03-04,14.41747049336111
2009-03-05,14.373157043148188
2009-03-06,14.373157043148188
2009-03-09,14.373157043148188
2009-03-10,14.41747049336111
2009-03-11,14.47655242797389
2009-03-12,14.579955809812942
2009-03-13,14.668586708745462
2009-03-16,14.698131674558528
2009-03-17,14.698131674558528
2009-03-18,14.786771570131062
2009-03-19,14.919711920769831
2009-03-20,14.919711920769831
2009-03-23,15.008337821569008
2009-03-24,15.037885786262075
2009-03-25,15.037885786262075
2009-03-26,15.12652668146128
2009-03-27,15.082201235728332
2009-03-30,15.008337821569004
2009-03-31,15.206433838458128
2009-04-01,15.266007589391789
2009-04-02,15.340477776938876
2009-04-03,15.44472284443277
2009-04-06,15.504310590139792
2009-04-07,15.504310590139792
2009-04-08,15.578781777313546
2009-04-09,15.638360526380554
2009-04-13,15.653250965233962
2009-04-14,15.742613590887794
2009-04-15,15.772394468594616
2009-04-16,15.846859658008356
2009-04-17,15.861763092008456
2009-04-20,15.787287906328029
2009-04-21,15.772394468594612
2009-04-22,15.772394468594612
2009-04-23,15.817071782914851
2009-04-24,15.831972218034949
2009-04-27,15.787287906328023
2009-04-28,15.831972218034943
2009-04-29,15.876649532355184
2009-04-30,16.095864661868905
2009-05-01,16.080853268188612
2009-05-04,16.18596201312406
2009-05-05,16.336100940593713
2009-05-06,16.471237471023088
2009-05-07,16.591349612625482
2009-05-08,16.606368003692452
2009-05-11,16.606368003692452
2009-05-12,16.621380396999417
2009-05-13,16.666424574306987
2009-05-14,16.666424574306987
2009-05-15,16.681423972467257
2009-05-18,16.74150453412183
2009-05-19,16.80156110473636
2009-05-20,16.87662706977785
2009-05-21,16.816577496549996
2009-05-22,16.78654071441605
2009-05-26,16.801561104736358
2009-05-27,16.816577496549996
2009-05-28,16.831583892096948
2009-05-29,17.026832972234292
2009-06-01,17.102504711036868
2009-06-02,17.132775405811234
2009-06-03,17.117643057304058
2009-06-04,17.117643057304058
2009-06-05,17.102504711036868
2009-06-08,17.072230017755828
2009-06-09,17.087376361036362
2009-06-10,17.087376361036362
2009-06-11,17.132775405811234
2009-06-12,17.163058096105626
2009-06-15,17.163058096105626
2009-06-16,17.132775405811234
2009-06-17,17.087376361036362
2009-06-18,17.026832972234292
2009-06-19,17.01169862447378
2009-06-22,16.951165231938393
2009-06-23,16.936020887911194
2009-06-24,16.981431928206085
2009-06-25,17.041957323728123
2009-06-26,17.102504711036868
2009-06-29,17.132775405811234
2009-06-30,17.32339421522026
2009-07-01,17.353882828608356
2009-07-02,17.338642520420983
2009-07-06,17.323394215220265
2009-07-07,17.323394215220265
2009-07-08,17.308137913006195
2009-07-09,17.36914712783577
2009-07-10,17.36914712783577
2009-07-13,17.36914712783577
2009-07-14,17.384393433783156
2009-07-15,17.41489204343793
2009-07-16,17.430148345651997
2009-07-17,17.46063096128008
2009-07-20,17.506385873148922
2009-07-21,17.567389090218484
2009-07-22,17.597893697633275
2009-07-23,17.628384310274704
2009-07-24,17.658872923662795
2009-07-27,17.689369534064234
2009-07-28,17.70462183777163
2009-07-29,17.70462183777163
2009-07-30,17.735140439959775
2009-07-31,17.922638414909866
2009-08-03,18.076365002492633
2009-08-04,18.153226297030677
2009-08-05,18.19934507300684
2009-08-06,18.21471133415444
2009-08-07,18.21471133415444
2009-08-10,18.19934507300684
2009-08-11,18.153226297030677
2009-08-12,18.12247578145545
2009-08-13,18.153226297030677
2009-08-14,18.168598555938285
2009-08-17,18.153226297030677
2009-08-18,18.183964817085887
2009-08-19,18.19934507300684
2009-08-20,18.230081593808713
2009-08-21,18.27617837799817
2009-08-24,18.32230715024102
2009-08-25,18.368425926217185
2009-08-26,18.368425926217185
2009-08-27,18.368425926217185
2009-08-28,18.368425926217185
2009-08-31,18.487543439284455
2009-09-01,18.487543439284455
2009-09-02,18.503021658618923
2009-09-03,18.53395810475449
2009-09-04,18.580358775451156
2009-09-08,18.688650331698987
2009-09-09,18.719604771114582
2009-09-10,18.7660134388246
2009-09-11,18.85884276976466
2009-09-14,18.90524943822134
2009-09-15,19.05994566367251
2009-09-16,19.230142100244866
2009-09-17,19.27655276720822
2009-09-18,19.27655276720822
2009-09-21,19.245610323312643
2009-09-22,19.292016991769323
2009-09-23,19.322949439398215
2009-09-24,19.27655276720822
2009-09-25,19.261078546380425
2009-09-28,19.261078546380425
2009-09-29,19.292016991769326
2009-09-30,19.517718698734697
2009-10-01,19.502140516733384
2009-10-02,19.502140516733384
2009-10-05,19.611085828822382
2009-10-06,19.704464954430097
2009-10-07,19.704464954430097
2009-10-08,19.76674169587529
2009-10-09,19.76674169587529
2009-10-12,19.782285890569874
2009-10-13,19.782285890569874
2009-10-14,19.79786207331785
2009-10-15,19.751163513873976
2009-10-16,19.735595328139347
2009-10-19,19.735595328139347
2009-10-20,19.735595328139347
2009-10-21,19.68890476570882
2009-10-22,19.64223019730499
2009-10-23,19.62665801306369
2009-10-26,19.54882308215056
2009-10-27,19.48656633323874
2009-10-28,19.393193205391043
2009-10-29,19.424311583580263
2009-10-30,19.554251054960307
2009-11-02,19.507294591835972
2009-11-03,19.413347678280573
2009-11-04,19.429005830415363
2009-11-05,19.460318136178262
2009-11-06,19.475980286819727
2009-11-09,19.56991920336178
2009-11-10,19.616877665739455
2009-11-11,19.616877665739455
2009-11-12,19.648195969262375
2009-11-13,19.66385412139716
2009-11-16,19.71081858153484
2009-11-17,19.726466737402948
2009-11-18,19.757797036445886
2009-11-19,19.72646673740295
2009-11-20,19.72646673740295
2009-11-23,19.742136885057764
2009-11-24,19.742136885057764
2009-11-25,19.742136885057764
2009-11-27,19.58556935848323
2009-11-30,19.661123141338926
2009-12-01,19.708353502170425
2009-12-02,19.708353502170425
2009-12-03,19.692623376915503
2009-12-04,19.70835350217043
2009-12-07,19.724101620705376
2009-12-08,19.692623376915503
2009-12-09,19.66112314133893
2009-12-10,19.66112314133893
2009-12-11,19.66112314133893
2009-12-14,19.73983974297364
2009-12-15,19.73983974297364
2009-12-16,19.755573866735237
2009-12-17,19.755573866735237
2009-12-18,19.755573866735237
2009-12-21,19.755573866735237
2009-12-22,19.739839742973643
2009-12-23,19.75557386673524
2009-12-24,19.739839742973647
2009-12-28,19.739839742973647
2009-12-29,19.739839742973647
2009-12-30,19.739839742973647
2009-12-31,19.863387601435548
2010-01-04,19.94259202088447
2010-01-05,20.021804437346734
2010-01-06,20.05346461319027
2010-01-07,20.05346461319027
2010-01-08,20.0851467808205
2010-01-11,20.164355198776097
2010-01-12,20.18020128072456
2010-01-13,20.13267303114586
2010-01-14,20.116836945464087
2010-01-15,20.13267303114586
2010-01-19,20.13267303114586
2010-01-20,20.100998860528975
2010-01-21,20.021804437346734
2010-01-22,19.97428218552805
2010-01-25,19.990106275689808
2010-01-26,19.958426107312903
2010-01-27,19.910913851760903
2010-01-28,19.863387601435548
2010-01-29,19.992421411053964
2010-02-01,19.992421411053964
2010-02-02,20.0402115628198
2010-02-03,20.0402115628198
2010-02-04,19.944631259288133
2010-02-05,19.880909057680352
2010-02-08,19.880909057680352
2010-02-09,19.880909057680352
2010-02-10,19.896845106028977
2010-02-11,19.944631259288133
2010-02-12,19.91278515288427
2010-02-16,19.928705207206196
2010-02-17,19.944631259288133
2010-02-18,19.944631259288133
2010-02-19,19.976491360465356
2010-02-22,20.008349462389244
2010-02-23,19.99242141105397
2010-02-24,20.02427551447118
2010-02-25,20.056157607435107
2010-02-26,20.283656643150373
2010-03-01,20.363774721374263
2010-03-02,20.395812756098472
2010-03-03,20.395812756098472
2010-03-04,20.411838770847258
2010-03-05,20.475910841789
2010-03-08,20.540000906010775
2010-03-09,20.58807295249711
2010-03-10,20.63613700197011
2010-03-11,20.620122982741343
2010-03-12,20.66817103818764
2010-03-15,20.684193054429752
2010-03-16,20.700215070671863
2010-03-17,20.76430113638696
2010-03-18,20.748299112678215
2010-03-19,20.71626107795401
2010-03-22,20.700215070671856
2010-03-23,20.716261077954005
2010-03-24,20.684193054429745
2010-03-25,20.65215901821221
2010-03-26,20.6361370019701
2010-03-29,20.65215901821221
2010-03-30,20.65215901821221
2010-03-31,20.80200105656133
2010-04-01,20.818119036963612
2010-04-05,20.834231019605884
2010-04-06,20.850341002994817
2010-04-07,20.834231019605884
2010-04-08,20.850341002994817
2010-04-09,20.866466980410447
2010-04-12,20.930904914712844
2010-04-13,20.96314687327742
2010-04-14,21.011482821204236
2010-04-15,21.059814770624374
2010-04-16,21.027608798619863
2010-04-19,21.01148282120424
2010-04-20,21.043710784995454
2010-04-21,21.043710784995454
2010-04-22,20.979256856666364
2010-04-23,20.995366840055297
2010-04-26,21.01148282120424
2010-04-27,20.898678950174972
2010-04-28,20.834231019605888
2010-04-29,20.882564968279365
2010-04-30,20.898678950174975
2010-05-03,20.898678950174975
2010-05-04,20.769787087543477
2010-05-05,20.624771246749688
2010-05-06,20.366955533433305
2010-05-07,20.238049676028453
2010-05-10,20.54420533577832
2010-05-11,20.5603173184206
2010-05-12,20.64088722789864
2010-05-13,20.689221176572115
2010-05-14,20.60865526560075
2010-05-17,20.54420533577833
2010-05-18,20.4958793841182
2010-05-19,20.35084555004438
2010-05-20,20.157495760577113
2010-05-21,20.12525979977255
2010-05-24,20.14136178614814
2010-05-25,19.93188601926525
2010-05-26,20.028587903918925
2010-05-27,20.17359574769937
2010-05-28,20.324325454530083
2010-06-01,20.29191955719188
2010-06-02,20.340541398345874
2010-06-03,20.405379183315663
2010-06-04,20.324325454530086
2010-06-07,20.275689618602733
2010-06-08,20.227077773715425
2010-06-09,20.29191955719188
2010-06-10,20.356749345148316
2010-06-11,20.38915924099319
2010-06-14,20.437777083640512
2010-06-15,20.486392927034498
2010-06-16,20.53504075848187
2010-06-17,20.599858550918285
2010-06-18,20.664694336634735
2010-06-21,20.74573606990029
2010-06-22,20.713318177042066
2010-06-23,20.680894286423833
2010-06-24,20.648478392818944
2010-06-25,20.648478392818944
2010-06-28,20.680894286423833
2010-06-29,20.599858550918288
2010-06-30,20.72377227274084
2010-07-01,20.674858540599654
2010-07-02,20.674858540599654
2010-07-06,20.74009217773015
2010-07-07,20.805299824567268
2010-07-08,20.886829375647036
2010-07-09,20.935741108534884
2010-07-12,20.968354928220126
2010-07-13,21.0335765698306
2010-07-14,21.06619038951584
2010-07-15,21.08250629599848
2010-07-16,21.08250629599848
2010-07-19,21.08250629599848
2010-07-20,21.131418028886326
2010-07-21,21.180329761774175
2010-07-22,21.27815322754987
2010-07-23,21.31074905395508
2010-07-26,21.687536239624023
2010-07-27,21.712657928466797
2010-07-28,21.662431716918945
2010-07-29,21.59544563293457
2010-07-30,21.61217880249023
2010-08-02,21.61217880249023
2010-08-03,21.687536239624023
2010-08-04,21.687536239624023
2010-08-05,21.704288482666016
2010-08-06,21.77128028869629
2010-08-09,21.863384246826172
2010-08-10,21.846633911132812
2010-08-11,21.570327758789062
2010-08-12,21.419584274291992
2010-08-13,21.50333595275879
2010-08-16,21.561948776245117
2010-08-17,21.77128028869629
2010-08-18,21.804779052734375
2010-08-19,21.7796630859375
2010-08-20,21.76288604736328
2010-08-23,21.704288482666016
2010-08-24,21.746158599853516
2010-08-25,21.721040725708008
2010-08-26,21.77128028869629
2010-08-27,21.78803443908691
2010-08-30,21.712657928466797
2010-08-31,21.587060928344727
2010-09-01,21.837646484375
2010-09-02,21.846046447753903
2010-09-03,21.95536422729492
2010-09-07,21.9049015045166
2010-09-08,21.753568649291992
2010-09-09,21.88809585571289
2010-09-10,21.980588912963867
2010-09-13,22.123538970947266
2010-09-14,22.274904251098633
2010-09-15,22.18240547180176
2010-09-16,22.18240547180176
2010-09-17,22.18240547180176
2010-09-20,22.274904251098633
2010-09-21,22.367403030395508
2010-09-22,22.552379608154297
2010-09-23,22.443077087402344
2010-09-24,22.53557777404785
2010-09-27,22.586034774780273
2010-09-28,22.678531646728516
2010-09-29,22.69534492492676
2010-09-30,22.728994369506836
2010-10-01,22.88921165466309
2010-10-04,22.83860969543457
2010-10-05,23.057884216308594
2010-10-06,23.125354766845703
2010-10-07,23.17596435546875
2010-10-08,23.23501205444336
2010-10-11,23.150653839111328
2010-10-12,23.209693908691406
2010-10-13,23.369945526123047
2010-10-14,23.454273223876953
2010-10-15,23.33620262145996
2010-10-18,23.302486419677734
2010-10-19,23.18440055847168
2010-10-20,23.18440055847168
2010-10-21,23.07476043701172
2010-10-22,23.049457550048828
2010-10-25,23.277175903320312
2010-10-26,23.116924285888672
2010-10-27,22.93136978149414
2010-10-28,23.041025161743164
2010-10-29,23.08318519592285
2010-11-01,23.150915145874023
2010-11-02,23.235549926757812
2010-11-03,23.42177963256836
2010-11-04,23.667253494262695
2010-11-05,23.557209014892575
2010-11-08,23.40485954284668
2010-11-09,23.28633499145508
2010-11-10,23.235549926757812
2010-11-11,23.142436981201172
2010-11-12,23.040870666503903
2010-11-15,22.54145622253418
2010-11-16,22.380615234375
2010-11-17,22.617645263671875
2010-11-18,22.778478622436523
2010-11-19,22.90542984008789
2010-11-22,22.86310577392578
2010-11-23,22.49913215637207
2010-11-24,22.549915313720703
2010-11-26,22.135149002075195
2010-11-29,22.07589340209961
2010-11-30,22.135149002075195
2010-12-01,22.28387451171875
2010-12-02,22.470842361450195
2010-12-03,22.5643310546875
2010-12-06,22.53033447265625
2010-12-07,22.5643310546875
2010-12-08,22.462358474731445
2010-12-09,22.377370834350582
2010-12-10,22.47934341430664
2010-12-13,22.47934341430664
2010-12-14,22.411365509033203
2010-12-15,22.266874313354492
2010-12-16,22.130887985229492
2010-12-17,22.207386016845703
2010-12-20,22.173385620117188
2010-12-21,22.275373458862305
2010-12-22,22.377370834350582
2010-12-23,22.445356369018555
2010-12-27,22.334884643554688
2010-12-28,22.36886978149414
2010-12-29,22.525806427001953
2010-12-30,22.64521217346191
2010-12-31,22.739044189453125
2011-01-03,22.66227149963379
2011-01-04,22.730512619018555
2011-01-05,22.63667678833008
2011-01-06,22.58551597595215
2011-01-07,22.594032287597656
2011-01-10,22.363754272460938
2011-01-11,22.4831600189209
2011-01-12,22.60257148742676
2011-01-13,22.534339904785156
2011-01-14,22.576984405517575
2011-01-18,22.551389694213867
2011-01-19,22.51728057861328
2011-01-20,22.43197250366211
2011-01-21,22.397872924804688
2011-01-24,22.491697311401367
2011-01-25,22.4234619140625
2011-01-26,22.43197250366211
2011-01-27,22.551389694213867
2011-01-28,22.38934326171875
2011-01-31,22.32962417602539
2011-02-01,22.40499687194824
2011-02-02,22.40499687194824
2011-02-03,22.319366455078125
2011-02-04,22.37074089050293
2011-02-07,22.18231201171875
2011-02-08,22.26796531677246
2011-02-09,22.276535034179688
2011-02-10,22.148061752319336
2011-02-11,22.130935668945312
2011-02-14,22.233707427978516
2011-02-15,22.148061752319336
2011-02-16,22.41356086730957
2011-02-17,22.567716598510746
2011-02-18,22.739013671875
2011-02-22,22.482093811035156
2011-02-23,22.45638656616211
2011-02-24,22.482093811035156
2011-02-25,22.50778579711914
2011-02-28,22.584863662719727
2011-03-01,22.553035736083984
2011-03-02,22.570228576660156
2011-03-03,22.63905906677246
2011-03-04,22.67344665527344
2011-03-07,22.56163024902344
2011-03-08,22.664852142333984
2011-03-09,22.74225616455078
2011-03-10,22.656267166137695
2011-03-11,22.707849502563477
2011-03-14,22.71646499633789
2011-03-15,22.613243103027344
2011-03-16,22.39820098876953
2011-03-17,22.32078742980957
2011-03-18,22.432605743408203
2011-03-21,22.56163024902344
2011-03-22,22.71646499633789
2011-03-23,22.707849502563477
2011-03-24,22.8798828125
2011-03-25,22.905698776245117
2011-03-28,22.940088272094727
2011-03-29,22.85407829284668
2011-03-30,23.01751708984375
2011-03-31,23.137939453125
2011-04-01,23.21920585632324
2011-04-04,23.21920585632324
2011-04-05,23.245132446289062
2011-04-06,23.435312271118164
2011-04-07,23.469884872436523
2011-04-08,23.5736141204834
2011-04-11,23.590898513793945
2011-04-12,23.513097763061523
2011-04-13,23.590898513793945
2011-04-14,23.616840362548828
2011-04-15,23.651416778564453
2011-04-18,23.305644989013672
2011-04-19,23.556318283081055
2011-04-20,23.69463157653809
2011-04-21,23.7637882232666
2011-04-25,23.7205753326416
2011-04-26,23.84159278869629
2011-04-27,24.005844116210938
2011-04-28,24.023122787475582
2011-04-29,24.12687110900879
2011-05-02,24.13729476928711
2011-05-03,23.90284538269043
2011-05-04,23.88549041748047
2011-05-05,23.581605911254883
2011-05-06,23.564233779907227
2011-05-09,23.737892150878903
2011-05-10,23.772626876831055
2011-05-11,23.61632919311523
2011-05-12,23.65973472595215
2011-05-13,23.451372146606445
2011-05-16,23.399272918701172
2011-05-17,23.442686080932617
2011-05-18,23.59897232055664
2011-05-19,23.772626876831055
2011-05-20,23.7552490234375
2011-05-23,23.572914123535156
2011-05-24,23.581605911254883
2011-05-25,23.468732833862305
2011-05-26,23.572914123535156
2011-05-27,23.67711639404297
2011-05-31,23.876806259155273
2011-06-01,23.906476974487305
2011-06-02,24.06352996826172
2011-06-03,24.089698791503903
2011-06-06,23.976272583007812
2011-06-07,24.107147216796875
2011-06-08,24.072242736816406
2011-06-09,23.993717193603516
2011-06-10,23.906476974487305
2011-06-13,23.95009994506836
2011-06-14,23.958818435668945
2011-06-15,23.79305076599121
2011-06-16,23.583637237548828
2011-06-17,23.854106903076172
2011-06-20,23.810489654541016
2011-06-21,23.89775276184082
2011-06-22,23.86283493041992
2011-06-23,23.83667755126953
2011-06-24,23.697084426879883
2011-06-27,23.714529037475582
2011-06-28,23.76688003540039
2011-06-29,23.801776885986328
2011-06-30,23.958818435668945
2011-07-01,24.22171211242676
2011-07-05,24.107799530029297
2011-07-06,24.020177841186523
2011-07-07,24.13409423828125
2011-07-08,24.16037940979004
2011-07-11,23.76603126525879
2011-07-12,23.704681396484375
2011-07-13,23.888721466064453
2011-07-14,23.906248092651367
2011-07-15,23.897485733032227
2011-07-18,23.82737922668457
2011-07-19,23.923763275146484
2011-07-20,24.09026336669922
2011-07-21,24.22171211242676
2011-07-22,24.248003005981445
2011-07-25,24.212953567504883
2011-07-26,24.37946319580078
2011-07-27,24.274301528930664
2011-07-28,24.22171211242676
2011-07-29,24.30934715270996
2011-08-01,24.387683868408203
2011-08-02,24.334863662719727
2011-08-03,24.42289161682129
2011-08-04,24.062034606933594
2011-08-05,24.114858627319336
2011-08-08,23.51637840270996
2011-08-09,23.481176376342773
2011-08-10,23.498781204223633
2011-08-11,23.595582962036133
2011-08-12,23.842023849487305
2011-08-15,24.167654037475582
2011-08-16,24.044450759887695
2011-08-17,24.17644500732422
2011-08-18,23.9476261138916
2011-08-19,24.026830673217773
2011-08-22,24.009241104125977
2011-08-23,24.202863693237305
2011-08-24,23.982812881469727
2011-08-25,24.009241104125977
2011-08-26,24.026830673217773
2011-08-29,24.114858627319336
2011-08-30,24.255678176879883
2011-08-31,24.43169403076172
2011-09-01,24.26812744140625
2011-09-02,24.250442504882812
2011-09-06,24.07362937927246
2011-09-07,24.21509552001953
2011-09-08,24.08248710632324
2011-09-09,23.834924697875977
2011-09-12,23.5255069732666
2011-09-13,23.25143051147461
2011-09-14,23.118816375732425
2011-09-15,23.242599487304688
2011-09-16,23.136503219604492
2011-09-19,22.623735427856445
2011-09-20,22.570707321166992
2011-09-21,21.90763282775879
2011-09-22,21.218042373657227
2011-09-23,21.721973419189453
2011-09-26,21.77501106262207
2011-09-27,22.172866821289062
2011-09-28,21.898784637451172
2011-09-29,21.99602699279785
2011-09-30,21.73964500427246
2011-10-03,21.32923126220703
2011-10-04,21.07161521911621
2011-10-05,21.72010040283203
2011-10-06,22.013275146484375
2011-10-07,22.137630462646484
2011-10-10,22.56403160095215
2011-10-11,22.61734390258789
2011-10-12,22.777250289916992
2011-10-13,22.706174850463867
2011-10-14,22.86606788635254
2011-10-17,22.661766052246097
2011-10-18,22.661766052246097
2011-10-19,22.57293128967285
2011-10-20,22.395265579223633
2011-10-21,22.537384033203125
2011-10-24,22.795001983642575
2011-10-25,22.661766052246097
2011-10-26,22.750585556030273
2011-10-27,23.27470588684082
2011-10-28,23.328033447265625
2011-10-31,22.99932289123535
2011-11-01,22.68796730041504
2011-11-02,22.679052352905273
2011-11-03,22.955602645874023
2011-11-04,22.85747337341309
2011-11-07,22.81285858154297
2011-11-08,23.04483413696289
2011-11-09,22.491682052612305
2011-11-10,22.563058853149418
2011-11-11,22.82177734375
2011-11-14,22.51844596862793
2011-11-15,22.38462257385254
2011-11-16,22.295408248901367
2011-11-17,22.357873916625977
2011-11-18,22.42030334472656
2011-11-21,22.152650833129883
2011-11-22,22.108055114746097
2011-11-23,21.670875549316406
2011-11-25,21.492454528808594
2011-11-28,21.528120040893555
2011-11-29,21.715484619140625
2011-11-30,22.179431915283203
2011-12-01,22.30927848815918
2011-12-02,22.34510040283203
2011-12-05,22.46154022216797
2011-12-06,22.38987922668457
2011-12-07,22.46154022216797
2011-12-08,22.228675842285156
2011-12-09,22.354066848754883
2011-12-12,22.031633377075195
2011-12-13,21.897302627563477
2011-12-14,21.789844512939453
2011-12-15,21.879390716552734
2011-12-16,21.924182891845703
2011-12-19,21.834613800048828
2011-12-20,21.986873626708984
2011-12-21,22.013721466064453
2011-12-22,22.058509826660156
2011-12-23,22.04061508178711
2011-12-27,22.18391227722168
2011-12-28,21.979755401611328
2011-12-29,21.970760345458984
2011-12-30,22.04271125793457
2012-01-03,22.276535034179688
2012-01-04,22.04269790649414
2012-01-05,22.0067195892334
2012-01-06,22.04269790649414
2012-01-09,22.114654541015625
2012-01-10,22.24954605102539
2012-01-11,22.19559669494629
2012-01-12,22.087671279907227
2012-01-13,22.19559669494629
2012-01-17,22.483373641967773
2012-01-18,22.744163513183594
2012-01-19,22.91506004333496
2012-01-20,22.933046340942383
2012-01-23,23.13089370727539
2012-01-24,23.14888381958008
2012-01-25,23.31975555419922
2012-01-26,23.47265625
2012-01-27,23.706459045410156
2012-01-30,23.50861358642578
2012-01-31,23.589569091796875
2012-02-01,23.815155029296875
2012-02-02,23.93249130249023
2012-02-03,24.06783866882324
2012-02-06,23.92346954345703
2012-02-07,24.05881118774414
2012-02-08,24.004669189453125
2012-02-09,24.149078369140625
2012-02-10,23.869298934936523
2012-02-13,24.049779891967773
2012-02-14,23.959550857543945
2012-02-15,23.95054626464844
2012-02-16,24.004669189453125
2012-02-17,24.05881118774414
2012-02-21,24.140039443969727
2012-02-22,24.140039443969727
2012-02-23,24.040771484375
2012-02-24,24.21222686767578
2012-02-27,24.194189071655273
2012-02-28,24.284440994262695
2012-02-29,24.203208923339844
2012-03-01,24.323699951171875
2012-03-02,24.18782615661621
2012-03-05,24.060977935791016
2012-03-06,23.798269271850582
2012-03-07,23.897926330566406
2012-03-08,24.07005500793457
2012-03-09,23.979442596435547
2012-03-12,23.961313247680664
2012-03-13,23.98851776123047
2012-03-14,23.707679748535156
2012-03-15,23.852615356445312
2012-03-16,23.897926330566406
2012-03-19,24.00665283203125
2012-03-20,23.8254451751709
2012-03-21,23.78919219970703
2012-03-22,23.68954849243164
2012-03-23,23.780139923095703
2012-03-26,23.92509651184082
2012-03-27,23.870737075805664
2012-03-28,23.852615356445312
2012-03-29,23.73485565185547
2012-03-30,23.807342529296875
2012-04-02,23.984634399414062
2012-04-03,23.848243713378903
2012-04-04,23.83005142211914
2012-04-05,23.748241424560547
2012-04-09,23.70277214050293
2012-04-10,23.54821395874023
2012-04-11,23.620948791503903
2012-04-12,23.78459930419922
2012-04-13,23.65730094909668
2012-04-16,23.63912582397461
2012-04-17,23.757328033447266
2012-04-18,23.7391357421875
2012-04-19,23.748241424560547
2012-04-20,23.793685913085938
2012-04-23,23.675491333007812
2012-04-24,23.748241424560547
2012-04-25,23.930063247680664
2012-04-26,23.89371681213379
2012-04-27,24.03010368347168
2012-04-30,24.0209903717041
2012-05-01,24.08030128479004
2012-05-02,24.06204605102539
2012-05-03,24.043800354003903
2012-05-04,23.98905372619629
2012-05-07,23.952564239501953
2012-05-08,23.75182342529297
2012-05-09,23.569320678710938
2012-05-10,23.614946365356445
2012-05-11,23.523685455322266
2012-05-14,23.26820182800293
2012-05-15,23.02182960510254
2012-05-16,22.95796012878418
2012-05-17,22.811965942382812
2012-05-18,22.63858985900879
2012-05-21,22.76632308959961
2012-05-22,22.45608711242676
2012-05-23,22.383087158203125
2012-05-24,22.328338623046875
2012-05-25,22.40134620666504
2012-05-29,22.273576736450195
2012-05-30,22.182350158691406
2012-05-31,22.1367244720459
2012-06-01,22.196231842041016
2012-06-04,22.196231842041016
2012-06-05,22.31528091430664
2012-06-06,22.77311897277832
2012-06-07,22.901321411132812
2012-06-08,22.846376419067383
2012-06-11,22.67239570617676
2012-06-12,22.69986915588379
2012-06-13,22.828067779541016
2012-06-14,22.846376419067383
2012-06-15,23.002042770385746
2012-06-18,23.038677215576172
2012-06-19,23.2401123046875
2012-06-20,23.23097038269043
2012-06-21,23.020357131958008
2012-06-22,23.066137313842773
2012-06-25,22.91963768005371
2012-06-26,23.066137313842773
2012-06-27,23.056989669799805
2012-06-28,22.98373031616211
2012-06-29,23.404937744140625
2012-07-02,23.510643005371097
2012-07-03,23.722036361694336
2012-07-05,23.54742431640625
2012-07-06,23.45549774169922
2012-07-09,23.363588333129883
2012-07-10,23.483076095581055
2012-07-11,23.556596755981445
2012-07-12,23.483076095581055
2012-07-13,23.63931655883789
2012-07-16,23.767993927001953
2012-07-17,23.777185440063477
2012-07-18,23.93343734741211
2012-07-19,23.93343734741211
2012-07-20,23.924245834350582
2012-07-23,23.63931655883789
2012-07-24,23.52903175354004
2012-07-25,23.657703399658203
2012-07-26,23.887487411499023
2012-07-27,24.043720245361328
2012-07-30,24.025360107421875
2012-07-31,23.988569259643555
2012-08-01,23.965517044067383
2012-08-02,23.808704376220703
2012-08-03,24.316038131713867
2012-08-06,24.389856338500977
2012-08-07,24.316038131713867
2012-08-08,24.389856338500977
2012-08-09,24.325258255004883
2012-08-10,24.325258255004883
2012-08-13,24.196128845214844
2012-08-14,24.168460845947266
2012-08-15,24.13157081604004
2012-08-16,24.14078712463379
2012-08-17,24.076208114624023
2012-08-20,24.03931427001953
2012-08-21,24.113100051879883
2012-08-22,24.196128845214844
2012-08-23,24.28837013244629
2012-08-24,24.149993896484375
2012-08-27,24.13157081604004
2012-08-28,24.094667434692383
2012-08-29,23.965517044067383
2012-08-30,23.882490158081055
2012-08-31,24.002412796020508
2012-09-04,24.0533390045166
2012-09-05,24.09036445617676
2012-09-06,24.13666534423828
2012-09-07,24.414417266845703
2012-09-10,24.36812210083008
2012-09-11,24.48847198486328
2012-09-12,24.423662185668945
2012-09-13,24.57181930541992
2012-09-14,24.72919273376465
2012-09-17,24.655126571655273
2012-09-18,24.60883903503418
2012-09-19,24.618104934692383
2012-09-20,24.5255126953125
2012-09-21,24.59957695007324
2012-09-24,24.57181930541992
2012-09-25,24.60883903503418
2012-09-26,24.581052780151367
2012-09-27,24.66438865661621
2012-09-28,24.553300857543945
2012-10-01,24.628530502319336
2012-10-02,24.591386795043945
2012-10-03,24.693588256835938
2012-10-04,24.767894744873047
2012-10-05,24.65642547607422
2012-10-08,24.563520431518555
2012-10-09,24.526350021362305
2012-10-10,24.535640716552734
2012-10-11,24.65642547607422
2012-10-12,24.66570472717285
2012-10-15,24.68428611755371
2012-10-16,24.805055618286133
2012-10-17,24.962995529174805
2012-10-18,24.888673782348633
2012-10-19,24.879384994506836
2012-10-22,24.805055618286133
2012-10-23,24.7864933013916
2012-10-24,24.758604049682617
2012-10-25,24.83293342590332
2012-10-26,24.823633193969727
2012-10-31,24.85152244567871
2012-11-01,24.824481964111328
2012-11-02,24.81516456604004
2012-11-05,24.76854133605957
2012-11-06,24.7965145111084
2012-11-07,24.7219295501709
2012-11-08,24.68466567993164
2012-11-09,24.759227752685547
2012-11-12,24.7219295501709
2012-11-13,24.628721237182617
2012-11-14,24.61005973815918
2012-11-15,24.619396209716797
2012-11-16,24.619396209716797
2012-11-19,24.833784103393555
2012-11-20,24.81516456604004
2012-11-21,24.833784103393555
2012-11-23,24.88972282409668
2012-11-26,24.91770362854004
2012-11-27,24.945661544799805
2012-11-28,24.964309692382812
2012-11-29,24.992263793945312
2012-11-30,25.02023696899414
2012-12-03,25.039865493774418
2012-12-04,25.15211296081543
2012-12-05,25.16148567199707
2012-12-06,25.208255767822266
2012-12-07,25.245664596557617
2012-12-10,25.208255767822266
2012-12-11,25.329849243164062
2012-12-12,25.37662696838379
2012-12-13,25.301782608032227
2012-12-14,25.414039611816406
2012-12-17,25.357906341552734
2012-12-18,25.451446533203125
2012-12-19,25.507566452026367
2012-12-20,25.54498291015625
2012-12-21,25.395322799682617
2012-12-24,25.423398971557617
2012-12-26,25.46080207824707
2012-12-27,25.602508544921875
2012-12-28,25.649431228637695
2012-12-31,25.762054443359375
2013-01-02,25.743276596069336
2013-01-03,25.62127685546875
2013-01-04,25.66820526123047
2013-01-07,25.62127685546875
2013-01-08,25.649431228637695
2013-01-09,25.66820526123047
2013-01-10,25.743276596069336
2013-01-11,25.752666473388672
2013-01-14,25.762054443359375
2013-01-15,25.649431228637695
2013-01-16,25.677581787109375
2013-01-17,25.855907440185547
2013-01-18,25.799591064453125
2013-01-22,25.77143287658691
2013-01-23,25.73390007019043
2013-01-24,25.762054443359375
2013-01-25,25.77143287658691
2013-01-28,25.686973571777344
2013-01-29,25.855907440185547
2013-01-30,25.827770233154297
2013-01-31,25.83715057373047
2013-02-01,26.04617500305176
2013-02-04,25.84843635559082
2013-02-05,25.97084617614746
2013-02-06,25.9520263671875
2013-02-07,25.895519256591797
2013-02-08,25.923784255981445
2013-02-11,25.933168411254883
2013-02-12,25.989681243896484
2013-02-13,26.01794052124023
2013-02-14,26.008527755737305
2013-02-15,25.904932022094727
2013-02-19,25.97084617614746
2013-02-20,25.84843635559082
2013-02-21,25.8201904296875
2013-02-22,25.839014053344727
2013-02-25,25.744857788085938
2013-02-26,25.763681411743164
2013-02-27,25.8201904296875
2013-02-28,25.754270553588867
2013-03-01,25.638036727905273
2013-03-04,25.65692138671875
2013-03-05,25.7325439453125
2013-03-06,25.64748191833496
2013-03-07,25.741971969604492
2013-03-08,25.77032470703125
2013-03-11,25.713638305664062
2013-03-12,25.72309303283691
2013-03-13,25.675830841064453
2013-03-14,25.675830841064453
2013-03-15,25.666383743286133
2013-03-18,25.60024070739746
2013-03-19,25.515195846557617
2013-03-20,25.53409767150879
2013-03-21,25.49627113342285
2013-03-22,25.5057430267334
2013-03-25,25.48684310913086
2013-03-26,25.5057430267334
2013-03-27,25.49627113342285
2013-03-28,25.5529842376709
2013-04-01,25.59565544128418
2013-04-02,25.60514259338379
2013-04-03,25.56721305847168
2013-04-04,25.4344425201416
2013-04-05,25.614641189575195
2013-04-08,25.813779830932617
2013-04-09,26.03190040588379
2013-04-10,26.03190040588379
2013-04-11,26.126728057861328
2013-04-12,26.126728057861328
2013-04-15,25.95602035522461
2013-04-16,26.107770919799805
2013-04-17,25.965517044067383
2013-04-18,26.003442764282227
2013-04-19,26.050865173339844
2013-04-22,25.993968963623047
2013-04-23,26.003442764282227
2013-04-24,26.085302352905273
2013-04-25,26.085302352905273
2013-04-26,26.104333877563477
2013-04-29,26.20900535583496
2013-04-30,26.2565975189209
2013-05-01,26.23755645751953
2013-05-02,26.313695907592773
2013-05-03,26.40884017944336
2013-05-06,26.361289978027344
2013-05-07,26.437419891357425
2013-05-08,26.49451446533203
2013-05-09,26.47547149658203
2013-05-10,26.304168701171875
2013-05-13,26.247072219848633
2013-05-14,26.14239501953125
2013-05-15,26.085302352905273
2013-05-16,26.047216415405273
2013-05-17,25.980602264404297
2013-05-20,25.990123748779297
2013-05-21,25.92349624633789
2013-05-22,25.79978370666504
2013-05-23,25.72365379333496
2013-05-24,25.63800621032715
2013-05-28,25.428638458251953
2013-05-29,25.15266227722168
2013-05-30,24.98134994506836
2013-05-31,24.667293548583984
2013-06-03,24.5354061126709
2013-06-04,24.726564407348633
2013-06-05,24.468496322631836
2013-06-06,24.57364845275879
2013-06-07,24.315576553344727
2013-06-10,23.808992385864254
2013-06-11,23.656049728393555
2013-06-12,23.904565811157227
2013-06-13,24.401592254638672
2013-06-14,24.315576553344727
2013-06-17,24.229536056518555
2013-06-18,23.885452270507812
2013-06-19,23.579599380493164
2013-06-20,23.17817115783691
2013-06-21,23.08258819580078
2013-06-24,22.66204071044922
2013-06-25,23.17817115783691
2013-06-26,23.168615341186523
2013-06-27,23.6082820892334
2013-06-28,23.18771743774414
2013-07-01,23.53323554992676
2013-07-02,23.418054580688477
2013-07-03,23.28369903564453
2013-07-05,23.034156799316406
2013-07-08,23.293302536010746
2013-07-09,23.427656173706055
2013-07-10,23.37008285522461
2013-07-11,23.43726348876953
2013-07-12,23.360483169555664
2013-07-15,23.43726348876953
2013-07-16,23.54284286499023
2013-07-17,23.82117080688477
2013-07-18,23.706005096435547
2013-07-19,23.80195999145508
2013-07-22,23.917137145996097
2013-07-23,23.95551490783691
2013-07-24,23.734783172607425
2013-07-25,23.6675968170166
2013-07-26,23.6196231842041
2013-07-29,23.562021255493164
2013-07-30,23.562021255493164
2013-07-31,23.466060638427734
2013-08-01,23.337894439697266
2013-08-02,23.530616760253903
2013-08-05,23.569149017333984
2013-08-06,23.530616760253903
2013-08-07,23.47279167175293
2013-08-08,23.626964569091797
2013-08-09,23.704057693481445
2013-08-12,23.588422775268555
2013-08-13,23.40534782409668
2013-08-14,23.376434326171875
2013-08-15,23.270458221435547
2013-08-16,23.164447784423828
2013-08-19,22.933198928833008
2013-08-20,22.904293060302734
2013-08-21,22.673019409179688
2013-08-22,22.576662063598633
2013-08-23,22.971742630004883
2013-08-26,22.798290252685547
2013-08-27,22.44175910949707
2013-08-28,22.412853240966797
2013-08-29,22.44175910949707
2013-08-30,22.538131713867188
2013-09-03,22.43846893310547
2013-09-04,22.477163314819336
2013-09-05,22.39008522033691
2013-09-06,22.622299194335938
2013-09-09,22.709394454956055
2013-09-10,22.728736877441406
2013-09-11,23.019012451171875
2013-09-12,23.18351173400879
2013-09-13,23.10610008239746
2013-09-16,23.386699676513672
2013-09-17,23.531841278076172
2013-09-18,24.325258255004883
2013-09-19,24.25753593444824
2013-09-20,23.91888427734375
2013-09-23,23.967254638671875
2013-09-24,23.91888427734375
2013-09-25,23.725360870361328
2013-09-26,23.618932723999023
2013-09-27,23.483455657958984
2013-09-30,23.51248550415039
2013-10-01,23.57467269897461
2013-10-02,23.74959945678711
2013-10-03,23.671855926513672
2013-10-04,23.74959945678711
2013-10-07,23.720447540283203
2013-10-08,23.701021194458008
2013-10-09,23.73017120361328
2013-10-10,23.817625045776367
2013-10-11,23.92451858520508
2013-10-14,23.905067443847656
2013-10-15,23.77875328063965
2013-10-16,23.914806365966797
2013-10-17,24.342365264892575
2013-10-18,24.29378890991211
2013-10-21,24.245193481445312
2013-10-22,24.507566452026367
2013-10-23,24.439546585083008
2013-10-24,24.439546585083008
2013-10-25,24.527006149291992
2013-10-28,24.536710739135746
2013-10-29,24.390949249267575
2013-10-30,24.28407859802246
2013-10-31,24.060562133789062
2013-11-01,23.83606338500977
2013-11-04,23.83606338500977
2013-11-05,23.621326446533203
2013-11-06,23.59202766418457
2013-11-07,23.543231964111328
2013-11-08,23.318742752075195
2013-11-11,23.06494903564453
2013-11-12,23.133272171020508
2013-11-13,23.260169982910156
2013-11-14,23.40657615661621
2013-11-15,23.44562530517578
2013-11-18,23.474903106689453
2013-11-19,23.494441986083984
2013-11-20,23.17232322692871
2013-11-21,23.133272171020508
2013-11-22,23.37729835510254
2013-11-25,23.230892181396484
2013-11-26,23.35776710510254
2013-11-27,23.299213409423828
2013-11-29,23.26992416381836
2013-12-02,23.2012882232666
2013-12-03,23.309160232543945
2013-12-04,23.12284469604492
2013-12-05,23.269927978515625
2013-12-06,23.358182907104492
2013-12-09,23.466053009033203
2013-12-10,23.49546241760254
2013-12-11,23.40720558166504
2013-12-12,23.417015075683594
2013-12-13,23.534692764282227
2013-12-16,23.54449462890625
2013-12-17,23.48564910888672
2013-12-18,23.475852966308594
2013-12-19,23.31894874572754
2013-12-20,23.269927978515625
2013-12-23,23.31894874572754
2013-12-24,23.328765869140625
2013-12-26,23.28953742980957
2013-12-27,23.25998306274414
2013-12-30,23.299394607543945
2013-12-31,23.20086669921875
2014-01-02,23.07280921936035
2014-01-03,23.08265686035156
2014-01-06,23.02354431152344
2014-01-07,23.04325294494629
2014-01-08,22.954578399658203
2014-01-09,22.974279403686523
2014-01-10,23.131916046142575
2014-01-13,23.00385856628418
2014-01-14,23.04325294494629
2014-01-15,22.944738388061523
2014-01-16,22.85606384277344
2014-01-17,22.875762939453125
2014-01-21,22.75752830505371
2014-01-22,22.69843482971191
2014-01-23,22.59005355834961
2014-01-24,22.304363250732425
2014-01-27,22.225563049316406
2014-01-28,22.432432174682617
2014-01-29,22.176298141479492
2014-01-30,22.36347007751465
2014-01-31,22.18613052368164
2014-02-03,22.027742385864254
2014-02-04,22.324750900268555
2014-02-05,22.41384506225586
2014-02-06,22.61184883117676
2014-02-07,22.61184883117676
2014-02-10,22.502948760986328
2014-02-11,22.542539596557617
2014-02-12,22.52274513244629
2014-02-13,22.57225799560547
2014-02-14,22.621749877929688
2014-02-18,22.67125701904297
2014-02-19,22.48314666748047
2014-02-20,22.582155227661133
2014-02-21,22.651453018188477
2014-02-24,22.819744110107425
2014-02-25,22.750442504882812
2014-02-26,22.621749877929688
2014-02-27,22.799951553344727
2014-02-28,22.849464416503903
2014-03-03,22.638671875
2014-03-04,22.767932891845703
2014-03-05,22.94689559936523
2014-03-06,23.076135635375977
2014-03-07,22.907123565673828
2014-03-10,22.867351531982425
2014-03-11,22.807697296142575
2014-03-12,22.787813186645508
2014-03-13,22.708269119262695
2014-03-14,22.807697296142575
2014-03-17,22.857398986816406
2014-03-18,22.9270076751709
2014-03-19,22.867351531982425
2014-03-20,22.94689559936523
2014-03-21,22.827571868896484
2014-03-24,22.94689559936523
2014-03-25,23.076135635375977
2014-03-26,23.096025466918945
2014-03-27,23.324697494506836
2014-03-28,23.314756393432617
2014-03-31,23.42410659790039
2014-04-01,23.55699348449707
2014-04-02,23.427114486694336
2014-04-03,23.427114486694336
2014-04-04,23.48705291748047
2014-04-07,23.55699348449707
2014-04-08,23.816728591918945
2014-04-09,23.8666934967041
2014-04-10,23.79675674438477
2014-04-11,23.77677345275879
2014-04-14,23.67687225341797
2014-04-15,23.57696533203125
2014-04-16,23.606937408447266
2014-04-17,23.726829528808594
2014-04-21,23.71683883666992
2014-04-22,23.63690948486328
2014-04-23,23.586963653564453
2014-04-24,23.619094848632812
2014-04-25,23.60904884338379
2014-04-28,23.659229278564453
2014-04-29,23.719465255737305
2014-04-30,23.739540100097656
2014-05-01,23.81983184814453
2014-05-02,23.839916229248047
2014-05-05,23.900156021118164
2014-05-06,24.01056480407715
2014-05-07,24.05070686340332
2014-05-08,24.271533966064453
2014-05-09,24.231395721435547
2014-05-12,24.231395721435547
2014-05-13,24.26150703430176
2014-05-14,24.361894607543945
2014-05-15,24.39199447631836
2014-05-16,24.402021408081055
2014-05-19,24.492368698120117
2014-05-20,24.291616439819336
2014-05-21,24.402021408081055
2014-05-22,24.462255477905273
2014-05-23,24.542558670043945
2014-05-27,24.38196182250977
2014-05-28,24.341821670532227
2014-05-29,24.41206741333008
2014-05-30,24.25146484375
2014-06-02,24.150615692138672
2014-06-03,24.02962303161621
2014-06-04,24.05988311767578
2014-06-05,24.211135864257812
2014-06-06,24.453155517578125
2014-06-09,24.483396530151367
2014-06-10,24.41280746459961
2014-06-11,24.33213233947754
2014-06-12,24.392642974853516
2014-06-13,24.473318099975582
2014-06-16,24.24138069152832
2014-06-17,24.140548706054688
2014-06-18,24.372474670410156
2014-06-19,24.30188751220703
2014-06-20,24.32206153869629
2014-06-23,24.443056106567383
2014-06-24,24.41280746459961
2014-06-25,24.41280746459961
2014-06-26,24.483396530151367
2014-06-27,24.503559112548828
2014-06-30,24.503559112548828
2014-07-01,24.503568649291992
2014-07-02,24.452919006347656
2014-07-03,24.402250289916992
2014-07-07,24.503568649291992
2014-07-08,24.52381896972656
2014-07-09,24.706157684326172
2014-07-10,24.614978790283203
2014-07-11,24.594728469848633
2014-07-14,24.63524055480957
2014-07-15,24.55420684814453
2014-07-16,24.62510108947754
2014-07-17,24.6048583984375
2014-07-18,24.645383834838867
2014-07-21,24.736526489257812
2014-07-22,24.79731559753418
2014-07-23,24.878353118896484
2014-07-24,24.858089447021484
2014-07-25,24.827713012695312
2014-07-28,24.75680160522461
2014-07-29,24.675769805908203
2014-07-30,24.574459075927734
2014-07-31,24.32122802734375
2014-08-01,24.297840118408203
2014-08-04,24.36903381347656
2014-08-05,24.287633895874023
2014-08-06,24.287633895874023
2014-08-07,24.135021209716797
2014-08-08,24.26729965209961
2014-08-11,24.297840118408203
2014-08-12,24.31816673278809
2014-08-13,24.399578094482425
2014-08-14,24.491147994995117
2014-08-15,24.491147994995117
2014-08-18,24.430099487304688
2014-08-19,24.430099487304688
2014-08-20,24.297840118408203
2014-08-21,24.32834815979004
2014-08-22,24.277475357055664
2014-08-25,24.24695205688477
2014-08-26,24.348697662353516
2014-08-27,24.430099487304688
2014-08-28,24.389379501342773
2014-08-29,24.40974998474121
2014-09-02,24.276872634887695
2014-09-03,24.34842109680176
2014-09-04,24.246192932128903
2014-09-05,24.379077911376953
2014-09-08,24.25641441345215
2014-09-09,24.092863082885746
2014-09-10,24.12354850769043
2014-09-11,24.062206268310547
2014-09-12,23.929319381713867
2014-09-15,23.867982864379883
2014-09-16,23.95999526977539
2014-09-17,23.867982864379883
2014-09-18,23.806663513183594
2014-09-19,23.816875457763672
2014-09-22,23.714670181274418
2014-09-23,23.683992385864254
2014-09-24,23.755556106567383
2014-09-25,23.57155990600586
2014-09-26,23.500003814697266
2014-09-29,23.31600570678711
2014-09-30,23.30578994750977
2014-10-01,23.2955265045166
2014-10-02,23.398197174072266
2014-10-03,23.20311737060547
2014-10-06,23.387924194335938
2014-10-07,23.30577850341797
2014-10-08,23.572715759277344
2014-10-09,23.531673431396484
2014-10-10,23.43926048278809
2014-10-13,23.531673431396484
2014-10-14,23.56245994567871
2014-10-15,23.59326171875
2014-10-16,23.52138900756836
2014-10-17,23.63431930541992
2014-10-20,23.68567276000977
2014-10-21,23.695932388305664
2014-10-22,23.61379051208496
2014-10-23,23.59326171875
2014-10-24,23.60352325439453
2014-10-27,23.5008602142334
2014-10-28,23.675397872924805
2014-10-29,23.541915893554688
2014-10-30,23.65486717224121
2014-10-31,23.52138900756836
2014-11-03,23.37701988220215
2014-11-04,23.39765739440918
2014-11-05,23.2120361328125
2014-11-06,23.016115188598633
2014-11-07,23.1707820892334
2014-11-10,23.160472869873047
2014-11-11,23.15015983581543
2014-11-12,23.19140625
2014-11-13,23.10892677307129
2014-11-14,23.129533767700195
2014-11-17,23.067670822143555
2014-11-18,23.19140625
2014-11-19,23.22233772277832
2014-11-20,23.335783004760746
2014-11-21,23.41827392578125
2014-11-24,23.37701988220215
2014-11-25,23.41827392578125
2014-11-26,23.480148315429688
2014-11-28,23.201730728149418
2014-12-01,23.150970458984375
2014-12-02,22.923091888427734
2014-12-03,22.9127254486084
2014-12-04,22.850576400756836
2014-12-05,22.61233901977539
2014-12-08,22.44659423828125
2014-12-09,22.425884246826172
2014-12-10,22.363731384277344
2014-12-11,22.166927337646484
2014-12-12,21.980466842651367
2014-12-15,21.74223518371582
2014-12-16,21.48327255249023
2014-12-17,21.87689208984375
2014-12-18,22.042613983154297
2014-12-19,22.208356857299805
2014-12-22,22.13585090637207
2014-12-23,22.00118827819824
2014-12-24,22.07369613647461
2014-12-26,22.021892547607425
2014-12-29,22.01775360107422
2014-12-30,22.13218116760254
2014-12-31,22.028141021728516
2015-01-02,21.8720760345459
2015-01-05,21.736799240112305
2015-01-06,21.768028259277344
2015-01-07,21.924100875854492
2015-01-08,22.01775360107422
2015-01-09,22.13218116760254
2015-01-12,22.05936622619629
2015-01-13,21.97612953186035
2015-01-14,22.14260482788086
2015-01-15,22.03856086730957
2015-01-16,22.13218116760254
2015-01-20,22.13218116760254
2015-01-21,22.090574264526367
2015-01-22,22.225854873657227
2015-01-23,22.30910873413086
2015-01-26,22.29869270324707
2015-01-27,22.340312957763672
2015-01-28,22.184226989746097
2015-01-29,22.13218116760254
2015-01-30,22.03856086730957
2015-02-02,22.149303436279297
2015-02-03,22.243331909179688
2015-02-04,21.98214340209961
2015-02-05,22.107521057128903
2015-02-06,21.888099670410156
2015-02-09,21.814960479736328
2015-02-10,21.606006622314453
2015-02-11,21.376161575317383
2015-02-12,21.585115432739254
2015-02-13,21.689594268798828
2015-02-17,21.65825653076172
2015-02-18,21.710498809814453
2015-02-19,21.606006622314453
2015-02-20,21.637357711791992
2015-02-23,21.55377769470215
2015-02-24,21.73139190673828
2015-02-25,21.741844177246097
2015-02-26,21.70005226135254
2015-02-27,21.647796630859375
2015-03-02,21.498741149902344
2015-03-03,21.488243103027344
2015-03-04,21.32027816772461
2015-03-05,21.204822540283203
2015-03-06,20.7744197845459
2015-03-09,20.7219295501709
2015-03-10,20.480487823486328
2015-03-11,20.57497215270996
2015-03-12,20.64845848083496
2015-03-13,20.396509170532227
2015-03-16,20.480487823486328
2015-03-17,20.55396842956543
2015-03-18,20.931880950927734
2015-03-19,20.816415786743164
2015-03-20,21.089338302612305
2015-03-23,21.393768310546875
2015-03-24,21.477746963500977
2015-03-25,21.34128761291504
2015-03-26,21.215322494506836
2015-03-27,21.1208438873291
2015-03-30,21.078845977783203
2015-03-31,21.1208438873291
2015-04-01,21.290611267089844
2015-04-02,21.38551902770996
2015-04-06,21.72295188903809
2015-04-07,21.596416473388672
2015-04-08,21.744056701660156
2015-04-09,21.638599395751953
2015-04-10,21.543701171875
2015-04-13,21.36441993713379
2015-04-14,21.512067794799805
2015-04-15,21.554237365722656
2015-04-16,21.649147033691406
2015-04-17,21.585874557495117
2015-04-20,21.438243865966797
2015-04-21,21.417152404785156
2015-04-22,21.417152404785156
2015-04-23,21.459339141845703
2015-04-24,21.50151824951172
2015-04-27,21.617509841918945
2015-04-28,21.786226272583008
2015-04-29,21.828414916992188
2015-04-30,21.659683227539062
2015-05-01,21.561147689819336
2015-05-04,21.51877212524414
2015-05-05,21.64591407775879
2015-05-06,21.64591407775879
2015-05-07,21.571746826171875
2015-05-08,21.70949363708496
2015-05-11,21.44462013244629
2015-05-12,21.47640037536621
2015-05-13,21.624727249145508
2015-05-14,21.804859161376953
2015-05-15,21.900205612182617
2015-05-18,21.762460708618164
2015-05-19,21.64591407775879
2015-05-20,21.63532257080078
2015-05-21,21.63532257080078
2015-05-22,21.529382705688477
2015-05-26,21.22209930419922
2015-05-27,21.158538818359375
2015-05-28,21.137353897094727
2015-05-29,21.147937774658203
2015-06-01,21.04045867919922
2015-06-02,21.1894588470459
2015-06-03,21.10431480407715
2015-06-04,20.987241744995117
2015-06-05,20.74246597290039
2015-06-08,20.74246597290039
2015-06-09,20.81695556640625
2015-06-10,20.987241744995117
2015-06-11,21.0191650390625
2015-06-12,20.880813598632812
2015-06-15,20.827606201171875
2015-06-16,20.859527587890625
2015-06-17,20.944679260253903
2015-06-18,21.09366226196289
2015-06-19,21.04045867919922
2015-06-22,21.1256046295166
2015-06-23,21.061738967895508
2015-06-24,21.09366226196289
2015-06-25,21.051103591918945
2015-06-26,20.944679260253903
2015-06-29,20.753108978271484
2015-06-30,20.795679092407227
2015-07-01,20.72083282470703
2015-07-02,20.881206512451172
2015-07-06,20.65668296813965
2015-07-07,20.506994247436523
2015-07-08,20.485620498657227
2015-07-09,20.58183860778809
2015-07-10,20.78498649597168
2015-07-13,20.78498649597168
2015-07-14,20.849136352539062
2015-07-15,20.763601303100582
2015-07-16,20.78498649597168
2015-07-17,20.7742862701416
2015-07-20,20.63530540466309
2015-07-21,20.69945526123047
2015-07-22,20.603221893310547
2015-07-23,20.51768684387207
2015-07-24,20.293155670166016
2015-07-27,20.271772384643555
2015-07-28,20.33592414855957
2015-07-29,20.34662437438965
2015-07-30,20.229005813598633
2015-07-31,20.26108169555664
2015-08-03,20.107481002807617
2015-08-04,20.032299041748047
2015-08-05,19.978591918945312
2015-08-06,19.91413116455078
2015-08-07,19.978591918945312
2015-08-10,20.086002349853516
2015-08-11,19.98934555053711
2015-08-12,20.000076293945312
2015-08-13,19.83895492553711
2015-08-14,19.795988082885746
2015-08-17,19.774499893188477
2015-08-18,19.645618438720703
2015-08-19,19.59190368652344
2015-08-20,19.51671981811523
2015-08-21,19.35559463500977
2015-08-24,19.06559181213379
2015-08-25,19.162256240844727
2015-08-26,19.108556747436523
2015-08-27,19.26968002319336
2015-08-28,19.4200496673584
2015-08-31,19.31262969970703
2015-09-01,19.226274490356445
2015-09-02,19.15070915222168
2015-09-03,18.891626358032227
2015-09-04,18.794462203979492
2015-09-08,18.85924911499023
2015-09-09,18.816057205200195
2015-09-10,18.94559669494629
2015-09-11,18.967185974121097
2015-09-14,18.967185974121097
2015-09-15,18.967185974121097
2015-09-16,19.15070915222168
2015-09-17,19.183088302612305
2015-09-18,19.0859432220459
2015-09-21,19.01036834716797
2015-09-22,18.816057205200195
2015-09-23,18.697315216064453
2015-09-24,18.68651008605957
2015-09-25,18.697315216064453
2015-09-28,18.47061538696289
2015-09-29,18.459815979003903
2015-09-30,18.708101272583008
2015-10-01,18.713531494140625
2015-10-02,18.897951126098633
2015-10-05,19.0606746673584
2015-10-06,19.288490295410156
2015-10-07,19.44036102294922
2015-10-08,19.72243309020996
2015-10-09,19.87430763244629
2015-10-12,19.86345863342285
2015-10-13,19.54884910583496
2015-10-14,19.841768264770508
2015-10-15,19.896005630493164
2015-10-16,19.841768264770508
2015-10-19,19.657346725463867
2015-10-20,19.603103637695312
2015-10-21,19.44036102294922
2015-10-22,19.559709548950195
2015-10-23,19.527170181274418
2015-10-26,19.494611740112305
2015-10-27,19.418672561645508
2015-10-28,19.40782928466797
2015-10-29,19.386133193969727
2015-10-30,19.46207046508789
2015-11-02,19.532922744750977
2015-11-03,19.641916275024418
2015-11-04,19.565614700317383
2015-11-05,19.522018432617188
2015-11-06,19.249513626098633
2015-11-09,19.11872100830078
2015-11-10,19.227718353271484
2015-11-11,19.3258113861084
2015-11-12,19.216827392578125
2015-11-13,19.19501686096191
2015-11-16,19.20591926574707
2015-11-17,19.18411445617676
2015-11-18,19.271320343017575
2015-11-19,19.42392349243164
2015-11-20,19.5438232421875
2015-11-23,19.413013458251953
2015-11-24,19.467519760131836
2015-11-25,19.413013458251953
2015-11-27,19.238616943359375
2015-11-30,19.140527725219727
2015-12-01,19.263172149658203
2015-12-02,19.21936416625977
2015-12-03,19.241268157958984
2015-12-04,19.25222396850586
2015-12-07,19.055097579956055
2015-12-08,18.945594787597656
2015-12-09,18.945594787597656
2015-12-10,18.70465850830078
2015-12-11,18.3432674407959
2015-12-14,18.452781677246097
2015-12-15,18.63895034790039
2015-12-16,18.68276023864746
2015-12-17,18.58418846130371
2015-12-18,18.68276023864746
2015-12-21,18.70465850830078
2015-12-22,18.715614318847656
2015-12-23,18.81416702270508
2015-12-24,18.792272567749023
2015-12-28,18.83607482910156
2015-12-29,18.829477310180664
2015-12-30,18.741436004638672
2015-12-31,18.708410263061523
2016-01-04,18.54334259033203
2016-01-05,18.554344177246097
2016-01-06,18.33424949645996
2016-01-07,18.312238693237305
2016-01-08,18.301233291625977
2016-01-11,18.268232345581055
2016-01-12,18.268232345581055
2016-01-13,18.301233291625977
2016-01-14,18.33424949645996
2016-01-15,18.169174194335938
2016-01-19,18.125154495239254
2016-01-20,18.01511001586914
2016-01-21,18.037105560302734
2016-01-22,18.147167205810547
2016-01-25,18.13616180419922
2016-01-26,18.27921485900879
2016-01-27,18.29022789001465
2016-01-28,18.455305099487305
2016-01-29,18.6864070892334
2016-02-01,18.704111099243164
2016-02-02,18.51607322692871
2016-02-03,18.75940704345703
2016-02-04,18.94744300842285
2016-02-05,18.825773239135746
2016-02-08,18.659868240356445
2016-02-09,18.78153610229492
2016-02-10,18.90321159362793
2016-02-11,18.737285614013672
2016-02-12,18.87001037597656
2016-02-16,18.792600631713867
2016-02-17,19.03593063354492
2016-02-18,19.00275421142578
2016-02-19,19.01380920410156
2016-02-22,19.113353729248047
2016-02-23,19.00275421142578
2016-02-24,19.06911849975586
2016-02-25,19.0469913482666
2016-02-26,18.914260864257812
2016-02-29,19.00275421142578
2016-03-01,19.26158142089844
2016-03-02,19.306007385253903
2016-03-03,19.461524963378903
2016-03-04,19.661468505859375
2016-03-07,19.69478416442871
2016-03-08,19.594810485839844
2016-03-09,19.80587387084961
2016-03-10,19.794757843017575
2016-03-11,20.03915786743164
2016-03-14,19.91695785522461
2016-03-15,19.683679580688477
2016-03-16,19.939170837402344
2016-03-17,20.305740356445312
2016-03-18,20.294633865356445
2016-03-21,20.339065551757812
2016-03-22,20.339065551757812
2016-03-23,20.10579490661621
2016-03-24,20.02804374694824
2016-03-28,20.150224685668945
2016-03-29,20.294633865356445
2016-03-30,20.49457740783691
2016-03-31,20.65009498596191
2016-04-01,20.60771369934082
2016-04-04,20.55195045471191
2016-04-05,20.273178100585938
2016-04-06,20.38469123840332
2016-04-07,20.21742248535156
2016-04-08,20.40699005126953
2016-04-11,20.663475036621097
2016-04-12,20.819591522216797
2016-04-13,20.830745697021484
2016-04-14,20.853044509887695
2016-04-15,20.797286987304688
2016-04-18,20.797286987304688
2016-04-19,21.08722686767578
2016-04-20,21.120677947998047
2016-04-21,20.908802032470703
2016-04-22,20.819591522216797
2016-04-25,20.641176223754883
2016-04-26,20.808441162109375
2016-04-27,20.88650703430176
2016-04-28,21.02033042907715
2016-04-29,21.1318359375
2016-05-02,21.10831069946289
2016-05-03,20.828201293945312
2016-05-04,20.525699615478516
2016-05-05,20.548107147216797
2016-05-06,20.604127883911133
2016-05-09,20.447261810302734
2016-05-10,20.581722259521484
2016-05-11,20.604127883911133
2016-05-12,20.592918395996097
2016-05-13,20.447261810302734
2016-05-16,20.45846939086914
2016-05-17,20.402454376220703
2016-05-18,20.021520614624023
2016-05-19,20.032732009887695
2016-05-20,20.133562088012695
2016-05-23,20.021520614624023
2016-05-24,20.04392433166504
2016-05-25,20.032732009887695
2016-05-26,20.133562088012695
2016-05-27,20.066328048706055
2016-05-31,20.021520614624023
2016-06-01,20.209545135498047
2016-06-02,20.05190658569336
2016-06-03,20.524791717529297
2016-06-06,20.58108139038086
2016-06-07,20.727445602416992
2016-06-08,20.97513961791992
2016-06-09,20.87381362915039
2016-06-10,20.592348098754883
2016-06-13,20.47974967956543
2016-06-14,20.3333797454834
2016-06-15,20.502267837524418
2016-06-16,20.40093994140625
2016-06-17,20.592348098754883
2016-06-20,20.772485733032227
2016-06-21,20.772485733032227
2016-06-22,20.997655868530273
2016-06-23,21.18906593322754
2016-06-24,20.491004943847656
2016-06-27,20.44597053527832
2016-06-28,20.87381362915039
2016-06-29,21.16653060913086
2016-06-30,21.245349884033203
2016-07-01,21.25778007507324
2016-07-05,21.043046951293945
2016-07-06,21.031753540039062
2016-07-07,20.975248336791992
2016-07-08,21.29169273376465
2016-07-11,21.246471405029297
2016-07-12,21.404687881469727
2016-07-13,21.382091522216797
2016-07-14,21.540300369262695
2016-07-15,21.39339828491211
2016-07-18,21.39339828491211
2016-07-19,21.2238826751709
2016-07-20,21.167375564575195
2016-07-21,21.18996810913086
2016-07-22,21.17867088317871
2016-07-25,21.043046951293945
2016-07-26,21.054359436035156
2016-07-27,21.144773483276367
2016-07-28,21.167375564575195
2016-07-29,21.39339828491211
2016-08-01,21.29813575744629
2016-08-02,21.28678321838379
2016-08-03,21.320810317993164
2016-08-04,21.42288589477539
2016-08-05,21.42288589477539
2016-08-08,21.61566734313965
2016-08-09,21.74042701721191
2016-08-10,21.86518096923828
2016-08-11,21.853832244873047
2016-08-12,21.831157684326172
2016-08-15,21.87651824951172
2016-08-16,21.910547256469727
2016-08-17,21.89920234680176
2016-08-18,21.955909729003903
2016-08-19,21.87651824951172
2016-08-22,21.785791397094727
2016-08-23,21.68372917175293
2016-08-24,21.536291122436523
2016-08-25,21.55897331237793
2016-08-26,21.479585647583008
2016-08-29,21.411561965942383
2016-08-30,21.366186141967773
2016-08-31,21.264102935791016
2016-09-01,21.321062088012695
2016-09-02,21.377992630004883
2016-09-06,21.74246597290039
2016-09-07,21.799413681030273
2016-09-08,21.765239715576172
2016-09-09,21.446348190307617
2016-09-12,21.50329971313477
2016-09-13,21.309663772583008
2016-09-14,21.309663772583008
2016-09-15,21.40079116821289
2016-09-16,21.286876678466797
2016-09-19,21.40079116821289
2016-09-20,21.423566818237305
2016-09-21,21.71968460083008
2016-09-22,21.78802490234375
2016-09-23,21.639963150024418
2016-09-26,21.605806350708008
2016-09-27,21.765239715576172
2016-09-28,21.78802490234375
2016-09-29,21.651348114013672
2016-09-30,21.7310791015625
2016-10-03,21.767662048339844
2016-10-04,21.584747314453125
2016-10-05,21.66476821899414
2016-10-06,21.641908645629883
2016-10-07,21.6533260345459
2016-10-10,21.699060440063477
2016-10-11,21.436115264892575
2016-10-12,21.458980560302734
2016-10-13,21.47042655944824
2016-10-14,21.40182304382324
2016-10-17,21.40182304382324
2016-10-18,21.55045509338379
2016-10-19,21.676193237304688
2016-10-20,21.56188201904297
2016-10-21,21.49327087402344
2016-10-24,21.55045509338379
2016-10-25,21.641908645629883
2016-10-26,21.49327087402344
2016-10-27,21.458980560302734
2016-10-28,21.367515563964844
2016-10-31,21.458980560302734
2016-11-01,21.39238166809082
2016-11-02,21.36941909790039
2016-11-03,21.334970474243164
2016-11-04,21.312002182006836
2016-11-07,21.40386962890625
2016-11-08,21.645009994506836
2016-11-09,21.059389114379883
2016-11-10,20.060386657714844
2016-11-11,19.77330207824707
2016-11-14,19.89961624145508
2016-11-15,20.267065048217773
2016-11-16,20.048898696899418
2016-11-17,19.9570369720459
2016-11-18,19.88814926147461
2016-11-21,20.01444625854492
2016-11-22,20.060386657714844
2016-11-23,19.842208862304688
2016-11-25,19.81924057006836
2016-11-28,19.99149513244629
2016-11-29,19.979995727539062
2016-11-30,19.88814926147461
2016-12-01,19.83740234375
2016-12-02,19.88353157043457
2016-12-05,19.964262008666992
2016-12-06,20.241060256958008
2016-12-07,20.414066314697266
2016-12-08,20.321794509887695
2016-12-09,20.241060256958008
2016-12-12,20.414066314697266
2016-12-13,20.391000747680664
2016-12-14,20.091127395629883
2016-12-15,19.91813850402832
2016-12-16,19.987327575683594
2016-12-19,20.079599380493164
2016-12-20,20.13726234436035
2016-12-21,20.217992782592773
2016-12-22,20.217992782592773
2016-12-23,20.298725128173828
2016-12-27,20.241060256958008
2016-12-28,20.2653865814209
2016-12-29,20.392847061157227
2016-12-30,20.392847061157227
2017-01-03,20.242216110229492
2017-01-04,20.381258010864254
2017-01-05,20.473962783813477
2017-01-06,20.439184188842773
2017-01-09,20.439184188842773
2017-01-10,20.346498489379883
2017-01-11,20.288572311401367
2017-01-12,20.520301818847656
2017-01-13,20.555063247680664
2017-01-17,20.64775276184082
2017-01-18,20.497129440307617
2017-01-19,20.520301818847656
2017-01-20,20.67093849182129
2017-01-23,20.717281341552734
2017-01-24,20.74045181274414
2017-01-25,20.80997657775879
2017-01-26,20.70569229125977
2017-01-27,20.75203514099121
2017-01-30,20.798389434814453
2017-01-31,20.83315658569336
2017-02-01,20.868066787719727
2017-02-02,20.984451293945312
2017-02-03,21.135753631591797
2017-02-06,21.0659236907959
2017-02-07,20.972822189331055
2017-02-08,21.031007766723633
2017-02-09,21.0659236907959
2017-02-10,21.159029006958008
2017-02-13,21.135753631591797
2017-02-14,21.205589294433594
2017-02-15,21.27541160583496
2017-02-16,21.217226028442383
2017-02-17,21.159029006958008
2017-02-21,21.193937301635746
2017-02-22,21.31032943725586
2017-02-23,21.415077209472656
2017-02-24,21.31032943725586
2017-02-27,21.263774871826172
2017-02-28,21.159029006958008
2017-03-01,21.236169815063477
2017-03-02,20.967363357543945
2017-03-03,21.15435028076172
2017-03-06,21.142671585083008
2017-03-07,21.212787628173828
2017-03-08,21.025798797607425
2017-03-09,20.897235870361328
2017-03-10,21.107608795166016
2017-03-13,21.084228515625
2017-03-14,21.049165725708008
2017-03-15,21.423168182373047
2017-03-16,21.481599807739254
2017-03-17,21.621856689453125
2017-03-20,21.727041244506836
2017-03-21,21.680299758911133
2017-03-22,21.762102127075195
2017-03-23,21.797164916992188
2017-03-24,21.85561180114746
2017-03-27,21.80885124206543
2017-03-28,21.66860580444336
2017-03-29,21.750425338745117
2017-03-30,21.750425338745117
2017-03-31,21.633544921875
2017-04-03,21.621801376342773
2017-04-04,21.66875267028809
2017-04-05,21.65702247619629
2017-04-06,21.63353157043457
2017-04-07,21.57484245300293
2017-04-10,21.56311416625977
2017-04-11,21.586580276489254
2017-04-12,21.762666702270508
2017-04-13,21.727449417114254
2017-04-17,21.86830711364746
2017-04-18,21.91526222229004
2017-04-19,21.797887802124023
2017-04-20,21.89178466796875
2017-04-21,21.880041122436523
2017-04-24,22.056133270263672
2017-04-25,21.99742126464844
2017-04-26,21.880041122436523
2017-04-27,21.880041122436523
2017-04-28,21.91526222229004
2017-05-01,21.94120407104492
2017-05-02,22.047313690185547
2017-05-03,21.94120407104492
2017-05-04,21.79972267150879
2017-05-05,21.917619705200195
2017-05-08,21.764341354370117
2017-05-09,21.705398559570312
2017-05-10,21.83508682250977
2017-05-11,21.894041061401367
2017-05-12,22.011943817138672
2017-05-15,22.15342140197754
2017-05-16,22.3184814453125
2017-05-17,22.212371826171875
2017-05-18,21.74076461791992
2017-05-19,22.02372169494629
2017-05-22,22.070884704589844
2017-05-23,22.09446144104004
2017-05-24,22.22415542602539
2017-05-25,22.1769962310791
2017-05-26,22.259521484375
2017-05-30,22.1769962310791
2017-05-31,22.259521484375
2017-06-01,22.36495018005371
2017-06-02,22.483421325683594
2017-06-05,22.459714889526367
2017-06-06,22.554487228393555
2017-06-07,22.471567153930664
2017-06-08,22.50711441040039
2017-06-09,22.447874069213867
2017-06-12,22.495258331298828
2017-06-13,22.542648315429688
2017-06-14,22.62556266784668
2017-06-15,22.447874069213867
2017-06-16,22.530805587768555
2017-06-19,22.436038970947266
2017-06-20,22.23465919494629
2017-06-21,22.163576126098633
2017-06-22,22.30572509765625
2017-06-23,22.40049171447754
2017-06-26,22.518951416015625
2017-06-27,22.459714889526367
2017-06-28,22.50711441040039
2017-06-29,22.37679672241211
2017-06-30,22.37679672241211
2017-07-03,22.20308303833008
2017-07-05,22.179283142089844
2017-07-06,22.131689071655273
2017-07-07,22.119792938232425
2017-07-10,22.131689071655273
2017-07-11,22.19118309020996
2017-07-12,22.393455505371097
2017-07-13,22.417259216308594
2017-07-14,22.643339157104492
2017-07-17,22.70282936096191
2017-07-18,22.809917449951172
2017-07-19,22.79802131652832
2017-07-20,22.845611572265625
2017-07-21,22.809917449951172
2017-07-24,22.726625442504883
2017-07-25,22.65523147583008
2017-07-26,22.845611572265625
2017-07-27,22.786115646362305
2017-07-28,22.82181739807129
2017-07-31,22.88131523132324
2017-08-01,22.82990837097168
2017-08-02,22.841867446899418
2017-08-03,22.87772560119629
2017-08-04,22.81795883178711
2017-08-07,22.853824615478516
2017-08-08,22.75820541381836
2017-08-09,22.68649101257324
2017-08-10,22.62671661376953
2017-08-11,22.72234344482422
2017-08-14,22.78208923339844
2017-08-15,22.81795883178711
2017-08-16,22.93747901916504
2017-08-17,22.81795883178711
2017-08-18,22.93747901916504
2017-08-21,22.87772560119629
2017-08-22,22.925540924072266
2017-08-23,22.96139335632324
2017-08-24,22.98529624938965
2017-08-25,23.14067649841309
2017-08-28,23.16458511352539
2017-08-29,23.152637481689453
2017-08-30,23.12872886657715
2017-08-31,23.200458526611328
2017-09-01,23.24246406555176
2017-09-05,23.32651710510254
2017-09-06,23.374530792236328
2017-09-07,23.554611206054688
2017-09-08,23.554611206054688
2017-09-11,23.506593704223633
2017-09-12,23.434558868408203
2017-09-13,23.350521087646484
2017-09-14,23.42255210876465
2017-09-15,23.458566665649418
2017-09-18,23.362525939941406
2017-09-19,23.374530792236328
2017-09-20,23.32651710510254
2017-09-21,23.32651710510254
2017-09-22,23.434558868408203
2017-09-25,23.302501678466797
2017-09-26,23.182451248168945
2017-09-27,22.930328369140625
2017-09-28,22.942333221435547
2017-09-29,23.05038070678711
2017-10-02,22.98886489868164
2017-10-03,22.976810455322266
2017-10-04,23.025060653686523
2017-10-05,22.940628051757812
2017-10-06,22.89238929748535
2017-10-09,22.75971221923828
2017-10-10,22.84412956237793
2017-10-11,22.90443992614746
2017-10-12,22.940628051757812
2017-10-13,23.07329559326172
2017-10-16,23.00093460083008
2017-10-17,22.976810455322266
2017-10-18,22.964752197265625
2017-10-19,22.976810455322266
2017-10-20,22.86824607849121
2017-10-23,22.74765396118164
2017-10-24,22.63908576965332
2017-10-25,22.590845108032227
2017-10-26,22.313438415527344
2017-10-27,22.470224380493164
2017-10-30,22.385807037353516
2017-10-31,22.40992546081543
2017-11-01,22.42447853088379
2017-11-02,22.509326934814453
2017-11-03,22.279008865356445
2017-11-06,22.460840225219727
2017-11-07,22.31538200378418
2017-11-08,22.388111114501953
2017-11-09,22.400239944458008
2017-11-10,22.363874435424805
2017-11-13,22.30325698852539
2017-11-14,22.291139602661133
2017-11-15,22.266895294189453
2017-11-16,22.448711395263672
2017-11-17,22.557817459106445
2017-11-20,22.460840225219727
2017-11-21,22.557817459106445
2017-11-22,22.7396240234375
2017-11-24,22.800235748291016
2017-11-27,22.848726272583008
2017-11-28,22.86084747314453
2017-11-29,22.72750473022461
2017-11-30,22.76387405395508
2017-12-01,22.830835342407227
2017-12-04,22.87954330444336
2017-12-05,22.843008041381836
2017-12-06,22.830835342407227
2017-12-07,22.72125244140625
2017-12-08,22.76995086669922
2017-12-11,22.74559783935547
2017-12-12,22.660375595092773
2017-12-13,22.78214454650879
2017-12-14,22.75778007507324
2017-12-15,22.843008041381836
2017-12-18,22.976964950561523
2017-12-19,23.01347923278809
2017-12-20,23.062183380126953
2017-12-21,22.9891300201416
2017-12-22,23.01347923278809
2017-12-26,23.05002212524414
2017-12-27,23.14051628112793
2017-12-28,23.16497039794922
2017-12-29,23.21391868591309
2018-01-02,23.458513259887695
2018-01-03,23.54414176940918
2018-01-04,23.67866897583008
2018-01-05,23.654220581054688
2018-01-08,23.568601608276367
2018-01-09,23.50745010375977
2018-01-10,23.495220184326172
2018-01-11,23.64198303222656
2018-01-12,23.80098533630371
2018-01-16,23.84990882873535
2018-01-17,23.837665557861328
2018-01-18,23.935508728027344
2018-01-19,23.898826599121097
2018-01-22,23.92328643798828
2018-01-23,23.92328643798828
2018-01-24,24.241287231445312
2018-01-25,24.22907066345215
2018-01-26,24.22907066345215
2018-01-29,24.057823181152344
2018-01-30,23.947757720947266
2018-01-31,24.08228874206543
2018-02-01,24.250593185424805
2018-02-02,23.955753326416016
2018-02-05,23.796045303344727
2018-02-06,23.968036651611328
2018-02-07,23.796045303344727
2018-02-08,23.59948348999023
2018-02-09,23.648637771606445
2018-02-12,23.722335815429688
2018-02-13,23.808324813842773
2018-02-14,24.029470443725582
2018-02-15,24.201461791992188
2018-02-16,24.226037979125977
2018-02-20,24.017183303833008
2018-02-21,23.94346046447754
2018-02-22,24.017183303833008
2018-02-23,24.12773323059082
2018-02-26,24.15230178833008
2018-02-27,23.94346046447754
2018-02-28,23.9066162109375
2018-03-01,23.85354804992676
2018-03-02,23.927589416503903
2018-03-05,23.96461296081543
2018-03-06,24.038660049438477
2018-03-07,24.001632690429688
2018-03-08,23.902908325195312
2018-03-09,23.939929962158203
2018-03-12,23.95227432250977
2018-03-13,23.927589416503903
2018-03-14,23.989295959472656
2018-03-15,23.85354804992676
2018-03-16,23.828874588012695
2018-03-19,23.75483512878418
2018-03-20,23.680784225463867
2018-03-21,23.902908325195312
2018-03-22,23.85354804992676
2018-03-23,23.89055633544922
2018-03-26,24.125038146972656
2018-03-27,24.050981521606445
2018-03-28,24.038660049438477
2018-03-29,24.18673515319824
2018-04-02,24.090015411376953
2018-04-03,24.077627182006836
2018-04-04,24.114830017089844
2018-04-05,24.00323486328125
2018-04-06,23.92884635925293
2018-04-09,23.842065811157227
2018-04-10,23.780075073242188
2018-04-11,23.854455947875977
2018-04-12,23.866859436035156
2018-04-13,23.916446685791016
2018-04-16,23.966053009033203
2018-04-17,23.97843360900879
2018-04-18,24.090015411376953
2018-04-19,23.990842819213867
2018-04-20,23.79246711730957
2018-04-23,23.51970100402832
2018-04-24,23.558320999145508
2018-04-25,23.40883445739746
2018-04-26,23.40883445739746
2018-04-27,23.50849342346191
2018-04-30,23.334070205688477
2018-05-01,23.159669876098633
2018-05-02,22.97278594970703
2018-05-03,22.9478759765625
2018-05-04,22.96032333374023
2018-05-07,22.761005401611328
2018-05-08,22.474477767944336
2018-05-09,22.462005615234375
2018-05-10,22.848209381103516
2018-05-11,22.761005401611328
2018-05-14,22.62395668029785
2018-05-15,22.37481117248535
2018-05-16,22.462005615234375
2018-05-17,22.237762451171875
2018-05-18,22.025976181030273
2018-05-21,22.08826446533203
2018-05-22,22.237762451171875
2018-05-23,22.28759765625
2018-05-24,22.237762451171875
2018-05-25,22.138097763061523
2018-05-29,21.93876075744629
2018-05-30,22.15055274963379
2018-05-31,22.0757999420166
2018-06-01,22.07078742980957
2018-06-04,22.145950317382812
2018-06-05,22.020694732666016
2018-06-06,22.095848083496097
2018-06-07,21.882905960083008
2018-06-08,21.95806312561035
2018-06-11,21.870378494262695
2018-06-12,21.75765037536621
2018-06-13,21.720064163208008
2018-06-14,21.444486618041992
2018-06-15,21.469547271728516
2018-06-18,21.38187026977539
2018-06-19,21.39438819885254
2018-06-20,21.406925201416016
2018-06-21,21.41944694519043
2018-06-22,21.56974983215332
2018-06-25,21.457019805908203
2018-06-26,21.444486618041992
2018-06-27,21.219024658203125
2018-06-28,21.331768035888672
2018-06-29,21.319232940673828
2018-07-02,21.204648971557617
2018-07-03,21.34316635131836
2018-07-05,21.49426651000977
2018-07-06,21.657962799072266
2018-07-09,21.72091293334961
2018-07-10,21.8342342376709
2018-07-11,21.49426651000977
2018-07-12,21.60759162902832
2018-07-13,21.62018394470215
2018-07-16,21.657962799072266
2018-07-17,21.67054557800293
2018-07-18,21.657962799072266
2018-07-19,21.49426651000977
2018-07-20,21.657962799072266
2018-07-23,21.67054557800293
2018-07-24,21.67054557800293
2018-07-25,21.96016311645508
2018-07-26,21.846830368041992
2018-07-27,21.92238998413086
2018-07-30,21.98534393310547
2018-07-31,21.934974670410156
2018-08-01,21.900781631469727
2018-08-02,21.74888038635254
2018-08-03,21.7868595123291
2018-08-06,21.68557929992676
2018-08-07,21.7868595123291
2018-08-08,21.723569869995117
2018-08-09,21.521005630493164
2018-08-10,20.96400451660156
2018-08-13,20.723474502563477
2018-08-14,20.91336250305176
2018-08-15,20.698148727416992
2018-08-16,20.774106979370117
2018-08-17,20.824745178222656
2018-08-20,20.79942512512207
2018-08-21,20.87538719177246
2018-08-22,20.951339721679688
2018-08-23,20.74878692626953
2018-08-24,20.93867874145508
2018-08-27,21.01463508605957
2018-08-28,20.87538719177246
2018-08-29,20.74878692626953
2018-08-30,20.470285415649418
2018-08-31,20.45762634277344
2018-09-04,20.121627807617188
2018-09-05,20.10889434814453
2018-09-06,20.172529220581055
2018-09-07,20.210721969604492
2018-09-10,20.197988510131836
2018-09-11,20.18525505065918
2018-09-12,20.299806594848633
2018-09-13,20.46525764465332
2018-09-14,20.41434669494629
2018-09-17,20.42707061767578
2018-09-18,20.46525764465332
2018-09-19,20.617982864379883
2018-09-20,20.847078323364254
2018-09-21,20.872520446777344
2018-09-24,20.859800338745117
2018-09-25,20.796165466308594
2018-09-26,20.98708152770996
2018-09-27,21.012523651123047
2018-09-28,20.948890686035156
2018-10-01,20.979583740234375
2018-10-02,20.954011917114254
2018-10-03,20.813297271728516
2018-10-04,20.59581184387207
2018-10-05,20.698148727416992
2018-10-08,20.736528396606445
2018-10-09,20.787694931030273
2018-10-10,20.63419532775879
2018-10-11,20.749324798583984
2018-10-12,20.749324798583984
2018-10-15,20.89004135131836
2018-10-16,21.145891189575195
2018-10-17,21.171478271484375
2018-10-18,20.99238014221191
2018-10-19,21.069129943847656
2018-10-22,20.99238014221191
2018-10-23,20.966798782348633
2018-10-24,20.72374153137207
2018-10-25,20.80049514770508
2018-10-26,20.90283966064453
2018-10-29,20.72374153137207
2018-10-30,20.762123107910156
2018-10-31,20.63419532775879
2018-11-01,20.870227813720703
2018-11-02,20.979564666748047
2018-11-05,21.050310134887695
2018-11-06,21.08890914916992
2018-11-07,21.18537139892578
2018-11-08,20.96027946472168
2018-11-09,20.89596176147461
2018-11-12,20.70944023132324
2018-11-13,20.657995223999023
2018-11-14,20.81878089904785
2018-11-15,20.998863220214844
2018-11-16,21.223970413208008
2018-11-19,21.12106132507324
2018-11-20,21.01172637939453
2018-11-21,21.12106132507324
2018-11-23,21.07603645324707
2018-11-26,20.96027946472168
2018-11-27,20.966697692871097
2018-11-28,21.13393211364746
2018-11-29,21.236827850341797
2018-11-30,21.191802978515625
2018-12-03,21.27974510192871
2018-12-04,21.156892776489254
2018-12-06,21.143953323364254
2018-12-07,21.12456321716309
2018-12-10,21.05343437194824
2018-12-11,21.034032821655273
2018-12-12,21.176284790039062
2018-12-13,21.131023406982425
2018-12-14,21.014636993408203
2018-12-17,21.098695755004883
2018-12-18,21.182748794555664
2018-12-19,21.13749122619629
2018-12-20,21.240949630737305
2018-12-21,21.169824600219727
2018-12-24,21.182748794555664
2018-12-26,21.19568634033203
2018-12-27,21.327024459838867
2018-12-28,21.405057907104492
2018-12-31,21.45707130432129
2019-01-02,21.48957633972168
2019-01-03,21.567604064941406
2019-01-04,21.821197509765625
2019-01-07,21.970733642578125
2019-01-08,21.860206604003903
2019-01-09,22.00975799560547
2019-01-10,22.04227066040039
2019-01-11,21.964244842529297
2019-01-14,22.003253936767575
2019-01-15,22.029258728027344
2019-01-16,22.003253936767575
2019-01-17,22.00975799560547
2019-01-18,21.964244842529297
2019-01-22,21.938232421875
2019-01-23,22.04227066040039
2019-01-24,22.003253936767575
2019-01-25,22.159313201904297
2019-01-28,22.126789093017575
2019-01-29,22.18532371520996
2019-01-30,22.458398818969727
2019-01-31,22.60795211791992
2019-02-01,22.590959548950195
2019-02-04,22.584426879882812
2019-02-05,22.65632438659668
2019-02-06,22.499441146850582
2019-02-07,22.414470672607425
2019-02-08,22.3752384185791
2019-02-11,22.205284118652344
2019-02-12,22.34909439086914
2019-02-13,22.14646339416504
2019-02-14,22.19221305847168
2019-02-15,22.290271759033203
2019-02-19,22.30987548828125
2019-02-20,22.322948455810547
2019-02-21,22.290271759033203
2019-02-22,22.368709564208984
2019-02-25,22.421001434326172
2019-02-26,22.46022605895996
2019-02-27,22.453676223754883
2019-02-28,22.30987548828125
2019-03-01,22.255367279052734
2019-03-04,22.1897029876709
2019-03-05,22.24223899841309
2019-03-06,22.17656707763672
2019-03-07,21.89419174194336
2019-03-08,21.992694854736328
2019-03-11,22.051786422729492
2019-03-12,22.13060188293457
2019-03-13,22.17656707763672
2019-03-14,22.097766876220703
2019-03-15,22.1897029876709
2019-03-18,22.301334381103516
2019-03-19,22.353870391845703
2019-03-20,22.596851348876953
2019-03-21,22.511478424072266
2019-03-22,22.07806396484375
2019-03-25,22.281639099121097
2019-03-26,22.24223899841309
2019-03-27,21.94672393798828
2019-03-28,21.94672393798828
2019-03-29,21.907331466674805
2019-04-01,22.166833877563477
2019-04-02,22.1272029876709
2019-04-03,22.22625160217285
2019-04-04,22.232852935791016
2019-04-05,22.265871047973633
2019-04-08,22.272476196289062
2019-04-09,22.338512420654297
2019-04-10,22.450754165649418
2019-04-11,22.285688400268555
2019-04-12,22.351720809936523
2019-04-15,22.391332626342773
2019-04-16,22.298898696899418
2019-04-17,22.378129959106445
2019-04-18,22.35832405090332
2019-04-22,22.33190536499023
2019-04-23,22.25267791748047
2019-04-24,22.0017147064209
2019-04-25,21.988431930541992
2019-04-26,21.92868423461914
2019-04-29,21.94195556640625
2019-04-30,21.988431930541992
2019-05-01,21.9153995513916
2019-05-02,21.769344329833984
2019-05-03,21.955238342285156
2019-05-06,21.862293243408203
2019-05-07,21.709592819213867
2019-05-08,21.7959041595459
2019-05-09,21.702972412109375
2019-05-10,21.888856887817383
2019-05-13,21.736156463623047
2019-05-14,21.82245826721191
2019-05-15,21.888856887817383
2019-05-16,21.769344329833984
2019-05-17,21.59673118591309
2019-05-20,21.616655349731445
2019-05-21,21.696317672729492
2019-05-22,21.68303871154785
2019-05-23,21.68303871154785
2019-05-24,21.782634735107425
2019-05-28,21.709592819213867
2019-05-29,21.769344329833984
2019-05-30,21.7959041595459
2019-05-31,21.908769607543945
2019-06-03,21.995574951171875
2019-06-04,22.10241317749023
2019-06-05,22.0556697845459
2019-06-06,22.12912368774414
2019-06-07,22.269346237182617
2019-06-10,22.362836837768555
2019-06-11,22.476354598999023
2019-06-12,22.463001251220703
2019-06-13,22.509740829467773
2019-06-14,22.4362850189209
2019-06-17,22.429603576660156
2019-06-18,22.609899520874023
2019-06-19,22.89034843444824
2019-06-20,23.070653915405273
2019-06-21,22.99051094055176
2019-06-24,23.050617218017575
2019-06-25,23.017229080200195
2019-06-26,23.023900985717773
2019-06-27,23.1307430267334
2019-06-28,23.170812606811523
2019-07-01,23.2244930267334
2019-07-02,23.244619369506836
2019-07-03,23.31172752380371
2019-07-05,23.2244930267334
2019-07-08,23.25804328918457
2019-07-09,23.18423080444336
2019-07-10,23.325149536132812
2019-07-11,23.31843376159668
2019-07-12,23.425798416137695
2019-07-15,23.445932388305664
2019-07-16,23.284887313842773
2019-07-17,23.345279693603516
2019-07-18,23.600269317626953
2019-07-19,23.533164978027344
2019-07-22,23.553293228149418
2019-07-23,23.492908477783203
2019-07-24,23.51303482055664
2019-07-25,23.432506561279297
2019-07-26,23.405664443969727
2019-07-29,23.325149536132812
2019-07-30,23.305007934570312
2019-07-31,23.217777252197266
2019-08-01,23.010009765625
2019-08-02,22.949295043945312
2019-08-05,22.733428955078125
2019-08-06,22.834623336791992
2019-08-07,22.84136199951172
2019-08-08,23.043729782104492
2019-08-09,22.996524810791016
2019-08-12,22.740184783935547
2019-08-13,22.76041030883789
2019-08-14,22.36916160583496
2019-08-15,22.51757049560547
2019-08-16,22.618749618530273
2019-08-19,22.402894973754883
2019-08-20,22.510814666748047
2019-08-21,22.510814666748047
2019-08-22,22.36916160583496
2019-08-23,22.35565757751465
2019-08-26,22.301700592041016
2019-08-27,22.24772834777832
2019-08-28,22.14653778076172
2019-08-29,22.200504302978516
2019-08-30,22.240982055664062
2019-09-03,22.214519500732425
2019-09-04,22.51984405517578
2019-09-05,22.53342628479004
2019-09-06,22.58770179748535
2019-09-09,22.56734275817871
2019-09-10,22.499502182006836
2019-09-11,22.51306915283203
2019-09-12,22.703052520751953
2019-09-13,22.601272583007812
2019-09-16,22.526634216308594
2019-09-17,22.59449577331543
2019-09-18,22.499502182006836
2019-09-19,22.58091735839844
2019-09-20,22.675912857055664
2019-09-23,22.641984939575195
2019-09-24,22.62163352966309
2019-09-25,22.384153366088867
2019-09-26,22.43843460083008
2019-09-27,22.411298751831055
2019-09-30,22.390939712524418
2019-10-01,22.36705207824707
2019-10-02,22.469396591186523
2019-10-03,22.701406478881836
2019-10-04,22.844696044921875
2019-10-07,22.65363311767578
2019-10-08,22.61952018737793
2019-10-09,22.79010581970215
2019-10-10,22.87881088256836
2019-10-11,22.98798561096191
2019-10-14,22.94022750854492
2019-10-15,22.871980667114254
2019-10-16,22.892457962036133
2019-10-17,22.93340110778809
2019-10-18,23.069862365722656
2019-10-21,23.042566299438477
2019-10-22,23.090330123901367
2019-10-23,23.18585777282715
2019-10-24,23.103979110717773
2019-10-25,23.26092529296875
2019-10-28,23.274560928344727
2019-10-29,23.233627319335938
2019-10-30,23.11080741882324
2019-10-31,23.1585750579834
2019-11-01,23.227848052978516
2019-11-04,23.255287170410156
2019-11-05,23.179840087890625
2019-11-06,23.13181495666504
2019-11-07,23.083797454833984
2019-11-08,23.049489974975582
2019-11-11,22.953460693359375
2019-11-12,22.82311248779297
2019-11-13,22.720224380493164
2019-11-14,22.74765968322754
2019-11-15,22.88486099243164
2019-11-18,22.864274978637695
2019-11-19,22.850542068481445
2019-11-20,22.78195571899414
2019-11-21,22.795671463012695
2019-11-22,22.733936309814453
2019-11-25,22.644752502441406
2019-11-26,22.6516170501709
2019-11-27,22.583009719848633
2019-11-29,22.60360336303711
2019-12-02,22.63392639160156
2019-12-03,22.695972442626953
2019-12-04,22.72355842590332
2019-12-05,22.79939079284668
2019-12-06,22.85454559326172
2019-12-09,22.90969467163086
2019-12-10,22.90281105041504
2019-12-11,23.075159072875977
2019-12-12,23.061372756958008
2019-12-13,23.116539001464844
2019-12-16,23.21304702758789
2019-12-17,23.254411697387695
2019-12-18,23.21994400024414
2019-12-19,23.254411697387695
2019-12-20,23.247520446777344
2019-12-23,23.275100708007812
2019-12-24,23.323352813720703
2019-12-26,23.385406494140625
2019-12-27,23.468141555786133
2019-12-30,23.47437858581543
2019-12-31,23.5574951171875
2020-01-02,23.59905433654785
2020-01-03,23.460508346557617
2020-01-06,23.47437858581543
2020-01-07,23.418949127197266
2020-01-08,23.529788970947266
2020-01-09,23.522859573364254
2020-01-10,23.550559997558594
2020-01-13,23.495145797729492
2020-01-14,23.509002685546875
2020-01-15,23.495145797729492
2020-01-16,23.467437744140625
2020-01-17,23.47437858581543
2020-01-21,23.44666862487793
2020-01-22,23.5574951171875
2020-01-23,23.522859573364254
2020-01-24,23.529788970947266
2020-01-27,23.32891845703125
2020-01-28,23.439735412597656
2020-01-29,23.418949127197266
2020-01-30,23.308130264282227
2020-01-31,23.25965690612793
2020-02-03,23.28540802001953
2020-02-04,23.431594848632812
2020-02-05,23.473350524902344
2020-02-06,23.368934631347656
2020-02-07,23.21578598022461
2020-02-10,23.22276306152344
2020-02-11,23.34109687805176
2020-02-12,23.34805679321289
2020-02-13,23.327167510986328
2020-02-14,23.424636840820312
2020-02-18,23.34805679321289
2020-02-19,23.368934631347656
2020-02-20,23.17402458190918
2020-02-21,23.187952041625977
2020-02-24,23.0069522857666
2020-02-25,22.986068725585938
2020-02-26,22.958229064941406
2020-02-27,22.770267486572266
2020-02-28,22.56142234802246
2020-03-02,22.727161407470703
2020-03-03,23.05583381652832
2020-03-04,23.09079933166504
2020-03-05,22.86703109741211
2020-03-06,22.755136489868164
2020-03-09,21.60129737854004
2020-03-10,22.09779357910156
2020-03-11,21.573322296142575
2020-03-12,20.29361343383789
2020-03-13,20.71318244934082
2020-03-16,20.21669006347656
2020-03-17,20.04885482788086
2020-03-18,18.90900421142578
2020-03-19,18.636280059814453
2020-03-20,18.797107696533203
2020-03-23,18.964942932128903
2020-03-24,19.363550186157227
2020-03-25,19.832075119018555
2020-03-26,20.258647918701172
2020-03-27,19.90899085998535
2020-03-30,19.720186233520508
2020-03-31,19.90899085998535
2020-04-01,19.447237014770508
2020-04-02,19.362905502319336
2020-04-03,19.166112899780273
2020-04-06,19.433183670043945
2020-04-07,19.81271171569824
2020-04-08,19.98841857910156
2020-04-09,20.283605575561523
2020-04-13,20.19926071166992
2020-04-14,20.346858978271484
2020-04-15,20.22035789489746
2020-04-16,20.072755813598633
2020-04-17,20.269550323486328
2020-04-20,20.213321685791016
2020-04-21,20.136009216308594
2020-04-22,20.02355575561523
2020-04-23,19.98139381408691
2020-04-24,19.82114601135254
2020-04-27,19.95526885986328
2020-04-28,20.209386825561523
2020-04-29,20.56938934326172
2020-04-30,20.392921447753903
2020-05-01,20.181156158447266
2020-05-04,20.24468421936035
2020-05-05,20.39997673034668
2020-05-06,20.209386825561523
2020-05-07,20.265865325927734
2020-05-08,20.42820930480957
2020-05-11,20.350568771362305
2020-05-12,20.456443786621097
2020-05-13,20.421154022216797
2020-05-14,20.527034759521484
2020-05-15,20.456443786621097
2020-05-18,20.858797073364254
2020-05-19,20.92233085632324
2020-05-20,21.25409698486328
2020-05-21,21.423503875732425
2020-05-22,21.29644203186035
2020-05-26,21.755268096923828
2020-05-27,21.61408805847168
2020-05-28,21.557626724243164
2020-05-29,21.7623233795166
2020-06-01,21.977130889892575
2020-06-02,22.267797470092773
2020-06-03,22.445032119750977
2020-06-04,22.35996437072754
2020-06-05,22.445032119750977
2020-06-08,22.430858612060547
2020-06-09,22.296161651611328
2020-06-10,22.430858612060547
2020-06-11,21.920419692993164
2020-06-12,22.11892318725586
2020-06-15,22.17563819885254
2020-06-16,22.019670486450195
2020-06-17,21.87788963317871
2020-06-18,21.721908569335938
2020-06-19,21.977130889892575
2020-06-22,21.984228134155273
2020-06-23,22.097660064697266
2020-06-24,21.899154663085938
2020-06-25,22.012584686279297
2020-06-26,21.799901962280273
2020-06-29,21.8140869140625
2020-06-30,21.792810440063477
2020-07-01,21.91176986694336
2020-07-02,22.011499404907227
2020-07-06,22.011499404907227
2020-07-07,21.926023483276367
2020-07-08,22.111230850219727
2020-07-09,22.125473022460938
2020-07-10,22.196714401245117
2020-07-13,22.10410499572754
2020-07-14,22.218090057373047
2020-07-15,22.253692626953125
2020-07-16,22.13973045349121
2020-07-17,22.161094665527344
2020-07-20,22.26082420349121
2020-07-21,22.47452735900879
2020-07-22,22.57426071166992
2020-07-23,22.50303077697754
2020-07-24,22.51725959777832
2020-07-27,22.716726303100582
2020-07-28,22.64548683166504
2020-07-29,22.688222885131836
2020-07-30,22.64548683166504
2020-07-31,22.495895385742188
2020-08-03,22.462249755859375
2020-08-04,22.512357711791992
2020-08-05,22.52667808532715
2020-08-06,22.462249755859375
2020-08-07,22.29762077331543
2020-08-10,22.23318862915039
2020-08-11,22.268980026245117
2020-08-12,22.31192970275879
2020-08-13,22.34055519104004
2020-08-14,22.38351249694824
2020-08-17,22.29762077331543
2020-08-18,22.447938919067383
2020-08-19,22.362035751342773
2020-08-20,22.41214370727539
2020-08-21,22.276140213012695
2020-08-24,22.326255798339844
2020-08-25,22.376354217529297
2020-08-26,22.326255798339844
2020-08-27,22.290456771850582
2020-08-28,22.634050369262695
2020-08-31,22.548154830932617
2020-09-01,22.709857940673828
2020-09-02,22.580493927001953
2020-09-03,22.59486961364746
2020-09-04,22.573305130004883
2020-09-08,22.40801048278809
2020-09-09,22.59486961364746
2020-09-10,22.50143241882324
2020-09-11,22.58768081665039
2020-09-14,22.68828392028809
2020-09-15,22.760156631469727
2020-09-16,22.7745361328125
2020-09-17,22.78172492980957
2020-09-18,22.666730880737305
2020-09-21,22.379270553588867
2020-09-22,22.28583526611328
2020-09-23,21.940879821777344
2020-09-24,22.084613800048828
2020-09-25,21.96961784362793
2020-09-28,21.955249786376953
2020-09-29,22.01274299621582
2020-09-30,22.163663864135746
2020-10-01,22.250215530395508
2020-10-02,22.163667678833008
2020-10-05,22.26464080810547
2020-10-06,22.23579216003418
2020-10-07,22.257421493530273
2020-10-08,22.3511905670166
2020-10-09,22.50985336303711
2020-10-12,22.48100852966309
2020-10-13,22.32954788208008
2020-10-14,22.3511905670166
2020-10-15,22.228574752807617
2020-10-16,22.257421493530273
2020-10-19,22.293487548828125
2020-10-20,22.36560440063477
2020-10-21,22.49544334411621
2020-10-22,22.44495010375977
2020-10-23,22.50985336303711
2020-10-26,22.430519104003903
2020-10-27,22.42331886291504
2020-10-28,22.12038803100586
2020-10-29,22.149232864379883
2020-10-30,22.170879364013672
2020-11-02,22.1571102142334
2020-11-03,22.309223175048828
2020-11-04,22.598957061767575
2020-11-05,22.859708786010746
2020-11-06,23.069761276245117
2020-11-09,23.2291202545166
2020-11-10,23.156679153442383
2020-11-11,23.22187614440918
2020-11-12,23.14943504333496
2020-11-13,23.2291202545166
2020-11-16,23.30154800415039
2020-11-17,23.366737365722656
2020-11-18,23.37398338317871
2020-11-19,23.460899353027344
2020-11-20,23.431928634643555
2020-11-23,23.28706169128418
2020-11-24,23.431928634643555
2020-11-25,23.533334732055664
2020-11-27,23.52608871459961
2020-11-30,23.431928634643555
2020-12-01,23.672582626342773
2020-12-02,23.621686935424805
2020-12-03,23.803447723388672
2020-12-04,23.8688907623291
2020-12-07,23.861616134643555
2020-12-08,23.93431282043457
2020-12-09,23.8688907623291
2020-12-10,24.050647735595703
2020-12-11,24.007022857666016
2020-12-14,23.985206604003903
2020-12-15,24.130615234375
2020-12-16,24.181516647338867
2020-12-17,24.348731994628903
2020-12-18,24.297840118408203
2020-12-21,24.108810424804688
2020-12-22,23.985206604003903
2020-12-23,24.050647735595703
2020-12-24,24.152429580688477
2020-12-28,24.159698486328125
2020-12-29,24.188159942626953
2020-12-30,24.283050537109375
2020-12-31,24.283050537109375
2021-01-04,24.283050537109375
2021-01-05,24.348743438720703
2021-01-06,24.283050537109375
2021-01-07,23.976503372192383
2021-01-08,24.01299285888672
2021-01-11,23.757532119750977
2021-01-12,24.02029037475586
2021-01-13,23.969202041625977
2021-01-14,24.100582122802734
2021-01-15,23.947311401367188
2021-01-19,24.005701065063477
2021-01-20,24.129772186279297
2021-01-21,24.085981369018555
2021-01-22,23.918107986450195
2021-01-25,23.83052444458008
2021-01-26,23.961912155151367
2021-01-27,23.76483726501465
2021-01-28,23.845129013061523
2021-01-29,23.83052444458008
2021-02-01,23.900123596191406
2021-02-02,23.98805809020996
2021-02-03,24.02467918395996
2021-02-04,23.878145217895508
2021-02-05,24.010032653808594
2021-02-08,24.03200912475586
2021-02-09,24.112598419189453
2021-02-10,24.171222686767575
2021-02-11,24.185876846313477
2021-02-12,24.12726402282715
2021-02-16,23.966068267822266
2021-02-17,23.944089889526367
2021-02-18,23.878145217895508
2021-02-19,23.775571823120117
2021-02-22,23.55576515197754
2021-02-23,23.746261596679688
2021-02-24,23.812206268310547
2021-02-25,23.262699127197266
2021-02-26,23.24072265625
2021-03-01,23.364259719848633
2021-03-02,23.305431365966797
2021-03-03,23.17305564880371
2021-03-04,22.981843948364254
2021-03-05,22.886247634887695
2021-03-08,22.54059600830078
2021-03-09,22.79063606262207
2021-03-10,22.952423095703125
2021-03-11,23.20983123779297
2021-03-12,23.01861572265625
2021-03-15,23.011260986328125
2021-03-16,23.01861572265625
2021-03-17,23.11422538757324
2021-03-18,22.900951385498047
2021-03-19,23.01861572265625
2021-03-22,22.864179611206055
2021-03-23,22.65826416015625
2021-03-24,22.51853370666504
2021-03-25,22.496471405029297
2021-03-26,22.54059600830078
2021-03-29,22.400869369506836
2021-03-30,22.37880516052246
2021-03-31,22.562660217285156
2021-04-01,22.648345947265625
2021-04-05,22.69266891479492
2021-04-06,22.84779357910156
2021-04-07,22.862567901611328
2021-04-08,23.0620174407959
2021-04-09,22.899503707885746
2021-04-12,22.86995506286621
2021-04-13,22.965986251831055
2021-04-14,23.047239303588867
2021-04-15,23.224529266357425
2021-04-16,23.165435791015625
2021-04-19,23.20974349975586
2021-04-20,23.18020248413086
2021-04-21,23.18758773803711
2021-04-22,23.143266677856445
2021-04-23,23.194971084594727
2021-04-26,23.173480987548828
2021-04-27,23.114145278930664
2021-04-28,23.269874572753903
2021-04-29,23.24762535095215
2021-04-30,23.069660186767575
2021-05-03,23.14380645751953
2021-05-04,23.002914428710938
2021-05-05,23.077075958251953
2021-05-06,23.358869552612305
2021-05-07,23.573909759521484
2021-05-10,23.522010803222656
2021-05-11,23.536836624145508
2021-05-12,23.255050659179688
2021-05-13,23.38111114501953
2021-05-14,23.46268653869629
2021-05-17,23.45525550842285
2021-05-18,23.522010803222656
2021-05-19,23.373701095581055
2021-05-20,23.514591217041016
2021-05-21,23.43301773071289
2021-05-24,23.492340087890625
2021-05-25,23.522010803222656
2021-05-26,23.522010803222656
2021-05-27,23.54425811767578
2021-05-28,23.63323402404785
2021-06-01,23.737468719482425
2021-06-02,23.826826095581055
2021-06-03,23.670469284057617
2021-06-04,23.92362594604492
2021-06-07,23.871501922607425
2021-06-08,23.878955841064453
2021-06-09,23.886396408081055
2021-06-10,23.953405380249023
2021-06-11,23.811941146850582
2021-06-14,23.774703979492188
2021-06-15,23.737468719482425
2021-06-16,23.42474365234375
2021-06-17,23.380069732666016
2021-06-18,23.201370239257812
2021-06-21,23.290725708007812
2021-06-22,23.350297927856445
2021-06-23,23.365184783935547
2021-06-24,23.46943092346191
2021-06-25,23.45453453063965
2021-06-28,23.528993606567383
2021-06-29,23.43219566345215
2021-06-30,23.365184783935547
2021-07-01,23.264265060424805
2021-07-02,23.391345977783203
2021-07-06,23.182029724121097
2021-07-07,23.152124404907227
2021-07-08,23.114749908447266
2021-07-09,23.241840362548828
2021-07-12,23.196983337402344
2021-07-13,23.047462463378903
2021-07-14,23.264265060424805
2021-07-15,23.196983337402344
2021-07-16,23.226884841918945
2021-07-19,23.05493927001953
2021-07-20,23.09980201721191
2021-07-21,23.129703521728516
2021-07-22,23.152124404907227
2021-07-23,23.107276916503903
2021-07-26,23.114749908447266
2021-07-27,23.129703521728516
2021-07-28,23.23436164855957
2021-07-29,23.36892318725586
2021-07-30,23.256790161132812
2021-08-02,23.299571990966797
2021-08-03,23.34461212158203
2021-08-04,23.277055740356445
2021-08-05,23.224512100219727
2021-08-06,23.036855697631836
2021-08-09,22.946779251098633
2021-08-10,22.946779251098633
2021-08-11,23.051868438720703
2021-08-12,23.044353485107425
2021-08-13,23.13442611694336
2021-08-16,23.08188819885254
2021-08-17,22.984304428100582
2021-08-18,22.946779251098633
2021-08-19,22.804149627685547
2021-08-20,22.819169998168945
2021-08-23,22.90174102783203
2021-08-24,23.014328002929688
2021-08-25,23.059371948242188
2021-08-26,23.02184295654297
2021-08-27,23.224512100219727
2021-08-30,23.277055740356445
2021-08-31,23.39715003967285
2021-09-01,23.432573318481445
2021-09-02,23.4250431060791
2021-09-03,23.432573318481445
2021-09-07,23.342132568359375
2021-09-08,23.24414825439453
2021-09-09,23.304452896118164
2021-09-10,23.27429962158203
2021-09-13,23.311986923217773
2021-09-14,23.281831741333008
2021-09-15,23.304452896118164
2021-09-16,23.1310977935791
2021-09-17,23.018049240112305
2021-09-20,22.897451400756836
2021-09-21,22.972820281982425
2021-09-22,22.95775032043457
2021-09-23,22.950210571289062
2021-09-24,22.829618453979492
2021-09-27,22.79947280883789
2021-09-28,22.618581771850582
2021-09-29,22.543210983276367
2021-09-30,22.58842658996582
2021-10-01,22.742067337036133
2021-10-04,22.605836868286133
2021-10-05,22.552858352661133
2021-10-06,22.53772354125977
2021-10-07,22.560426712036133
2021-10-08,22.507457733154297
2021-10-11,22.37879753112793
2021-10-12,22.477184295654297
2021-10-13,22.620973587036133
2021-10-14,22.64368057250977
2021-10-15,22.689088821411133
2021-10-18,22.5755615234375
2021-10-19,22.620973587036133
2021-10-20,22.6739559173584
2021-10-21,22.4317684173584
2021-10-22,22.446908950805664
2021-10-25,22.492311477661133
2021-10-26,22.4696102142334
2021-10-27,22.446908950805664
2021-10-28,22.36366081237793
2021-10-29,22.28040885925293
2021-11-01,22.20136260986328
2021-11-02,22.21656036376953
2021-11-03,22.292572021484375
2021-11-04,22.25457191467285
2021-11-05,22.421785354614254
2021-11-08,22.474987030029297
2021-11-09,22.55860137939453
2021-11-10,22.33817481994629
2021-11-11,22.376184463500977
2021-11-12,22.322975158691406
2021-11-15,22.30017852783203
2021-11-16,22.148164749145508
2021-11-17,22.155763626098633
2021-11-18,22.06456184387207
2021-11-19,21.950551986694336
2021-11-22,21.760536193847656
2021-11-23,21.676921844482425
2021-11-24,21.616121292114254
2021-11-26,21.486907958984375
2021-11-29,21.524911880493164
2021-11-30,21.661718368530273
2021-12-01,21.623559951782227
2021-12-02,21.65409278869629
2021-12-03,21.63882827758789
2021-12-06,21.623559951782227
2021-12-07,21.76858139038086
2021-12-08,21.92123794555664
2021-12-09,21.822011947631836
2021-12-10,21.890703201293945
2021-12-13,21.791479110717773
2021-12-14,21.661720275878903
2021-12-15,21.692251205444336
2021-12-16,21.71514892578125
2021-12-17,21.631195068359375
2021-12-20,21.692251205444336
2021-12-21,21.791479110717773
2021-12-22,21.959396362304688
2021-12-23,22.05099296569824
2021-12-27,22.05099296569824
2021-12-28,21.94413375854492
2021-12-29,21.847543716430664
2021-12-30,21.91653823852539
2021-12-31,21.92420196533203
2022-01-03,21.87054443359375
2022-01-04,21.747892379760746
2022-01-05,21.709558486938477
2022-01-06,21.71722984313965
2022-01-07,21.832212448120117
2022-01-10,21.770885467529297
2022-01-11,21.87820625305176
2022-01-12,22.07752227783203
2022-01-13,22.01619529724121
2022-01-14,21.970197677612305
2022-01-18,21.72489356994629
2022-01-19,22.00852394104004
2022-01-20,22.031524658203125
2022-01-21,22.07752227783203
2022-01-24,21.96252822875977
2022-01-25,21.970197677612305
2022-01-26,21.77855682373047
2022-01-27,21.793886184692383
2022-01-28,21.801551818847656
2022-01-31,22.0008602142334
2022-02-01,22.08247947692871
2022-02-02,22.167165756225582
2022-02-03,22.182571411132812
2022-02-04,22.159473419189453
2022-02-07,22.15177345275879
2022-02-08,22.20567512512207
2022-02-09,22.321165084838867
2022-02-10,22.305767059326172
2022-02-11,22.159473419189453
2022-02-14,22.159473419189453
2022-02-15,22.336566925048828
2022-02-16,22.428956985473633
2022-02-17,22.390457153320312
2022-02-18,22.36736297607422
2022-02-22,22.267271041870117
2022-02-23,22.197969436645508
2022-02-24,21.49730682373047
2022-02-25,22.005483627319336
2022-02-28,20.92753791809082
2022-03-01,20.718034744262695
2022-03-02,20.486122131347656
2022-03-03,20.70257568359375
2022-03-04,20.54796981811523
2022-03-07,20.022281646728516
2022-03-08,20.27739143371582
2022-03-09,20.594348907470703
2022-03-10,20.447463989257812
2022-03-11,20.331506729125977
2022-03-14,20.223278045654297
2022-03-15,20.33923721313477
2022-03-16,20.57888412475586
2022-03-17,20.679384231567383
2022-03-18,20.857189178466797
2022-03-21,20.63300132751465
2022-03-22,20.563426971435547
2022-03-23,20.58661842346191
2022-03-24,20.60207748413086
2022-03-25,20.58661842346191
2022-03-28,20.60980987548828
2022-03-29,20.826269149780273
2022-03-30,20.911306381225582
2022-03-31,20.86491584777832
2022-04-01,20.91687774658203
2022-04-04,20.955657958984375
2022-04-05,20.691970825195312
2022-04-06,20.61441421508789
2022-04-07,20.56012535095215
2022-04-08,20.54461097717285
2022-04-11,20.498085021972656
2022-04-12,20.60665702819824
2022-04-13,20.598901748657227
2022-04-14,20.44378662109375
2022-04-18,20.47481155395508
2022-04-19,20.31970596313477
2022-04-20,20.451547622680664
2022-04-21,20.389497756958008
2022-04-22,20.125808715820312
2022-04-25,20.03467559814453
2022-04-26,19.82436180114746
2022-04-27,19.793195724487305
2022-04-28,19.7075138092041
2022-04-29,19.7075138092041
2022-05-02,19.543933868408203
2022-05-03,19.68414878845215
2022-05-04,19.91004180908203
2022-05-05,19.51277732849121
2022-05-06,19.427087783813477
2022-05-09,19.20119285583496
2022-05-10,19.208974838256836
2022-05-11,19.162250518798828
2022-05-12,19.10771369934082
2022-05-13,19.170032501220703
2022-05-16,19.232349395751953
2022-05-17,19.380355834960938
2022-05-18,19.318029403686523
2022-05-19,19.59846305847168
2022-05-20,19.6607723236084
2022-05-23,19.816560745239254
2022-05-24,19.87109375
2022-05-25,19.902250289916992
2022-05-26,20.026880264282227
2022-05-27,20.026880264282227
2022-05-31,19.980148315429688
2022-06-01,19.86124038696289
2022-06-02,20.072446823120117
2022-06-03,20.002050399780273
2022-06-06,19.892534255981445
2022-06-07,19.876888275146484
2022-06-08,19.775196075439453
2022-06-09,19.610929489135746
2022-06-10,19.337135314941406
2022-06-13,19.024242401123047
2022-06-14,18.93819236755371
2022-06-15,19.258913040161133
2022-06-16,19.15721893310547
2022-06-17,19.11810874938965
2022-06-21,19.15721893310547
2022-06-22,19.258913040161133
2022-06-23,19.23545265197754
2022-06-24,19.290197372436523
2022-06-27,19.188507080078125
2022-06-28,19.149402618408203
2022-06-29,19.165042877197266
2022-06-30,19.149402618408203
2022-07-01,19.173778533935547
2022-07-05,18.898624420166016
2022-07-06,18.6313419342041
2022-07-07,18.741392135620117
2022-07-08,18.725675582885746
2022-07-11,18.450529098510746
2022-07-12,18.419076919555664
2022-07-13,18.489830017089844
2022-07-14,18.301164627075195
2022-07-15,18.481977462768555
2022-07-18,18.489830017089844
2022-07-19,18.623476028442383
2022-07-20,18.576311111450195
2022-07-21,18.61561584472656
2022-07-22,18.725675582885746
2022-07-25,18.81214904785156
2022-07-26,18.717809677124023
2022-07-27,18.937929153442383
2022-07-28,19.079435348510746
2022-07-29,19.134464263916016
2022-08-01,19.246660232543945
2022-08-02,19.017532348632812
2022-08-03,19.21505355834961
2022-08-04,19.333572387695312
2022-08-05,19.20714950561523
2022-08-08,19.341461181640625
2022-08-09,19.301965713500977
2022-08-10,19.625898361206055
2022-08-11,19.633800506591797
2022-08-12,19.783918380737305
2022-08-15,19.625898361206055
2022-08-16,19.55480194091797
2022-08-17,19.444183349609375
2022-08-18,19.270355224609375
2022-08-19,19.12813949584961
2022-08-22,19.049135208129883
2022-08-23,19.12813949584961
2022-08-24,19.10443878173828
2022-08-25,19.238750457763672
2022-08-26,19.151845932006836
2022-08-29,19.14394187927246
2022-08-30,19.10443878173828
2022-08-31,19.033327102661133
2022-09-01,18.9388370513916
2022-09-02,19.050010681152344
2022-09-06,18.907073974609375
2022-09-07,19.1055908203125
2022-09-08,19.050010681152344
2022-09-09,19.16911506652832
2022-09-12,19.264415740966797
2022-09-13,18.946773529052734
2022-09-14,19.01030540466309
2022-09-15,18.891183853149418
2022-09-16,18.883251190185547
2022-09-19,18.946773529052734
2022-09-20,18.835607528686523
2022-09-21,18.740318298339844
2022-09-22,18.756193161010746
2022-09-23,18.486207962036133
2022-09-26,18.14474868774414
2022-09-27,18.128868103027344
2022-09-28,18.359155654907227
2022-09-29,18.20828628540039
2022-09-30,18.105051040649418
2022-10-03,18.39080810546875
2022-10-04,18.598342895507812
2022-10-05,18.47861099243164
2022-10-06,18.32695579528809
2022-10-07,18.279064178466797
2022-10-10,18.263090133666992
2022-10-11,18.1353816986084
2022-10-12,18.111438751220703
2022-10-13,18.10345458984375
2022-10-14,17.983720779418945
2022-10-17,18.095468521118164
2022-10-18,18.151350021362305
2022-10-19,17.983720779418945
2022-10-20,17.95977783203125
2022-10-21,18.095468521118164
2022-10-24,17.92784881591797
2022-10-25,18.159332275390625
2022-10-26,18.271080017089844
2022-10-27,18.215200424194336
2022-10-28,18.183273315429688
2022-10-31,18.08749008178711
2022-11-01,18.158100128173828
2022-11-02,18.06180763244629
2022-11-03,18.069839477539062
2022-11-04,18.36672019958496
2022-11-07,18.42288398742676
2022-11-08,18.53521728515625
2022-11-09,18.446962356567383
2022-11-10,19.032703399658203
2022-11-11,18.984560012817383
2022-11-14,19.016658782958984
2022-11-15,19.072826385498047
2022-11-16,19.016658782958984
2022-11-17,18.880250930786133
2022-11-18,18.93642234802246
2022-11-21,18.888273239135746
2022-11-22,19.024681091308594
2022-11-23,19.185163497924805
2022-11-25,19.11294174194336
2022-11-28,19.137022018432617
2022-11-29,19.249351501464844
2022-11-30,19.449947357177734
2022-12-01,19.580541610717773
2022-12-02,19.65308380126953
2022-12-05,19.40319061279297
2022-12-06,19.4273738861084
2022-12-07,19.604724884033203
2022-12-08,19.588600158691406
2022-12-09,19.483806610107425
2022-12-12,19.40319061279297
2022-12-13,19.636966705322266
2022-12-14,19.636966705322266
2022-12-15,19.524110794067383
2022-12-16,19.467687606811523
2022-12-19,19.524110794067383
2022-12-20,19.57247734069824
2022-12-21,19.68533706665039
2022-12-22,19.65308380126953
2022-12-23,19.68533706665039
2022-12-27,19.524110794067383
2022-12-28,19.50872039794922
2022-12-29,19.6302433013916
2022-12-30,19.6302433013916
2023-01-03,19.557329177856445
2023-01-04,19.686952590942383
2023-01-05,19.686952590942383
2023-01-06,20.075838088989254
2023-01-09,20.10823631286621
2023-01-10,20.164945602416992
2023-01-11,20.262168884277344
2023-01-12,20.497119903564453
2023-01-13,20.505220413208008
2023-01-17,20.39179420471191
2023-01-18,20.383691787719727
2023-01-19,20.40799331665039
2023-01-20,20.489015579223633
2023-01-23,20.456615447998047
2023-01-24,20.561933517456055
2023-01-25,20.65104103088379
2023-01-26,20.61054229736328
2023-01-27,20.54572868347168
2023-01-30,20.440401077270508
2023-01-31,20.472810745239254
2023-02-01,20.757715225219727
2023-02-02,20.765865325927734
2023-02-03,20.399547576904297
2023-02-06,20.21232032775879
2023-02-07,20.269304275512695
2023-02-08,20.277442932128903
2023-02-09,20.26116180419922
2023-02-10,20.155336380004883
2023-02-13,20.204179763793945
2023-02-14,20.17162322998047
2023-02-15,20.04137802124023
2023-02-16,19.99253273010254
2023-02-17,20.05765151977539
2023-02-21,19.837867736816406
2023-02-22,19.95182991027832
2023-02-23,20.00067138671875
2023-02-24,19.854145050048828
2023-02-27,19.95182991027832
2023-02-28,19.88671112060547
2023-03-01,20.06660270690918
2023-03-02,19.95212745666504
2023-03-03,20.08295631408691
2023-03-06,20.11567115783691
2023-03-07,19.91124725341797
2023-03-08,19.968482971191406
2023-03-09,19.960308074951172
2023-03-10,20.099319458007812
2023-03-13,20.13202857971191
2023-03-14,20.11567115783691
2023-03-15,19.903064727783203
2023-03-16,19.984834671020508
2023-03-17,20.03389549255371
2023-03-20,20.091136932373047
2023-03-21,20.140201568603516
2023-03-22,20.434574127197266
2023-03-23,20.42639541625977
2023-03-24,20.320096969604492
2023-03-27,20.336456298828125
2023-03-28,20.42639541625977
2023-03-29,20.4591064453125
2023-03-30,20.606292724609375
2023-03-31,20.647178649902344
2023-04-03,20.675945281982425
2023-04-04,20.708816528320312
2023-04-05,20.659509658813477
2023-04-06,20.585540771484375
2023-04-10,20.486936569213867
2023-04-11,20.552677154541016
2023-04-12,20.667726516723633
2023-04-13,20.790996551513672
2023-04-14,20.659509658813477
2023-04-17,20.552677154541016
2023-04-18,20.56089210510254
2023-04-19,20.43762969970703
2023-04-20,20.54446029663086
2023-04-21,20.52802467346191
2023-04-24,20.621341705322266
2023-04-25,20.580049514770508
2023-04-26,20.613080978393555
2023-04-27,20.662633895874023
2023-04-28,20.761737823486328
2023-05-01,20.50572395324707
2023-05-02,20.68740463256836
2023-05-03,20.80303192138672
2023-05-04,20.81955337524414
2023-05-05,20.935169219970703
2023-05-08,20.860837936401367
2023-05-09,20.844327926635746
2023-05-10,20.984710693359375
2023-05-11,20.893877029418945
2023-05-12,20.80303192138672
2023-05-15,21.034263610839844
2023-05-16,20.951683044433594
2023-05-17,20.926902770996097
2023-05-18,20.786510467529297
2023-05-19,20.761737823486328
2023-05-22,20.728710174560547
2023-05-23,20.753477096557617
2023-05-24,20.728710174560547
2023-05-25,20.58831024169922
2023-05-26,20.712181091308594
2023-05-30,20.712181091308594
2023-05-31,20.646120071411133
2023-06-01,20.819610595703125
2023-06-02,20.778106689453125
2023-06-05,20.861122131347656
2023-06-06,20.927536010742188
2023-06-07,20.85282516479492
2023-06-08,21.018844604492188
2023-06-09,21.05205726623535
2023-06-12,21.068653106689453
2023-06-13,21.04375267028809
2023-06-14,21.18486785888672
2023-06-15,21.292789459228516
2023-06-16,21.234683990478516
2023-06-20,21.193178176879883
2023-06-21,21.34259605407715
2023-06-22,21.218076705932617
2023-06-23,21.14336204528809
2023-06-26,21.159961700439453
2023-06-27,21.242982864379883
2023-06-28,21.176576614379883
2023-06-29,21.07695579528809
2023-06-30,21.218076705932617
2023-07-03,21.28232192993164
2023-07-05,21.19054412841797
2023-07-06,20.931922912597656
2023-07-07,21.082094192504883
2023-07-10,21.148834228515625
2023-07-11,21.25729179382324
2023-07-12,21.54094123840332
2023-07-13,21.73282241821289
2023-07-14,21.65773582458496
2023-07-17,21.699453353881836
2023-07-18,21.724485397338867
2023-07-19,21.66608428955078
2023-07-20,21.54094123840332
2023-07-21,21.55763053894043
2023-07-24,21.56597328186035
2023-07-25,21.549280166625977
2023-07-26,21.616024017333984
2023-07-27,21.424142837524418
2023-07-28,21.607681274414062
2023-07-31,21.607681274414062
2023-08-01,21.377052307128903
2023-08-02,21.27641868591309
2023-08-03,21.08352851867676
2023-08-04,21.24287223815918
2023-08-07,21.15900421142578
2023-08-08,21.10030937194824
2023-08-09,21.133852005004883
2023-08-10,21.150619506835938
2023-08-11,21.125457763671875
2023-08-14,20.99127769470215
2023-08-15,20.92419052124023
2023-08-16,20.85709571838379
2023-08-17,20.82355308532715
2023-08-18,20.873870849609375
2023-08-21,20.831941604614254
2023-08-22,20.848705291748047
2023-08-23,21.08352851867676
2023-08-24,21.00804901123047
2023-08-25,21.03321075439453
2023-08-28,21.058372497558594
2023-08-29,21.184165954589844
2023-08-30,21.15900421142578
2023-08-31,21.07514190673828
2023-09-01,21.023706436157227
2023-09-05,20.745407104492188
2023-09-06,20.602046966552734
2023-09-07,20.559877395629883
2023-09-08,20.551450729370117
2023-09-11,20.67794418334961
2023-09-12,20.627342224121097
2023-09-13,20.7032470703125
2023-09-14,20.66107940673828
2023-09-15,20.669509887695312
2023-09-18,20.68637466430664
2023-09-19,20.627342224121097
2023-09-20,20.618911743164062
2023-09-21,20.450252532958984
2023-09-22,20.450252532958984
2023-09-25,20.306888580322266
2023-09-26,20.12979507446289
2023-09-27,19.986427307128903
2023-09-28,20.053895950317383
2023-09-29,20.12979507446289
2023-10-02,19.9653263092041
2023-10-03,19.74490547180176
2023-10-04,19.77033042907715
2023-10-05,19.753381729125977
2023-10-06,19.761857986450195
2023-10-09,19.821205139160156
2023-10-10,19.9653263092041
2023-10-11,20.134878158569336
2023-10-12,20.00771713256836
2023-10-13,20.024667739868164
2023-10-16,20.109453201293945
2023-10-17,20.03314208984375
2023-10-18,19.89750099182129
2023-10-19,19.89750099182129
2023-10-20,19.88054656982422
2023-10-23,19.956844329833984
2023-10-24,19.99923324584961
2023-10-25,19.88054656982422
2023-10-26,19.99075698852539
2023-10-27,20.067054748535156
2023-10-30,20.100963592529297
2023-10-31,20.092485427856445
2023-11-01,20.275732040405273
2023-11-02,20.49732208251953
2023-11-03,20.770057678222656
2023-11-06,20.78710174560547
2023-11-07,20.80414772033691
2023-11-08,20.770057678222656
2023-11-09,20.60812187194824
2023-11-10,20.667787551879883
2023-11-13,20.67630386352539
2023-11-14,21.10244369506836
2023-11-15,21.08539581298828
2023-11-16,21.153579711914062
2023-11-17,21.196195602416992
2023-11-20,21.38369369506836
2023-11-21,21.24732780456543
2023-11-22,21.187665939331055
2023-11-24,21.24732780456543
2023-11-27,21.264373779296875
2023-11-28,21.35812187194824
2023-11-29,21.32402992248535
2023-11-30,21.213233947753903
2023-12-01,21.394813537597656
2023-12-04,21.22352409362793
2023-12-05,21.214948654174805
2023-12-06,21.24921226501465
2023-12-07,21.2749080657959
2023-12-08,21.146434783935547
2023-12-11,21.16356086730957
2023-12-12,21.206388473510746
2023-12-13,21.49758529663086
2023-12-14,21.745969772338867
2023-12-15,21.643190383911133
2023-12-18,21.694576263427734
2023-12-19,21.840185165405273
2023-12-20,21.76309585571289
2023-12-21,21.85731315612793
2023-12-22,21.84874725341797
2023-12-26,21.80592155456543
2023-12-27,21.875656127929688
2023-12-28,21.81538963317871
2023-12-29,21.823999404907227
2024-01-02,21.65182304382324
2024-01-03,21.58294105529785
2024-01-04,21.55711555480957
2024-01-05,21.600162506103516
2024-01-08,21.66043281555176
2024-01-09,21.591556549072266
2024-01-10,21.625993728637695
2024-01-11,21.73790740966797
2024-01-12,21.78095436096191
2024-01-16,21.43658447265625
2024-01-17,21.43658447265625
2024-01-18,21.471025466918945
2024-01-19,21.548513412475582
2024-01-22,21.496856689453125
2024-01-23,21.43658447265625
2024-01-24,21.531293869018555
2024-01-25,21.531293869018555
2024-01-26,21.522682189941406
2024-01-29,21.522682189941406
2024-01-30,21.591556549072266
2024-01-31,21.496856689453125
2024-02-01,21.68375015258789
2024-02-02,21.536657333374023
2024-02-05,21.35495376586914
2024-02-06,21.441482543945312
2024-02-07,21.43282890319824
2024-02-08,21.40686798095703
2024-02-09,21.43282890319824
2024-02-12,21.441482543945312
2024-02-13,21.233816146850582
2024-02-14,21.32899284362793
2024-02-15,21.467437744140625
2024-02-16,21.40686798095703
2024-02-20,21.424169540405273
2024-02-21,21.458784103393555
2024-02-22,21.441482543945312
2024-02-23,21.415523529052734
2024-02-26,21.458784103393555
2024-02-27,21.502044677734375
2024-02-28,21.441482543945312
2024-02-29,21.450130462646484
2024-03-01,21.490123748779297
2024-03-04,21.50750732421875
2024-03-05,21.498815536499023
2024-03-06,21.455350875854492
2024-03-07,21.533586502075195
2024-03-08,21.663990020751953
2024-03-11,21.6466007232666
2024-03-12,21.603132247924805
2024-03-13,21.672679901123047
2024-03-14,21.550975799560547
2024-03-15,21.5683650970459
2024-03-18,21.35102653503418
2024-03-19,21.32494354248047
2024-03-20,21.44665145874023
2024-03-21,21.411880493164062
2024-03-22,21.298866271972656
2024-03-25,21.385799407958984
2024-03-26,21.333642959594727
2024-03-27,21.35102653503418
2024-03-28,21.307559967041016
2024-04-01,21.198333740234375
2024-04-02,21.28571128845215
2024-04-03,21.364355087280273
2024-04-04,21.408044815063477
2024-04-05,21.443002700805664
2024-04-08,21.41678810119629
2024-04-09,21.46047592163086
2024-04-10,21.180862426757812
2024-04-11,21.20707321166992
2024-04-12,21.02357292175293
2024-04-15,20.892505645751953
2024-04-16,20.67405891418457
2024-04-17,20.805126190185547
2024-04-18,20.78765106201172
2024-04-19,20.822595596313477
2024-04-22,20.875028610229492
2024-04-23,20.986597061157227
2024-04-24,20.881179809570312
2024-04-25,20.889965057373047
2024-04-26,20.933881759643555
2024-04-29,21.039304733276367
2024-04-30,20.828466415405273
2024-05-01,20.951454162597656
2024-05-02,21.162288665771484
2024-05-03,21.30284118652344
2024-05-06,21.311628341674805
2024-05-07,21.329195022583008
2024-05-08,21.2852725982666
2024-05-09,21.346763610839844
2024-05-10,21.294057846069336
2024-05-13,21.329195022583008
2024-05-14,21.41704750061035
2024-05-15,21.575166702270508
2024-05-16,21.592737197875977
2024-05-17,21.62787437438965
2024-05-20,21.62787437438965
2024-05-21,21.601524353027344
2024-05-22,21.5048885345459
2024-05-23,21.425830841064453
2024-05-24,21.452184677124023
2024-05-28,21.496110916137695
2024-05-29,21.2677059173584
2024-05-30,21.2852725982666
2024-05-31,21.30284118652344
2024-06-03,21.316970825195312
2024-06-04,21.263992309570312
2024-06-05,21.23749351501465
2024-06-06,21.281646728515625
2024-06-07,21.05205535888672
2024-06-10,21.04322052001953
2024-06-11,21.025564193725582
2024-06-12,21.04322052001953
2024-06-13,21.025564193725582
2024-06-14,20.89310646057129
2024-06-17,20.919599533081055
2024-06-18,21.04322052001953
2024-06-20,20.999067306518555
2024-06-21,21.05205535888672
2024-06-24,21.158016204833984
2024-06-25,21.105039596557617
2024-06-26,20.99024200439453
2024-06-27,20.94608688354492
2024-06-28,20.999067306518555
2024-07-01,20.926300048828125
2024-07-02,20.97954559326172
2024-07-03,21.174787521362305
2024-07-05,21.30790328979492
2024-07-08,21.334529876708984
2024-07-09,21.378902435302734
2024-07-10,21.432153701782227
2024-07-11,21.574148178100582
2024-07-12,21.698392868041992
2024-07-15,21.627397537231445
2024-07-16,21.680639266967773
2024-07-17,21.654022216796875
2024-07-18,21.47652816772461
2024-07-19,21.432153701782227
2024-07-22,21.48539924621582
2024-07-23,21.441022872924805
2024-07-24,21.325658798217773
2024-07-25,21.352277755737305
2024-07-26,21.423276901245117
2024-07-29,21.36115074157715
2024-07-30,21.378902435302734
2024-07-31,21.48539924621582
2024-08-01,21.449710845947266
2024-08-02,21.681690216064453
2024-08-05,21.60138702392578
2024-08-06,21.57462501525879
2024-08-07,21.58354949951172
2024-08-08,21.71738624572754
2024-08-09,21.842300415039062
2024-08-12,21.82444953918457
2024-08-13,22.011829376220703
2024-08-14,22.083208084106445
2024-08-15,22.020750045776367
2024-08-16,22.101051330566406
2024-08-19,22.243810653686523
2024-08-20,22.27949905395508
2024-08-21,22.234893798828125
2024-08-22,22.038593292236328
2024-08-23,22.377647399902344
2024-08-26,22.333036422729492
2024-08-27,22.3062686920166
2024-08-28,22.199195861816406
2024-08-29,22.15458297729492
2024-08-30,22.101051330566406
2024-09-03,22.022111892700195
2024-09-04,22.12975692749023
2024-09-05,22.24637031555176
2024-09-06,22.219457626342773
2024-09-09,22.192548751831055
2024-09-10,22.13872718811035
2024-09-11,22.219457626342773
2024-09-12,22.32710838317871
2024-09-13,22.443716049194336
2024-09-16,22.50650978088379
2024-09-17,22.54239273071289
2024-09-18,22.551359176635746
2024-09-19,22.68591690063477
2024-09-20,22.68591690063477
2024-09-23,22.64105987548828
2024-09-24,22.820472717285156
2024-09-25,22.703857421875
2024-09-26,22.874292373657227
2024-09-27,22.874292373657227
2024-09-30,22.784589767456055
2024-10-01,22.68814468383789
2024-10-02,22.661094665527344
2024-10-03,22.480817794799805
2024-10-04,22.31857109069824
2024-10-07,22.282508850097656
2024-10-08,22.26448631286621
2024-10-09,22.201385498046875
2024-10-10,22.23744201660156
2024-10-11,22.300540924072266
2024-10-14,22.219409942626953
2024-10-15,22.138286590576172
2024-10-16,22.102235794067383
2024-10-17,22.066179275512695
2024-10-18,22.048145294189453
2024-10-21,21.9580078125
2024-10-22,21.92194938659668
2024-10-23,21.804773330688477
2024-10-24,21.87688446044922
2024-10-25,21.8408260345459
2024-10-28,21.804773330688477
2024-10-29,21.76871681213379
2024-10-30,21.75069046020508
2024-10-31,21.76871681213379
2024-11-01,21.60828399658203
2024-11-04,21.789567947387695
2024-11-05,21.89833068847656
2024-11-06,21.644542694091797
2024-11-07,22.007099151611328
2024-11-08,21.789567947387695
2024-11-11,21.635482788085938
2024-11-12,21.46326446533203
2024-11-13,21.43606948852539
2024-11-14,21.39981460571289
2024-11-15,21.454200744628903
2024-11-18,21.59922218322754
2024-11-19,21.59922218322754
2024-11-20,21.53577423095703
2024-11-21,21.49951934814453
2024-11-22,21.46326446533203
2024-11-25,21.61734962463379
2024-11-26,21.526704788208008
2024-11-27,21.60828399658203
2024-11-29,21.66267204284668
2024-12-02,21.57883071899414
2024-12-03,21.569719314575195
2024-12-04,21.587940216064453
2024-12-05,21.697294235229492
2024-12-06,21.66995620727539
2024-12-09,21.71552085876465
2024-12-10,21.71552085876465
2024-12-11,21.71552085876465
2024-12-12,21.63350486755371
2024-12-13,21.606170654296875
2024-12-16,21.551496505737305
2024-12-17,21.505929946899418
2024-12-18,21.19609832763672
2024-12-19,21.223434448242188
2024-12-20,21.38746452331543
2024-12-23,21.268999099731445
2024-12-24,21.30545234680176
2024-12-26,21.278114318847656
2024-12-27,21.30652236938477
2024-12-30,21.242372512817383
2024-12-31,21.178226470947266
2025-01-02,21.214881896972656
2025-01-03,21.214881896972656
2025-01-06,21.31568717956543
2025-01-07,21.30652236938477
2025-01-08,21.269866943359375
2025-01-10,21.104909896850582
2025-01-13,21.059093475341797
2025-01-14,21.178226470947266
2025-01-15,21.242372512817383
2025-01-16,21.16905975341797
2025-01-17,21.196556091308594
2025-01-21,21.48063850402832
2025-01-22,21.618099212646484
2025-01-23,21.654754638671875
2025-01-24,21.81970977783203
2025-01-27,21.72806930541992
2025-01-28,21.682252883911133
2025-01-29,21.691415786743164
2025-01-30,21.764728546142575
2025-01-31,21.59060859680176
2025-02-03,21.60995101928711
2025-02-04,21.757339477539062
2025-02-05,21.784971237182617
2025-02-06,21.821813583374023
2025-02-07,21.729700088500977
2025-02-10,21.729700088500977
2025-02-11,21.738914489746097
2025-02-12,21.6744327545166
2025-02-13,21.8770809173584
2025-02-14,21.97840881347656
2025-02-18,21.941564559936523
2025-02-19,21.8770809173584
2025-02-20,22.006040573120117
2025-02-21,21.96919822692871
2025-02-24,21.97840881347656
2025-02-25,22.02446937561035
2025-02-26,22.01525497436523
2025-02-27,21.867870330810547
2025-02-28,21.79418182373047
2025-03-03,21.882118225097656
2025-03-04,22.01170539855957
2025-03-05,22.25237274169922
2025-03-06,22.233861923217773
2025-03-07,22.24311637878418
2025-03-10,22.085756301879883
2025-03-11,22.215349197387695
2025-03-12,22.196834564208984
2025-03-13,22.2246036529541
2025-03-14,22.270883560180664
2025-03-17,22.33568000793457
2025-03-18,22.326425552368164
2025-03-19,22.25237274169922
2025-03-20,22.196834564208984
2025-03-21,22.141298294067383
2025-03-24,22.085756301879883
2025-03-25,22.16906356811523
2025-03-26,22.076501846313477
2025-03-27,22.067243576049805
2025-03-28,22.03947639465332
2025-03-31,22.085756301879883
2025-04-01,22.092269897460938
2025-04-02,22.11088180541992
2025-04-03,22.306306838989254
2025-04-04,21.887544631958008
2025-04-07,21.5804443359375
2025-04-08,21.645587921142575
2025-04-09,22.008516311645508
2025-04-10,22.036436080932617
2025-04-11,22.25977897644043
2025-04-14,22.27838897705078
2025-04-15,22.222553253173828
2025-04-16,22.35283660888672
2025-04-17,22.464509963989254
2025-04-21,22.557567596435547
2025-04-22,22.548261642456055
2025-04-23,22.501731872558594
2025-04-24,22.659934997558594
2025-04-25,22.69715690612793
2025-04-28,22.76229476928711
2025-04-29,22.79952049255371
2025-04-30,22.771604537963867
2025-05-01,22.768798828125
2025-05-02,22.852989196777344
2025-05-05,22.89975929260254
2025-05-06,22.89975929260254
2025-05-07,22.815568923950195
2025-05-08,22.73137855529785
2025-05-09,22.815568923950195
2025-05-12,22.656543731689453
2025-05-13,22.806215286254883
2025-05-14,22.73137855529785
2025-05-15,22.815568923950195
2025-05-16,22.806215286254883
2025-05-19,22.93718147277832
2025-05-20,22.95589256286621
2025-05-21,22.983951568603516
2025-05-22,22.93718147277832
2025-05-23,23.13361930847168
2025-05-27,23.124263763427734
2025-05-28,23.04943084716797
2025-05-29,23.18975257873535
2025-05-30,23.086851119995117
2025-06-02,23.229745864868164
2025-06-03,23.182741165161133
2025-06-04,23.27674865722656
2025-06-05,23.304954528808594
2025-06-06,23.267349243164062
2025-06-09,23.286149978637695
2025-06-10,23.27674865722656
2025-06-11,23.361356735229492
2025-06-12,23.455366134643555
2025-06-13,23.361356735229492
2025-06-16,23.398963928222656
2025-06-17,23.31435203552246
2025-06-18,23.342552185058594
2025-06-20,23.342552185058594
2025-06-23,23.380157470703125
2025-06-24,23.56817626953125
2025-06-25,23.577577590942383
2025-06-26,23.68099021911621
2025-06-27,23.67158889770508
2025-06-30,23.83140563964844
2025-07-01,23.83518409729004
2025-07-02,23.91075897216797
2025-07-03,23.90131378173828
2025-07-07,23.750160217285156
2025-07-08,23.79739570617676
2025-07-09,23.81628799438477
2025-07-10,23.79739570617676
2025-07-11,23.750160217285156
2025-07-14,23.72181510925293
2025-07-15,23.66513442993164
2025-07-16,23.750160217285156
2025-07-17,23.72181510925293
2025-07-18,23.750160217285156
2025-07-21,23.84463119506836
2025-07-22,23.90131378173828
2025-07-23,23.948549270629883
2025-07-24,23.92965507507324
2025-07-25,23.84463119506836
2025-07-28,23.674579620361328
2025-07-29,23.70292282104492
2025-07-30,23.51397705078125
2025-07-31,23.49508476257324
2025-08-01,23.71734619140625
2025-08-04,23.7458438873291
2025-08-05,23.783836364746097
2025-08-06,23.878816604614254
2025-08-07,23.90731430053711
2025-08-08,23.94530487060547
2025-08-11,23.89781379699707
2025-08-12,24.02129554748535
2025-08-13,24.07828712463379
2025-08-14,23.983301162719727
2025-08-15,24.059288024902344
2025-08-18,23.9927978515625
2025-08-19,23.954803466796875
2025-08-20,23.9927978515625
2025-08-21,23.916810989379883
2025-08-22,24.12577438354492
2025-08-25,24.002294540405273
2025-08-26,24.059288024902344
2025-08-27,24.01179313659668
2025-08-28,24.097280502319336
2025-08-29,24.08778190612793
2025-09-02,23.99611473083496
2025-09-03,24.0343074798584
2025-09-04,24.0343074798584
2025-09-05,24.187088012695312
2025-09-08,24.225284576416016
2025-09-09,24.196636199951172
2025-09-10,24.23482894897461
2025-09-11,24.358966827392575
2025-09-12,24.34942054748535
2025-09-15,24.44490623474121
2025-09-16,24.53084373474121
2025-09-17,24.511747360229492
2025-09-18,24.44490623474121
2025-09-19,24.454458236694336
2025-09-22,24.48309898376465
2025-09-23,24.48309898376465
2025-09-24,24.37806701660156
2025-09-25,24.253929138183594
2025-09-26,24.330320358276367
2025-09-29,24.358966827392575
2025-09-30,24.358966827392575
2025-10-01,24.40310859680176
2025-10-02,24.37432098388672
2025-10-03,24.422304153442383
2025-10-06,24.422304153442383
2025-10-07,24.355127334594727
2025-10-08,24.40310859680176
2025-10-09,24.355127334594727
2025-10-10,24.239974975585938
2025-10-13,24.31674575805664
2025-10-14,24.32634162902832
2025-10-15,24.40310859680176
2025-10-16,24.479877471923828
2025-10-17,24.48947525024414
2025-10-20,24.53745460510254
2025-10-21,24.431896209716797
2025-10-22,24.441492080688477
2025-10-23,24.47028350830078
2025-10-24,24.49907493591309
2025-10-27,24.54705238342285
2025-10-28,24.61422538757324
2025-10-29,24.5086669921875
2025-10-30,24.451091766357425
2025-10-31,24.46068572998047
2025-11-03,24.46936798095703
2025-11-04,24.353626251220703
2025-11-05,24.45972442626953
2025-11-06,24.51759147644043
2025-11-07,24.565814971923828
2025-11-10,24.633331298828125
2025-11-11,24.67190933227539
2025-11-12,24.69120407104492
2025-11-13,24.710493087768555
2025-11-14,24.67190933227539
2025-11-17,24.65262222290039
2025-11-18,24.662269592285156
2025-11-19,24.642974853515625
2025-11-20,24.604398727416992
2025-11-21,24.546527862548828
2025-11-24,24.604398727416992
2025-11-25,24.720134735107425
2025-11-26,24.78765106201172
2025-11-28,24.814794540405273
2025-12-01,24.75663375854492
2025-12-02,24.814794540405273
2025-12-03,24.911725997924805
2025-12-04,24.90203285217285
2025-12-05,24.83418083190918
2025-12-08,24.785715103149418
2025-12-09,24.766326904296875
2025-12-10,24.83418083190918
2025-12-11,24.92142105102539
2025-12-12,24.8923397064209
2025-12-15,24.90203285217285
2025-12-16,24.960193634033203
2025-12-17,24.8923397064209
2025-12-18,24.960193634033203
2025-12-19,25.00865936279297
2025-12-22,25.037738800048828
2025-12-23,25.11528587341309
2025-12-24,25.183135986328125
2025-12-26,25.192832946777344
2025-12-29,25.08465576171875
2025-12-30,25.16261863708496
2025-12-31,25.16261863708496
2026-01-02,25.22109031677246
2026-01-05,25.250328063964844
2026-01-06,25.318546295166016
2026-01-07,25.26981735229492
2026-01-08,25.211349487304688
2026-01-09,25.201602935791016
2026-01-12,25.299055099487305
2026-01-13,25.2893123626709
2026-01-14,25.299055099487305
2026-01-15,25.328292846679688
2026-01-16,25.26981735229492
2026-01-20,25.318546295166016
2026-01-21,25.386764526367188
2026-01-22,25.53294563293457
2026-01-23,25.630399703979492
2026-01-26,25.679128646850582
2026-01-27,25.893526077270508
2026-01-28,25.844797134399418
2026-01-29,25.844797134399418
2026-01-30,25.630399703979492
2026-02-02,25.660749435424805
2026-02-03,25.739072799682617
2026-02-04,25.719493865966797
2026-02-05,25.6215877532959
2026-02-06,25.778236389160156
2026-02-09,25.915300369262695
2026-02-10,25.90550994873047
2026-02-11,25.93488311767578
2026-02-12,25.944673538208008
2026-02-13,25.925092697143555
2026-02-17,25.964252471923828
2026-02-18,25.885929107666016
2026-02-19,25.827186584472656
2026-02-20,25.915300369262695
2026-02-23,25.925092697143555
2026-02-24,25.93488311767578
2026-02-25,26.032787322998047
2026-02-26,26.02299690246582
2026-02-27,26.032787322998047
2026-03-02,25.73774147033691
2026-03-03,25.28533935546875
2026-03-04,25.442699432373047
2026-03-05,25.246000289916992
2026-03-06,25.167322158813477
2026-03-09,25.1378173828125
2026-03-10,25.33451461791992
2026-03-11,25.22633171081543
2026-03-12,24.911617279052734
2026-03-13,24.70508575439453
2026-03-16,24.911617279052734
2026-03-17,24.970624923706055
2026-03-18,24.724754333496097
2026-03-19,24.88211250305176
2026-03-20,24.518224716186523
2026-03-23,24.8427734375
2026-03-24,24.636240005493164
2026-03-25,24.74442481994629
2026-03-26,24.54772567749023
2026-03-27,24.478883743286133
2026-03-30,24.419876098632812
2026-03-31,24.69525146484375
2026-04-01,24.834705352783203
2026-04-02,24.814922332763672
2026-04-06,24.834705352783203
2026-04-07,24.884157180786133
2026-04-08,25.40834617614746
2026-04-09,25.467687606811523
2026-04-10,25.527029037475582
2026-04-13,25.625932693481445
2026-04-14,25.70505714416504
2026-04-15,25.70505714416504
2026-04-16,25.63582420349121
2026-04-17,25.8039608001709
2026-04-20,25.7841796875
2026-04-21,25.57648277282715
2026-04-22,25.566593170166016
2026-04-23,25.398456573486328
2026-04-24,25.45779609680176
2026-04-27,25.398456573486328
2026-04-28,25.35889434814453
2026-04-29,25.13141441345215
2026-04-30,25.279769897460938
2026-05-01,25.27678871154785
2026-05-04,25.12763404846191
2026-05-05,25.217126846313477
2026-05-06,25.48560333251953
2026-05-07,25.48560333251953
2026-05-08,25.56515312194824
2026-05-11,25.475662231445312
2026-05-12,25.376224517822266
2026-05-13,25.366281509399418
2026-05-14,25.326505661010746
2026-05-15,25.067970275878903
2026-05-18,25.11768913269043
2026-05-19,24.938703536987305
2026-05-20,25.13757705688477
2026-05-21,25.18729591369629
2026-05-22,25.19723892211914
2026-05-26,25.326505661010746
2026-05-27,25.326505661010746
2026-05-28,25.415998458862305
2026-05-29,25.475662231445312
2026-06-01,25.366281509399418
2026-06-02,25.3961124420166
2026-06-03,25.256900787353516
2026-06-04,25.286731719970703
2026-06-05,25.00830841064453
2026-06-08,24.968534469604492
2026-06-09,25.07791328430176
2026-06-10,25.048084259033203
2026-06-11,25.30661964416504
2026-06-12,25.376224517822266
2026-06-15,25.60492897033691
2026-06-16,25.66459083557129
2026-06-17,25.445831298828125
2026-06-18,25.43588638305664
2026-06-22,25.415998458862305
2026-06-23,25.266843795776367
2026-06-24,25.227069854736328
2026-06-25,25.30661964416504
2026-06-26,25.38616943359375
2026-06-29,25.445831298828125
2026-06-30,25.415998458862305
2026-07-01,25.350000381469727
2026-07-02,25.459999084472656
2026-07-06,25.575000762939453
2026-07-07,25.549999237060547
2026-07-08,25.375
2026-07-09,25.46500015258789
2026-07-10,25.549999237060547
