date,adj close
2000-07-31,20.30531883239746
2000-08-01,20.143657684326172
2000-08-02,19.884984970092773
2000-08-03,19.238311767578125
2000-08-04,19.577817916870117
2000-08-07,19.723312377929688
2000-08-08,19.707143783569336
2000-08-09,19.723312377929688
2000-08-10,20.030479431152344
2000-08-11,19.9658145904541
2000-08-14,19.9658145904541
2000-08-15,20.353816986083984
2000-08-16,20.402318954467773
2000-08-17,20.321483612060547
2000-08-18,20.046649932861328
2000-08-21,19.852649688720703
2000-08-22,19.755653381347656
2000-08-23,19.5939884185791
2000-08-24,19.739490509033203
2000-08-25,20.046649932861328
2000-08-28,19.9658145904541
2000-08-29,19.852649688720703
2000-08-30,19.787979125976562
2000-08-31,19.723312377929688
2000-09-01,19.723312377929688
2000-09-05,20.192142486572266
2000-09-06,19.690977096557617
2000-09-07,19.852649688720703
2000-09-08,19.49698257446289
2000-09-11,19.173654556274414
2000-09-12,19.480819702148438
2000-09-13,19.108983993530273
2000-09-14,19.141313552856445
2000-09-15,19.141313552856445
2000-09-18,18.575483322143555
2000-09-19,18.559314727783203
2000-09-20,18.268321990966797
2000-09-21,18.10664939880371
2000-09-22,18.59165382385254
2000-09-25,18.68865203857422
2000-09-26,18.6724853515625
2000-09-27,18.753313064575195
2000-09-28,18.78565216064453
2000-09-29,18.65631675720215
2000-10-02,18.834150314331055
2000-10-03,19.011980056762695
2000-10-04,18.72098731994629
2000-10-05,18.6724853515625
2000-10-06,18.268321990966797
2000-10-09,18.10664939880371
2000-10-10,18.058149337768555
2000-10-11,17.7833194732666
2000-10-12,17.524648666381836
2000-10-13,17.653980255126953
2000-10-16,17.540813446044922
2000-10-17,17.492321014404297
2000-10-18,16.92648696899414
2000-10-19,17.50849151611328
2000-10-20,17.589323043823242
2000-10-23,17.459985733032227
2000-10-24,17.815649032592773
2000-10-25,17.573150634765625
2000-10-26,17.670156478881836
2000-10-27,18.041980743408203
2000-10-30,18.090482711791992
2000-10-31,18.59165382385254
2000-11-01,18.623979568481445
2000-11-02,18.866483688354492
2000-11-03,18.882652282714844
2000-11-06,18.99582290649414
2000-11-07,18.78565216064453
2000-11-08,18.559314727783203
2000-11-09,18.72098731994629
2000-11-10,18.28448486328125
2000-11-13,17.94498634338379
2000-11-14,18.51081657409668
2000-11-15,18.4138126373291
2000-11-16,18.4138126373291
2000-11-17,18.10664939880371
2000-11-20,17.589323043823242
2000-11-21,17.702482223510742
2000-11-22,17.492321014404297
2000-11-24,17.7833194732666
2000-11-27,18.02581787109375
2000-11-28,18.10664939880371
2000-11-29,18.10664939880371
2000-11-30,18.02581787109375
2000-12-01,18.041980743408203
2000-12-04,18.090482711791992
2000-12-05,18.494653701782227
2000-12-06,18.462318420410156
2000-12-07,18.575483322143555
2000-12-08,18.494653701782227
2000-12-11,18.72098731994629
2000-12-12,18.68865203857422
2000-12-13,18.42998695373535
2000-12-14,18.235980987548828
2000-12-15,18.10664939880371
2000-12-18,18.0096492767334
2000-12-19,18.235980987548828
2000-12-20,17.979101181030273
2000-12-21,18.108448028564453
2000-12-22,18.38331413269043
2000-12-26,18.496492385864258
2000-12-27,18.739015579223633
2000-12-28,18.755176544189453
2000-12-29,18.949195861816406
2001-01-02,18.884521484375
2001-01-03,19.5312557220459
2001-01-04,18.739015579223633
2001-01-05,19.11088752746582
2001-01-08,18.884521484375
2001-01-09,18.528820037841797
2001-01-10,18.480318069458008
2001-01-11,19.062379837036133
2001-01-12,19.062379837036133
2001-01-16,18.868356704711914
2001-01-17,19.04620361328125
2001-01-18,19.304906845092773
2001-01-19,18.981542587280273
2001-01-22,19.01387596130371
2001-01-23,19.078548431396484
2001-01-24,18.83601951599121
2001-01-25,18.884521484375
2001-01-26,18.933032989501953
2001-01-29,18.755176544189453
2001-01-30,18.759220123291016
2001-01-31,19.183639526367188
2001-02-01,19.195770263671875
2001-02-02,18.714759826660156
2001-02-05,18.852190017700195
2001-02-06,18.625835418701172
2001-02-07,18.48436164855957
2001-02-08,18.391393661499023
2001-02-09,18.270132064819336
2001-02-12,18.488399505615234
2001-02-13,18.16099739074707
2001-02-14,17.96697425842285
2001-02-15,17.95485496520996
2001-02-16,17.78508758544922
2001-02-20,17.538524627685547
2001-02-21,17.255577087402344
2001-02-22,16.9443302154541
2001-02-23,16.903915405273438
2001-02-26,17.09389305114746
2001-02-27,17.239408493041992
2001-02-28,17.344499588012695
2001-03-01,17.207073211669922
2001-03-02,17.33237648010254
2001-03-05,17.405132293701172
2001-03-06,17.59107208251953
2001-03-07,17.69615936279297
2001-03-08,17.643611907958984
2001-03-09,17.31216049194336
2001-03-12,16.697772979736328
2001-03-13,16.685644149780273
2001-03-14,15.986364364624023
2001-03-15,16.11571502685547
2001-03-16,15.727668762207031
2001-03-19,15.949984550476074
2001-03-20,15.897438049316406
2001-03-21,15.626622200012207
2001-03-22,15.133489608764648
2001-03-23,15.464942932128906
2001-03-26,16.15613555908203
2001-03-27,16.40270233154297
2001-03-28,15.824686050415039
2001-03-29,15.869144439697266
2001-03-30,15.958070755004883
2001-04-02,15.780219078063965
2001-04-03,15.404306411743164
2001-04-04,15.73171615600586
2001-04-05,16.232933044433594
2001-04-06,15.962112426757812
2001-04-09,16.18895721435547
2001-04-10,16.357105255126953
2001-04-11,16.42694664001465
2001-04-12,16.620969772338867
2001-04-16,16.564054489135742
2001-04-17,16.284671783447266
2001-04-18,17.04522705078125
2001-04-19,17.086610794067383
2001-04-20,16.91070556640625
2001-04-23,16.711509704589844
2001-04-24,16.659772872924805
2001-04-25,16.892597198486328
2001-04-26,17.03487777709961
2001-04-27,17.179746627807617
2001-04-30,17.2547607421875
2001-05-01,17.37376594543457
2001-05-02,17.33237648010254
2001-05-03,16.900354385375977
2001-05-04,17.125415802001953
2001-05-07,17.04781150817871
2001-05-08,16.931400299072266
2001-05-09,16.685644149780273
2001-05-10,17.096965789794922
2001-05-11,16.861553192138672
2001-05-14,16.73737907409668
2001-05-15,16.900354385375977
2001-05-16,17.00900650024414
2001-05-17,17.125415802001953
2001-05-18,17.15904998779297
2001-05-21,17.215965270996094
2001-05-22,17.09954833984375
2001-05-23,16.789121627807617
2001-05-24,16.892597198486328
2001-05-25,16.814992904663086
2001-05-29,16.51749610900879
2001-05-30,16.26656150817871
2001-05-31,16.194129943847656
2001-06-01,16.168258666992188
2001-06-04,16.1630859375
2001-06-05,16.380386352539062
2001-06-06,16.2717342376709
2001-06-07,16.323476791381836
2001-06-08,16.21999168395996
2001-06-11,16.12944984436035
2001-06-12,15.935440063476562
2001-06-13,15.940614700317383
2001-06-14,16.01304054260254
2001-06-15,15.800917625427246
2001-06-18,15.674158096313477
2001-06-19,15.513768196105957
2001-06-20,15.430984497070312
2001-06-21,15.529287338256836
2001-06-22,15.480135917663574
2001-06-25,15.676742553710938
2001-06-26,15.573265075683594
2001-06-27,15.43874740600586
2001-06-28,15.304227828979492
2001-06-29,15.568094253540039
2001-07-02,15.751762390136719
2001-07-03,15.609482765197754
2001-07-05,15.180055618286133
2001-07-06,14.954992294311523
2001-07-09,15.076577186584473
2001-07-10,15.081748962402344
2001-07-11,14.957581520080566
2001-07-12,14.975686073303223
2001-07-13,15.0377779006958
2001-07-16,14.86186408996582
2001-07-17,14.991202354431152
2001-07-18,14.848923683166504
2001-07-19,15.159361839294434
2001-07-20,15.092092514038086
2001-07-23,15.066231727600098
2001-07-24,14.802367210388184
2001-07-25,14.823060989379883
2001-07-26,15.030014038085938
2001-07-27,15.257661819458008
2001-07-30,15.430984497070312
2001-07-31,15.495658874511719
2001-08-01,15.697439193725586
2001-08-02,15.712961196899414
2001-08-03,15.521530151367188
2001-08-06,15.521530151367188
2001-08-07,15.480135917663574
2001-08-08,15.22403335571289
2001-08-09,15.21109676361084
2001-08-10,15.115384101867676
2001-08-13,15.311986923217773
2001-08-14,15.547396659851074
2001-08-15,15.648289680480957
2001-08-16,15.467206001281738
2001-08-17,15.076577186584473
2001-08-20,15.117969512939453
2001-08-21,15.167120933532715
2001-08-22,15.180055618286133
2001-08-23,15.3482027053833
2001-08-24,15.515388488769531
2001-08-27,15.415966987609863
2001-08-28,15.287768363952637
2001-08-29,15.303465843200684
2001-08-30,15.018274307250977
2001-08-31,14.950244903564453
2001-09-04,14.49760913848877
2001-09-05,14.207182884216309
2001-09-06,13.932454109191895
2001-09-07,13.738844871520996
2001-09-10,13.547846794128418
2001-09-17,12.885885238647461
2001-09-18,12.781229019165039
2001-09-19,12.558834075927734
2001-09-20,11.907347679138184
2001-09-21,11.473015785217285
2001-09-24,12.061715126037598
2001-09-25,12.34952163696289
2001-09-26,12.569302558898926
2001-09-27,12.7158203125
2001-09-28,13.003630638122559
2001-10-01,12.883273124694824
2001-10-02,12.925130844116211
2001-10-03,13.108285903930664
2001-10-04,13.35422420501709
2001-10-05,13.34376049041748
2001-10-08,13.28096866607666
2001-10-09,13.260039329528809
2001-10-10,13.670815467834473
2001-10-11,13.696980476379395
2001-10-12,13.474580764770508
2001-10-15,13.445798873901367
2001-10-16,13.623719215393066
2001-10-17,13.623719215393066
2001-10-18,13.495518684387207
2001-10-19,13.38300609588623
2001-10-22,13.477200508117676
2001-10-23,13.566157341003418
2001-10-24,13.853965759277344
2001-10-25,13.7623872756958
2001-10-26,13.937688827514648
2001-10-29,13.720528602600098
2001-10-30,13.364688873291016
2001-10-31,13.539992332458496
2001-11-01,13.8225679397583
2001-11-02,13.610638618469238
2001-11-05,13.895827293395996
2001-11-06,13.932454109191895
2001-11-07,13.995250701904297
2001-11-08,14.131306648254395
2001-11-09,14.126072883605957
2001-11-12,13.799015998840332
2001-11-13,14.008333206176758
2001-11-14,14.126072883605957
2001-11-15,14.139156341552734
2001-11-16,14.228111267089844
2001-11-19,14.442659378051758
2001-11-20,14.324923515319824
2001-11-21,14.191482543945312
2001-11-23,14.285676956176758
2001-11-26,14.463592529296875
2001-11-27,14.131306648254395
2001-11-28,13.867050170898438
2001-11-29,14.005714416503906
2001-11-30,14.18886947631836
2001-12-03,14.147000312805176
2001-12-04,14.288291931152344
2001-12-05,14.848207473754883
2001-12-06,14.876980781555176
2001-12-07,14.636275291442871
2001-12-10,14.283055305480957
2001-12-11,14.45573902130127
2001-12-12,14.479292869567871
2001-12-13,13.948159217834473
2001-12-14,14.092060089111328
2001-12-17,14.494988441467285
2001-12-18,14.468828201293945
2001-12-19,14.338006973266602
2001-12-20,14.128691673278809
2001-12-21,14.24642562866211
2001-12-24,13.961237907409668
2001-12-26,14.181012153625488
2001-12-27,14.47143840789795
2001-12-28,14.487142562866211
2001-12-31,14.649357795715332
2002-01-02,14.848207473754883
2002-01-03,14.96332836151123
2002-01-04,14.91362190246582
2002-01-07,14.607494354248047
2002-01-08,14.547318458557129
2002-01-09,14.262126922607422
2002-01-10,14.262126922607422
2002-01-11,14.309222221374512
2002-01-14,14.01879596710205
2002-01-15,14.055431365966797
2002-01-16,13.738844871520996
2002-01-17,14.068511009216309
2002-01-18,14.024031639099121
2002-01-22,13.867050170898438
2002-01-23,13.997867584228516
2002-01-24,14.19933795928955
2002-01-25,13.932454109191895
2002-01-28,14.076360702514648
2002-01-29,13.665579795837402
2002-01-30,13.869668006896973
2002-01-31,13.840882301330566
2002-02-01,13.817337036132812
2002-02-04,13.683897972106934
2002-02-05,13.49028205871582
2002-02-06,13.396092414855957
2002-02-07,13.4065580368042
2002-02-08,13.571392059326172
2002-02-11,13.75715446472168
2002-02-12,13.668198585510254
2002-02-13,13.704829216003418
2002-02-14,13.775472640991211
2002-02-15,13.610638618469238
2002-02-19,13.288820266723633
2002-02-20,13.341144561767578
2002-02-21,13.317594528198242
2002-02-22,13.31236457824707
2002-02-25,13.40916919708252
2002-02-26,13.435331344604492
2002-02-27,13.576624870300293
2002-02-28,13.7623872756958
2002-03-01,13.950772285461426
2002-03-04,14.445273399353027
2002-03-05,14.322306632995605
2002-03-06,14.560399055480957
2002-03-07,14.625810623168945
2002-03-08,14.58656120300293
2002-03-11,14.597027778625488
2002-03-12,14.450510025024414
2002-03-13,14.335386276245117
2002-03-14,14.42696475982666
2002-03-15,14.604877471923828
2002-03-18,14.764477729797363
2002-03-19,14.79326057434082
2002-03-20,14.58656120300293
2002-03-21,14.570862770080566
2002-03-22,14.521159172058105
2002-03-25,14.364168167114258
2002-03-26,14.421730041503906
2002-03-27,14.453123092651367
2002-03-28,14.563023567199707
2002-04-01,14.743546485900879
2002-04-02,14.544698715209961
2002-04-03,14.400802612304688
2002-04-04,14.24642562866211
2002-04-05,14.280440330505371
2002-04-08,14.089437484741211
2002-04-09,14.152236938476562
2002-04-10,14.374631881713867
2002-04-11,14.128691673278809
2002-04-12,14.20195198059082
2002-04-15,14.25950813293457
2002-04-16,14.573485374450684
2002-04-17,14.725234031677246
2002-04-18,14.607494354248047
2002-04-19,14.651976585388184
2002-04-22,14.450510025024414
2002-04-23,14.416500091552734
2002-04-24,14.207182884216309
2002-04-25,14.335386276245117
2002-04-26,14.348469734191895
2002-04-29,14.115606307983398
2002-04-30,14.372014045715332
2002-05-01,14.429580688476562
2002-05-02,14.207182884216309
2002-05-03,14.311834335327148
2002-05-06,14.152236938476562
2002-05-07,14.204561233520508
2002-05-08,14.45573902130127
2002-05-09,14.35108757019043
2002-05-10,14.112993240356445
2002-05-13,14.39294719696045
2002-05-14,14.570862770080566
2002-05-15,14.623191833496094
2002-05-16,14.644124031066895
2002-05-17,14.76709270477295
2002-05-20,14.612727165222168
2002-05-21,14.440042495727539
2002-05-22,14.46621036529541
2002-05-23,14.544698715209961
2002-05-24,14.332769393920898
2002-05-28,14.48190689086914
2002-05-29,14.442659378051758
2002-05-30,14.338006973266602
2002-05-31,14.272595405578613
2002-06-03,14.178400039672852
2002-06-04,13.971705436706543
2002-06-05,14.008333206176758
2002-06-06,14.034500122070312
2002-06-07,13.83303165435791
2002-06-10,13.853965759277344
2002-06-11,13.838271141052246
2002-06-12,13.785942077636719
2002-06-13,13.456270217895508
2002-06-14,13.31236457824707
2002-06-17,13.594942092895508
2002-06-18,13.710062980651855
2002-06-19,13.448419570922852
2002-06-20,13.34376049041748
2002-06-21,13.304512977600098
2002-06-24,13.134443283081055
2002-06-25,13.239106178283691
2002-06-26,13.390856742858887
2002-06-27,13.553074836730957
2002-06-28,13.772858619689941
2002-07-01,13.765009880065918
2002-07-02,13.317594528198242
2002-07-03,13.178927421569824
2002-07-05,13.838271141052246
2002-07-08,13.969087600708008
2002-07-09,13.74669361114502
2002-07-10,13.058568954467773
2002-07-11,13.045490264892578
2002-07-12,12.815245628356934
2002-07-15,12.72628402709961
2002-07-16,12.477723121643066
2002-07-17,12.906821250915527
2002-07-18,12.836175918579102
2002-07-19,12.346902847290039
2002-07-22,11.870715141296387
2002-07-23,11.064852714538574
2002-07-24,11.590757369995117
2002-07-25,11.598607063293457
2002-07-26,11.452089309692383
2002-07-29,12.307658195495605
2002-07-30,12.064332962036133
2002-07-31,12.114044189453125
2002-08-01,11.55936050415039
2002-08-02,11.45993709564209
2002-08-05,10.821531295776367
2002-08-06,11.28986930847168
2002-08-07,11.666633605957031
2002-08-08,11.89426040649414
2002-08-09,12.064332962036133
2002-08-12,11.904730796813965
2002-08-13,11.658785820007324
2002-08-14,11.954442977905273
2002-08-15,12.127120018005371
2002-08-16,12.093111991882324
2002-08-19,12.514357566833496
2002-08-20,12.297192573547363
2002-08-21,12.454176902770996
2002-08-22,12.569302558898926
2002-08-23,12.357370376586914
2002-08-26,12.43847942352295
2002-08-27,12.624249458312988
2002-08-28,12.163755416870117
2002-08-29,11.975374221801758
2002-08-30,12.032936096191406
2002-09-03,11.496564865112305
2002-09-04,11.61430549621582
2002-09-05,11.418075561523438
2002-09-06,11.593375205993652
2002-09-09,11.666633605957031
2002-09-10,11.616922378540039
2002-09-11,11.828852653503418
2002-09-12,11.45993709564209
2002-09-13,11.172131538391113
2002-09-16,11.004680633544922
2002-09-17,10.795363426208496
2002-09-18,10.693326950073242
2002-09-19,10.460463523864746
2002-09-20,10.538955688476562
2002-09-23,10.036601066589355
2002-09-24,9.874383926391602
2002-09-25,10.211902618408203
2002-09-26,10.52849292755127
2002-09-27,10.282541275024414
2002-09-30,10.0889310836792
2002-10-01,10.481392860412598
2002-10-02,10.36627197265625
2002-10-03,10.293012619018555
2002-10-04,10.01828670501709
2002-10-07,9.7723388671875
2002-10-08,9.7723388671875
2002-10-09,9.623207092285156
2002-10-10,10.070618629455566
2002-10-11,10.415980339050293
2002-10-14,10.300859451293945
2002-10-15,11.08055305480957
2002-10-16,10.797982215881348
2002-10-17,11.140732765197754
2002-10-18,11.114568710327148
2002-10-21,11.431150436401367
2002-10-22,11.041309356689453
2002-10-23,10.86862850189209
2002-10-24,10.727337837219238
2002-10-25,11.017760276794434
2002-10-28,11.122415542602539
2002-10-29,10.858160018920898
2002-10-30,10.978513717651367
2002-10-31,11.161664962768555
2002-11-01,11.342198371887207
2002-11-04,11.635235786437988
2002-11-05,11.88902759552002
2002-11-06,11.849785804748535
2002-11-07,11.431150436401367
2002-11-08,11.250621795654297
2002-11-11,11.043927192687988
2002-11-12,11.198291778564453
2002-11-13,11.145966529846191
2002-11-14,11.611693382263184
2002-11-15,11.64570140838623
2002-11-18,11.6692476272583
2002-11-19,11.643087387084961
2002-11-20,11.745129585266113
2002-11-21,12.069563865661621
2002-11-22,12.059099197387695
2002-11-25,11.943973541259766
2002-11-26,11.580291748046875
2002-11-27,12.137589454650879
2002-11-29,12.100959777832031
2002-12-02,12.090496063232422
2002-12-03,11.789605140686035
2002-12-04,11.907347679138184
2002-12-05,11.606454849243164
2002-12-06,11.679717063903809
2002-12-09,11.378826141357422
2002-12-10,11.53320026397705
2002-12-11,11.588143348693848
2002-12-12,11.436388969421387
2002-12-13,11.28986930847168
2002-12-16,11.538430213928223
2002-12-17,11.407604217529297
2002-12-18,11.284640312194824
2002-12-19,11.072707176208496
2002-12-20,11.404989242553711
2002-12-23,11.352119445800781
2002-12-24,11.394416809082031
2002-12-26,11.365335464477539
2002-12-27,11.10096263885498
2002-12-30,11.367981910705566
2002-12-31,11.500164031982422
2003-01-02,11.84384822845459
2003-01-03,11.827988624572754
2003-01-06,12.055349349975586
2003-01-07,11.854419708251953
2003-01-08,11.500164031982422
2003-01-09,11.867646217346191
2003-01-10,11.960172653198242
2003-01-13,11.89936637878418
2003-01-14,12.057989120483398
2003-01-15,11.907296180725098
2003-01-16,11.946955680847168
2003-01-17,11.57947826385498
2003-01-21,11.35476303100586
2003-01-22,11.172344207763672
2003-01-23,11.275450706481934
2003-01-24,11.053378105163574
2003-01-27,10.722914695739746
2003-01-28,10.90268611907959
2003-01-29,11.061309814453125
2003-01-30,10.94498062133789
2003-01-31,11.04015827178955
2003-02-03,11.29924488067627
2003-02-04,10.960848808288574
2003-02-05,10.907973289489746
2003-02-06,10.773147583007812
2003-02-07,10.659462928771973
2003-02-10,10.54842758178711
2003-02-11,10.770499229431152
2003-02-12,10.54842758178711
2003-02-13,10.667391777038574
2003-02-14,10.92119026184082
2003-02-18,11.174991607666016
2003-02-19,11.008435249328613
2003-02-20,10.762568473815918
2003-02-21,10.94762897491455
2003-02-24,10.783720970153809
2003-02-25,10.366006851196289
2003-02-26,10.297277450561523
2003-02-27,10.482333183288574
2003-02-28,10.648890495300293
2003-03-03,10.627737998962402
2003-03-04,10.442682266235352
2003-03-05,10.54842758178711
2003-03-06,10.254971504211426
2003-03-07,10.305207252502441
2003-03-10,9.953592300415039
2003-03-11,9.945658683776855
2003-03-12,9.636346817016602
2003-03-13,9.958876609802246
2003-03-14,10.128080368041992
2003-03-17,10.664753913879395
2003-03-18,10.59865951538086
2003-03-19,10.754642486572266
2003-03-20,10.551074981689453
2003-03-21,11.021650314331055
2003-03-24,10.50612735748291
2003-03-25,10.693829536437988
2003-03-26,10.71762466430664
2003-03-27,10.57486629486084
2003-03-28,10.569578170776367
2003-03-31,10.207388877868652
2003-04-01,10.455897331237793
2003-04-02,10.836594581604004
2003-04-03,10.746705055236816
2003-04-04,10.958203315734863
2003-04-07,11.116825103759766
2003-04-08,11.05866527557373
2003-04-09,11.130048751831055
2003-04-10,11.048091888427734
2003-04-11,11.063953399658203
2003-04-14,11.233149528503418
2003-04-15,11.423497200012207
2003-04-16,11.341541290283203
2003-04-17,11.534531593322754
2003-04-21,11.566256523132324
2003-04-22,11.962818145751953
2003-04-23,11.989251136779785
2003-04-24,11.830629348754883
2003-04-25,11.661433219909668
2003-04-28,11.896724700927734
2003-04-29,11.970746994018555
2003-04-30,12.007759094238281
2003-05-01,12.028907775878906
2003-05-02,12.134659767150879
2003-05-05,12.354086875915527
2003-05-06,12.66075611114502
2003-05-07,12.43340015411377
2003-05-08,12.134659767150879
2003-05-09,12.449261665344238
2003-05-12,12.465123176574707
2003-05-13,12.446616172790527
2003-05-14,12.399027824401855
2003-05-15,12.451903343200684
2003-05-16,12.710987091064453
2003-05-19,12.187532424926758
2003-05-20,12.293280601501465
2003-05-21,12.179601669311523
2003-05-22,12.425466537475586
2003-05-23,12.49420166015625
2003-05-27,12.584089279174805
2003-05-28,12.663398742675781
2003-05-29,12.740065574645996
2003-05-30,12.909266471862793
2003-06-02,12.903975486755371
2003-06-03,12.927772521972656
2003-06-04,13.110188484191895
2003-06-05,13.152483940124512
2003-06-06,13.059958457946777
2003-06-09,13.112831115722656
2003-06-10,13.218581199645996
2003-06-11,13.575479507446289
2003-06-12,13.546402931213379
2003-06-13,13.469731330871582
2003-06-16,13.800200462341309
2003-06-17,13.683876037597656
2003-06-18,13.575479507446289
2003-06-19,13.408927917480469
2003-06-20,13.546402931213379
2003-06-23,13.21593952178955
2003-06-24,13.086398124694824
2003-06-25,13.044093132019043
2003-06-26,13.017660140991211
2003-06-27,13.020306587219238
2003-06-30,12.954212188720703
2003-07-01,12.980645179748535
2003-07-02,13.144556999206543
2003-07-03,13.033522605895996
2003-07-07,13.178925514221191
2003-07-08,13.22651195526123
2003-07-09,13.213293075561523
2003-07-10,13.067887306213379
2003-07-11,12.999151229858398
2003-07-14,13.18156909942627
2003-07-15,13.081109046936035
2003-07-16,13.04673957824707
2003-07-17,12.822020530700684
2003-07-18,13.197426795959473
2003-07-21,12.940986633300781
2003-07-22,13.086398124694824
2003-07-23,13.176281929016113
2003-07-24,13.192147254943848
2003-07-25,13.416860580444336
2003-07-28,13.416860580444336
2003-07-29,13.28203010559082
2003-07-30,13.271455764770508
2003-07-31,13.192147254943848
2003-08-01,13.21593952178955
2003-08-04,13.229156494140625
2003-08-05,13.08903980255127
2003-08-06,13.009724617004395
2003-08-07,13.112831115722656
2003-08-08,13.136624336242676
2003-08-11,13.218581199645996
2003-08-12,13.2582368850708
2003-08-13,13.205363273620605
2003-08-14,13.416860580444336
2003-08-15,13.284673690795898
2003-08-18,13.406288146972656
2003-08-19,13.363990783691406
2003-08-20,13.403641700744629
2003-08-21,13.348123550415039
2003-08-22,13.324322700500488
2003-08-25,13.271455764770508
2003-08-26,13.14984130859375
2003-08-27,13.21593952178955
2003-08-28,13.284673690795898
2003-08-29,13.276745796203613
2003-09-02,13.480313301086426
2003-09-03,13.398357391357422
2003-09-04,13.628355026245117
2003-09-05,13.588702201843262
2003-09-08,13.847784042358398
2003-09-09,13.776403427124023
2003-09-10,13.575479507446289
2003-09-11,13.681234359741211
2003-09-12,13.575479507446289
2003-09-15,13.757901191711426
2003-09-16,13.723531723022461
2003-09-17,13.773757934570312
2003-09-18,14.009050369262695
2003-09-19,14.006407737731934
2003-09-22,13.744681358337402
2003-09-23,13.718245506286621
2003-09-24,13.493528366088867
2003-09-25,13.430074691772461
2003-09-26,13.369277000427246
2003-09-29,13.496173858642578
2003-09-30,13.361342430114746
2003-10-01,13.630998611450195
2003-10-02,13.538471221923828
2003-10-03,13.7711181640625
2003-10-06,13.919166564941406
2003-10-07,13.958823204040527
2003-10-08,14.022268295288086
2003-10-09,14.112153053283691
2003-10-10,14.220555305480957
2003-10-13,14.246984481811523
2003-10-14,14.352733612060547
2003-10-15,14.143881797790527
2003-10-16,14.209978103637695
2003-10-17,14.143881797790527
2003-10-20,14.273425102233887
2003-10-21,14.225837707519531
2003-10-22,14.167675018310547
2003-10-23,14.001123428344727
2003-10-24,14.091005325317383
2003-10-27,14.011701583862305
2003-10-28,14.339516639709473
2003-10-29,14.236411094665527
2003-10-30,14.342158317565918
2003-10-31,14.262850761413574
2003-11-03,14.424117088317871
2003-11-04,14.368593215942383
2003-11-05,14.326298713684082
2003-11-06,14.381817817687988
2003-11-07,14.590666770935059
2003-11-10,14.34480094909668
2003-11-11,14.405609130859375
2003-11-12,14.672626495361328
2003-11-13,14.751933097839355
2003-11-14,14.725502014160156
2003-11-17,14.500784873962402
2003-11-18,14.606527328491211
2003-11-19,14.648833274841309
2003-11-20,14.41089916229248
2003-11-21,14.67526626586914
2003-11-24,14.812747955322266
2003-11-25,14.767801284790039
2003-11-26,14.997797966003418
2003-11-28,15.082404136657715
2003-12-01,15.227806091308594
2003-12-02,15.359987258911133
2003-12-03,15.52918815612793
2003-12-04,15.52918815612793
2003-12-05,15.346770286560059
2003-12-08,15.545050621032715
2003-12-09,15.5027494430542
2003-12-10,15.412858963012695
2003-12-11,15.59792423248291
2003-12-12,15.661376953125
2003-12-15,15.571489334106445
2003-12-16,15.8768949508667
2003-12-17,15.800080299377441
2003-12-18,16.06231117248535
2003-12-19,15.903382301330566
2003-12-22,15.938545227050781
2003-12-23,15.930493354797363
2003-12-24,16.102279663085938
2003-12-26,16.03517723083496
2003-12-29,16.303592681884766
2003-12-30,16.198909759521484
2003-12-31,16.44048309326172
2004-01-02,16.55590057373047
2004-01-05,16.883371353149414
2004-01-06,16.988054275512695
2004-01-07,16.68206214904785
2004-01-08,17.084684371948242
2004-01-09,16.961210250854492
2004-01-12,16.95047378540039
2004-01-13,16.840423583984375
2004-01-14,16.996103286743164
2004-01-15,16.91021156311035
2004-01-16,16.762582778930664
2004-01-20,16.990734100341797
2004-01-21,17.29941177368164
2004-01-22,17.326261520385742
2004-01-23,17.071258544921875
2004-01-26,17.122262954711914
2004-01-27,17.192049026489258
2004-01-28,16.765262603759766
2004-01-29,16.840423583984375
2004-01-30,16.776004791259766
2004-02-02,16.73573875427246
2004-02-03,16.776004791259766
2004-02-04,16.663267135620117
2004-02-05,16.708900451660156
2004-02-06,17.04978370666504
2004-02-09,17.200109481811523
2004-02-10,17.26451873779297
2004-02-11,17.538307189941406
2004-02-12,17.457778930664062
2004-02-13,17.229625701904297
2004-02-17,17.60272979736328
2004-02-18,17.353097915649414
2004-02-19,17.382627487182617
2004-02-20,17.178630828857422
2004-02-23,17.165206909179688
2004-02-24,17.151782989501953
2004-02-25,17.014896392822266
2004-02-26,16.963890075683594
2004-02-27,17.05784034729004
2004-03-01,17.226945877075195
2004-03-02,16.89947509765625
2004-03-03,16.82699966430664
2004-03-04,16.990734100341797
2004-03-05,17.253782272338867
2004-03-08,17.210838317871094
2004-03-09,16.95047378540039
2004-03-10,16.64179229736328
2004-03-11,16.392169952392578
2004-03-12,16.397541046142578
2004-03-15,15.887544631958008
2004-03-16,15.986861228942871
2004-03-17,16.31969451904297
2004-03-18,16.266010284423828
2004-03-19,15.911709785461426
2004-03-22,15.739916801452637
2004-03-23,15.772130966186523
2004-03-24,15.640605926513672
2004-03-25,15.954654693603516
2004-03-26,15.868754386901855
2004-03-29,16.12106704711914
2004-03-30,16.19622802734375
2004-03-31,16.33580207824707
2004-04-01,16.518325805664062
2004-04-02,16.601530075073242
2004-04-05,16.550527572631836
2004-04-06,16.504898071289062
2004-04-07,16.518325805664062
2004-04-08,16.427059173583984
2004-04-12,16.453907012939453
2004-04-13,16.25259017944336
2004-04-14,16.185483932495117
2004-04-15,16.188173294067383
2004-04-16,16.306270599365234
2004-04-19,16.40559196472168
2004-04-20,16.12643814086914
2004-04-21,16.123750686645508
2004-04-22,16.346538543701172
2004-04-23,16.314329147338867
2004-04-26,16.303592681884766
2004-04-27,16.373374938964844
2004-04-28,16.088855743408203
2004-04-29,15.919754981994629
2004-04-30,15.900971412658691
2004-05-03,16.027124404907227
2004-05-04,16.190860748291016
2004-05-05,16.41900634765625
2004-05-06,16.115699768066406
2004-05-07,15.60034465789795
2004-05-10,15.447345733642578
2004-05-11,15.47418212890625
2004-05-12,15.498342514038086
2004-05-13,15.35339641571045
2004-05-14,15.364133834838867
2004-05-17,15.310454368591309
2004-05-18,15.35876750946045
2004-05-19,15.568132400512695
2004-05-20,15.570812225341797
2004-05-21,15.506390571594238
2004-05-24,15.721125602722168
2004-05-25,15.99759292602539
2004-05-26,16.011014938354492
2004-05-27,16.314329147338867
2004-05-28,16.266010284423828
2004-06-01,16.129117965698242
2004-06-02,16.266010284423828
2004-06-03,16.239171981811523
2004-06-04,16.467327117919922
2004-06-07,16.789426803588867
2004-06-08,16.628376007080078
2004-06-09,16.249910354614258
2004-06-10,16.432430267333984
2004-06-14,16.075437545776367
2004-06-15,16.373374938964844
2004-06-16,16.276748657226562
2004-06-17,16.365331649780273
2004-06-18,16.526382446289062
2004-06-21,16.453907012939453
2004-06-22,16.41364097595215
2004-06-23,16.512958526611328
2004-06-24,16.61227035522461
2004-06-25,16.461956024169922
2004-06-28,16.692792892456055
2004-06-29,16.58811378479004
2004-06-30,16.829689025878906
2004-07-01,16.561267852783203
2004-07-02,16.73305320739746
2004-07-06,16.58811378479004
2004-07-07,16.663267135620117
2004-07-08,16.598848342895508
2004-07-09,16.64716911315918
2004-07-12,16.668638229370117
2004-07-13,16.585430145263672
2004-07-14,16.467327117919922
2004-07-15,16.306270599365234
2004-07-16,16.346538543701172
2004-07-19,16.306270599365234
2004-07-20,16.282123565673828
2004-07-21,16.040546417236328
2004-07-22,16.096904754638672
2004-07-23,15.680863380432129
2004-07-26,15.726492881774902
2004-07-27,15.874124526977539
2004-07-28,15.863389015197754
2004-07-29,15.970757484436035
2004-07-30,15.970757484436035
2004-08-02,15.984177589416504
2004-08-03,15.914383888244629
2004-08-04,15.89291763305664
2004-08-05,15.713071823120117
2004-08-06,15.702339172363281
2004-08-09,15.659391403198242
2004-08-10,15.860705375671387
2004-08-11,15.635236740112305
2004-08-12,15.433921813964844
2004-08-13,15.608399391174316
2004-08-16,15.890230178833008
2004-08-17,15.860705375671387
2004-08-18,16.013704299926758
2004-08-19,15.981488227844238
2004-08-20,16.048595428466797
2004-08-23,15.817758560180664
2004-08-24,15.8338623046875
2004-08-25,15.994915008544922
2004-08-26,15.960018157958984
2004-08-27,15.984177589416504
2004-08-30,15.903653144836426
2004-08-31,16.064697265625
2004-09-01,16.131799697875977
2004-09-02,16.346538543701172
2004-09-03,16.255277633666992
2004-09-07,16.317014694213867
2004-09-08,16.333118438720703
2004-09-09,16.424379348754883
2004-09-10,16.601530075073242
2004-09-13,16.652528762817383
2004-09-14,16.692792892456055
2004-09-15,16.467327117919922
2004-09-16,16.5344295501709
2004-09-17,16.62569236755371
2004-09-20,16.49416160583496
2004-09-21,16.91021156311035
2004-09-22,16.598848342895508
2004-09-23,16.521013259887695
2004-09-24,16.504898071289062
2004-09-27,16.40559196472168
2004-09-28,16.67937660217285
2004-09-29,16.74648094177246
2004-09-30,16.71963119506836
2004-10-01,17.055150985717773
2004-10-04,17.02831268310547
2004-10-05,17.108835220336914
2004-10-06,17.178630828857422
2004-10-07,17.0256290435791
2004-10-08,17.108835220336914
2004-10-11,17.162527084350586
2004-10-12,16.95047378540039
2004-10-13,16.843109130859375
2004-10-14,16.722318649291992
2004-10-15,17.068578720092773
2004-10-18,17.114212036132812
2004-10-19,17.108835220336914
2004-10-20,17.173259735107422
2004-10-21,17.26988983154297
2004-10-22,17.24304962158203
2004-10-25,17.2376766204834
2004-10-26,17.29673194885254
2004-10-27,17.44704246520996
2004-10-28,17.621511459350586
2004-10-29,17.675199508666992
2004-11-01,17.677879333496094
2004-11-02,17.68325424194336
2004-11-03,17.91140365600586
2004-11-04,18.263029098510742
2004-11-05,18.359657287597656
2004-11-08,18.249610900878906
2004-11-09,18.222766876220703
2004-11-10,18.225444793701172
2004-11-11,18.531450271606445
2004-11-12,18.70591926574707
2004-11-15,18.518024444580078
2004-11-16,18.386499404907227
2004-11-17,18.65491485595703
2004-11-18,18.641494750976562
2004-11-19,18.57170295715332
2004-11-22,18.62002182006836
2004-11-23,18.625389099121094
2004-11-24,18.759597778320312
2004-11-26,18.963594436645508
2004-11-29,19.028017044067383
2004-11-30,18.891124725341797
2004-12-01,19.20516586303711
2004-12-02,19.108539581298828
2004-12-03,19.20516586303711
2004-12-06,19.23200798034668
2004-12-07,19.175642013549805
2004-12-08,19.16490936279297
2004-12-09,19.127330780029297
2004-12-10,18.93675422668457
2004-12-13,19.285694122314453
2004-12-14,19.30984878540039
2004-12-15,19.41721534729004
2004-12-16,19.135377883911133
2004-12-17,19.028017044067383
2004-12-20,19.258853912353516
2004-12-21,19.325956344604492
2004-12-22,19.45747947692871
2004-12-23,19.675859451293945
2004-12-27,19.880844116210938
2004-12-28,19.921838760375977
2004-12-29,19.867172241210938
2004-12-30,19.908172607421875
2004-12-31,19.84259033203125
2005-01-03,19.757854461669922
2005-01-04,19.457204818725586
2005-01-05,19.336950302124023
2005-01-06,19.39160919189453
2005-01-07,19.17569351196289
2005-01-10,19.252220153808594
2005-01-11,19.110105514526367
2005-01-12,19.38887596130371
2005-01-13,19.186620712280273
2005-01-14,19.21395492553711
2005-01-18,19.282283782958984
2005-01-19,18.99803924560547
2005-01-20,18.92424201965332
2005-01-21,18.981639862060547
2005-01-24,19.074565887451172
2005-01-25,19.090970993041992
2005-01-26,19.293216705322266
2005-01-27,19.33421516418457
2005-01-28,19.306882858276367
2005-01-31,19.405275344848633
2005-02-01,19.610261917114258
2005-02-02,19.648530960083008
2005-02-03,19.46267318725586
2005-02-04,19.599327087402344
2005-02-07,19.457204818725586
2005-02-08,19.468143463134766
2005-02-09,19.43260955810547
2005-02-10,19.610261917114258
2005-02-11,19.78791618347168
2005-02-14,19.919111251831055
2005-02-15,20.033897399902344
2005-02-16,20.00657081604004
2005-02-17,20.088558197021484
2005-02-18,20.11589241027832
2005-02-22,20.014766693115234
2005-02-23,20.061229705810547
2005-02-24,20.143224716186523
2005-02-25,20.38920021057129
2005-02-28,20.249813079833984
2005-03-01,20.33180809020996
2005-03-02,20.0776309967041
2005-03-03,20.176021575927734
2005-03-04,20.53952980041504
2005-03-07,20.512195587158203
2005-03-08,20.605127334594727
2005-03-09,20.46846580505371
2005-03-10,20.471202850341797
2005-03-11,20.443870544433594
2005-03-14,20.49579620361328
2005-03-15,20.307222366333008
2005-03-16,20.285341262817383
2005-03-17,20.25255012512207
2005-03-18,20.156892776489258
2005-03-21,20.031164169311523
2005-03-22,19.68952178955078
2005-03-23,19.703189849853516
2005-03-24,19.760581970214844
2005-03-28,19.746923446655273
2005-03-29,19.514606475830078
2005-03-30,19.81524658203125
2005-03-31,19.760581970214844
2005-04-01,19.58565902709961
2005-04-04,19.648530960083008
2005-04-05,19.746923446655273
2005-04-06,19.774248123168945
2005-04-07,19.924575805664062
2005-04-08,19.910907745361328
2005-04-11,20.061229705810547
2005-04-12,20.096755981445312
2005-04-13,19.804325103759766
2005-04-14,19.678586959838867
2005-04-15,19.328750610351562
2005-04-18,19.323286056518555
2005-04-19,19.43260955810547
2005-04-20,19.1319637298584
2005-04-21,19.582927703857422
2005-04-22,19.29868507385254
2005-04-25,19.539201736450195
2005-04-26,19.304155349731445
2005-04-27,19.15929412841797
2005-04-28,18.82858657836914
2005-04-29,19.077302932739258
2005-05-02,19.18389129638672
2005-05-03,19.21122932434082
2005-05-04,19.39160919189453
2005-05-05,19.44627571105957
2005-05-06,19.377944946289062
2005-05-09,19.459930419921875
2005-05-10,19.186620712280273
2005-05-11,19.28774642944336
2005-05-12,19.036306381225586
2005-05-13,18.976177215576172
2005-05-16,19.151094436645508
2005-05-17,19.17569351196289
2005-05-18,19.402542114257812
2005-05-19,19.424409866333008
2005-05-20,19.39160919189453
2005-05-23,19.476341247558594
2005-05-24,19.459930419921875
2005-05-25,19.435340881347656
2005-05-26,19.50093650817871
2005-05-27,19.544658660888672
2005-05-31,19.16202735900879
2005-06-01,19.205751419067383
2005-06-02,19.465408325195312
2005-06-03,19.145639419555664
2005-06-06,19.252220153808594
2005-06-07,19.31508445739746
2005-06-08,19.254953384399414
2005-06-09,19.282283782958984
2005-06-10,19.26861572265625
2005-06-13,19.257686614990234
2005-06-14,19.13743019104004
2005-06-15,19.323286056518555
2005-06-16,19.282283782958984
2005-06-17,19.678586959838867
2005-06-20,19.451736450195312
2005-06-21,19.539201736450195
2005-06-22,19.577463150024414
2005-06-23,19.290491104125977
2005-06-24,19.230356216430664
2005-06-27,19.290491104125977
2005-06-28,19.353342056274414
2005-06-29,19.421672821044922
2005-06-30,19.44354248046875
2005-07-01,19.418943405151367
2005-07-05,19.39160919189453
2005-07-06,19.37247657775879
2005-07-07,19.353342056274414
2005-07-08,19.54193878173828
2005-07-11,19.757854461669922
2005-07-12,20.058500289916992
2005-07-13,19.875375747680664
2005-07-14,20.012033462524414
2005-07-15,19.94097328186035
2005-07-18,19.95463752746582
2005-07-19,20.162363052368164
2005-07-20,20.36187171936035
2005-07-21,20.255271911621094
2005-07-22,20.17055320739746
2005-07-25,20.085830688476562
2005-07-26,20.044824600219727
2005-07-27,20.258018493652344
2005-07-28,20.503997802734375
2005-07-29,20.329076766967773
2005-08-01,20.53679656982422
2005-08-02,20.70351791381836
2005-08-03,20.889375686645508
2005-08-04,20.69257926940918
2005-08-05,20.62698745727539
2005-08-08,20.616058349609375
2005-08-09,20.90850257873535
2005-08-10,20.97683334350586
2005-08-11,21.236480712890625
2005-08-12,21.017831802368164
2005-08-15,20.979564666748047
2005-08-16,20.68985366821289
2005-08-17,20.58873176574707
2005-08-18,20.394676208496094
2005-08-19,20.487598419189453
2005-08-22,20.643388748168945
2005-08-23,20.49579620361328
2005-08-24,20.443870544433594
2005-08-25,20.452064514160156
2005-08-26,20.255271911621094
2005-08-29,20.334548950195312
2005-08-30,20.227956771850586
2005-08-31,20.662525177001953
2005-09-01,20.92490005493164
2005-09-02,20.974092483520508
2005-09-06,21.26381492614746
2005-09-07,21.236480712890625
2005-09-08,21.14081573486328
2005-09-09,21.310272216796875
2005-09-12,21.03969955444336
2005-09-13,20.851106643676758
2005-09-14,20.88116455078125
2005-09-15,20.78550910949707
2005-09-16,21.110754013061523
2005-09-19,20.79917335510254
2005-09-20,20.711719512939453
2005-09-21,20.67071533203125
2005-09-22,20.700780868530273
2005-09-23,20.59419059753418
2005-09-26,20.829238891601562
2005-09-27,20.763654708862305
2005-09-28,20.960439682006836
2005-09-29,21.173622131347656
2005-09-30,21.023292541503906
2005-10-03,20.922163009643555
2005-10-04,20.86476707458496
2005-10-05,20.73904800415039
2005-10-06,20.79370880126953
2005-10-07,20.892108917236328
2005-10-10,20.7718448638916
2005-10-11,20.6597843170166
2005-10-12,20.547725677490234
2005-10-13,20.402873992919922
2005-10-14,20.648853302001953
2005-10-17,20.525863647460938
2005-10-18,20.200624465942383
2005-10-19,20.32087516784668
2005-10-20,19.848047256469727
2005-10-21,19.910907745361328
2005-10-24,20.279878616333008
2005-10-25,20.13502311706543
2005-10-26,20.17329216003418
2005-10-27,19.99016571044922
2005-10-28,20.154157638549805
2005-10-31,20.23067855834961
2005-11-01,20.26621437072754
2005-11-02,20.512195587158203
2005-11-03,20.443870544433594
2005-11-04,20.25255012512207
2005-11-07,20.279878616333008
2005-11-08,20.225215911865234
2005-11-09,20.25255012512207
2005-11-10,20.25255012512207
2005-11-11,20.36187171936035
2005-11-14,20.31267738342285
2005-11-15,20.29628562927246
2005-11-16,20.181489944458008
2005-11-17,20.479400634765625
2005-11-18,20.59419059753418
2005-11-21,20.621517181396484
2005-11-22,20.79370880126953
2005-11-23,20.853843688964844
2005-11-25,20.68985366821289
2005-11-28,20.717185974121094
2005-11-29,20.7581787109375
2005-11-30,20.602384567260742
2005-12-01,20.930368423461914
2005-12-02,20.96316146850586
2005-12-05,21.004167556762695
2005-12-06,21.05883026123047
2005-12-07,20.90850257873535
2005-12-08,21.045156478881836
2005-12-09,21.0943603515625
2005-12-12,21.400468826293945
2005-12-13,21.528919219970703
2005-12-14,21.578121185302734
2005-12-15,21.46332550048828
2005-12-16,21.65191650390625
2005-12-19,21.605449676513672
2005-12-20,21.460590362548828
2005-12-21,21.550785064697266
2005-12-22,21.679244995117188
2005-12-23,21.715652465820312
2005-12-27,21.63783073425293
2005-12-28,21.693424224853516
2005-12-29,21.732341766357422
2005-12-30,21.582250595092773
2006-01-03,22.34658432006836
2006-01-04,22.61897087097168
2006-01-05,22.51335906982422
2006-01-06,22.760725021362305
2006-01-09,22.646766662597656
2006-01-10,22.51057243347168
2006-01-11,22.76350975036621
2006-01-12,22.46610450744629
2006-01-13,22.574501037597656
2006-01-17,22.44386863708496
2006-01-18,22.257646560668945
2006-01-19,22.385499954223633
2006-01-20,21.999156951904297
2006-01-23,22.374380111694336
2006-01-24,22.416078567504883
2006-01-25,22.58284568786621
2006-01-26,22.916370391845703
2006-01-27,22.90247344970703
2006-01-30,22.941387176513672
2006-01-31,23.035877227783203
2006-02-01,23.1554012298584
2006-02-02,22.880239486694336
2006-02-03,22.80520248413086
2006-02-06,22.735706329345703
2006-02-07,22.61897087097168
2006-02-08,22.73848533630371
2006-02-09,22.89413833618164
2006-02-10,22.810752868652344
2006-02-13,22.8302059173584
2006-02-14,22.985855102539062
2006-02-15,22.852449417114258
2006-02-16,23.041444778442383
2006-02-17,23.177635192871094
2006-02-21,23.152629852294922
2006-02-22,23.40277671813965
2006-02-23,23.374975204467773
2006-02-24,23.374975204467773
2006-02-27,23.416667938232422
2006-02-28,23.20265007019043
2006-03-01,23.430559158325195
2006-03-02,23.419445037841797
2006-03-03,23.358299255371094
2006-03-06,23.249902725219727
2006-03-07,22.991413116455078
2006-03-08,23.013641357421875
2006-03-09,23.019208908081055
2006-03-10,23.374975204467773
2006-03-13,23.57232093811035
2006-03-14,23.841915130615234
2006-03-15,24.014240264892578
2006-03-16,24.167112350463867
2006-03-17,24.242158889770508
2006-03-20,24.217140197753906
2006-03-21,24.06149673461914
2006-03-22,24.231029510498047
2006-03-23,23.95865249633789
2006-03-24,24.12542724609375
2006-03-27,23.930866241455078
2006-03-28,23.750198364257812
2006-03-29,24.000354766845703
2006-03-30,24.322757720947266
2006-03-31,24.22269630432129
2006-04-03,24.417261123657227
2006-04-04,24.686866760253906
2006-04-05,24.84528923034668
2006-04-06,24.686866760253906
2006-04-07,24.167112350463867
2006-04-10,24.22269630432129
2006-04-11,23.961435317993164
2006-04-12,23.88916778564453
2006-04-13,23.90862274169922
2006-04-17,24.064273834228516
2006-04-18,24.45339584350586
2006-04-19,24.734111785888672
2006-04-20,24.86196517944336
2006-04-21,24.987041473388672
2006-04-24,25.12601661682129
2006-04-25,25.159364700317383
2006-04-26,25.292781829833984
2006-04-27,25.376161575317383
2006-04-28,25.306673049926758
2006-05-01,25.226072311401367
2006-05-02,25.604076385498047
2006-05-03,25.403959274291992
2006-05-04,25.67911720275879
2006-05-05,26.00153350830078
2006-05-08,26.00986671447754
2006-05-09,26.09325408935547
2006-05-10,26.140501022338867
2006-05-11,25.89035987854004
2006-05-12,25.531816482543945
2006-05-15,25.103775024414062
2006-05-16,25.137134552001953
2006-05-17,24.233821868896484
2006-05-18,24.20046615600586
2006-05-19,24.356109619140625
2006-05-22,23.869714736938477
2006-05-23,24.050371170043945
2006-05-24,23.903066635131836
2006-05-25,24.333879470825195
2006-05-26,24.559011459350586
2006-05-30,24.181005477905273
2006-05-31,24.406143188476562
2006-06-01,24.609037399291992
2006-06-02,24.84250831604004
2006-06-05,24.306089401245117
2006-06-06,23.95030975341797
2006-06-07,23.730741500854492
2006-06-08,23.244346618652344
2006-06-09,23.0831356048584
2006-06-12,22.8302059173584
2006-06-13,22.19928741455078
2006-06-14,22.499446868896484
2006-06-15,23.272138595581055
2006-06-16,23.069231033325195
2006-06-19,22.944162368774414
2006-06-20,23.158185958862305
2006-06-21,23.569534301757812
2006-06-22,23.425010681152344
2006-06-23,23.322168350219727
2006-06-26,23.597328186035156
2006-06-27,23.097034454345703
2006-06-28,23.316608428955078
2006-06-29,24.139320373535156
2006-06-30,24.47563362121582
2006-07-03,24.756345748901367
2006-07-05,24.361669540405273
2006-07-06,24.55622673034668
2006-07-07,24.403358459472656
2006-07-10,24.55066680908203
2006-07-11,24.514541625976562
2006-07-12,24.10318946838379
2006-07-13,23.666818618774414
2006-07-14,23.516719818115234
2006-07-17,23.144277572631836
2006-07-18,23.069231033325195
2006-07-19,23.791885375976562
2006-07-20,23.69182777404785
2006-07-21,23.67514991760254
2006-07-24,24.097627639770508
2006-07-25,24.12542724609375
2006-07-26,24.286619186401367
2006-07-27,24.3477783203125
2006-07-28,24.825838088989258
2006-07-31,24.76746940612793
2006-08-01,24.631275177001953
2006-08-02,24.90365982055664
2006-08-03,24.83139419555664
2006-08-04,24.934232711791992
2006-08-07,24.83417510986328
2006-08-08,24.714658737182617
2006-08-09,24.83139419555664
2006-08-10,24.7924747467041
2006-08-11,24.5645694732666
2006-08-14,24.6729679107666
2006-08-15,25.298336029052734
2006-08-16,25.570716857910156
2006-08-17,25.526241302490234
2006-08-18,25.617971420288086
2006-08-21,25.570716857910156
2006-08-22,25.39005470275879
2006-08-23,25.301116943359375
2006-08-24,25.38450050354004
2006-08-25,25.348377227783203
2006-08-28,25.626310348510742
2006-08-29,25.723588943481445
2006-08-30,25.765270233154297
2006-08-31,25.729143142700195
2006-09-01,25.898693084716797
2006-09-05,25.865341186523438
2006-09-06,25.459548950195312
2006-09-07,25.19550132751465
2006-09-08,25.181602478027344
2006-09-11,25.19550132751465
2006-09-12,25.515138626098633
2006-09-13,25.576284408569336
2006-09-14,25.61241340637207
2006-09-15,25.512353897094727
2006-09-18,25.64021110534668
2006-09-19,25.373388290405273
2006-09-20,25.765270233154297
2006-09-21,25.85422134399414
2006-09-22,25.78196144104004
2006-09-25,25.923707962036133
2006-09-26,26.004308700561523
2006-09-27,26.112707138061523
2006-09-28,26.229448318481445
2006-09-29,26.179418563842773
2006-10-02,26.157180786132812
2006-10-03,26.187759399414062
2006-10-04,26.49071502685547
2006-10-05,26.51295280456543
2006-10-06,26.276695251464844
2006-10-09,26.318387985229492
2006-10-10,26.326736450195312
2006-10-11,26.287811279296875
2006-10-12,26.613004684448242
2006-10-13,26.510164260864258
2006-10-16,26.571304321289062
2006-10-17,26.38787841796875
2006-10-18,26.446245193481445
2006-10-19,26.67692756652832
2006-10-20,26.79644012451172
2006-10-23,26.960437774658203
2006-10-24,26.765878677368164
2006-10-25,27.002132415771484
2006-10-26,27.210582733154297
2006-10-27,26.963211059570312
2006-10-30,26.999351501464844
2006-10-31,27.07160186767578
2006-11-01,27.15499496459961
2006-11-02,27.029924392700195
2006-11-03,27.021583557128906
2006-11-06,27.485746383666992
2006-11-07,27.605260848999023
2006-11-08,27.660846710205078
2006-11-09,27.64139175415039
2006-11-10,27.805383682250977
2006-11-13,27.763690948486328
2006-11-14,27.938785552978516
2006-11-15,28.030513763427734
2006-11-16,27.947126388549805
2006-11-17,27.96102523803711
2006-11-20,27.805383682250977
2006-11-21,28.072202682495117
2006-11-22,28.30846405029297
2006-11-24,28.18338394165039
2006-11-27,27.81093406677246
2006-11-28,28.016611099243164
2006-11-29,28.266761779785156
2006-11-30,28.322343826293945
2006-12-01,28.169483184814453
2006-12-04,28.333463668823242
2006-12-05,28.597515106201172
2006-12-06,28.461322784423828
2006-12-07,28.60030174255371
2006-12-08,28.525253295898438
2006-12-11,28.769845962524414
2006-12-12,28.814315795898438
2006-12-13,29.00330924987793
2006-12-14,29.022769927978516
2006-12-15,28.88657569885254
2006-12-18,28.91714859008789
2006-12-19,29.081144332885742
2006-12-20,29.00247573852539
2006-12-21,28.985498428344727
2006-12-22,28.71953010559082
2006-12-26,28.761972427368164
2006-12-27,29.149606704711914
2006-12-28,29.197715759277344
2006-12-29,29.242984771728516
2007-01-03,29.398605346679688
2007-01-04,29.28542709350586
2007-01-05,28.931734085083008
2007-01-08,28.97418975830078
2007-01-09,28.914772033691406
2007-01-10,28.677087783813477
2007-01-11,28.866657257080078
2007-01-12,29.169414520263672
2007-01-16,29.073213577270508
2007-01-17,29.00247573852539
2007-01-18,28.911937713623047
2007-01-19,29.30240821838379
2007-01-22,29.05624008178711
2007-01-23,29.28826141357422
2007-01-24,29.45237159729004
2007-01-25,29.0307674407959
2007-01-26,29.112829208374023
2007-01-29,29.18639373779297
2007-01-30,29.46651840209961
2007-01-31,29.667415618896484
2007-02-01,29.83719253540039
2007-02-02,29.74664306640625
2007-02-05,29.6447811126709
2007-02-06,29.783428192138672
2007-02-07,30.009782791137695
2007-02-08,29.978656768798828
2007-02-09,29.766435623168945
2007-02-12,29.44670867919922
2007-02-13,29.998464584350586
2007-02-14,30.374784469604492
2007-02-15,30.43987464904785
2007-02-16,30.42572021484375
2007-02-20,30.547391891479492
2007-02-21,30.383272171020508
2007-02-22,30.445528030395508
2007-02-23,30.504945755004883
2007-02-26,30.58701515197754
2007-02-27,28.880809783935547
2007-02-28,29.398605346679688
2007-03-01,28.866657257080078
2007-03-02,28.580888748168945
2007-03-05,27.96405792236328
2007-03-06,28.889301300048828
2007-03-07,28.917598724365234
2007-03-08,29.22884178161621
2007-03-09,29.30240821838379
2007-03-12,29.404273986816406
2007-03-13,28.57805061340332
2007-03-14,28.85251235961914
2007-03-15,28.9034423828125
2007-03-16,29.02511215209961
2007-03-19,29.579708099365234
2007-03-20,29.749479293823242
2007-03-21,30.45968246459961
2007-03-22,30.388946533203125
2007-03-23,30.55870819091797
2007-03-26,30.581342697143555
2007-03-27,30.400253295898438
2007-03-28,30.162567138671875
2007-03-29,30.275758743286133
2007-03-30,30.620952606201172
2007-04-02,30.773746490478516
2007-04-03,31.11612892150879
2007-04-04,31.251943588256836
2007-04-05,31.517915725708008
2007-04-09,31.407564163208008
2007-04-10,31.70465850830078
2007-04-11,31.710325241088867
2007-04-12,31.79802703857422
2007-04-13,32.030052185058594
2007-04-16,32.45164489746094
2007-04-17,32.38373947143555
2007-04-18,32.355445861816406
2007-04-19,32.3101692199707
2007-04-20,32.70914077758789
2007-04-23,32.4544792175293
2007-04-24,32.49409866333008
2007-04-25,32.929840087890625
2007-04-26,32.76572799682617
2007-04-27,32.96379470825195
2007-04-30,32.53936004638672
2007-05-01,32.777042388916016
2007-05-02,32.69497299194336
2007-05-03,32.808170318603516
2007-05-04,33.1165885925293
2007-05-07,33.29484558105469
2007-05-08,32.88174057006836
2007-05-09,32.89588165283203
2007-05-10,32.16587448120117
2007-05-11,32.85344314575195
2007-05-14,32.54502868652344
2007-05-15,33.08262634277344
2007-05-16,33.04584884643555
2007-05-17,33.23259353637695
2007-05-18,33.620235443115234
2007-05-21,33.17317581176758
2007-05-22,33.192989349365234
2007-05-23,33.541011810302734
2007-05-24,33.02888107299805
2007-05-25,33.28919219970703
2007-05-29,33.25523376464844
2007-05-30,33.391048431396484
2007-05-31,33.77021408081055
2007-06-01,33.85792541503906
2007-06-04,33.93714141845703
2007-06-05,33.63439178466797
2007-06-06,33.03169631958008
2007-06-07,32.196990966796875
2007-06-08,32.63274383544922
2007-06-11,32.69781494140625
2007-06-12,32.114933013916016
2007-06-13,32.64688491821289
2007-06-14,33.04584884643555
2007-06-15,33.552330017089844
2007-06-18,33.608924865722656
2007-06-19,33.688148498535156
2007-06-20,33.24391555786133
2007-06-21,33.43348693847656
2007-06-22,33.31465530395508
2007-06-25,33.22410202026367
2007-06-26,32.70914077758789
2007-06-27,33.000579833984375
2007-06-28,33.23543167114258
2007-06-29,33.38821029663086
2007-07-02,33.809814453125
2007-07-03,34.027687072753906
2007-07-05,33.852256774902344
2007-07-06,34.2200927734375
2007-07-09,34.37005615234375
2007-07-10,33.781524658203125
2007-07-11,34.16632843017578
2007-07-12,34.75204086303711
2007-07-13,34.769020080566406
2007-07-16,34.66715621948242
2007-07-17,34.80297088623047
2007-07-18,34.37005615234375
2007-07-19,34.44927978515625
2007-07-20,34.08144760131836
2007-07-23,34.21443176269531
2007-07-24,33.56646728515625
2007-07-25,33.36558151245117
2007-07-26,31.953655242919922
2007-07-27,31.81501007080078
2007-07-30,32.3724250793457
2007-07-31,32.33848571777344
2007-08-01,32.27904510498047
2007-08-02,32.59595489501953
2007-08-03,32.07250213623047
2007-08-06,32.55917739868164
2007-08-07,32.58464050292969
2007-08-08,33.35709762573242
2007-08-09,31.939496994018555
2007-08-10,31.40472412109375
2007-08-13,31.591482162475586
2007-08-14,31.223642349243164
2007-08-15,30.44835090637207
2007-08-16,30.035255432128906
2007-08-17,30.75676727294922
2007-08-20,30.720001220703125
2007-08-21,30.742637634277344
2007-08-22,31.837644577026367
2007-08-23,31.50094223022461
2007-08-24,32.20265579223633
2007-08-27,31.928197860717773
2007-08-28,31.147253036499023
2007-08-29,32.030052185058594
2007-08-30,31.795196533203125
2007-08-31,32.329986572265625
2007-09-04,32.53936004638672
2007-09-05,32.06119155883789
2007-09-06,32.1856803894043
2007-09-07,31.826324462890625
2007-09-10,31.64240264892578
2007-09-11,32.12909698486328
2007-09-12,32.20265579223633
2007-09-13,32.4063835144043
2007-09-14,32.25641632080078
2007-09-17,31.860286712646484
2007-09-18,33.21843719482422
2007-09-19,33.39387512207031
2007-09-20,33.50140380859375
2007-09-21,33.736244201660156
2007-09-24,33.6032600402832
2007-09-25,33.62872314453125
2007-09-26,33.80133056640625
2007-09-27,34.08710861206055
2007-09-28,34.20878219604492
2007-10-01,34.65018844604492
2007-10-02,34.47474670410156
2007-10-03,34.27951431274414
2007-10-04,34.45212173461914
2007-10-05,34.71808624267578
2007-10-08,34.392696380615234
2007-10-09,34.8171272277832
2007-10-10,34.74356460571289
2007-10-11,34.95576095581055
2007-10-12,35.080265045166016
2007-10-15,34.771854400634766
2007-10-16,34.548316955566406
2007-10-17,34.890689849853516
2007-10-18,34.995384216308594
2007-10-19,34.35308837890625
2007-10-22,34.19462966918945
2007-10-23,34.777503967285156
2007-10-24,34.65301513671875
2007-10-25,34.98123550415039
2007-10-26,35.48771667480469
2007-10-29,35.58392333984375
2007-10-30,35.50751495361328
2007-10-31,35.90365982055664
2007-11-01,35.02650451660156
2007-11-02,35.46791458129883
2007-11-05,35.091590881347656
2007-11-06,35.575435638427734
2007-11-07,35.10007095336914
2007-11-08,35.24153518676758
2007-11-09,34.55963897705078
2007-11-12,34.12955856323242
2007-11-13,34.890689849853516
2007-11-14,34.712432861328125
2007-11-15,34.18896484375
2007-11-16,34.486061096191406
2007-11-19,33.70228958129883
2007-11-20,34.290828704833984
2007-11-21,33.71644973754883
2007-11-23,34.372886657714844
2007-11-26,33.7136116027832
2007-11-27,34.12389373779297
2007-11-28,35.18779373168945
2007-11-29,34.85390090942383
2007-11-30,34.90766525268555
2007-12-03,34.811466217041016
2007-12-04,34.71526336669922
2007-12-05,34.96708679199219
2007-12-06,35.3405876159668
2007-12-07,35.349056243896484
2007-12-10,35.781982421875
2007-12-11,34.80297088623047
2007-12-12,35.54429626464844
2007-12-13,34.969913482666016
2007-12-14,34.10691833496094
2007-12-17,33.402366638183594
2007-12-18,33.818302154541016
2007-12-19,33.529701232910156
2007-12-20,33.672176361083984
2007-12-21,34.28740692138672
2007-12-24,34.53988265991211
2007-12-26,34.655967712402344
2007-12-27,34.58632278442383
2007-12-28,34.998416900634766
2007-12-31,34.626956939697266
2008-01-02,34.487648010253906
2008-01-03,34.53988265991211
2008-01-04,33.80568313598633
2008-01-07,33.907249450683594
2008-01-08,33.585121154785156
2008-01-09,33.77375793457031
2008-01-10,33.81727600097656
2008-01-11,33.25138854980469
2008-01-14,33.85501480102539
2008-01-15,32.75224304199219
2008-01-16,32.078975677490234
2008-01-17,31.51017189025879
2008-01-18,31.405698776245117
2008-01-22,30.204267501831055
2008-01-23,29.620960235595703
2008-01-24,30.761455535888672
2008-01-25,30.006929397583008
2008-01-28,30.74405860900879
2008-01-29,30.935565948486328
2008-01-30,30.889148712158203
2008-01-31,31.051660537719727
2008-02-01,31.58563232421875
2008-02-04,31.307035446166992
2008-02-05,29.542604446411133
2008-02-06,29.696414947509766
2008-02-07,29.542604446411133
2008-02-08,29.298830032348633
2008-02-11,29.40040397644043
2008-02-12,30.108495712280273
2008-02-13,30.598941802978516
2008-02-14,30.320350646972656
2008-02-15,30.218772888183594
2008-02-19,30.62795639038086
2008-02-20,30.697612762451172
2008-02-21,30.50897979736328
2008-02-22,30.80208396911621
2008-02-25,31.217073440551758
2008-02-26,31.756845474243164
2008-02-27,31.90485382080078
2008-02-28,31.690101623535156
2008-02-29,30.796276092529297
2008-03-03,30.8485164642334
2008-03-04,30.389997482299805
2008-03-05,30.78756332397461
2008-03-06,30.479961395263672
2008-03-07,30.154922485351562
2008-03-10,29.8502140045166
2008-03-11,30.923967361450195
2008-03-12,30.912368774414062
2008-03-13,31.0400447845459
2008-03-14,30.41901206970215
2008-03-17,30.05626106262207
2008-03-18,30.863021850585938
2008-03-19,29.742849349975586
2008-03-20,30.006929397583008
2008-03-24,30.63956069946289
2008-03-25,31.20836639404297
2008-03-26,31.39409065246582
2008-03-27,31.301233291625977
2008-03-28,31.333148956298828
2008-03-31,31.57402801513672
2008-04-01,32.543296813964844
2008-04-02,32.569419860839844
2008-04-03,32.618751525878906
2008-04-04,32.71451950073242
2008-04-07,32.9002571105957
2008-04-08,32.75514602661133
2008-04-09,32.58102798461914
2008-04-10,32.462039947509766
2008-04-11,31.980310440063477
2008-04-14,32.02674102783203
2008-04-15,32.18924331665039
2008-04-16,33.1295166015625
2008-04-17,32.66227722167969
2008-04-18,33.042449951171875
2008-04-21,33.19044876098633
2008-04-22,32.82478713989258
2008-04-23,32.94087600708008
2008-04-24,32.758033752441406
2008-04-25,32.93796920776367
2008-04-28,32.9118537902832
2008-04-29,32.711612701416016
2008-04-30,32.833499908447266
2008-05-01,33.18174743652344
2008-05-02,33.10048294067383
2008-05-05,33.15272521972656
2008-05-06,33.40810012817383
2008-05-07,32.72323226928711
2008-05-08,32.92346954345703
2008-05-09,32.856719970703125
2008-05-12,33.24268341064453
2008-05-13,33.074371337890625
2008-05-14,33.138206481933594
2008-05-15,33.4980583190918
2008-05-16,33.9623908996582
2008-05-19,33.753448486328125
2008-05-20,33.617042541503906
2008-05-21,33.30363082885742
2008-05-22,33.585121154785156
2008-05-23,33.17884063720703
2008-05-27,33.02793884277344
2008-05-28,33.22816848754883
2008-05-29,32.96989822387695
2008-05-30,33.22236251831055
2008-06-02,32.63325881958008
2008-06-03,32.464935302734375
2008-06-04,32.20955276489258
2008-06-05,32.79867172241211
2008-06-06,31.86711883544922
2008-06-09,31.739437103271484
2008-06-10,31.327350616455078
2008-06-11,30.76435089111328
2008-06-12,30.735334396362305
2008-06-13,30.897851943969727
2008-06-16,31.03424835205078
2008-06-17,31.045846939086914
2008-06-18,30.73824691772461
2008-06-19,30.68309783935547
2008-06-20,30.041748046875
2008-06-23,29.89375114440918
2008-06-24,29.763158798217773
2008-06-25,30.28754997253418
2008-06-26,29.490270614624023
2008-06-27,29.538406372070312
2008-06-30,29.481258392333984
2008-07-01,29.177387237548828
2008-07-02,28.882539749145508
2008-07-03,29.081113815307617
2008-07-07,28.747150421142578
2008-07-08,28.963768005371094
2008-07-09,28.671937942504883
2008-07-10,28.86750030517578
2008-07-11,28.26578140258789
2008-07-14,28.154462814331055
2008-07-15,27.751298904418945
2008-07-16,28.244714736938477
2008-07-17,28.972797393798828
2008-07-18,29.20746612548828
2008-07-21,29.400020599365234
2008-07-22,29.4090576171875
2008-07-23,29.46019172668457
2008-07-24,28.840417861938477
2008-07-25,29.026952743530273
2008-07-28,28.617782592773438
2008-07-29,28.876522064208984
2008-07-30,29.04500389099121
2008-07-31,28.76219940185547
2008-08-01,28.340991973876953
2008-08-04,28.31090545654297
2008-08-05,29.135257720947266
2008-08-06,29.23755645751953
2008-08-07,28.61176872253418
2008-08-08,28.635831832885742
2008-08-11,28.527524948120117
2008-08-12,28.340991973876953
2008-08-13,27.841569900512695
2008-08-14,27.618942260742188
2008-08-15,27.43840980529785
2008-08-18,27.197731018066406
2008-08-19,26.96306037902832
2008-08-20,27.011199951171875
2008-08-21,27.07137107849121
2008-08-22,27.31205940246582
2008-08-25,26.76448631286621
2008-08-26,26.860755920410156
2008-08-27,27.155603408813477
2008-08-28,27.570798873901367
2008-08-29,27.630958557128906
2008-09-02,27.31205940246582
2008-09-03,27.293991088867188
2008-09-04,25.8679256439209
2008-09-05,25.69343376159668
2008-09-08,26.042417526245117
2008-09-09,25.260196685791016
2008-09-10,25.338409423828125
2008-09-11,25.34442710876465
2008-09-12,25.783681869506836
2008-09-15,24.74271011352539
2008-09-16,24.6343936920166
2008-09-17,23.942424774169922
2008-09-18,24.57422637939453
2008-09-19,26.44557762145996
2008-09-22,25.657323837280273
2008-09-23,25.175949096679688
2008-09-24,25.242136001586914
2008-09-25,25.831817626953125
2008-09-26,25.56706428527832
2008-09-29,22.726945877075195
2008-09-30,23.900300979614258
2008-10-01,23.683685302734375
2008-10-02,22.58252716064453
2008-10-03,22.498294830322266
2008-10-06,21.072221755981445
2008-10-07,20.055315017700195
2008-10-08,19.628097534179688
2008-10-09,18.376514434814453
2008-10-10,17.961332321166992
2008-10-13,20.584829330444336
2008-10-14,20.1154842376709
2008-10-15,18.08167266845703
2008-10-16,18.887975692749023
2008-10-17,18.376514434814453
2008-10-20,19.285110473632812
2008-10-21,18.06362533569336
2008-10-22,16.613481521606445
2008-10-23,16.878232955932617
2008-10-24,15.999727249145508
2008-10-27,15.073075294494629
2008-10-28,17.16706085205078
2008-10-29,17.29341697692871
2008-10-30,17.76276206970215
2008-10-31,18.02752113342285
2008-11-03,17.889123916625977
2008-11-04,19.682249069213867
2008-11-05,18.22006607055664
2008-11-06,17.082815170288086
2008-11-07,18.15387725830078
2008-11-10,17.708606719970703
2008-11-11,17.149009704589844
2008-11-12,16.16218376159668
2008-11-13,17.859037399291992
2008-11-14,16.73984146118164
2008-11-17,16.258460998535156
2008-11-18,16.324647903442383
2008-11-19,15.211474418640137
2008-11-20,14.302877426147461
2008-11-21,15.181386947631836
2008-11-24,16.45100975036621
2008-11-25,16.72780418395996
2008-11-26,17.040699005126953
2008-11-28,16.685680389404297
2008-12-01,15.265629768371582
2008-12-02,16.20431137084961
2008-12-03,16.43296241760254
2008-12-04,16.005739212036133
2008-12-05,16.180240631103516
2008-12-08,17.02265167236328
2008-12-09,16.95646095275879
2008-12-10,17.504024505615234
2008-12-11,17.437835693359375
2008-12-12,17.612327575683594
2008-12-15,17.744712829589844
2008-12-16,19.24901008605957
2008-12-17,18.863908767700195
2008-12-18,18.328384399414062
2008-12-19,17.96734619140625
2008-12-22,17.840980529785156
2008-12-23,17.747833251953125
2008-12-24,17.94394302368164
2008-12-26,18.182950973510742
2008-12-29,18.005226135253906
2008-12-30,18.716123580932617
2008-12-31,18.759021759033203
2009-01-02,19.059310913085938
2009-01-05,18.685476303100586
2009-01-06,18.869327545166016
2009-01-07,18.642574310302734
2009-01-08,18.78352928161621
2009-01-09,17.980712890625
2009-01-12,17.5884952545166
2009-01-13,17.16563606262207
2009-01-14,16.332176208496094
2009-01-15,16.436359405517578
2009-01-16,16.479257583618164
2009-01-20,15.131011962890625
2009-01-21,15.958345413208008
2009-01-22,15.480328559875488
2009-01-23,15.370016098022461
2009-01-26,15.719331741333008
2009-01-27,15.995111465454102
2009-01-28,16.6569766998291
2009-01-29,15.76223373413086
2009-01-30,15.535479545593262
2009-02-02,15.4251708984375
2009-02-03,15.995111465454102
2009-02-04,15.829646110534668
2009-02-05,16.074783325195312
2009-02-06,16.485383987426758
2009-02-09,16.687620162963867
2009-02-10,15.743850708007812
2009-02-11,15.933826446533203
2009-02-12,15.829646110534668
2009-02-13,15.645796775817871
2009-02-17,14.567200660705566
2009-02-18,14.567200660705566
2009-02-19,14.49978256225586
2009-02-20,14.224007606506348
2009-02-23,13.623425483703613
2009-02-24,14.242391586303711
2009-02-25,13.874687194824219
2009-02-26,13.788890838623047
2009-02-27,13.660198211669922
2009-03-02,12.949298858642578
2009-03-03,12.955427169799805
2009-03-04,13.408930778503418
2009-03-05,12.734807968139648
2009-03-06,12.710294723510742
2009-03-09,12.452898979187012
2009-03-10,13.34151840209961
2009-03-11,13.482470512390137
2009-03-12,14.1014404296875
2009-03-13,14.058540344238281
2009-03-16,14.187237739562988
2009-03-17,14.554941177368164
2009-03-18,15.069722175598145
2009-03-19,15.106496810913086
2009-03-20,14.867488861083984
2009-03-23,15.995111465454102
2009-03-24,15.33324909210205
2009-03-25,15.835775375366211
2009-03-26,15.970597267150879
2009-03-27,15.22293472290039
2009-03-30,14.512046813964844
2009-03-31,15.014568328857422
2009-04-01,15.376141548156738
2009-04-02,16.1176815032959
2009-04-03,16.387325286865234
2009-04-06,16.056400299072266
2009-04-07,15.59676742553711
2009-04-08,15.903186798095703
2009-04-09,16.32604217529297
2009-04-13,16.571184158325195
2009-04-14,16.332176208496094
2009-04-15,16.607952117919922
2009-04-16,16.767290115356445
2009-04-17,16.730518341064453
2009-04-20,15.860288619995117
2009-04-21,16.166704177856445
2009-04-22,16.18509292602539
2009-04-23,16.650850296020508
2009-04-24,16.932758331298828
2009-04-27,16.60182762145996
2009-04-28,16.60182762145996
2009-04-29,17.05532455444336
2009-04-30,17.214658737182617
2009-05-01,17.39238166809082
2009-05-04,18.13392448425293
2009-05-05,17.864273071289062
2009-05-06,18.281007766723633
2009-05-07,17.974584579467773
2009-05-08,18.906103134155273
2009-05-11,18.3116455078125
2009-05-12,18.428081512451172
2009-05-13,17.8029842376709
2009-05-14,17.925559997558594
2009-05-15,17.704933166503906
2009-05-18,18.428081512451172
2009-05-19,18.759021759033203
2009-05-20,18.930618286132812
2009-05-21,18.86319923400879
2009-05-22,18.955129623413086
2009-05-26,19.286062240600586
2009-05-27,19.034799575805664
2009-05-28,19.377986907958984
2009-05-29,19.488298416137695
2009-06-01,19.917287826538086
2009-06-02,20.34627342224121
2009-06-03,19.690540313720703
2009-06-04,19.88051414489746
2009-06-05,19.51894187927246
2009-06-08,19.365734100341797
2009-06-09,19.51894187927246
2009-06-10,19.592483520507812
2009-06-11,19.757949829101562
2009-06-12,19.788591384887695
2009-06-15,18.96125602722168
2009-06-16,18.685476303100586
2009-06-17,18.57516860961914
2009-06-18,18.648706436157227
2009-06-19,18.893844604492188
2009-06-22,18.213592529296875
2009-06-23,18.538597106933594
2009-06-24,18.676895141601562
2009-06-25,18.97235870361328
2009-06-26,18.852920532226562
2009-06-29,19.154666900634766
2009-06-30,19.054080963134766
2009-07-01,19.3809757232666
2009-07-02,18.752342224121094
2009-07-06,18.683185577392578
2009-07-07,18.117412567138672
2009-07-08,18.048259735107422
2009-07-09,18.33742904663086
2009-07-10,18.067115783691406
2009-07-13,18.639179229736328
2009-07-14,18.683185577392578
2009-07-15,19.456411361694336
2009-07-16,19.758161544799805
2009-07-17,19.657581329345703
2009-07-20,20.02847671508789
2009-07-21,20.110198974609375
2009-07-22,20.21706771850586
2009-07-23,20.61311149597168
2009-07-24,20.707408905029297
2009-07-27,20.851991653442383
2009-07-28,20.58796501159668
2009-07-29,20.474807739257812
2009-07-30,20.8205623626709
2009-07-31,21.103452682495117
2009-08-03,21.68180274963379
2009-08-04,21.65036964416504
2009-08-05,21.631507873535156
2009-08-06,21.449203491210938
2009-08-07,21.455488204956055
2009-08-10,21.380054473876953
2009-08-11,21.1097354888916
2009-08-12,21.430347442626953
2009-08-13,21.706945419311523
2009-08-14,21.51206398010254
2009-08-17,20.738845825195312
2009-08-18,20.971439361572266
2009-08-19,21.222890853881836
2009-08-20,21.50578498840332
2009-08-21,22.191001892089844
2009-08-24,22.197284698486328
2009-08-25,22.505311965942383
2009-08-26,22.455026626586914
2009-08-27,22.649906158447266
2009-08-28,22.61847496032715
2009-08-31,22.423593521118164
2009-09-01,21.700660705566406
2009-09-02,21.625225067138672
2009-09-03,21.78238296508789
2009-09-04,22.228721618652344
2009-09-08,22.901357650756836
2009-09-09,23.12138557434082
2009-09-10,23.42313575744629
2009-09-11,23.347688674926758
2009-09-14,23.47970199584961
2009-09-15,23.68716049194336
2009-09-16,24.17749786376953
2009-09-17,24.10205841064453
2009-09-18,24.18378448486328
2009-09-21,23.926044464111328
2009-09-22,24.190074920654297
2009-09-23,24.007768630981445
2009-09-24,23.586585998535156
2009-09-25,23.536287307739258
2009-09-28,23.970050811767578
2009-09-29,23.875755310058594
2009-09-30,23.89461326599121
2009-10-01,23.12138557434082
2009-10-02,22.83220672607422
2009-10-05,23.34140968322754
2009-10-06,23.91346549987793
2009-10-07,23.86318016052246
2009-10-08,24.221511840820312
2009-10-09,24.24664878845215
2009-10-12,24.472959518432617
2009-10-13,24.397525787353516
2009-10-14,25.133028030395508
2009-10-15,25.038738250732422
2009-10-16,24.674131393432617
2009-10-19,24.988449096679688
2009-10-20,24.887868881225586
2009-10-21,24.70555305480957
2009-10-22,25.013595581054688
2009-10-23,24.567262649536133
2009-10-26,23.982629776000977
2009-10-27,23.643159866333008
2009-10-28,22.92650604248047
2009-10-29,23.781461715698242
2009-10-30,22.8007869720459
2009-11-02,23.001941680908203
2009-11-03,22.838499069213867
2009-11-04,23.24711036682129
2009-11-05,23.643159866333008
2009-11-06,23.712308883666992
2009-11-09,24.52325439453125
2009-11-10,24.296945571899414
2009-11-11,24.41010093688965
2009-11-12,24.070632934570312
2009-11-13,24.428956985473633
2009-11-16,24.73699378967285
2009-11-17,24.598691940307617
2009-11-18,24.70555305480957
2009-11-19,24.3157958984375
2009-11-20,23.95119285583496
2009-11-23,24.428956985473633
2009-11-24,24.460391998291016
2009-11-25,24.793569564819336
2009-11-27,23.84432601928711
2009-11-30,23.91346549987793
2009-12-01,24.4918212890625
2009-12-02,24.535823822021484
2009-12-03,24.340953826904297
2009-12-04,24.391237258911133
2009-12-07,24.29065704345703
2009-12-08,23.731164932250977
2009-12-09,23.599151611328125
2009-12-10,23.611726760864258
2009-12-11,23.611726760864258
2009-12-14,23.882036209106445
2009-12-15,23.636869430541992
2009-12-16,23.919755935668945
2009-12-17,23.32254409790039
2009-12-18,23.316265106201172
2009-12-21,23.536287307739258
2009-12-22,23.743505477905273
2009-12-23,23.946271896362305
2009-12-24,24.01597785949707
2009-12-28,24.07933807373047
2009-12-29,24.180721282958984
2009-12-30,23.99696159362793
2009-12-31,23.743505477905273
2010-01-04,24.383499145507812
2010-01-05,24.459537506103516
2010-01-06,24.560924530029297
2010-01-07,24.446866989135742
2010-01-08,24.655981063842773
2010-01-11,24.814393997192383
2010-01-12,24.453205108642578
2010-01-13,24.630624771118164
2010-01-14,24.681325912475586
2010-01-15,24.04765510559082
2010-01-19,24.30112075805664
2010-01-20,23.559738159179688
2010-01-21,22.824682235717773
2010-01-22,22.387449264526367
2010-01-25,22.691612243652344
2010-01-26,22.602895736694336
2010-01-27,22.539531707763672
2010-01-28,22.045270919799805
2010-01-29,21.855173110961914
2010-02-01,22.28606605529785
2010-02-02,22.831016540527344
2010-02-03,22.40011978149414
2010-02-04,21.22783851623535
2010-02-05,20.82229232788086
2010-02-08,20.61318016052246
2010-02-09,21.398929595947266
2010-02-10,21.278526306152344
2010-02-11,21.240514755249023
2010-02-12,20.980712890625
2010-02-16,21.582693099975586
2010-02-17,21.51298713684082
2010-02-18,21.671403884887695
2010-02-19,21.60803985595703
2010-02-22,21.570018768310547
2010-02-23,21.164472579956055
2010-02-24,21.234174728393555
2010-02-25,21.01872444152832
2010-02-26,21.20249366760254
2010-03-01,21.455961227416992
2010-03-02,21.72843360900879
2010-03-03,22.007246017456055
2010-03-04,21.95021629333496
2010-03-05,22.49517059326172
2010-03-08,22.469823837280273
2010-03-09,22.450815200805664
2010-03-10,22.590227127075195
2010-03-11,22.69794464111328
2010-03-12,22.799335479736328
2010-03-15,22.65992546081543
2010-03-16,22.964088439941406
2010-03-17,23.03379249572754
2010-03-18,22.818334579467773
2010-03-19,22.54586410522461
2010-03-22,22.49517059326172
2010-03-23,22.65359115600586
2010-03-24,22.21002769470215
2010-03-25,22.349430084228516
2010-03-26,22.615571975708008
2010-03-29,22.799335479736328
2010-03-30,22.70427894592285
2010-03-31,22.767648696899414
2010-04-01,23.179536819458008
2010-04-05,23.22389030456543
2010-04-06,23.084482192993164
2010-04-07,22.786663055419922
2010-04-08,22.748640060424805
2010-04-09,23.1605224609375
2010-04-12,23.394977569580078
2010-04-13,23.407657623291016
2010-04-14,23.661117553710938
2010-04-15,23.54706382751465
2010-04-16,22.95775604248047
2010-04-19,22.875375747680664
2010-04-20,23.12250328063965
2010-04-21,22.85002899169922
2010-04-22,22.533191680908203
2010-04-23,22.7423038482666
2010-04-26,22.65359115600586
2010-04-27,21.481306076049805
2010-04-28,21.31022071838379
2010-04-29,21.747446060180664
2010-04-30,21.639719009399414
2010-05-03,21.734773635864258
2010-05-04,20.689224243164062
2010-05-05,20.07456398010254
2010-05-06,18.914955139160156
2010-05-07,18.813568115234375
2010-05-10,20.60684585571289
2010-05-11,20.277339935302734
2010-05-12,20.581497192382812
2010-05-13,20.226642608642578
2010-05-14,19.364864349365234
2010-05-17,19.510604858398438
2010-05-18,19.09238624572754
2010-05-19,19.333179473876953
2010-05-20,18.661487579345703
2010-05-21,19.25079917907715
2010-05-24,18.617130279541016
2010-05-25,18.5157470703125
2010-05-26,18.046833038330078
2010-05-27,19.32683753967285
2010-05-28,18.90862274169922
2010-06-01,18.604455947875977
2010-06-02,19.25079917907715
2010-06-03,19.136734008789062
2010-06-04,18.046833038330078
2010-06-07,17.831384658813477
2010-06-08,18.034164428710938
2010-06-09,18.059507369995117
2010-06-10,18.97198486328125
2010-06-11,19.130407333374023
2010-06-14,19.339513778686523
2010-06-15,20.14427375793457
2010-06-16,19.99852180480957
2010-06-17,20.125253677368164
2010-06-18,20.14427375793457
2010-06-21,20.068227767944336
2010-06-22,19.802091598510742
2010-06-23,19.916584014892578
2010-06-24,19.45731544494629
2010-06-25,19.52847671508789
2010-06-28,19.38616180419922
2010-06-29,18.564659118652344
2010-06-30,18.46763038635254
2010-07-01,18.920429229736328
2010-07-02,18.829872131347656
2010-07-06,19.269733428955078
2010-07-07,20.03301239013672
2010-07-08,20.246477127075195
2010-07-09,20.233543395996094
2010-07-12,20.117107391357422
2010-07-13,20.65399169921875
2010-07-14,20.65399169921875
2010-07-15,20.86745262145996
2010-07-16,20.233543395996094
2010-07-19,20.427595138549805
2010-07-20,20.388784408569336
2010-07-21,19.92951774597168
2010-07-22,20.85451316833496
2010-07-23,21.061513900756836
2010-07-26,21.30731773376465
2010-07-27,21.423748016357422
2010-07-28,21.274965286254883
2010-07-29,21.333187103271484
2010-07-30,21.242631912231445
2010-08-02,22.141756057739258
2010-08-03,22.148225784301758
2010-08-04,22.141756057739258
2010-08-05,22.096473693847656
2010-08-06,22.109413146972656
2010-08-09,22.154687881469727
2010-08-10,21.934762954711914
2010-08-11,20.73808479309082
2010-08-12,20.615182876586914
2010-08-13,20.453468322753906
2010-08-16,20.518150329589844
2010-08-17,20.89980125427246
2010-08-18,20.848051071166992
2010-08-19,20.37584114074707
2010-08-20,20.02654457092285
2010-08-23,19.98126792907715
2010-08-24,19.664310455322266
2010-08-25,19.644908905029297
2010-08-26,19.586688995361328
2010-08-27,20.03948402404785
2010-08-30,19.619033813476562
2010-08-31,19.76133918762207
2010-09-01,20.576370239257812
2010-09-02,20.80276870727539
2010-09-03,21.048572540283203
2010-09-07,20.518150329589844
2010-09-08,20.65399169921875
2010-09-09,20.809236526489258
2010-09-10,20.94507598876953
2010-09-13,21.423748016357422
2010-09-14,21.61780548095703
2010-09-15,21.663089752197266
2010-09-16,21.6824893951416
2010-09-17,21.481962203979492
2010-09-20,21.86360740661621
2010-09-21,22.01238250732422
2010-09-22,22.05766487121582
2010-09-23,21.695425033569336
2010-09-24,22.510456085205078
2010-09-27,22.316404342651367
2010-09-28,22.549270629882812
2010-09-29,22.452241897583008
2010-09-30,22.400495529174805
2010-10-01,22.568674087524414
2010-10-04,22.19350242614746
2010-10-05,22.995607376098633
2010-10-06,23.170244216918945
2010-10-07,23.19612693786621
2010-10-08,23.286680221557617
2010-10-11,23.170244216918945
2010-10-12,23.26081085205078
2010-10-13,23.668323516845703
2010-10-14,23.88178253173828
2010-10-15,23.791227340698242
2010-10-18,24.580387115478516
2010-10-19,23.26081085205078
2010-10-20,23.797697067260742
2010-10-21,23.849443435668945
2010-10-22,23.965879440307617
2010-10-25,24.03057289123535
2010-10-26,23.80415916442871
2010-10-27,23.513084411621094
2010-10-28,23.784753799438477
2010-10-29,23.758886337280273
2010-11-01,23.54541778564453
2010-11-02,24.043498992919922
2010-11-03,24.134065628051758
2010-11-04,24.56097984313965
2010-11-05,24.23108673095703
2010-11-08,24.01115608215332
2010-11-09,23.791227340698242
2010-11-10,23.739479064941406
2010-11-11,23.364303588867188
2010-11-12,23.241405487060547
2010-11-15,23.234933853149414
2010-11-16,22.67217445373535
2010-11-17,22.846824645996094
2010-11-18,23.403120040893555
2010-11-19,23.551895141601562
2010-11-22,23.170244216918945
2010-11-23,22.2711238861084
2010-11-24,22.445777893066406
2010-11-26,22.02531623840332
2010-11-29,21.54665184020996
2010-11-30,21.126197814941406
2010-12-01,21.928295135498047
2010-12-02,22.503992080688477
2010-12-03,22.833887100219727
2010-12-06,22.536331176757812
2010-12-07,22.704513549804688
2010-12-08,22.859764099121094
2010-12-09,22.885637283325195
2010-12-10,22.9244441986084
2010-12-13,23.21552848815918
2010-12-14,23.202594757080078
2010-12-15,22.76272964477539
2010-12-16,22.898576736450195
2010-12-17,22.736860275268555
2010-12-20,22.71745491027832
2010-12-21,22.92873764038086
2010-12-22,22.915695190429688
2010-12-23,22.896135330200195
2010-12-27,22.70050048828125
2010-12-28,22.635286331176758
2010-12-29,22.837444305419922
2010-12-30,22.7396240234375
2010-12-31,23.000473022460938
2011-01-03,23.130901336669922
2011-01-04,23.08525848388672
2011-01-05,22.85700798034668
2011-01-06,22.485300064086914
2011-01-07,22.237485885620117
2011-01-10,22.03532600402832
2011-01-11,22.244014739990234
2011-01-12,23.117856979370117
2011-01-13,23.470006942749023
2011-01-14,23.80258560180664
2011-01-18,23.926494598388672
2011-01-19,23.893888473510742
2011-01-20,23.94605827331543
2011-01-21,24.337329864501953
2011-01-24,24.51340675354004
2011-01-25,24.47427749633789
2011-01-26,24.53949546813965
2011-01-27,24.839468002319336
2011-01-28,24.15473747253418
2011-01-31,24.46123695373535
2011-02-01,25.15248680114746
2011-02-02,25.009017944335938
2011-02-03,24.806856155395508
2011-02-04,24.722087860107422
2011-02-07,24.845993041992188
2011-02-08,25.100326538085938
2011-02-09,25.250314712524414
2011-02-10,24.937292098999023
2011-02-11,24.904680252075195
2011-02-14,24.793819427490234
2011-02-15,24.761211395263672
2011-02-16,25.067710876464844
2011-02-17,25.198135375976562
2011-02-18,25.302478790283203
2011-02-22,24.519927978515625
2011-02-23,24.53949546813965
2011-02-24,24.591665267944336
2011-02-25,24.86555290222168
2011-02-28,25.178579330444336
2011-03-01,24.715574264526367
2011-03-02,24.885116577148438
2011-03-03,25.27638816833496
2011-03-04,24.95684814453125
2011-03-07,24.85902976989746
2011-03-08,24.911203384399414
2011-03-09,24.898164749145508
2011-03-10,24.337329864501953
2011-03-11,24.454721450805664
2011-03-14,24.356882095336914
2011-03-15,23.79606819152832
2011-03-16,22.915695190429688
2011-03-17,23.711292266845703
2011-03-18,24.063440322875977
2011-03-21,24.80034065246582
2011-03-22,24.637310028076172
2011-03-23,24.60470199584961
2011-03-24,25.159006118774414
2011-03-25,24.898164749145508
2011-03-28,24.904680252075195
2011-03-29,25.067710876464844
2011-03-30,25.322044372558594
2011-03-31,25.263355255126953
2011-04-01,25.5502872467041
2011-04-04,25.641586303710938
2011-04-05,25.63507080078125
2011-04-06,25.980693817138672
2011-04-07,25.876354217529297
2011-04-08,26.07850456237793
2011-04-11,26.000259399414062
2011-04-12,25.80461883544922
2011-04-13,25.811140060424805
2011-04-14,25.85678482055664
2011-04-15,25.726362228393555
2011-04-18,24.930770874023438
2011-04-19,25.14597511291504
2011-04-20,25.92851448059082
2011-04-21,26.104597091674805
2011-04-25,26.22197723388672
2011-04-26,26.502384185791016
2011-04-27,27.063217163085938
2011-04-28,27.2197208404541
2011-04-29,27.278423309326172
2011-05-02,27.258853912353516
2011-05-03,27.167556762695312
2011-05-04,26.854543685913086
2011-05-05,26.09807586669922
2011-05-06,25.882875442504883
2011-05-09,25.948089599609375
2011-05-10,26.339359283447266
2011-05-11,25.791568756103516
2011-05-12,25.92851448059082
2011-05-13,25.406816482543945
2011-05-16,25.40030288696289
2011-05-17,25.4263858795166
2011-05-18,25.569839477539062
2011-05-19,25.941564559936523
2011-05-20,25.282917022705078
2011-05-23,24.682964324951172
2011-05-24,24.774253845214844
2011-05-25,24.917728424072266
2011-05-26,25.04814910888672
2011-05-27,25.217697143554688
2011-05-31,25.980693817138672
2011-06-01,25.237272262573242
2011-06-02,25.498117446899414
2011-06-03,25.713319778442383
2011-06-06,25.224224090576172
2011-06-07,25.5502872467041
2011-06-08,25.09380340576172
2011-06-09,25.439424514770508
2011-06-10,24.65035629272461
2011-06-13,24.722087860107422
2011-06-14,25.263355255126953
2011-06-15,24.226478576660156
2011-06-16,24.200380325317383
2011-06-17,24.722087860107422
2011-06-20,24.643836975097656
2011-06-21,25.29595184326172
2011-06-22,25.021209716796875
2011-06-23,24.661088943481445
2011-06-24,24.140926361083984
2011-06-27,24.46769905090332
2011-06-28,24.881166458129883
2011-06-29,25.387985229492188
2011-06-30,25.894811630249023
2011-07-01,26.19490623474121
2011-07-05,25.808122634887695
2011-07-06,25.501359939575195
2011-07-07,25.734764099121094
2011-07-08,25.101232528686523
2011-07-11,23.85417366027832
2011-07-12,23.647436141967773
2011-07-13,24.047571182250977
2011-07-14,23.867509841918945
2011-07-15,23.88084602355957
2011-07-18,23.467382431030273
2011-07-19,23.81415367126465
2011-07-20,24.214282989501953
2011-07-21,25.021209716796875
2011-07-22,25.081222534179688
2011-07-25,24.84114646911621
2011-07-26,24.941179275512695
2011-07-27,24.200950622558594
2011-07-28,23.934200286865234
2011-07-29,23.94086265563965
2011-08-01,23.354013442993164
2011-08-02,22.427059173583984
2011-08-03,22.65380096435547
2011-08-04,20.913251876831055
2011-08-05,21.653480529785156
2011-08-08,19.65951919555664
2011-08-09,20.879899978637695
2011-08-10,19.32607650756836
2011-08-11,20.246366500854492
2011-08-12,20.873231887817383
2011-08-15,21.500097274780273
2011-08-16,21.019947052001953
2011-08-17,21.086633682250977
2011-08-18,19.919599533081055
2011-08-19,19.452783584594727
2011-08-22,19.652849197387695
2011-08-23,20.346403121948242
2011-08-24,20.486446380615234
2011-08-25,19.952945709228516
2011-08-26,20.18635368347168
2011-08-29,20.7731990814209
2011-08-30,20.61315155029297
2011-08-31,21.019947052001953
2011-09-01,20.619821548461914
2011-09-02,19.912931442260742
2011-09-06,18.94596290588379
2011-09-07,19.626174926757812
2011-09-08,19.139354705810547
2011-09-09,18.132369995117188
2011-09-12,17.85895538330078
2011-09-13,18.07901954650879
2011-09-14,18.685884475708008
2011-09-15,19.372760772705078
2011-09-16,19.279401779174805
2011-09-19,18.62586212158203
2011-09-20,18.66587257385254
2011-09-21,18.085689544677734
2011-09-22,17.38546371459961
2011-09-23,17.605539321899414
2011-09-26,18.15237808227539
2011-09-27,18.78591537475586
2011-09-28,18.4658145904541
2011-09-29,19.052663803100586
2011-09-30,18.219066619873047
2011-10-03,17.445491790771484
2011-10-04,17.91230583190918
2011-10-05,18.379117965698242
2011-10-06,19.052663803100586
2011-10-07,18.872608184814453
2011-10-10,19.832902908325195
2011-10-11,19.77288818359375
2011-10-12,20.379743576049805
2011-10-13,20.273040771484375
2011-10-14,20.57314109802246
2011-10-17,19.792892456054688
2011-10-18,20.219696044921875
2011-10-19,19.812894821166992
2011-10-20,19.73287582397461
2011-10-21,20.439762115478516
2011-10-24,20.72651481628418
2011-10-25,20.33306312561035
2011-10-26,20.626489639282227
2011-10-27,22.166975021362305
2011-10-28,21.853540420532227
2011-10-31,20.519792556762695
2011-11-01,19.439451217651367
2011-11-02,19.712865829467773
2011-11-03,20.539798736572266
2011-11-04,19.966278076171875
2011-11-07,20.01962661743164
2011-11-08,20.419755935668945
2011-11-09,18.979305267333984
2011-11-10,19.3660888671875
2011-11-11,20.086318969726562
2011-11-14,19.519474029541016
2011-11-15,19.339414596557617
2011-11-16,18.95929527282715
2011-11-17,18.69921875
2011-11-18,18.8792724609375
2011-11-21,18.305757522583008
2011-11-22,18.145708084106445
2011-11-23,17.518844604492188
2011-11-25,17.39881134033203
2011-11-28,18.445798873901367
2011-11-29,18.55250358581543
2011-11-30,19.652849197387695
2011-12-01,19.479461669921875
2011-12-02,19.466121673583984
2011-12-05,19.712865829467773
2011-12-06,19.706199645996094
2011-12-07,19.766218185424805
2011-12-08,18.899274826049805
2011-12-09,19.48613166809082
2011-12-12,18.67254066467285
2011-12-13,18.17905616760254
2011-12-14,17.918968200683594
2011-12-15,18.018999099731445
2011-12-16,17.892295837402344
2011-12-19,17.80560302734375
2011-12-20,18.62059211730957
2011-12-21,18.46541976928711
2011-12-22,18.715042114257812
2011-12-23,18.802749633789062
2011-12-27,18.75551986694336
2011-12-28,18.357473373413086
2011-12-29,18.762266159057617
2011-12-30,18.82298469543457
2012-01-03,19.463916778564453
2012-01-04,19.140079498291016
2012-01-05,18.728538513183594
2012-01-06,18.418193817138672
2012-01-09,18.55986976623535
2012-01-10,18.924184799194336
2012-01-11,18.863462448120117
2012-01-12,19.11309051513672
2012-01-13,18.70829200744629
2012-01-17,19.160316467285156
2012-01-18,19.551618576049805
2012-01-19,19.94291877746582
2012-01-20,19.92943000793457
2012-01-23,20.118331909179688
2012-01-24,20.01038932800293
2012-01-25,20.28025245666504
2012-01-26,20.361207962036133
2012-01-27,20.394943237304688
2012-01-30,20.050865173339844
2012-01-31,20.152067184448242
2012-02-01,20.58384895324707
2012-02-02,20.671554565429688
2012-02-03,21.02237892150879
2012-02-06,20.853713989257812
2012-02-07,21.08309555053711
2012-02-08,21.238264083862305
2012-02-09,21.305727005004883
2012-02-10,20.77950096130371
2012-02-13,20.934669494628906
2012-02-14,20.732269287109375
2012-02-15,20.610836029052734
2012-02-16,20.921175003051758
2012-02-17,21.15730857849121
2012-02-21,21.305727005004883
2012-02-22,21.15730857849121
2012-02-23,21.325971603393555
2012-02-24,21.528369903564453
2012-02-27,21.35296058654785
2012-02-28,21.55535888671875
2012-02-29,21.25851058959961
2012-03-01,21.622819900512695
2012-03-02,21.37995147705078
2012-03-05,21.325971603393555
2012-03-06,20.3342227935791
2012-03-07,20.664806365966797
2012-03-08,21.325971603393555
2012-03-09,21.096588134765625
2012-03-12,21.1640567779541
2012-03-13,21.494638442993164
2012-03-14,21.37995147705078
2012-03-15,21.69028663635254
2012-03-16,21.845462799072266
2012-03-19,21.993885040283203
2012-03-20,21.757755279541016
2012-03-21,21.595834732055664
2012-03-22,21.285493850708008
2012-03-23,21.454158782958984
2012-03-26,21.838712692260742
2012-03-27,21.521621704101562
2012-03-28,21.298986434936523
2012-03-29,21.062854766845703
2012-03-30,21.285493850708008
2012-04-02,21.528369903564453
2012-04-03,20.968400955200195
2012-04-04,20.354463577270508
2012-04-05,20.138572692871094
2012-04-09,20.017131805419922
2012-04-10,19.497648239135742
2012-04-11,19.828235626220703
2012-04-12,20.179048538208008
2012-04-13,19.53812599182129
2012-04-16,19.76751136779785
2012-04-17,20.179048538208008
2012-04-18,19.83497428894043
2012-04-19,19.551618576049805
2012-04-20,19.80124282836914
2012-04-23,19.30874252319336
2012-04-24,19.531375885009766
2012-04-25,20.017131805419922
2012-04-26,20.152067184448242
2012-04-27,20.300491333007812
2012-04-30,20.091346740722656
2012-05-01,20.246517181396484
2012-05-02,19.94966697692871
2012-05-03,19.72028350830078
2012-05-04,19.39644432067871
2012-05-07,19.61908721923828
2012-05-08,19.35597038269043
2012-05-09,19.00514793395996
2012-05-10,19.146825790405273
2012-05-11,19.099599838256836
2012-05-14,18.62059211730957
2012-05-15,18.256267547607422
2012-05-16,18.14158058166504
2012-05-17,17.91219711303711
2012-05-18,17.932437896728516
2012-05-21,18.3709659576416
2012-05-22,18.26976776123047
2012-05-23,18.074115753173828
2012-05-24,17.837984085083008
2012-05-25,17.851478576660156
2012-05-29,17.98641014099121
2012-05-30,17.4399356842041
2012-05-31,17.500654220581055
2012-06-01,17.008153915405273
2012-06-04,17.230792999267578
2012-06-05,17.278017044067383
2012-06-06,17.878467559814453
2012-06-07,17.837984085083008
2012-06-08,17.8447322845459
2012-06-11,17.595104217529297
2012-06-12,17.83123779296875
2012-06-13,17.70979881286621
2012-06-14,17.932437896728516
2012-06-15,18.26976776123047
2012-06-18,18.026885986328125
2012-06-19,18.48565673828125
2012-06-20,18.654319763183594
2012-06-21,18.154281616210938
2012-06-22,18.3417911529541
2012-06-25,17.75841522216797
2012-06-26,17.75841522216797
2012-06-27,17.97370719909668
2012-06-28,17.97370719909668
2012-06-29,19.0640811920166
2012-07-02,19.175195693969727
2012-07-03,19.35576820373535
2012-07-05,18.772390365600586
2012-07-06,18.29318618774414
2012-07-09,18.300125122070312
2012-07-10,18.168174743652344
2012-07-11,18.25151252746582
2012-07-12,18.063997268676758
2012-07-13,18.362632751464844
2012-07-16,18.348745346069336
2012-07-17,18.487642288208008
2012-07-18,18.64043617248535
2012-07-19,18.8001651763916
2012-07-20,18.18206214904785
2012-07-23,17.682018280029297
2012-07-24,17.35560417175293
2012-07-25,17.543115615844727
2012-07-26,18.390409469604492
2012-07-27,19.07102394104004
2012-07-30,18.987686157226562
2012-07-31,18.876564025878906
2012-08-01,18.855728149414062
2012-08-02,18.27928924560547
2012-08-03,19.35576820373535
2012-08-06,19.59884262084961
2012-08-07,19.86275863647461
2012-08-08,19.765533447265625
2012-08-09,19.668298721313477
2012-08-10,19.68913459777832
2012-08-13,19.640514373779297
2012-08-14,19.675243377685547
2012-08-15,19.647462844848633
2012-08-16,20.02248764038086
2012-08-17,20.119722366333008
2012-08-20,20.071107864379883
2012-08-21,20.348907470703125
2012-08-22,20.335018157958984
2012-08-23,20.084993362426758
2012-08-24,20.050273895263672
2012-08-27,20.168336868286133
2012-08-28,20.251676559448242
2012-08-29,20.13361358642578
2012-08-30,19.807199478149414
2012-08-31,20.126665115356445
2012-09-04,20.2308406829834
2012-09-05,20.203062057495117
2012-09-06,20.953126907348633
2012-09-07,21.36288070678711
2012-09-10,21.119802474975586
2012-09-11,21.501781463623047
2012-09-12,21.70318603515625
2012-09-13,21.974040985107422
2012-09-14,22.307401657104492
2012-09-17,22.182395935058594
2012-09-18,21.876813888549805
2012-09-19,21.980987548828125
2012-09-20,21.807361602783203
2012-09-21,21.876813888549805
2012-09-24,21.730968475341797
2012-09-25,21.522615432739258
2012-09-26,21.161466598510742
2012-09-27,21.411497116088867
2012-09-28,20.869779586791992
2012-10-01,21.105911254882812
2012-10-02,21.293432235717773
2012-10-03,21.223979949951172
2012-10-04,21.487890243530273
2012-10-05,21.668460845947266
2012-10-08,21.46010971069336
2012-10-09,21.03646469116211
2012-10-10,20.93923568725586
2012-10-11,21.175365447998047
2012-10-12,21.161466598510742
2012-10-15,21.36982536315918
2012-10-16,21.91153335571289
2012-10-17,22.1962833404541
2012-10-18,22.105998992919922
2012-10-19,21.744861602783203
2012-10-22,21.876813888549805
2012-10-23,21.32815170288086
2012-10-24,21.230920791625977
2012-10-25,21.265649795532227
2012-10-26,21.355937957763672
2012-10-31,21.40454864501953
2012-11-01,21.654569625854492
2012-11-02,21.411497116088867
2012-11-05,21.2795352935791
2012-11-06,21.515668869018555
2012-11-07,21.098970413208008
2012-11-08,20.814224243164062
2012-11-09,20.744773864746094
2012-11-12,20.800334930419922
2012-11-13,20.70310401916504
2012-11-14,20.626710891723633
2012-11-15,20.675323486328125
2012-11-16,20.473918914794922
2012-11-19,21.0156307220459
2012-11-20,21.161466598510742
2012-11-21,21.244810104370117
2012-11-23,21.83513832092285
2012-11-26,21.77263641357422
2012-11-27,21.619844436645508
2012-11-28,21.83513832092285
2012-11-29,22.036548614501953
2012-11-30,22.133777618408203
2012-12-03,22.20322608947754
2012-12-04,22.34907341003418
2012-12-05,22.376853942871094
2012-12-06,22.356016159057617
2012-12-07,22.25184440612793
2012-12-10,22.21711540222168
2012-12-11,22.460193634033203
2012-12-12,22.606042861938477
2012-12-13,22.57825469970703
2012-12-14,22.76577377319336
2012-12-17,22.807445526123047
2012-12-18,23.049928665161133
2012-12-19,23.154449462890625
2012-12-20,23.27290153503418
2012-12-21,23.133544921875
2012-12-24,23.035995483398438
2012-12-26,22.98721694946289
2012-12-27,23.213075637817383
2012-12-28,22.80876350402832
2012-12-31,23.32461166381836
2013-01-02,23.498882293701172
2013-01-03,23.171247482299805
2013-01-04,23.387348175048828
2013-01-07,23.28975486755371
2013-01-08,23.220048904418945
2013-01-09,23.24095916748047
2013-01-10,23.67315101623535
2013-01-11,23.87531089782715
2013-01-14,23.86136817932129
2013-01-15,23.78468894958496
2013-01-16,23.68709945678711
2013-01-17,24.021703720092773
2013-01-18,23.945016860961914
2013-01-22,23.97987174987793
2013-01-23,23.903194427490234
2013-01-24,24.056550979614258
2013-01-25,24.509662628173828
2013-01-28,24.488746643066406
2013-01-29,24.523601531982422
2013-01-30,24.460866928100586
2013-01-31,24.20294189453125
2013-02-01,24.593307495117188
2013-02-04,23.617387771606445
2013-02-05,23.854398727416992
2013-02-06,23.666183471679688
2013-02-07,23.31763458251953
2013-02-08,23.484939575195312
2013-02-11,23.415231704711914
2013-02-12,23.694067001342773
2013-02-13,23.826507568359375
2013-02-14,23.596471786499023
2013-02-15,23.436141967773438
2013-02-19,23.840456008911133
2013-02-20,23.457061767578125
2013-02-21,22.955154418945312
2013-02-22,23.387348175048828
2013-02-25,22.557809829711914
2013-02-26,22.718141555786133
2013-02-27,23.192163467407227
2013-02-28,23.087596893310547
2013-03-01,22.955154418945312
2013-03-04,23.073654174804688
2013-03-05,23.394319534301758
2013-03-06,23.436141967773438
2013-03-07,23.694067001342773
2013-03-08,23.728923797607422
2013-03-11,23.791662216186523
2013-03-12,23.68709945678711
2013-03-13,23.589500427246094
2013-03-14,23.903194427490234
2013-03-15,23.868337631225586
2013-03-18,23.457061767578125
2013-03-19,23.26186752319336
2013-03-20,23.547677993774414
2013-03-21,23.213075637817383
2013-03-22,23.47797203063965
2013-03-25,22.92726707458496
2013-03-26,22.93423843383789
2013-03-27,22.599634170532227
2013-03-28,22.759967803955078
2013-04-01,22.634490966796875
2013-04-02,22.98303985595703
2013-04-03,22.850587844848633
2013-04-04,22.9133243560791
2013-04-05,22.711170196533203
2013-04-08,22.80876350402832
2013-04-09,22.969091415405273
2013-04-10,23.387348175048828
2013-04-11,23.526765823364258
2013-04-12,23.422203063964844
2013-04-15,22.843612670898438
2013-04-16,23.233985900878906
2013-04-17,22.522958755493164
2013-04-18,22.446279525756836
2013-04-19,22.634490966796875
2013-04-22,22.80876350402832
2013-04-23,23.31763458251953
2013-04-24,23.56859016418457
2013-04-25,23.58253288269043
2013-04-26,23.61041259765625
2013-04-29,24.07048988342285
2013-04-30,24.07048988342285
2013-05-01,23.903194427490234
2013-05-02,24.021703720092773
2013-05-03,24.39812660217285
2013-05-06,24.38418197631836
2013-05-07,24.51662826538086
2013-05-08,24.809415817260742
2013-05-09,24.523601531982422
2013-05-10,24.614225387573242
2013-05-13,24.488746643066406
2013-05-14,24.558456420898438
2013-05-15,24.593307495117188
2013-05-16,24.46783447265625
2013-05-17,24.683927536010742
2013-05-20,24.774559020996094
2013-05-21,24.830320358276367
2013-05-22,24.60725212097168
2013-05-23,24.614225387573242
2013-05-24,24.523601531982422
2013-05-28,24.753637313842773
2013-05-29,24.65604591369629
2013-05-30,24.90003204345703
2013-05-31,24.38418197631836
2013-06-03,24.6281681060791
2013-06-04,24.460866928100586
2013-06-05,24.12626838684082
2013-06-06,24.335391998291016
2013-06-07,24.53057289123535
2013-06-10,24.565433502197266
2013-06-11,24.26567840576172
2013-06-12,24.18202781677246
2013-06-13,24.474807739257812
2013-06-14,24.251739501953125
2013-06-17,24.565433502197266
2013-06-18,24.73970603942871
2013-06-19,24.223854064941406
2013-06-20,23.415231704711914
2013-06-21,23.157310485839844
2013-06-24,22.766937255859375
2013-06-25,22.98303985595703
2013-06-26,23.19913101196289
2013-06-27,23.367679595947266
2013-06-28,23.196277618408203
2013-07-01,23.446239471435547
2013-07-02,23.139142990112305
2013-07-03,23.11771583557129
2013-07-05,23.146284103393555
2013-07-08,23.45337677001953
2013-07-09,23.489089965820312
2013-07-10,23.653348922729492
2013-07-11,24.288951873779297
2013-07-12,24.067562103271484
2013-07-15,24.1889705657959
2013-07-16,24.231822967529297
2013-07-17,24.246105194091797
2013-07-18,24.517492294311523
2013-07-19,24.58176612854004
2013-07-22,24.6960391998291
2013-07-23,24.81744384765625
2013-07-24,24.988849639892578
2013-07-25,25.224517822265625
2013-07-26,25.203107833862305
2013-07-29,25.095966339111328
2013-07-30,25.067405700683594
2013-07-31,25.224517822265625
2013-08-01,25.59589195251465
2013-08-02,25.703022003173828
2013-08-05,25.6458797454834
2013-08-06,25.48876190185547
2013-08-07,25.624462127685547
2013-08-08,25.98154640197754
2013-08-09,26.010112762451172
2013-08-12,25.902986526489258
2013-08-13,26.017250061035156
2013-08-14,26.07438850402832
2013-08-15,26.04581069946289
2013-08-16,26.110107421875
2013-08-19,25.83156394958496
2013-08-20,25.810138702392578
2013-08-21,25.61017608642578
2013-08-22,25.988683700561523
2013-08-23,26.11724281311035
2013-08-26,25.924407958984375
2013-08-27,25.25309181213379
2013-08-28,25.167390823364258
2013-08-29,25.067405700683594
2013-08-30,24.767454147338867
2013-09-03,25.103118896484375
2013-09-04,25.195953369140625
2013-09-05,25.195953369140625
2013-09-06,25.410207748413086
2013-09-09,25.6458797454834
2013-09-10,26.088666915893555
2013-09-11,26.331483840942383
2013-09-12,26.20294189453125
2013-09-13,26.331483840942383
2013-09-16,26.55288314819336
2013-09-17,26.667150497436523
2013-09-18,27.409881591796875
2013-09-19,27.281333923339844
2013-09-20,27.152782440185547
2013-09-23,27.038515090942383
2013-09-24,27.074222564697266
2013-09-25,27.174209594726562
2013-09-26,27.159914016723633
2013-09-27,27.131362915039062
2013-09-30,26.94567108154297
2013-10-01,27.27419662475586
2013-10-02,27.338472366333008
2013-10-03,27.152782440185547
2013-10-04,27.22420310974121
2013-10-07,27.138504028320312
2013-10-08,26.93138885498047
2013-10-09,26.988525390625
2013-10-10,27.574142456054688
2013-10-11,27.65270233154297
2013-10-14,27.74554443359375
2013-10-15,27.659849166870117
2013-10-16,27.924089431762695
2013-10-17,28.245471954345703
2013-10-18,28.438297271728516
2013-10-21,28.466859817504883
2013-10-22,28.76681137084961
2013-10-23,28.559703826904297
2013-10-24,28.68825912475586
2013-10-25,28.652538299560547
2013-10-28,28.51685333251953
2013-10-29,28.659685134887695
2013-10-30,28.50257110595703
2013-10-31,28.409727096557617
2013-11-01,28.231176376342773
2013-11-04,28.409727096557617
2013-11-05,28.066923141479492
2013-11-06,28.35258674621582
2013-11-07,27.859817504882812
2013-11-08,28.038358688354492
2013-11-11,28.202619552612305
2013-11-12,28.088346481323242
2013-11-13,28.195472717285156
2013-11-14,28.25260353088379
2013-11-15,28.388303756713867
2013-11-18,28.481138229370117
2013-11-19,28.359731674194336
2013-11-20,28.024070739746094
2013-11-21,28.29545783996582
2013-11-22,28.531131744384766
2013-11-25,28.50257110595703
2013-11-26,28.609697341918945
2013-11-27,28.759672164916992
2013-11-29,28.823944091796875
2013-12-02,28.609697341918945
2013-12-03,28.245471954345703
2013-12-04,28.009788513183594
2013-12-05,27.866945266723633
2013-12-06,28.245471954345703
2013-12-09,28.29545783996582
2013-12-10,28.202619552612305
2013-12-11,28.009788513183594
2013-12-12,27.795541763305664
2013-12-13,27.795541763305664
2013-12-16,28.195472717285156
2013-12-17,28.009788513183594
2013-12-18,28.436805725097656
2013-12-19,28.508453369140625
2013-12-20,28.687570571899414
2013-12-23,28.96699333190918
2013-12-24,29.117450714111328
2013-12-26,29.303739547729492
2013-12-27,29.40404510498047
2013-12-30,29.554502487182617
2013-12-31,29.64764976501465
2014-01-02,28.92401123046875
2014-01-03,28.845195770263672
2014-01-06,28.93117332458496
2014-01-07,29.217758178710938
2014-01-08,29.189105987548828
2014-01-09,29.18193244934082
2014-01-10,29.468528747558594
2014-01-13,29.260751724243164
2014-01-14,29.64764976501465
2014-01-15,29.876920700073242
2014-01-16,29.833919525146484
2014-01-17,29.504356384277344
2014-01-21,29.690631866455078
2014-01-22,29.63331413269043
2014-01-23,29.626148223876953
2014-01-24,28.623088836669922
2014-01-27,28.522785186767578
2014-01-28,28.952667236328125
2014-01-29,28.508453369140625
2014-01-30,28.644580841064453
2014-01-31,28.135889053344727
2014-02-03,27.56270980834961
2014-02-04,27.885122299194336
2014-02-05,27.978267669677734
2014-02-06,28.623088836669922
2014-02-07,29.002822875976562
2014-02-10,28.87384796142578
2014-02-11,29.346731185913086
2014-02-12,29.35388946533203
2014-02-13,29.64048194885254
2014-02-14,29.79810905456543
2014-02-18,29.891250610351562
2014-02-19,29.63331413269043
2014-02-20,29.79094696044922
2014-02-21,29.876920700073242
2014-02-24,30.106184005737305
2014-02-25,30.09185791015625
2014-02-26,29.891250610351562
2014-02-27,29.99155044555664
2014-02-28,30.099021911621094
2014-03-03,29.210599899291992
2014-03-04,29.905580520629883
2014-03-05,29.93423080444336
2014-03-06,30.321130752563477
2014-03-07,30.120521545410156
2014-03-10,29.977230072021484
2014-03-11,29.79810905456543
2014-03-12,29.726455688476562
2014-03-13,28.93117332458496
2014-03-14,29.002822875976562
2014-03-17,29.504356384277344
2014-03-18,29.841089248657227
2014-03-19,29.41836929321289
2014-03-20,29.4971866607666
2014-03-21,29.389713287353516
2014-03-24,29.396879196166992
2014-03-25,29.783767700195312
2014-03-26,29.80526351928711
2014-03-27,29.85542106628418
2014-03-28,30.163509368896484
2014-03-31,30.28529930114746
2014-04-01,30.607717514038086
2014-04-02,30.557575225830078
2014-04-03,30.57189178466797
2014-04-04,30.45726203918457
2014-04-07,30.33545684814453
2014-04-08,30.32828712463379
2014-04-09,30.736684799194336
2014-04-10,30.07752227783203
2014-04-11,29.89841079711914
2014-04-14,29.9628963470459
2014-04-15,29.769453048706055
2014-04-16,30.19215965270996
2014-04-17,30.36412239074707
2014-04-21,30.42142105102539
2014-04-22,30.657875061035156
2014-04-23,30.536073684692383
2014-04-24,30.536073684692383
2014-04-25,30.299638748168945
2014-04-28,30.42142105102539
2014-04-29,30.67220115661621
2014-04-30,30.84415054321289
2014-05-01,30.865652084350586
2014-05-02,30.729515075683594
2014-05-05,30.708038330078125
2014-05-06,30.57189178466797
2014-05-07,30.715194702148438
2014-05-08,30.794004440307617
2014-05-09,30.579059600830078
2014-05-12,30.872814178466797
2014-05-13,30.786832809448242
2014-05-14,30.70085906982422
2014-05-15,30.41427230834961
2014-05-16,30.392778396606445
2014-05-19,30.442930221557617
2014-05-20,30.31396484375
2014-05-21,30.55040740966797
2014-05-22,30.50025177001953
2014-05-23,30.622047424316406
2014-05-27,31.0376033782959
2014-05-28,30.930130004882812
2014-05-29,31.0376033782959
2014-05-30,31.10208511352539
2014-06-02,31.116411209106445
2014-06-03,30.987445831298828
2014-06-04,30.94447898864746
2014-06-05,31.41016960144043
2014-06-06,31.66094398498535
2014-06-09,31.58928108215332
2014-06-10,31.510480880737305
2014-06-11,31.209558486938477
2014-06-12,31.202388763427734
2014-06-13,31.080589294433594
2014-06-16,31.087751388549805
2014-06-17,31.10208511352539
2014-06-18,31.41016960144043
2014-06-19,31.47464942932129
2014-06-20,31.34568977355957
2014-06-23,31.23104476928711
2014-06-24,31.016109466552734
2014-06-25,31.013916015625
2014-06-26,30.933589935302734
2014-06-27,30.904373168945312
2014-06-30,30.904373168945312
2014-07-01,31.15996551513672
2014-07-02,31.152667999267578
2014-07-03,31.357135772705078
2014-07-07,30.860563278198242
2014-07-08,30.393205642700195
2014-07-09,30.5611629486084
2014-07-10,30.06458854675293
2014-07-11,30.06458854675293
2014-07-14,30.25445556640625
2014-07-15,29.984256744384766
2014-07-16,30.305570602416992
2014-07-17,29.750579833984375
2014-07-18,30.0280704498291
2014-07-21,29.78708839416504
2014-07-22,29.955045700073242
2014-07-23,30.04998207092285
2014-07-24,30.305570602416992
2014-07-25,29.955045700073242
2014-07-28,29.882028579711914
2014-07-29,29.852811813354492
2014-07-30,29.772489547729492
2014-07-31,29.064138412475586
2014-08-01,28.77933692932129
2014-08-04,28.954599380493164
2014-08-05,28.399612426757812
2014-08-06,28.399612426757812
2014-08-07,27.961454391479492
2014-08-08,28.37769889831543
2014-08-11,28.392301559448242
2014-08-12,28.282764434814453
2014-08-13,28.458032608032227
2014-08-14,28.61867332458496
2014-08-15,28.538358688354492
2014-08-18,28.77933692932129
2014-08-19,28.815847396850586
2014-08-20,28.699012756347656
2014-08-21,28.98381233215332
2014-08-22,28.76473045349121
2014-08-25,29.11526107788086
2014-08-26,29.327024459838867
2014-08-27,29.443876266479492
2014-08-28,29.159074783325195
2014-08-29,29.11526107788086
2014-09-02,29.19558334350586
2014-09-03,29.50229263305664
2014-09-04,29.47307586669922
2014-09-05,29.64103126525879
2014-09-08,29.305124282836914
2014-09-09,29.23939323425293
2014-09-10,29.268606185913086
2014-09-11,29.12986946105957
2014-09-12,29.100650787353516
2014-09-15,29.071441650390625
2014-09-16,29.144466400146484
2014-09-17,29.09334945678711
2014-09-18,29.312419891357422
2014-09-19,29.137163162231445
2014-09-22,29.02033042907715
2014-09-23,28.611385345458984
2014-09-24,28.78664779663086
2014-09-25,28.23894691467285
2014-09-26,28.428823471069336
2014-09-29,28.100202560424805
2014-09-30,28.11481285095215
2014-10-01,27.79349708557129
2014-10-02,27.406457901000977
2014-10-03,27.32612419128418
2014-10-06,27.49409294128418
2014-10-07,26.866069793701172
2014-10-08,27.391857147216797
2014-10-09,26.537460327148438
2014-10-10,26.143112182617188
2014-10-13,26.150423049926758
2014-10-14,26.238056182861328
2014-10-15,25.96785545349121
2014-10-16,25.588123321533203
2014-10-17,26.238056182861328
2014-10-20,26.26725959777832
2014-10-21,26.720020294189453
2014-10-22,26.34029197692871
2014-10-23,26.793048858642578
2014-10-24,26.909883499145508
2014-10-27,26.676198959350586
2014-10-28,27.19468116760254
2014-10-29,26.778438568115234
2014-10-30,26.9390926361084
2014-10-31,27.31153106689453
2014-11-03,26.96100616455078
2014-11-04,26.822256088256836
2014-11-05,26.997520446777344
2014-11-06,26.93179702758789
2014-11-07,26.807645797729492
2014-11-10,26.95370101928711
2014-11-11,27.14356803894043
2014-11-12,26.734621047973633
2014-11-13,26.84416961669922
2014-11-14,26.946409225463867
2014-11-17,27.048633575439453
2014-11-18,27.552507400512695
2014-11-19,27.537900924682617
2014-11-20,27.37725067138672
2014-11-21,27.71316909790039
2014-11-24,28.14401626586914
2014-11-25,28.304670333862305
2014-11-26,28.421512603759766
2014-11-28,28.370393753051758
2014-12-01,28.319278717041016
2014-12-02,28.268163681030273
2014-12-03,28.209745407104492
2014-12-04,28.063692092895508
2014-12-05,28.326581954956055
2014-12-08,28.070985794067383
2014-12-09,27.83000946044922
2014-12-10,27.450275421142578
2014-12-11,27.355344772338867
2014-12-12,26.78574562072754
2014-12-15,26.252660751342773
2014-12-16,26.55205535888672
2014-12-17,26.884532928466797
2014-12-18,27.443559646606445
2014-12-19,27.222885131835938
2014-12-22,27.40677833557129
2014-12-23,27.42148208618164
2014-12-24,27.620086669921875
2014-12-26,27.590667724609375
2014-12-29,27.369997024536133
2014-12-30,27.024293899536133
2014-12-31,26.72270965576172
2015-01-02,26.75213623046875
2015-01-05,25.75177574157715
2015-01-06,25.486984252929688
2015-01-07,25.707643508911133
2015-01-08,26.068063735961914
2015-01-09,25.825332641601562
2015-01-12,25.898883819580078
2015-01-13,26.031282424926758
2015-01-14,26.082778930664062
2015-01-15,26.016576766967773
2015-01-16,26.524106979370117
2015-01-20,26.74477195739746
2015-01-21,27.00957489013672
2015-01-22,27.112550735473633
2015-01-23,26.884532928466797
2015-01-26,27.436206817626953
2015-01-27,27.355287551879883
2015-01-28,26.730070114135742
2015-01-29,27.458274841308594
2015-01-30,26.98015594482422
2015-02-02,27.311153411865234
2015-02-03,28.032001495361328
2015-02-04,27.458274841308594
2015-02-05,27.93638038635254
2015-02-06,27.303796768188477
2015-02-09,27.07577896118164
2015-02-10,27.443559646606445
2015-02-11,27.377349853515625
2015-02-12,28.09819793701172
2015-02-13,28.164400100708008
2015-02-17,28.201171875
2015-02-18,28.27472686767578
2015-02-19,28.245311737060547
2015-02-20,28.69399642944336
2015-02-23,28.510108947753906
2015-02-24,28.77490234375
2015-02-25,28.708707809448242
2015-02-26,28.546884536743164
2015-02-27,28.6572208404541
2015-03-02,28.738130569458008
2015-03-03,28.443906784057617
2015-03-04,28.304153442382812
2015-03-05,28.436555862426758
2015-03-06,27.95108985900879
2015-03-09,28.046709060668945
2015-03-10,27.377349853515625
2015-03-11,27.575952529907227
2015-03-12,27.811338424682617
2015-03-13,27.62744140625
2015-03-16,28.10555648803711
2015-03-17,27.92902374267578
2015-03-18,28.421842575073242
2015-03-19,27.95108985900879
2015-03-20,28.74549102783203
2015-03-23,28.885242462158203
2015-03-24,29.002933502197266
2015-03-25,28.804330825805664
2015-03-26,28.53217887878418
2015-03-27,28.69399642944336
2015-03-30,28.811683654785156
2015-03-31,28.377702713012695
2015-04-01,28.649860382080078
2015-04-02,28.973506927490234
2015-04-06,29.24566078186035
2015-04-07,29.07647705078125
2015-04-08,29.002933502197266
2015-04-09,28.988218307495117
2015-04-10,29.061779022216797
2015-04-13,28.907310485839844
2015-04-14,29.08384132385254
2015-04-15,29.142683029174805
2015-04-16,29.07647705078125
2015-04-17,28.576305389404297
2015-04-20,28.627798080444336
2015-04-21,28.848474502563477
2015-04-22,28.848474502563477
2015-04-23,28.914663314819336
2015-04-24,29.05441665649414
2015-04-27,29.429553985595703
2015-04-28,29.392778396606445
2015-04-29,28.980867385864258
2015-04-30,29.010286331176758
2015-05-01,29.355998992919922
2015-05-04,29.22359275817871
2015-05-05,28.671934127807617
2015-05-06,29.010286331176758
2015-05-07,28.899951934814453
2015-05-08,29.539880752563477
2015-05-11,29.22359275817871
2015-05-12,29.127979278564453
2015-05-13,29.29715347290039
2015-05-14,29.915016174316406
2015-05-15,29.93708610534668
2015-05-18,29.716421127319336
2015-05-19,29.73112678527832
2015-05-20,29.804685592651367
2015-05-21,29.8929500579834
2015-05-22,29.56931495666504
2015-05-26,28.789613723754883
2015-05-27,29.253019332885742
2015-05-28,29.253019332885742
2015-05-29,28.826387405395508
2015-06-01,28.752838134765625
2015-06-02,29.09856414794922
2015-06-03,29.481040954589844
2015-06-04,29.04706382751465
2015-06-05,28.53217887878418
2015-06-08,28.52482032775879
2015-06-09,28.429197311401367
2015-06-10,29.21623992919922
2015-06-11,29.29715347290039
2015-06-12,28.914663314819336
2015-06-15,28.539535522460938
2015-06-16,28.52482032775879
2015-06-17,28.392417907714844
2015-06-18,28.841114044189453
2015-06-19,28.679283142089844
2015-06-22,29.672286987304688
2015-06-23,29.606088638305664
2015-06-24,29.333932876586914
2015-06-25,29.414766311645508
2015-06-26,29.57194709777832
2015-06-29,28.30703353881836
2015-06-30,28.09746551513672
2015-07-01,28.321998596191406
2015-07-02,28.19476318359375
2015-07-06,27.30408477783203
2015-07-07,27.371444702148438
2015-07-08,26.997220993041992
2015-07-09,27.573532104492188
2015-07-10,28.995616912841797
2015-07-13,28.91329574584961
2015-07-14,29.070470809936523
2015-07-15,28.958194732666016
2015-07-16,29.235137939453125
2015-07-17,29.152795791625977
2015-07-20,29.28003692626953
2015-07-21,29.220163345336914
2015-07-22,29.070470809936523
2015-07-23,29.070470809936523
2015-07-24,28.778568267822266
2015-07-27,28.516603469848633
2015-07-28,28.83095932006836
2015-07-29,28.82347297668457
2015-07-30,28.703716278076172
2015-07-31,28.958194732666016
2015-08-03,29.062978744506836
2015-08-04,28.958194732666016
2015-08-05,29.197704315185547
2015-08-06,29.26506805419922
2015-08-07,29.190217971801758
2015-08-10,29.556970596313477
2015-08-11,29.130346298217773
2015-08-12,28.845930099487305
2015-08-13,28.68126678466797
2015-08-14,28.628875732421875
2015-08-17,28.531566619873047
2015-08-18,28.29206657409668
2015-08-19,28.08249282836914
2015-08-20,27.348995208740234
2015-08-21,26.914878845214844
2015-08-24,26.278684616088867
2015-08-25,26.420896530151367
2015-08-26,27.034639358520508
2015-08-27,27.236722946166992
2015-08-28,27.034639358520508
2015-08-31,26.959796905517578
2015-09-01,26.3011417388916
2015-09-02,26.63046646118164
2015-09-03,26.615493774414062
2015-09-04,26.069114685058594
2015-09-08,26.832550048828125
2015-09-09,26.60801124572754
2015-09-10,26.96727752685547
2015-09-11,26.899913787841797
2015-09-14,26.63794708251953
2015-09-15,26.84004020690918
2015-09-16,27.146907806396484
2015-09-17,27.39389991760254
2015-09-18,26.51819610595703
2015-09-21,26.413414001464844
2015-09-22,25.59009552001953
2015-09-23,25.515247344970703
2015-09-24,25.425437927246094
2015-09-25,25.64249038696289
2015-09-28,25.193410873413086
2015-09-29,25.320650100708008
2015-09-30,25.702367782592773
2015-10-01,25.649974822998047
2015-10-02,26.091571807861328
2015-10-05,26.63794708251953
2015-10-06,26.84004020690918
2015-10-07,27.102005004882812
2015-10-08,27.274147033691406
2015-10-09,27.40138053894043
2015-10-12,27.30408477783203
2015-10-13,27.064579010009766
2015-10-14,27.199304580688477
2015-10-15,27.513660430908203
2015-10-16,27.468753814697266
2015-10-19,27.43132209777832
2015-10-20,27.326539993286133
2015-10-21,27.296594619750977
2015-10-22,27.603477478027344
2015-10-23,27.917835235595703
2015-10-26,27.805561065673828
2015-10-27,27.498695373535156
2015-10-28,27.64837646484375
2015-10-29,27.581016540527344
2015-10-30,27.581016540527344
2015-11-02,27.95524787902832
2015-11-03,27.83549690246582
2015-11-04,27.558568954467773
2015-11-05,27.603477478027344
2015-11-06,27.56606101989746
2015-11-09,27.15439796447754
2015-11-10,27.064579010009766
2015-11-11,27.176847457885742
2015-11-12,26.84004020690918
2015-11-13,26.585556030273438
2015-11-16,26.832550048828125
2015-11-17,26.892433166503906
2015-11-18,27.199304580688477
2015-11-19,27.334026336669922
2015-11-20,27.15439796447754
2015-11-23,26.989728927612305
2015-11-24,26.899913787841797
2015-11-25,27.094518661499023
2015-11-27,27.326539993286133
2015-11-30,27.363964080810547
2015-12-01,27.446292877197266
2015-12-02,27.05708885192871
2015-12-03,26.959796905517578
2015-12-04,27.274147033691406
2015-12-07,27.199304580688477
2015-12-08,26.780153274536133
2015-12-09,26.67537498474121
2015-12-10,26.60053062438965
2015-12-11,26.10654067993164
2015-12-14,26.09905242919922
2015-12-15,26.361019134521484
2015-12-16,26.825063705444336
2015-12-17,26.555618286132812
2015-12-18,26.203834533691406
2015-12-21,26.299110412597656
2015-12-22,26.464126586914062
2015-12-23,26.884193420410156
2015-12-24,26.854183197021484
2015-12-28,26.749174118041992
2015-12-29,27.004215240478516
2015-12-30,26.734174728393555
2015-12-31,26.284103393554688
2016-01-04,25.856531143188477
2016-01-05,25.631500244140625
2016-01-06,25.211435317993164
2016-01-07,24.85887908935547
2016-01-08,24.633848190307617
2016-01-11,24.768861770629883
2016-01-12,25.106420516967773
2016-01-13,24.611337661743164
2016-01-14,24.8438777923584
2016-01-15,23.98124122619629
2016-01-19,24.183774948120117
2016-01-20,23.696197509765625
2016-01-21,23.98874282836914
2016-01-22,24.581336975097656
2016-01-25,24.25128936767578
2016-01-26,24.78386688232422
2016-01-27,24.5588321685791
2016-01-28,24.581336975097656
2016-01-29,24.903884887695312
2016-02-01,24.8438777923584
2016-02-02,24.13126564025879
2016-02-03,24.491323471069336
2016-02-04,24.57383155822754
2016-02-05,24.183774948120117
2016-02-08,23.50116539001465
2016-02-09,23.313636779785156
2016-02-10,23.441160202026367
2016-02-11,23.066097259521484
2016-02-12,23.343643188476562
2016-02-16,24.1087646484375
2016-02-17,24.348798751831055
2016-02-18,24.138763427734375
2016-02-19,24.10126304626465
2016-02-22,24.348798751831055
2016-02-23,23.98124122619629
2016-02-24,23.75620460510254
2016-02-25,24.063753128051758
2016-02-26,23.996240615844727
2016-02-29,23.853721618652344
2016-03-01,24.61884307861328
2016-03-02,24.656347274780273
2016-03-03,24.903884887695312
2016-03-04,24.986398696899414
2016-03-07,24.956390380859375
2016-03-08,24.72385597229004
2016-03-09,24.851381301879883
2016-03-10,24.971397399902344
2016-03-11,25.789033889770508
2016-03-14,25.744022369384766
2016-03-15,25.616500854492188
2016-03-16,25.88654136657715
2016-03-17,25.916545867919922
2016-03-18,25.99905776977539
2016-03-21,25.92404556274414
2016-03-22,25.834030151367188
2016-03-23,25.631500244140625
2016-03-24,25.38396453857422
2016-03-28,25.473979949951172
2016-03-29,25.81902313232422
2016-03-30,26.149080276489258
2016-03-31,25.796524047851562
2016-04-01,25.586488723754883
2016-04-04,25.56399154663086
2016-04-05,25.023910522460938
2016-04-06,25.30895233154297
2016-04-07,24.768861770629883
2016-04-08,25.26394271850586
2016-04-11,25.30895233154297
2016-04-12,25.56399154663086
2016-04-13,25.991558074951172
2016-04-14,26.021554946899414
2016-04-15,25.991558074951172
2016-04-18,26.26910400390625
2016-04-19,26.82418441772461
2016-04-20,26.809186935424805
2016-04-21,26.666662216186523
2016-04-22,26.5466365814209
2016-04-25,26.449125289916992
2016-04-26,26.59165382385254
2016-04-27,26.75667381286621
2016-04-28,26.55414390563965
2016-04-29,26.456623077392578
2016-05-02,26.67416000366211
2016-05-03,26.134077072143555
2016-05-04,25.841535568237305
2016-05-05,25.69900894165039
2016-05-06,25.84903335571289
2016-05-09,25.804031372070312
2016-05-10,26.05906867980957
2016-05-11,25.864036560058594
2016-05-12,25.766517639160156
2016-05-13,25.466476440429688
2016-05-16,25.714014053344727
2016-05-17,25.428970336914062
2016-05-18,25.436466217041016
2016-05-19,25.26394271850586
2016-05-20,25.5264892578125
2016-05-23,25.413965225219727
2016-05-24,25.88654136657715
2016-05-25,26.179086685180664
2016-05-26,26.381620407104492
2016-05-27,26.299110412597656
2016-05-31,25.49648094177246
2016-06-01,26.239093780517578
2016-06-02,26.26910400390625
2016-06-03,26.359106063842773
2016-06-06,26.419124603271484
2016-06-07,26.666662216186523
2016-06-08,26.719165802001953
2016-06-09,26.27660369873047
2016-06-10,25.353952407836914
2016-06-13,24.926387786865234
2016-06-14,24.521324157714844
2016-06-15,24.656347274780273
2016-06-16,24.82137107849121
2016-06-17,25.13642692565918
2016-06-20,25.69150733947754
2016-06-21,25.97655487060547
2016-06-22,25.938886642456055
2016-06-23,26.846050262451172
2016-06-24,23.75552749633789
2016-06-27,23.248130798339844
2016-06-28,23.8631591796875
2016-06-29,24.316743850708008
2016-06-30,24.808767318725586
2016-07-01,24.824140548706055
2016-07-05,24.032289505004883
2016-07-06,23.955411911010742
2016-07-07,23.801651000976562
2016-07-08,24.316743850708008
2016-07-11,24.63963508605957
2016-07-12,25.085529327392578
2016-07-13,25.139347076416016
2016-07-14,25.431488037109375
2016-07-15,25.28541374206543
2016-07-18,25.270036697387695
2016-07-19,25.085529327392578
2016-07-20,25.30079460144043
2016-07-21,25.239288330078125
2016-07-22,25.30079460144043
2016-07-25,25.323850631713867
2016-07-26,25.439170837402344
2016-07-27,25.67749786376953
2016-07-28,25.715938568115234
2016-07-29,26.008079528808594
2016-08-01,25.72362518310547
2016-08-02,25.48530387878418
2016-08-03,25.400732040405273
2016-08-04,25.477615356445312
2016-08-05,25.6928653717041
2016-08-08,25.769752502441406
2016-08-09,26.146453857421875
2016-08-10,26.300216674804688
2016-08-11,26.484725952148438
2016-08-12,26.500097274780273
2016-08-15,26.584671020507812
2016-08-16,26.55390739440918
2016-08-17,26.49241065979004
2016-08-18,26.63848304748535
2016-08-19,26.4078426361084
2016-08-22,26.37709617614746
2016-08-23,26.515472412109375
2016-08-24,26.4539737701416
2016-08-25,26.338653564453125
2016-08-26,26.238706588745117
2016-08-29,26.31558609008789
2016-08-30,26.35403060913086
2016-08-31,26.300216674804688
2016-09-01,26.507781982421875
2016-09-02,26.83836555480957
2016-09-06,26.984434127807617
2016-09-07,27.053627014160156
2016-09-08,27.038253784179688
2016-09-09,26.4462833404541
2016-09-12,26.623104095458984
2016-09-13,26.123394012451172
2016-09-14,26.046512603759766
2016-09-15,26.23101806640625
2016-09-16,25.731311798095703
2016-09-19,25.931196212768555
2016-09-20,25.97732162475586
2016-09-21,26.36171531677246
2016-09-22,26.761489868164062
2016-09-23,26.60772705078125
2016-09-26,26.284841537475586
2016-09-27,26.246397018432617
2016-09-28,26.538537979125977
2016-09-29,26.0542049407959
2016-09-30,26.515472412109375
2016-10-03,26.4078426361084
2016-10-04,26.4462833404541
2016-10-05,26.576980590820312
2016-10-06,26.477031707763672
2016-10-07,26.284841537475586
2016-10-10,26.392465591430664
2016-10-11,26.092636108398438
2016-10-12,25.961946487426758
2016-10-13,25.846628189086914
2016-10-14,25.94657325744629
2016-10-17,25.931196212768555
2016-10-18,26.19258689880371
2016-10-19,26.254085540771484
2016-10-20,26.307899475097656
2016-10-21,26.20796012878418
2016-10-24,26.32328224182129
2016-10-25,26.27714729309082
2016-10-26,26.177207946777344
2016-10-27,26.200271606445312
2016-10-28,26.307899475097656
2016-10-31,26.246397018432617
2016-11-01,26.108016967773438
2016-11-02,25.90044403076172
2016-11-03,25.85431671142578
2016-11-04,25.608304977416992
2016-11-07,26.008079528808594
2016-11-08,26.131080627441406
2016-11-09,26.069576263427734
2016-11-10,25.90044403076172
2016-11-11,25.608304977416992
2016-11-14,25.369985580444336
2016-11-15,25.55449104309082
2016-11-16,25.193159103393555
2016-11-17,25.270036697387695
2016-11-18,24.9778995513916
2016-11-21,25.216222763061523
2016-11-22,25.308473587036133
2016-11-23,25.039403915405273
2016-11-25,25.193159103393555
2016-11-28,24.916399002075195
2016-11-29,25.208538055419922
2016-11-30,25.20084571838379
2016-12-01,25.093217849731445
2016-12-02,25.131656646728516
2016-12-05,25.6851806640625
2016-12-06,26.008079528808594
2016-12-07,26.477031707763672
2016-12-08,26.31558609008789
2016-12-09,26.330963134765625
2016-12-12,26.384780883789062
2016-12-13,26.646167755126953
2016-12-14,26.223331451416016
2016-12-15,26.254085540771484
2016-12-16,26.35403060913086
2016-12-19,26.269460678100586
2016-12-20,26.4078426361084
2016-12-21,26.541706085205078
2016-12-22,26.479808807373047
2016-12-23,26.580402374267578
2016-12-27,26.611356735229492
2016-12-28,26.402423858642578
2016-12-29,26.611356735229492
2016-12-30,26.773855209350586
2017-01-03,26.83576202392578
2017-01-04,27.00600242614746
2017-01-05,27.23040771484375
2017-01-06,27.183977127075195
2017-01-09,27.106599807739258
2017-01-10,27.060165405273438
2017-01-11,27.214933395385742
2017-01-12,27.238142013549805
2017-01-13,27.36195945739746
2017-01-17,27.36195945739746
2017-01-18,27.253620147705078
2017-01-19,27.23040771484375
2017-01-20,27.408382415771484
2017-01-23,27.454805374145508
2017-01-24,27.516714096069336
2017-01-25,27.833972930908203
2017-01-26,27.55540657043457
2017-01-27,27.578624725341797
2017-01-30,27.307788848876953
2017-01-31,27.346479415893555
2017-02-01,27.392911911010742
2017-02-02,27.462549209594727
2017-02-03,27.60957145690918
2017-02-06,27.222660064697266
2017-02-07,27.129812240600586
2017-02-08,27.13754653930664
2017-02-09,27.315523147583008
2017-02-10,27.2613582611084
2017-02-13,27.400646209716797
2017-02-14,27.462549209594727
2017-02-15,27.54766845703125
2017-02-16,27.73338508605957
2017-02-17,27.539928436279297
2017-02-21,27.539928436279297
2017-02-22,27.57088279724121
2017-02-23,27.532190322875977
2017-02-24,27.292308807373047
2017-02-27,27.408382415771484
2017-02-28,27.400646209716797
2017-03-01,27.818500518798828
2017-03-02,27.656003952026367
2017-03-03,28.042905807495117
2017-03-06,27.942310333251953
2017-03-07,27.779815673828125
2017-03-08,27.70242691040039
2017-03-09,28.042905807495117
2017-03-10,28.36016845703125
2017-03-13,28.39886474609375
2017-03-14,28.120290756225586
2017-03-15,28.491716384887695
2017-03-16,28.855411529541016
2017-03-17,28.8244571685791
2017-03-20,28.762554168701172
2017-03-21,28.71612548828125
2017-03-22,28.75481414794922
2017-03-23,28.870885848999023
2017-03-24,28.971477508544922
2017-03-27,29.118501663208008
2017-03-28,29.2423152923584
2017-03-29,29.149459838867188
2017-03-30,29.017900466918945
2017-03-31,29.09528923034668
2017-04-03,29.017900466918945
2017-04-04,29.07207489013672
2017-04-05,28.863149642944336
2017-04-06,28.986957550048828
2017-04-07,28.93278694152832
2017-04-10,28.7857723236084
2017-04-11,28.847665786743164
2017-04-12,28.8244571685791
2017-04-13,28.6077938079834
2017-04-17,28.7857723236084
2017-04-18,28.631006240844727
2017-04-19,28.638742446899414
2017-04-20,28.925052642822266
2017-04-21,28.93278694152832
2017-04-24,30.426246643066406
2017-04-25,30.64291763305664
2017-04-26,30.44172477722168
2017-04-27,30.39529800415039
2017-04-28,30.364341735839844
2017-05-01,30.55779457092285
2017-05-02,30.782194137573242
2017-05-03,30.689340591430664
2017-05-04,31.37802505493164
2017-05-05,31.88100814819336
2017-05-08,31.370296478271484
2017-05-09,31.246484756469727
2017-05-10,31.269697189331055
2017-05-11,31.14588165283203
2017-05-12,31.43994140625
2017-05-15,31.66434097290039
2017-05-16,31.96613121032715
2017-05-17,31.46314811706543
2017-05-18,31.455415725708008
2017-05-19,31.896484375
2017-05-22,31.95064926147461
2017-05-23,31.94290542602539
2017-05-24,32.035770416259766
2017-05-25,32.00482177734375
2017-05-26,31.888748168945312
2017-05-30,31.772674560546875
2017-05-31,31.865537643432617
2017-06-01,32.113155364990234
2017-06-02,32.461368560791016
2017-06-05,32.22148132324219
2017-06-06,32.051246643066406
2017-06-07,32.120887756347656
2017-06-08,32.066715240478516
2017-06-09,32.051246643066406
2017-06-12,31.80362892150879
2017-06-13,32.066715240478516
2017-06-14,32.043514251708984
2017-06-15,31.586959838867188
2017-06-16,31.919694900512695
2017-06-19,32.120887756347656
2017-06-20,31.74994659423828
2017-06-21,31.789247512817383
2017-06-22,31.702800750732422
2017-06-23,31.742094039916992
2017-06-26,31.852113723754883
2017-06-27,31.914993286132812
2017-06-28,32.24506378173828
2017-06-29,31.742094039916992
2017-06-30,31.694936752319336
2017-07-03,31.72636604309082
2017-07-05,31.7578067779541
2017-07-06,31.67922019958496
2017-07-07,31.773523330688477
2017-07-10,31.875699996948242
2017-07-11,32.048583984375
2017-07-12,32.25292205810547
2017-07-13,32.378665924072266
2017-07-14,32.59085464477539
2017-07-17,32.5044059753418
2017-07-18,32.45724868774414
2017-07-19,32.55155944824219
2017-07-20,32.740169525146484
2017-07-21,32.488677978515625
2017-07-24,32.40223693847656
2017-07-25,32.488677978515625
2017-07-26,32.76374435424805
2017-07-27,32.68516159057617
2017-07-28,32.716590881347656
2017-07-31,32.716590881347656
2017-08-01,32.94449996948242
2017-08-02,32.97593307495117
2017-08-03,33.05452346801758
2017-08-04,33.20384216308594
2017-08-07,33.211708068847656
2017-08-08,33.03095245361328
2017-08-09,32.89735412597656
2017-08-10,32.40223693847656
2017-08-11,32.378665924072266
2017-08-14,32.7323112487793
2017-08-15,32.7323112487793
2017-08-16,32.92092514038086
2017-08-17,32.496543884277344
2017-08-18,32.60657501220703
2017-08-21,32.57514190673828
2017-08-22,32.79518127441406
2017-08-23,32.803043365478516
2017-08-24,32.70873260498047
2017-08-25,32.999515533447266
2017-08-28,32.999515533447266
2017-08-29,32.77159881591797
2017-08-30,32.68516159057617
2017-08-31,32.873775482177734
2017-09-01,32.952362060546875
2017-09-05,32.716590881347656
2017-09-06,33.07809829711914
2017-09-07,33.34530258178711
2017-09-08,33.33744812011719
2017-09-11,33.67537307739258
2017-09-12,33.81684112548828
2017-09-13,33.61251449584961
2017-09-14,33.67537307739258
2017-09-15,33.77754592895508
2017-09-18,33.856136322021484
2017-09-19,34.02117156982422
2017-09-20,33.856136322021484
2017-09-21,33.87971878051758
2017-09-22,33.95044708251953
2017-09-25,33.58106994628906
2017-09-26,33.4553337097168
2017-09-27,33.58106994628906
2017-09-28,33.71467971801758
2017-09-29,34.04475021362305
2017-10-02,33.94258117675781
2017-10-03,34.04475021362305
2017-10-04,33.87184524536133
2017-10-05,33.934722900390625
2017-10-06,33.934722900390625
2017-10-09,33.919002532958984
2017-10-10,34.22549819946289
2017-10-11,34.37482833862305
2017-10-12,34.27265548706055
2017-10-13,34.26478576660156
2017-10-16,34.20192337036133
2017-10-17,34.15476989746094
2017-10-18,34.31980895996094
2017-10-19,34.28837203979492
2017-10-20,34.099754333496094
2017-10-23,33.997596740722656
2017-10-24,34.186214447021484
2017-10-25,34.15476989746094
2017-10-26,34.131202697753906
2017-10-27,34.060462951660156
2017-10-30,34.26478576660156
2017-10-31,34.445552825927734
2017-11-01,34.532005310058594
2017-11-02,34.665611267089844
2017-11-03,34.45341491699219
2017-11-06,34.42198181152344
2017-11-07,34.131202697753906
2017-11-08,34.19405746459961
2017-11-09,33.934722900390625
2017-11-10,33.848270416259766
2017-11-13,33.722530364990234
2017-11-14,33.87184524536133
2017-11-15,33.71467971801758
2017-11-16,33.966163635253906
2017-11-17,33.79326248168945
2017-11-20,33.76968765258789
2017-11-21,33.966163635253906
2017-11-22,33.95829772949219
2017-11-24,34.445552825927734
2017-11-27,34.24907684326172
2017-11-28,34.37482833862305
2017-11-29,34.29623031616211
2017-11-30,34.359100341796875
2017-12-01,34.12333679199219
2017-12-04,34.17835235595703
2017-12-05,34.099754333496094
2017-12-06,34.03689193725586
2017-12-07,34.17049026489258
2017-12-08,34.35124588012695
2017-12-11,34.32767105102539
2017-12-12,34.280513763427734
2017-12-13,34.22549819946289
2017-12-14,33.934722900390625
2017-12-15,33.97400665283203
2017-12-18,34.43769454956055
2017-12-19,34.45427703857422
2017-12-20,34.27272033691406
2017-12-21,34.3437614440918
2017-12-22,34.32797622680664
2017-12-26,34.32008361816406
2017-12-27,34.32797622680664
2017-12-28,34.32008361816406
2017-12-29,34.241153717041016
2018-01-02,34.4148063659668
2018-01-03,34.596351623535156
2018-01-04,35.17256546020508
2018-01-05,35.519866943359375
2018-01-08,35.36988830566406
2018-01-09,35.472503662109375
2018-01-10,35.322540283203125
2018-01-11,35.567222595214844
2018-01-12,36.080284118652344
2018-01-16,36.15922164916992
2018-01-17,36.30130386352539
2018-01-18,36.36444854736328
2018-01-19,36.61703109741211
2018-01-22,36.87751770019531
2018-01-23,36.95644760131836
2018-01-24,36.96434783935547
2018-01-25,36.87751770019531
2018-01-26,37.18534851074219
2018-01-29,36.83015441894531
2018-01-30,36.569679260253906
2018-01-31,36.640716552734375
2018-02-01,36.735435485839844
2018-02-02,35.81191635131836
2018-02-05,34.335872650146484
2018-02-06,35.29885482788086
2018-02-07,34.65160369873047
2018-02-08,33.67283248901367
2018-02-09,33.814910888671875
2018-02-12,34.3437614440918
2018-02-13,34.24903869628906
2018-02-14,34.91208267211914
2018-02-15,35.10151290893555
2018-02-16,35.17256546020508
2018-02-20,34.80156707763672
2018-02-21,34.65949249267578
2018-02-22,34.833152770996094
2018-02-23,35.062049865722656
2018-02-26,35.28306198120117
2018-02-27,34.66739273071289
2018-02-28,34.44637680053711
2018-03-01,34.05170440673828
2018-03-02,34.10696029663086
2018-03-05,34.312191009521484
2018-03-06,34.54899597167969
2018-03-07,34.73053741455078
2018-03-08,34.7463264465332
2018-03-09,34.88050842285156
2018-03-12,34.96733093261719
2018-03-13,34.63581466674805
2018-03-14,34.73842239379883
2018-03-15,34.73053741455078
2018-03-16,34.762115478515625
2018-03-19,34.596351623535156
2018-03-20,34.54899597167969
2018-03-21,34.54109191894531
2018-03-22,33.79912185668945
2018-03-23,33.467613220214844
2018-03-26,34.14643096923828
2018-03-27,33.74386978149414
2018-03-28,33.89384460449219
2018-03-29,34.21746826171875
2018-04-02,33.74386978149414
2018-04-03,34.02803039550781
2018-04-04,34.122745513916016
2018-04-05,34.44637680053711
2018-04-06,34.335872650146484
2018-04-09,34.61213684082031
2018-04-10,35.022586822509766
2018-04-11,34.81736755371094
2018-04-12,35.00680160522461
2018-04-13,35.093624114990234
2018-04-16,35.188350677490234
2018-04-17,35.49618911743164
2018-04-18,35.64616012573242
2018-04-19,35.5119743347168
2018-04-20,35.35410690307617
2018-04-23,35.267276763916016
2018-04-24,35.093624114990234
2018-04-25,34.96733093261719
2018-04-26,35.07783508300781
2018-04-27,35.188350677490234
2018-04-30,34.99101257324219
2018-05-01,34.88840103149414
2018-05-02,34.9752311706543
2018-05-03,35.062049865722656
2018-05-04,35.156776428222656
2018-05-07,35.140987396240234
2018-05-08,35.062049865722656
2018-05-09,35.093624114990234
2018-05-10,35.36988830566406
2018-05-11,35.39356994628906
2018-05-14,35.401466369628906
2018-05-15,35.140987396240234
2018-05-16,35.03837585449219
2018-05-17,35.12520217895508
2018-05-18,34.96733093261719
2018-05-21,35.204132080078125
2018-05-22,35.22780990600586
2018-05-23,34.6989631652832
2018-05-24,34.596351623535156
2018-05-25,34.280616760253906
2018-05-29,33.11241912841797
2018-05-30,33.814910888671875
2018-05-31,33.73598098754883
2018-06-01,33.956993103027344
2018-06-04,34.130638122558594
2018-06-05,34.09907913208008
2018-06-06,34.501625061035156
2018-06-07,34.193790435791016
2018-06-08,34.24903869628906
2018-06-11,34.61213684082031
2018-06-12,34.38322067260742
2018-06-13,34.51741409301758
2018-06-14,34.470062255859375
2018-06-15,34.3674430847168
2018-06-18,33.98857116699219
2018-06-19,33.69423294067383
2018-06-20,33.597206115722656
2018-06-21,33.24950408935547
2018-06-22,33.605289459228516
2018-06-25,33.192909240722656
2018-06-26,33.09586715698242
2018-06-27,32.772430419921875
2018-06-28,32.78860092163086
2018-06-29,33.160552978515625
2018-07-02,32.99074935913086
2018-07-03,33.11205291748047
2018-07-05,33.70232009887695
2018-07-06,33.90446853637695
2018-07-09,34.098533630371094
2018-07-10,34.19556427001953
2018-07-11,33.58911895751953
2018-07-12,33.847862243652344
2018-07-13,33.92871856689453
2018-07-16,33.9934196472168
2018-07-17,34.07427978515625
2018-07-18,34.09044647216797
2018-07-19,33.94489288330078
2018-07-20,34.02574920654297
2018-07-23,33.97724914550781
2018-07-24,34.130882263183594
2018-07-25,34.43814468383789
2018-07-26,34.17938995361328
2018-07-27,34.292598724365234
2018-07-30,34.3572883605957
2018-07-31,34.421974182128906
2018-08-01,34.219818115234375
2018-08-02,33.90446853637695
2018-08-03,33.94489288330078
2018-08-06,33.79126739501953
2018-08-07,34.07427978515625
2018-08-08,33.98532485961914
2018-08-09,33.8236083984375
2018-08-10,32.853294372558594
2018-08-13,32.7481803894043
2018-08-14,32.740089416503906
2018-08-15,32.09321212768555
2018-08-16,32.343875885009766
2018-08-17,32.554107666015625
2018-08-20,32.79669189453125
2018-08-21,33.28184509277344
2018-08-22,33.427398681640625
2018-08-23,33.22524642944336
2018-08-24,33.58102798461914
2018-08-27,34.05002212524414
2018-08-28,34.058109283447266
2018-08-29,34.171302795410156
2018-08-30,33.77509689331055
2018-08-31,33.33036422729492
2018-09-04,33.031185150146484
2018-09-05,32.70774459838867
2018-09-06,32.546024322509766
2018-09-07,32.246849060058594
2018-09-10,32.610713958740234
2018-09-11,32.651145935058594
2018-09-12,32.70774459838867
2018-09-13,33.04735565185547
2018-09-14,32.9503288269043
2018-09-17,33.00692367553711
2018-09-18,33.22524642944336
2018-09-19,33.33036422729492
2018-09-20,33.94489288330078
2018-09-21,33.94489288330078
2018-09-24,33.79126739501953
2018-09-25,33.8882942199707
2018-09-26,33.864036560058594
2018-09-27,33.686153411865234
2018-09-28,33.160552978515625
2018-10-01,33.160552978515625
2018-10-02,32.942237854003906
2018-10-03,33.04735565185547
2018-10-04,32.62688446044922
2018-10-05,32.35196304321289
2018-10-08,32.06086349487305
2018-10-09,31.99618911743164
2018-10-10,31.260360717773438
2018-10-11,30.985431671142578
2018-10-12,31.025863647460938
2018-10-15,31.074382781982422
2018-10-16,31.688913345336914
2018-10-17,31.333131790161133
2018-10-18,30.710514068603516
2018-10-19,30.90458106994629
2018-10-22,30.645822525024414
2018-10-23,30.411331176757812
2018-10-24,29.46527671813965
2018-10-25,29.950428009033203
2018-10-26,29.829143524169922
2018-10-29,29.845314025878906
2018-10-30,30.047460556030273
2018-10-31,30.217267990112305
2018-11-01,30.694339752197266
2018-11-02,30.823719024658203
2018-11-05,30.742860794067383
2018-11-06,30.856060028076172
2018-11-07,31.252277374267578
2018-11-08,30.77520179748535
2018-11-09,30.694339752197266
2018-11-12,30.007036209106445
2018-11-13,30.265783309936523
2018-11-14,30.451759338378906
2018-11-15,30.516450881958008
2018-11-16,30.524538040161133
2018-11-19,30.201086044311523
2018-11-20,29.570390701293945
2018-11-21,29.950428009033203
2018-11-23,29.70785140991211
2018-11-26,30.176830291748047
2018-11-27,30.03129005432129
2018-11-28,30.451759338378906
2018-11-29,30.330474853515625
2018-11-30,30.11215591430664
2018-12-03,30.49219512939453
2018-12-04,29.691679000854492
2018-12-06,29.343978881835938
2018-12-07,28.988195419311523
2018-12-10,28.794130325317383
2018-12-11,28.89116668701172
2018-12-12,29.432926177978516
2018-12-13,29.38442039489746
2018-12-14,28.947769165039062
2018-12-17,28.72136688232422
2018-12-18,28.788028717041016
2018-12-19,28.56039810180664
2018-12-20,28.40591812133789
2018-12-21,28.0075626373291
2018-12-24,27.51976203918457
2018-12-26,28.275840759277344
2018-12-27,28.267719268798828
2018-12-28,28.3734073638916
2018-12-31,28.50348472595215
2019-01-02,28.365276336669922
2019-01-03,28.04007911682129
2019-01-04,28.909976959228516
2019-01-07,29.048187255859375
2019-01-08,29.25143814086914
2019-01-09,29.66606903076172
2019-01-10,29.64980125427246
2019-01-11,29.41403579711914
2019-01-14,29.316476821899414
2019-01-15,29.316476821899414
2019-01-16,29.373382568359375
2019-01-17,29.43842315673828
2019-01-18,29.853046417236328
2019-01-22,29.454679489135742
2019-01-23,29.682323455810547
2019-01-24,29.739234924316406
2019-01-25,30.202638626098633
2019-01-28,30.121335983276367
2019-01-29,30.202638626098633
2019-01-30,30.503440856933594
2019-01-31,30.365222930908203
2019-02-01,30.389616012573242
2019-02-04,30.47092056274414
2019-02-05,30.763599395751953
2019-02-06,30.67416763305664
2019-02-07,30.056299209594727
2019-02-08,29.869312286376953
2019-02-11,29.869312286376953
2019-02-12,30.275806427001953
2019-02-13,30.235149383544922
2019-02-14,30.145723342895508
2019-02-15,30.72295379638672
2019-02-19,30.836767196655273
2019-02-20,30.99123764038086
2019-02-21,30.90180206298828
2019-02-22,30.99123764038086
2019-02-25,31.06439971923828
2019-02-26,31.259525299072266
2019-02-27,31.1375675201416
2019-02-28,31.31643295288086
2019-03-01,31.592853546142578
2019-03-04,31.438383102416992
2019-03-05,31.41398811340332
2019-03-06,31.348960876464844
2019-03-07,30.796123504638672
2019-03-08,30.877416610717773
2019-03-11,31.12131690979004
2019-03-12,31.145706176757812
2019-03-13,31.422128677368164
2019-03-14,31.544071197509766
2019-03-15,31.926179885864258
2019-03-18,32.056251525878906
2019-03-19,32.23511505126953
2019-03-20,32.218849182128906
2019-03-21,32.096900939941406
2019-03-22,31.16196632385254
2019-03-25,31.186359405517578
2019-03-26,31.267656326293945
2019-03-27,31.340822219848633
2019-03-28,31.186359405517578
2019-03-29,31.381471633911133
2019-04-01,31.79610252380371
2019-04-02,31.901792526245117
2019-04-03,32.23511505126953
2019-04-04,32.22698211669922
2019-04-05,32.32454299926758
2019-04-08,32.32454299926758
2019-04-09,32.1131706237793
2019-04-10,32.251373291015625
2019-04-11,32.316410064697266
2019-04-12,32.65786361694336
2019-04-15,32.67412185668945
2019-04-16,32.731040954589844
2019-04-17,32.95867919921875
2019-04-18,32.86924743652344
2019-04-22,32.93428421020508
2019-04-23,32.852989196777344
2019-04-24,32.592830657958984
2019-04-25,32.50341033935547
2019-04-26,32.568443298339844
2019-04-29,32.771690368652344
2019-04-30,32.95054626464844
2019-05-01,32.73916244506836
2019-05-02,32.58470153808594
2019-05-03,32.86924743652344
2019-05-06,32.50341033935547
2019-05-07,31.853010177612305
2019-05-08,32.03999710083008
2019-05-09,31.8286190032959
2019-05-10,32.056251525878906
2019-05-13,31.25139045715332
2019-05-14,31.592853546142578
2019-05-15,31.779836654663086
2019-05-16,32.08064270019531
2019-05-17,31.87739372253418
2019-05-20,31.576595306396484
2019-05-21,31.787961959838867
2019-05-22,31.68228530883789
2019-05-23,31.27578353881836
2019-05-24,31.592853546142578
2019-05-28,31.3001708984375
2019-05-29,30.98310661315918
2019-05-30,31.15383529663086
2019-05-31,30.82864761352539
2019-06-03,31.056272506713867
2019-06-04,31.576595306396484
2019-06-05,31.519676208496094
2019-06-06,31.625370025634766
2019-06-07,32.08064270019531
2019-06-10,32.14568328857422
2019-06-11,32.37332534790039
2019-06-12,32.105037689208984
2019-06-13,32.12129211425781
2019-06-14,31.853010177612305
2019-06-17,31.837141036987305
2019-06-18,32.41312026977539
2019-06-19,32.55502700805664
2019-06-20,32.87222671508789
2019-06-21,32.86387634277344
2019-06-24,32.91395950317383
2019-06-25,32.663543701171875
2019-06-26,32.73031997680664
2019-06-27,32.76372146606445
2019-06-28,33.02248001098633
2019-07-01,33.09761428833008
2019-07-02,33.11430740356445
2019-07-03,33.464900970458984
2019-07-05,33.18943405151367
2019-07-08,32.980743408203125
2019-07-09,32.88057327270508
2019-07-10,32.97240447998047
2019-07-11,32.92231750488281
2019-07-12,32.9974365234375
2019-07-15,33.055877685546875
2019-07-16,33.00578689575195
2019-07-17,32.84718704223633
2019-07-18,32.930660247802734
2019-07-19,32.663543701171875
2019-07-22,32.80544662475586
2019-07-23,33.089263916015625
2019-07-24,33.164390563964844
2019-07-25,32.838844299316406
2019-07-26,32.905616760253906
2019-07-29,32.947357177734375
2019-07-30,32.32129669189453
2019-07-31,32.12930679321289
2019-08-01,32.0374870300293
2019-08-02,31.695247650146484
2019-08-05,31.07753562927246
2019-08-06,31.261171340942383
2019-08-07,31.444812774658203
2019-08-08,31.68689727783203
2019-08-09,31.50324821472168
2019-08-12,31.244478225708008
2019-08-13,31.536636352539062
2019-08-14,30.54329490661621
2019-08-15,30.50156021118164
2019-08-16,30.910581588745117
2019-08-19,31.177690505981445
2019-08-20,31.027448654174805
2019-08-21,31.436473846435547
2019-08-22,31.336301803588867
2019-08-23,30.893888473510742
2019-08-26,31.169353485107422
2019-08-27,31.194395065307617
2019-08-28,31.169353485107422
2019-08-29,31.55333709716797
2019-08-30,31.645153045654297
2019-09-03,31.536636352539062
2019-09-04,32.04583740234375
2019-09-05,32.27121353149414
2019-09-06,32.329647064208984
2019-09-09,32.44650650024414
2019-09-10,32.5132942199707
2019-09-11,32.605106353759766
2019-09-12,32.905616760253906
2019-09-13,32.98909378051758
2019-09-16,32.59675979614258
2019-09-17,32.73867416381836
2019-09-18,32.71363067626953
2019-09-19,32.822147369384766
2019-09-20,32.71363067626953
2019-09-23,32.54667663574219
2019-09-24,32.37137985229492
2019-09-25,32.21278762817383
2019-09-26,32.30459976196289
2019-09-27,32.279563903808594
2019-09-30,32.46320724487305
2019-10-01,32.16269302368164
2019-10-02,31.361337661743164
2019-10-03,31.60342025756836
2019-10-04,31.870534896850586
2019-10-07,31.87888526916504
2019-10-08,31.50324821472168
2019-10-09,31.828798294067383
2019-10-10,32.112613677978516
2019-10-11,32.788761138916016
2019-10-14,32.74702072143555
2019-10-15,33.164390563964844
2019-10-16,33.26456069946289
2019-10-17,33.389774322509766
2019-10-18,33.43986129760742
2019-10-21,33.581764221191406
2019-10-22,33.39811706542969
2019-10-23,33.54836654663086
2019-10-24,33.581764221191406
2019-10-25,33.55672836303711
2019-10-28,33.71532440185547
2019-10-29,33.70697784423828
2019-10-30,33.83218765258789
2019-10-31,33.74036407470703
2019-11-01,33.990787506103516
2019-11-04,34.22451400756836
2019-11-05,34.15773391723633
2019-11-06,34.149391174316406
2019-11-07,34.18278503417969
2019-11-08,34.166080474853516
2019-11-11,34.149391174316406
2019-11-12,34.149391174316406
2019-11-13,34.03252410888672
2019-11-14,34.01583480834961
2019-11-15,34.25790023803711
2019-11-18,34.27459716796875
2019-11-19,34.191123962402344
2019-11-20,34.01583480834961
2019-11-21,33.990787506103516
2019-11-22,34.024169921875
2019-11-25,34.14104461669922
2019-11-26,34.22451400756836
2019-11-27,34.19947814941406
2019-11-29,34.04922103881836
2019-12-02,33.72367477416992
2019-12-03,33.673587799072266
2019-12-04,33.94905471801758
2019-12-05,33.93235397338867
2019-12-06,34.14104461669922
2019-12-09,33.91566848754883
2019-12-10,34.024169921875
2019-12-11,34.24955749511719
2019-12-12,34.541717529296875
2019-12-13,34.65858459472656
2019-12-16,35.0106201171875
2019-12-17,34.884891510009766
2019-12-18,34.77592849731445
2019-12-19,34.80945587158203
2019-12-20,34.884891510009766
2019-12-23,34.960323333740234
2019-12-24,34.9100341796875
2019-12-26,35.09443664550781
2019-12-27,35.220157623291016
2019-12-30,34.960323333740234
2019-12-31,35.1363410949707
2020-01-02,35.57219314575195
2020-01-03,35.06929397583008
2020-01-06,35.16149139404297
2020-01-07,34.968711853027344
2020-01-08,35.119590759277344
2020-01-09,35.253692626953125
2020-01-10,35.119590759277344
2020-01-13,35.2620735168457
2020-01-14,35.253692626953125
2020-01-15,35.16149139404297
2020-01-16,35.34588623046875
2020-01-17,35.45484924316406
2020-01-21,35.16149139404297
2020-01-22,35.06929397583008
2020-01-23,34.977088928222656
2020-01-24,34.87651062011719
2020-01-27,34.105384826660156
2020-01-28,34.49094772338867
2020-01-29,34.54962158203125
2020-01-30,34.524471282958984
2020-01-31,33.92936706542969
2020-02-03,34.0634765625
2020-02-04,34.633445739746094
2020-02-05,35.01900100708008
2020-02-06,35.19501495361328
2020-02-07,34.89327621459961
2020-02-10,34.960323333740234
2020-02-11,35.1866340637207
2020-02-12,35.371036529541016
2020-02-13,35.1363410949707
2020-02-14,35.15310287475586
2020-02-18,34.99385452270508
2020-02-19,35.22854232788086
2020-02-20,35.002235412597656
2020-02-21,34.79269027709961
2020-02-24,33.28398132324219
2020-02-25,32.496089935302734
2020-02-26,32.52960968017578
2020-02-27,31.607624053955078
2020-02-28,31.4232234954834
2020-03-02,32.03509521484375
2020-03-03,31.599245071411133
2020-03-04,32.714019775390625
2020-03-05,31.55733871459961
2020-03-06,31.020889282226562
2020-03-09,28.196245193481445
2020-03-10,29.06795310974121
2020-03-11,27.433500289916992
2020-03-12,23.9550724029541
2020-03-13,25.505701065063477
2020-03-16,22.454740524291992
2020-03-17,23.410261154174805
2020-03-18,21.80095863342285
2020-03-19,22.119468688964844
2020-03-20,22.20328712463379
2020-03-23,22.454740524291992
2020-03-24,24.40768814086914
2020-03-25,25.354829788208008
2020-03-26,26.486366271972656
2020-03-27,25.405118942260742
2020-03-30,25.71524429321289
2020-03-31,25.57275390625
2020-04-01,24.340635299682617
2020-04-02,24.70943260192871
2020-04-03,24.21491241455078
2020-04-06,25.648189544677734
2020-04-07,25.807443618774414
2020-04-08,26.15947151184082
2020-04-09,26.86354637145996
2020-04-13,26.469600677490234
2020-04-14,26.95574378967285
2020-04-15,25.79906463623047
2020-04-16,25.69009780883789
2020-04-17,26.578567504882812
2020-04-20,26.193004608154297
2020-04-21,25.648189544677734
2020-04-22,25.99184226989746
2020-04-23,25.765535354614258
2020-04-24,26.109188079833984
2020-04-27,26.553421020507812
2020-04-28,26.68752670288086
2020-04-29,27.659814834594727
2020-04-30,27.148521423339844
2020-05-01,26.612092971801758
2020-05-04,26.436073303222656
2020-05-05,26.377399444580078
2020-05-06,26.109188079833984
2020-05-07,26.620473861694336
2020-05-08,27.073091506958008
2020-05-11,26.897069931030273
2020-05-12,26.486366271972656
2020-05-13,26.08404541015625
2020-05-14,25.899642944335938
2020-05-15,25.924789428710938
2020-05-18,27.3413028717041
2020-05-19,26.821636199951172
2020-05-20,27.508941650390625
2020-05-21,27.24910545349121
2020-05-22,27.307781219482422
2020-05-26,28.2130069732666
2020-05-27,28.908695220947266
2020-05-28,29.10148048400879
2020-05-29,29.15176773071289
2020-06-01,29.822301864624023
2020-06-02,30.308452606201172
2020-06-03,31.389686584472656
2020-06-04,31.456750869750977
2020-06-05,32.09376525878906
2020-06-08,32.50446701049805
2020-06-09,31.867460250854492
2020-06-10,31.641149520874023
2020-06-11,29.68819808959961
2020-06-12,30.258161544799805
2020-06-15,30.569347381591797
2020-06-16,30.932966232299805
2020-06-17,30.975250244140625
2020-06-18,30.780752182006836
2020-06-19,30.569347381591797
2020-06-22,31.05135726928711
2020-06-23,31.355783462524414
2020-06-24,30.493242263793945
2020-06-25,30.983705520629883
2020-06-26,30.425596237182617
2020-06-29,30.873775482177734
2020-06-30,30.848405838012695
2020-07-01,30.941425323486328
2020-07-02,31.406517028808594
2020-07-06,32.0491943359375
2020-07-07,31.524904251098633
2020-07-08,31.888525009155273
2020-07-09,31.414979934692383
2020-07-10,31.787050247192383
2020-07-13,31.677120208740234
2020-07-14,32.18449020385742
2020-07-15,32.54811477661133
2020-07-16,32.50582504272461
2020-07-17,32.649593353271484
2020-07-20,32.9117317199707
2020-07-21,33.03011703491211
2020-07-22,33.207698822021484
2020-07-23,32.90327453613281
2020-07-24,32.66650390625
2020-07-27,32.99628829956055
2020-07-28,32.73414993286133
2020-07-29,33.140045166015625
2020-07-30,32.54811477661133
2020-07-31,31.854700088500977
2020-08-03,32.49737548828125
2020-08-04,32.658042907714844
2020-08-05,32.81871032714844
2020-08-06,32.8863639831543
2020-08-07,32.70032501220703
2020-08-10,32.74260711669922
2020-08-11,32.945552825927734
2020-08-12,33.7488899230957
2020-08-13,33.54594802856445
2020-08-14,33.23306655883789
2020-08-17,33.45293426513672
2020-08-18,33.41910171508789
2020-08-19,33.30916976928711
2020-08-20,33.114688873291016
2020-08-21,32.85253143310547
2020-08-24,33.45293426513672
2020-08-25,33.62205505371094
2020-08-26,33.89265823364258
2020-08-27,33.41910171508789
2020-08-28,33.72352600097656
2020-08-31,33.30916976928711
2020-09-01,33.33454895019531
2020-09-02,33.90111541748047
2020-09-03,33.148502349853516
2020-09-04,33.18233108520508
2020-09-08,32.64113235473633
2020-09-09,33.44447708129883
2020-09-10,33.114688873291016
2020-09-11,33.35145568847656
2020-09-14,33.461395263671875
2020-09-15,33.62205505371094
2020-09-16,33.478302001953125
2020-09-17,33.5966796875
2020-09-18,33.25844192504883
2020-09-21,32.11684036254883
2020-09-22,31.98154067993164
2020-09-23,31.50799560546875
2020-09-24,31.64328384399414
2020-09-25,31.567184448242188
2020-09-28,32.22677993774414
2020-09-29,32.27750778198242
2020-09-30,32.066097259521484
2020-10-01,32.336708068847656
2020-10-02,32.26060485839844
2020-10-05,32.9117317199707
2020-10-06,32.53965377807617
2020-10-07,32.87790298461914
2020-10-08,33.17387008666992
2020-10-09,33.44447708129883
2020-10-12,33.68970489501953
2020-10-13,33.190792083740234
2020-10-14,33.15696334838867
2020-10-15,32.79334259033203
2020-10-16,33.0723991394043
2020-10-19,32.9117317199707
2020-10-20,33.207698822021484
2020-10-21,32.759525299072266
2020-10-22,32.77642822265625
2020-10-23,33.13159942626953
2020-10-26,32.18449020385742
2020-10-27,31.634841918945312
2020-10-28,30.366403579711914
2020-10-29,30.425596237182617
2020-10-30,30.341032028198242
2020-11-02,30.83148765563965
2020-11-03,31.770130157470703
2020-11-04,32.25214385986328
2020-11-05,33.13159942626953
2020-11-06,33.224613189697266
2020-11-09,34.59452819824219
2020-11-10,35.19491958618164
2020-11-11,35.42323303222656
2020-11-12,34.8651237487793
2020-11-13,35.49934005737305
2020-11-16,35.83759307861328
2020-11-17,35.888328552246094
2020-11-18,35.693843841552734
2020-11-19,35.94752502441406
2020-11-20,35.89678955078125
2020-11-23,35.93906784057617
2020-11-24,36.5056266784668
2020-11-25,36.59865188598633
2020-11-27,36.86925506591797
2020-11-30,36.3111457824707
2020-12-01,37.165225982666016
2020-12-02,37.19059753417969
2020-12-03,37.19059753417969
2020-12-04,37.53730010986328
2020-12-07,37.30897903442383
2020-12-08,37.41045379638672
2020-12-09,37.241329193115234
2020-12-10,37.342803955078125
2020-12-11,37.063751220703125
2020-12-14,37.14352798461914
2020-12-15,37.632476806640625
2020-12-16,37.804046630859375
2020-12-17,38.12144470214844
2020-12-18,37.95846176147461
2020-12-21,37.357975006103516
2020-12-22,37.2807731628418
2020-12-23,37.795467376708984
2020-12-24,37.85551452636719
2020-12-28,38.18148422241211
2020-12-29,38.293006896972656
2020-12-30,38.30158233642578
2020-12-31,37.81262969970703
2021-01-04,38.258689880371094
2021-01-05,38.481727600097656
2021-01-06,38.92778778076172
2021-01-07,39.09077835083008
2021-01-08,39.28807067871094
2021-01-11,38.653289794921875
2021-01-12,38.73906707763672
2021-01-13,38.670448303222656
2021-01-14,38.84200668334961
2021-01-15,38.087127685546875
2021-01-19,38.43025588989258
2021-01-20,38.63612747192383
2021-01-21,38.764801025390625
2021-01-22,38.490291595458984
2021-01-25,38.10429000854492
2021-01-26,38.361629486083984
2021-01-27,37.34940719604492
2021-01-28,37.83835983276367
2021-01-29,37.152103424072266
2021-02-01,37.615325927734375
2021-02-02,38.147178649902344
2021-02-03,38.215797424316406
2021-02-04,38.32731628417969
2021-02-05,38.66187286376953
2021-02-08,38.850582122802734
2021-02-09,38.95351791381836
2021-02-10,38.7562255859375
2021-02-11,39.08220291137695
2021-02-12,39.25375747680664
2021-02-16,39.45105743408203
2021-02-17,39.08220291137695
2021-02-18,38.98783874511719
2021-02-19,39.17655944824219
2021-02-22,39.06504440307617
2021-02-23,39.05645751953125
2021-02-24,39.433902740478516
2021-02-25,38.78195571899414
2021-02-26,38.41310119628906
2021-03-01,39.07361602783203
2021-03-02,39.125091552734375
2021-03-03,38.82484817504883
2021-03-04,38.44741439819336
2021-03-05,38.57608413696289
2021-03-08,38.66187286376953
2021-03-09,39.19371032714844
2021-03-10,39.56256866455078
2021-03-11,39.965755462646484
2021-03-12,39.93143081665039
2021-03-15,39.82849884033203
2021-03-16,39.75988006591797
2021-03-17,40.1458854675293
2021-03-18,39.65693283081055
2021-03-19,39.63120651245117
2021-03-22,39.734134674072266
2021-03-23,39.21086883544922
2021-03-24,39.125091552734375
2021-03-25,39.330963134765625
2021-03-26,39.87138748168945
2021-03-29,39.725563049316406
2021-03-30,39.83707809448242
2021-03-31,39.82849884033203
2021-04-01,40.49759292602539
2021-04-05,41.18385314941406
2021-04-06,40.763519287109375
2021-04-07,40.866451263427734
2021-04-08,41.038021087646484
2021-04-09,41.115234375
2021-04-12,40.94366455078125
2021-04-13,41.243896484375
2021-04-14,41.235321044921875
2021-04-15,41.518409729003906
2021-04-16,41.998779296875
2021-04-19,41.990203857421875
2021-04-20,41.226741790771484
2021-04-21,41.67281723022461
2021-04-22,41.61276626586914
2021-04-23,42.075984954833984
2021-04-26,42.1875
2021-04-27,42.20465850830078
2021-04-28,42.376224517822266
2021-04-29,42.32474899291992
2021-04-30,41.68138885498047
2021-05-03,42.15318298339844
2021-05-04,41.38114929199219
2021-05-05,41.96445846557617
2021-05-06,42.3419075012207
2021-05-07,42.96811294555664
2021-05-10,42.50489044189453
2021-05-11,42.01593017578125
2021-05-12,41.544132232666016
2021-05-13,41.990203857421875
2021-05-14,42.90806579589844
2021-05-17,42.82228088378906
2021-05-18,42.796546936035156
2021-05-19,42.27328109741211
2021-05-20,42.96811294555664
2021-05-21,43.053890228271484
2021-05-24,43.39702606201172
2021-05-25,43.49137878417969
2021-05-26,43.251190185546875
2021-05-27,43.336978912353516
2021-05-28,43.508541107177734
2021-06-01,43.808780670166016
2021-06-02,43.851661682128906
2021-06-03,43.551429748535156
2021-06-04,43.851661682128906
2021-06-07,44.12617492675781
2021-06-08,44.066123962402344
2021-06-09,43.98891830444336
2021-06-10,43.966400146484375
2021-06-11,44.165584564208984
2021-06-14,44.260833740234375
2021-06-15,44.30413818359375
2021-06-16,43.84516525268555
2021-06-17,43.5074348449707
2021-06-18,42.61545181274414
2021-06-21,43.21299362182617
2021-06-22,43.23030471801758
2021-06-23,42.849273681640625
2021-06-24,43.39485168457031
2021-06-25,43.47278594970703
2021-06-28,43.12638854980469
2021-06-29,43.161033630371094
2021-06-30,42.736690521240234
2021-07-01,42.9012336730957
2021-07-02,42.94453048706055
2021-07-06,42.554832458496094
2021-07-07,42.779998779296875
2021-07-08,42.069889068603516
2021-07-09,42.87525177001953
2021-07-12,43.06576919555664
2021-07-13,42.71937561035156
2021-07-14,42.918556213378906
2021-07-15,42.43359375
2021-07-16,42.069889068603516
2021-07-19,41.169246673583984
2021-07-20,41.57626724243164
2021-07-21,42.34700393676758
2021-07-22,42.46823501586914
2021-07-23,42.87525177001953
2021-07-26,43.039791107177734
2021-07-27,42.82328796386719
2021-07-28,43.10041046142578
2021-07-29,43.43814468383789
2021-07-30,43.16968536376953
2021-08-02,43.325565338134766
2021-08-03,43.60268783569336
2021-08-04,43.6113395690918
2021-08-05,43.81052780151367
2021-08-06,43.749908447265625
2021-08-09,43.706607818603516
2021-08-10,43.749908447265625
2021-08-11,44.0616569519043
2021-08-12,44.13959884643555
2021-08-13,44.43403625488281
2021-08-16,44.17423629760742
2021-08-17,43.69794845581055
2021-08-18,43.57670593261719
2021-08-19,43.10041046142578
2021-08-20,43.29092788696289
2021-08-23,43.73258590698242
2021-08-24,43.81052780151367
2021-08-25,43.84516525268555
2021-08-26,43.60268783569336
2021-08-27,44.035682678222656
2021-08-30,44.0616569519043
2021-08-31,44.018367767333984
2021-09-01,44.451358795166016
2021-09-02,44.62455368041992
2021-09-03,44.347434997558594
2021-09-07,44.382080078125
2021-09-08,43.940425872802734
2021-09-09,43.83649826049805
2021-09-10,43.628662109375
2021-09-13,43.966400146484375
2021-09-14,43.84516525268555
2021-09-15,43.784542083740234
2021-09-16,43.76722717285156
2021-09-17,43.109066009521484
2021-09-20,42.16514205932617
2021-09-21,42.70206069946289
2021-09-22,43.14371109008789
2021-09-23,43.72392272949219
2021-09-24,43.26494598388672
2021-09-27,43.21299362182617
2021-09-28,42.18246078491211
2021-09-29,41.9746208190918
2021-09-30,41.67152786254883
2021-10-01,41.83606719970703
2021-10-04,41.55028533935547
2021-10-05,41.86204528808594
2021-10-06,41.55028533935547
2021-10-07,41.93132019042969
2021-10-08,41.8533821105957
2021-10-11,41.55028533935547
2021-10-12,41.62822341918945
2021-10-13,42.173797607421875
2021-10-14,42.779998779296875
2021-10-15,43.09174728393555
2021-10-18,42.779998779296875
2021-10-19,43.01380920410156
2021-10-20,43.19566345214844
2021-10-21,43.152374267578125
2021-10-22,43.42949295043945
2021-10-25,43.24763107299805
2021-10-26,43.41217041015625
2021-10-27,43.28226852416992
2021-10-28,43.83649826049805
2021-10-29,43.57670593261719
2021-11-01,43.975067138671875
2021-11-02,44.044342041015625
2021-11-03,44.486000061035156
2021-11-04,44.39073944091797
2021-11-05,44.572601318359375
2021-11-08,44.520633697509766
2021-11-09,44.477333068847656
2021-11-10,43.879798889160156
2021-11-11,43.99237823486328
2021-11-12,44.13094711303711
2021-11-15,43.98372268676758
2021-11-16,43.92310333251953
2021-11-17,43.966400146484375
2021-11-18,44.0876350402832
2021-11-19,43.38618469238281
2021-11-22,42.97917175292969
2021-11-23,42.82328796386719
2021-11-24,42.511539459228516
2021-11-26,41.2471923828125
2021-11-29,41.46369171142578
2021-11-30,41.22120666503906
2021-12-01,41.03069305419922
2021-12-02,41.43770217895508
2021-12-03,41.09996795654297
2021-12-06,41.5589485168457
2021-12-07,42.5721549987793
2021-12-08,42.60679626464844
2021-12-09,42.04390335083008
2021-12-10,42.208431243896484
2021-12-13,41.81388473510742
2021-12-14,41.56838607788086
2021-12-15,42.147064208984375
2021-12-16,41.99801254272461
2021-12-17,41.32288360595703
2021-12-20,41.393028259277344
2021-12-21,41.954166412353516
2021-12-22,42.4890022277832
2021-12-23,42.752037048339844
2021-12-27,43.15536880493164
2021-12-28,43.16413497924805
2021-12-29,43.19920349121094
2021-12-30,43.068241119384766
2021-12-31,43.077030181884766
2022-01-03,43.51649856567383
2022-01-04,43.648338317871094
2022-01-05,43.34071350097656
2022-01-06,43.1825065612793
2022-01-07,43.39345169067383
2022-01-10,42.874874114990234
2022-01-11,43.402244567871094
2022-01-12,43.736236572265625
2022-01-13,43.38466262817383
2022-01-14,43.39345169067383
2022-01-18,42.6551399230957
2022-01-19,42.68151092529297
2022-01-20,42.46177673339844
2022-01-21,41.82893371582031
2022-01-24,41.24003982543945
2022-01-25,40.77419662475586
2022-01-26,40.96756362915039
2022-01-27,40.765411376953125
2022-01-28,40.958778381347656
2022-01-31,41.64435577392578
2022-02-01,42.066246032714844
2022-02-02,42.28597640991211
2022-02-03,41.71466827392578
2022-02-04,41.74982452392578
2022-02-07,41.697086334228516
2022-02-08,41.93440246582031
2022-02-09,42.68151092529297
2022-02-10,42.154136657714844
2022-02-11,40.932411193847656
2022-02-14,40.56324768066406
2022-02-15,41.67072677612305
2022-02-16,41.81135177612305
2022-02-17,41.11698532104492
2022-02-18,40.84451675415039
2022-02-22,39.88646697998047
2022-02-23,39.490943908691406
2022-02-24,38.735050201416016
2022-02-25,39.85131072998047
2022-02-28,38.568050384521484
2022-03-01,37.047481536865234
2022-03-02,37.58363342285156
2022-03-03,36.45858383178711
2022-03-04,34.55127716064453
2022-03-07,33.21528244018555
2022-03-08,34.21727752685547
2022-03-09,36.660743713378906
2022-03-10,35.63237762451172
2022-03-11,35.25442886352539
2022-03-14,36.01911544799805
2022-03-15,36.35310745239258
2022-03-16,38.11099624633789
2022-03-17,38.154945373535156
2022-03-18,38.29557800292969
2022-03-21,37.777000427246094
2022-03-22,38.34831619262695
2022-03-23,37.442996978759766
2022-03-24,37.71546936035156
2022-03-25,37.78579330444336
2022-03-28,38.031890869140625
2022-03-29,39.350303649902344
2022-03-30,38.96357727050781
2022-03-31,38.031890869140625
2022-04-01,38.37468338012695
2022-04-04,38.38346862792969
2022-04-05,37.689109802246094
2022-04-06,36.9507942199707
2022-04-07,37.0562744140625
2022-04-08,37.03868865966797
2022-04-11,36.77500915527344
2022-04-12,36.49374008178711
2022-04-13,36.95958709716797
2022-04-14,36.77500915527344
2022-04-18,36.72227096557617
2022-04-19,36.8980598449707
2022-04-20,37.4078483581543
2022-04-21,37.223262786865234
2022-04-22,36.625587463378906
2022-04-25,36.388267517089844
2022-04-26,35.12258529663086
2022-04-27,35.166534423828125
2022-04-28,35.755435943603516
2022-04-29,35.25442886352539
2022-05-02,35.166534423828125
2022-05-03,35.43022537231445
2022-05-04,36.17732238769531
2022-05-05,35.025901794433594
2022-05-06,34.52490997314453
2022-05-09,33.566856384277344
2022-05-10,33.92722702026367
2022-05-11,33.83934020996094
2022-05-12,33.663543701171875
2022-05-13,34.64795684814453
2022-05-16,34.71827697753906
2022-05-17,35.66753387451172
2022-05-18,34.516117095947266
2022-05-19,34.894065856933594
2022-05-20,35.025901794433594
2022-05-23,35.82574462890625
2022-05-24,35.720272064208984
2022-05-25,35.808170318603516
2022-05-26,36.397056579589844
2022-05-27,36.9771614074707
2022-05-31,36.78379821777344
2022-06-01,36.22127151489258
2022-06-02,37.126583099365234
2022-06-03,36.660743713378906
2022-06-06,36.9068489074707
2022-06-07,36.93320846557617
2022-06-08,36.41463851928711
2022-06-09,35.432838439941406
2022-06-10,34.33595657348633
2022-06-13,33.06825637817383
2022-06-14,32.708621978759766
2022-06-15,33.55375671386719
2022-06-16,32.57375717163086
2022-06-17,32.708621978759766
2022-06-21,33.167152404785156
2022-06-22,32.915409088134766
2022-06-23,32.71761703491211
2022-06-24,33.78752136230469
2022-06-27,33.616695404052734
2022-06-28,33.29302215576172
2022-06-29,32.924400329589844
2022-06-30,32.68164825439453
2022-07-01,32.753578186035156
2022-07-05,31.59375762939453
2022-07-06,31.53081703186035
2022-07-07,32.05228805541992
2022-07-08,32.1422004699707
2022-07-11,31.48586654663086
2022-07-12,31.413944244384766
2022-07-13,31.494857788085938
2022-07-14,30.964401245117188
2022-07-15,31.656694412231445
2022-07-18,31.87247085571289
2022-07-19,33.10421371459961
2022-07-20,32.67266082763672
2022-07-21,33.11320877075195
2022-07-22,32.915409088134766
2022-07-25,33.212100982666016
2022-07-26,32.50183868408203
2022-07-27,33.41889572143555
2022-07-28,33.65265655517578
2022-07-29,34.30898666381836
2022-08-01,34.21908187866211
2022-08-02,33.661643981933594
2022-08-03,34.20110321044922
2022-08-04,34.4977912902832
2022-08-05,34.20110321044922
2022-08-08,34.28201675415039
2022-08-09,34.102203369140625
2022-08-10,34.8304557800293
2022-08-11,34.812469482421875
2022-08-12,35.100181579589844
2022-08-15,34.74054718017578
2022-08-16,34.839447021484375
2022-08-17,34.43485641479492
2022-08-18,34.20110321044922
2022-08-19,33.6436653137207
2022-08-22,32.62770080566406
2022-08-23,32.66366958618164
2022-08-24,32.77155685424805
2022-08-25,33.122196197509766
2022-08-26,31.998340606689453
2022-08-29,32.106231689453125
2022-08-30,32.00733184814453
2022-08-31,31.76458740234375
2022-09-01,31.288074493408203
2022-09-02,30.98238182067871
2022-09-06,31.072294235229492
2022-09-07,31.73760986328125
2022-09-08,31.58477210998535
2022-09-09,32.456878662109375
2022-09-12,33.212100982666016
2022-09-13,31.935415267944336
2022-09-14,32.07925796508789
2022-09-15,31.75559425354004
2022-09-16,31.539817810058594
2022-09-19,31.68366813659668
2022-09-20,30.910459518432617
2022-09-21,30.442935943603516
2022-09-22,30.299076080322266
2022-09-23,29.130277633666992
2022-09-26,28.74366569519043
2022-09-27,28.509904861450195
2022-09-28,29.2381649017334
2022-09-29,28.77962875366211
2022-09-30,28.752656936645508
2022-10-03,29.426971435546875
2022-10-04,31.018348693847656
2022-10-05,30.577789306640625
2022-10-06,29.90348243713379
2022-10-07,29.211191177368164
2022-10-10,29.103296279907227
2022-10-11,28.734676361083984
2022-10-12,28.64476776123047
2022-10-13,29.48990821838379
2022-10-14,29.085315704345703
2022-10-17,30.128250122070312
2022-10-18,30.550819396972656
2022-10-19,30.10127830505371
2022-10-20,30.110279083251953
2022-10-21,30.71265411376953
2022-10-24,30.991371154785156
2022-10-25,31.76458740234375
2022-10-26,32.08824920654297
2022-10-27,31.75559425354004
2022-10-28,32.12421417236328
2022-10-31,31.656694412231445
2022-11-01,31.926420211791992
2022-11-02,31.18018341064453
2022-11-03,30.865503311157227
2022-11-04,32.474857330322266
2022-11-07,32.708621978759766
2022-11-08,33.11320877075195
2022-11-09,32.708621978759766
2022-11-10,34.63265609741211
2022-11-11,35.513755798339844
2022-11-14,35.17210388183594
2022-11-15,35.38788604736328
2022-11-16,35.38788604736328
2022-11-17,35.414859771728516
2022-11-18,35.52274703979492
2022-11-21,35.190086364746094
2022-11-22,35.648616790771484
2022-11-23,35.9453125
2022-11-25,36.14311599731445
2022-11-28,35.56770706176758
2022-11-29,35.675594329833984
2022-11-30,36.44880676269531
2022-12-01,36.76348114013672
2022-12-02,36.77248001098633
2022-12-05,36.34990310668945
2022-12-06,36.1251335144043
2022-12-07,36.21504211425781
2022-12-08,36.322933197021484
2022-12-09,36.2599983215332
2022-12-12,36.430824279785156
2022-12-13,37.01324462890625
2022-12-14,36.98615264892578
2022-12-15,35.89354705810547
2022-12-16,35.46914291381836
2022-12-19,35.46914291381836
2022-12-20,35.5504150390625
2022-12-21,36.02899169921875
2022-12-22,35.67683029174805
2022-12-23,35.71295166015625
2022-12-27,35.80324935913086
2022-12-28,35.42399597167969
2022-12-29,36.09220504760742
2022-12-30,35.649742126464844
2023-01-03,36.12832260131836
2023-01-04,37.09451675415039
2023-01-05,36.760406494140625
2023-01-06,37.79883575439453
2023-01-09,38.17808532714844
2023-01-10,38.485107421875
2023-01-11,38.90047836303711
2023-01-12,39.4693489074707
2023-01-13,39.65897750854492
2023-01-17,39.58674240112305
2023-01-18,39.36099624633789
2023-01-19,39.11719512939453
2023-01-20,39.50547409057617
2023-01-23,39.776371002197266
2023-01-24,39.785400390625
2023-01-25,39.99308776855469
2023-01-26,40.1104736328125
2023-01-27,39.96599197387695
2023-01-30,39.66801452636719
2023-01-31,40.038238525390625
2023-02-01,40.625179290771484
2023-02-02,40.859947204589844
2023-02-03,40.372337341308594
2023-02-06,39.848609924316406
2023-02-07,40.07435607910156
2023-02-08,39.82151412963867
2023-02-09,39.97502517700195
2023-02-10,39.55062484741211
2023-02-13,40.08338165283203
2023-02-14,40.30010223388672
2023-02-15,40.39039611816406
2023-02-16,40.263980865478516
2023-02-17,40.39039611816406
2023-02-21,39.695098876953125
2023-02-22,39.487422943115234
2023-02-23,39.82151412963867
2023-02-24,38.95465850830078
2023-02-27,39.613834381103516
2023-02-28,39.351966857910156
2023-03-01,39.613834381103516
2023-03-02,39.64995193481445
2023-03-03,40.28204345703125
2023-03-06,40.30010223388672
2023-03-07,39.559654235839844
2023-03-08,39.695098876953125
2023-03-09,39.243614196777344
2023-03-10,38.92757797241211
2023-03-13,38.5121955871582
2023-03-14,39.279727935791016
2023-03-15,37.73563003540039
2023-03-16,38.39480972290039
2023-03-17,37.7898063659668
2023-03-20,38.52122497558594
2023-03-21,39.36099624633789
2023-03-22,39.207489013671875
2023-03-23,39.243614196777344
2023-03-24,38.82823944091797
2023-03-27,39.216522216796875
2023-03-28,39.27070236206055
2023-03-29,39.947940826416016
2023-03-30,40.598087310791016
2023-03-31,40.706443786621094
2023-04-03,40.96830749511719
2023-04-04,41.04054641723633
2023-04-05,40.760616302490234
2023-04-06,41.02248764038086
2023-04-10,41.04054641723633
2023-04-11,41.13987350463867
2023-04-12,41.46494674682617
2023-04-13,41.988670349121094
2023-04-14,41.91643524169922
2023-04-17,41.60039520263672
2023-04-18,41.92546463012695
2023-04-19,41.92546463012695
2023-04-20,41.762935638427734
2023-04-21,42.0699462890625
2023-04-24,42.241512298583984
2023-04-25,41.49203109741211
2023-04-26,41.60039520263672
2023-04-27,42.07897186279297
2023-04-28,42.00674057006836
2023-05-01,42.02479934692383
2023-05-02,41.48300552368164
2023-05-03,41.56427764892578
2023-05-04,41.38368225097656
2023-05-05,41.988670349121094
2023-05-08,41.961585998535156
2023-05-09,41.59136962890625
2023-05-10,41.573307037353516
2023-05-11,41.401737213134766
2023-05-12,41.27532196044922
2023-05-15,41.48300552368164
2023-05-16,41.14890670776367
2023-05-17,41.419795989990234
2023-05-18,41.43785858154297
2023-05-19,41.70875549316406
2023-05-22,41.73583984375
2023-05-23,41.01345443725586
2023-05-24,40.36331558227539
2023-05-25,40.36331558227539
2023-05-26,40.823829650878906
2023-05-30,40.435543060302734
2023-05-31,39.848609924316406
2023-06-01,40.40846252441406
2023-06-02,40.83286666870117
2023-06-05,40.4716682434082
2023-06-06,40.58905792236328
2023-06-07,40.452796936035156
2023-06-08,40.95914840698242
2023-06-09,40.71057891845703
2023-06-12,41.08803939819336
2023-06-13,41.391849517822266
2023-06-14,41.63121795654297
2023-06-15,42.137569427490234
2023-06-16,42.16518020629883
2023-06-20,41.66803741455078
2023-06-21,41.61280059814453
2023-06-22,41.41947555541992
2023-06-23,40.79343795776367
2023-06-26,40.885498046875
2023-06-27,41.51153564453125
2023-06-28,41.594390869140625
2023-06-29,41.57597351074219
2023-06-30,42.183597564697266
2023-07-03,42.16518020629883
2023-07-05,41.456295013427734
2023-07-06,40.59089660644531
2023-07-07,40.922325134277344
2023-07-10,41.2169303894043
2023-07-11,41.67724609375
2023-07-12,42.71756362915039
2023-07-13,43.41725158691406
2023-07-14,43.25153732299805
2023-07-17,43.23312759399414
2023-07-18,43.371219635009766
2023-07-19,43.14105987548828
2023-07-20,42.89249038696289
2023-07-21,43.14105987548828
2023-07-24,42.85566329956055
2023-07-25,42.73597717285156
2023-07-26,42.8188362121582
2023-07-27,42.80043029785156
2023-07-28,43.325191497802734
2023-07-31,43.2147102355957
2023-08-01,42.68994140625
2023-08-02,41.815338134765625
2023-08-03,41.69565963745117
2023-08-04,41.815338134765625
2023-08-07,42.20201110839844
2023-08-08,41.72328186035156
2023-08-09,41.86137771606445
2023-08-10,42.183597564697266
2023-08-11,41.760101318359375
2023-08-14,41.704864501953125
2023-08-15,41.16168975830078
2023-08-16,40.89470291137695
2023-08-17,40.48963165283203
2023-08-18,40.554073333740234
2023-08-21,40.811851501464844
2023-08-22,40.682960510253906
2023-08-23,40.977561950683594
2023-08-24,40.323909759521484
2023-08-25,40.646141052246094
2023-08-28,41.11566162109375
2023-08-29,41.74169921875
2023-08-30,41.73248291015625
2023-08-31,41.27216720581055
2023-09-01,41.005184173583984
2023-09-05,40.47120666503906
2023-09-06,40.27787780761719
2023-09-07,40.020103454589844
2023-09-08,40.11216354370117
2023-09-11,40.56327438354492
2023-09-12,40.21343231201172
2023-09-13,39.9832763671875
2023-09-14,40.39756774902344
2023-09-15,40.36994171142578
2023-09-18,40.09375
2023-09-19,40.12137222290039
2023-09-20,40.13978576660156
2023-09-21,39.495338439941406
2023-09-22,39.421688079833984
2023-09-25,39.053428649902344
2023-09-26,38.48263168334961
2023-09-27,38.35374450683594
2023-09-28,38.758827209472656
2023-09-29,38.887718200683594
2023-10-02,38.14200210571289
2023-10-03,37.746124267578125
2023-10-04,38.07755661010742
2023-10-05,38.16961669921875
2023-10-06,38.740413665771484
2023-10-09,38.44580841064453
2023-10-10,39.04422378540039
2023-10-11,39.2375602722168
2023-10-12,38.72200393676758
2023-10-13,38.16961669921875
2023-10-16,38.5562858581543
2023-10-17,38.57469940185547
2023-10-18,37.84739685058594
2023-10-19,37.70930099487305
2023-10-20,37.350250244140625
2023-10-23,37.58041000366211
2023-10-24,37.755332946777344
2023-10-25,37.45151901245117
2023-10-26,37.31342315673828
2023-10-27,37.05564880371094
2023-10-30,37.64485168457031
2023-10-31,37.83818817138672
2023-11-01,38.095970153808594
2023-11-02,39.02581024169922
2023-11-03,39.412479400634766
2023-11-06,39.21914291381836
2023-11-07,39.053428649902344
2023-11-08,39.33883285522461
2023-11-09,39.32962417602539
2023-11-10,39.624229431152344
2023-11-13,39.72549819946289
2023-11-14,41.060420989990234
2023-11-15,41.09724426269531
2023-11-16,41.07883071899414
2023-11-17,41.61280059814453
2023-11-20,41.815338134765625
2023-11-21,41.5207405090332
2023-11-22,41.585182189941406
2023-11-24,42.01788330078125
2023-11-27,41.907405853271484
2023-11-28,41.92582321166992
2023-11-29,42.183597564697266
2023-11-30,42.02709197998047
2023-12-01,42.340110778808594
2023-12-04,42.17439270019531
2023-12-05,42.220428466796875
2023-12-06,42.25725173950195
2023-12-07,42.45058059692383
2023-12-08,42.76360321044922
2023-12-11,42.8188362121582
2023-12-12,42.947731018066406
2023-12-13,43.509315490722656
2023-12-14,43.84994888305664
2023-12-15,43.408042907714844
2023-12-18,43.426456451416016
2023-12-19,43.84994888305664
2023-12-20,43.1923713684082
2023-12-21,43.87870407104492
2023-12-22,43.80450439453125
2023-12-26,44.11983871459961
2023-12-27,44.342437744140625
2023-12-28,43.9714469909668
2023-12-29,43.999267578125
2024-01-02,43.387142181396484
2024-01-03,42.77500915527344
2024-01-04,42.99760818481445
2024-01-05,42.960506439208984
2024-01-08,43.47061538696289
2024-01-09,42.99760818481445
2024-01-10,43.23874282836914
2024-01-11,43.18309783935547
2024-01-12,43.24802017211914
2024-01-16,42.47821807861328
2024-01-17,42.18143081665039
2024-01-18,42.70081329345703
2024-01-19,42.858482360839844
2024-01-22,42.839935302734375
2024-01-23,42.7564582824707
2024-01-24,43.43351745605469
2024-01-25,43.6282844543457
2024-01-26,43.96217727661133
2024-01-29,44.0549201965332
2024-01-30,44.101295471191406
2024-01-31,43.739585876464844
2024-02-01,44.18476486206055
2024-02-02,43.80450439453125
2024-02-05,43.581912994384766
2024-02-06,43.86942672729492
2024-02-07,43.823055267333984
2024-02-08,43.94363021850586
2024-02-09,44.17549133300781
2024-02-12,44.16621780395508
2024-02-13,43.33148956298828
2024-02-14,43.86015319824219
2024-02-15,44.40736389160156
2024-02-16,44.31461715698242
2024-02-20,44.57430648803711
2024-02-21,44.80617141723633
2024-02-22,45.42757797241211
2024-02-23,45.45540237426758
2024-02-26,45.43685531616211
2024-02-27,45.60380172729492
2024-02-28,45.51105499267578
2024-02-29,45.49250411987305
2024-03-01,45.7800178527832
2024-03-04,45.844940185546875
2024-03-05,45.631622314453125
2024-03-06,46.10463333129883
2024-03-07,46.81878662109375
2024-03-08,46.45707321166992
2024-03-11,46.41997146606445
2024-03-12,46.87443923950195
2024-03-13,47.0413818359375
2024-03-14,46.67966842651367
2024-03-15,46.71676254272461
2024-03-18,46.494171142578125
2024-03-19,46.614742279052734
2024-03-20,47.273250579833984
2024-03-21,47.06920623779297
2024-03-22,46.92081069946289
2024-03-25,47.06920623779297
2024-03-26,47.17123031616211
2024-03-27,47.570037841796875
2024-03-28,47.35672378540039
2024-04-01,47.384544372558594
2024-04-02,46.86516189575195
2024-04-03,47.28252410888672
2024-04-04,46.79096221923828
2024-04-05,46.92081069946289
2024-04-08,47.20832824707031
2024-04-09,46.99500274658203
2024-04-10,46.382877349853516
2024-04-11,46.34577941894531
2024-04-12,45.43685531616211
2024-04-15,45.381202697753906
2024-04-16,45.223533630371094
2024-04-17,45.24208450317383
2024-04-18,45.19571304321289
2024-04-19,45.19571304321289
2024-04-22,45.7150993347168
2024-04-23,46.475624084472656
2024-04-24,46.308677673339844
2024-04-25,46.12318420410156
2024-04-26,46.51272201538086
2024-04-29,46.521995544433594
2024-04-30,45.68727111816406
2024-05-01,45.529598236083984
2024-05-02,46.05826187133789
2024-05-03,46.48489761352539
2024-05-06,46.92081069946289
2024-05-07,47.245426177978516
2024-05-08,47.44947052001953
2024-05-09,47.903934478759766
2024-05-10,48.08942413330078
2024-05-13,48.107975006103516
2024-05-14,48.49751281738281
2024-05-15,48.97979736328125
2024-05-16,48.562435150146484
2024-05-17,48.68301010131836
2024-05-20,48.664459228515625
2024-05-21,48.562435150146484
2024-05-22,48.15434646606445
2024-05-23,47.9410285949707
2024-05-24,48.404762268066406
2024-05-28,48.441864013671875
2024-05-29,47.588592529296875
2024-05-30,47.95957565307617
2024-05-31,48.247093200683594
2024-06-03,48.36766815185547
2024-06-04,48.02450180053711
2024-06-05,48.69227981567383
2024-06-06,48.82212448120117
2024-06-07,48.15434646606445
2024-06-10,47.839012145996094
2024-06-11,47.16028594970703
2024-06-12,47.93650817871094
2024-06-13,46.91416549682617
2024-06-14,45.80662536621094
2024-06-17,46.41245651245117
2024-06-18,46.6585807800293
2024-06-20,46.705909729003906
2024-06-21,46.31779479980469
2024-06-24,46.715370178222656
2024-06-25,46.705909729003906
2024-06-26,46.30833053588867
2024-06-27,46.270469665527344
2024-06-28,46.2231330871582
2024-07-01,46.686973571777344
2024-07-02,46.51658630371094
2024-07-03,47.27387619018555
2024-07-05,47.67145538330078
2024-07-08,47.349605560302734
2024-07-09,46.82897186279297
2024-07-10,47.50106430053711
2024-07-11,47.6809196472168
2024-07-12,48.33408737182617
2024-07-15,47.80398178100586
2024-07-16,47.85131072998047
2024-07-17,47.302276611328125
2024-07-18,47.03722381591797
2024-07-19,46.63018035888672
2024-07-22,47.4726676940918
2024-07-23,47.103485107421875
2024-07-24,46.41245651245117
2024-07-25,46.16633987426758
2024-07-26,46.847904205322266
2024-07-29,46.35566711425781
2024-07-30,46.45979309082031
2024-07-31,46.77217102050781
2024-08-01,45.56051254272461
2024-08-02,45.2007942199707
2024-08-05,44.452972412109375
2024-08-06,44.46243667602539
2024-08-07,44.651756286621094
2024-08-08,45.27652359008789
2024-08-09,45.427978515625
2024-08-12,45.28599166870117
2024-08-13,45.939151763916016
2024-08-14,46.175804138183594
2024-08-15,46.80057144165039
2024-08-16,47.150821685791016
2024-08-19,47.728248596191406
2024-08-20,47.63359069824219
2024-08-21,48.17315673828125
2024-08-22,47.74718475341797
2024-08-23,48.55180358886719
2024-08-26,48.3908805847168
2024-08-27,48.56127166748047
2024-08-28,48.3719482421875
2024-08-29,48.4571418762207
2024-08-30,48.627532958984375
2024-09-03,47.728248596191406
2024-09-04,47.58625793457031
2024-09-05,47.567325592041016
2024-09-06,46.734310150146484
2024-09-09,47.11295700073242
2024-09-10,46.81003189086914
2024-09-11,47.25494384765625
2024-09-12,47.519996643066406
2024-09-13,47.822914123535156
2024-09-16,48.106895446777344
2024-09-17,48.04063415527344
2024-09-18,47.89863967895508
2024-09-19,48.949378967285156
2024-09-20,48.25835418701172
2024-09-23,48.305686950683594
2024-09-24,48.90205001831055
2024-09-25,48.58967208862305
2024-09-26,49.89599609375
2024-09-27,49.97172927856445
2024-09-30,49.44162368774414
2024-10-01,48.712730407714844
2024-10-02,48.56127166748047
2024-10-03,48.05010223388672
2024-10-04,48.40034866333008
2024-10-07,48.08796310424805
2024-10-08,48.1447639465332
2024-10-09,48.267822265625
2024-10-10,48.11636734008789
2024-10-11,48.3908805847168
2024-10-14,48.65593338012695
2024-10-15,47.62412643432617
2024-10-16,47.557865142822266
2024-10-17,47.67145538330078
2024-10-18,48.1636962890625
2024-10-21,47.595726013183594
2024-10-22,47.37800216674805
2024-10-23,47.04669189453125
2024-10-24,47.349605560302734
2024-10-25,47.150821685791016
2024-10-28,47.595726013183594
2024-10-29,47.31174087524414
2024-10-30,46.91416549682617
2024-10-31,46.66804504394531
2024-11-01,46.81003189086914
2024-11-04,46.79110336303711
2024-11-05,47.245479583740234
2024-11-06,45.90129089355469
2024-11-07,46.686973571777344
2024-11-08,45.94861602783203
2024-11-11,45.92021560668945
2024-11-12,44.93574142456055
2024-11-13,44.661224365234375
2024-11-14,45.011470794677734
2024-11-15,44.89788055419922
2024-11-18,45.08720016479492
2024-11-19,44.83161926269531
2024-11-20,44.661224365234375
2024-11-21,44.49083709716797
2024-11-22,44.5286979675293
2024-11-25,44.85055160522461
2024-11-26,44.5286979675293
2024-11-27,44.774818420410156
2024-11-29,45.30491638183594
2024-12-02,45.35225296020508
2024-12-03,45.57944107055664
2024-12-04,45.835025787353516
2024-12-05,46.41245651245117
2024-12-06,46.63018035888672
2024-12-09,46.49765396118164
2024-12-10,46.23260498046875
2024-12-11,46.36512756347656
2024-12-12,46.10954284667969
2024-12-13,46.26100158691406
2024-12-16,46.100074768066406
2024-12-17,45.905662536621094
2024-12-18,44.75254440307617
2024-12-19,44.7811393737793
2024-12-20,44.914554595947266
2024-12-23,45.02891159057617
2024-12-24,45.33386993408203
2024-12-26,45.495880126953125
2024-12-27,45.31481170654297
2024-12-30,44.9240837097168
2024-12-31,44.981266021728516
2025-01-02,44.62865447998047
2025-01-03,44.704891204833984
2025-01-06,45.75318145751953
2025-01-07,45.762718200683594
2025-01-08,45.57211685180664
2025-01-10,45.23857116699219
2025-01-13,45.02891159057617
2025-01-14,45.457759857177734
2025-01-15,45.88660430908203
2025-01-16,46.4107551574707
2025-01-17,46.744300842285156
2025-01-21,47.69729232788086
2025-01-22,47.67823028564453
2025-01-23,48.11661148071289
2025-01-24,48.28814697265625
2025-01-27,48.27861785888672
2025-01-28,48.03083801269531
2025-01-29,48.154727935791016
2025-01-30,48.57404708862305
2025-01-31,48.192848205566406
2025-02-03,47.38280487060547
2025-02-04,48.0784912109375
2025-02-05,48.431095123291016
2025-02-06,48.85041046142578
2025-02-07,48.30720520019531
2025-02-10,48.65981674194336
2025-02-11,49.22208023071289
2025-02-12,49.79387664794922
2025-02-13,50.33708572387695
2025-02-14,50.632511138916016
2025-02-18,50.90887451171875
2025-02-19,50.09883117675781
2025-02-20,50.451438903808594
2025-02-21,50.12742233276367
2025-02-24,50.11789321899414
2025-02-25,50.71827697753906
2025-02-26,50.78498840332031
2025-02-27,49.8701171875
2025-02-28,49.92729568481445
2025-03-03,51.00417709350586
2025-03-04,51.109004974365234
2025-03-05,52.84345245361328
2025-03-06,52.43366622924805
2025-03-07,53.06264114379883
2025-03-10,51.699859619140625
2025-03-11,51.79515838623047
2025-03-12,51.871402740478516
2025-03-13,51.30913162231445
2025-03-14,52.54802322387695
2025-03-17,53.10076141357422
2025-03-18,53.41524887084961
2025-03-19,53.40571975708008
2025-03-20,52.557559967041016
2025-03-21,52.17635726928711
2025-03-24,52.10011672973633
2025-03-25,52.519432067871094
2025-03-26,51.55691146850586
2025-03-27,51.65221405029297
2025-03-28,51.36631393432617
2025-03-31,50.74686813354492
2025-04-01,51.03276443481445
2025-04-02,51.24242401123047
2025-04-03,50.346614837646484
2025-04-04,47.220794677734375
2025-04-07,45.81989669799805
2025-04-08,45.391048431396484
2025-04-09,49.422210693359375
2025-04-10,48.56451416015625
2025-04-11,49.70810317993164
2025-04-14,50.06071472167969
2025-04-15,50.584861755371094
2025-04-16,50.50862121582031
2025-04-17,50.842166900634766
2025-04-21,50.41332244873047
2025-04-22,51.60456466674805
2025-04-23,51.966697692871094
2025-04-24,52.69097900390625
2025-04-25,53.02452087402344
2025-04-28,53.19606018066406
2025-04-29,53.272300720214844
2025-04-30,53.10076141357422
2025-05-01,53.12934875488281
2025-05-02,54.120460510253906
2025-05-05,54.30153274536133
2025-05-06,54.20623779296875
2025-05-07,54.02516174316406
2025-05-08,54.006103515625
2025-05-09,54.454010009765625
2025-05-12,54.520721435546875
2025-05-13,54.90191650390625
2025-05-14,54.77802658081055
2025-05-15,55.19734191894531
2025-05-16,55.340293884277344
2025-05-19,56.007389068603516
2025-05-20,56.445762634277344
2025-05-21,56.13127899169922
2025-05-22,56.12174987792969
2025-05-23,55.6738395690918
2025-05-27,56.56965637207031
2025-05-28,56.007389068603516
2025-05-29,56.28376007080078
2025-05-30,56.21704864501953
2025-06-02,56.78884506225586
2025-06-03,56.369529724121094
2025-06-04,56.684017181396484
2025-06-05,56.77931594848633
2025-06-06,56.91273498535156
2025-06-09,56.8841438293457
2025-06-10,56.893672943115234
2025-06-11,56.81743621826172
2025-06-12,57.1890983581543
2025-06-13,56.22658157348633
2025-06-16,56.7111701965332
2025-06-17,55.777015686035156
2025-06-18,55.73809051513672
2025-06-20,55.59212875366211
2025-06-23,56.117591857910156
2025-06-24,56.98363494873047
2025-06-25,56.633323669433594
2025-06-26,56.96417236328125
2025-06-27,57.68425369262695
2025-06-30,57.84967803955078
2025-07-01,57.723175048828125
2025-07-02,58.073486328125
2025-07-03,58.00537109375
2025-07-07,57.67452621459961
2025-07-08,58.287567138671875
2025-07-09,59.00764465332031
2025-07-10,58.628143310546875
2025-07-11,58.073486328125
2025-07-14,58.00537109375
2025-07-15,57.33394241333008
2025-07-16,57.509098052978516
2025-07-17,57.66478729248047
2025-07-18,57.509098052978516
2025-07-21,57.723175048828125
2025-07-22,57.91779327392578
2025-07-23,59.2022590637207
2025-07-24,58.472450256347656
2025-07-25,58.66706466674805
2025-07-28,57.518829345703125
2025-07-29,57.723175048828125
2025-07-30,57.226905822753906
2025-07-31,56.5068244934082
2025-08-01,55.95216751098633
2025-08-04,56.65279006958008
2025-08-05,56.73063278198242
2025-08-06,57.226905822753906
2025-08-07,57.927520751953125
2025-08-08,58.16106414794922
2025-08-11,57.75236892700195
2025-08-12,58.32648468017578
2025-08-13,58.813026428222656
2025-08-14,59.095218658447266
2025-08-15,59.39687728881836
2025-08-18,59.08549118041992
2025-08-19,59.2022590637207
2025-08-20,59.35795211791992
2025-08-21,58.9297981262207
2025-08-22,59.8444938659668
2025-08-25,58.822757720947266
2025-08-26,58.58921813964844
2025-08-27,58.345947265625
2025-08-28,58.560028076171875
2025-08-29,58.19998550415039
2025-09-02,57.450714111328125
2025-09-03,57.55775451660156
2025-09-04,57.87887191772461
2025-09-05,58.04429626464844
2025-09-08,58.58921813964844
2025-09-09,58.58921813964844
2025-09-10,58.33621597290039
2025-09-11,58.9979133605957
2025-09-12,58.958988189697266
2025-09-15,59.52337646484375
2025-09-16,59.367679595947266
2025-09-17,59.056297302246094
2025-09-18,59.53310775756836
2025-09-19,59.4066047668457
2025-09-22,59.53310775756836
2025-09-23,59.679073333740234
2025-09-24,59.377418518066406
2025-09-25,58.91033935546875
2025-09-26,59.63041305541992
2025-09-29,59.863956451416016
2025-09-30,60.272647857666016
2025-10-01,60.94407653808594
2025-10-02,61.304115295410156
2025-10-03,61.411155700683594
2025-10-06,61.051116943359375
2025-10-07,60.44780349731445
2025-10-08,60.8370361328125
2025-10-09,60.2531852722168
2025-10-10,59.377418518066406
2025-10-13,59.82503128051758
2025-10-14,60.165611267089844
2025-10-15,60.32130432128906
2025-10-16,60.895423889160156
2025-10-17,60.87596130371094
2025-10-20,61.187347412109375
2025-10-21,60.739723205566406
2025-10-22,60.55484390258789
2025-10-23,60.99272918701172
2025-10-24,60.963539123535156
2025-10-27,61.43061828613281
2025-10-28,61.34303665161133
2025-10-29,61.13869094848633
2025-10-30,60.739723205566406
2025-10-31,60.496456146240234
2025-11-03,60.47700119018555
2025-11-04,59.76664352416992
2025-11-05,60.26292037963867
2025-11-06,59.89314651489258
2025-11-07,60.10722351074219
2025-11-10,60.85649871826172
2025-11-11,61.391693115234375
2025-11-12,62.04365539550781
2025-11-13,61.63496398925781
2025-11-14,61.099769592285156
2025-11-17,60.17534255981445
2025-11-18,59.42606735229492
2025-11-19,59.309303283691406
2025-11-20,58.46271896362305
2025-11-21,59.14387512207031
2025-11-24,59.0660285949707
2025-11-25,60.09749221801758
2025-11-26,60.739723205566406
2025-11-28,60.9732666015625
2025-12-01,60.895423889160156
2025-12-02,61.255462646484375
2025-12-03,61.673885345458984
2025-12-04,61.64469528198242
2025-12-05,61.63496398925781
2025-12-08,61.673885345458984
2025-12-09,61.508460998535156
2025-12-10,62.111778259277344
2025-12-11,62.685890197753906
2025-12-12,62.25773620605469
2025-12-15,62.59831619262695
2025-12-16,62.470603942871094
2025-12-17,61.90081024169922
2025-12-18,62.33306884765625
2025-12-19,62.667083740234375
2025-12-22,62.84391403198242
2025-12-23,62.97162628173828
2025-12-24,63.069862365722656
2025-12-26,63.19757843017578
2025-12-29,62.97162628173828
2025-12-30,63.28599166870117
2025-12-31,62.97162628173828
2026-01-02,63.86560821533203
2026-01-05,64.39610290527344
2026-01-06,64.4845199584961
2026-01-07,64.31751251220703
2026-01-08,64.30768585205078
2026-01-09,64.7694091796875
2026-01-12,65.17218780517578
2026-01-13,64.90694427490234
2026-01-14,64.9167709350586
2026-01-15,64.75958251953125
2026-01-16,64.8971176147461
2026-01-20,63.78701400756836
2026-01-21,64.50416564941406
2026-01-22,64.87747955322266
2026-01-23,65.2999038696289
2026-01-26,65.77145385742188
2026-01-27,66.80297088623047
2026-01-28,65.98757934570312
2026-01-29,66.0268783569336
2026-01-30,65.48656463623047
2026-02-02,66.08582305908203
2026-02-03,65.88934326171875
2026-02-04,65.70268249511719
2026-02-05,64.99536895751953
2026-02-06,66.16441345214844
2026-02-09,67.18610382080078
2026-02-10,66.99945068359375
2026-02-11,67.05839538574219
2026-02-12,66.43948364257812
2026-02-13,66.18406677246094
2026-02-17,66.6850814819336
2026-02-18,66.92086029052734
2026-02-19,66.61631774902344
2026-02-20,67.47100067138672
2026-02-23,67.22540283203125
2026-02-24,67.33346557617188
2026-02-25,68.01132202148438
2026-02-26,67.84431457519531
2026-02-27,67.37276458740234
2026-03-02,65.63391876220703
2026-03-03,63.3940544128418
2026-03-04,64.17997741699219
2026-03-05,62.83409118652344
2026-03-06,62.195533752441406
2026-03-09,62.74567413330078
2026-03-10,62.912681579589844
2026-03-11,62.912681579589844
2026-03-12,61.881168365478516
2026-03-13,61.075599670410156
2026-03-16,62.097293853759766
2026-03-17,62.411659240722656
2026-03-18,61.29172897338867
2026-03-19,61.31137466430664
2026-03-20,59.130455017089844
2026-03-23,60.81035614013672
2026-03-24,60.44686508178711
2026-03-25,61.18366241455078
2026-03-26,59.91637420654297
2026-03-27,59.18939971923828
2026-03-30,59.287635803222656
2026-03-31,61.53732681274414
2026-04-01,62.40183639526367
2026-04-02,61.999053955078125
2026-04-06,62.45095443725586
2026-04-07,62.37236404418945
2026-04-08,65.0936050415039
2026-04-09,65.18201446533203
2026-04-10,65.42761993408203
2026-04-13,65.899169921875
2026-04-14,66.50824737548828
2026-04-15,66.23318481445312
2026-04-16,65.85987091064453
2026-04-17,67.01910400390625
2026-04-20,66.75385284423828
2026-04-21,65.2999038696289
2026-04-22,65.38832092285156
2026-04-23,64.79888153076172
2026-04-24,65.33920288085938
2026-04-27,64.98554229736328
2026-04-28,64.65151977539062
2026-04-29,64.01296997070312
2026-04-30,65.447265625
2026-05-01,65.51603698730469
2026-05-04,63.97367477416992
2026-05-05,65.41779327392578
2026-05-06,67.51029968261719
2026-05-07,66.01705169677734
2026-05-08,66.66543579101562
2026-05-11,66.41983795166016
2026-05-12,65.60444641113281
2026-05-13,66.07600402832031
2026-05-14,66.10546875
2026-05-15,64.77923583984375
2026-05-18,65.59461975097656
2026-05-19,65.04447937011719
2026-05-20,66.63597106933594
2026-05-21,67.0682144165039
2026-05-22,66.81279754638672
2026-05-26,67.94255828857422
2026-05-27,67.77554321289062
2026-05-28,67.5888900756836
2026-05-29,67.56924438476562
2026-06-01,67.62818145751953
2026-06-02,68.119384765625
2026-06-03,67.34329223632812
2026-06-04,68.08991241455078
2026-06-05,66.43948364257812
2026-06-08,66.8815689086914
2026-06-09,67.29417419433594
2026-06-10,66.2528305053711
2026-06-11,68.6989974975586
2026-06-12,68.6989974975586
2026-06-15,69.27999877929688
2026-06-16,69.33999633789062
2026-06-17,68.97000122070312
2026-06-18,69.30999755859375
2026-06-22,69.3499984741211
2026-06-23,67.98999786376953
2026-06-24,67.5199966430664
2026-06-25,68.4000015258789
2026-06-26,67.73999786376953
2026-06-29,68.5999984741211
2026-06-30,69.5
2026-07-01,68.3499984741211
2026-07-02,69.22000122070312
2026-07-06,69.87999725341797
2026-07-07,68.83999633789062
2026-07-08,68.19000244140625
2026-07-09,68.51000213623047
2026-07-10,68.55999755859375
2026-07-13,67.9000015258789
