date,adj close
1984-01-03,22.01112849459004
1984-01-04,22.109169966554468
1984-01-05,22.185387104976584
1984-01-06,22.030979501640203
1984-01-09,22.012664320635672
1984-01-10,22.091993653505643
1984-01-11,22.0414769147831
1984-01-12,22.06471085997301
1984-01-13,22.120143862007296
1984-01-16,22.081055956032884
1984-01-17,22.16037135939808
1984-01-18,22.187754169211093
1984-01-19,22.174631629863622
1984-01-20,22.045193736532525
1984-01-23,21.930302431710913
1984-01-24,22.037650988161293
1984-01-25,21.986111258841355
1984-01-26,21.99895665938463
1984-01-27,22.326427971229528
1984-01-30,22.155475486029207
1984-01-31,21.962727972697905
1984-02-01,22.313013327388287
1984-02-02,22.09016399025486
1984-02-03,21.938965257456836
1984-02-06,21.786736335055785
1984-02-07,21.673966910724523
1984-02-08,21.6587881700488
1984-02-09,21.351906220508887
1984-02-10,21.10836452040937
1984-02-13,20.86794976401055
1984-02-14,20.8092009517822
1984-02-15,20.937290349591407
1984-02-16,20.939780903975382
1984-02-17,21.06681985753625
1984-02-21,21.04854915579127
1984-02-22,21.170389331427263
1984-02-23,21.144851129549306
1984-02-24,21.314418348303377
1984-02-27,21.568033272770737
1984-02-28,21.38475269904237
1984-02-29,21.51279060065632
1984-03-01,21.5806347680198
1984-03-02,21.74912673459636
1984-03-05,21.9362847260074
1984-03-06,22.008261377451213
1984-03-07,21.898666117349265
1984-03-08,22.0443016892957
1984-03-09,22.204454793655454
1984-03-12,22.114573534769686
1984-03-13,22.147113400016156
1984-03-14,22.030266165831723
1984-03-15,22.083553304829604
1984-03-16,21.960492790543952
1984-03-19,22.026225778236793
1984-03-20,21.978892250447927
1984-03-21,22.065366596713844
1984-03-22,22.284595516130864
1984-03-23,22.39076047975366
1984-03-26,22.47617668684729
1984-03-27,22.452691278857145
1984-03-28,22.438540552087577
1984-03-29,22.51150362436712
1984-03-30,22.521202831348045
1984-04-02,22.603491538953215
1984-04-03,22.691996799753408
1984-04-04,22.749388811651727
1984-04-05,22.494673757841948
1984-04-06,22.416239786038144
1984-04-09,22.39276227440661
1984-04-10,22.34336619164515
1984-04-11,22.279458356990727
1984-04-12,22.010281005217426
1984-04-13,22.095672632005293
1984-04-16,22.129225459258087
1984-04-17,22.1078343009593
1984-04-18,22.169372128038496
1984-04-19,22.20913894799364
1984-04-23,22.357741543935955
1984-04-24,22.24616929030961
1984-04-25,22.040281191611037
1984-04-26,21.932870171494717
1984-04-27,21.884542645678376
1984-04-30,21.838289633955153
1984-05-01,21.886348980258333
1984-05-02,22.05772951065645
1984-05-03,22.050853878837746
1984-05-04,22.12377368686121
1984-05-07,22.020526681592763
1984-05-08,22.04163244267709
1984-05-09,22.14148607998247
1984-05-10,22.183309629872433
1984-05-11,22.114265175163546
1984-05-14,22.142617353510584
1984-05-15,22.068397581115335
1984-05-16,22.344359640207156
1984-05-17,22.392386565071813
1984-05-18,22.595805390381933
1984-05-21,22.65728960556128
1984-05-22,22.56545523495477
1984-05-23,22.473627902187346
1984-05-24,22.4905681678991
1984-05-25,22.453644783030864
1984-05-29,22.280001402693163
1984-05-30,22.278303127153485
1984-05-31,22.21549634707136
1984-06-01,22.1526932909281
1984-06-04,22.142713454764888
1984-06-05,22.129627442366832
1984-06-06,22.07408241978475
1984-06-07,21.943979954121847
1984-06-08,21.81284869157395
1984-06-11,21.685868131019134
1984-06-12,21.625166791410035
1984-06-13,21.6659401566428
1984-06-14,21.633197900659813
1984-06-15,21.629448046478142
1984-06-18,21.662970974792835
1984-06-19,21.777246480432055
1984-06-20,21.720692007031065
1984-06-21,21.57407417599565
1984-06-22,21.425395771059417
1984-06-25,21.485834135828412
1984-06-26,21.291619780568094
1984-06-27,21.293056806635093
1984-06-28,21.366948880665
1984-06-29,21.528819704851895
1984-07-02,21.306680595842153
1984-07-03,21.189090026985948
1984-07-05,21.03838800519564
1984-07-06,21.036727484921
1984-07-09,21.061974278940458
1984-07-10,20.976486129393816
1984-07-11,20.802007149430583
1984-07-12,20.782760411678467
1984-07-13,20.7448893050979
1984-07-16,20.732889462852352
1984-07-17,20.675363512059594
1984-07-18,20.61473542110651
1984-07-19,20.56031868414679
1984-07-20,20.47176194167763
1984-07-23,20.25181655132072
1984-07-24,20.051541493702818
1984-07-25,19.93404069243441
1984-07-26,19.81137400474532
1984-07-27,19.71147494339594
1984-07-30,19.73157700802583
1984-07-31,19.75167785928999
1984-08-01,20.04175336575282
1984-08-02,20.31733074083027
1984-08-03,20.37878645090548
1984-08-06,20.416448484944016
1984-08-07,20.42721786300452
1984-08-08,20.389377308689525
1984-08-09,20.57079180731627
1984-08-10,20.494683609621926
1984-08-13,20.455810791074367
1984-08-14,20.5782618177402
1984-08-15,20.534218051464133
1984-08-16,20.633910148952346
1984-08-17,20.45544412716308
1984-08-20,20.306973800865308
1984-08-21,20.42424080372255
1984-08-22,20.57872235040225
1984-08-23,20.53055142401379
1984-08-24,20.67261468792606
1984-08-27,20.696810521142066
1984-08-28,20.672417431421128
1984-08-29,20.56945779579879
1984-08-30,20.51922629066968
1984-08-31,20.533087534709527
1984-09-04,20.4642529461728
1984-09-05,20.409895093497305
1984-09-06,20.52712046865351
1984-09-07,20.45415690165527
1984-09-10,20.67266399438699
1984-09-11,20.70718837207847
1984-09-12,20.79028526287131
1984-09-13,20.770030350911973
1984-09-14,20.737375879008464
1984-09-17,20.613783022956788
1984-09-18,20.67413989697367
1984-09-19,20.77375763732919
1984-09-20,20.733874485049483
1984-09-21,20.70535829953393
1984-09-24,20.64274625350647
1984-09-25,20.680362180663387
1984-09-26,20.6611484262367
1984-09-27,20.647103493237186
1984-09-28,20.5752027745272
1984-10-01,20.647939573195533
1984-10-02,20.654557287315228
1984-10-03,20.650843581162327
1984-10-04,20.652293851853617
1984-10-05,20.57523996488014
1984-10-08,20.571528896396124
1984-10-09,20.637023124188843
1984-10-10,20.64570450503888
1984-10-11,20.660582218609804
1984-10-12,20.58044111627869
1984-10-15,20.53025346576133
1984-10-16,20.510021312724177
1984-10-17,20.28943887024653
1984-10-18,20.141158230643324
1984-10-19,20.090991163071532
1984-10-22,20.27213839110315
1984-10-23,20.338653868500824
1984-10-24,20.47434779273511
1984-10-25,20.490259546314725
1984-10-26,20.5381780474583
1984-10-29,20.384759552859684
1984-10-30,20.37382769974623
1984-10-31,20.57867400528875
1984-11-01,20.74530857781625
1984-11-02,20.637326231482
1984-11-05,20.63774378910944
1984-11-06,20.71248703818174
1984-11-07,20.804775795862167
1984-11-08,20.93008988064412
1984-11-09,20.920175888810885
1984-11-12,20.91955326452848
1984-11-13,20.94473433207991
1984-11-14,20.944110976891455
1984-11-15,20.9465853457065
1984-11-16,21.017172395272837
1984-11-19,20.900960676650847
1984-11-20,20.94265072848459
1984-11-21,20.97195365996579
1984-11-23,20.932117149287254
1984-11-26,20.683836928861044
1984-11-27,20.651233615613116
1984-11-28,20.65784262708124
1984-11-29,20.69643547024231
1984-11-30,20.69685229054384
1984-12-03,20.60853715908199
1984-12-04,20.647129540665784
1984-12-05,20.709447942950284
1984-12-06,20.703672999274698
1984-12-07,20.515300397988938
1984-12-10,20.345508544559728
1984-12-11,20.32324109052008
1984-12-12,20.28343751790447
1984-12-13,20.26632944886214
1984-12-14,20.25644342867356
1984-12-17,20.288847382916867
1984-12-18,20.24286129980207
1984-12-19,20.121587767612468
1984-12-20,20.067358407089326
1984-12-21,20.258586113062034
1984-12-24,20.315734953655657
1984-12-26,20.367723786852775
1984-12-27,20.18871612562937
1984-12-28,20.159241964690032
1984-12-31,20.161735351191737
1985-01-02,20.02502661619648
1985-01-03,19.915132532505663
1985-01-04,19.77328361940039
1985-01-07,19.927351118064
1985-01-08,19.69168800638271
1985-01-09,19.755022103470743
1985-01-10,19.91216905082898
1985-01-11,19.8569379301227
1985-01-14,20.04087653902831
1985-01-15,19.98461296655171
1985-01-16,19.84073350839543
1985-01-17,19.945284497264083
1985-01-18,20.012721692826094
1985-01-21,20.034802338567697
1985-01-22,19.7930204044778
1985-01-23,19.7852174417383
1985-01-24,19.730004743162617
1985-01-25,19.74075431736589
1985-01-28,19.785512552976304
1985-01-29,19.848817238843967
1985-01-30,19.912118145171203
1985-01-31,19.96820267413123
1985-02-01,20.13557343587274
1985-02-04,20.091696419569228
1985-02-05,20.186924545997304
1985-02-06,20.017343833260107
1985-02-07,19.91886659003044
1985-02-08,19.95021293774908
1985-02-11,19.954770862537707
1985-02-12,19.78212663040569
1985-02-13,19.730027288702725
1985-02-14,19.66247737620846
1985-02-15,19.803023836973335
1985-02-19,19.62731283570723
1985-02-20,19.54535235952764
1985-02-21,19.48708765075083
1985-02-22,19.37320404093094
1985-02-25,19.138819380552633
1985-02-26,19.341151527333032
1985-02-27,19.37456394642501
1985-02-28,19.3853163354404
1985-03-01,19.50626533109272
1985-03-04,19.58086291998065
1985-03-05,19.48347748970118
1985-03-06,19.668258721054425
1985-03-07,19.73872647943529
1985-03-08,19.753584207272382
1985-03-11,19.766382783636335
1985-03-12,19.84713694564447
1985-03-13,19.911413415905297
1985-03-14,19.836689566522875
1985-03-15,19.841247343860704
1985-03-18,20.0115604370382
1985-03-19,20.2333372048697
1985-03-20,20.077284584248034
1985-03-21,20.298017300768404
1985-03-22,20.38594300301022
1985-03-25,20.38019060929343
1985-03-26,20.548398133645993
1985-03-27,20.518965624154184
1985-03-28,20.419542078061585
1985-03-29,20.37467681257282
1985-04-01,20.373040186300425
1985-04-02,20.335382534806534
1985-04-03,20.303901881452052
1985-04-04,20.406211596186484
1985-04-08,20.399429862704327
1985-04-09,20.37721296003122
1985-04-10,20.283991214947257
1985-04-11,20.03025011452721
1985-04-12,19.681856062243224
1985-04-15,19.7522684567756
1985-04-16,19.649816476675444
1985-04-17,19.486666226068657
1985-04-18,19.504606617675893
1985-04-19,19.593534048086592
1985-04-22,19.615584677092748
1985-04-23,19.469943731480974
1985-04-24,19.47759438191156
1985-04-25,19.40191930258524
1985-04-26,19.387968532041068
1985-04-29,19.4377958560343
1985-04-30,19.27778123494
1985-05-01,19.230921381060536
1985-05-02,19.089437291186968
1985-05-03,18.849222480868573
1985-05-06,18.857917567598435
1985-05-07,18.877925287935547
1985-05-08,18.969923402524454
1985-05-09,19.174010024679443
1985-05-10,19.269078853407606
1985-05-13,19.303468631133548
1985-05-14,19.32962966423349
1985-05-15,19.351676689682964
1985-05-16,19.256501876524645
1985-05-17,19.234337027375364
1985-05-20,19.322187346115033
1985-05-21,19.276374612182643
1985-05-22,19.27580091055728
1985-05-23,19.374952810653344
1985-05-24,19.527557165553706
1985-05-28,19.32239768509852
1985-05-29,19.301261242872243
1985-05-30,19.220504862733645
1985-05-31,19.285721205874932
1985-06-03,19.317012307865497
1985-06-04,19.14478105431229
1985-06-05,18.992089530728048
1985-06-06,19.087112525027905
1985-06-07,19.10915442150985
1985-06-10,18.96058946948509
1985-06-11,19.00216090025681
1985-06-12,19.008790008120037
1985-06-13,19.000002731711874
1985-06-14,18.92955861008319
1985-06-17,18.868365195658157
1985-06-18,18.840060191770764
1985-06-19,18.816893333875615
1985-06-20,18.676591125577737
1985-06-21,18.673979866120067
1985-06-24,18.476153076954485
1985-06-25,18.457108757145388
1985-06-26,18.491491980774818
1985-06-27,18.49505039761173
1985-06-28,18.496555051776443
1985-07-01,18.19911462902382
1985-07-02,18.32492675240116
1985-07-03,18.369580159857748
1985-07-05,18.4943530792742
1985-07-08,18.34999669157169
1985-07-09,18.357667932032232
1985-07-10,18.462914534389025
1985-07-11,18.353494076435187
1985-07-12,18.253323264198983
1985-07-15,18.114132512162833
1985-07-16,18.170076854336788
1985-07-17,18.161321743612987
1985-07-18,18.096083908424607
1985-07-19,17.862437926132056
1985-07-22,17.849584343496332
1985-07-23,17.8223557933794
1985-07-24,17.787940421736124
1985-07-25,17.93732004781514
1985-07-26,17.862860082483447
1985-07-29,17.68778650024972
1985-07-30,17.68520626271501
1985-07-31,17.82019949549518
1985-08-01,17.83198816055305
1985-08-02,17.855068737135014
1985-08-05,18.000311144291764
1985-08-06,17.92894417920994
1985-08-07,17.910960175365652
1985-08-08,17.9196650087946
1985-08-09,18.00843183949112
1985-08-12,18.12901353073765
1985-08-13,17.963226159050308
1985-08-14,18.113565517837827
1985-08-15,18.255685181802107
1985-08-16,18.1391703442997
1985-08-19,17.91490625327101
1985-08-20,17.88255861127659
1985-08-21,17.985673582681766
1985-08-22,17.92767305229194
1985-08-23,18.024622370991604
1985-08-26,17.976884243761063
1985-08-27,18.091271005295056
1985-08-28,18.030194579780492
1985-08-29,17.95681164353084
1985-08-30,18.109148162711588
1985-09-03,18.023454667071597
1985-09-04,18.06087855479742
1985-09-05,18.039823445401343
1985-09-06,18.141872970797444
1985-09-09,17.92693256146485
1985-09-10,18.21054688944231
1985-09-11,18.19769613445849
1985-09-12,18.409482397414777
1985-09-13,18.403805622055195
1985-09-16,18.51403169892701
1985-09-17,18.640662015123816
1985-09-18,18.78369355014677
1985-09-19,18.786211158636885
1985-09-20,18.850262839142896
1985-09-23,18.996353393251276
1985-09-24,19.080904672277224
1985-09-25,19.127507491487496
1985-09-26,19.203846121104
1985-09-30,19.33350186758013
1985-10-01,19.388296187494095
1985-10-02,19.482050940457896
1985-10-03,19.59118080542307
1985-10-04,19.544460140414515
1985-10-07,19.523372083786132
1985-10-08,19.698105312538168
1985-10-09,19.518109855664697
1985-10-10,19.46011998899034
1985-10-11,19.633813295571873
1985-10-14,19.688585437990294
1985-10-15,19.736176478717912
1985-10-16,19.71713906998298
1985-10-17,19.798553557177268
1985-10-18,19.872787565879563
1985-10-21,19.97674162053077
1985-10-22,20.043792256419454
1985-10-23,20.148759353493347
1985-10-24,20.197352557337723
1985-10-25,20.225446564431316
1985-10-28,20.277108837402587
1985-10-29,20.326719608658713
1985-10-30,20.388623778291983
1985-10-31,20.598082515100536
1985-11-01,20.712232940018765
1985-11-04,20.590708800734575
1985-11-05,20.54603662758688
1985-11-06,20.53517864621422
1985-11-07,20.557107841080228
1985-11-08,20.507319225811223
1985-11-11,20.594815534341905
1985-11-12,20.443606144318807
1985-11-13,20.247330420235848
1985-11-14,20.332778885523062
1985-11-15,20.136518138188578
1985-11-18,20.164600292163207
1985-11-19,20.32071972111567
1985-11-20,20.37747444919596
1985-11-21,20.57250030355552
1985-11-22,20.591348473199226
1985-11-25,20.587663189245127
1985-11-26,20.662837295244483
1985-11-27,20.54547162333455
1985-11-29,20.64112569754951
1985-12-02,20.671233747730945
1985-12-03,20.512917347999466
1985-12-04,20.40580919802542
1985-12-05,20.514768147993287
1985-12-06,20.311415063450102
1985-12-09,20.14698498390382
1985-12-10,19.726591908797328
1985-12-11,19.8703685754123
1985-12-12,19.972159555184664
1985-12-13,20.088277517465997
1985-12-16,19.95151898691869
1985-12-17,19.685778897527832
1985-12-18,19.641173037305222
1985-12-19,19.965091966094615
1985-12-20,19.995207307149595
1985-12-23,19.951620757746426
1985-12-24,20.146531110290887
1985-12-26,20.290252409286406
1985-12-27,20.276342278622423
1985-12-30,20.06694773035331
1985-12-31,20.06327868811236
1986-01-02,19.7495128975452
1986-01-03,19.554480328462876
1986-01-06,19.7585715772323
1986-01-07,19.72626035850226
1986-01-08,19.31532676680457
1986-01-09,19.185819895229013
1986-01-10,19.230271862520677
1986-01-13,18.722185026730106
1986-01-14,18.602939885609736
1986-01-15,18.69242249011116
1986-01-16,18.48110346775583
1986-01-17,18.309697538902995
1986-01-20,18.251861520372465
1986-01-21,18.000676507020152
1986-01-22,18.017531554193905
1986-01-23,18.19294589673187
1986-01-24,18.06555961529926
1986-01-27,18.250167857117894
1986-01-28,18.19541235129197
1986-01-29,18.07928869247456
1986-01-30,18.015336548142123
1986-01-31,17.789787969299763
1986-02-03,17.307540564919943
1986-02-04,16.763959806498573
1986-02-05,17.210376589942395
1986-02-06,17.178162106829337
1986-02-07,17.647039858347366
1986-02-10,17.264061017216658
1986-02-11,17.046762720522466
1986-02-12,16.87651338489036
1986-02-13,16.837155261765478
1986-02-14,16.769170192537366
1986-02-18,16.53759840849582
1986-02-19,16.612765653405653
1986-02-20,16.495719179176554
1986-02-21,16.516696843408464
1986-02-24,16.824948130879456
1986-02-25,17.125002668670774
1986-02-26,17.042711393495647
1986-02-27,16.806068004979814
1986-02-28,16.653258761139274
1986-03-03,16.344066141117406
1986-03-04,16.50405691213187
1986-03-05,16.577157972599842
1986-03-06,16.96403322477709
1986-03-07,16.63442719150498
1986-03-10,16.78416945708041
1986-03-11,16.853166175581272
1986-03-12,17.153121500666707
1986-03-13,16.957421692965738
1986-03-14,16.816917100735584
1986-03-17,16.996265174767363
1986-03-18,17.029480241177463
1986-03-19,17.049409292864922
1986-03-20,17.06627193080344
1986-03-21,17.254788178150317
1986-03-24,16.931411116879566
1986-03-25,17.056574374441507
1986-03-26,16.86092975049627
1986-03-27,16.714336037989938
1986-03-31,16.349127983928017
1986-04-01,16.383375802533934
1986-04-02,16.353262819642207
1986-04-03,16.109659139190754
1986-04-04,16.142886938701363
1986-04-07,16.443733473295033
1986-04-08,15.924365926869651
1986-04-09,15.985173967651118
1986-04-10,15.932609845795076
1986-04-11,15.9474548547727
1986-04-14,15.818298151288111
1986-04-15,15.610511686093547
1986-04-16,15.312868976890677
1986-04-17,15.546268531961084
1986-04-18,15.639753152723353
1986-04-21,15.684218014289874
1986-04-22,15.87571844836383
1986-04-23,15.93344814378649
1986-04-24,16.045288235464295
1986-04-25,16.12036654755221
1986-04-28,16.163790033655424
1986-04-29,16.419568583920665
1986-04-30,16.6916672193155
1986-05-01,16.471678194920223
1986-05-02,16.553877886570646
1986-05-05,16.6095315063451
1986-05-06,16.654973123554846
1986-05-07,16.72797339907699
1986-05-08,17.047989484013033
1986-05-09,16.986238554808082
1986-05-12,16.638700755978988
1986-05-13,16.67698934675416
1986-05-14,16.62954519332723
1986-05-15,16.488207912011784
1986-05-16,16.428524378191526
1986-05-19,16.433138405665915
1986-05-20,16.14894998209234
1986-05-21,15.959681642737436
1986-05-22,16.060230776969785
1986-05-23,16.20669206335671
1986-05-27,16.061315980921023
1986-05-28,16.105733576258746
1986-05-29,15.945063433128484
1986-05-30,15.7221668033756
1986-06-02,15.63089603745682
1986-06-03,15.559013708312047
1986-06-04,15.417764607080224
1986-06-05,15.71213356787045
1986-06-06,15.632095469174784
1986-06-09,15.317437583090928
1986-06-10,15.107866143409238
1986-06-11,15.068654348842758
1986-06-12,15.06922688627894
1986-06-13,15.16465547602426
1986-06-16,14.961234562706904
1986-06-17,15.075020042374453
1986-06-18,15.244893120346552
1986-06-19,15.328068814400714
1986-06-20,15.33985010275669
1986-06-23,15.28942273852346
1986-06-24,15.399103128448646
1986-06-25,15.604632870566668
1986-06-26,15.689823773179636
1986-06-27,15.773990484600292
1986-06-30,15.544099693574577
1986-07-01,15.411086219195257
1986-07-02,15.444274177656494
1986-07-03,15.506007667255387
1986-07-07,15.140554810809396
1986-07-08,14.954556487516951
1986-07-09,14.888865608273452
1986-07-10,14.83846955483506
1986-07-11,14.71264146448278
1986-07-14,14.79477272505678
1986-07-15,15.11644578591893
1986-07-16,15.43911864609042
1986-07-17,15.213396353310818
1986-07-18,15.380101296102398
1986-07-21,15.553931676530253
1986-07-22,15.376128309441606
1986-07-23,15.305348114716953
1986-07-24,15.298778045433613
1986-07-25,15.376794113158155
1986-07-28,15.614799205308444
1986-07-29,15.632678066115774
1986-07-30,15.534386880319325
1986-07-31,15.319939169349938
1986-08-01,15.465192563084344
1986-08-04,15.744935741140162
1986-08-05,15.882018164433235
1986-08-06,15.785772227806556
1986-08-07,16.007406887765942
1986-08-08,15.994705357669863
1986-08-11,16.032943121810924
1986-08-12,16.15471453533376
1986-08-13,16.15728974801687
1986-08-14,16.203668858224813
1986-08-15,16.320330752963812
1986-08-18,16.356515413227235
1986-08-19,16.100363128488873
1986-08-20,16.200720299015998
1986-08-21,16.34486905081154
1986-08-22,16.3331790469016
1986-08-25,16.32658237795343
1986-08-26,16.500250082048343
1986-08-27,16.552715110689817
1986-08-28,16.556296852501625
1986-08-29,16.695317241204272
1986-09-02,16.793597291226963
1986-09-03,16.885762017344526
1986-09-04,16.881185565363335
1986-09-05,16.87762859227391
1986-09-08,16.65414250104164
1986-09-09,16.50703068512001
1986-09-10,16.248951257739037
1986-09-11,16.25152184774825
1986-09-12,16.25409227037039
1986-09-15,16.14976758576608
1986-09-16,16.169646899118945
1986-09-17,16.283180849255363
1986-09-18,16.347845176562007
1986-09-19,16.470526455598268
1986-09-22,16.212509455501227
1986-09-23,16.268009673547777
1986-09-24,16.091440998626105
1986-09-25,16.000377822843056
1986-09-26,16.067073323690916
1986-09-29,16.22536245144571
1986-09-30,16.10479042539542
1986-10-01,16.199973310900376
1986-10-02,16.138431537489733
1986-10-03,15.867263995917462
1986-10-06,15.852545572507328
1986-10-07,16.1410616080488
1986-10-08,16.0927572362952
1986-10-09,16.168590675473755
1986-10-10,16.078571751637202
1986-10-13,16.132017309706022
1986-10-14,16.196651225151935
1986-10-15,16.296890124116103
1986-10-16,16.253676688189802
1986-10-17,16.29592008222489
1986-10-20,16.42869942817915
1986-10-21,16.41702059046706
1986-10-22,16.327015548144036
1986-10-23,16.191242345030812
1986-10-24,16.190760462818165
1986-10-27,16.3184386479358
1986-10-28,16.22946531041188
1986-10-29,16.076421051980745
1986-10-30,16.33528765911047
1986-10-31,16.296155991113704
1986-11-03,16.340416989443046
1986-11-04,16.46603352879279
1986-11-05,16.440120367797103
1986-11-06,16.524033442343928
1986-11-07,16.445242724256534
1986-11-10,16.456956335835326
1986-11-11,16.36190306450412
1986-11-12,16.32379601665891
1986-11-13,16.35076266266652
1986-11-14,16.28622268220948
1986-11-17,16.197287171059834
1986-11-18,16.277119868736143
1986-11-19,16.302050957168273
1986-11-20,16.24260332154823
1986-11-21,16.202474113826206
1986-11-24,16.13896752393993
1986-11-25,16.186262811514442
1986-11-26,16.2366045585784
1986-11-28,16.340814467029585
1986-12-01,16.534461151262885
1986-12-02,16.36728287632749
1986-12-03,16.232638499286054
1986-12-04,16.27179174278806
1986-12-05,16.279437955614675
1986-12-08,16.163100092827715
1986-12-09,16.056930510700596
1986-12-10,16.156041062382222
1986-12-11,16.255144168125234
1986-12-12,16.297337953207183
1986-12-15,16.22775839075429
1986-12-16,16.168342798970237
1986-12-17,16.067272471821624
1986-12-18,16.066794279188535
1986-12-19,16.020597064353993
1986-12-22,16.11155560459955
1986-12-23,16.16390463266194
1986-12-24,16.231488339795057
1986-12-26,16.20764080241685
1986-12-29,16.179730464875266
1986-12-30,16.171122305030224
1986-12-31,16.177752183838656
1987-01-02,16.26360799749728
1987-01-05,16.22351118746349
1987-01-06,16.29209562483577
1987-01-07,16.296689317698306
1987-01-08,16.480031834538007
1987-01-09,16.53539929517915
1987-01-12,16.67505382558624
1987-01-13,16.585191681742046
1987-01-14,16.723821455955225
1987-01-15,16.655287232875942
1987-01-16,16.639558973631363
1987-01-19,16.465429132752938
1987-01-20,16.60201468273109
1987-01-21,16.588322056900736
1987-01-22,16.71169769552237
1987-01-23,16.69089325542999
1987-01-26,16.72187090067677
1987-01-27,16.6279706083872
1987-01-28,16.646764788329893
1987-01-29,16.70108942125939
1987-01-30,16.805151696840976
1987-02-02,16.69603399553266
1987-02-03,16.615346458046147
1987-02-04,16.552933868712973
1987-02-05,16.662063485097132
1987-02-06,16.5336779568324
1987-02-09,16.441840212088486
1987-02-10,16.451500775150656
1987-02-11,16.170898247158
1987-02-12,16.062841264034287
1987-02-13,16.0339478887723
1987-02-17,15.997951829559227
1987-02-18,15.846274983777242
1987-02-19,15.856965637143588
1987-02-20,16.153804716035744
1987-02-23,15.84790394557696
1987-02-24,15.712482919220047
1987-02-25,15.512134035579358
1987-02-26,15.667919224520306
1987-02-27,15.662381333255016
1987-03-02,15.637565809964196
1987-03-03,15.96985762025226
1987-03-04,16.053583897323442
1987-03-05,16.16773883367207
1987-03-06,16.352895690642413
1987-03-09,16.32502017826428
1987-03-10,16.358008195947324
1987-03-11,16.376793759539726
1987-03-12,16.40977669939992
1987-03-13,16.373790001506027
1987-03-16,16.46458310531167
1987-03-17,16.607096186376015
1987-03-18,16.449404677058848
1987-03-19,16.59292328013114
1987-03-20,16.55896351458456
1987-03-23,16.567598612881266
1987-03-24,16.794252414096395
1987-03-25,16.647732990958676
1987-03-26,16.640140377698817
1987-03-27,16.671077728640945
1987-03-30,16.675651537464706
1987-03-31,16.691378046691757
1987-04-01,16.728394054761257
1987-04-02,16.74614460048112
1987-04-03,16.702053033172273
1987-04-06,16.705610394305857
1987-04-07,16.78215930800284
1987-04-08,16.662039900723837
1987-04-09,16.687900964871773
1987-04-10,16.437029919012783
1987-04-13,16.42133533862968
1987-04-14,16.442132891904297
1987-04-15,16.656519890785827
1987-04-16,16.712782166877005
1987-04-20,16.731541703409537
1987-04-21,16.88002543129342
1987-04-22,16.823782982118704
1987-04-23,17.077651655516878
1987-04-24,17.187602549992818
1987-04-27,17.18405105727979
1987-04-28,17.227112076859147
1987-04-29,17.08980479818665
1987-04-30,17.243312033206404
1987-05-01,17.29042122776919
1987-05-04,17.469245164219245
1987-05-05,17.514318026022092
1987-05-06,17.693124692807526
1987-05-07,17.550761953525846
1987-05-08,17.616089804448464
1987-05-11,17.853635092838925
1987-05-12,17.547168347799737
1987-05-13,17.34911161989852
1987-05-14,17.457996058800983
1987-05-15,17.5790287891973
1987-05-18,17.41643961210243
1987-05-19,17.51518289238924
1987-05-20,17.313105807812192
1987-05-21,17.503000756710463
1987-05-22,17.56122017073722
1987-05-26,17.590068357866535
1987-05-27,17.594608791685722
1987-05-28,17.48876372607625
1987-05-29,17.455838677500882
1987-06-01,17.51709008287978
1987-06-02,17.597576069600528
1987-06-03,17.655781987184966
1987-06-04,17.700822369644488
1987-06-05,17.71345722944883
1987-06-08,17.701792626013052
1987-06-09,17.64355655821169
1987-06-10,17.58228524611216
1987-06-11,17.567588478300227
1987-06-12,17.632868810764403
1987-06-15,17.833799455710672
1987-06-16,17.799862395446414
1987-06-17,17.734547029662938
1987-06-18,17.797791198741397
1987-06-19,17.793211774307295
1987-06-22,17.468783098716433
1987-06-23,17.560369671830102
1987-06-24,17.466731722217887
1987-06-25,17.568432894799585
1987-06-26,17.781455764233613
1987-06-29,17.763722143463134
1987-06-30,17.787482135119188
1987-07-01,17.882078627473632
1987-07-02,18.017146665887
1987-07-06,18.18054017520193
1987-07-07,18.002919187708702
1987-07-08,17.931553864169764
1987-07-09,17.967445930630085
1987-07-10,17.833353577481592
1987-07-13,17.6668935712716
1987-07-14,17.683567058704416
1987-07-15,17.82164520903226
1987-07-16,17.91115370522297
1987-07-17,17.88431690855999
1987-07-20,17.990004378417705
1987-07-21,17.720387323556395
1987-07-22,17.835178471831515
1987-07-23,17.661676510141184
1987-07-24,17.389059044575504
1987-07-27,17.459343562809973
1987-07-28,17.82294017843881
1987-07-29,17.87500311125292
1987-07-30,17.920993400891792
1987-07-31,17.982152008088434
1987-08-03,18.290067526612077
1987-08-04,18.17423695937863
1987-08-05,17.87841040243091
1987-08-06,17.82226077231204
1987-08-07,17.78330455431699
1987-08-10,17.73929606645496
1987-08-11,17.864147463591706
1987-08-12,17.927315705349784
1987-08-13,17.79534249804846
1987-08-14,17.725052300831397
1987-08-17,17.464694103689055
1987-08-18,17.438899799992306
1987-08-19,17.391876373578448
1987-08-20,17.21545957064655
1987-08-21,17.15126063270138
1987-08-24,17.060783704421823
1987-08-25,17.066340674471206
1987-08-26,17.53484371681164
1987-08-27,17.58890430942205
1987-08-28,17.40846916806946
1987-08-31,17.56663172301972
1987-09-01,17.54084190244289
1987-09-02,17.596916009253288
1987-09-03,17.546872895457916
1987-09-04,17.514011050178198
1987-09-08,17.376053610053674
1987-09-09,17.606948573482686
1987-09-10,17.69837886451724
1987-09-11,17.532135132777377
1987-09-14,17.548790629449165
1987-09-15,17.559382909660798
1987-09-16,17.535622014465677
1987-09-17,17.414868308886472
1987-09-18,17.522454883450752
1987-09-21,17.67448648518359
1987-09-22,17.553739353142166
1987-09-23,17.740109910579108
1987-09-24,17.72746003281875
1987-09-25,17.677433583616597
1987-09-28,17.549630502605766
1987-09-29,17.621836147655078
1987-09-30,17.53545437021185
1987-10-01,17.6894697991621
1987-10-02,17.800046015066613
1987-10-05,17.808605782578276
1987-10-06,17.687890406758278
1987-10-07,17.79037713577417
1987-10-08,17.81105467152364
1987-10-09,17.880205770992447
1987-10-12,17.90693970140355
1987-10-13,17.93165197686277
1987-10-14,17.96645962999147
1987-10-15,17.97097396607382
1987-10-16,18.185509703451817
1987-10-19,17.835615375734765
1987-10-20,17.665462678758995
1987-10-21,17.864842849871376
1987-10-22,17.861282486251742
1987-10-23,17.889018690111815
1987-10-26,17.637112223491034
1987-10-27,17.694128455554093
1987-10-28,17.721867102477134
1987-10-29,17.626451316820507
1987-10-30,17.588578758178308
1987-11-02,17.325613899054886
1987-11-03,17.270593650387703
1987-11-04,17.120699685980952
1987-11-05,17.154505858070905
1987-11-06,17.1701439437622
1987-11-09,17.095957541950412
1987-11-10,17.28417139686953
1987-11-11,17.253381375184176
1987-11-12,17.190301278595516
1987-11-13,17.156488631109074
1987-11-16,17.085342276224637
1987-11-17,17.143357695270666
1987-11-18,17.23769620299185
1987-11-19,17.168572151871484
1987-11-20,17.293172027245426
1987-11-23,17.41473935068596
1987-11-24,17.4525600037322
1987-11-25,17.46717311826202
1987-11-27,17.507006517439432
1987-11-30,17.314810894411774
1987-12-01,17.29714638739824
1987-12-02,17.325884850171633
1987-12-03,17.328395255033627
1987-12-04,17.183636678607936
1987-12-07,17.003582808382987
1987-12-08,16.86691029828754
1987-12-09,17.00458831474127
1987-12-10,17.05955266268946
1987-12-11,16.967268433922975
1987-12-14,16.649080091681554
1987-12-15,16.274437474221877
1987-12-16,15.991585578383376
1987-12-17,16.096994450203393
1987-12-18,15.96441600078034
1987-12-21,15.978057900635262
1987-12-22,16.368814827162325
1987-12-23,16.469158109705813
1987-12-24,16.466652514571933
1987-12-28,16.42683941699345
1987-12-29,16.639083860924934
1987-12-30,16.624474122226122
1987-12-31,16.566515315329184
1988-01-04,17.111418159888622
1988-01-05,17.240952569045596
1988-01-06,17.309996245139857
1988-01-07,17.271175202203942
1988-01-08,17.257558146454954
1988-01-11,16.95162637903376
1988-01-12,16.774731406983513
1988-01-13,16.725852661576738
1988-01-14,17.021673329107625
1988-01-15,17.003026068889717
1988-01-18,17.23633476178189
1988-01-19,17.29729739277119
1988-01-20,17.217169746430173
1988-01-21,17.115883733172794
1988-01-22,17.10025782219616
1988-01-25,17.107810476769863
1988-01-26,17.107301315743772
1988-01-27,16.93751344964822
1988-01-28,16.895697981083362
1988-01-29,16.788394498723534
1988-02-01,16.754646324874916
1988-02-02,16.821649671998717
1988-02-03,17.03170892437957
1988-02-04,17.12388593488608
1988-02-05,17.191880699465862
1988-02-08,17.342475449661833
1988-02-09,17.289576863010357
1988-02-10,17.10976011433893
1988-02-11,17.070973535321837
1988-02-12,16.926428606464313
1988-02-16,16.958155267699663
1988-02-17,16.96973795541503
1988-02-18,16.704347793430017
1988-02-19,16.878084633997453
1988-02-22,16.796006991439032
1988-02-23,16.748174433418676
1988-02-24,16.71645780940119
1988-02-25,16.48736734006655
1988-02-26,16.42645845786464
1988-02-29,16.492427441691856
1988-03-01,16.363050290866706
1988-03-02,16.35148738873166
1988-03-03,16.130498587420497
1988-03-04,16.195462150718928
1988-03-07,16.220150263035666
1988-03-08,16.257925457756844
1988-03-09,16.239319382230608
1988-03-10,16.41098500965672
1988-03-11,16.554451855249248
1988-03-14,16.378802063210884
1988-03-15,16.383346496920602
1988-03-16,16.534855788689597
1988-03-17,16.65615727393826
1988-03-18,16.751282167663447
1988-03-21,16.749777664276195
1988-03-22,16.9384971865173
1988-03-23,17.144314932045475
1988-03-24,17.193118136827135
1988-03-25,17.29022611575117
1988-03-28,17.30581361250813
1988-03-29,17.292215810059748
1988-03-30,17.340004546159555
1988-03-31,17.226785455876335
1988-04-04,17.18803677352405
1988-04-05,17.08287878792703
1988-04-06,17.095451165657693
1988-04-07,17.204612072683247
1988-04-08,17.240320328008313
1988-04-11,17.682485234128816
1988-04-12,17.71616612845853
1988-04-13,17.610005540453333
1988-04-14,17.692979499918753
1988-04-15,17.71659519162128
1988-04-18,17.81163333424697
1988-04-19,17.66021685972446
1988-04-20,17.594308207601863
1988-04-21,17.735609626158826
1988-04-22,17.723012441705055
1988-04-25,17.688286971387928
1988-04-26,17.80442897251371
1988-04-27,17.778755841637757
1988-04-28,17.585132589939533
1988-04-29,17.599693647856146
1988-05-02,17.16573953469548
1988-05-03,17.34825016240407
1988-05-04,17.307509762887538
1988-05-05,17.453805494887355
1988-05-06,17.595064636493788
1988-05-09,17.592529564884387
1988-05-10,17.562846785461932
1988-05-11,17.614606860186075
1988-05-12,17.562807770641776
1988-05-13,17.650758113871117
1988-05-16,17.81410219837983
1988-05-17,17.80452459019639
1988-05-18,17.763784083607256
1988-05-19,17.814522628118397
1988-05-20,17.864253472547492
1988-05-23,17.624485864281027
1988-05-24,17.691306903200132
1988-05-25,17.568154294217358
1988-05-26,17.65809141482344
1988-05-27,17.66158548531726
1988-05-31,17.88820009580103
1988-06-01,17.91882281977714
1988-06-02,18.00270761060008
1988-06-03,17.989106950813902
1988-06-06,18.03982356062175
1988-06-07,18.06842785758548
1988-06-08,17.8407917904239
1988-06-09,17.700589233101862
1988-06-10,17.53627924252786
1988-06-13,17.35590388118024
1988-06-14,17.52619307159454
1988-06-15,17.440270341566375
1988-06-16,17.572370014358654
1988-06-17,17.575864960992114
1988-06-20,17.578355613717672
1988-06-21,17.655186484581264
1988-06-22,17.689821334328357
1988-06-23,17.550668849441816
1988-06-24,17.395452255540626
1988-06-27,17.641031497457732
1988-06-28,17.44664818618262
1988-06-29,17.161879964419235
1988-06-30,17.201545405943445
1988-07-01,17.23116433618224
1988-07-05,17.287897097723114
1988-07-06,17.50832669799027
1988-07-07,17.653423494630108
1988-07-08,17.449038777110108
1988-07-11,16.95545672594271
1988-07-12,17.02925989873934
1988-07-13,16.874115735601375
1988-07-14,17.071423871898794
1988-07-15,17.097021406788347
1988-07-18,17.307364396578823
1988-07-19,17.187370207790106
1988-07-20,17.22199754293651
1988-07-21,17.52568748063724
1988-07-22,17.57335431585936
1988-07-25,17.25057717565073
1988-07-26,16.793300611131855
1988-07-27,16.931331731505804
1988-07-28,16.755160360608393
1988-07-29,17.008618894524005
1988-08-01,17.072352909336235
1988-08-02,16.85202885111687
1988-08-03,16.604619330742292
1988-08-04,16.65029283721867
1988-08-05,16.823427133619138
1988-08-08,16.97145951253324
1988-08-09,16.901707478842386
1988-08-10,17.04972870743768
1988-08-11,17.060260007416613
1988-08-12,16.84099311174027
1988-08-15,17.040180078783752
1988-08-16,16.903206941236423
1988-08-17,16.942839090651038
1988-08-18,17.080799843569658
1988-08-19,17.12443700309923
1988-08-22,16.986474827400308
1988-08-23,16.874605520552187
1988-08-24,16.98044718230528
1988-08-25,16.831466152529806
1988-08-26,16.890152863334663
1988-08-29,16.804382758961662
1988-08-30,16.875103783384123
1988-08-31,16.807394219359928
1988-09-01,16.826955037732358
1988-09-02,16.735178994387272
1988-09-06,16.475904832069915
1988-09-07,16.529574566399383
1988-09-08,16.570203822261135
1988-09-09,16.305942857052493
1988-09-12,16.41878430608982
1988-09-13,16.630900967575208
1988-09-14,17.006466540597952
1988-09-15,16.757266691697914
1988-09-16,16.434878558998918
1988-09-19,16.31105305497645
1988-09-20,16.410838420509023
1988-09-21,16.45647388574452
1988-09-22,16.588332944853907
1988-09-23,16.39032315650513
1988-09-26,16.42793421758936
1988-09-27,16.462535472978008
1988-09-28,16.402895121079585
1988-09-29,16.398397615037393
1988-09-30,16.257562908142926
1988-10-03,16.15483132547759
1988-10-04,16.18542497565169
1988-10-05,15.9764481075285
1988-10-06,16.033107271813925
1988-10-07,16.078735947676662
1988-10-10,16.28673391676075
1988-10-11,16.23613616510085
1988-10-12,16.553359872158385
1988-10-13,16.663109975215878
1988-10-14,16.915160227179992
1988-10-17,17.068987579605867
1988-10-18,16.755820868385793
1988-10-19,17.138116873731672
1988-10-20,16.99731996519531
1988-10-21,17.000821512616742
1988-10-24,16.561441945636385
1988-10-25,16.558946220828503
1988-10-26,16.597528718775333
1988-10-27,16.65013549181386
1988-10-28,16.768863139948003
1988-10-31,16.729292216963497
1988-11-01,16.675698302667115
1988-11-02,16.849511452006652
1988-11-03,16.891083486690913
1988-11-04,16.996763362614438
1988-11-07,17.02129988647752
1988-11-08,16.913615894140534
1988-11-09,16.943161881222522
1988-11-10,16.84249705344809
1988-11-11,16.747847429920068
1988-11-14,16.904590863350407
1988-11-15,16.754862818336953
1988-11-16,16.705290792497834
1988-11-17,16.270161982880918
1988-11-18,16.216602316865522
1988-11-21,16.202100201120007
1988-11-22,16.650229480980137
1988-11-23,16.794927480125928
1988-11-25,16.865521124049998
1988-11-28,17.22447748673545
1988-11-29,17.21395175755897
1988-11-30,17.421693103015524
1988-12-01,17.56134200794846
1988-12-02,17.490738478109222
1988-12-05,17.32202732860423
1988-12-06,17.370566225432853
1988-12-07,17.443126923048524
1988-12-08,17.312472240144416
1988-12-09,17.584231902463905
1988-12-12,17.665789732041862
1988-12-13,17.461069047585774
1988-12-14,17.703774005035417
1988-12-15,17.61016337881088
1988-12-16,17.892883344507172
1988-12-19,17.83930681779518
1988-12-20,17.972883071494035
1988-12-21,18.06241865616272
1988-12-22,18.15795159800365
1988-12-23,18.31052027204028
1988-12-27,18.4180494000404
1988-12-28,18.348455828071344
1988-12-29,18.258854200060608
1988-12-30,18.451426379694908
1989-01-03,18.478892938359067
1989-01-04,18.436320657724284
1989-01-05,18.575842157932623
1989-01-06,18.58329329859712
1989-01-09,18.53772043826713
1989-01-10,18.46213747323168
1989-01-11,18.434577135636932
1989-01-12,18.441031718606865
1989-01-13,18.545516008581735
1989-01-16,18.550967126133816
1989-01-17,18.600428403574195
1989-01-18,18.78391826373908
1989-01-19,18.73734895032242
1989-01-20,18.58276443008611
1989-01-23,18.160148469086117
1989-01-24,18.181610713397394
1989-01-25,18.426090991248778
1989-01-26,18.175527792545857
1989-01-27,18.26998930778463
1989-01-30,18.195446576736007
1989-01-31,18.1629052876348
1989-02-01,18.30035689667541
1989-02-02,18.27781409675013
1989-02-03,18.243274546606795
1989-02-06,18.09675273449933
1989-02-07,18.14420510196567
1989-02-08,18.03768750293941
1989-02-09,17.859193333765923
1989-02-10,17.627724208607518
1989-02-13,17.713173902893335
1989-02-14,17.636670739089663
1989-02-15,17.91604570748471
1989-02-16,17.96249437853965
1989-02-17,18.119893973538737
1989-02-21,18.118355687199088
1989-02-22,18.31272315017704
1989-02-23,18.388139098563105
1989-02-24,18.51952181867201
1989-02-27,18.583933275723123
1989-02-28,18.62735424080078
1989-03-01,18.671771434149655
1989-03-02,18.92604914066796
1989-03-03,18.801570109685727
1989-03-06,18.864964797902935
1989-03-07,18.75648496892096
1989-03-08,18.803889194661817
1989-03-09,18.77035587007835
1989-03-10,18.854727053951876
1989-03-13,19.13092592964299
1989-03-14,19.177314770450668
1989-03-15,19.40253677217292
1989-03-16,19.4039563166966
1989-03-17,19.406375754699752
1989-03-20,19.31489126858754
1989-03-21,19.59702074548123
1989-03-22,19.528510948305385
1989-03-23,19.58087136392208
1989-03-27,19.765080375442977
1989-03-28,19.53076200899827
1989-03-29,19.724950224085745
1989-03-30,19.828235850266857
1989-03-31,19.736758869075437
1989-04-03,19.585364876065903
1989-04-04,19.779526772650183
1989-04-05,19.503307550397015
1989-04-06,19.319977028398668
1989-04-07,19.293438893361632
1989-04-10,19.552492874662757
1989-04-11,19.503981262368512
1989-04-12,19.49740994432732
1989-04-13,19.244213172850877
1989-04-14,19.475281087298885
1989-04-17,19.763246278510874
1989-04-18,19.78562076549764
1989-04-19,19.897847776647733
1989-04-20,19.99808855664837
1989-04-21,20.12527656236658
1989-04-24,19.758308384569027
1989-04-25,20.023254491168927
1989-04-26,19.945796871671025
1989-04-27,19.9062724456953
1989-04-28,19.7240159584304
1989-05-01,19.90009809263324
1989-05-02,19.6080611063262
1989-05-03,19.636420859357084
1989-05-04,19.785542319015143
1989-05-05,19.42467190067458
1989-05-08,19.07979118069181
1989-05-09,19.03431591988478
1989-05-10,18.879071604864496
1989-05-11,18.991271727950988
1989-05-12,18.989707677085356
1989-05-15,18.973176857433668
1989-05-16,18.878820206729664
1989-05-17,18.642784389458125
1989-05-18,18.656197852688997
1989-05-19,18.675596523496072
1989-05-22,18.40167547755908
1989-05-23,18.52683283000256
1989-05-24,18.79563898445959
1989-05-25,18.729238125974756
1989-05-26,18.71870447314386
1989-05-30,18.82887358289148
1989-05-31,18.806368003239015
1989-06-01,18.774886849497065
1989-06-02,19.02069684794958
1989-06-05,19.25452380455502
1989-06-06,19.09835888766125
1989-06-07,18.661945144371323
1989-06-08,18.701283642910123
1989-06-09,18.48231912245503
1989-06-12,18.135717851346957
1989-06-13,17.919774947930645
1989-06-14,18.153585423278727
1989-06-15,18.25575412186202
1989-06-16,18.15948408430828
1989-06-19,18.44411898563611
1989-06-20,18.354829351723467
1989-06-21,18.526775103018668
1989-06-22,18.652845172059543
1989-06-23,18.85667503119953
1989-06-26,19.015629498116947
1989-06-27,19.121735319875818
1989-06-28,18.86595743922237
1989-06-29,18.905270551215608
1989-06-30,18.866828606824228
1989-07-03,18.784527054478357
1989-07-05,18.96040043309948
1989-07-06,18.67775240295329
1989-07-07,18.653274412810283
1989-07-10,18.39258001356679
1989-07-11,18.31329621536291
1989-07-12,18.198137958433083
1989-07-13,18.372999533224352
1989-07-14,18.397367286367498
1989-07-17,18.479533837455964
1989-07-18,18.415206401905493
1989-07-19,18.37778702437766
1989-07-20,18.46891610344143
1989-07-21,18.384664770550916
1989-07-24,18.01245903608099
1989-07-25,17.88737613194463
1989-07-26,17.83901965003323
1989-07-27,17.852437075449092
1989-07-28,17.752277219895067
1989-07-31,17.88723968881341
1989-08-01,17.71436064314234
1989-08-02,17.853300282795008
1989-08-03,17.81989525003061
1989-08-04,17.78051561267576
1989-08-07,17.672406658009212
1989-08-08,17.725669729164785
1989-08-09,17.7819161214736
1989-08-10,17.905889196014105
1989-08-11,17.9581435753393
1989-08-14,17.895860110711425
1989-08-15,17.950103930470124
1989-08-16,18.09995006906308
1989-08-17,18.09642388952324
1989-08-18,18.07795937621642
1989-08-21,18.147129354873982
1989-08-22,18.237204257177
1989-08-23,18.326280109203314
1989-08-24,18.254042514513635
1989-08-25,18.164882610767705
1989-08-28,18.13347666813599
1989-08-29,18.211591373456997
1989-08-30,18.2697896434898
1989-08-31,18.313051426902856
1989-09-01,18.239832030176157
1989-09-05,18.261190636854163
1989-09-06,18.42589814624763
1989-09-07,18.5278816417394
1989-09-08,18.65275346108682
1989-09-11,18.592473862810895
1989-09-12,18.554097572996785
1989-09-13,18.591367182112123
1989-09-14,18.561950588761395
1989-09-15,18.715666675542145
1989-09-18,18.72108091552039
1989-09-19,18.6001014688163
1989-09-20,18.86227800741571
1989-09-21,18.96023810050869
1989-09-22,18.814385476262412
1989-09-25,18.897413688948525
1989-09-26,18.90978617010338
1989-09-27,18.9251444225434
1989-09-28,19.06985372078611
1989-09-29,19.224503345406855
1989-10-02,19.137370666219468
1989-10-03,19.18356266797327
1989-10-04,19.08151203179716
1989-10-05,18.996379992879294
1989-10-06,18.929160840634353
1989-10-09,18.94849328116715
1989-10-10,19.06531369806514
1989-10-11,19.080662587900164
1989-10-12,19.2362644937625
1989-10-13,19.33317095107601
1989-10-16,19.16748345132807
1989-10-17,19.303176587741287
1989-10-18,19.227013114650156
1989-10-19,19.287108148358943
1989-10-20,19.161222668315993
1989-10-23,18.9528001823465
1989-10-24,18.89555002205429
1989-10-25,18.91487787486273
1989-10-26,18.74029129970125
1989-10-27,18.84215569277885
1989-10-30,18.761050362244053
1989-10-31,18.872851968706627
1989-11-01,19.038338580966485
1989-11-02,18.968173158630687
1989-11-03,19.017320793626116
1989-11-06,19.004824722200432
1989-11-07,19.043032223886183
1989-11-08,18.949014689125413
1989-11-09,19.01008598844814
1989-11-10,18.991627222902324
1989-11-13,18.910542909596757
1989-11-14,18.80659949422588
1989-11-15,18.88953594185767
1989-11-16,19.018191050900327
1989-11-17,19.140875068976477
1989-11-20,19.18105640640878
1989-11-21,19.18644863051439
1989-11-22,19.21171739376189
1989-11-24,19.264813257482142
1989-11-27,19.08038629670883
1989-11-28,18.85323896210546
1989-11-29,18.845720944652157
1989-11-30,19.083651514149953
1989-12-01,19.23014797039815
1989-12-04,19.18386849940957
1989-12-05,19.268747622263287
1989-12-06,19.37448932250415
1989-12-07,19.35801532006428
1989-12-08,19.31571094424178
1989-12-11,19.41945432942407
1989-12-12,19.369202623609596
1989-12-13,19.367633259687832
1989-12-14,19.312418675067192
1989-12-15,19.53237572635778
1989-12-18,19.8754950181337
1989-12-19,19.803383764733
1989-12-20,19.677639363156512
1989-12-21,19.957154606006487
1989-12-22,19.919811277490044
1989-12-26,20.276774484264593
1989-12-27,20.4787791743427
1989-12-28,20.377861952730964
1989-12-29,20.581838271865852
1990-01-02,21.06188203494977
1990-01-03,21.413793015801943
1990-01-04,21.06559367230397
1990-01-05,20.546618341678997
1990-01-08,19.834044641137147
1990-01-09,19.8979950578808
1990-01-10,20.226058647502025
1990-01-11,20.24034934872858
1990-01-12,20.146418311515298
1990-01-15,19.863856589068487
1990-01-16,19.838445510308397
1990-01-17,19.61944683747287
1990-01-18,19.719128740491
1990-01-19,19.883331561736966
1990-01-22,19.706043313794805
1990-01-23,19.572440876411008
1990-01-24,19.52917651656776
1990-01-25,19.724135324504225
1990-01-26,19.790049577214027
1990-01-29,19.907571863958665
1990-01-30,19.752149567039808
1990-01-31,19.7327045224479
1990-02-01,19.70135181096747
1990-02-02,19.94192070790328
1990-02-05,19.68033170026744
1990-02-06,19.66982184734531
1990-02-07,19.60076592335286
1990-02-08,19.505915023431005
1990-02-09,19.37633993931694
1990-02-12,19.549404163320453
1990-02-13,19.545845843583372
1990-02-14,19.634559258837992
1990-02-15,19.819507138866115
1990-02-16,19.68994185478265
1990-02-20,19.639751517169294
1990-02-21,19.52309651951076
1990-02-22,19.623702677983527
1990-02-23,19.57153432591722
1990-02-26,19.69494787388194
1990-02-27,19.508868104482843
1990-02-28,19.43488717621577
1990-03-01,19.128809689162196
1990-03-02,19.30875620297965
1990-03-05,19.628540573030147
1990-03-06,19.47422844713529
1990-03-07,19.410176182928275
1990-03-08,19.464144054341094
1990-03-09,19.303900612277005
1990-03-12,19.255724713645954
1990-03-13,19.265068662709748
1990-03-14,19.304159235850022
1990-03-15,19.585195751869588
1990-03-16,19.44678676784489
1990-03-19,19.38076695958749
1990-03-20,19.31376011935629
1990-03-21,19.41728954915604
1990-03-22,19.40283159950665
1990-03-23,19.590620903218735
1990-03-26,19.572192258241085
1990-03-27,19.562687979267444
1990-03-28,19.528401274827463
1990-03-29,19.577384542649252
1990-03-30,19.686831800326285
1990-04-02,19.86367550176315
1990-04-03,19.883900215877276
1990-04-04,19.682100651650853
1990-04-05,19.525904834085484
1990-04-06,19.413329033220943
1990-04-09,19.162997983736815
1990-04-10,18.923583556436448
1990-04-11,19.071673801983007
1990-04-12,18.909575244849712
1990-04-16,19.030900605077136
1990-04-17,18.97285981702498
1990-04-18,18.838522357065884
1990-04-19,19.195667761624772
1990-04-20,19.17825225384817
1990-04-23,19.35602882229202
1990-04-24,19.303931365617736
1990-04-25,19.17753164771152
1990-04-26,19.149219099991647
1990-04-27,19.20115761720173
1990-04-30,19.212473704849913
1990-05-01,19.43380431266487
1990-05-02,19.40350880725884
1990-05-03,19.11665335979796
1990-05-04,19.15174432515256
1990-05-07,19.337391449269077
1990-05-08,19.290262646898363
1990-05-09,19.53928570619493
1990-05-10,19.472345270027983
1990-05-11,19.259819207975927
1990-05-14,19.492974516584017
1990-05-15,19.482490307113434
1990-05-16,19.48884340986705
1990-05-17,19.55164167589287
1990-05-18,19.524322409830017
1990-05-21,19.37124690416395
1990-05-22,19.341953786473773
1990-05-23,19.00472140096396
1990-05-24,19.032869140205385
1990-05-25,19.01151123815761
1990-05-29,19.189160071416357
1990-05-30,19.14106545238469
1990-05-31,18.79101848930424
1990-06-01,18.738979279037217
1990-06-04,18.579037720368618
1990-06-05,18.46860380243949
1990-06-06,18.53140781421322
1990-06-07,18.38336470551568
1990-06-08,18.299671130299448
1990-06-11,18.266462472883465
1990-06-12,18.558894021557148
1990-06-13,18.544485165005604
1990-06-14,18.348957212477675
1990-06-15,18.26131892005687
1990-06-19,18.08659323197585
1990-06-20,18.076159483135648
1990-06-21,18.117184809612812
1990-06-22,18.292790279537112
1990-06-25,18.39021167837954
1990-06-26,18.25212126661036
1990-06-27,18.097216441407845
1990-06-28,18.272801531147724
1990-06-29,18.222786173359495
1990-07-02,18.25093730183465
1990-07-03,18.221701498504988
1990-07-05,18.08364069878212
1990-07-06,17.96141749264692
1990-07-09,17.993529438770707
1990-07-10,18.09191925379853
1990-07-11,18.24372064895763
1990-07-12,18.668531786060413
1990-07-13,18.88262504221163
1990-07-16,19.15704302918
1990-07-17,19.12877797581666
1990-07-18,18.9699570092544
1990-07-19,18.998074179460108
1990-07-20,19.02915810724291
1990-07-23,19.15122556488491
1990-07-24,19.247574834237646
1990-07-25,19.26579193024027
1990-07-26,19.343341147542077
1990-07-27,19.22607767635068
1990-07-30,19.295714002984184
1990-07-31,19.459283192052872
1990-08-01,19.709854696589293
1990-08-02,20.284724604259655
1990-08-03,20.75277655031354
1990-08-06,22.375602831582768
1990-08-07,22.461938913317468
1990-08-08,21.353992011241747
1990-08-09,21.2544954016391
1990-08-10,21.60678703321503
1990-08-13,21.582418177289725
1990-08-14,21.68458154952381
1990-08-15,21.76499336652579
1990-08-16,22.16368447028866
1990-08-17,22.618693573755333
1990-08-20,23.068733512865705
1990-08-21,23.427816344027104
1990-08-22,24.431281703992084
1990-08-23,25.044302257606567
1990-08-24,24.411049250018102
1990-08-27,23.04849836590296
1990-08-28,22.676238292296222
1990-08-29,21.665622314804892
1990-08-30,22.077044119813287
1990-08-31,22.276979549849543
1990-09-04,23.360275276656637
1990-09-05,23.485067085765778
1990-09-06,24.22936053711585
1990-09-07,23.563698366855064
1990-09-10,23.923614907891743
1990-09-11,23.57118696404821
1990-09-12,23.500342762444863
1990-09-13,23.41962308569856
1990-09-14,23.466343792237836
1990-09-17,23.92894662367873
1990-09-18,24.053686478043257
1990-09-19,24.11915237867474
1990-09-20,24.404886200512603
1990-09-21,25.113350826546704
1990-09-24,26.019316080731624
1990-09-25,26.030393316630075
1990-09-26,26.340726436926374
1990-09-27,26.705361902884096
1990-09-28,26.682840048420378
1990-10-01,25.70633775689343
1990-10-02,24.43363630787233
1990-10-03,25.790717422414765
1990-10-04,25.60825588740945
1990-10-05,25.999507342892844
1990-10-08,26.21300296647995
1990-10-09,26.699001133414107
1990-10-10,25.87277820719488
1990-10-11,26.27582563346126
1990-10-12,26.173349511315312
1990-10-15,25.53282551973517
1990-10-16,25.843043625383057
1990-10-17,25.772183799454375
1990-10-18,24.965881441396185
1990-10-19,24.144821257567347
1990-10-22,23.00497168591885
1990-10-23,22.53641032026277
1990-10-24,23.31551139766985
1990-10-25,24.28901095777668
1990-10-26,23.949748792529977
1990-10-29,24.379353804156597
1990-10-30,24.38751031269657
1990-10-31,24.60982540367772
1990-11-01,24.676201589605572
1990-11-02,24.1978318104412
1990-11-05,23.53001985894316
1990-11-06,23.84607998300739
1990-11-07,24.804502625475028
1990-11-08,24.70706344702505
1990-11-09,24.00675545949184
1990-11-12,23.342010052103976
1990-11-13,23.501151100616188
1990-11-14,22.96077354717356
1990-11-15,22.895962820310523
1990-11-16,22.52630937438806
1990-11-19,22.94589952247117
1990-11-20,22.204357086125263
1990-11-21,22.4996359655734
1990-11-23,23.32757412492941
1990-11-26,23.768790418873973
1990-11-27,23.692131360328055
1990-11-28,23.743702677252035
1990-11-29,23.63252855989685
1990-11-30,22.44827551759614
1990-12-03,22.06395213614773
1990-12-04,22.533727910484252
1990-12-05,21.286498113802864
1990-12-06,20.949579970584832
1990-12-07,20.975582699919947
1990-12-10,21.23529185607133
1990-12-11,20.915168512206375
1990-12-12,20.395882743533644
1990-12-13,20.563884783794556
1990-12-14,20.673703578612887
1990-12-17,20.790418309802593
1990-12-18,20.990931201863184
1990-12-19,21.093826933193338
1990-12-20,20.949260423314215
1990-12-21,20.83132083436467
1990-12-24,20.835630245642715
1990-12-26,21.316075509673844
1990-12-27,21.242494318678546
1990-12-28,21.412393073342507
1990-12-31,21.68183854980434
1991-01-02,20.824643596189414
1991-01-03,20.39625555752154
1991-01-04,20.16501567238905
1991-01-07,21.354997689707655
1991-01-08,20.969011394458608
1991-01-09,21.21673848128487
1991-01-10,21.18654335964244
1991-01-11,20.926734654995816
1991-01-14,22.303751975968524
1991-01-15,21.81629577744708
1991-01-16,22.50048625775099
1991-01-17,18.708185616170944
1991-01-18,18.193293994443337
1991-01-21,18.613469806830864
1991-01-22,19.16170455015162
1991-01-23,19.20744010879838
1991-01-24,19.177312188531197
1991-01-25,19.13831988013256
1991-01-28,18.99982975163541
1991-01-29,19.286916426981485
1991-01-30,18.9937744918966
1991-01-31,19.153771664254513
1991-02-01,19.02810327144354
1991-02-04,19.01276265788023
1991-02-05,18.890060707536527
1991-02-06,19.22043660089703
1991-02-07,18.964774315741245
1991-02-08,19.133608700704304
1991-02-11,19.291599685988626
1991-02-12,19.29496414203092
1991-02-13,19.023572996551614
1991-02-14,18.922562486073723
1991-02-15,18.369566003407456
1991-02-19,18.303044616398545
1991-02-20,18.60183887199617
1991-02-21,18.211368224370897
1991-02-22,18.049350053228284
1991-02-25,18.145301443343488
1991-02-26,18.41551332074096
1991-02-27,18.63943648942005
1991-02-28,18.82593511787382
1991-03-01,18.93366663830629
1991-03-04,19.3652706826998
1991-03-05,19.607843186154625
1991-03-06,19.42022673063247
1991-03-07,19.262153760472575
1991-03-08,19.223192071252484
1991-03-11,19.006076361906324
1991-03-12,19.18956699109788
1991-03-13,19.272656174433553
1991-03-14,19.13232449169688
1991-03-15,18.9831454795794
1991-03-18,18.837911278426116
1991-03-19,19.17588610540126
1991-03-20,19.25502606309089
1991-03-21,19.411902577830464
1991-03-22,19.284384508796578
1991-03-25,18.991563162003956
1991-03-26,19.042164686125023
1991-03-27,18.98649763052622
1991-03-28,19.10006639379739
1991-04-01,18.976512917075347
1991-04-02,19.19436311695889
1991-04-03,19.00588153991229
1991-04-04,19.132224420554895
1991-04-05,19.13460617833665
1991-04-08,19.257003424704564
1991-04-09,19.20232773978481
1991-04-10,19.44570731573089
1991-04-11,19.27889208077687
1991-04-12,19.48094315432273
1991-04-15,19.66527838355103
1991-04-16,19.595844279326588
1991-04-17,19.645420538977433
1991-04-18,19.42158084228905
1991-04-19,19.467226066473973
1991-04-22,19.627931046248033
1991-04-23,19.436564603723145
1991-04-24,19.418285960599466
1991-04-25,19.433442055001624
1991-04-26,19.489896678279987
1991-04-29,19.44310162299218
1991-04-30,19.271434142178784
1991-05-01,19.42719482081553
1991-05-02,19.368607753464257
1991-05-03,19.48109618345409
1991-05-06,19.621107471309703
1991-05-07,19.4691222025856
1991-05-08,19.436102100324355
1991-05-09,19.517116397990787
1991-05-10,19.200000611799275
1991-05-13,19.11980474123683
1991-05-14,19.043547868417445
1991-05-15,19.06853708715807
1991-05-16,19.060106076933607
1991-05-17,19.10180364749587
1991-05-20,19.097302878274046
1991-05-21,19.08592335388691
1991-05-22,18.959557385445347
1991-05-23,19.03368293045408
1991-05-24,19.059650817275777
1991-05-28,19.120012575586205
1991-05-29,18.99365906141692
1991-05-30,19.065810482149853
1991-05-31,18.953224223165513
1991-06-03,18.976242895817787
1991-06-04,18.944235385735983
1991-06-05,18.653824376206607
1991-06-06,18.6296885628936
1991-06-07,18.595730321089952
1991-06-10,18.338758513458593
1991-06-11,18.387333514988615
1991-06-12,18.368120683920537
1991-06-13,18.223167336774942
1991-06-14,18.190207974691734
1991-06-17,18.264322265543115
1991-06-18,18.25984876654851
1991-06-19,18.16795767923173
1991-06-20,18.23126008414444
1991-06-21,18.146249783140735
1991-06-24,18.03374438660815
1991-06-25,18.09704657046977
1991-06-26,18.120077264833856
1991-06-27,18.23051177984316
1991-06-28,18.21131028590205
1991-07-01,18.27558107139459
1991-07-02,18.350649833065333
1991-07-03,18.22245010742264
1991-07-05,18.257256910953696
1991-07-08,18.332319464920623
1991-07-09,18.302317743268684
1991-07-10,18.35282718069489
1991-07-11,18.266864656503785
1991-07-12,18.518637330967387
1991-07-15,18.396349387207582
1991-07-16,18.507717278599458
1991-07-17,18.676997631879093
1991-07-18,18.56649671074768
1991-07-19,18.682758012328765
1991-07-22,18.65471734912968
1991-07-23,18.54128082641957
1991-07-24,18.58195498017207
1991-07-25,18.57060527185795
1991-07-26,18.614218926960117
1991-07-29,18.565573245388048
1991-07-30,18.618018363580457
1991-07-31,18.83140733866889
1991-08-01,18.72387848623646
1991-08-02,18.76257404237805
1991-08-05,18.743370575260485
1991-08-06,18.605434562097617
1991-08-07,18.511662612598837
1991-08-08,18.562133937811932
1991-08-09,18.59494305927785
1991-08-12,18.593407520278124
1991-08-13,18.517308158392265
1991-08-14,18.373515586511115
1991-08-15,18.47892470723688
1991-08-16,18.49014677538616
1991-08-19,18.868267841482098
1991-08-20,18.923623157419794
1991-08-21,18.66016295963735
1991-08-22,18.83126972198233
1991-08-23,18.80912940286112
1991-08-26,18.8497658950724
1991-08-27,18.814876418181967
1991-08-28,18.66425265723278
1991-08-29,18.725485325522985
1991-08-30,18.8926371633675
1991-09-03,18.845000624042864
1991-09-04,18.68654809810345
1991-09-05,18.690895568874627
1991-09-06,18.69622286024887
1991-09-09,18.603489278311528
1991-09-10,18.618625179218128
1991-09-11,18.7131842232983
1991-09-12,18.696938638231664
1991-09-13,18.76305469297715
1991-09-16,18.79975421188617
1991-09-17,18.66977715560975
1991-09-18,18.849616444176014
1991-09-19,18.850035277338343
1991-09-20,18.908295443339817
1991-09-23,18.973413549853777
1991-09-24,19.04048875882899
1991-09-25,19.07227069776056
1991-09-26,19.029552546826523
1991-09-27,19.10348065616551
1991-09-30,19.007835650032185
1991-10-01,19.008251036843067
1991-10-02,19.04394890166626
1991-10-03,19.16393163154219
1991-10-04,19.189823092918346
1991-10-07,19.32841500279655
1991-10-08,19.341559604106273
1991-10-09,19.371362623874106
1991-10-10,19.2737734458179
1991-10-11,19.296716611222
1991-10-14,19.413728737685897
1991-10-15,19.491537591371387
1991-10-16,19.564443907097132
1991-10-17,19.662821368208775
1991-10-18,19.76217219369465
1991-10-21,19.768441379517984
1991-10-22,19.707111942732887
1991-10-23,19.47728218761649
1991-10-24,19.62462820837927
1991-10-25,19.41048728679362
1991-10-28,19.40599190915766
1991-10-29,19.38092543986333
1991-10-30,19.393082958622944
1991-10-31,19.447357436694773
1991-11-01,19.610349791149694
1991-11-04,19.60878724770991
1991-11-05,19.658153073193446
1991-11-06,19.472464894905062
1991-11-07,19.34163130240413
1991-11-08,19.30873781686662
1991-11-11,19.04375409558112
1991-11-12,18.97268016384804
1991-11-13,18.936862977191847
1991-11-14,19.082201598127735
1991-11-15,19.18542619701187
1991-11-18,18.98412956289145
1991-11-19,18.866070631487748
1991-11-20,18.929149343717796
1991-11-21,18.85417793959565
1991-11-22,18.61473301600758
1991-11-25,18.650401580756007
1991-11-26,18.493211830575316
1991-11-27,18.577828996954352
1991-11-29,18.60860204904735
1991-12-02,18.41129140602254
1991-12-03,18.1200232690122
1991-12-04,18.219324635365684
1991-12-05,18.030853576251378
1991-12-06,17.84337200757704
1991-12-09,17.56683761900572
1991-12-10,17.576100984428688
1991-12-11,17.609832258622323
1991-12-12,17.746318589647757
1991-12-13,17.846588301512334
1991-12-16,17.75896249317863
1991-12-17,17.649813390193174
1991-12-18,17.546543245272396
1991-12-19,17.357168883602405
1991-12-20,17.103227621115344
1991-12-23,17.250463329356574
1991-12-24,17.37127412204189
1991-12-26,17.1144185241648
1991-12-27,17.17750334239052
1991-12-30,17.064483359578425
1991-12-31,17.307572685134748
1992-01-02,17.396080610054565
1992-01-03,17.32023780485858
1992-01-06,17.33537408661709
1992-01-07,17.14606789609068
1992-01-08,16.887324893419994
1992-01-09,16.9171454184344
1992-01-10,17.199311555206346
1992-01-13,17.503956146388532
1992-01-14,17.36259740454811
1992-01-15,17.578221352844217
1992-01-16,17.684297703654565
1992-01-17,17.77961021742572
1992-01-20,17.666620562351625
1992-01-21,17.536034783245892
1992-01-22,17.65481240136227
1992-01-23,17.64450801304141
1992-01-24,17.811188352276705
1992-01-27,17.976880069170043
1992-01-28,17.834571839710453
1992-01-29,17.829152155724305
1992-01-30,17.751384684490876
1992-01-31,17.827113778878477
1992-02-03,17.88426311949036
1992-02-04,18.12910857791506
1992-02-05,18.215573042868577
1992-02-06,18.22676246693371
1992-02-07,18.42172318740382
1992-02-10,18.50132809124312
1992-02-11,18.1567117636035
1992-02-12,18.218726751289022
1992-02-13,18.36968175361068
1992-02-14,18.29485540160716
1992-02-18,17.721588744965985
1992-02-19,17.933137722945016
1992-02-20,17.943354168063298
1992-02-21,17.83043656738105
1992-02-24,17.580713386264506
1992-02-25,17.627095087330485
1992-02-26,17.6197310856474
1992-02-27,17.77066169659107
1992-02-28,17.761339194183613
1992-03-02,17.58884524223501
1992-03-03,17.6713700763878
1992-03-04,17.772455114038184
1992-03-05,17.74652343542698
1992-03-06,17.71277889745068
1992-03-09,17.818737112207728
1992-03-10,17.876821657683827
1992-03-11,17.772741044870692
1992-03-12,17.92948440130106
1992-03-13,18.0412841950417
1992-03-16,18.05149198571304
1992-03-17,18.0558388344853
1992-03-18,17.960558487148926
1992-03-19,18.101645324071235
1992-03-20,17.913585668668087
1992-03-23,17.933562684875625
1992-03-24,17.93888839323959
1992-03-25,17.872923487807547
1992-03-26,17.945633235721157
1992-03-27,17.888460406870692
1992-03-30,17.884021187267678
1992-03-31,18.03874855907933
1992-04-01,18.210064551961946
1992-04-02,18.19097053898272
1992-04-03,18.4618631840712
1992-04-06,18.542351222108103
1992-04-07,18.377777596486276
1992-04-08,18.50317203821247
1992-04-09,18.400113105902637
1992-04-10,18.421042814962327
1992-04-13,18.282848897944472
1992-04-14,18.119283113141172
1992-04-15,18.15779071506442
1992-04-16,18.33099960343953
1992-04-20,18.413420926071073
1992-04-21,18.452891832880848
1992-04-22,18.24151901515955
1992-04-23,18.3463847515503
1992-04-24,18.41122889986011
1992-04-27,18.40970553628747
1992-04-28,18.451122850391176
1992-04-29,18.52083630526684
1992-04-30,18.55248863123373
1992-05-01,18.605607448097327
1992-05-04,18.8929148610846
1992-05-05,18.699149950068353
1992-05-06,18.688835396379613
1992-05-07,18.730235679891912
1992-05-08,18.716018694210668
1992-05-11,18.701802538484564
1992-05-12,18.6027066135288
1992-05-13,18.537764608772537
1992-05-14,18.3938041116102
1992-05-15,18.425449670539447
1992-05-18,18.376125750874436
1992-05-19,18.117075284582235
1992-05-20,18.06191099485825
1992-05-21,18.212564329809545
1992-05-22,18.2783483939094
1992-05-26,18.789871269476414
1992-05-27,18.74737326029799
1992-05-28,18.73121001529024
1992-05-29,18.824279986485315
1992-06-01,18.82566916903696
1992-06-02,18.877771658764708
1992-06-03,19.078099184724312
1992-06-04,19.1155627021911
1992-06-05,19.09939127653563
1992-06-08,19.075421262125733
1992-06-09,19.022198579222287
1992-06-10,19.06160974117191
1992-06-11,18.949890393145132
1992-06-12,18.95810095417255
1992-06-15,18.897089668113487
1992-06-16,18.87702893027826
1992-06-17,18.955433942229273
1992-06-18,18.913925298234822
1992-06-19,18.9757523455488
1992-06-22,18.961540238212297
1992-06-23,18.987294061264667
1992-06-24,19.07445800002577
1992-06-25,18.969593667673664
1992-06-26,18.928091912146492
1992-06-29,18.884642856286824
1992-06-30,18.604359331491203
1992-07-01,18.63499391293108
1992-07-02,18.713380249987633
1992-07-06,18.53837736202345
1992-07-07,18.321481087473902
1992-07-08,18.235181251153783
1992-07-09,18.244382304483555
1992-07-10,18.1717319353757
1992-07-13,18.188729737069032
1992-07-14,18.234958174128103
1992-07-15,18.368876231874538
1992-07-16,18.407301789835532
1992-07-17,18.346348312903647
1992-07-20,18.354570301801424
1992-07-21,18.291673110353777
1992-07-22,18.39244687090362
1992-07-23,18.429892288822316
1992-07-24,18.450775138803117
1992-07-27,18.43561334220979
1992-07-28,18.39025738831433
1992-07-29,18.309836407165378
1992-07-30,18.20799288997255
1992-07-31,18.183100936406287
1992-08-03,18.08808427922911
1992-08-04,17.997943292583887
1992-08-05,17.90878104840461
1992-08-06,18.040696541204888
1992-08-07,17.939852487965727
1992-08-10,17.86920285645103
1992-08-11,17.810242529330747
1992-08-12,17.854506510770843
1992-08-13,17.97958700191814
1992-08-14,17.98878960704036
1992-08-17,18.06030728796473
1992-08-18,18.06269062175591
1992-08-19,17.95310603624169
1992-08-20,18.000278446830336
1992-08-21,17.891676738382465
1992-08-24,18.208517021279157
1992-08-25,18.024956365577836
1992-08-26,18.01079124771084
1992-08-27,17.934326151274544
1992-08-28,18.030160211913365
1992-08-31,18.143510415962492
1992-09-01,18.21889272903131
1992-09-02,18.31568404769256
1992-09-03,18.28399389714972
1992-09-04,18.33990001228336
1992-09-08,18.41624018113165
1992-09-09,18.34367475487683
1992-09-10,18.291549816236632
1992-09-11,18.25889090733436
1992-09-14,18.403343322500618
1992-09-15,18.36387203587637
1992-09-16,18.3905714740494
1992-09-17,18.298557563737205
1992-09-18,18.192926949074767
1992-09-21,18.196278275842804
1992-09-22,18.168493988744064
1992-09-23,18.261353701374425
1992-09-24,18.212165152768993
1992-09-25,18.183410486723997
1992-09-28,18.21399952065283
1992-09-29,18.166762772211655
1992-09-30,18.19540594627282
1992-10-01,18.29019411319181
1992-10-02,18.30715962808399
1992-10-05,18.187945433121698
1992-10-06,18.189348395392734
1992-10-07,18.220904358461965
1992-10-08,18.29039021972642
1992-10-09,18.48630798596551
1992-10-12,18.54508365600328
1992-10-13,18.41518568666625
1992-10-14,18.4486755717628
1992-10-15,18.55217972095207
1992-10-16,18.43882436195819
1992-10-19,18.42271816655694
1992-10-20,18.3920248351638
1992-10-21,18.201869240636743
1992-10-22,18.062286171521897
1992-10-23,17.973269590808798
1992-10-26,18.02037613480243
1992-10-27,17.94400560353781
1992-10-28,17.893888103787564
1992-10-29,17.707669400354273
1992-10-30,17.732419175430564
1992-11-02,17.882570133730894
1992-11-03,17.828572662218885
1992-11-04,17.62779770435052
1992-11-05,17.71961579406356
1992-11-06,17.543156110834577
1992-11-09,17.681625538248465
1992-11-10,17.586820503610696
1992-11-11,17.62517461787422
1992-11-12,17.584802328775343
1992-11-13,17.548320693069947
1992-11-16,17.736332042045788
1992-11-17,17.66291913073875
1992-11-18,17.58173623216409
1992-11-19,17.737663567048788
1992-11-20,17.738108323162464
1992-11-23,17.63458204007114
1992-11-24,17.6330845966157
1992-11-25,17.681141147515415
1992-11-27,17.655353907135897
1992-11-30,17.49743472945213
1992-12-01,17.31620748621726
1992-12-02,17.256429910096088
1992-12-03,17.099507712890365
1992-12-04,17.040711054703696
1992-12-07,17.227689399118788
1992-12-08,17.090209631607014
1992-12-09,17.125641053683875
1992-12-10,17.33785438528321
1992-12-11,17.332481539447816
1992-12-14,17.34167907913324
1992-12-15,17.280944415126946
1992-12-16,17.525178348092396
1992-12-17,17.62566167281016
1992-12-18,17.637761227953526
1992-12-21,17.71492742544968
1992-12-22,17.660989033075246
1992-12-23,17.765339974113687
1992-12-24,17.7803483823301
1992-12-28,17.69145602421486
1992-12-29,17.564700364318288
1992-12-30,17.552526536558016
1992-12-31,17.574335183956272
1993-01-04,17.4058461380163
1993-01-05,17.473289057690835
1993-01-06,17.36694714169569
1993-01-07,17.34992655523665
1993-01-08,17.383388367361025
1993-01-11,17.432379198139337
1993-01-12,17.233830517880495
1993-01-13,17.28282432133976
1993-01-14,17.376465303444498
1993-01-15,17.4730125243993
1993-01-18,17.43949045701198
1993-01-19,17.38170719969297
1993-01-20,17.27636953974329
1993-01-21,17.32147029957388
1993-01-22,17.33357174382407
1993-01-25,17.632930859670044
1993-01-26,17.614938824818402
1993-01-27,17.59888760587035
1993-01-28,17.83707899002549
1993-01-29,17.790941288734203
1993-02-01,17.7942924519117
1993-02-02,17.64045561984001
1993-02-03,17.655455261350323
1993-02-04,17.74613258720775
1993-02-05,17.716497797771744
1993-02-08,17.698506471077657
1993-02-09,17.74163781388954
1993-02-10,17.917671683021137
1993-02-11,17.94042125439004
1993-02-12,17.783706450362324
1993-02-16,17.6143900321454
1993-02-17,17.584765233351913
1993-02-18,17.65408054955156
1993-02-19,17.763160085295763
1993-02-22,17.9595255631488
1993-02-23,18.04143262874633
1993-02-24,18.037015391855185
1993-02-25,18.06654326494254
1993-02-26,18.08637217881676
1993-03-01,18.066438616501337
1993-03-02,18.06493022807892
1993-03-03,18.11772752746929
1993-03-04,18.39355116020802
1993-03-05,18.353247165860363
1993-03-08,18.26543439908361
1993-03-09,18.274585955192432
1993-03-10,18.191628915558447
1993-03-11,18.066985477035782
1993-03-12,18.167277084838265
1993-03-15,18.188065295149876
1993-03-16,18.183646788985328
1993-03-17,18.210249601692222
1993-03-18,18.358995153077327
1993-03-19,18.387530303548125
1993-03-22,18.15337024103887
1993-03-23,18.193541102226288
1993-03-24,18.260849513011625
1993-03-25,18.382433686411296
1993-03-26,18.400302213981483
1993-03-29,18.345478026801825
1993-03-30,18.29841213300023
1993-03-31,18.42967121300683
1993-04-01,18.462072286431816
1993-04-02,18.48478143577184
1993-04-05,18.380541377226795
1993-04-06,18.19878638731601
1993-04-07,18.19921470293119
1993-04-08,18.16282012591207
1993-04-12,18.28145903508049
1993-04-13,18.29448115221609
1993-04-14,18.26971455672314
1993-04-15,18.148063840042735
1993-04-16,18.020606169919553
1993-04-19,18.01910157679467
1993-04-20,18.014690868820303
1993-04-21,18.037403532792005
1993-04-22,17.975838900492676
1993-04-23,18.007269121799954
1993-04-26,18.05613546877155
1993-04-27,18.031382463496
1993-04-28,18.008567044346236
1993-04-29,18.213368301434457
1993-04-30,18.176021297924343
1993-05-03,18.210346753098673
1993-05-04,18.09068203824547
1993-05-05,18.094016782537494
1993-05-06,18.13221608061574
1993-05-07,18.09003470649712
1993-05-10,18.04011020667398
1993-05-11,17.999871145500435
1993-05-12,17.954792632301487
1993-05-13,17.779969265792303
1993-05-14,17.70101211270595
1993-05-17,17.703389840871157
1993-05-18,17.627344102727243
1993-05-19,17.616169627508746
1993-05-20,17.75795969759266
1993-05-21,17.769049458189667
1993-05-24,17.636862117259195
1993-05-25,17.697324691314176
1993-05-26,17.623227593295745
1993-05-27,17.60237612743488
1993-05-28,17.540870215094117
1993-06-01,17.55389915924624
1993-06-02,17.47400792032256
1993-06-03,17.35443969459286
1993-06-04,17.423608196673168
1993-06-07,17.37953817009969
1993-06-08,17.379020921939865
1993-06-09,17.393988191697066
1993-06-10,17.241536119220157
1993-06-11,17.165542385210383
1993-06-14,17.109874941386042
1993-06-15,16.930351061295045
1993-06-16,17.014997730451665
1993-06-17,17.009653107185123
1993-06-18,17.010113893057124
1993-06-21,16.994126833378946
1993-06-22,16.897839557409313
1993-06-23,17.005692865593893
1993-06-24,17.02647058275906
1993-06-25,17.01822436061417
1993-06-28,17.04673968994808
1993-06-29,16.999799693213784
1993-06-30,17.021541847262345
1993-07-01,16.97073534795827
1993-07-02,16.94895022917252
1993-07-06,17.161238352708406
1993-07-07,17.024351858666765
1993-07-08,16.898111123845627
1993-07-09,16.904377513001478
1993-07-12,16.898071892543758
1993-07-13,16.862753450679982
1993-07-14,16.627254917730713
1993-07-15,16.642233024173173
1993-07-16,16.50635551292667
1993-07-19,16.84237302615477
1993-07-20,16.703598306085514
1993-07-21,16.74177751308086
1993-07-22,16.69196815800783
1993-07-23,16.7968593727126
1993-07-26,16.889176470536633
1993-07-27,17.073334578155155
1993-07-28,16.98001491852786
1993-07-29,16.955340785352387
1993-07-30,16.826261931148593
1993-08-02,16.902130739863793
1993-08-03,16.892926598044678
1993-08-04,16.874058991267727
1993-08-05,16.7324315171316
1993-08-06,16.748365176818165
1993-08-09,16.8242249297298
1993-08-10,16.783129045399477
1993-08-11,16.973028544739886
1993-08-12,17.030511784815104
1993-08-13,17.06093006680132
1993-08-16,16.965714930406055
1993-08-17,17.02415905632315
1993-08-18,16.909623985044202
1993-08-19,16.914918403001593
1993-08-20,16.96079652193452
1993-08-23,17.050154867707146
1993-08-24,16.9820099065555
1993-08-25,16.920634608104685
1993-08-26,16.943318289827758
1993-08-27,17.188216170914103
1993-08-30,17.185771966912977
1993-08-31,16.987211775166163
1993-09-01,16.844695156037865
1993-09-02,16.865446642252447
1993-09-03,16.818576961454887
1993-09-07,16.476122188150164
1993-09-08,16.544213087053617
1993-09-09,16.521505039129764
1993-09-10,16.500729042844164
1993-09-13,16.60841512213254
1993-09-14,16.589569816283205
1993-09-15,16.56299903060709
1993-09-16,16.54995056964179
1993-09-17,16.662449856219652
1993-09-20,16.865719921543615
1993-09-21,16.855561981391954
1993-09-22,16.692829005072987
1993-09-23,16.77923969371024
1993-09-24,16.733356971848032
1993-09-27,16.675890581583356
1993-09-28,16.721739917843465
1993-09-29,17.0263450741524
1993-09-30,17.123351886890674
1993-10-01,17.119946009080902
1993-10-04,17.068268887528166
1993-10-05,17.02431820662361
1993-10-06,17.0286372070643
1993-10-07,17.119839097258325
1993-10-08,17.170491086616714
1993-10-11,17.2674733207277
1993-10-12,17.345144947998907
1993-10-13,17.302158460490435
1993-10-14,17.236010683719044
1993-10-15,17.15345764599881
1993-10-18,17.081527605529473
1993-10-19,17.077157951838593
1993-10-20,17.0998122449762
1993-10-21,17.121499177875528
1993-10-22,16.943425095234904
1993-10-25,16.73255062067798
1993-10-26,16.65775112520419
1993-10-27,16.753749309181323
1993-10-28,16.623951499311914
1993-10-29,16.53951247513042
1993-11-01,16.699186203534488
1993-11-02,16.561684272231254
1993-11-03,16.58434552088193
1993-11-04,16.591570252466234
1993-11-05,16.524509271959005
1993-11-08,16.402464597441266
1993-11-09,16.406800126388433
1993-11-10,16.539434265512977
1993-11-11,16.7772026576447
1993-11-12,16.69278402947999
1993-11-15,16.698074382699087
1993-11-16,16.694683921154443
1993-11-17,16.87840860563263
1993-11-18,16.779528849814106
1993-11-19,16.75877679919853
1993-11-22,16.7534556173606
1993-11-23,16.501250065702706
1993-11-24,16.437110512011657
1993-11-26,16.44529998508999
1993-11-29,15.963622025409588
1993-11-30,15.916861987215592
1993-12-01,15.973278619824889
1993-12-02,15.7809227978827
1993-12-03,15.84119766552907
1993-12-06,15.691280648853937
1993-12-07,15.787227045217747
1993-12-08,15.772296193687096
1993-12-09,15.805568583668355
1993-12-10,16.080816000138313
1993-12-13,15.889461872731555
1993-12-14,15.929476412582549
1993-12-15,15.924182215524716
1993-12-16,15.898646538319714
1993-12-17,15.876003964998617
1993-12-20,15.835047374222736
1993-12-21,15.73337329845914
1993-12-22,15.832178228466304
1993-12-23,15.761349306115507
1993-12-27,15.64137477610728
1993-12-28,15.638018179882025
1993-12-29,15.82547466397728
1993-12-30,15.756582079727757
1993-12-31,15.759968542939797
1994-01-03,15.85393362374117
1994-01-04,15.97487349521668
1994-01-05,16.288519807230745
1994-01-06,16.358372501920368
1994-01-07,16.452308635798737
1994-01-10,16.212877449219345
1994-01-11,16.430133301052457
1994-01-12,16.313071530271017
1994-01-13,16.35112100697959
1994-01-14,16.58087751860006
1994-01-17,16.67768155748282
1994-01-18,16.43346941906488
1994-01-19,16.413713654969317
1994-01-20,16.361210506682607
1994-01-21,16.462824373208004
1994-01-24,16.681941358096296
1994-01-25,16.68337160445989
1994-01-26,16.919804710109783
1994-01-27,16.937600349508582
1994-01-28,17.03147866675457
1994-01-31,17.07912410456241
1994-02-01,17.41567208322206
1994-02-02,17.511452744970022
1994-02-03,17.199893996657476
1994-02-04,17.065534581832853
1994-02-07,16.85318824926435
1994-02-08,16.883499348185637
1994-02-09,16.63458250484973
1994-02-10,16.602314304474493
1994-02-11,16.628778130873073
1994-02-14,16.394331961623973
1994-02-15,16.379403669653026
1994-02-16,16.390468135619198
1994-02-17,16.40538344288581
1994-02-18,16.419335732776773
1994-02-22,16.54783720575201
1994-02-23,16.465524209606812
1994-02-24,16.660433407333773
1994-02-25,16.63009936253039
1994-02-28,16.480416405755903
1994-03-01,16.47607667331706
1994-03-02,16.436125763177174
1994-03-03,16.37500396857657
1994-03-04,16.411087770293815
1994-03-07,16.21235386929482
1994-03-08,16.241703317462605
1994-03-09,16.26623921104367
1994-03-10,16.24843491199216
1994-03-11,16.348023950843505
1994-03-14,16.33310477213908
1994-03-15,16.480794642444806
1994-03-16,16.62943884394382
1994-03-17,16.50386684481466
1994-03-18,16.51299724790553
1994-03-21,16.565420022422177
1994-03-22,16.575509536563125
1994-03-23,16.54038363834717
1994-03-24,16.510070040880795
1994-03-25,16.542284858599754
1994-03-28,16.12143023558359
1994-03-29,16.162311389775606
1994-03-30,16.186838475546345
1994-03-31,16.38834413275221
1994-04-04,16.775467201283682
1994-04-05,16.626853568779307
1994-04-06,16.690796257415247
1994-04-07,16.57104466062061
1994-04-08,16.523429136121333
1994-04-11,16.55755610906291
1994-04-12,16.537830772482614
1994-04-13,16.595035979771914
1994-04-14,16.707047361522758
1994-04-15,16.85655273571298
1994-04-18,16.81855150681947
1994-04-19,16.62575102692002
1994-04-20,16.666600215535347
1994-04-21,16.771861941776905
1994-04-22,16.933841931551463
1994-04-25,16.977562320858905
1994-04-26,16.753060717311996
1994-04-28,16.61701453651088
1994-04-29,16.779940518786006
1994-05-02,16.754448606508543
1994-05-03,16.613607982719085
1994-05-04,16.60254012662357
1994-05-05,16.656834226105055
1994-05-06,16.73995859194978
1994-05-09,16.785594091291173
1994-05-10,16.699556764423132
1994-05-11,16.736541436306393
1994-05-12,16.811966444164682
1994-05-13,16.821075340923255
1994-05-16,16.84459933089148
1994-05-17,16.7729881884569
1994-05-18,16.836870952720908
1994-05-19,16.9439900649613
1994-05-20,16.975194682020476
1994-05-23,17.049635023264813
1994-05-24,16.797394929356802
1994-05-25,16.583600738986984
1994-05-26,16.57446073178304
1994-05-27,16.697900568164414
1994-05-31,16.98080937411285
1994-06-01,16.86406369597316
1994-06-02,16.930806408608785
1994-06-03,16.779485550644903
1994-06-06,16.752089918530814
1994-06-07,16.6459311025378
1994-06-08,16.885567407618826
1994-06-09,16.909077328424992
1994-06-10,17.00365968921739
1994-06-13,17.144338679021203
1994-06-14,17.13710629924858
1994-06-15,17.530353148023885
1994-06-16,17.473170709341698
1994-06-17,17.705049915122967
1994-06-20,17.521106800159966
1994-06-21,17.343894346032265
1994-06-22,17.16957455294549
1994-06-23,17.17386491345203
1994-06-24,17.20599971718136
1994-06-27,17.034579938461725
1994-06-28,17.290426793652735
1994-06-29,17.119014650768026
1994-06-30,17.288438023128947
1994-07-01,17.33496607576226
1994-07-05,17.09828616677224
1994-07-06,16.940339869739738
1994-07-07,16.86399836560254
1994-07-08,16.9796482829279
1994-07-11,17.29878938358116
1994-07-12,17.391382111098842
1994-07-13,17.393743920047203
1994-07-14,17.422020952895668
1994-07-15,17.338000134049878
1994-07-18,17.241508474646857
1994-07-19,17.275545592154273
1994-07-20,17.17042457269793
1994-07-21,17.196784205263967
1994-07-22,17.255771195441653
1994-07-25,17.15449791734447
1994-07-26,17.14439093310601
1994-07-27,17.16882861817933
1994-07-28,17.24699961616337
1994-07-29,17.512268024002005
1994-08-01,17.65278920320596
1994-08-02,17.46517129903194
1994-08-03,17.328414893941357
1994-08-04,17.359559054357025
1994-08-05,17.045332352550943
1994-08-08,17.00837159703632
1994-08-09,17.0414399823039
1994-08-10,17.040932796590138
1994-08-11,16.95505315026572
1994-08-12,16.741603073603898
1994-08-15,16.73439128220008
1994-08-16,16.66099792125803
1994-08-17,16.83889976189668
1994-08-18,16.66288333326686
1994-08-19,16.473450499943056
1994-08-22,16.16414884649663
1994-08-23,16.160790851474722
1994-08-24,16.33100882677176
1994-08-25,16.25955956684968
1994-08-26,16.19290948036223
1994-08-29,16.3880435529278
1994-08-30,16.328104893010597
1994-08-31,16.32474253117549
1994-09-01,16.331927351980102
1994-09-02,16.292130785076154
1994-09-06,16.413408252943377
1994-09-07,16.478113964516375
1994-09-08,16.514053100846738
1994-09-09,16.52123114866289
1994-09-12,16.61181011673672
1994-09-13,16.509702936451315
1994-09-14,16.395139769424713
1994-09-15,16.23457315613002
1994-09-16,16.33090215825546
1994-09-19,16.453103842404392
1994-09-20,16.423859761135507
1994-09-21,16.323693645893258
1994-09-22,16.448759711671638
1994-09-23,16.444435806904558
1994-09-26,16.30690213680844
1994-09-27,16.19908313109777
1994-09-28,16.20435203692171
1994-09-29,16.325569044952243
1994-09-30,16.42569887079759
1994-10-03,16.406046029368113
1994-10-04,16.359565277002808
1994-10-05,16.28721664473746
1994-10-06,16.365297633454592
1994-10-07,16.48265640239768
1994-10-10,16.501328440808596
1994-10-11,16.627298209524046
1994-10-12,16.59806262420182
1994-10-13,16.700073823777654
1994-10-14,16.6746704281712
1994-10-17,16.725901679909406
1994-10-18,16.67176168790089
1994-10-19,16.737358903342336
1994-10-20,16.943753865960627
1994-10-21,16.790000000255773
1994-10-24,16.98776137131491
1994-10-25,17.006412121555886
1994-10-26,17.230014445104217
1994-10-27,17.248655391911274
1994-10-28,17.260592260688462
1994-10-31,17.14515999520559
1994-11-01,17.28446233229407
1994-11-02,17.311717321145018
1994-11-03,17.258537488578067
1994-11-04,17.196741922397514
1994-11-07,16.929086154258176
1994-11-08,17.13060924873213
1994-11-09,17.040099327115605
1994-11-10,17.14012121111033
1994-11-11,17.166417841786153
1994-11-14,16.991668217574674
1994-11-15,17.016052592952846
1994-11-16,16.774305514519888
1994-11-17,16.824541665089672
1994-11-18,16.865203239175514
1994-11-21,16.81875530060809
1994-11-22,16.946517616750477
1994-11-23,17.01971498298265
1994-11-25,16.993365481456234
1994-11-28,16.990945111452188
1994-11-29,16.83730690972148
1994-11-30,16.764070840640315
1994-12-01,16.668826677366432
1994-12-02,16.354438438418487
1994-12-05,16.357780355166984
1994-12-06,16.36494914043758
1994-12-07,16.52330681481764
1994-12-08,16.80222366576521
1994-12-09,16.861047610225807
1994-12-12,16.83088466770391
1994-12-13,16.668686087285536
1994-12-14,16.676800491906494
1994-12-15,16.6906560189767
1994-12-16,16.671981666531163
1994-12-19,16.541377571129956
1994-12-20,16.57436702513107
1994-12-21,16.636054801524622
1994-12-22,16.718782532561367
1994-12-23,16.768026558673387
1994-12-27,17.081270269455
1994-12-28,17.18693403534295
1994-12-29,17.180683891435116
1994-12-30,17.288250243477034
1995-01-03,17.088800144312344
1995-01-04,17.01082408229372
1995-01-05,17.05909324286871
1995-01-06,16.922786224070762
1995-01-09,16.766404274457322
1995-01-10,16.740085387598608
1995-01-11,16.82565040805603
1995-01-12,16.792637050640277
1995-01-13,16.629584983403166
1995-01-16,16.80502367873914
1995-01-17,17.072241548432622
1995-01-18,17.136749462316995
1995-01-19,17.055927747104988
1995-01-20,17.13668494625126
1995-01-23,16.946883082196443
1995-01-24,17.00660525912769
1995-01-25,16.908591796393782
1995-01-26,16.896616343765192
1995-01-27,16.789052321016314
1995-01-30,16.771347531481446
1995-01-31,16.822463651074145
1995-02-01,16.83534442935136
1995-02-02,16.945715758826974
1995-02-03,17.056080525257453
1995-02-06,17.01734255467893
1995-02-07,16.80658054194741
1995-02-08,16.667507103679938
1995-02-09,16.812268928641792
1995-02-10,16.89108542006244
1995-02-13,16.736731958559275
1995-02-14,16.784968623386348
1995-02-15,16.73860223039563
1995-02-16,16.834611378308743
1995-02-17,16.952588998638674
1995-02-21,16.94539704949142
1995-02-22,16.990752657681018
1995-02-23,16.9348338684213
1995-02-24,17.00789351812955
1995-02-27,16.94051391824957
1995-02-28,16.918992797795248
1995-03-01,16.83346925063116
1995-03-02,16.776608674775215
1995-03-03,16.86781010843474
1995-03-06,16.841518841120944
1995-03-07,16.873492959868553
1995-03-08,16.758374336269405
1995-03-09,16.690062068705558
1995-03-10,16.648497504056195
1995-03-13,16.75210252102341
1995-03-14,16.664696276947257
1995-03-15,16.76542974434962
1995-03-16,16.841328558291377
1995-03-17,16.841781744087974
1995-03-20,16.902394807638277
1995-03-21,16.86369699734209
1995-03-22,17.177341807384277
1995-03-23,17.11763175313699
1995-03-24,16.98917961786799
1995-03-27,17.089879386366587
1995-03-28,17.039723774105838
1995-03-29,17.030624568789257
1995-03-30,17.08357982847017
1995-03-31,17.09357266962348
1995-04-03,17.10165523672402
1995-04-04,17.234791107996195
1995-04-05,17.350736023419746
1995-04-06,17.42849143493218
1995-04-07,17.398382993792037
1995-04-10,17.37495698026127
1995-04-11,17.48706669692192
1995-04-12,17.408282288924
1995-04-13,17.222611522773608
1995-04-17,17.41392734617037
1995-04-18,17.493573677478274
1995-04-19,17.51786619372871
1995-04-20,17.529749582977093
1995-04-21,17.58648402601206
1995-04-24,17.54683678405108
1995-04-25,17.52913960372467
1995-04-26,17.407437339341193
1995-04-27,17.54527011965728
1995-04-28,17.519941403204704
1995-05-01,17.6558540406397
1995-05-02,17.486459350711776
1995-05-03,17.39530613283927
1995-05-04,17.47301743109319
1995-05-05,17.40285613397495
1995-05-08,17.35845744065245
1995-05-09,17.157617325206875
1995-05-10,17.2229253184299
1995-05-11,17.113672564018326
1995-05-12,17.21045460803121
1995-05-15,17.380672816543036
1995-05-16,17.47362670132274
1995-05-17,17.43304793571658
1995-05-18,17.553651947313302
1995-05-19,17.57315768632937
1995-05-22,17.627947333192818
1995-05-23,17.717063178794838
1995-05-24,17.584939113417136
1995-05-25,17.55294749124157
1995-05-26,17.350272960167356
1995-05-30,17.206728398340072
1995-05-31,17.239587661958737
1995-06-01,17.36111789219899
1995-06-02,17.39492495064095
1995-06-05,17.477354712063985
1995-06-06,17.34622056435201
1995-06-07,17.320917706321595
1995-06-08,17.239369203913533
1995-06-09,17.157827006187656
1995-06-12,17.121091800533396
1995-06-13,17.069108080251553
1995-06-14,17.169639955777875
1995-06-15,17.08334184120357
1995-06-16,16.94844008999164
1995-06-19,16.846903375483222
1995-06-20,16.84068364336587
1995-06-21,16.695315926990368
1995-06-22,16.739611936718287
1995-06-23,16.7219602603201
1995-06-26,16.681437549354992
1995-06-27,16.70285858327599
1995-06-28,16.817665965302925
1995-06-29,16.70758150146869
1995-06-30,16.62609137184144
1995-07-03,16.600821798511507
1995-07-05,16.374512037008923
1995-07-06,16.479783563897183
1995-07-07,16.372585127485756
1995-07-10,16.567405374838728
1995-07-11,16.532615136537505
1995-07-12,16.57880439294911
1995-07-13,16.421125857199502
1995-07-14,16.524471490689756
1995-07-17,16.57065682096602
1995-07-18,16.620648974020252
1995-07-19,16.506803333372932
1995-07-20,16.42249170587393
1995-07-21,16.486771673312695
1995-07-24,16.501518963134377
1995-07-25,16.494361706410984
1995-07-26,16.743395293364035
1995-07-27,16.75051601164457
1995-07-28,16.756684485401863
1995-07-31,16.88760228876513
1995-08-01,16.715690319400277
1995-08-02,16.663772292609316
1995-08-03,16.66232465451342
1995-08-04,16.653257962809032
1995-08-07,16.628958358513554
1995-08-08,16.677023033644367
1995-08-09,16.745078170556408
1995-08-10,16.73791458973775
1995-08-11,16.779306679175317
1995-08-14,16.723590111514625
1995-08-15,16.7354687071037
1995-08-16,16.687372594638674
1995-08-17,16.791587622384025
1995-08-18,16.883422685988364
1995-08-21,17.108515783309763
1995-08-22,17.111813354080418
1995-08-23,17.156991009932717
1995-08-24,17.124119826616234
1995-08-25,17.102671277882557
1995-08-28,17.033637259199566
1995-08-29,17.01314528861999
1995-08-30,16.99360567848671
1995-08-31,17.179622403698993
1995-09-01,17.279031650884303
1995-09-05,17.43743330393123
1995-09-06,17.271341455564034
1995-09-07,17.23371755574721
1995-09-08,17.293150133914597
1995-09-11,17.302150838188506
1995-09-12,17.42246922146001
1995-09-13,17.409583175472118
1995-09-14,17.446169391871084
1995-09-15,17.490364528031705
1995-09-18,17.548826522916336
1995-09-19,17.493128048150098
1995-09-20,17.361330013269004
1995-09-21,17.305640420599705
1995-09-22,17.13485668925039
1995-09-25,17.1828572307525
1995-09-26,17.15190920092484
1995-09-27,17.161861326347818
1995-09-28,17.26787461245849
1995-09-29,17.221709078513776
1995-10-02,17.38858173346908
1995-10-03,17.233998267417658
1995-10-04,17.173571969356146
1995-10-05,16.946730910817543
1995-10-06,16.968097794364287
1995-10-09,17.154922834664667
1995-10-10,17.153460457542362
1995-10-11,17.1320309668902
1995-10-12,17.07732460309383
1995-10-13,17.209927813843777
1995-10-16,17.194204360333767
1995-10-17,17.11382903629497
1995-10-18,17.102861767713925
1995-10-19,17.08619124600598
1995-10-20,17.171242895970217
1995-10-23,17.172632064091236
1995-10-24,17.15596090684043
1995-10-25,17.193474146945256
1995-10-26,17.33649434050995
1995-10-27,17.307462548939597
1995-10-30,17.36587877972235
1995-10-31,17.404329748565033
1995-11-01,17.44277986611972
1995-11-02,17.55345792772654
1995-11-03,17.482608553407
1995-11-06,17.444073434326615
1995-11-07,17.453058045365495
1995-11-08,17.52381048798281
1995-11-09,17.4947807494831
1995-11-10,17.60638713183087
1995-11-13,17.57735807846454
1995-11-14,17.52267405547501
1995-11-15,17.535454595345556
1995-11-16,17.679351683067857
1995-11-17,17.85744367161417
1995-11-20,17.855011661898505
1995-11-21,17.791777416457045
1995-11-22,17.897648497106303
1995-11-24,17.925615560112874
1995-11-27,18.011528143746645
1995-11-28,17.881802227229468
1995-11-29,17.90026767150229
1995-11-30,17.850341368432876
1995-12-01,18.01793218414377
1995-12-04,18.16081846643156
1995-12-05,18.350234744593948
1995-12-06,18.36773275177361
1995-12-07,18.365287681102725
1995-12-08,18.466358178632458
1995-12-11,18.37369035241309
1995-12-12,18.348453322740607
1995-12-13,18.49509778986256
1995-12-14,18.542026668408145
1995-12-15,18.5832556224184
1995-12-18,18.791598897273808
1995-12-19,18.882191025825595
1995-12-20,19.02215226624487
1995-12-21,19.206727821492777
1995-12-22,18.874808765147662
1995-12-26,19.07077129870994
1995-12-27,19.63127517420643
1995-12-28,19.1655178762768
1995-12-29,19.317785631231793
1996-01-02,19.689327081914524
1996-01-03,19.823534305015865
1996-01-04,19.760295374867557
1996-01-05,19.82710059814067
1996-01-08,19.748679756574475
1996-01-09,19.39596179251077
1996-01-10,19.04516361691622
1996-01-11,18.414408547475013
1996-01-12,18.043731749437477
1996-01-15,17.75659006535828
1996-01-16,17.44953757286398
1996-01-17,17.728962124471437
1996-01-18,17.80624643486812
1996-01-19,17.724110394330985
1996-01-22,17.62774663225075
1996-01-23,17.7856798761028
1996-01-24,17.84967123195997
1996-01-25,17.549320584970268
1996-01-26,17.784091789653694
1996-01-29,18.088108006538153
1996-01-30,18.3883106128156
1996-01-31,18.670470283549506
1996-02-01,18.491567093156505
1996-02-02,18.539397604351382
1996-02-05,17.9753784519135
1996-02-06,18.357116574467945
1996-02-07,18.300606651795004
1996-02-08,18.22702609821042
1996-02-09,18.248298365022908
1996-02-12,18.13963130218252
1996-02-13,18.52510227806197
1996-02-14,18.461008292566973
1996-02-15,18.40165881424839
1996-02-16,18.30153622419726
1996-02-20,18.4470314449873
1996-02-21,18.685451214285074
1996-02-22,18.796789011033525
1996-02-23,18.552534886451117
1996-02-26,18.842132530371792
1996-02-27,18.88898049963539
1996-02-28,18.74145528553452
1996-02-29,18.743741743445376
1996-03-01,18.53460435291258
1996-03-04,18.50086999300162
1996-03-05,18.485151937882705
1996-03-06,18.63628173239874
1996-03-07,18.460352183008656
1996-03-08,18.35931899773627
1996-03-11,18.5132840554752
1996-03-12,18.558231489743527
1996-03-13,18.64583127914792
1996-03-14,18.683189207968574
1996-03-15,18.81343111608959
1996-03-18,19.216624911482892
1996-03-19,19.227426998988022
1996-03-20,19.32257436761373
1996-03-21,19.457520575731177
1996-03-22,19.706177190035632
1996-03-25,19.81741298945623
1996-03-26,19.71637653080493
1996-03-27,19.72905584905343
1996-03-28,19.531376935817487
1996-03-29,19.581014466400156
1996-04-01,19.82583358943866
1996-04-02,20.010948514286007
1996-04-03,19.974349646031644
1996-04-04,20.21629316822942
1996-04-08,20.27821938806911
1996-04-09,20.15540575090822
1996-04-10,20.419111940110696
1996-04-11,20.525548460862534
1996-04-12,20.187708003820777
1996-04-15,20.213629953799508
1996-04-16,19.753628530966218
1996-04-17,19.709469291792416
1996-04-18,19.67573293866856
1996-04-19,19.809640005690714
1996-04-22,20.111177029338045
1996-04-23,20.420271564803063
1996-04-24,20.340112043643614
1996-04-25,20.376440435505664
1996-04-26,20.331325224203088
1996-04-29,20.335455236192622
1996-04-30,19.821610758688557
1996-05-01,19.883517058599335
1996-05-02,19.761724863917376
1996-05-03,19.83593729931279
1996-05-06,19.78800580489685
1996-05-07,19.906712467613932
1996-05-08,19.937363474668334
1996-05-09,19.87428502010145
1996-05-10,19.815945592508378
1996-05-13,20.00942445991911
1996-05-14,19.949190723594334
1996-05-15,19.91830428164414
1996-05-16,19.68863505490671
1996-05-17,19.651132950671354
1996-05-20,20.068918941843144
1996-05-21,19.85062333123126
1996-05-22,19.978754516633497
1996-05-23,19.912854166224054
1996-05-24,19.954851957646387
1996-05-28,19.79715525855869
1996-05-29,19.598774664478345
1996-05-30,19.298199204298367
1996-05-31,19.291947194723793
1996-06-03,19.258253860271687
1996-06-04,19.23780863367025
1996-06-05,18.93254979767211
1996-06-06,19.038907584898027
1996-06-07,19.249337284675576
1996-06-10,19.345271669948986
1996-06-11,19.060860564642535
1996-06-12,18.89851137738811
1996-06-13,18.86578319864176
1996-06-14,18.867114186514335
1996-06-17,19.167381406693792
1996-06-18,19.150729516571825
1996-06-19,18.929753352791973
1996-06-20,18.995405531668705
1996-06-21,19.00902799615761
1996-06-24,18.976303223231305
1996-06-25,18.913312946067585
1996-06-26,19.113260780712277
1996-06-27,19.318872649744804
1996-06-28,19.531091840798094
1996-07-01,19.625082955343025
1996-07-02,19.514797797868333
1996-07-03,19.686327763280207
1996-07-05,19.657373822311303
1996-07-08,19.627475053551176
1996-07-09,19.616489427538664
1996-07-10,19.720862291643183
1996-07-11,19.827118958014143
1996-07-12,19.896496328974713
1996-07-15,19.94979528000295
1996-07-16,19.77807655770015
1996-07-17,19.44281173303413
1996-07-18,19.07164188354641
1996-07-19,18.768558734492252
1996-07-22,18.48818360892647
1996-07-23,18.79107395667945
1996-07-24,18.55419654128312
1996-07-25,18.557426117306647
1996-07-26,18.243061405004475
1996-07-29,18.19620519739414
1996-07-30,18.311917820654973
1996-07-31,18.39643405805053
1996-08-01,18.783379451815915
1996-08-02,18.946318114239833
1996-08-05,18.71516233907849
1996-08-06,18.60592869310131
1996-08-07,18.618604762222624
1996-08-08,18.70120783752459
1996-08-09,18.73655780139608
1996-08-12,18.993014951248945
1996-08-13,18.958433976456007
1996-08-14,18.878502602553738
1996-08-15,18.736217333869995
1996-08-16,19.02571227832673
1996-08-19,19.286845375008944
1996-08-20,18.96600491059392
1996-08-21,18.79917193962386
1996-08-22,18.88457884905035
1996-08-23,18.84434151216701
1996-08-26,18.66524644151234
1996-08-27,18.57967629176837
1996-08-28,18.562121771054525
1996-08-29,18.801482127940552
1996-08-30,18.749919474302445
1996-09-03,18.993982747296723
1996-09-04,18.800748775516528
1996-09-05,18.93240871285325
1996-09-06,19.14527937526827
1996-09-09,19.117323383815595
1996-09-10,19.16869368712693
1996-09-11,19.29277230052767
1996-09-12,19.36679776412229
1996-09-13,19.228358602339593
1996-09-16,18.914301758055505
1996-09-17,18.892021095566832
1996-09-18,19.18698644239788
1996-09-19,19.067453205607997
1996-09-20,18.999852550252218
1996-09-23,18.883164159390837
1996-09-24,19.17054190189725
1996-09-25,19.351226109604756
1996-09-26,19.28928877823693
1996-09-27,19.46240668280924
1996-09-30,19.371208835656528
1996-10-01,19.284734880168592
1996-10-02,19.269058251244463
1996-10-03,19.67246002212765
1996-10-04,19.702078109052156
1996-10-07,19.950658081070056
1996-10-08,20.147314902564
1996-10-09,19.974007654556036
1996-10-10,19.570442267748664
1996-10-11,19.67366590348628
1996-10-14,19.86936425118726
1996-10-15,19.971629732942976
1996-10-16,19.764384668790257
1996-10-17,19.822298408090397
1996-10-18,19.895305985515225
1996-10-21,19.915471672240553
1996-10-22,20.117731622645028
1996-10-23,19.87843364756324
1996-10-24,19.58254401156789
1996-10-25,19.9225339902312
1996-10-28,19.946470149314703
1996-10-29,19.826068984422538
1996-10-30,19.88679655364561
1996-10-31,19.32965275575994
1996-11-01,19.218714114324317
1996-11-04,19.076654662912876
1996-11-05,19.095895189918725
1996-11-06,19.15191760309043
1996-11-07,19.15889310192249
1996-11-08,19.434662903538793
1996-11-11,19.44634393887814
1996-11-12,19.350514447085164
1996-11-13,19.635683626181653
1996-11-14,19.896317784376816
1996-11-15,19.928729702809257
1996-11-18,19.8046077332517
1996-11-19,20.346209878883432
1996-11-20,20.288086492290848
1996-11-21,20.467574327853896
1996-11-22,20.60273704023327
1996-11-25,20.577609344387152
1996-11-26,20.741987373060734
1996-11-27,20.695175008564103
1996-11-29,20.643649955710178
1996-12-02,20.63266560000304
1996-12-03,20.782882581271323
1996-12-04,20.853905883306677
1996-12-05,21.468825540487646
1996-12-06,20.97331770428563
1996-12-09,20.40997391102173
1996-12-10,20.220856500472852
1996-12-11,19.92995932033781
1996-12-12,19.999109734365785
1996-12-13,20.5225249039931
1996-12-16,21.454928394337607
1996-12-17,21.08109447959151
1996-12-18,21.18884190730559
1996-12-19,21.52368926527109
1996-12-20,21.51173977862122
1996-12-23,21.111565756741527
1996-12-24,21.234374612063956
1996-12-26,20.796542224077168
1996-12-27,20.361562678534607
1996-12-30,19.99633149838727
1996-12-31,20.280266617663877
1997-01-02,20.450189580410463
1997-01-03,20.626694975802085
1997-01-06,21.55967608765329
1997-01-07,21.13511350894681
1997-01-08,21.337960697616175
1997-01-09,21.04907689121094
1997-01-10,20.63210209216056
1997-01-13,20.24058637797781
1997-01-14,20.24563517679383
1997-01-15,20.697133637725845
1997-01-16,20.225593109222835
1997-01-17,20.014965610036445
1997-01-20,19.8674505925474
1997-01-21,19.62294137278453
1997-01-22,19.6873373335023
1997-01-23,19.549262906555704
1997-01-24,19.53549763048744
1997-01-27,19.623430228168147
1997-01-28,19.490078395849046
1997-01-29,19.49608875288235
1997-01-30,19.68099735158818
1997-01-31,19.292497846611624
1997-02-03,19.18929933432068
1997-02-04,19.32995061636715
1997-02-05,19.21922384460993
1997-02-06,18.84208119645063
1997-02-07,18.32940109307864
1997-02-10,18.364626629525013
1997-02-11,18.440328476878868
1997-02-12,18.15079719779466
1997-02-13,18.10884022940955
1997-02-14,18.14595097481333
1997-02-18,18.203768084019455
1997-02-19,18.368877156895337
1997-02-20,18.122684201681036
1997-02-21,18.11179218574396
1997-02-24,17.757393751183102
1997-02-25,17.981785283173142
1997-02-26,18.04524153957099
1997-02-27,17.95060121401898
1997-02-28,17.767513304186302
1997-03-03,17.76792496845417
1997-03-04,18.035565535727073
1997-03-05,17.809208391181237
1997-03-06,18.05142872797296
1997-03-07,18.258823196594808
1997-03-10,18.130325897883058
1997-03-11,18.06392854446528
1997-03-12,18.15464676442837
1997-03-13,18.142817873541187
1997-03-14,18.380281159412093
1997-03-17,18.107872714172657
1997-03-18,18.3377973368642
1997-03-19,18.418146758360898
1997-03-20,18.46557079078727
1997-03-21,18.264676097566426
1997-03-24,18.084485779639657
1997-03-25,18.17235747856607
1997-03-26,18.05331404451692
1997-03-27,18.191966297157084
1997-03-31,18.096439016692983
1997-04-01,17.995276585098793
1997-04-02,17.672186970448152
1997-04-03,17.631226216256753
1997-04-04,17.541370218185474
1997-04-07,17.592565157048806
1997-04-08,17.589220855479958
1997-04-09,17.640409861442972
1997-04-10,17.826049470489753
1997-04-11,17.82739828528156
1997-04-14,18.02994357850154
1997-04-15,17.941974938521863
1997-04-16,17.786322156488314
1997-04-17,18.001072031990304
1997-04-18,18.20734762006916
1997-04-21,18.328068349686017
1997-04-22,18.248563436484936
1997-04-23,18.158723530262552
1997-04-24,18.24653779072966
1997-04-25,18.26573211563587
1997-04-28,18.111988151065653
1997-04-29,18.38964602297238
1997-04-30,18.492480544020676
1997-05-01,18.493808743691403
1997-05-02,18.30248435814971
1997-05-05,18.230519493653773
1997-05-06,18.301394932441735
1997-05-07,18.377905486882156
1997-05-08,18.53898046822284
1997-05-09,18.586349534214605
1997-05-12,18.79344996474204
1997-05-13,18.77409935220438
1997-05-14,18.77823720497859
1997-05-15,18.722246841136073
1997-05-16,19.065544972743556
1997-05-19,18.9635149300963
1997-05-20,18.762849582304135
1997-05-21,18.90602088714351
1997-05-22,18.87351953140688
1997-05-23,18.85698895732647
1997-05-27,18.636625570025803
1997-05-28,18.674582498652004
1997-05-29,18.67684440521369
1997-05-30,18.537279574854782
1997-06-02,18.362033883296565
1997-06-03,18.16519776885116
1997-06-04,18.05007972269215
1997-06-05,17.9143075581
1997-06-06,17.632983839578074
1997-06-09,17.541368802560505
1997-06-10,17.447880725226717
1997-06-11,17.370362767311594
1997-06-12,17.332285362308593
1997-06-13,17.40970347612717
1997-06-16,17.37914020545271
1997-06-17,17.49974114009627
1997-06-18,17.282339798119562
1997-06-19,17.305296677593244
1997-06-20,17.239064421281206
1997-06-23,17.291123557403793
1997-06-24,17.29624130495633
1997-06-25,17.394294276190866
1997-06-26,17.133753552336856
1997-06-27,17.28718733012588
1997-06-30,17.380538213040825
1997-07-01,17.418504946497873
1997-07-02,17.393583501869912
1997-07-03,17.15936134209529
1997-07-07,17.00117486648489
1997-07-08,17.153647068371036
1997-07-09,17.14750585625863
1997-07-10,17.07567321648426
1997-07-11,17.138977565742742
1997-07-14,17.1713121265776
1997-07-15,17.358475938850187
1997-07-16,17.32042459084942
1997-07-17,17.4118653657617
1997-07-18,17.290306824511703
1997-07-21,17.147175885077342
1997-07-22,17.259254855354452
1997-07-23,17.42198827231767
1997-07-24,17.537804502358814
1997-07-25,17.655489118441306
1997-07-28,17.77222912905987
1997-07-29,17.76419525360498
1997-07-30,17.974731881028944
1997-07-31,18.037045461482457
1997-08-01,18.245686505927356
1997-08-04,18.57156189251895
1997-08-05,18.5109799337453
1997-08-06,18.41475978512503
1997-08-07,18.32323515654398
1997-08-08,18.212958788136028
1997-08-11,18.233986780965925
1997-08-12,18.206248022218546
1997-08-13,18.323867149150743
1997-08-14,18.24079972090082
1997-08-15,18.177428842091885
1997-08-18,18.05498579805614
1997-08-19,18.272927540003955
1997-08-20,18.17674298194818
1997-08-21,17.95117326466454
1997-08-22,18.094090754410836
1997-08-25,17.909788633656937
1997-08-26,17.898942628818155
1997-08-27,18.090599778489302
1997-08-28,18.27099480226422
1997-08-29,18.35201056886113
1997-09-02,18.514575776517937
1997-09-03,18.52621139787995
1997-09-04,18.20695426524315
1997-09-05,18.30014670868804
1997-09-08,18.206807320337887
1997-09-09,18.250318072259866
1997-09-10,18.238528251077636
1997-09-11,18.376695319759328
1997-09-12,18.36490240446341
1997-09-15,18.273449639233412
1997-09-16,18.291648460850137
1997-09-17,18.203951148920776
1997-09-18,18.38520546612638
1997-09-19,18.294700894824153
1997-09-22,18.536848516763342
1997-09-23,18.59439092311982
1997-09-24,18.58727939393101
1997-09-25,19.02521964440885
1997-09-26,19.093986458187175
1997-09-29,18.925712598887745
1997-09-30,18.898917084886165
1997-10-01,18.870249065534647
1997-10-02,19.10201841805908
1997-10-03,19.44150251415969
1997-10-06,18.99877480909621
1997-10-07,18.950435183699497
1997-10-08,19.10723800513455
1997-10-09,19.16380658196347
1997-10-10,19.418940573350564
1997-10-13,19.210432896394934
1997-10-14,18.932629378370734
1997-10-15,18.93300338531153
1997-10-16,19.263036844242684
1997-10-17,19.1154310704552
1997-10-20,19.34336352857993
1997-10-21,19.372755000536063
1997-10-22,19.759858206089937
1997-10-23,19.492396286279593
1997-10-24,19.559234848063948
1997-10-27,19.79929314620176
1997-10-28,19.16481900998562
1997-10-29,19.25038668204633
1997-10-30,19.439873874242565
1997-10-31,19.48704250806355
1997-11-03,19.250540679874145
1997-11-04,19.171328068909983
1997-11-05,19.10522757725817
1997-11-06,19.06440659007576
1997-11-07,19.051669571666174
1997-11-10,19.12692335036385
1997-11-11,19.281736123586683
1997-11-12,19.250273872942543
1997-11-13,19.138319253611904
1997-11-14,18.960855038007033
1997-11-17,18.683258445350543
1997-11-18,18.59004834580577
1997-11-19,18.410744262420145
1997-11-20,17.99562069197845
1997-11-21,18.129841932365345
1997-11-24,18.032916916915298
1997-11-25,17.93506100221288
1997-11-26,17.667846153466723
1997-11-28,17.65515579669799
1997-12-01,17.71919179799102
1997-12-02,17.67749595735669
1997-12-03,17.537562803502027
1997-12-04,17.308757594007115
1997-12-05,17.37560274086436
1997-12-08,17.390989452603336
1997-12-09,17.440989793795
1997-12-10,17.11866720520985
1997-12-11,16.99748577701076
1997-12-12,16.940854233100453
1997-12-15,16.818749013302185
1997-12-16,16.906172738420032
1997-12-17,16.998268216854125
1997-12-18,17.03330300795635
1997-12-19,17.001931681961995
1997-12-22,16.7423621058352
1997-12-23,16.638988723135892
1997-12-24,16.712374716832286
1997-12-26,16.682885941053076
1997-12-29,16.497232229189105
1997-12-30,16.432218336650187
1997-12-31,16.421443309219377
1998-01-02,16.203086485348816
1998-01-05,16.043649904481633
1998-01-06,15.97585236267028
1998-01-07,15.910863650112992
1998-01-08,15.829986362012525
1998-01-09,15.749112459529464
1998-01-12,15.637391916343914
1998-01-13,15.801461241102752
1998-01-14,15.873907723217991
1998-01-15,15.857543787427057
1998-01-16,15.985135722816278
1998-01-20,15.936988308326557
1998-01-21,15.844911761808302
1998-01-22,15.801443693380977
1998-01-23,15.761717659841734
1998-01-26,16.13136542531529
1998-01-27,16.152380950854837
1998-01-28,16.2743302396207
1998-01-29,16.52897883607836
1998-01-30,16.28457529455381
1998-02-02,16.26540094408361
1998-02-03,15.993920852682445
1998-02-04,15.900934506824514
1998-02-05,15.9873625717576
1998-02-06,16.038276903173085
1998-02-09,16.010703780969475
1998-02-10,16.026110735493944
1998-02-11,15.938744210917632
1998-02-12,15.980311965436153
1998-02-13,15.96021652611326
1998-02-17,15.68041061019508
1998-02-18,15.909754325770455
1998-02-19,15.861638947960556
1998-02-20,15.737860166249622
1998-02-23,15.34133067174334
1998-02-24,15.268949524320131
1998-02-25,15.363768802893947
1998-02-26,15.335290529124562
1998-02-27,15.419828155004774
1998-03-02,15.405358842023364
1998-03-03,15.289092559721636
1998-03-04,15.264354873671037
1998-03-05,15.209735059243318
1998-03-06,15.105624159876552
1998-03-09,14.961365484248336
1998-03-10,15.01788214539354
1998-03-11,15.114547019629551
1998-03-12,15.178525888035956
1998-03-13,15.096841102351664
1998-03-16,14.798544310332646
1998-03-17,14.758890240157776
1998-03-18,15.21313040657714
1998-03-19,15.161328949308864
1998-03-20,15.182351071230972
1998-03-23,15.959547917665438
1998-03-24,15.681815824569794
1998-03-25,15.843776662047391
1998-03-26,15.930118521064529
1998-03-27,15.91750921089186
1998-03-30,15.778890598973623
1998-03-31,15.560941880445066
1998-04-01,15.440074799366338
1998-04-02,15.519881696223816
1998-04-03,15.572618704087589
1998-04-06,15.27444043344015
1998-04-07,15.31131653953066
1998-04-08,15.49657041484862
1998-04-09,15.556767480267546
1998-04-13,15.435925606706572
1998-04-14,15.477457012363312
1998-04-15,15.66361791434151
1998-04-16,15.798449512342426
1998-04-17,15.663619499437504
1998-04-20,15.637961254143
1998-04-21,15.772780105753554
1998-04-22,15.47469321786813
1998-04-23,15.313766682091089
1998-04-24,15.298385388747416
1998-04-27,15.32964783582398
1998-04-28,15.50456926600638
1998-04-29,15.303548500812855
1998-04-30,15.288167865319169
1998-05-01,15.532100657323983
1998-05-04,15.51951222815504
1998-05-05,15.39313269677518
1998-05-06,15.32272273801353
1998-05-07,15.29242222290588
1998-05-08,15.279842376135624
1998-05-11,15.279387618922048
1998-05-12,15.369393232745516
1998-05-13,15.297128889451374
1998-05-14,15.33117798646956
1998-05-15,15.114381792492184
1998-05-18,14.965669807547645
1998-05-19,14.926993999293714
1998-05-20,14.674798608742847
1998-05-21,14.73123736639486
1998-05-22,14.79886058442546
1998-05-26,14.639924467049132
1998-05-27,14.62550480715356
1998-05-28,14.584981030401746
1998-05-29,14.754216322819705
1998-06-01,14.64563956784099
1998-06-02,14.632153080450074
1998-06-03,14.530112241042003
1998-06-04,14.590267967459264
1998-06-05,14.581445113245309
1998-06-08,14.413236625599133
1998-06-09,14.254359274459532
1998-06-10,14.226905575525953
1998-06-11,14.184542657860002
1998-06-12,14.222331501162971
1998-06-15,13.92834778734996
1998-06-16,13.98291568205526
1998-06-17,14.28163340551382
1998-06-18,14.112542543751536
1998-06-19,14.291966169963205
1998-06-22,14.445287431368492
1998-06-23,14.785887024551013
1998-06-24,14.80315038126877
1998-06-25,14.52505655469107
1998-06-26,14.4910833413297
1998-06-29,14.37233190070963
1998-06-30,14.458545515486025
1998-07-01,14.435757535425124
1998-07-02,14.42508046773086
1998-07-06,14.201077860718517
1998-07-07,14.14755910028902
1998-07-08,14.216067823638282
1998-07-09,14.179317521875015
1998-07-10,14.057807976055706
1998-07-13,14.036899821736146
1998-07-14,14.20971967263104
1998-07-15,14.18973763479203
1998-07-16,14.050546701208049
1998-07-17,14.02032761809966
1998-07-20,13.699551925601302
1998-07-21,13.695419844252813
1998-07-22,13.683836663476606
1998-07-23,13.541888129644404
1998-07-24,13.568489590622445
1998-07-27,13.58670816899556
1998-07-28,13.536024668333642
1998-07-29,13.426685756358143
1998-07-30,13.451423504223968
1998-07-31,13.369094084351536
1998-08-03,13.147118841950714
1998-08-04,13.22586033844724
1998-08-05,13.204054076861183
1998-08-06,13.28651220151969
1998-08-07,13.41550964008812
1998-08-10,13.173088419042
1998-08-11,13.001422799220023
1998-08-12,13.042923017599833
1998-08-13,13.268712001564024
1998-08-14,13.298101646953144
1998-08-17,13.32283423815223
1998-08-18,13.197725536261444
1998-08-19,13.16662071192129
1998-08-20,13.328159814119962
1998-08-21,13.08580464130058
1998-08-24,13.161723361052411
1998-08-25,13.122248642413751
1998-08-26,12.990653886561145
1998-08-27,12.800446712753004
1998-08-28,12.832631269497302
1998-08-31,12.742927880399192
1998-09-01,12.96491711639708
1998-09-02,12.913359790627034
1998-09-03,13.317680043901197
1998-09-04,13.30239947580465
1998-09-08,13.359681887059743
1998-09-09,13.31556123055799
1998-09-10,13.683543529151896
1998-09-11,13.62081026096098
1998-09-14,13.749703020339224
1998-09-15,13.914863099288556
1998-09-16,13.880963946375829
1998-09-17,13.918684258762491
1998-09-18,14.180553962451423
1998-09-21,14.155950994073269
1998-09-22,14.24760151193442
1998-09-23,14.18486763860978
1998-09-24,14.289532795845998
1998-09-25,14.198902748856373
1998-09-28,14.156634181698712
1998-09-29,14.258499817502578
1998-09-30,14.29806025067854
1998-10-01,14.018684465657053
1998-10-02,14.1558781238957
1998-10-05,14.092232558928542
1998-10-06,14.154106276192822
1998-10-07,14.148105492259209
1998-10-08,13.887370811576163
1998-10-09,14.010603420145754
1998-10-12,13.923729190416594
1998-10-13,13.998613142911152
1998-10-14,13.886646657239602
1998-10-15,13.88809287462301
1998-10-16,13.957394212246616
1998-10-19,13.655819831090312
1998-10-20,13.658201713968287
1998-10-21,13.81951925187095
1998-10-22,13.779142237153614
1998-10-23,13.821484728116427
1998-10-26,13.939102856063656
1998-10-27,13.77326640597494
1998-10-28,13.80445260045984
1998-10-29,13.735274533564688
1998-10-30,13.79805562331699
1998-11-02,13.775343067633203
1998-11-03,13.773074296520564
1998-11-04,13.73735691901684
1998-11-05,13.741592642157284
1998-11-06,13.768128760516564
1998-11-09,13.61441891966278
1998-11-10,13.756160944549691
1998-11-11,13.818924954505206
1998-11-12,14.013604949235525
1998-11-13,13.855260807627808
1998-11-16,13.486985782558266
1998-11-17,13.330525132521416
1998-11-18,13.297618029539956
1998-11-19,13.267497937290957
1998-11-20,13.244811906192895
1998-11-23,12.93698086194807
1998-11-24,12.829786659467802
1998-11-25,12.769036476444942
1998-11-27,12.782586749320838
1998-11-30,12.395867983861782
1998-12-01,12.362996508682572
1998-12-02,12.352413455981802
1998-12-03,12.310258513096224
1998-12-04,12.28760557452191
1998-12-07,12.432094662513702
1998-12-08,12.295230564445776
1998-12-09,12.20665717630535
1998-12-10,12.090234543705948
1998-12-11,12.10751543146143
1998-12-14,12.346687418358378
1998-12-15,12.38716802109331
1998-12-16,12.714513358277577
1998-12-17,12.19426528805627
1998-12-18,12.160483187747383
1998-12-21,11.96425388732003
1998-12-22,11.979677940721606
1998-12-23,12.05822113583806
1998-12-24,12.06064674103705
1998-12-28,12.12711617718583
1998-12-29,12.249269384598865
1998-12-30,12.220133465783883
1998-12-31,12.345062206924478
1999-01-04,12.506176428645944
1999-01-05,12.396296969683094
1999-01-06,12.763417397460156
1999-01-07,12.788093353221411
1999-01-08,12.874940381544958
1999-01-11,13.031376518995655
1999-01-12,12.843553221943868
1999-01-13,12.583367558420806
1999-01-14,12.562580457039024
1999-01-15,12.53251730743094
1999-01-19,12.392976595187594
1999-01-20,12.286843528714178
1999-01-21,12.490577952806849
1999-01-22,12.546796080251664
1999-01-25,12.379440990990116
1999-01-26,12.260333928650558
1999-01-27,12.352730890665192
1999-01-28,12.462746820639405
1999-01-29,12.546784547972877
1999-02-01,12.381309775411369
1999-02-02,12.419896465866596
1999-02-03,12.421380768839462
1999-02-04,12.34588759763837
1999-02-05,12.33810058681432
1999-02-08,12.343298957317144
1999-02-09,12.318819064383447
1999-02-10,12.330508339766745
1999-02-11,12.343123714460123
1999-02-12,12.32050095067256
1999-02-16,12.05401114973815
1999-02-17,12.0805414940555
1999-02-18,12.258206384847105
1999-02-19,12.183667122521136
1999-02-22,12.162907119233276
1999-02-23,12.338697646129624
1999-02-24,12.30217380202622
1999-02-25,12.351870055705126
1999-02-26,12.126231193116515
1999-03-01,12.15368090749186
1999-03-02,12.293293192191792
1999-03-03,12.435679373290494
1999-03-04,12.62996349842323
1999-03-05,12.718570802331168
1999-03-08,12.908201810873244
1999-03-09,12.995867842490046
1999-03-10,13.413476297272618
1999-03-11,13.249962008262695
1999-03-12,13.241227116853413
1999-03-15,13.159279672417323
1999-03-16,13.197809670618938
1999-03-17,13.48932266315049
1999-03-18,13.459267545191636
1999-03-19,13.566356125912735
1999-03-22,13.83096012318459
1999-03-23,13.734184071972082
1999-03-24,13.623516171601032
1999-03-25,13.851034694976615
1999-03-26,14.101702040512832
1999-03-29,14.16520714321454
1999-03-30,14.29448745946248
1999-03-31,14.260711256361384
1999-04-01,14.160237499362204
1999-04-05,14.258009293596078
1999-04-06,14.25202721836336
1999-04-07,13.920913844122774
1999-04-08,13.825093816215174
1999-04-09,14.145162853444242
1999-04-12,14.088242665923165
1999-04-13,14.245275016153224
1999-04-14,14.125376961983642
1999-04-15,14.27869352486545
1999-04-16,14.4218151948942
1999-04-19,14.550110785534365
1999-04-20,14.496893581829582
1999-04-21,14.60665911432803
1999-04-22,14.652524185045372
1999-04-23,14.605789678917231
1999-04-26,14.51461177339512
1999-04-27,14.561402258419646
1999-04-28,14.815587406419803
1999-04-29,14.88365908789424
1999-04-30,14.90358451746922
1999-05-03,14.96331903419111
1999-05-04,15.027677739529295
1999-05-05,15.03741377868897
1999-05-06,14.796278185528354
1999-05-07,14.6995663591123
1999-05-10,14.81576220016321
1999-05-11,14.689434425280812
1999-05-12,14.52609034373891
1999-05-13,14.704294744070546
1999-05-14,14.670537073163036
1999-05-17,14.615494662085489
1999-05-18,14.318899983242275
1999-05-19,14.239808156648952
1999-05-20,14.241235636458578
1999-05-21,14.321322580435886
1999-05-24,14.081220889537116
1999-05-25,14.122442776233727
1999-05-26,14.205303347366318
1999-05-27,14.129004772777662
1999-05-28,14.084171286585985
1999-06-01,13.877421530514932
1999-06-02,14.06020228715777
1999-06-03,14.122696472689196
1999-06-04,14.350792884914462
1999-06-07,14.611256329283544
1999-06-08,14.542362500104831
1999-06-09,14.703819862620966
1999-06-10,14.668230949226627
1999-06-11,14.937903529722234
1999-06-14,14.953183862019683
1999-06-15,14.95551364586463
1999-06-16,14.73585588880533
1999-06-17,14.797386917507248
1999-06-18,14.78492243954404
1999-06-21,14.641127759182943
1999-06-22,14.593525724640916
1999-06-23,14.81966992835974
1999-06-24,14.74987003713682
1999-06-25,14.760527682273828
1999-06-28,14.669465310391452
1999-06-29,14.77536883285678
1999-06-30,15.105038465590331
1999-07-01,15.038938331272467
1999-07-02,15.035716997687556
1999-07-06,14.938188459620678
1999-07-07,14.977499464760855
1999-07-08,14.994620134641211
1999-07-09,15.048719589314056
1999-07-12,15.06121440379634
1999-07-13,15.15691022317427
1999-07-14,15.129649943761963
1999-07-15,15.273405786204412
1999-07-16,15.332111001671915
1999-07-19,15.34829363329049
1999-07-20,15.050206466499812
1999-07-21,15.110761990667926
1999-07-22,15.333983530640923
1999-07-23,15.750356647736096
1999-07-26,15.65007322803177
1999-07-27,15.525767595737197
1999-07-28,15.600161673176853
1999-07-29,15.765116629739332
1999-07-30,15.632500647521976
1999-08-02,15.819621595243587
1999-08-03,15.793277672619933
1999-08-04,15.979459218473108
1999-08-05,16.042739078889344
1999-08-06,16.23352085541449
1999-08-09,16.41690109702311
1999-08-10,16.477390689420837
1999-08-11,16.51385490529942
1999-08-12,16.403424805274454
1999-08-13,16.52950009198559
1999-08-16,16.46434263040024
1999-08-17,16.61996988389886
1999-08-18,16.573288130852436
1999-08-19,16.728902880063803
1999-08-20,16.71177788962293
1999-08-23,16.75469264332056
1999-08-24,16.610107550199203
1999-08-25,16.295588149265654
1999-08-26,16.379148982691035
1999-08-27,16.44977379635235
1999-08-30,16.69124794763345
1999-08-31,16.772017780293204
1999-09-01,16.737350763461166
1999-09-02,16.45982061538518
1999-09-03,16.667098461424455
1999-09-07,17.070121191863997
1999-09-08,17.036372203713057
1999-09-09,17.33964172182252
1999-09-10,17.46377080054002
1999-09-13,17.570351435287773
1999-09-14,17.39164212796082
1999-09-15,17.321882926731178
1999-09-16,17.337061517528436
1999-09-17,17.426092767644857
1999-09-20,17.25479288028468
1999-09-21,17.217355463416865
1999-09-22,17.294381725407405
1999-09-23,17.700011192853516
1999-09-24,17.70686881098676
1999-09-27,17.76449139352493
1999-09-28,17.74734841407386
1999-09-29,17.81050379171041
1999-09-30,17.632773305620827
1999-10-01,17.63317231390924
1999-10-04,17.29303265586219
1999-10-05,17.135636063083606
1999-10-06,17.07237434612356
1999-10-07,16.797800112757685
1999-10-08,16.222425278240575
1999-10-11,16.431401402056117
1999-10-12,17.00575266582686
1999-10-13,17.320799923761623
1999-10-14,17.01396726815471
1999-10-15,17.209977211696565
1999-10-18,17.14949727895034
1999-10-19,17.11669665862403
1999-10-20,17.074673481165938
1999-10-21,17.12121404152959
1999-10-22,17.433424865435576
1999-10-25,17.378480263245883
1999-10-26,17.268195692873956
1999-10-27,17.20403613720033
1999-10-28,16.686074771657868
1999-10-29,16.72985014525171
1999-11-01,16.93318420430807
1999-11-02,16.857973836415006
1999-11-03,16.992122561724734
1999-11-04,17.146551125743454
1999-11-05,17.128520104636895
1999-11-08,17.178728948392934
1999-11-09,17.489904776481744
1999-11-10,17.68118597456186
1999-11-11,17.6207240879488
1999-11-12,17.87284545117915
1999-11-15,17.977426156885205
1999-11-16,18.057107278316163
1999-11-17,18.199476655246364
1999-11-18,17.878093550447403
1999-11-19,18.12002987283348
1999-11-22,18.33798146211476
1999-11-23,18.164122321638747
1999-11-24,18.28065700564691
1999-11-26,18.249692635115668
1999-11-29,17.953254153201275
1999-11-30,17.481696891986594
1999-12-01,17.60284538300532
1999-12-02,17.926764322297426
1999-12-03,17.881990323463476
1999-12-06,18.134913807931927
1999-12-07,17.938066439377014
1999-12-08,17.97808329303444
1999-12-09,17.714898822410923
1999-12-10,17.46186859762225
1999-12-13,17.482543447971945
1999-12-14,17.70225962954735
1999-12-15,17.874968602070858
1999-12-16,18.172060561634055
1999-12-17,18.222197592352483
1999-12-20,18.21796894459418
1999-12-21,18.104100366510416
1999-12-22,17.85572402633856
1999-12-23,17.98693930303862
1999-12-27,18.047206943133205
1999-12-28,18.200519128969063
1999-12-29,18.173261316499644
1999-12-30,17.92031353086624
1999-12-31,17.919780188201628
2000-01-03,17.88977123854425
2000-01-04,17.71883315265838
2000-01-05,17.5479066800434
2000-01-06,17.538173326371755
2000-01-07,17.365419979970955
2000-01-10,17.48279079992204
2000-01-11,17.816583365859735
2000-01-12,18.027869107672046
2000-01-13,18.155339959532444
2000-01-14,18.608798976973073
2000-01-18,18.956331232247848
2000-01-19,19.050613057720906
2000-01-20,19.180800755159726
2000-01-21,19.194042464613716
2000-01-24,19.03602162866388
2000-01-25,19.242618556408345
2000-01-26,19.020156954214496
2000-01-27,18.873204410040756
2000-01-28,18.821086861711656
2000-01-31,18.99820504801781
2000-02-01,19.271054818924043
2000-02-02,19.04586380343124
2000-02-03,19.21283496437753
2000-02-04,19.533520815622104
2000-02-07,19.235623194684532
2000-02-08,18.923938598812786
2000-02-09,19.171889855949352
2000-02-10,19.427189785427174
2000-02-11,19.386115049579896
2000-02-14,19.582491530853975
2000-02-15,19.550618299180048
2000-02-16,19.604333145516904
2000-02-17,19.387487641201897
2000-02-18,19.302249280113926
2000-02-22,19.376212707582784
2000-02-23,19.45569116997444
2000-02-24,19.65110492719583
2000-02-25,19.748053071581516
2000-02-28,19.71066058956996
2000-02-29,19.8738463218587
2000-03-01,20.471282727680983
2000-03-02,20.439393245206308
2000-03-03,20.417625578269668
2000-03-06,20.662647460758425
2000-03-07,21.194673922794426
2000-03-08,20.034039404176195
2000-03-09,20.14658925395995
2000-03-10,19.94454193693778
2000-03-13,19.947627027449293
2000-03-14,19.867011498559528
2000-03-15,19.606125408647497
2000-03-16,19.68279982651388
2000-03-17,19.650944088092466
2000-03-20,19.03968737134498
2000-03-21,19.14856028597281
2000-03-22,19.074419614280615
2000-03-23,19.034309637995896
2000-03-24,19.2489236502034
2000-03-27,19.23179815028091
2000-03-28,19.072148894610123
2000-03-29,18.74975829494555
2000-03-30,18.85034212965103
2000-03-31,19.02079684815416
2000-04-03,18.81795898065031
2000-04-04,18.34391652366385
2000-04-05,18.49966086745659
2000-04-06,18.393387986747943
2000-04-07,18.20714123432731
2000-04-10,17.750640221241014
2000-04-11,17.776769444306932
2000-04-12,18.32685285094881
2000-04-13,18.335498488510805
2000-04-14,18.141008966058617
2000-04-17,18.28109692283825
2000-04-18,18.392684372215975
2000-04-19,18.76620434014114
2000-04-20,18.77299843830257
2000-04-24,18.840446940041343
2000-04-25,18.64230147505815
2000-04-26,18.402812909702476
2000-04-27,18.56767577473427
2000-04-28,18.672799684147915
2000-05-01,18.878994587768855
2000-05-02,19.31673016172852
2000-05-03,19.1673039572424
2000-05-04,19.28709744077015
2000-05-05,19.25712308559964
2000-05-08,19.54044517678396
2000-05-09,19.764033691566677
2000-05-10,19.772631653841422
2000-05-11,20.12113978683995
2000-05-12,20.270280962035603
2000-05-15,20.348679101553756
2000-05-16,20.40410773327111
2000-05-17,20.43197579091495
2000-05-18,20.719788802352372
2000-05-19,20.645690919615152
2000-05-22,20.274009407157585
2000-05-23,20.3110616656418
2000-05-24,20.798144263386817
2000-05-25,21.032636093920612
2000-05-26,20.912621027339217
2000-05-30,20.91567140338275
2000-05-31,20.496294905276663
2000-06-01,20.771172735014733
2000-06-02,20.866972737456983
2000-06-05,20.767181757041648
2000-06-06,20.76472687152333
2000-06-07,20.58506330605281
2000-06-08,20.599141491927213
2000-06-09,20.722476392758903
2000-06-12,21.051457863143472
2000-06-13,21.232609770703274
2000-06-14,21.186993000522733
2000-06-15,21.209312946127152
2000-06-16,20.87361477989069
2000-06-19,20.55262311855973
2000-06-20,20.922859022820905
2000-06-21,21.28664701874265
2000-06-22,21.680703866163093
2000-06-23,21.623150512739784
2000-06-26,21.452709304958823
2000-06-27,21.66132962276744
2000-06-28,21.50649798592401
2000-06-29,21.8261523439533
2000-06-30,21.63094640894751
2000-07-03,21.60185296615927
2000-07-05,20.80375962793847
2000-07-06,20.53794329650285
2000-07-07,20.70984173915957
2000-07-10,20.495428432750536
2000-07-11,20.524180885875772
2000-07-12,20.551096162914614
2000-07-13,20.83399186867977
2000-07-14,20.692998452563675
2000-07-17,20.4391665529976
2000-07-18,20.81836945504572
2000-07-19,20.616842251581595
2000-07-20,20.44192862806201
2000-07-21,20.034022559590667
2000-07-24,19.696774165306294
2000-07-25,19.63106178577532
2000-07-26,19.665332212771673
2000-07-27,19.79040789559393
2000-07-28,19.861360322316777
2000-07-31,19.56543970875656
2000-08-01,19.74736962526806
2000-08-02,20.03842452453997
2000-08-03,20.148796693017935
2000-08-04,20.558122999846717
2000-08-07,20.195282023621537
2000-08-08,20.312057974148328
2000-08-09,20.696586822081628
2000-08-10,21.026073731418375
2000-08-11,20.986020726766764
2000-08-14,21.081669583554103
2000-08-15,20.99852410586577
2000-08-16,21.10700404908426
2000-08-17,21.26315110714195
2000-08-18,21.39820446608133
2000-08-21,21.709267042541335
2000-08-22,21.33459175305782
2000-08-23,21.72814238054248
2000-08-24,21.609244189006365
2000-08-25,21.79834807874979
2000-08-28,22.0891879881796
2000-08-29,22.163691194590125
2000-08-30,22.428839046254694
2000-08-31,22.39975736823423
2000-09-01,22.4824943984144
2000-09-05,22.76410534913059
2000-09-06,23.150176719128567
2000-09-07,23.368516695708852
2000-09-08,22.680511889560854
2000-09-11,23.26174147606168
2000-09-12,22.91924672316778
2000-09-13,22.587769399328643
2000-09-14,22.666816401864754
2000-09-15,23.152683702954345
2000-09-18,23.44702676552549
2000-09-19,23.21177643679279
2000-09-20,23.22757643170319
2000-09-21,22.86316680862367
2000-09-22,22.356777190295823
2000-09-25,22.083111062843507
2000-09-26,22.079705688418716
2000-09-27,22.139508607784965
2000-09-28,21.52877394839701
2000-09-29,21.75255320319266
2000-10-02,22.306985903788732
2000-10-03,22.29807881292086
2000-10-04,22.057444514825782
2000-10-05,21.679440690326032
2000-10-06,21.691617522776102
2000-10-09,22.113173194748153
2000-10-10,22.699548858172943
2000-10-11,22.954377922054004
2000-10-12,23.92531212598399
2000-10-13,23.18194327500214
2000-10-16,22.47616212950809
2000-10-17,22.44802266304602
2000-10-18,22.343885914662337
2000-10-19,21.98979136554511
2000-10-20,22.297691223556683
2000-10-23,22.5927563921666
2000-10-24,22.3879177849757
2000-10-25,22.07780953836225
2000-10-26,22.186095265692412
2000-10-27,21.758831777359987
2000-10-30,21.718820020355324
2000-10-31,21.66782765132517
2000-11-01,21.912502439895764
2000-11-02,21.7571563403366
2000-11-03,21.92492735242194
2000-11-06,21.96180217206241
2000-11-07,22.260440848922972
2000-11-08,22.34398014781685
2000-11-09,22.64625002152736
2000-11-10,22.62086564273604
2000-11-13,22.816037476197156
2000-11-14,23.14846592003374
2000-11-15,23.61630827154622
2000-11-16,23.26330156393004
2000-11-17,23.606667291170417
2000-11-20,23.814589754015092
2000-11-21,23.88067667128698
2000-11-22,24.030935173458175
2000-11-24,24.054009336813955
2000-11-27,23.96454665544526
2000-11-28,23.3334764336315
2000-11-29,23.447137951022835
2000-11-30,23.453760337379983
2000-12-01,22.863012236266403
2000-12-04,23.087367460456147
2000-12-05,22.500325447847892
2000-12-06,23.185697114883393
2000-12-07,22.854801990415748
2000-12-08,22.560514229923896
2000-12-11,23.265029558740824
2000-12-12,22.58203606981106
2000-12-13,21.918289346556552
2000-12-14,21.443895420119592
2000-12-15,22.113607752952127
2000-12-18,22.43485521573587
2000-12-19,22.389377654735274
2000-12-20,21.670869398321855
2000-12-21,21.914374734818143
2000-12-22,21.83599844553252
2000-12-26,22.076741400596035
2000-12-27,22.195862684404265
2000-12-28,21.98948166085071
2000-12-29,22.574884595024685
2001-01-02,21.877547764522085
2001-01-03,21.993918101586036
2001-01-04,22.42659668148599
2001-01-05,22.50729094167023
2001-01-08,22.365841180809294
2001-01-09,22.37797319349422
2001-01-10,22.522648041755374
2001-01-11,22.236788789552847
2001-01-12,22.1364968485447
2001-01-16,21.88722619945496
2001-01-17,21.083180196105065
2001-01-18,21.49292032020705
2001-01-19,22.07719746712956
2001-01-22,21.984235136482855
2001-01-23,21.672863076720628
2001-01-24,21.485791903341468
2001-01-25,21.6313645875515
2001-01-26,21.7568250069708
2001-01-29,21.10374693521694
2001-01-30,21.08210181639397
2001-01-31,20.737918751641807
2001-02-01,21.492919808521897
2001-02-02,22.19671061014305
2001-02-05,21.455093669996735
2001-02-06,21.465419330524806
2001-02-07,21.98826003927642
2001-02-08,22.026887652094786
2001-02-09,21.80424645314758
2001-02-12,21.416274530144857
2001-02-13,21.485061657968327
2001-02-14,21.10991058767528
2001-02-15,20.82064316379574
2001-02-16,20.909534980710184
2001-02-20,20.703406818878832
2001-02-21,20.528345312498715
2001-02-22,20.5624389726499
2001-02-23,20.646762513474457
2001-02-26,20.434273292486075
2001-02-27,20.455582978890657
2001-02-28,20.27142235400276
2001-03-01,20.34569810932365
2001-03-02,20.476585133514572
2001-03-05,20.81656690448223
2001-03-06,20.73833576796302
2001-03-07,20.94406964927515
2001-03-08,20.69418862690813
2001-03-09,20.444321156073993
2001-03-12,20.471102320082867
2001-03-13,20.24864661033914
2001-03-14,19.74137107333163
2001-03-15,19.690573986462457
2001-03-16,19.725589774559587
2001-03-19,19.547911246314
2001-03-20,19.59205785064991
2001-03-21,19.696444689451734
2001-03-22,19.62648923677685
2001-03-23,19.982783900479088
2001-03-26,20.084411793507066
2001-03-27,20.398687987369343
2001-03-28,19.795731291730405
2001-03-29,19.64090842485196
2001-03-30,19.414000257695484
2001-04-02,19.237295856836607
2001-04-03,19.515048880389
2001-04-04,19.9880636567914
2001-04-05,20.17909055024345
2001-04-06,20.048008623324087
2001-04-09,20.23172409388693
2001-04-10,20.76396759688222
2001-04-11,20.649301993185805
2001-04-12,20.73536075593976
2001-04-16,21.03033797878504
2001-04-17,20.818057827919613
2001-04-18,20.679685598765563
2001-04-19,20.529461982499814
2001-04-20,20.347319142293387
2001-04-23,20.311138196865535
2001-04-24,20.06333824620101
2001-04-25,20.15942728829204
2001-04-26,20.53096782953976
2001-04-27,20.439148582376312
2001-04-30,20.45039604041233
2001-05-01,20.605744741456956
2001-05-02,20.166459346234777
2001-05-03,20.45951457061726
2001-05-04,20.44066561837088
2001-05-07,20.149156247595148
2001-05-08,20.039128471467215
2001-05-09,20.204492031978827
2001-05-10,20.350696575825104
2001-05-11,20.23702590966149
2001-05-14,20.268336582678874
2001-05-15,20.475613619430636
2001-05-16,20.278981622273378
2001-05-17,20.333080743326477
2001-05-18,20.749111598164728
2001-05-21,20.661886381537084
2001-05-22,20.531821448330152
2001-05-23,20.442785695247053
2001-05-24,20.061143226692824
2001-05-25,19.906495911005024
2001-05-29,19.89223134214081
2001-05-30,19.904400034395824
2001-05-31,19.83453601379332
2001-06-01,19.76285428295375
2001-06-04,19.805102137605513
2001-06-05,19.789930357277782
2001-06-06,19.564238200571264
2001-06-07,19.55636658740894
2001-06-08,19.85195505409354
2001-06-11,20.165751104973246
2001-06-12,20.33372958002167
2001-06-13,20.17730767285164
2001-06-14,20.17215094861672
2001-06-15,19.93191530247005
2001-06-18,19.575981306389767
2001-06-19,19.59179789317809
2001-06-20,18.96803851105164
2001-06-21,18.966563437616887
2001-06-22,19.00335118469928
2001-06-25,18.992764610842706
2001-06-26,18.92387677776794
2001-06-27,18.333023174440903
2001-06-28,18.26233829198384
2001-06-29,18.459456696134232
2001-07-02,18.32318890538553
2001-07-03,18.391866235018774
2001-07-05,18.58623226656842
2001-07-06,19.03013746406093
2001-07-09,18.812813348066427
2001-07-10,18.79403786375831
2001-07-11,18.740657968709865
2001-07-12,18.821149701765098
2001-07-13,18.54921859975711
2001-07-16,18.33102971201135
2001-07-17,18.38329836713528
2001-07-18,18.05403898340236
2001-07-19,17.8868740402721
2001-07-20,18.14583622568614
2001-07-23,18.19992404579125
2001-07-24,18.24581629474378
2001-07-25,18.598516997902564
2001-07-26,18.53605708383433
2001-07-27,18.59923108391445
2001-07-30,18.496719490015938
2001-07-31,18.362352368057397
2001-08-01,18.34360036474601
2001-08-02,18.727185102554586
2001-08-03,18.54549038690416
2001-08-06,18.598640383369105
2001-08-07,18.687285600732235
2001-08-08,18.59025192541892
2001-08-09,18.598800468788173
2001-08-10,18.78572727874425
2001-08-13,18.767876569999
2001-08-14,18.83011139273801
2001-08-15,18.83501086412284
2001-08-16,18.689761927870805
2001-08-17,18.316119662242237
2001-08-20,18.35470254921148
2001-08-21,18.52885881187734
2001-08-22,18.31994474526284
2001-08-23,18.426761813082468
2001-08-24,18.516286944810155
2001-08-27,18.397461351132076
2001-08-28,18.486071326247135
2001-08-29,18.47915363407044
2001-08-30,18.22024197287161
2001-08-31,18.46622713763575
2001-09-04,18.321950095866825
2001-09-05,18.389627730409313
2001-09-06,18.5519017638476
2001-09-07,18.78693187556939
2001-09-10,18.646299948662257
2001-09-17,19.13234478076382
2001-09-18,18.577887224877085
2001-09-19,18.004363519164883
2001-09-20,17.917430290091666
2001-09-21,17.63679492733711
2001-09-24,16.087571495850558
2001-09-25,16.045261311681067
2001-09-26,16.276665134406603
2001-09-27,16.35983714627467
2001-09-28,16.5230216396969
2001-10-01,16.41160039578636
2001-10-02,16.22290069202177
2001-10-03,16.043306238741057
2001-10-04,16.309216427904722
2001-10-05,16.173267395841552
2001-10-08,16.221879375706695
2001-10-09,16.312306014281106
2001-10-10,16.419089818773887
2001-10-11,16.736765344951504
2001-10-12,16.285397059120154
2001-10-15,16.08402581460919
2001-10-16,16.13717536011417
2001-10-17,15.998538445229736
2001-10-18,15.815371594183912
2001-10-19,16.161184275347512
2001-10-22,16.139798722529104
2001-10-23,15.9793659096454
2001-10-24,16.246076674047103
2001-10-25,16.126544548398172
2001-10-26,16.156051873112027
2001-10-29,16.269160472983792
2001-10-30,16.11510905941153
2001-10-31,15.935623052169792
2001-11-01,15.632573498478706
2001-11-02,15.50581200828981
2001-11-05,15.283656992774516
2001-11-06,15.186895862482688
2001-11-07,15.335441833962484
2001-11-08,15.855554228874457
2001-11-09,16.3102260957311
2001-11-12,15.90366690376077
2001-11-13,16.245666002777366
2001-11-14,15.533004215326288
2001-11-15,14.711382544469704
2001-11-16,14.987985551086991
2001-11-19,15.07655463669694
2001-11-20,15.364938580681272
2001-11-21,15.286371361774622
2001-11-23,15.359482589691067
2001-11-26,15.12016973252902
2001-11-27,15.428497931022635
2001-11-28,15.194645863512235
2001-11-29,14.984417015302318
2001-11-30,15.398969522049704
2001-12-03,15.544709769105769
2001-12-04,15.305432583624132
2001-12-05,15.208728124319988
2001-12-06,14.846898331625304
2001-12-07,15.024415076970609
2001-12-10,14.85600181674792
2001-12-11,14.83467692905399
2001-12-12,14.887801098584864
2001-12-13,14.860122289930343
2001-12-14,15.32448393684539
2001-12-17,15.264113061223458
2001-12-18,15.285445695224524
2001-12-19,15.35125545496478
2001-12-20,15.158363688570285
2001-12-21,15.374849552564807
2001-12-24,15.39889917055848
2001-12-26,15.861332789671737
2001-12-27,15.72835093524272
2001-12-28,15.650738028303548
2001-12-31,15.351688156290283
2002-01-02,15.71877904123395
2002-01-03,15.456044260817354
2002-01-04,15.926560469916184
2002-01-07,15.919735072642034
2002-01-08,15.872075166699393
2002-01-09,15.532238222952143
2002-01-10,15.62795758909836
2002-01-11,15.509538500628873
2002-01-14,15.217830142245402
2002-01-15,15.261834516472454
2002-01-16,15.370250552676149
2002-01-17,14.976056640146004
2002-01-18,14.926621352662517
2002-01-22,14.914384802298445
2002-01-23,15.100812739791907
2002-01-24,15.182911486448166
2002-01-25,15.274075438862912
2002-01-28,15.19470660006548
2002-01-29,15.04368568063347
2002-01-30,14.840066973730387
2002-01-31,15.05820871064398
2002-02-01,15.439590099972952
2002-02-04,15.29946247324988
2002-02-05,15.271799749086115
2002-02-06,15.143476696055387
2002-02-07,15.167509931724917
2002-02-08,15.491701080882642
2002-02-11,15.970028150811643
2002-02-12,15.848952311408576
2002-02-13,16.02257640232689
2002-02-14,15.952282032057342
2002-02-15,15.966314613746446
2002-02-19,15.798106441925531
2002-02-20,15.564630525526011
2002-02-21,15.772687208804095
2002-02-22,15.78581732113805
2002-02-25,15.458987675642382
2002-02-26,15.787596965411176
2002-02-27,15.8605533408794
2002-02-28,16.00149082404598
2002-03-01,16.342745111998127
2002-03-04,16.412053414878727
2002-03-05,16.70342214025563
2002-03-06,16.765464503860883
2002-03-07,17.171912387884493
2002-03-08,17.247531278568726
2002-03-11,17.605907878459057
2002-03-12,17.563695337745948
2002-03-13,17.534173882034686
2002-03-14,17.68226970513512
2002-03-15,17.732489245383636
2002-03-18,18.03642862924044
2002-03-19,17.97699284278794
2002-03-20,17.812454213655872
2002-03-21,18.13176711889347
2002-03-22,17.94458248541952
2002-03-25,17.836232116158385
2002-03-26,17.96616411144171
2002-03-27,18.14319887981758
2002-03-28,18.22962807288615
2002-04-01,18.534378160023564
2002-04-02,19.03115573059607
2002-04-03,18.788725593326504
2002-04-04,18.359709204376017
2002-04-05,18.08470476577334
2002-04-08,18.262604323816923
2002-04-09,17.97403210152309
2002-04-10,18.000669065184827
2002-04-11,17.50381338346416
2002-04-12,16.8964962775888
2002-04-15,17.467451014481547
2002-04-16,17.56926440321117
2002-04-17,18.0296855942551
2002-04-18,18.08619829079695
2002-04-19,18.12822014454804
2002-04-22,18.136736222018587
2002-04-23,18.198674681246217
2002-04-24,17.987162636733256
2002-04-25,18.040047016024495
2002-04-26,18.20157567091828
2002-04-29,18.43281006445089
2002-04-30,18.489297219080644
2002-05-01,18.23254194761915
2002-05-02,17.966749977852505
2002-05-03,18.11196261170604
2002-05-06,17.930376359622446
2002-05-07,18.084632651222215
2002-05-08,18.424443773237464
2002-05-09,18.349671999468885
2002-05-10,18.53196224496488
2002-05-13,18.70609471019422
2002-05-14,19.039510971294742
2002-05-15,18.536643345053957
2002-05-16,18.454638929418763
2002-05-17,18.434179704178383
2002-05-20,18.410102420195205
2002-05-21,18.026765208077457
2002-05-22,18.046135504852593
2002-05-23,17.994020648709355
2002-05-24,17.859566407766213
2002-05-28,17.624682441379356
2002-05-29,17.876599071384234
2002-05-30,17.312390874235884
2002-05-31,17.577870950596882
2002-06-03,17.54930159416716
2002-06-04,17.638344740282307
2002-06-05,17.501215165753862
2002-06-06,17.446415191768324
2002-06-07,17.405188530379423
2002-06-10,17.233703338975932
2002-06-11,17.18615285416163
2002-06-12,17.40001556334664
2002-06-13,17.937680934062534
2002-06-14,18.06648728936013
2002-06-17,18.146446030131457
2002-06-18,17.898997463099594
2002-06-19,17.860480084934462
2002-06-20,17.945863764826154
2002-06-21,17.84132891907045
2002-06-24,18.23598671091244
2002-06-25,18.213740428115
2002-06-26,18.24394309037388
2002-06-27,18.318452190534867
2002-06-28,18.335087267531005
2002-07-01,18.42767264667656
2002-07-02,18.404520218871426
2002-07-03,18.3795605024752
2002-07-05,18.42512375616495
2002-07-08,17.987001639780747
2002-07-09,18.075966490116254
2002-07-10,18.314995793844453
2002-07-11,18.331625504021
2002-07-12,18.487467880721447
2002-07-15,18.37753979913019
2002-07-16,18.714153567426283
2002-07-17,18.73981020280856
2002-07-18,18.704905201191373
2002-07-19,18.738694752637656
2002-07-22,18.39468894352986
2002-07-23,18.10673924963763
2002-07-24,18.36828886225473
2002-07-25,18.262006077099223
2002-07-26,18.15030763009874
2002-07-29,18.05759223317779
2002-07-30,18.396825845128227
2002-07-31,18.37910929511812
2002-08-01,18.09754438807955
2002-08-02,18.219890948372843
2002-08-05,17.995271064740425
2002-08-06,18.242298588157546
2002-08-07,18.003235251208004
2002-08-08,18.066844283903286
2002-08-09,18.190077780618942
2002-08-12,18.609619588260497
2002-08-13,18.689466459054756
2002-08-14,18.764791531082384
2002-08-15,19.20595943564332
2002-08-16,19.219840956951636
2002-08-19,19.31501564624948
2002-08-20,19.186180004654464
2002-08-21,19.403285121803886
2002-08-22,19.4298036943813
2002-08-23,19.353358462001776
2002-08-26,19.610177548141113
2002-08-27,19.491286438459483
2002-08-28,19.27215990553187
2002-08-29,19.354667494802513
2002-08-30,19.435363718269052
2002-09-03,18.935423951503864
2002-09-04,19.261738948366528
2002-09-05,19.659365768926698
2002-09-06,19.95403723110164
2002-09-09,20.209865952178816
2002-09-10,20.29503694525796
2002-09-11,20.327839103065603
2002-09-12,20.013956326034
2002-09-13,20.387115763292034
2002-09-16,20.3666480894092
2002-09-17,20.21077107581733
2002-09-18,20.438555050011075
2002-09-19,20.38920246768275
2002-09-20,20.35519642399264
2002-09-23,20.6316985194565
2002-09-24,20.59407742909624
2002-09-25,20.45717602329145
2002-09-26,20.47642336699843
2002-09-27,20.571481079002613
2002-09-30,20.53386618935922
2002-10-01,20.67674722702244
2002-10-02,20.610253978153946
2002-10-03,20.097971491394706
2002-10-04,20.02428018126947
2002-10-07,20.085947309119316
2002-10-08,20.170167718385645
2002-10-09,20.147009743407413
2002-10-10,19.936180099188295
2002-10-11,20.212577676768426
2002-10-14,20.50429795751557
2002-10-15,20.57135270452025
2002-10-16,20.51300143491572
2002-10-17,20.59809454552712
2002-10-18,20.54335378681767
2002-10-21,20.009606712774083
2002-10-22,19.849345296588936
2002-10-23,19.933546329496377
2002-10-24,19.94828709467593
2002-10-25,19.534584379978053
2002-10-28,19.631414512242124
2002-10-29,19.429698803620003
2002-10-30,19.47601988767691
2002-10-31,19.60801618038861
2002-11-01,19.579475487716923
2002-11-04,19.39672416854595
2002-11-05,19.05436690636618
2002-11-06,18.869838284684437
2002-11-07,18.71417706591511
2002-11-08,18.739770580294557
2002-11-11,18.76175503544791
2002-11-12,18.725129398261156
2002-11-13,18.44506646065894
2002-11-14,18.513039101006804
2002-11-15,18.683789103436908
2002-11-18,19.198921581260585
2002-11-19,19.167697218145335
2002-11-20,19.394305191339814
2002-11-21,19.518131791062626
2002-11-22,19.68792433065977
2002-11-25,19.43944775738399
2002-11-26,19.44698141179061
2002-11-27,19.631183032311466
2002-11-29,19.604459143976317
2002-12-02,19.837316797013912
2002-12-03,19.74569558226553
2002-12-04,19.52069516003788
2002-12-05,19.740915859276008
2002-12-06,19.570000468948972
2002-12-09,19.640610553414486
2002-12-10,19.989673480650097
2002-12-11,19.93410982193216
2002-12-12,20.32279055166618
2002-12-13,20.626748681533275
2002-12-16,21.23974700969728
2002-12-17,21.14721181156169
2002-12-18,21.352008768022195
2002-12-19,21.24235572388855
2002-12-20,21.26694971205245
2002-12-23,21.802359668051793
2002-12-24,21.904411822466244
2002-12-26,21.893850389797517
2002-12-27,21.95805889014391
2002-12-30,21.325940510760223
2002-12-31,21.18118063599804
2003-01-02,21.693979932504135
2003-01-03,22.23647178797636
2003-01-06,21.68187891898756
2003-01-07,21.37410548561211
2003-01-08,21.229365617411396
2003-01-09,21.76370105282147
2003-01-10,21.428933172166964
2003-01-13,21.613811483559015
2003-01-14,21.615869719361186
2003-01-15,21.953819472352112
2003-01-16,22.17828728254569
2003-01-17,22.171323347118296
2003-01-21,22.195875457145902
2003-01-22,22.226729579240622
2003-01-23,21.9829663037144
2003-01-24,22.391971953206113
2003-01-27,21.98886035131953
2003-01-28,22.218681795295176
2003-01-29,22.76898576980161
2003-01-30,22.879037820213664
2003-01-31,22.815341916978632
2003-02-03,22.63462467871304
2003-02-04,22.99311697826371
2003-02-05,23.15895867849675
2003-02-06,23.35809419282462
2003-02-07,23.84254313802957
2003-02-10,23.41700592317049
2003-02-11,23.660219367331436
2003-02-12,23.361611180934933
2003-02-13,23.415815942219133
2003-02-14,23.508714678577245
2003-02-18,23.496315563512695
2003-02-19,23.6845952226007
2003-02-20,23.38513262650461
2003-02-21,23.904546058204655
2003-02-24,24.894534311927053
2003-02-25,24.12446997139258
2003-02-26,24.976729172521253
2003-02-27,24.840124491352903
2003-02-28,25.062514552715644
2003-03-03,24.38880357554785
2003-03-04,24.631884019461133
2003-03-05,24.499805632590014
2003-03-06,24.57014592922052
2003-03-07,24.841085928288
2003-03-10,24.320406543206165
2003-03-11,23.691817330713356
2003-03-12,23.77476465405184
2003-03-13,22.833211918127013
2003-03-14,22.32344836406431
2003-03-17,21.9441315663078
2003-03-18,21.007216797314964
2003-03-19,20.773658051628544
2003-03-20,20.313481353437737
2003-03-21,19.65638452121238
2003-03-24,20.257415665567265
2003-03-25,19.878227715729302
2003-03-26,20.06107840184469
2003-03-27,20.719591302406933
2003-03-28,20.589495210101223
2003-03-31,20.88470014610091
2003-04-01,20.441712954182044
2003-04-02,19.97717374025759
2003-04-03,20.02422939682385
2003-04-04,19.91125393226758
2003-04-07,19.80008359594868
2003-04-08,19.741959499953477
2003-04-09,20.09825734346582
2003-04-10,19.74348088981693
2003-04-11,19.857952617434933
2003-04-14,19.88702465591314
2003-04-15,20.17406404891849
2003-04-16,20.15908214595556
2003-04-17,20.563839790936445
2003-04-21,20.687256990265087
2003-04-22,20.359499038929812
2003-04-23,19.84123350005617
2003-04-24,19.78043105587367
2003-04-25,19.687280361813723
2003-04-28,19.19963480596144
2003-04-29,19.102911794546515
2003-04-30,19.376410428347057
2003-05-01,19.400993141426156
2003-05-02,19.222507784195923
2003-05-05,19.665794871971514
2003-05-06,19.43609848844328
2003-05-07,19.67720242550755
2003-05-08,20.00364173933566
2003-05-09,20.38396458306351
2003-05-12,20.374375062041644
2003-05-13,20.86246642692955
2003-05-14,21.113372604004564
2003-05-15,20.94566251159412
2003-05-16,21.042950681036626
2003-05-19,20.752193525357747
2003-05-20,20.793791779067657
2003-05-21,21.09855533641144
2003-05-22,20.931768212296
2003-05-23,21.029040853301662
2003-05-27,20.97093656207692
2003-05-28,20.680234755476768
2003-05-29,20.919397755985383
2003-05-30,21.124422719761508
2003-06-02,21.608710489624546
2003-06-03,21.52994456463731
2003-06-04,21.277879888690844
2003-06-05,21.61306713268424
2003-06-06,21.7659619992392
2003-06-09,21.696178471952404
2003-06-10,21.774542657076424
2003-06-11,21.803522440874765
2003-06-12,21.172630504590323
2003-06-13,20.71504389881084
2003-06-16,20.781756883110273
2003-06-17,20.844875686920453
2003-06-18,20.60367810798371
2003-06-19,20.657821389524788
2003-06-20,20.90854038364377
2003-06-23,20.777767339661786
2003-06-24,20.535703346815747
2003-06-25,21.03591935375604
2003-06-26,20.443830917631185
2003-06-27,20.572460660285397
2003-06-30,20.928139862472023
2003-07-01,20.98315878519072
2003-07-02,20.88381902676576
2003-07-03,20.9505009573238
2003-07-07,20.92744360512755
2003-07-08,21.042575252174775
2003-07-09,21.344339921893457
2003-07-10,21.19924360256823
2003-07-11,21.22463221900067
2003-07-14,21.154914222819997
2003-07-15,21.076229255381993
2003-07-16,20.767874621838423
2003-07-17,20.92604917383993
2003-07-18,21.08062784875092
2003-07-21,21.043219588584417
2003-07-22,20.4092695843201
2003-07-23,20.54321694670765
2003-07-24,20.689714364362946
2003-07-25,20.711523070176348
2003-07-28,20.722566103437508
2003-07-29,20.744372497848527
2003-07-30,20.88367247329052
2003-07-31,20.91085375831599
2003-08-01,21.686002360777795
2003-08-04,21.40106519237849
2003-08-05,21.56364521659089
2003-08-06,21.469738970593276
2003-08-07,21.870838941044664
2003-08-08,21.73837104599196
2003-08-11,21.700063400321227
2003-08-12,21.780117768289287
2003-08-13,21.420816264261976
2003-08-14,21.3735548405658
2003-08-15,21.347814610777327
2003-08-18,21.40724812086945
2003-08-19,21.327716273150152
2003-08-20,21.59513528366372
2003-08-21,21.997009389332845
2003-08-22,22.043866281731184
2003-08-25,21.82537942588212
2003-08-26,21.89016754395424
2003-08-27,21.565030438234164
2003-08-28,21.68718805619405
2003-08-29,21.731358250255564
2003-09-02,20.809327908233673
2003-09-03,20.897438661334434
2003-09-04,20.805400678735975
2003-09-05,20.754594203994436
2003-09-08,20.73067636278402
2003-09-09,20.871651503699965
2003-09-10,21.036812658356133
2003-09-11,20.773630299097455
2003-09-12,20.556162849865103
2003-09-15,20.48745078355202
2003-09-16,20.19742761019732
2003-09-17,19.96297280619808
2003-09-18,19.874574584678225
2003-09-19,19.826498518413064
2003-09-22,19.932522006257955
2003-09-23,19.919386456124712
2003-09-24,20.43391153484356
2003-09-25,20.444052920389307
2003-09-26,20.31803236777916
2003-09-29,20.551224354057037
2003-09-30,20.837254260847057
2003-10-01,20.89396045846147
2003-10-02,21.078747503551252
2003-10-03,21.290395383268855
2003-10-06,21.34349966469947
2003-10-07,21.50049428593024
2003-10-08,21.373575493464248
2003-10-09,22.08401889829874
2003-10-10,22.592922793016772
2003-10-13,22.650459616241108
2003-10-14,22.516357374421577
2003-10-15,22.49240576013907
2003-10-16,22.34667647964766
2003-10-17,21.794440278017632
2003-10-20,21.57889965986723
2003-10-21,21.60601451810146
2003-10-22,21.532848905454795
2003-10-23,21.77931159605672
2003-10-24,21.71241269343626
2003-10-27,21.533611950013455
2003-10-28,21.447030750895607
2003-10-29,21.34613128297467
2003-10-30,21.017864863156507
2003-10-31,21.347545854676156
2003-11-03,21.090908193268408
2003-11-04,21.030309899974604
2003-11-05,21.78958832448076
2003-11-06,21.60277270968762
2003-11-07,21.908221846942325
2003-11-10,21.961269180008586
2003-11-11,22.20583338057796
2003-11-12,22.25797288004335
2003-11-13,22.485510418226863
2003-11-14,22.81146983075801
2003-11-17,22.37857907957294
2003-11-18,22.926438785316897
2003-11-19,22.51146590748449
2003-11-20,22.365843956363573
2003-11-21,22.30970479351627
2003-11-24,21.591479461162244
2003-11-25,21.6454128139727
2003-11-26,21.886326627707476
2003-11-28,21.989453122964314
2003-12-01,22.091677993768673
2003-12-02,22.590196875814897
2003-12-03,22.80869024635876
2003-12-04,23.083526393544513
2003-12-05,22.75902998437816
2003-12-08,23.6367280410134
2003-12-09,23.388260259430776
2003-12-10,23.359837292608873
2003-12-11,23.245554734313178
2003-12-12,23.95141416212466
2003-12-15,23.95070132241746
2003-12-16,23.766654626207977
2003-12-17,24.089679865584348
2003-12-18,24.29553764045796
2003-12-19,23.988984148521084
2003-12-22,23.16470308262708
2003-12-23,23.088007561086155
2003-12-24,23.345732881746237
2003-12-26,23.37543815826998
2003-12-29,23.193239590128577
2003-12-30,23.513522461962182
2003-12-31,23.29288704890874
2004-01-02,23.392323995159018
2004-01-05,24.302610884869345
2004-01-06,24.335858939555184
2004-01-07,24.17690469112001
2004-01-08,24.453300257128905
2004-01-09,24.700179490369077
2004-01-12,24.674416245826812
2004-01-13,24.22765724936612
2004-01-14,24.151856340324557
2004-01-15,23.333324874635096
2004-01-16,23.997586147924792
2004-01-20,24.553664930816023
2004-01-21,24.43139152367959
2004-01-22,24.36006300993741
2004-01-23,24.355762635934276
2004-01-26,23.94218320510951
2004-01-27,23.789560536125247
2004-01-28,23.569031910163485
2004-01-29,23.201979237927087
2004-01-30,23.238814925566643
2004-02-02,23.81442627412825
2004-02-03,23.56890615068863
2004-02-04,23.186707443500772
2004-02-05,23.18512307899262
2004-02-06,22.926246236817516
2004-02-09,23.078327359005637
2004-02-10,23.41799961272128
2004-02-11,23.484300550863505
2004-02-12,23.61580786526203
2004-02-13,23.89201380863916
2004-02-17,24.095849560500675
2004-02-18,23.96472601705782
2004-02-19,24.00956547920195
2004-02-20,23.775738249011628
2004-02-23,23.863451339512505
2004-02-24,24.02349680317638
2004-02-25,24.49700006861251
2004-02-26,24.61951104813529
2004-02-27,24.884003676322585
2004-03-01,25.269034547008456
2004-03-02,25.085223684365648
2004-03-03,24.48799714143856
2004-03-04,24.80335846555941
2004-03-05,24.986553660022047
2004-03-08,24.526881125597217
2004-03-09,24.382407135890944
2004-03-10,24.296864244924684
2004-03-11,24.766635160307285
2004-03-12,24.493608075108316
2004-03-15,25.115106314558066
2004-03-16,25.15720922542651
2004-03-17,25.60547308999739
2004-03-18,25.544902723831875
2004-03-19,25.55396265855956
2004-03-22,25.443412561358898
2004-03-23,25.54708643529544
2004-03-24,25.32854686878279
2004-03-25,24.686078013065178
2004-03-26,24.815645051540884
2004-03-29,24.712274538589796
2004-03-30,25.28537077638949
2004-03-31,25.175744855159767
2004-04-01,24.698466484252233
2004-04-02,24.62812821049383
2004-04-05,24.545300271597647
2004-04-06,24.84259929751326
2004-04-07,25.33528546839562
2004-04-08,25.715518890387393
2004-04-12,25.88784413537151
2004-04-13,25.447223648764822
2004-04-14,25.509809244500083
2004-04-15,25.60807609358462
2004-04-16,25.559141856488843
2004-04-19,25.44419433565671
2004-04-20,25.317656449481905
2004-04-21,24.832530156804115
2004-04-22,25.230514741686715
2004-04-23,25.082587854280437
2004-04-26,25.408296190947553
2004-04-27,25.793745484043495
2004-04-28,25.687731559139497
2004-04-29,25.750292001761032
2004-04-30,25.819089561139425
2004-05-03,26.30257889027871
2004-05-04,26.82884678499111
2004-05-05,27.041179491601465
2004-05-06,26.89056271413709
2004-05-07,27.094855802374695
2004-05-10,26.418150464065757
2004-05-11,26.922045014869266
2004-05-12,27.17536044893424
2004-05-13,27.28867753930164
2004-05-14,27.246850605238997
2004-05-17,27.246039687066222
2004-05-18,26.75399774540852
2004-05-19,27.496714453431625
2004-05-20,27.08046752590413
2004-05-21,26.75963134156597
2004-05-24,27.71176647413801
2004-05-25,27.443522463790163
2004-05-26,27.304541597023384
2004-05-27,26.746638920196332
2004-05-28,26.864389571665967
2004-06-01,28.128331580926147
2004-06-02,27.090952516587755
2004-06-03,26.616899236412007
2004-06-04,26.252491576161688
2004-06-07,26.3105287100481
2004-06-08,25.7509909796508
2004-06-09,25.797454375646353
2004-06-10,26.03728570212304
2004-06-14,25.78076925551706
2004-06-15,25.581299400720628
2004-06-16,25.77478063052827
2004-06-17,26.362964401002618
2004-06-18,26.379997592538817
2004-06-21,25.88473894717576
2004-06-22,26.02295159404315
2004-06-23,25.924178453757985
2004-06-24,26.181757276385433
2004-06-25,25.98677581078084
2004-06-28,25.245737611344207
2004-06-29,24.971514607006917
2004-06-30,25.50700685538273
2004-07-01,26.20903675313051
2004-07-02,26.11562249227501
2004-07-06,26.713382195126822
2004-07-07,26.53356756552433
2004-07-08,26.811541915202273
2004-07-09,26.604126587039136
2004-07-12,26.2943054120331
2004-07-13,26.150143287837405
2004-07-14,26.79588399354756
2004-07-15,26.593833767722405
2004-07-16,26.692774293869245
2004-07-19,26.69999351660373
2004-07-20,26.28693884735125
2004-07-21,26.25320984326727
2004-07-22,26.69315872785877
2004-07-23,26.818793174007897
2004-07-26,26.58473163194188
2004-07-27,26.69700806666146
2004-07-28,27.14757413786259
2004-07-29,27.066643273777355
2004-07-30,27.371179662423224
2004-08-02,27.235056320832427
2004-08-03,27.364209741670212
2004-08-04,26.775912592313436
2004-08-05,27.378601662729174
2004-08-06,27.125006826918455
2004-08-09,27.48822754079868
2004-08-10,27.35390663646909
2004-08-11,27.29969246504472
2004-08-12,27.5151409448288
2004-08-13,28.05540662406474
2004-08-16,27.835651021889973
2004-08-17,28.065305593001614
2004-08-18,28.060019385120928
2004-08-19,28.65715270182158
2004-08-20,28.331520473462263
2004-08-23,28.01124618278893
2004-08-24,27.644722076887188
2004-08-25,26.900976320229635
2004-08-26,26.61369481277162
2004-08-27,26.566637978129243
2004-08-30,26.431509740108435
2004-08-31,26.296392257128964
2004-09-01,27.024187137703297
2004-09-02,26.91040597254057
2004-09-03,26.692556744657647
2004-09-07,26.456931846882345
2004-09-08,26.35830021323344
2004-09-09,27.1909406821315
2004-09-10,26.598657172506552
2004-09-13,27.20888890697205
2004-09-14,27.50513266511923
2004-09-15,27.137012036329168
2004-09-16,27.20912737137558
2004-09-17,27.924208475613508
2004-09-20,28.135913346032844
2004-09-21,28.686412913191905
2004-09-22,29.30445929031755
2004-09-23,29.360497205854656
2004-09-24,29.314274684546326
2004-09-27,29.534798872589427
2004-09-28,29.804213204462293
2004-09-29,29.98736930837205
2004-09-30,30.02559602834268
2004-10-01,30.164279846527577
2004-10-04,29.976691108285017
2004-10-05,30.612312276790636
2004-10-06,30.922538080510076
2004-10-07,31.315418625448466
2004-10-08,31.677160791917665
2004-10-11,31.861107422725667
2004-10-12,31.399728795245636
2004-10-13,31.70366534521465
2004-10-14,32.076907810183684
2004-10-15,32.09550637741186
2004-10-18,31.5808525269924
2004-10-19,31.714997883250344
2004-10-20,32.473003620592436
2004-10-21,32.62577858263705
2004-10-22,32.97315558999225
2004-10-25,32.64960453610733
2004-10-26,33.16135322997174
2004-10-27,31.93947221569835
2004-10-28,31.31743276901745
2004-10-29,31.56350732601496
2004-11-01,30.825124655101888
2004-11-02,30.56655163923331
2004-11-03,31.1164717417224
2004-11-04,30.21292333834434
2004-11-05,30.391475977157867
2004-11-08,30.18714036436917
2004-11-09,29.637256291249
2004-11-10,30.41807750942087
2004-11-11,29.86644083895337
2004-11-12,29.799822492122644
2004-11-15,29.711002557611497
2004-11-16,29.355726763795342
2004-11-17,29.98101312648134
2004-11-18,29.670157402526147
2004-11-19,30.578706353647835
2004-11-22,30.25808342700176
2004-11-23,30.46055007990731
2004-11-24,31.086597258008823
2004-11-26,31.02706301888887
2004-11-29,30.82367926107008
2004-11-30,30.411636998477043
2004-12-01,28.998033332520603
2004-12-02,27.68129696474239
2004-12-03,27.438084808807
2004-12-06,27.64324709706589
2004-12-07,26.92151276135146
2004-12-08,27.147101028226647
2004-12-09,27.58573730278958
2004-12-10,26.9386392175369
2004-12-13,27.45981511219456
2004-12-14,27.76436357682686
2004-12-15,28.710676246614085
2004-12-16,28.44264163353131
2004-12-17,29.512255075306616
2004-12-20,28.976162111589584
2004-12-21,28.954884877273937
2004-12-22,28.345176594401934
2004-12-23,28.240493559312917
2004-12-27,27.07971904455005
2004-12-28,27.225342178977023
2004-12-29,27.57328965829088
2004-12-30,27.567144841948046
2004-12-31,27.54946407845255
2005-01-03,26.99139031264473
2005-01-04,27.39964026337924
2005-01-05,27.17256588932882
2005-01-06,28.1433161311846
2005-01-07,28.110536413866168
2005-01-10,28.201970963623985
2005-01-11,28.3022697810207
2005-01-12,28.41853360380896
2005-01-13,29.3083737212114
2005-01-14,29.313711874938328
2005-01-18,29.208161402129218
2005-01-19,29.114152092931903
2005-01-20,28.93144520005669
2005-01-21,29.44149721840833
2005-01-24,29.654383275662575
2005-01-25,29.993205185136723
2005-01-26,29.809603116841455
2005-01-27,29.691647149847324
2005-01-28,28.999000318261036
2005-01-31,29.396333274377007
2005-02-01,28.982199616246824
2005-02-02,28.716183827760865
2005-02-03,28.455507014159053
2005-02-04,28.405890470600387
2005-02-07,27.9891758731162
2005-02-08,28.20469481235416
2005-02-09,28.371432955565524
2005-02-10,29.15260129965129
2005-02-11,29.196951604578803
2005-02-14,29.286513138415337
2005-02-15,29.30248630942019
2005-02-16,29.6198782691283
2005-02-17,29.378754841429192
2005-02-18,29.66066704816219
2005-02-22,30.90702217125533
2005-02-23,31.02754227073651
2005-02-24,31.076257009034286
2005-02-25,31.280084192798466
2005-02-28,31.539739571367683
2005-03-01,31.4705524270323
2005-03-02,32.09090928149726
2005-03-03,32.32836073800091
2005-03-04,32.352213271543874
2005-03-07,32.376064357224095
2005-03-08,32.92808246516785
2005-03-09,33.11231312835282
2005-03-10,32.68155025904692
2005-03-11,33.13958249493213
2005-03-14,33.322016461165774
2005-03-15,33.54342367136337
2005-03-16,34.109488427828715
2005-03-17,34.094296832186465
2005-03-18,34.132265473080444
2005-03-21,34.12061861619047
2005-03-22,33.70144516501662
2005-03-23,32.92527881374755
2005-03-24,33.210434454921426
2005-03-28,32.978241064184665
2005-03-29,33.07735780570278
2005-03-30,33.15077981552645
2005-03-31,33.978871380466124
2005-04-01,34.68468396765307
2005-04-04,34.49233645755367
2005-04-05,34.08654862924452
2005-04-06,33.91194476807601
2005-04-07,33.20242550633463
2005-04-08,32.776342652642185
2005-04-11,33.026875358525615
2005-04-12,32.55743163784668
2005-04-13,31.98441042251516
2005-04-14,32.26770457608698
2005-04-15,31.951514271484236
2005-04-18,31.684041597777433
2005-04-19,32.67300292570171
2005-04-20,32.97395199055414
2005-04-21,33.07567423385684
2005-04-22,33.53861074588023
2005-04-25,33.31274300774943
2005-04-26,33.15239694751667
2005-04-27,32.038630564419634
2005-04-28,32.047413384089225
2005-04-29,31.308191185639732
2005-05-02,31.61265010651152
2005-05-03,30.9699673490538
2005-05-04,31.20891627851584
2005-05-05,31.350488568144957
2005-05-06,31.394695563943387
2005-05-09,31.723002022935106
2005-05-10,31.98933585979398
2005-05-11,31.47862361510827
2005-05-12,30.79713942450439
2005-05-13,30.658170887668778
2005-05-16,30.48292843216241
2005-05-17,30.736869232984592
2005-05-18,30.303254050460897
2005-05-19,30.225371168206987
2005-05-20,30.174036349972734
2005-05-23,30.42176444219704
2005-05-24,30.58984949936072
2005-05-25,31.121550968347577
2005-05-26,31.148050621131254
2005-05-27,31.39218355909479
2005-05-31,31.394788666436572
2005-06-01,32.639418231950884
2005-06-02,32.38633271692266
2005-06-03,33.048805685499126
2005-06-06,33.06639702420988
2005-06-07,32.875239419082305
2005-06-08,32.42228080431018
2005-06-09,33.24033989296901
2005-06-10,32.940408254207135
2005-06-13,33.87072724680925
2005-06-14,33.595554851408096
2005-06-15,33.87047886953211
2005-06-16,34.265659115773836
2005-06-17,34.97916923557152
2005-06-20,35.2876314072929
2005-06-21,34.82322518082001
2005-06-22,34.47291204483725
2005-06-23,34.991805252956894
2005-06-24,35.07034035868342
2005-06-27,35.20899592533048
2005-06-28,34.225670227545045
2005-06-29,33.85155703118162
2005-06-30,33.57560086801967
2005-07-01,34.54176014813129
2005-07-05,35.234694615995544
2005-07-06,36.09201735893861
2005-07-07,35.7603328631231
2005-07-08,35.34469421700342
2005-07-11,35.02100956289717
2005-07-12,35.86232406552964
2005-07-13,35.66061818860706
2005-07-14,34.89679554469924
2005-07-15,35.064567120560355
2005-07-18,34.651674732777224
2005-07-19,34.631200420330195
2005-07-20,34.37918730302649
2005-07-21,33.885933884721084
2005-07-22,34.49997479234306
2005-07-25,34.55196563423971
2005-07-26,34.71529515113222
2005-07-27,34.841502105325866
2005-07-28,35.232776860911535
2005-07-29,35.51800033518455
2005-08-01,36.10979270146947
2005-08-02,36.38614033504013
2005-08-03,35.95303421011381
2005-08-04,36.2037490453899
2005-08-05,36.63996932690675
2005-08-08,37.31556486912221
2005-08-09,37.00173847248802
2005-08-10,38.03150442513997
2005-08-11,38.67078227824603
2005-08-12,38.953171938338336
2005-08-15,38.676432237355904
2005-08-16,38.70796080000493
2005-08-17,37.46500294927099
2005-08-18,37.15653615583237
2005-08-19,37.9741236915755
2005-08-22,38.17699856760206
2005-08-23,38.22620046772745
2005-08-24,38.95096066951121
2005-08-25,38.96481464647788
2005-08-26,38.50006146904868
2005-08-29,39.61503717950702
2005-08-30,41.284463410901154
2005-08-31,41.06955770800995
2005-09-01,41.960096743316726
2005-09-02,40.79870845514923
2005-09-06,40.133570360564335
2005-09-07,39.1850747049947
2005-09-08,39.23776221612576
2005-09-09,39.07327609276303
2005-09-12,38.46918076351714
2005-09-13,38.465387717725584
2005-09-14,39.51026341925538
2005-09-15,39.33431583685908
2005-09-16,38.423995948198744
2005-09-19,41.01869896776605
2005-09-20,40.35993080762392
2005-09-21,40.722356015476954
2005-09-22,40.88971396431188
2005-09-23,39.770321197449
2005-09-26,40.77961280237331
2005-09-27,40.64249574461807
2005-09-28,41.75936190115659
2005-09-29,41.794299125362045
2005-09-30,41.4330319186902
2005-10-03,41.20590974531611
2005-10-04,40.649682256043896
2005-10-05,40.14113447157863
2005-10-06,39.06088823042148
2005-10-07,39.20088728323946
2005-10-10,39.129141893593534
2005-10-11,40.03842991407715
2005-10-12,40.25866745984864
2005-10-13,39.70964303194968
2005-10-14,39.31414340274888
2005-10-17,40.2109667388667
2005-10-18,39.37531332182905
2005-10-19,39.00191054020202
2005-10-20,38.15311352322169
2005-10-21,38.24635374549563
2005-10-24,37.986792115179206
2005-10-25,39.5176213586547
2005-10-26,38.69536648206252
2005-10-27,38.58574218070592
2005-10-28,38.35795020161473
2005-10-31,37.290648915596584
2005-11-01,37.12816345051968
2005-11-02,36.897792749607824
2005-11-03,37.72556069378995
2005-11-04,37.19362428539568
2005-11-07,37.14490635035444
2005-11-08,37.359814373665074
2005-11-09,37.28023538920878
2005-11-10,36.81097413545847
2005-11-11,37.060257048501306
2005-11-14,37.107640407360535
2005-11-15,36.71071498379748
2005-11-16,37.355787628025496
2005-11-17,36.77640489506673
2005-11-18,36.47913293234411
2005-11-21,36.564428389842966
2005-11-22,37.02609178458124
2005-11-23,36.79847058273105
2005-11-25,36.718049095814045
2005-11-28,36.147602964489664
2005-11-29,35.93412715073275
2005-11-30,36.65308100234415
2005-12-01,37.48920075080824
2005-12-02,38.2653469888793
2005-12-05,38.43252205362411
2005-12-06,38.20578935299357
2005-12-07,38.13415971158223
2005-12-08,39.428307854402746
2005-12-09,38.77422499262074
2005-12-12,39.7819199509486
2005-12-13,40.31201904146528
2005-12-14,39.81215257313924
2005-12-15,39.06298479231947
2005-12-16,38.25043347750659
2005-12-19,38.03610139591118
2005-12-20,38.0702088937412
2005-12-21,38.3588926990348
2005-12-22,37.76051308530702
2005-12-23,37.474874653254794
2005-12-27,36.73033936370967
2005-12-28,37.588028483228406
2005-12-29,37.62037973761653
2005-12-30,38.02264264686286
2006-01-03,38.59045836123965
2006-01-04,38.62189526040984
2006-01-05,38.0527135927071
2006-01-06,38.563236174335685
2006-01-09,38.18165992040256
2006-01-10,38.08982252261084
2006-01-11,38.11686769815705
2006-01-12,38.1289408480627
2006-01-13,38.25019893268625
2006-01-17,39.34790893142859
2006-01-18,38.80085216518311
2006-01-19,39.30242605542052
2006-01-20,40.02671411287161
2006-01-23,39.65664121375973
2006-01-24,39.35613950597574
2006-01-25,38.8294096494289
2006-01-26,38.91892540553939
2006-01-27,39.52780028746032
2006-01-30,40.197379592845806
2006-01-31,39.954120504114854
2006-02-01,39.198597820897035
2006-02-02,38.39823071716157
2006-02-03,38.789636006797295
2006-02-06,38.371301703891184
2006-02-07,37.54375101683402
2006-02-08,37.434384169410066
2006-02-09,37.52039343796237
2006-02-10,37.03262759681459
2006-02-13,36.82032831758529
2006-02-14,36.27189482877907
2006-02-15,35.67773842496715
2006-02-16,36.027760089306106
2006-02-17,36.61709243296335
2006-02-21,37.40259409809532
2006-02-22,36.580597594919205
2006-02-23,36.53463789223593
2006-02-24,37.29632130213708
2006-02-27,36.24390334269663
2006-02-28,36.58327887070626
2006-03-01,36.80299610019505
2006-03-02,37.56545872480245
2006-03-03,37.79656963423064
2006-03-06,36.951885513821125
2006-03-07,36.572557281126734
2006-03-08,36.14575681479441
2006-03-09,36.58709178512039
2006-03-10,36.515642472282174
2006-03-13,37.41251661974141
2006-03-14,38.17477967972624
2006-03-15,37.75151285350355
2006-03-16,38.156678444788035
2006-03-17,37.85039481681177
2006-03-20,36.9347319654742
2006-03-21,37.1780878994529
2006-03-22,36.869223057710535
2006-03-23,37.825666436977265
2006-03-24,37.983686098386734
2006-03-27,37.91309558221787
2006-03-28,38.66632427320386
2006-03-29,38.91574025472248
2006-03-30,39.3304227382927
2006-03-31,38.9019946537595
2006-04-03,39.13467815344189
2006-04-04,38.788037441295096
2006-04-05,39.261568962760734
2006-04-06,39.68497015282714
2006-04-07,39.42712066653744
2006-04-10,40.26096964172434
2006-04-11,40.60168242006509
2006-04-12,40.78944116964686
2006-04-13,41.23734041545161
2006-04-17,41.94799631124288
2006-04-18,42.87128843552993
2006-04-19,43.3155729502804
2006-04-20,42.88806996839183
2006-04-21,43.60122899922468
2006-04-24,42.69834782285162
2006-04-25,42.625022056431334
2006-04-26,42.28370269153991
2006-04-27,41.375667630777336
2006-04-28,41.7153459213599
2006-05-01,42.52505622701143
2006-05-02,42.95517398644881
2006-05-03,41.926864907444234
2006-05-04,41.27814244664815
2006-05-05,41.631829226087675
2006-05-08,41.45928640316128
2006-05-09,42.15554135340063
2006-05-10,43.20312455099094
2006-05-11,43.96516677847979
2006-05-12,43.219876877291576
2006-05-15,41.72540293057648
2006-05-16,41.79354902258136
2006-05-17,41.31626945404285
2006-05-18,41.45819759922134
2006-05-19,40.83604739545469
2006-05-22,41.26954877777673
2006-05-23,42.33004901677425
2006-05-24,41.05896750514201
2006-05-25,41.71985751232828
2006-05-26,41.939022183183106
2006-05-30,42.05543686118468
2006-05-31,41.66696157281511
2006-06-01,41.37860630169758
2006-06-02,42.33088931398261
2006-06-05,42.27607134302704
2006-06-06,41.965774630478826
2006-06-07,41.44040330718744
2006-06-08,41.15034003532429
2006-06-09,41.74694724853175
2006-06-12,41.35418524718656
2006-06-13,40.372426345343214
2006-06-14,40.59857337732402
2006-06-15,41.1617726247924
2006-06-16,41.21847627191101
2006-06-19,40.61162519737482
2006-06-20,40.47437553240152
2006-06-21,41.00854680705422
2006-06-22,41.208303648747965
2006-06-23,41.0780680358831
2006-06-26,41.483168455531306
2006-06-27,41.54687514619275
2006-06-28,41.54739273709723
2006-06-29,42.2876519198324
2006-06-30,42.528576788576174
2006-07-03,42.5931203190566
2006-07-05,42.91211435535957
2006-07-06,43.07052553119091
2006-07-07,42.52614596913962
2006-07-10,42.28799677665501
2006-07-11,42.871037717136936
2006-07-12,43.36806775354301
2006-07-13,44.2984421775221
2006-07-14,44.7059221204642
2006-07-17,43.56771117751292
2006-07-18,42.84360292520035
2006-07-19,42.67040329061263
2006-07-20,42.46212606398368
2006-07-21,42.4573557681479
2006-07-24,42.90516243738737
2006-07-25,42.443426163880595
2006-07-26,42.72720064559369
2006-07-27,43.11707608870802
2006-07-28,42.6746683782741
2006-07-31,43.69330419378993
2006-08-01,43.70691287643695
2006-08-02,44.33786290784334
2006-08-03,43.72535539352552
2006-08-04,43.57849544753051
2006-08-07,44.27778549677806
2006-08-08,44.13442568947977
2006-08-09,44.432094135794074
2006-08-10,43.42250567249383
2006-08-11,43.44926922336279
2006-08-14,42.71680833057582
2006-08-15,42.58929575607125
2006-08-16,42.27418686813386
2006-08-17,41.34634197969896
2006-08-18,41.647534989883965
2006-08-21,42.119642080899574
2006-08-22,42.27704258463325
2006-08-23,41.678876486186475
2006-08-24,41.991421149325106
2006-08-25,42.164587010889186
2006-08-28,41.05200853778125
2006-08-29,40.73878434147302
2006-08-30,40.686740016134
2006-08-31,40.82574715087553
2006-09-01,40.223368619028605
2006-09-05,40.05830251321024
2006-09-06,39.71711291728725
2006-09-07,39.45042584984521
2006-09-08,39.11453189347223
2006-09-11,38.693666284279466
2006-09-12,38.308749347788435
2006-09-13,38.408368510267664
2006-09-14,37.99895164797058
2006-09-15,37.80945775516653
2006-09-18,38.10532172162905
2006-09-19,37.36305446398707
2006-09-20,36.64448332252587
2006-09-21,37.103288328878705
2006-09-22,36.61602138510434
2006-09-25,36.69464243646688
2006-09-26,36.717201708523014
2006-09-27,37.31171131094934
2006-09-28,37.36578056239302
2006-09-29,37.4890356637449
2006-10-02,36.79778407368276
2006-10-03,35.87799050274012
2006-10-04,36.2386105559478
2006-10-05,36.7953720337424
2006-10-06,37.02196076778013
2006-10-09,37.678494780920005
2006-10-10,37.34549997609666
2006-10-11,37.37503598923825
2006-10-12,37.640107137385215
2006-10-13,38.065391631553034
2006-10-16,38.91179002362995
2006-10-17,38.540284309779565
2006-10-18,38.001583067803494
2006-10-19,38.505598042697656
2006-10-20,38.10437277178536
2006-10-23,37.847617787889455
2006-10-24,38.156381248067376
2006-10-25,39.12865351711442
2006-10-26,38.625917175382625
2006-10-27,38.6755347114585
2006-10-30,37.498870674367915
2006-10-31,37.56690112200669
2006-11-01,37.59554077992214
2006-11-02,37.47889344181862
2006-11-03,37.98538651990155
2006-11-06,38.25205433376258
2006-11-07,38.18352894648582
2006-11-08,38.70308207959456
2006-11-09,39.59801228506098
2006-11-10,38.86528862408756
2006-11-13,38.65587458852462
2006-11-14,38.596097752024136
2006-11-15,38.95981553463968
2006-11-16,38.020708497377825
2006-11-17,38.229558217439035
2006-11-20,38.23804570337381
2006-11-21,38.93068078566827
2006-11-22,38.363496174440755
2006-11-24,38.65716843046058
2006-11-27,39.08379371153658
2006-11-28,39.374802945411965
2006-11-29,40.116286950936754
2006-11-30,40.555951308657185
2006-12-01,40.44628338138518
2006-12-04,39.63251462292419
2006-12-05,39.63658270389138
2006-12-06,39.290805343431416
2006-12-07,39.31150064052606
2006-12-08,39.19226443558135
2006-12-11,38.95497527731576
2006-12-12,38.8698611804437
2006-12-13,39.07508354074225
2006-12-14,39.56798790858747
2006-12-15,39.61403029338259
2006-12-18,38.9168232591507
2006-12-19,39.16573856996248
2006-12-20,39.13659300796468
2006-12-21,38.7393585253461
2006-12-22,38.668262635245135
2006-12-26,37.93272222198554
2006-12-27,37.68330465919629
2006-12-28,37.795833491734165
2006-12-29,37.90835293508676
2007-01-03,36.47184014646171
2007-01-04,35.42440623513014
2007-01-05,35.51863020840529
2007-01-08,35.558655422803774
2007-01-09,35.49029252625377
2007-01-10,35.2549948517341
2007-01-11,34.5591081838175
2007-01-12,35.16899416149037
2007-01-16,34.49936917882994
2007-01-17,34.77799928426548
2007-01-18,34.31291986036091
2007-01-19,35.17966140373154
2007-01-22,35.17162472180165
2007-01-23,36.24014401712456
2007-01-24,36.21459903757781
2007-01-25,35.715469406126566
2007-01-26,36.19933749203468
2007-01-29,35.40229711703723
2007-01-30,36.75285641682025
2007-01-31,37.324018157919305
2007-02-01,36.91316588922612
2007-02-02,37.36460303085247
2007-02-05,37.355628938859006
2007-02-06,37.36587400956035
2007-02-07,37.00660807491561
2007-02-08,37.87815341963413
2007-02-09,38.13732531319915
2007-02-12,37.10812031597266
2007-02-13,37.937656013712306
2007-02-14,37.381910475148075
2007-02-15,37.48211132699042
2007-02-16,38.12029531261074
2007-02-20,37.682492171733855
2007-02-21,38.37303409281311
2007-02-22,39.02074245100993
2007-02-23,39.29815122212045
2007-02-26,39.3781917600724
2007-02-27,39.230321468729635
2007-02-28,39.160171774316595
2007-03-01,39.160754310360126
2007-03-02,38.90550766308813
2007-03-05,38.187532254130176
2007-03-06,38.54959356060411
2007-03-07,39.17268029663613
2007-03-08,39.27278312125336
2007-03-09,38.69194357933271
2007-03-12,38.42191728416901
2007-03-13,38.346572695266346
2007-03-14,38.43796090225212
2007-03-15,38.30239023786311
2007-03-16,38.23578506657025
2007-03-19,38.21369970356385
2007-03-20,38.088621123440554
2007-03-21,38.27077428410456
2007-03-22,39.16509369461383
2007-03-23,39.22240017414111
2007-03-26,39.565082505850214
2007-03-27,39.626738659161674
2007-03-28,40.130831720961
2007-03-29,40.851307208145265
2007-03-30,40.847473667427096
2007-04-02,40.76249050300394
2007-04-03,40.33895884916033
2007-04-04,40.653614903166755
2007-04-05,40.72656864461707
2007-04-09,40.07361269397473
2007-04-10,40.713675128371406
2007-04-11,40.91137726301311
2007-04-12,41.50077607660554
2007-04-13,41.68448468796274
2007-04-16,41.1633228191884
2007-04-17,40.75908350383312
2007-04-18,40.70640506434311
2007-04-19,40.45572185804061
2007-04-20,40.74672134139198
2007-04-23,41.456369005319104
2007-04-24,40.92832778686279
2007-04-25,41.55507325630985
2007-04-26,41.08985493896966
2007-04-27,41.65899816456297
2007-04-30,41.37607140128065
2007-05-01,41.07048957702535
2007-05-02,40.73789293132597
2007-05-03,40.80556770719437
2007-05-04,40.60815586920797
2007-05-07,39.88496260911853
2007-05-08,39.93347654080484
2007-05-09,39.656764175244064
2007-05-10,40.5274677525582
2007-05-11,41.1609744212473
2007-05-14,40.94789463623952
2007-05-15,41.30150196225808
2007-05-16,41.06401815887256
2007-05-17,41.71922742322875
2007-05-18,41.612507259535995
2007-05-21,42.073273217721955
2007-05-22,41.372063875390026
2007-05-23,41.47019944164777
2007-05-24,41.08719280103094
2007-05-25,41.45639969142757
2007-05-29,40.558315848899326
2007-05-30,40.75146472310965
2007-05-31,41.01693719069053
2007-06-01,41.46105205387946
2007-06-04,42.11167586516524
2007-06-05,41.86380496089274
2007-06-06,41.82508866737059
2007-06-07,42.0416919485579
2007-06-08,41.05405318918969
2007-06-11,41.75687284828473
2007-06-12,41.59008087053039
2007-06-13,42.137756367172784
2007-06-14,42.90669828227256
2007-06-15,43.17724692697429
2007-06-18,43.38766566811358
2007-06-19,42.97952943597627
2007-06-20,42.73955339984371
2007-06-21,42.612837946635175
2007-06-22,42.579339153819205
2007-06-25,42.500547032102425
2007-06-26,41.909575778135185
2007-06-27,42.26806400876061
2007-06-28,42.287709267175075
2007-06-29,42.60261604176188
2007-07-02,42.85218270504711
2007-07-03,42.939740860096514
2007-07-05,43.27985699956381
2007-07-06,43.59992186268319
2007-07-09,43.53331057768755
2007-07-10,43.945655846265105
2007-07-11,43.865976716142704
2007-07-12,43.94739286180759
2007-07-13,44.37100910844477
2007-07-16,43.89601676810962
2007-07-17,43.65265762752726
2007-07-18,44.39055432570818
2007-07-19,44.81149776127266
2007-07-20,44.67260520936362
2007-07-23,44.009626438262
2007-07-24,43.49990751701431
2007-07-25,44.03138163414217
2007-07-26,43.741931822815594
2007-07-27,44.36302708518581
2007-07-30,44.39130210071962
2007-07-31,44.90789068305449
2007-08-01,44.29726772303232
2007-08-02,44.28985603415443
2007-08-03,43.7967867121201
2007-08-06,42.569187455377985
2007-08-07,42.75938583533697
2007-08-08,42.71459931621998
2007-08-09,42.59671454019491
2007-08-10,42.624165741486344
2007-08-13,42.76647973068899
2007-08-14,42.907045831866455
2007-08-15,43.241645061033566
2007-08-16,41.93430489140351
2007-08-17,42.55256517425711
2007-08-20,41.83261919704342
2007-08-21,41.35111045790755
2007-08-22,41.36466859790134
2007-08-23,41.7558050299853
2007-08-24,42.21303393801481
2007-08-27,42.31965213225761
2007-08-28,42.24183962654205
2007-08-29,42.827757910596645
2007-08-30,42.88476268090514
2007-08-31,43.08180935533889
2007-09-04,43.5998052946713
2007-09-05,43.822043543125055
2007-09-06,44.02600431828165
2007-09-07,44.13341093888798
2007-09-10,44.629568745188294
2007-09-11,45.15266244185481
2007-09-12,45.89574594539481
2007-09-13,45.83089849853068
2007-09-14,45.76344350502149
2007-09-17,46.35774239256943
2007-09-18,46.63027480330042
2007-09-19,46.88800517138037
2007-09-20,47.26571218128764
2007-09-21,47.34777729727555
2007-09-24,47.30028460569473
2007-09-25,46.72592767996617
2007-09-26,46.914935935853975
2007-09-27,47.943746518803664
2007-09-28,47.47634964281869
2007-10-01,47.00549999302913
2007-10-02,46.760698895026664
2007-10-03,46.75583203323484
2007-10-04,47.2429558758624
2007-10-05,47.07466115585789
2007-10-08,45.94504316073045
2007-10-09,46.4582265179531
2007-10-10,47.046989044240625
2007-10-11,47.782597523905416
2007-10-12,47.85939569433041
2007-10-15,48.81481242302737
2007-10-16,49.19660363003395
2007-10-17,49.05001564124662
2007-10-18,49.73331860506629
2007-10-19,49.34253974703021
2007-10-22,48.88314545039283
2007-10-23,48.53933980642126
2007-10-24,49.030550954292565
2007-10-25,50.3132670456196
2007-10-26,50.88345808777531
2007-10-29,51.669952903992005
2007-10-30,50.54073748305202
2007-10-31,52.06389863922792
2007-11-01,51.64101685577032
2007-11-02,52.52903260511461
2007-11-05,51.752608874477254
2007-11-06,52.85425364193246
2007-11-07,52.65550572692287
2007-11-08,52.45676431577939
2007-11-09,52.74183204119354
2007-11-12,52.02805024725287
2007-11-13,50.82793995336638
2007-11-14,51.86254395803124
2007-11-15,51.40505260340253
2007-11-16,52.05312388399587
2007-11-19,52.051574683880276
2007-11-20,53.29356193857138
2007-11-21,53.0766219149227
2007-11-23,53.639465471864774
2007-11-26,53.45899579591457
2007-11-27,52.25655555631776
2007-11-28,51.009041463344225
2007-11-29,51.14557567038412
2007-11-30,50.18033361258633
2007-12-03,50.251770181182096
2007-12-04,50.0688265923129
2007-12-05,49.7808529043279
2007-12-06,50.67352272476641
2007-12-07,50.20672294056524
2007-12-10,50.02554010865001
2007-12-11,50.72368466733961
2007-12-12,52.5397804715973
2007-12-13,51.79869495984568
2007-12-14,51.59578709579509
2007-12-17,51.330402924450816
2007-12-18,50.95741538555636
2007-12-19,51.545185547769265
2007-12-20,51.376156717635595
2007-12-21,52.169553778154174
2007-12-24,52.291232579966184
2007-12-26,53.03335447351651
2007-12-27,53.28950035030534
2007-12-28,52.94950009126311
2007-12-31,52.94271824039544
2008-01-02,54.65999984741211
2008-01-03,54.65999984741211
2008-01-04,54.29999923706055
2008-01-07,52.68000030517578
2008-01-08,53.70000076293945
2008-01-09,53.5
2008-01-10,52.7599983215332
2008-01-11,52.650001525878906
2008-01-14,53.36000061035156
2008-01-15,52.38999938964844
2008-01-16,51.349998474121094
2008-01-17,51.099998474121094
2008-01-18,51.45000076293945
2008-01-22,50.470001220703125
2008-01-23,49.86000061035156
2008-01-24,50.72999954223633
2008-01-25,51.790000915527344
2008-01-28,52.2599983215332
2008-01-29,52.5099983215332
2008-01-30,52.5099983215332
2008-01-31,52.5
2008-02-01,51.52000045776367
2008-02-04,52.0
2008-02-05,51.43000030517578
2008-02-06,51.2400016784668
2008-02-07,51.63999938964844
2008-02-08,53.619998931884766
2008-02-11,54.130001068115234
2008-02-12,53.5
2008-02-13,53.779998779296875
2008-02-14,54.849998474121094
2008-02-15,55.0
2008-02-19,56.54999923706055
2008-02-20,56.650001525878906
2008-02-21,56.290000915527344
2008-02-22,56.91999816894531
2008-02-25,57.5099983215332
2008-02-26,58.97999954223633
2008-02-27,57.970001220703125
2008-02-28,59.15999984741211
2008-02-29,58.40999984741211
2008-03-03,59.189998626708984
2008-03-04,57.77000045776367
2008-03-05,59.5099983215332
2008-03-06,60.099998474121094
2008-03-07,59.5
2008-03-10,60.54999923706055
2008-03-11,61.29999923706055
2008-03-12,61.4900016784668
2008-03-13,62.0
2008-03-14,61.68000030517578
2008-03-17,58.5
2008-03-18,60.13999938964844
2008-03-19,56.119998931884766
2008-03-20,56.2599983215332
2008-03-24,56.939998626708984
2008-03-25,58.029998779296875
2008-03-26,59.29999923706055
2008-03-27,60.63999938964844
2008-03-28,59.2599983215332
2008-03-31,57.86000061035156
2008-04-01,56.880001068115234
2008-04-02,58.4900016784668
2008-04-03,58.459999084472656
2008-04-04,59.66999816894531
2008-04-07,60.59000015258789
2008-04-08,60.279998779296875
2008-04-09,61.650001525878906
2008-04-10,61.40999984741211
2008-04-11,61.15999984741211
2008-04-14,61.970001220703125
2008-04-15,62.880001068115234
2008-04-16,64.11000061035156
2008-04-17,63.63999938964844
2008-04-18,64.12999725341797
2008-04-21,63.709999084472656
2008-04-22,64.73999786376953
2008-04-23,64.69999694824219
2008-04-24,63.310001373291016
2008-04-25,64.30999755859375
2008-04-28,64.77999877929688
2008-04-29,63.029998779296875
2008-04-30,62.599998474121094
2008-05-01,61.529998779296875
2008-05-02,63.08000183105469
2008-05-05,64.79000091552734
2008-05-06,65.80000305175781
2008-05-07,66.5
2008-05-08,67.04000091552734
2008-05-09,67.68000030517578
2008-05-12,66.95999908447266
2008-05-13,67.76000213623047
2008-05-14,66.9800033569336
2008-05-15,66.95999908447266
2008-05-16,67.95999908447266
2008-05-19,67.87999725341797
2008-05-20,68.76000213623047
2008-05-21,70.75
2008-05-22,69.69999694824219
2008-05-23,69.9000015258789
2008-05-27,68.55000305175781
2008-05-28,69.5
2008-05-29,67.31999969482422
2008-05-30,67.9000015258789
2008-06-02,68.2300033569336
2008-06-03,67.0199966430664
2008-06-04,66.11000061035156
2008-06-05,68.5999984741211
2008-06-06,72.68000030517578
2008-06-09,71.05000305175781
2008-06-10,70.2699966430664
2008-06-11,72.30000305175781
2008-06-12,72.87999725341797
2008-06-13,72.0
2008-06-16,72.04000091552734
2008-06-17,72.16999816894531
2008-06-18,73.27999877929688
2008-06-19,71.33999633789062
2008-06-20,72.19999694824219
2008-06-23,72.98999786376953
2008-06-24,72.95999908447266
2008-06-25,71.94000244140625
2008-06-26,74.51000213623047
2008-06-27,74.7300033569336
2008-06-30,74.91000366210938
2008-07-01,74.94999694824219
2008-07-02,76.37999725341797
2008-07-03,76.3499984741211
2008-07-07,74.56999969482422
2008-07-08,72.0
2008-07-09,71.55000305175781
2008-07-10,73.91000366210938
2008-07-11,75.31999969482422
2008-07-14,75.05000305175781
2008-07-15,72.41999816894531
2008-07-16,71.05000305175781
2008-07-17,68.58999633789062
2008-07-18,67.80000305175781
2008-07-21,68.77999877929688
2008-07-22,67.0
2008-07-23,65.37000274658203
2008-07-24,65.4000015258789
2008-07-25,64.94999694824219
2008-07-28,65.2699966430664
2008-07-29,64.05000305175781
2008-07-30,65.5199966430664
2008-07-31,64.93000030517578
2008-08-01,65.01000213623047
2008-08-04,62.95000076293945
2008-08-05,61.5
2008-08-06,61.11000061035156
2008-08-07,61.470001220703125
2008-08-08,59.02000045776367
2008-08-11,59.08000183105469
2008-08-12,58.2400016784668
2008-08-13,60.529998779296875
2008-08-14,59.790000915527344
2008-08-15,58.619998931884766
2008-08-18,58.45000076293945
2008-08-19,60.13999938964844
2008-08-20,60.619998931884766
2008-08-21,63.72999954223633
2008-08-22,60.27000045776367
2008-08-25,60.18000030517578
2008-08-26,60.5099983215332
2008-08-27,61.33000183105469
2008-08-28,60.20000076293945
2008-08-29,60.06999969482422
2008-09-02,57.63999938964844
2008-09-03,57.220001220703125
2008-09-04,56.220001220703125
2008-09-05,55.27000045776367
2008-09-08,55.27000045776367
2008-09-09,54.04999923706055
2008-09-10,54.38999938964844
2008-09-11,53.560001373291016
2008-09-12,53.95000076293945
2008-09-15,51.68000030517578
2008-09-16,50.7400016784668
2008-09-17,52.470001220703125
2008-09-18,52.630001068115234
2008-09-19,54.5
2008-09-22,57.25
2008-09-23,56.41999816894531
2008-09-24,55.77000045776367
2008-09-25,56.54999923706055
2008-09-26,55.7599983215332
2008-09-29,50.59000015258789
2008-09-30,53.79999923706055
2008-10-01,52.22999954223633
2008-10-02,49.279998779296875
2008-10-03,48.900001525878906
2008-10-06,45.9900016784668
2008-10-07,46.369998931884766
2008-10-08,46.380001068115234
2008-10-09,43.9900016784668
2008-10-10,42.95000076293945
2008-10-13,43.779998779296875
2008-10-14,43.5
2008-10-15,40.86000061035156
2008-10-16,40.02000045776367
2008-10-17,40.09000015258789
2008-10-20,41.31999969482422
2008-10-21,40.060001373291016
2008-10-22,37.720001220703125
2008-10-23,38.349998474121094
2008-10-24,36.540000915527344
2008-10-27,35.540000915527344
2008-10-28,36.279998779296875
2008-10-29,38.189998626708984
2008-10-30,37.41999816894531
2008-10-31,37.84000015258789
2008-11-03,37.0099983215332
2008-11-04,39.83000183105469
2008-11-05,37.63999938964844
2008-11-06,35.81999969482422
2008-11-07,35.65999984741211
2008-11-10,36.29999923706055
2008-11-11,34.70000076293945
2008-11-12,33.459999084472656
2008-11-13,34.38999938964844
2008-11-14,33.349998474121094
2008-11-17,33.18000030517578
2008-11-18,32.40999984741211
2008-11-19,32.290000915527344
2008-11-20,30.11000061035156
2008-11-21,30.979999542236328
2008-11-24,33.279998779296875
2008-11-25,31.520000457763672
2008-11-26,33.599998474121094
2008-11-28,32.209999084472656
2008-12-01,30.739999771118164
2008-12-02,30.010000228881836
2008-12-03,29.479999542236328
2008-12-04,27.8700008392334
2008-12-05,27.260000228881836
2008-12-08,28.670000076293945
2008-12-09,27.959999084472656
2008-12-10,28.420000076293945
2008-12-11,29.510000228881836
2008-12-12,29.479999542236328
2008-12-15,29.059999465942383
2008-12-16,29.1299991607666
2008-12-17,28.63999938964844
2008-12-18,27.31999969482422
2008-12-19,27.510000228881836
2008-12-22,26.690000534057617
2008-12-23,26.670000076293945
2008-12-24,26.09000015258789
2008-12-26,26.149999618530273
2008-12-29,26.65999984741211
2008-12-30,26.799999237060547
2008-12-31,28.61000061035156
2009-01-02,29.61000061035156
2009-01-05,30.6299991607666
2009-01-06,31.200000762939453
2009-01-07,29.020000457763672
2009-01-08,28.6200008392334
2009-01-09,28.3700008392334
2009-01-12,27.030000686645508
2009-01-13,27.6299991607666
2009-01-14,27.200000762939453
2009-01-15,26.1299991607666
2009-01-16,26.61000061035156
2009-01-20,25.700000762939453
2009-01-21,26.13999938964844
2009-01-22,25.959999084472656
2009-01-23,26.729999542236328
2009-01-26,27.049999237060547
2009-01-27,26.309999465942383
2009-01-28,26.290000915527344
2009-01-29,26.420000076293945
2009-01-30,25.649999618530273
2009-02-02,25.81999969482422
2009-02-03,25.850000381469727
2009-02-04,25.6200008392334
2009-02-05,25.8700008392334
2009-02-06,25.770000457763672
2009-02-09,25.649999618530273
2009-02-10,25.200000762939453
2009-02-11,24.530000686645508
2009-02-12,24.729999542236328
2009-02-13,24.010000228881836
2009-02-17,22.34000015258789
2009-02-18,22.09000015258789
2009-02-19,22.59000015258789
2009-02-20,22.399999618530273
2009-02-23,22.100000381469727
2009-02-24,22.780000686645508
2009-02-25,23.559999465942383
2009-02-26,24.190000534057617
2009-02-27,24.079999923706055
2009-03-02,22.479999542236328
2009-03-03,22.93000030517578
2009-03-04,24.030000686645508
2009-03-05,23.68000030517578
2009-03-06,24.170000076293945
2009-03-09,24.31999969482422
2009-03-10,24.100000381469727
2009-03-11,23.100000381469727
2009-03-12,24.38999938964844
2009-03-13,24.049999237060547
2009-03-16,24.36000061035156
2009-03-17,25.010000228881836
2009-03-18,25.270000457763672
2009-03-19,25.979999542236328
2009-03-20,26.38999938964844
2009-03-23,27.09000015258789
2009-03-24,26.829999923706055
2009-03-25,26.38999938964844
2009-03-26,26.700000762939453
2009-03-27,25.940000534057617
2009-03-30,24.790000915527344
2009-03-31,25.18000030517578
2009-04-01,24.86000061035156
2009-04-02,26.239999771118164
2009-04-03,26.239999771118164
2009-04-06,26.0
2009-04-07,25.43000030517578
2009-04-08,25.510000228881836
2009-04-09,26.399999618530273
2009-04-13,25.88999938964844
2009-04-14,25.600000381469727
2009-04-15,25.920000076293945
2009-04-16,26.100000381469727
2009-04-17,25.84000015258789
2009-04-20,24.299999237060547
2009-04-21,24.489999771118164
2009-04-22,24.270000457763672
2009-04-23,24.65999984741211
2009-04-24,25.1299991607666
2009-04-27,24.399999618530273
2009-04-28,24.31999969482422
2009-04-29,24.899999618530273
2009-04-30,24.790000915527344
2009-05-01,25.81999969482422
2009-05-04,26.43000030517578
2009-05-05,26.239999771118164
2009-05-06,27.100000381469727
2009-05-07,27.309999465942383
2009-05-08,28.100000381469727
2009-05-11,28.049999237060547
2009-05-12,28.09000015258789
2009-05-13,27.68000030517578
2009-05-14,27.790000915527344
2009-05-15,26.88999938964844
2009-05-18,27.979999542236328
2009-05-19,27.959999084472656
2009-05-20,28.5
2009-05-21,28.170000076293945
2009-05-22,28.440000534057617
2009-05-26,28.479999542236328
2009-05-27,28.700000762939453
2009-05-28,29.420000076293945
2009-05-29,30.1200008392334
2009-06-01,31.020000457763672
2009-06-02,31.0
2009-06-03,29.719999313354492
2009-06-04,30.920000076293945
2009-06-05,30.5
2009-06-08,30.549999237060547
2009-06-09,31.049999237060547
2009-06-10,31.25
2009-06-11,32.029998779296875
2009-06-12,31.520000457763672
2009-06-15,30.950000762939453
2009-06-16,30.8799991607666
2009-06-17,30.950000762939453
2009-06-18,31.059999465942383
2009-06-19,30.450000762939453
2009-06-22,29.25
2009-06-23,29.8700008392334
2009-06-24,29.809999465942383
2009-06-25,30.440000534057617
2009-06-26,30.1299991607666
2009-06-29,30.510000228881836
2009-06-30,30.049999237060547
2009-07-01,29.670000076293945
2009-07-02,28.84000015258789
2009-07-06,28.100000381469727
2009-07-07,27.579999923706055
2009-07-08,26.799999237060547
2009-07-09,27.09000015258789
2009-07-10,26.690000534057617
2009-07-13,26.8700008392334
2009-07-14,26.940000534057617
2009-07-15,27.579999923706055
2009-07-16,27.81999969482422
2009-07-17,28.18000030517578
2009-07-20,28.770000457763672
2009-07-21,28.829999923706055
2009-07-22,28.760000228881836
2009-07-23,29.34000015258789
2009-07-24,29.709999084472656
2009-07-27,29.809999465942383
2009-07-28,29.510000228881836
2009-07-29,28.1299991607666
2009-07-30,29.3700008392334
2009-07-31,30.270000457763672
2009-08-03,30.989999771118164
2009-08-04,31.260000228881836
2009-08-05,31.5
2009-08-06,31.06999969482422
2009-08-07,30.809999465942383
2009-08-10,30.93000030517578
2009-08-11,30.25
2009-08-12,30.649999618530273
2009-08-13,30.940000534057617
2009-08-14,30.0
2009-08-17,29.15999984741211
2009-08-18,29.81999969482422
2009-08-19,30.600000381469727
2009-08-20,30.25
2009-08-21,30.6299991607666
2009-08-24,31.979999542236328
2009-08-25,30.520000457763672
2009-08-26,30.510000228881836
2009-08-27,30.25
2009-08-28,30.899999618530273
2009-08-31,30.399999618530273
2009-09-01,29.760000228881836
2009-09-02,29.299999237060547
2009-09-03,28.31999969482422
2009-09-04,28.56999969482422
2009-09-08,29.36000061035156
2009-09-09,29.86000061035156
2009-09-10,30.200000762939453
2009-09-11,29.709999084472656
2009-09-14,30.1200008392334
2009-09-15,30.149999618530273
2009-09-16,30.18000030517578
2009-09-17,29.8700008392334
2009-09-18,29.920000076293945
2009-09-21,29.40999984741211
2009-09-22,30.1200008392334
2009-09-23,30.0
2009-09-24,29.309999465942383
2009-09-25,29.25
2009-09-28,28.739999771118164
2009-09-29,28.6200008392334
2009-09-30,29.68000030517578
2009-10-01,30.149999618530273
2009-10-02,29.06999969482422
2009-10-05,29.420000076293945
2009-10-06,30.219999313354492
2009-10-07,29.600000381469727
2009-10-08,30.510000228881836
2009-10-09,30.31999969482422
2009-10-12,30.940000534057617
2009-10-13,31.06999969482422
2009-10-14,31.450000762939453
2009-10-15,31.940000534057617
2009-10-16,32.54999923706055
2009-10-19,32.7400016784668
2009-10-20,32.68000030517578
2009-10-21,33.38999938964844
2009-10-22,33.2400016784668
2009-10-23,32.869998931884766
2009-10-26,32.0
2009-10-27,32.119998931884766
2009-10-28,31.260000228881836
2009-10-29,32.20000076293945
2009-10-30,31.11000061035156
2009-11-02,31.459999084472656
2009-11-03,32.18000030517578
2009-11-04,32.279998779296875
2009-11-05,32.16999816894531
2009-11-06,31.450000762939453
2009-11-09,32.20000076293945
2009-11-10,31.969999313354492
2009-11-11,32.290000915527344
2009-11-12,31.56999969482422
2009-11-13,31.239999771118164
2009-11-16,32.22999954223633
2009-11-17,32.63999938964844
2009-11-18,32.52000045776367
2009-11-19,32.060001373291016
2009-11-20,31.809999465942383
2009-11-23,31.88999938964844
2009-11-24,31.260000228881836
2009-11-25,31.809999465942383
2009-11-27,31.15999984741211
2009-11-30,31.510000228881836
2009-12-01,31.8799991607666
2009-12-02,31.68000030517578
2009-12-03,31.489999771118164
2009-12-04,31.299999237060547
2009-12-07,31.09000015258789
2009-12-08,30.3700008392334
2009-12-09,29.690000534057617
2009-12-10,29.65999984741211
2009-12-11,29.65999984741211
2009-12-14,29.829999923706055
2009-12-15,30.040000915527344
2009-12-16,30.579999923706055
2009-12-17,30.1299991607666
2009-12-18,30.239999771118164
2009-12-21,30.1200008392334
2009-12-22,30.149999618530273
2009-12-23,30.950000762939453
2009-12-24,31.1200008392334
2009-12-28,31.489999771118164
2009-12-29,31.690000534057617
2009-12-30,31.690000534057617
2009-12-31,31.81999969482422
2010-01-04,
2010-01-05,
2010-01-06,
2010-01-07,
2010-01-08,
2010-01-11,
2010-01-12,
2010-01-13,
2010-01-14,
2010-01-15,
2010-01-19,
2010-01-20,
2010-01-21,
2010-01-22,
2010-01-25,
2010-01-26,
2010-01-27,
2010-01-28,
2010-01-29,
2010-02-01,
2010-02-02,
2010-02-03,
2010-02-04,
2010-02-05,
2010-02-08,
2010-02-09,
2010-02-10,
2010-02-11,
2010-02-12,
2010-02-16,
2010-02-17,
2010-02-18,
2010-02-19,
2010-02-22,
2010-02-23,
2010-02-24,
2010-02-25,
2010-02-26,
2010-03-01,
2010-03-02,
2010-03-03,
2010-03-04,
2010-03-05,
2010-03-08,
2010-03-09,
2010-03-10,
2010-03-11,
2010-03-12,
2010-03-15,
2010-03-16,
2010-03-17,
2010-03-18,
2010-03-19,
2010-03-22,
2010-03-23,
2010-03-24,
2010-03-25,
2010-03-26,
2010-03-29,
2010-03-30,
2010-03-31,
2010-04-01,
2010-04-05,32.380001068115234
2010-04-06,32.31999969482422
2010-04-07,32.22999954223633
2010-04-08,32.02000045776367
2010-04-09,32.0099983215332
2010-04-12,31.84000015258789
2010-04-13,31.969999313354492
2010-04-14,32.45000076293945
2010-04-15,32.61000061035156
2010-04-16,31.989999771118164
2010-04-19,31.6200008392334
2010-04-20,31.68000030517578
2010-04-21,31.760000228881836
2010-04-22,31.770000457763672
2010-04-23,32.15999984741211
2010-04-26,31.979999542236328
2010-04-27,31.290000915527344
2010-04-28,31.549999237060547
2010-04-29,31.90999984741211
2010-04-30,32.13999938964844
2010-05-03,32.33000183105469
2010-05-04,31.309999465942383
2010-05-05,30.479999542236328
2010-05-06,29.270000457763672
2010-05-07,29.18000030517578
2010-05-10,29.770000457763672
2010-05-11,29.63999938964844
2010-05-12,29.950000762939453
2010-05-13,29.600000381469727
2010-05-14,28.559999465942383
2010-05-17,27.799999237060547
2010-05-18,27.649999618530273
2010-05-19,27.489999771118164
2010-05-20,26.649999618530273
2010-05-21,26.950000762939453
2010-05-24,26.8700008392334
2010-05-25,26.530000686645508
2010-05-26,26.86000061035156
2010-05-27,27.8700008392334
2010-05-28,27.770000457763672
2010-06-01,27.190000534057617
2010-06-02,27.59000015258789
2010-06-03,27.799999237060547
2010-06-04,26.979999542236328
2010-06-07,26.940000534057617
2010-06-08,27.15999984741211
2010-06-09,27.5
2010-06-10,28.11000061035156
2010-06-11,27.850000381469727
2010-06-14,28.18000030517578
2010-06-15,28.649999618530273
2010-06-16,29.040000915527344
2010-06-17,28.770000457763672
2010-06-18,28.8799991607666
2010-06-21,28.940000534057617
2010-06-22,28.690000534057617
2010-06-23,28.280000686645508
2010-06-24,28.420000076293945
2010-06-25,29.11000061035156
2010-06-28,28.579999923706055
2010-06-29,27.8700008392334
2010-06-30,27.790000915527344
2010-07-01,27.40999984741211
2010-07-02,27.059999465942383
2010-07-06,27.290000915527344
2010-07-07,27.920000076293945
2010-07-08,28.190000534057617
2010-07-09,28.399999618530273
2010-07-12,27.959999084472656
2010-07-13,28.56999969482422
2010-07-14,28.56999969482422
2010-07-15,28.59000015258789
2010-07-16,28.200000762939453
2010-07-19,28.25
2010-07-20,28.43000030517578
2010-07-21,28.25
2010-07-22,28.969999313354492
2010-07-23,29.049999237060547
2010-07-26,28.93000030517578
2010-07-27,28.549999237060547
2010-07-28,28.6299991607666
2010-07-29,29.059999465942383
2010-07-30,29.38999938964844
2010-08-02,30.0
2010-08-03,30.290000915527344
2010-08-04,30.510000228881836
2010-08-05,30.420000076293945
2010-08-06,30.030000686645508
2010-08-09,30.049999237060547
2010-08-10,29.700000762939453
2010-08-11,29.0
2010-08-12,28.75
2010-08-13,28.469999313354492
2010-08-16,28.3700008392334
2010-08-17,28.739999771118164
2010-08-18,28.690000534057617
2010-08-19,28.38999938964844
2010-08-20,28.260000228881836
2010-08-23,27.93000030517578
2010-08-24,27.43000030517578
2010-08-25,27.799999237060547
2010-08-26,27.940000534057617
2010-08-27,28.649999618530273
2010-08-30,28.239999771118164
2010-08-31,27.780000686645508
2010-09-01,28.280000686645508
2010-09-02,28.579999923706055
2010-09-03,28.709999084472656
2010-09-07,28.75
2010-09-08,28.780000686645508
2010-09-09,28.68000030517578
2010-09-10,29.059999465942383
2010-09-13,29.399999618530273
2010-09-14,29.3700008392334
2010-09-15,29.229999542236328
2010-09-16,29.06999969482422
2010-09-17,29.030000686645508
2010-09-20,29.190000534057617
2010-09-21,28.88999938964844
2010-09-22,28.920000076293945
2010-09-23,28.959999084472656
2010-09-24,29.459999084472656
2010-09-27,29.31999969482422
2010-09-28,29.299999237060547
2010-09-29,29.670000076293945
2010-09-30,30.010000228881836
2010-10-01,30.420000076293945
2010-10-04,30.200000762939453
2010-10-05,30.719999313354492
2010-10-06,30.850000381469727
2010-10-07,30.440000534057617
2010-10-08,31.200000762939453
2010-10-11,31.059999465942383
2010-10-12,31.1299991607666
2010-10-13,31.3700008392334
2010-10-14,31.31999969482422
2010-10-15,30.88999938964844
2010-10-18,30.920000076293945
2010-10-19,30.239999771118164
2010-10-20,30.8799991607666
2010-10-21,30.540000915527344
2010-10-22,30.829999923706055
2010-10-25,30.88999938964844
2010-10-26,31.100000381469727
2010-10-27,30.8799991607666
2010-10-28,30.989999771118164
2010-10-29,30.8799991607666
2010-11-01,31.1200008392334
2010-11-02,31.489999771118164
2010-11-03,31.690000534057617
2010-11-04,32.540000915527344
2010-11-05,32.59000015258789
2010-11-08,32.72999954223633
2010-11-09,32.47999954223633
2010-11-10,32.900001525878906
2010-11-11,32.810001373291016
2010-11-12,31.65999984741211
2010-11-15,31.649999618530273
2010-11-16,30.709999084472656
2010-11-17,30.399999618530273
2010-11-18,31.13999938964844
2010-11-19,30.700000762939453
2010-11-22,30.540000915527344
2010-11-23,30.6200008392334
2010-11-24,31.280000686645508
2010-11-26,31.13999938964844
2010-11-29,31.65999984741211
2010-11-30,31.260000228881836
2010-12-01,32.220001220703125
2010-12-02,32.54999923706055
2010-12-03,33.06999969482422
2010-12-06,32.9900016784668
2010-12-07,32.709999084472656
2010-12-08,32.91999816894531
2010-12-09,32.849998474121094
2010-12-10,32.779998779296875
2010-12-13,33.06999969482422
2010-12-14,33.0099983215332
2010-12-15,32.959999084472656
2010-12-16,32.869998931884766
2010-12-17,33.0099983215332
2010-12-20,33.349998474121094
2010-12-21,33.58000183105469
2010-12-22,33.779998779296875
2010-12-23,33.90999984741211
2010-12-27,33.84000015258789
2010-12-28,34.040000915527344
2010-12-29,33.95000076293945
2010-12-30,33.470001220703125
2010-12-31,34.099998474121094
2011-01-03,34.34000015258789
2011-01-04,33.630001068115234
2011-01-05,34.040000915527344
2011-01-06,33.54999923706055
2011-01-07,33.349998474121094
2011-01-10,33.779998779296875
2011-01-11,34.29999923706055
2011-01-12,34.58000183105469
2011-01-13,34.349998474121094
2011-01-14,34.619998931884766
2011-01-18,34.52000045776367
2011-01-19,34.45000076293945
2011-01-20,34.060001373291016
2011-01-21,34.279998779296875
2011-01-24,33.9900016784668
2011-01-25,33.5099983215332
2011-01-26,34.25
2011-01-27,33.83000183105469
2011-01-28,34.470001220703125
2011-01-31,35.15999984741211
2011-02-01,35.16999816894531
2011-02-02,35.43000030517578
2011-02-03,35.189998626708984
2011-02-04,34.81999969482422
2011-02-07,34.540000915527344
2011-02-08,34.70000076293945
2011-02-09,34.93000030517578
2011-02-10,34.810001373291016
2011-02-11,34.54999923706055
2011-02-14,34.689998626708984
2011-02-15,34.33000183105469
2011-02-16,34.619998931884766
2011-02-17,34.880001068115234
2011-02-18,34.7599983215332
2011-02-22,35.2599983215332
2011-02-23,36.150001525878906
2011-02-24,35.599998474121094
2011-02-25,36.220001220703125
2011-02-28,36.09000015258789
2011-03-01,36.970001220703125
2011-03-02,37.29999923706055
2011-03-03,37.27000045776367
2011-03-04,37.849998474121094
2011-03-07,37.56999969482422
2011-03-08,37.22999954223633
2011-03-09,37.310001373291016
2011-03-10,36.849998474121094
2011-03-11,36.439998626708984
2011-03-14,36.5
2011-03-15,35.16999816894531
2011-03-16,35.43000030517578
2011-03-17,36.4900016784668
2011-03-18,36.599998474121094
2011-03-21,36.560001373291016
2011-03-22,36.959999084472656
2011-03-23,37.040000915527344
2011-03-24,37.04999923706055
2011-03-25,37.130001068115234
2011-03-28,36.65999984741211
2011-03-29,36.84000015258789
2011-03-30,36.7400016784668
2011-03-31,37.349998474121094
2011-04-01,37.77000045776367
2011-04-04,38.13999938964844
2011-04-05,38.09000015258789
2011-04-06,38.18000030517578
2011-04-07,38.459999084472656
2011-04-08,39.34000015258789
2011-04-11,38.5099983215332
2011-04-12,37.59000015258789
2011-04-13,37.93000030517578
2011-04-14,38.029998779296875
2011-04-15,38.27000045776367
2011-04-18,37.88999938964844
2011-04-19,37.83000183105469
2011-04-20,38.5099983215332
2011-04-21,38.75
2011-04-25,38.66999816894531
2011-04-26,38.68000030517578
2011-04-27,38.849998474121094
2011-04-28,38.54999923706055
2011-04-29,38.939998626708984
2011-05-02,38.63999938964844
2011-05-03,38.20000076293945
2011-05-04,37.5099983215332
2011-05-05,34.86000061035156
2011-05-06,34.58000183105469
2011-05-09,36.06999969482422
2011-05-10,36.31999969482422
2011-05-11,35.08000183105469
2011-05-12,35.0099983215332
2011-05-13,35.060001373291016
2011-05-16,34.52000045776367
2011-05-17,34.720001220703125
2011-05-18,35.5
2011-05-19,35.20000076293945
2011-05-20,35.40999984741211
2011-05-23,34.66999816894531
2011-05-24,35.119998931884766
2011-05-25,35.72999954223633
2011-05-26,35.68000030517578
2011-05-27,35.959999084472656
2011-05-31,36.27000045776367
2011-06-01,35.65999984741211
2011-06-02,35.959999084472656
2011-06-03,36.04999923706055
2011-06-06,35.45000076293945
2011-06-07,35.70000076293945
2011-06-08,36.209999084472656
2011-06-09,36.58000183105469
2011-06-10,35.959999084472656
2011-06-13,35.61000061035156
2011-06-14,35.959999084472656
2011-06-15,34.90999984741211
2011-06-16,34.779998779296875
2011-06-17,34.09000015258789
2011-06-20,34.0
2011-06-21,34.08000183105469
2011-06-22,34.33000183105469
2011-06-23,33.41999816894531
2011-06-24,33.06999969482422
2011-06-27,33.04999923706055
2011-06-28,33.65999984741211
2011-06-29,34.40999984741211
2011-06-30,34.11000061035156
2011-07-01,34.040000915527344
2011-07-05,34.709999084472656
2011-07-06,34.650001525878906
2011-07-07,35.47999954223633
2011-07-08,35.2599983215332
2011-07-11,34.869998931884766
2011-07-12,35.27000045776367
2011-07-13,35.790000915527344
2011-07-14,35.27000045776367
2011-07-15,35.560001373291016
2011-07-18,35.290000915527344
2011-07-19,35.7599983215332
2011-07-20,35.849998474121094
2011-07-21,35.84000015258789
2011-07-22,36.060001373291016
2011-07-25,35.869998931884766
2011-07-26,35.88999938964844
2011-07-27,35.560001373291016
2011-07-28,35.61000061035156
2011-07-29,35.189998626708984
2011-08-01,35.349998474121094
2011-08-02,35.02000045776367
2011-08-03,34.34000015258789
2011-08-04,32.88999938964844
2011-08-05,33.09000015258789
2011-08-08,31.530000686645508
2011-08-09,31.770000457763672
2011-08-10,31.959999084472656
2011-08-11,33.04999923706055
2011-08-12,33.0
2011-08-15,33.45000076293945
2011-08-16,33.41999816894531
2011-08-17,33.59000015258789
2011-08-18,32.41999816894531
2011-08-19,32.86000061035156
2011-08-22,33.0099983215332
2011-08-23,33.56999969482422
2011-08-24,33.18000030517578
2011-08-25,33.33000183105469
2011-08-26,33.619998931884766
2011-08-29,33.91999816894531
2011-08-30,34.52000045776367
2011-08-31,34.59000015258789
2011-09-01,34.189998626708984
2011-09-02,33.84000015258789
2011-09-06,33.7400016784668
2011-09-07,34.33000183105469
2011-09-08,34.16999816894531
2011-09-09,33.599998474121094
2011-09-12,33.689998626708984
2011-09-13,33.709999084472656
2011-09-14,33.47999954223633
2011-09-15,33.77000045776367
2011-09-16,33.400001525878906
2011-09-19,32.7400016784668
2011-09-20,32.75
2011-09-21,32.36000061035156
2011-09-22,30.88999938964844
2011-09-23,30.530000686645508
2011-09-26,30.8799991607666
2011-09-27,31.549999237060547
2011-09-28,30.75
2011-09-29,31.299999237060547
2011-09-30,30.190000534057617
2011-10-03,29.75
2011-10-04,29.760000228881836
2011-10-05,30.290000915527344
2011-10-06,31.079999923706055
2011-10-07,30.850000381469727
2011-10-10,31.709999084472656
2011-10-11,31.850000381469727
2011-10-12,31.93000030517578
2011-10-13,31.90999984741211
2011-10-14,32.720001220703125
2011-10-17,32.290000915527344
2011-10-18,32.79999923706055
2011-10-19,31.979999542236328
2011-10-20,32.130001068115234
2011-10-21,32.400001525878906
2011-10-24,33.16999816894531
2011-10-25,33.20000076293945
2011-10-26,32.790000915527344
2011-10-27,33.70000076293945
2011-10-28,33.47999954223633
2011-10-31,33.290000915527344
2011-11-01,32.880001068115234
2011-11-02,32.81999969482422
2011-11-03,33.439998626708984
2011-11-04,33.540000915527344
2011-11-07,34.029998779296875
2011-11-08,34.27000045776367
2011-11-09,33.599998474121094
2011-11-10,33.810001373291016
2011-11-11,34.16999816894531
2011-11-14,33.83000183105469
2011-11-15,34.150001525878906
2011-11-16,34.130001068115234
2011-11-17,33.380001068115234
2011-11-18,33.150001525878906
2011-11-21,32.90999984741211
2011-11-22,33.130001068115234
2011-11-23,32.630001068115234
2011-11-25,32.38999938964844
2011-11-28,32.86000061035156
2011-11-29,33.41999816894531
2011-11-30,33.790000915527344
2011-12-01,33.63999938964844
2011-12-02,33.52000045776367
2011-12-05,33.41999816894531
2011-12-06,33.7599983215332
2011-12-07,33.40999984741211
2011-12-08,32.88999938964844
2011-12-09,33.060001373291016
2011-12-12,32.599998474121094
2011-12-13,33.04999923706055
2011-12-14,31.719999313354492
2011-12-15,31.43000030517578
2011-12-16,31.6200008392334
2011-12-19,31.61000061035156
2011-12-20,32.43000030517578
2011-12-21,32.810001373291016
2011-12-22,32.90999984741211
2011-12-23,33.029998779296875
2011-12-27,33.40999984741211
2011-12-28,33.08000183105469
2011-12-29,33.13999938964844
2011-12-30,32.97999954223633
2012-01-03,34.15999984741211
2012-01-04,34.31999969482422
2012-01-05,33.79999923706055
2012-01-06,33.95000076293945
2012-01-09,33.9900016784668
2012-01-10,34.25
2012-01-11,34.029998779296875
2012-01-12,33.47999954223633
2012-01-13,33.47999954223633
2012-01-17,33.7599983215332
2012-01-18,33.70000076293945
2012-01-19,33.77000045776367
2012-01-20,33.380001068115234
2012-01-23,33.77000045776367
2012-01-24,33.68000030517578
2012-01-25,33.93000030517578
2012-01-26,34.040000915527344
2012-01-27,34.13999938964844
2012-01-30,33.81999969482422
2012-01-31,33.77000045776367
2012-02-01,33.75
2012-02-02,33.72999954223633
2012-02-03,34.0099983215332
2012-02-06,34.16999816894531
2012-02-07,34.31999969482422
2012-02-08,34.459999084472656
2012-02-09,34.56999969482422
2012-02-10,34.2599983215332
2012-02-13,34.40999984741211
2012-02-14,34.47999954223633
2012-02-15,34.619998931884766
2012-02-16,34.880001068115234
2012-02-17,34.9900016784668
2012-02-21,35.47999954223633
2012-02-22,35.65999984741211
2012-02-23,35.95000076293945
2012-02-24,36.349998474121094
2012-02-27,35.9900016784668
2012-02-28,35.810001373291016
2012-02-29,35.869998931884766
2012-03-01,36.43000030517578
2012-03-02,35.84000015258789
2012-03-05,35.900001525878906
2012-03-06,35.279998779296875
2012-03-07,35.439998626708984
2012-03-08,35.619998931884766
2012-03-09,35.79999923706055
2012-03-12,35.7400016784668
2012-03-13,35.86000061035156
2012-03-14,35.63999938964844
2012-03-15,35.459999084472656
2012-03-16,36.0
2012-03-19,36.06999969482422
2012-03-20,35.52000045776367
2012-03-21,35.68000030517578
2012-03-22,35.279998779296875
2012-03-23,35.66999816894531
2012-03-26,35.810001373291016
2012-03-27,35.72999954223633
2012-03-28,35.349998474121094
2012-03-29,34.75
2012-03-30,34.779998779296875
2012-04-02,35.38999938964844
2012-04-03,35.209999084472656
2012-04-04,34.75
2012-04-05,34.849998474121094
2012-04-09,34.56999969482422
2012-04-10,34.02000045776367
2012-04-11,34.33000183105469
2012-04-12,34.7599983215332
2012-04-13,34.560001373291016
2012-04-16,34.31999969482422
2012-04-17,34.470001220703125
2012-04-18,34.130001068115234
2012-04-19,34.04999923706055
2012-04-20,34.34000015258789
2012-04-23,34.16999816894531
2012-04-24,34.060001373291016
2012-04-25,34.290000915527344
2012-04-26,34.400001525878906
2012-04-27,34.58000183105469
2012-04-30,34.65999984741211
2012-05-01,34.75
2012-05-02,34.31999969482422
2012-05-03,33.79999923706055
2012-05-04,33.08000183105469
2012-05-07,32.900001525878906
2012-05-08,32.779998779296875
2012-05-09,32.59000015258789
2012-05-10,32.52000045776367
2012-05-11,32.279998779296875
2012-05-14,31.8799991607666
2012-05-15,31.8700008392334
2012-05-16,31.790000915527344
2012-05-17,31.68000030517578
2012-05-18,31.59000015258789
2012-05-21,32.0
2012-05-22,31.540000915527344
2012-05-23,31.190000534057617
2012-05-24,31.25
2012-05-25,31.229999542236328
2012-05-29,31.09000015258789
2012-05-30,30.40999984741211
2012-05-31,30.229999542236328
2012-06-01,29.31999969482422
2012-06-04,29.600000381469727
2012-06-05,29.520000457763672
2012-06-06,30.020000457763672
2012-06-07,29.81999969482422
2012-06-08,29.950000762939453
2012-06-11,29.270000457763672
2012-06-12,29.549999237060547
2012-06-13,29.309999465942383
2012-06-14,29.729999542236328
2012-06-15,29.649999618530273
2012-06-18,29.540000915527344
2012-06-19,29.829999923706055
2012-06-20,29.06999969482422
2012-06-21,28.469999313354492
2012-06-22,28.809999465942383
2012-06-25,28.899999618530273
2012-06-26,29.06999969482422
2012-06-27,29.350000381469727
2012-06-28,29.020000457763672
2012-06-29,30.440000534057617
2012-07-02,30.329999923706055
2012-07-03,31.36000061035156
2012-07-05,31.43000030517578
2012-07-06,30.700000762939453
2012-07-09,31.18000030517578
2012-07-10,30.799999237060547
2012-07-11,31.239999771118164
2012-07-12,31.25
2012-07-13,31.59000015258789
2012-07-16,32.099998474121094
2012-07-17,32.09000015258789
2012-07-18,32.59000015258789
2012-07-19,33.34000015258789
2012-07-20,33.189998626708984
2012-07-23,32.34000015258789
2012-07-24,32.20000076293945
2012-07-25,32.34000015258789
2012-07-26,32.36000061035156
2012-07-27,32.779998779296875
2012-07-30,32.810001373291016
2012-07-31,32.22999954223633
2012-08-01,32.459999084472656
2012-08-02,32.09000015258789
2012-08-03,32.9900016784668
2012-08-06,33.09000015258789
2012-08-07,33.41999816894531
2012-08-08,33.54999923706055
2012-08-09,33.720001220703125
2012-08-10,33.529998779296875
2012-08-13,33.29999923706055
2012-08-14,33.459999084472656
2012-08-15,33.7400016784668
2012-08-16,33.95000076293945
2012-08-17,34.11000061035156
2012-08-20,34.16999816894531
2012-08-21,34.45000076293945
2012-08-22,34.61000061035156
2012-08-23,34.31999969482422
2012-08-24,34.09000015258789
2012-08-27,34.04999923706055
2012-08-28,34.119998931884766
2012-08-29,34.09000015258789
2012-08-30,34.09000015258789
2012-08-31,34.540000915527344
2012-09-04,34.45000076293945
2012-09-05,34.279998779296875
2012-09-06,34.220001220703125
2012-09-07,34.63999938964844
2012-09-10,34.63999938964844
2012-09-11,34.7400016784668
2012-09-12,34.75
2012-09-13,34.93000030517578
2012-09-14,35.349998474121094
2012-09-17,34.380001068115234
2012-09-18,34.11000061035156
2012-09-19,33.349998474121094
2012-09-20,33.650001525878906
2012-09-21,33.810001373291016
2012-09-24,33.5
2012-09-25,33.4900016784668
2012-09-26,33.189998626708984
2012-09-27,33.650001525878906
2012-09-28,33.79999923706055
2012-10-01,33.880001068115234
2012-10-02,33.709999084472656
2012-10-03,32.93000030517578
2012-10-04,33.86000061035156
2012-10-05,33.529998779296875
2012-10-08,33.45000076293945
2012-10-09,33.970001220703125
2012-10-10,33.869998931884766
2012-10-11,34.279998779296875
2012-10-12,33.900001525878906
2012-10-15,33.81999969482422
2012-10-16,33.790000915527344
2012-10-17,33.869998931884766
2012-10-18,33.970001220703125
2012-10-19,33.459999084472656
2012-10-22,33.16999816894531
2012-10-23,32.560001373291016
2012-10-24,32.41999816894531
2012-10-25,32.4900016784668
2012-10-26,32.54999923706055
2012-10-31,32.439998626708984
2012-11-01,32.45000076293945
2012-11-02,31.8799991607666
2012-11-05,32.08000183105469
2012-11-06,32.779998779296875
2012-11-07,31.979999542236328
2012-11-08,31.950000762939453
2012-11-09,32.36000061035156
2012-11-12,32.16999816894531
2012-11-13,32.040000915527344
2012-11-14,32.209999084472656
2012-11-15,32.04999923706055
2012-11-16,32.310001373291016
2012-11-19,32.939998626708984
2012-11-20,32.630001068115234
2012-11-21,32.77000045776367
2012-11-23,32.93000030517578
2012-11-26,32.75
2012-11-27,32.72999954223633
2012-11-28,32.66999816894531
2012-11-29,32.869998931884766
2012-11-30,32.959999084472656
2012-12-03,33.13999938964844
2012-12-04,32.77000045776367
2012-12-05,32.72999954223633
2012-12-06,32.349998474121094
2012-12-07,32.2400016784668
2012-12-10,32.06999969482422
2012-12-11,32.150001525878906
2012-12-12,32.349998474121094
2012-12-13,32.040000915527344
2012-12-14,32.27000045776367
2012-12-17,32.27000045776367
2012-12-18,32.400001525878906
2012-12-19,32.58000183105469
2012-12-20,32.4900016784668
2012-12-21,32.41999816894531
2012-12-24,32.29999923706055
2012-12-26,32.779998779296875
2012-12-27,32.75
2012-12-28,32.54999923706055
2012-12-31,32.790000915527344
2013-01-02,32.88999938964844
2013-01-03,32.72999954223633
2013-01-04,32.65999984741211
2013-01-07,32.84000015258789
2013-01-08,32.91999816894531
2013-01-09,32.849998474121094
2013-01-10,32.9900016784668
2013-01-11,32.880001068115234
2013-01-14,33.15999984741211
2013-01-15,32.97999954223633
2013-01-16,33.08000183105469
2013-01-17,33.279998779296875
2013-01-18,33.439998626708984
2013-01-22,33.56999969482422
2013-01-23,33.5099983215332
2013-01-24,33.630001068115234
2013-01-25,33.59000015258789
2013-01-28,33.72999954223633
2013-01-29,33.95000076293945
2013-01-30,34.27000045776367
2013-01-31,34.290000915527344
2013-02-01,34.36000061035156
2013-02-04,34.16999816894531
2013-02-05,34.380001068115234
2013-02-06,34.36000061035156
2013-02-07,34.189998626708984
2013-02-08,34.29999923706055
2013-02-11,34.279998779296875
2013-02-12,34.36000061035156
2013-02-13,34.34000015258789
2013-02-14,34.349998474121094
2013-02-15,34.2400016784668
2013-02-19,34.13999938964844
2013-02-20,33.560001373291016
2013-02-21,33.09000015258789
2013-02-22,33.20000076293945
2013-02-25,32.9900016784668
2013-02-26,32.959999084472656
2013-02-27,32.79999923706055
2013-02-28,32.540000915527344
2013-03-01,32.43000030517578
2013-03-04,32.220001220703125
2013-03-05,32.5099983215332
2013-03-06,32.220001220703125
2013-03-07,32.4900016784668
2013-03-08,32.54999923706055
2013-03-11,32.52000045776367
2013-03-12,32.59000015258789
2013-03-13,32.349998474121094
2013-03-14,32.619998931884766
2013-03-15,32.79999923706055
2013-03-18,32.630001068115234
2013-03-19,32.25
2013-03-20,32.47999954223633
2013-03-21,32.279998779296875
2013-03-22,32.400001525878906
2013-03-25,32.4900016784668
2013-03-26,32.810001373291016
2013-03-27,32.9900016784668
2013-03-28,32.900001525878906
2013-04-01,32.86000061035156
2013-04-02,32.720001220703125
2013-04-03,32.08000183105469
2013-04-04,31.8700008392334
2013-04-05,31.59000015258789
2013-04-08,31.760000228881836
2013-04-09,31.920000076293945
2013-04-10,31.809999465942383
2013-04-11,31.559999465942383
2013-04-12,31.1299991607666
2013-04-15,30.299999237060547
2013-04-16,30.510000228881836
2013-04-17,30.049999237060547
2013-04-18,30.5
2013-04-19,30.399999618530273
2013-04-22,30.540000915527344
2013-04-23,30.420000076293945
2013-04-24,30.770000457763672
2013-04-25,31.200000762939453
2013-04-26,31.149999618530273
2013-04-29,31.530000686645508
2013-04-30,31.290000915527344
2013-05-01,30.63999938964844
2013-05-02,31.239999771118164
2013-05-03,31.510000228881836
2013-05-06,31.600000381469727
2013-05-07,31.510000228881836
2013-05-08,31.709999084472656
2013-05-09,31.700000762939453
2013-05-10,31.59000015258789
2013-05-13,31.479999542236328
2013-05-14,31.309999465942383
2013-05-15,31.3799991607666
2013-05-16,31.399999618530273
2013-05-17,31.6200008392334
2013-05-20,31.709999084472656
2013-05-21,31.510000228881836
2013-05-22,31.239999771118164
2013-05-23,31.36000061035156
2013-05-24,31.25
2013-05-28,31.579999923706055
2013-05-29,31.229999542236328
2013-05-30,31.18000030517578
2013-05-31,30.809999465942383
2013-06-03,31.229999542236328
2013-06-04,31.420000076293945
2013-06-05,31.350000381469727
2013-06-06,31.489999771118164
2013-06-07,31.709999084472656
2013-06-10,31.399999618530273
2013-06-11,31.260000228881836
2013-06-12,31.3700008392334
2013-06-13,31.6299991607666
2013-06-14,31.799999237060547
2013-06-17,31.920000076293945
2013-06-18,31.989999771118164
2013-06-19,32.02000045776367
2013-06-20,31.06999969482422
2013-06-21,30.719999313354492
2013-06-24,30.68000030517578
2013-06-25,30.709999084472656
2013-06-26,30.719999313354492
2013-06-27,30.969999313354492
2013-06-28,30.799999237060547
2013-07-01,30.969999313354492
2013-07-02,31.260000228881836
2013-07-03,31.700000762939453
2013-07-05,31.8700008392334
2013-07-08,32.04999923706055
2013-07-09,32.22999954223633
2013-07-10,32.560001373291016
2013-07-11,32.4900016784668
2013-07-12,32.83000183105469
2013-07-15,32.84000015258789
2013-07-16,32.84000015258789
2013-07-17,32.93000030517578
2013-07-18,33.189998626708984
2013-07-19,33.209999084472656
2013-07-22,32.939998626708984
2013-07-23,33.0
2013-07-24,32.63999938964844
2013-07-25,32.66999816894531
2013-07-26,32.45000076293945
2013-07-29,32.40999984741211
2013-07-30,32.20000076293945
2013-07-31,32.540000915527344
2013-08-01,32.900001525878906
2013-08-02,32.68000030517578
2013-08-05,32.540000915527344
2013-08-06,32.33000183105469
2013-08-07,32.040000915527344
2013-08-08,32.09000015258789
2013-08-09,32.40999984741211
2013-08-12,32.720001220703125
2013-08-13,32.75
2013-08-14,32.900001525878906
2013-08-15,33.06999969482422
2013-08-16,33.25
2013-08-19,33.130001068115234
2013-08-20,32.939998626708984
2013-08-21,32.79999923706055
2013-08-22,32.849998474121094
2013-08-23,33.13999938964844
2013-08-26,33.290000915527344
2013-08-27,33.709999084472656
2013-08-28,34.04999923706055
2013-08-29,33.650001525878906
2013-08-30,33.54999923706055
2013-09-03,34.18000030517578
2013-09-04,33.650001525878906
2013-09-05,33.63999938964844
2013-09-06,33.88999938964844
2013-09-09,33.63999938964844
2013-09-10,33.189998626708984
2013-09-11,33.25
2013-09-12,33.58000183105469
2013-09-13,33.59000015258789
2013-09-16,33.060001373291016
2013-09-17,32.56999969482422
2013-09-18,33.31999969482422
2013-09-19,32.970001220703125
2013-09-20,32.849998474121094
2013-09-23,32.369998931884766
2013-09-24,32.41999816894531
2013-09-25,32.36000061035156
2013-09-26,32.560001373291016
2013-09-27,32.40999984741211
2013-09-30,32.380001068115234
2013-10-01,31.8799991607666
2013-10-02,32.36000061035156
2013-10-03,32.27000045776367
2013-10-04,32.400001525878906
2013-10-07,32.599998474121094
2013-10-08,32.63999938964844
2013-10-09,32.459999084472656
2013-10-10,32.95000076293945
2013-10-11,32.79999923706055
2013-10-14,32.779998779296875
2013-10-15,32.4900016784668
2013-10-16,32.810001373291016
2013-10-17,32.52000045776367
2013-10-18,32.77000045776367
2013-10-21,32.52000045776367
2013-10-22,32.33000183105469
2013-10-23,31.86000061035156
2013-10-24,31.799999237060547
2013-10-25,31.979999542236328
2013-10-28,32.18000030517578
2013-10-29,32.09000015258789
2013-10-30,32.11000061035156
2013-10-31,31.90999984741211
2013-11-01,31.3799991607666
2013-11-04,31.1200008392334
2013-11-05,31.020000457763672
2013-11-06,31.09000015258789
2013-11-07,30.84000015258789
2013-11-08,31.030000686645508
2013-11-11,31.299999237060547
2013-11-12,31.030000686645508
2013-11-13,31.15999984741211
2013-11-14,31.350000381469727
2013-11-15,31.420000076293945
2013-11-18,31.13999938964844
2013-11-19,31.15999984741211
2013-11-20,31.18000030517578
2013-11-21,31.700000762939453
2013-11-22,31.790000915527344
2013-11-25,31.690000534057617
2013-11-26,31.719999313354492
2013-11-27,31.6299991607666
2013-11-29,31.760000228881836
2013-12-02,31.770000457763672
2013-12-03,32.04999923706055
2013-12-04,32.150001525878906
2013-12-05,32.09000015258789
2013-12-06,32.220001220703125
2013-12-09,31.959999084472656
2013-12-10,32.119998931884766
2013-12-11,32.060001373291016
2013-12-12,31.799999237060547
2013-12-13,31.739999771118164
2013-12-16,31.8700008392334
2013-12-17,31.75
2013-12-18,31.8799991607666
2013-12-19,32.04999923706055
2013-12-20,32.38999938964844
2013-12-23,32.36000061035156
2013-12-24,32.470001220703125
2013-12-26,32.459999084472656
2013-12-27,32.52000045776367
2013-12-30,32.29999923706055
2013-12-31,32.189998626708984
2014-01-02,31.36000061035156
2014-01-03,31.229999542236328
2014-01-06,31.25
2014-01-07,31.260000228881836
2014-01-08,31.0
2014-01-09,30.850000381469727
2014-01-10,31.049999237060547
2014-01-13,30.899999618530273
2014-01-14,30.93000030517578
2014-01-15,31.149999618530273
2014-01-16,31.059999465942383
2014-01-17,31.1200008392334
2014-01-21,31.260000228881836
2014-01-22,31.6200008392334
2014-01-23,31.56999969482422
2014-01-24,31.690000534057617
2014-01-27,31.420000076293945
2014-01-28,31.649999618530273
2014-01-29,31.709999084472656
2014-01-30,31.719999313354492
2014-01-31,31.479999542236328
2014-02-03,31.440000534057617
2014-02-04,31.559999465942383
2014-02-05,31.6299991607666
2014-02-06,31.790000915527344
2014-02-07,32.209999084472656
2014-02-10,32.040000915527344
2014-02-11,32.15999984741211
2014-02-12,32.220001220703125
2014-02-13,32.380001068115234
2014-02-14,32.4900016784668
2014-02-18,32.97999954223633
2014-02-19,33.119998931884766
2014-02-20,33.220001220703125
2014-02-21,33.029998779296875
2014-02-24,33.18000030517578
2014-02-25,32.9900016784668
2014-02-26,32.9900016784668
2014-02-27,32.849998474121094
2014-02-28,32.9900016784668
2014-03-03,33.54999923706055
2014-03-04,33.27000045776367
2014-03-05,32.88999938964844
2014-03-06,33.11000061035156
2014-03-07,33.15999984741211
2014-03-10,32.88999938964844
2014-03-11,32.779998779296875
2014-03-12,32.66999816894531
2014-03-13,32.470001220703125
2014-03-14,32.709999084472656
2014-03-17,32.380001068115234
2014-03-18,32.630001068115234
2014-03-19,32.54999923706055
2014-03-20,32.47999954223633
2014-03-21,32.56999969482422
2014-03-24,32.54999923706055
2014-03-25,32.619998931884766
2014-03-26,32.63999938964844
2014-03-27,32.93000030517578
2014-03-28,32.97999954223633
2014-03-31,32.970001220703125
2014-04-01,32.47999954223633
2014-04-02,32.36000061035156
2014-04-03,32.650001525878906
2014-04-04,32.79999923706055
2014-04-07,32.66999816894531
2014-04-08,33.04999923706055
2014-04-09,33.22999954223633
2014-04-10,33.189998626708984
2014-04-11,33.13999938964844
2014-04-14,33.45000076293945
2014-04-15,33.5099983215332
2014-04-16,33.59000015258789
2014-04-17,33.689998626708984
2014-04-21,33.59000015258789
2014-04-22,33.47999954223633
2014-04-23,33.40999984741211
2014-04-24,33.66999816894531
2014-04-25,33.459999084472656
2014-04-28,33.33000183105469
2014-04-29,33.4900016784668
2014-04-30,33.29999923706055
2014-05-01,33.22999954223633
2014-05-02,33.25
2014-05-05,33.099998474121094
2014-05-06,33.08000183105469
2014-05-07,33.22999954223633
2014-05-08,33.15999984741211
2014-05-09,33.0
2014-05-12,33.15999984741211
2014-05-13,33.38999938964844
2014-05-14,33.43000030517578
2014-05-15,33.33000183105469
2014-05-16,33.38999938964844
2014-05-19,33.369998931884766
2014-05-20,33.470001220703125
2014-05-21,33.58000183105469
2014-05-22,33.540000915527344
2014-05-23,33.599998474121094
2014-05-27,33.40999984741211
2014-05-28,33.34000015258789
2014-05-29,33.43000030517578
2014-05-30,33.130001068115234
2014-06-02,32.970001220703125
2014-06-03,33.029998779296875
2014-06-04,32.900001525878906
2014-06-05,33.060001373291016
2014-06-06,33.09000015258789
2014-06-09,33.25
2014-06-10,33.25
2014-06-11,33.220001220703125
2014-06-12,33.88999938964844
2014-06-13,33.869998931884766
2014-06-16,33.91999816894531
2014-06-17,33.95000076293945
2014-06-18,34.04999923706055
2014-06-19,34.2599983215332
2014-06-20,34.310001373291016
2014-06-23,34.16999816894531
2014-06-24,34.220001220703125
2014-06-25,34.209999084472656
2014-06-26,34.11000061035156
2014-06-27,34.119998931884766
2014-06-30,33.91999816894531
2014-07-01,33.84000015258789
2014-07-02,33.599998474121094
2014-07-03,33.540000915527344
2014-07-07,33.33000183105469
2014-07-08,33.189998626708984
2014-07-09,32.88999938964844
2014-07-10,32.95000076293945
2014-07-11,32.5099983215332
2014-07-14,32.63999938964844
2014-07-15,32.38999938964844
2014-07-16,32.4900016784668
2014-07-17,32.650001525878906
2014-07-18,32.5099983215332
2014-07-21,32.65999984741211
2014-07-22,32.4900016784668
2014-07-23,32.650001525878906
2014-07-24,32.47999954223633
2014-07-25,32.65999984741211
2014-07-28,32.529998779296875
2014-07-29,32.439998626708984
2014-07-30,32.15999984741211
2014-07-31,32.0
2014-08-01,31.649999618530273
2014-08-04,31.899999618530273
2014-08-05,31.68000030517578
2014-08-06,31.760000228881836
2014-08-07,31.850000381469727
2014-08-08,31.649999618530273
2014-08-11,31.780000686645508
2014-08-12,31.420000076293945
2014-08-13,31.510000228881836
2014-08-14,31.0
2014-08-15,31.200000762939453
2014-08-18,30.920000076293945
2014-08-19,30.81999969482422
2014-08-20,30.940000534057617
2014-08-21,31.079999923706055
2014-08-22,31.020000457763672
2014-08-25,31.030000686645508
2014-08-26,31.100000381469727
2014-08-27,31.149999618530273
2014-08-28,31.229999542236328
2014-08-29,31.5
2014-09-02,30.8799991607666
2014-09-03,31.25
2014-09-04,31.1200008392334
2014-09-05,30.979999542236328
2014-09-08,30.829999923706055
2014-09-09,30.65999984741211
2014-09-10,30.36000061035156
2014-09-11,30.34000015258789
2014-09-12,30.09000015258789
2014-09-15,30.11000061035156
2014-09-16,30.43000030517578
2014-09-17,30.290000915527344
2014-09-18,29.940000534057617
2014-09-19,29.959999084472656
2014-09-22,29.68000030517578
2014-09-23,29.719999313354492
2014-09-24,29.90999984741211
2014-09-25,29.809999465942383
2014-09-26,29.940000534057617
2014-09-29,30.1200008392334
2014-09-30,29.59000015258789
2014-10-01,29.5
2014-10-02,29.469999313354492
2014-10-03,29.1200008392334
2014-10-06,29.399999618530273
2014-10-07,29.100000381469727
2014-10-08,28.959999084472656
2014-10-09,28.450000762939453
2014-10-10,28.489999771118164
2014-10-13,28.31999969482422
2014-10-14,27.729999542236328
2014-10-15,27.420000076293945
2014-10-16,27.690000534057617
2014-10-17,27.850000381469727
2014-10-20,27.670000076293945
2014-10-21,27.809999465942383
2014-10-22,27.43000030517578
2014-10-23,27.8799991607666
2014-10-24,27.709999084472656
2014-10-27,27.549999237060547
2014-10-28,27.760000228881836
2014-10-29,28.1200008392334
2014-10-30,27.850000381469727
2014-10-31,27.829999923706055
2014-11-03,27.479999542236328
2014-11-04,27.11000061035156
2014-11-05,27.31999969482422
2014-11-06,27.25
2014-11-07,27.43000030517578
2014-11-10,27.15999984741211
2014-11-11,27.18000030517578
2014-11-12,26.989999771118164
2014-11-13,26.440000534057617
2014-11-14,26.809999465942383
2014-11-17,26.729999542236328
2014-11-18,26.5
2014-11-19,26.420000076293945
2014-11-20,26.729999542236328
2014-11-21,26.979999542236328
2014-11-24,26.670000076293945
2014-11-25,26.43000030517578
2014-11-26,26.31999969482422
2014-11-28,25.020000457763672
2014-12-01,25.399999618530273
2014-12-02,24.770000457763672
2014-12-03,24.6200008392334
2014-12-04,24.5
2014-12-05,24.329999923706055
2014-12-08,23.739999771118164
2014-12-09,23.90999984741211
2014-12-10,23.420000076293945
2014-12-11,23.13999938964844
2014-12-12,22.81999969482422
2014-12-15,22.3700008392334
2014-12-16,22.25
2014-12-17,22.36000061035156
2014-12-18,22.18000030517578
2014-12-19,22.780000686645508
2014-12-22,22.1200008392334
2014-12-23,22.450000762939453
2014-12-24,21.989999771118164
2014-12-26,21.940000534057617
2014-12-29,21.6200008392334
2014-12-30,21.56999969482422
2014-12-31,21.579999923706055
2015-01-02,21.219999313354492
2015-01-05,20.6200008392334
2015-01-06,20.280000686645508
2015-01-07,20.219999313354492
2015-01-08,20.290000915527344
2015-01-09,20.06999969482422
2015-01-12,19.520000457763672
2015-01-13,19.3700008392334
2015-01-14,19.729999542236328
2015-01-15,19.3799991607666
2015-01-16,19.81999969482422
2015-01-20,19.34000015258789
2015-01-21,19.479999542236328
2015-01-22,19.3700008392334
2015-01-23,19.190000534057617
2015-01-26,19.11000061035156
2015-01-27,19.31999969482422
2015-01-28,19.010000228881836
2015-01-29,19.010000228881836
2015-01-30,19.700000762939453
2015-02-02,20.11000061035156
2015-02-03,20.809999465942383
2015-02-04,20.11000061035156
2015-02-05,20.5
2015-02-06,20.770000457763672
2015-02-09,20.959999084472656
2015-02-10,20.579999923706055
2015-02-11,20.290000915527344
2015-02-12,20.75
2015-02-13,21.18000030517578
2015-02-17,21.219999313354492
2015-02-18,20.86000061035156
2015-02-19,20.850000381469727
2015-02-20,20.719999313354492
2015-02-23,20.440000534057617
2015-02-24,20.399999618530273
2015-02-25,20.88999938964844
2015-02-26,20.65999984741211
2015-02-27,20.8700008392334
2015-03-02,20.6200008392334
2015-03-03,20.780000686645508
2015-03-04,20.81999969482422
2015-03-05,20.690000534057617
2015-03-06,20.440000534057617
2015-03-09,20.36000061035156
2015-03-10,20.010000228881836
2015-03-11,20.06999969482422
2015-03-12,19.86000061035156
2015-03-13,19.31999969482422
2015-03-16,19.209999084472656
2015-03-17,19.010000228881836
2015-03-18,19.709999084472656
2015-03-19,19.260000228881836
2015-03-20,19.510000228881836
2015-03-23,19.799999237060547
2015-03-24,19.649999618530273
2015-03-25,19.850000381469727
2015-03-26,20.299999237060547
2015-03-27,19.690000534057617
2015-03-30,19.739999771118164
2015-03-31,19.5
2015-04-01,19.940000534057617
2015-04-02,19.799999237060547
2015-04-06,20.260000228881836
2015-04-07,20.520000457763672
2015-04-08,19.8700008392334
2015-04-09,19.86000061035156
2015-04-10,20.11000061035156
2015-04-13,20.11000061035156
2015-04-14,20.31999969482422
2015-04-15,20.899999618530273
2015-04-16,21.13999938964844
2015-04-17,21.030000686645508
2015-04-20,20.93000030517578
2015-04-21,20.700000762939453
2015-04-22,20.719999313354492
2015-04-23,21.13999938964844
2015-04-24,21.170000076293945
2015-04-27,21.079999923706055
2015-04-28,21.1200008392334
2015-04-29,21.38999938964844
2015-04-30,21.6299991607666
2015-05-01,21.63999938964844
2015-05-04,21.59000015258789
2015-05-05,21.899999618530273
2015-05-06,21.88999938964844
2015-05-07,21.43000030517578
2015-05-08,21.59000015258789
2015-05-11,21.459999084472656
2015-05-12,21.790000915527344
2015-05-13,21.75
2015-05-14,21.809999465942383
2015-05-15,21.84000015258789
2015-05-18,21.690000534057617
2015-05-19,21.190000534057617
2015-05-20,21.270000457763672
2015-05-21,21.670000076293945
2015-05-22,21.3799991607666
2015-05-26,20.93000030517578
2015-05-27,20.63999938964844
2015-05-28,20.770000457763672
2015-05-29,21.15999984741211
2015-06-01,21.18000030517578
2015-06-02,21.440000534057617
2015-06-03,21.030000686645508
2015-06-04,20.75
2015-06-05,20.8799991607666
2015-06-08,20.81999969482422
2015-06-09,21.25
2015-06-10,21.489999771118164
2015-06-11,21.280000686645508
2015-06-12,21.040000915527344
2015-06-15,20.8700008392334
2015-06-16,20.950000762939453
2015-06-17,20.959999084472656
2015-06-18,20.979999542236328
2015-06-19,20.719999313354492
2015-06-22,20.790000915527344
2015-06-23,21.100000381469727
2015-06-24,20.8700008392334
2015-06-25,20.81999969482422
2015-06-26,20.90999984741211
2015-06-29,20.709999084472656
2015-06-30,21.11000061035156
2015-07-01,20.770000457763672
2015-07-02,20.75
2015-07-06,19.84000015258789
2015-07-07,19.799999237060547
2015-07-08,19.690000534057617
2015-07-09,19.979999542236328
2015-07-10,19.989999771118164
2015-07-13,19.8799991607666
2015-07-14,19.920000076293945
2015-07-15,19.579999923706055
2015-07-16,19.510000228881836
2015-07-17,19.459999084472656
2015-07-20,19.190000534057617
2015-07-21,19.280000686645508
2015-07-22,18.950000762939453
2015-07-23,18.790000915527344
2015-07-24,18.600000381469727
2015-07-27,18.200000762939453
2015-07-28,18.3799991607666
2015-07-29,18.489999771118164
2015-07-30,18.43000030517578
2015-07-31,18.1200008392334
2015-08-03,17.719999313354492
2015-08-04,17.860000610351562
2015-08-05,17.760000228881836
2015-08-06,17.690000534057617
2015-08-07,17.549999237060547
2015-08-10,17.950000762939453
2015-08-11,17.68000030517578
2015-08-12,17.670000076293945
2015-08-13,17.520000457763672
2015-08-14,17.40999984741211
2015-08-17,17.350000381469727
2015-08-18,17.309999465942383
2015-08-19,16.950000762939453
2015-08-20,16.90999984741211
2015-08-21,16.649999618530273
2015-08-24,16.110000610351562
2015-08-25,16.15999984741211
2015-08-26,16.149999618530273
2015-08-27,16.90999984741211
2015-08-28,17.520000457763672
2015-08-31,18.170000076293945
2015-09-01,17.31999969482422
2015-09-02,17.56999969482422
2015-09-03,17.700000762939453
2015-09-04,17.459999084472656
2015-09-08,17.520000457763672
2015-09-09,17.190000534057617
2015-09-10,17.420000076293945
2015-09-11,17.31999969482422
2015-09-14,17.09000015258789
2015-09-15,17.149999618530273
2015-09-16,17.5
2015-09-17,17.389999389648438
2015-09-18,17.0
2015-09-21,17.270000457763672
2015-09-22,17.18000030517578
2015-09-23,16.969999313354492
2015-09-24,17.06999969482422
2015-09-25,17.18000030517578
2015-09-28,16.899999618530273
2015-09-29,17.030000686645508
2015-09-30,17.079999923706055
2015-10-01,16.969999313354492
2015-10-02,17.049999237060547
2015-10-05,17.280000686645508
2015-10-06,17.790000915527344
2015-10-07,17.690000534057617
2015-10-08,17.920000076293945
2015-10-09,17.90999984741211
2015-10-12,17.459999084472656
2015-10-13,17.299999237060547
2015-10-14,17.31999969482422
2015-10-15,17.329999923706055
2015-10-16,17.34000015258789
2015-10-19,17.030000686645508
2015-10-20,17.049999237060547
2015-10-21,16.899999618530273
2015-10-22,16.959999084472656
2015-10-23,16.799999237060547
2015-10-26,16.649999618530273
2015-10-27,16.520000457763672
2015-10-28,16.989999771118164
2015-10-29,16.899999618530273
2015-10-30,17.06999969482422
2015-11-02,16.950000762939453
2015-11-03,17.31999969482422
2015-11-04,16.959999084472656
2015-11-05,16.729999542236328
2015-11-06,16.610000610351562
2015-11-09,16.420000076293945
2015-11-10,16.360000610351562
2015-11-11,16.190000534057617
2015-11-12,15.90999984741211
2015-11-13,15.710000038146973
2015-11-16,15.800000190734863
2015-11-17,15.550000190734863
2015-11-18,15.600000381469728
2015-11-19,15.609999656677246
2015-11-20,15.579999923706056
2015-11-23,15.670000076293944
2015-11-24,15.890000343322754
2015-11-25,15.890000343322754
2015-11-27,15.630000114440918
2015-11-30,15.510000228881836
2015-12-01,15.579999923706056
2015-12-02,15.210000038146973
2015-12-03,15.43000030517578
2015-12-04,15.350000381469728
2015-12-07,14.770000457763672
2015-12-08,14.640000343322754
2015-12-09,14.619999885559082
2015-12-10,14.529999732971191
2015-12-11,14.3100004196167
2015-12-14,14.15999984741211
2015-12-15,14.25
2015-12-16,14.06999969482422
2015-12-17,13.920000076293944
2015-12-18,13.979999542236328
2015-12-21,13.93000030517578
2015-12-22,13.899999618530272
2015-12-23,14.260000228881836
2015-12-24,14.289999961853027
2015-12-28,14.06999969482422
2015-12-29,14.34000015258789
2015-12-30,14.109999656677246
2015-12-31,14.229999542236328
2016-01-04,14.119999885559082
2016-01-05,13.979999542236328
2016-01-06,13.56999969482422
2016-01-07,13.4399995803833
2016-01-08,13.420000076293944
2016-01-11,12.960000038146973
2016-01-12,12.93000030517578
2016-01-13,12.829999923706056
2016-01-14,12.890000343322754
2016-01-15,12.550000190734863
2016-01-19,12.420000076293944
2016-01-20,12.279999732971191
2016-01-21,12.529999732971191
2016-01-22,13.020000457763672
2016-01-25,12.59000015258789
2016-01-26,12.869999885559082
2016-01-27,13.06999969482422
2016-01-28,13.380000114440918
2016-01-29,13.479999542236328
2016-02-01,13.079999923706056
2016-02-02,12.779999732971191
2016-02-03,13.260000228881836
2016-02-04,13.140000343322754
2016-02-05,12.989999771118164
2016-02-08,12.800000190734863
2016-02-09,12.43000030517578
2016-02-10,12.329999923706056
2016-02-11,12.43000030517578
2016-02-12,12.720000267028809
2016-02-16,12.630000114440918
2016-02-17,12.989999771118164
2016-02-18,12.93000030517578
2016-02-19,12.8100004196167
2016-02-22,13.0600004196167
2016-02-23,12.800000190734863
2016-02-24,12.979999542236328
2016-02-25,13.050000190734863
2016-02-26,13.029999732971191
2016-02-29,13.199999809265137
2016-03-01,13.239999771118164
2016-03-02,13.34000015258789
2016-03-03,13.350000381469728
2016-03-04,13.699999809265137
2016-03-07,14.050000190734863
2016-03-08,13.779999732971191
2016-03-09,14.149999618530272
2016-03-10,14.039999961853027
2016-03-11,14.15999984741211
2016-03-14,14.0
2016-03-15,13.869999885559082
2016-03-16,14.1899995803833
2016-03-17,14.380000114440918
2016-03-18,14.3100004196167
2016-03-21,14.369999885559082
2016-03-22,14.399999618530272
2016-03-23,14.039999961853027
2016-03-24,13.989999771118164
2016-03-28,13.979999542236328
2016-03-29,13.880000114440918
2016-03-30,13.770000457763672
2016-03-31,13.789999961853027
2016-04-01,13.510000228881836
2016-04-04,13.289999961853027
2016-04-05,13.279999732971191
2016-04-06,13.550000190734863
2016-04-07,13.510000228881836
2016-04-08,13.949999809265137
2016-04-11,14.0600004196167
2016-04-12,14.43000030517578
2016-04-13,14.390000343322754
2016-04-14,14.329999923706056
2016-04-15,14.210000038146973
2016-04-18,14.199999809265137
2016-04-19,14.510000228881836
2016-04-20,14.829999923706056
2016-04-21,14.760000228881836
2016-04-22,14.68000030517578
2016-04-25,14.600000381469728
2016-04-26,14.84000015258789
2016-04-27,15.050000190734863
2016-04-28,15.100000381469728
2016-04-29,15.220000267028809
2016-05-02,14.970000267028809
2016-05-03,14.699999809265137
2016-05-04,14.699999809265137
2016-05-05,14.670000076293944
2016-05-06,14.770000457763672
2016-05-09,14.420000076293944
2016-05-10,14.800000190734863
2016-05-11,15.130000114440918
2016-05-12,15.18000030517578
2016-05-13,15.149999618530272
2016-05-16,15.43000030517578
2016-05-17,15.579999923706056
2016-05-18,15.390000343322754
2016-05-19,15.369999885559082
2016-05-20,15.390000343322754
2016-05-23,15.25
2016-05-24,15.31999969482422
2016-05-25,15.510000228881836
2016-05-26,15.520000457763672
2016-05-27,15.579999923706056
2016-05-31,15.420000076293944
2016-06-01,15.56999969482422
2016-06-02,15.619999885559082
2016-06-03,15.670000076293944
2016-06-06,15.84000015258789
2016-06-07,15.970000267028809
2016-06-08,16.25
2016-06-09,16.149999618530273
2016-06-10,15.84000015258789
2016-06-13,15.770000457763672
2016-06-14,15.699999809265137
2016-06-15,15.520000457763672
2016-06-16,15.199999809265137
2016-06-17,15.65999984741211
2016-06-20,15.81999969482422
2016-06-21,15.75
2016-06-22,15.609999656677246
2016-06-23,15.789999961853027
2016-06-24,15.300000190734863
2016-06-27,15.1899995803833
2016-06-28,15.460000038146973
2016-06-29,15.6899995803833
2016-06-30,15.520000457763672
2016-07-01,15.710000038146973
2016-07-05,15.15999984741211
2016-07-06,15.229999542236328
2016-07-07,14.720000267028809
2016-07-08,14.850000381469728
2016-07-11,14.699999809265137
2016-07-12,15.109999656677246
2016-07-13,14.850000381469728
2016-07-14,14.920000076293944
2016-07-15,14.9399995803833
2016-07-18,14.829999923706056
2016-07-19,14.670000076293944
2016-07-20,14.609999656677246
2016-07-21,14.479999542236328
2016-07-22,14.43000030517578
2016-07-25,14.25
2016-07-26,14.210000038146973
2016-07-27,14.010000228881836
2016-07-28,13.890000343322754
2016-07-29,13.960000038146973
2016-08-01,13.670000076293944
2016-08-02,13.649999618530272
2016-08-03,13.960000038146973
2016-08-04,14.029999732971191
2016-08-05,14.119999885559082
2016-08-08,14.260000228881836
2016-08-09,14.15999984741211
2016-08-10,13.960000038146973
2016-08-11,14.300000190734863
2016-08-12,14.5
2016-08-15,14.75
2016-08-16,14.869999885559082
2016-08-17,14.970000267028809
2016-08-18,15.15999984741211
2016-08-19,15.149999618530272
2016-08-22,14.890000343322754
2016-08-23,14.989999771118164
2016-08-24,14.800000190734863
2016-08-25,14.869999885559082
2016-08-26,14.8100004196167
2016-08-29,14.699999809265137
2016-08-30,14.579999923706056
2016-08-31,14.239999771118164
2016-09-01,14.050000190734863
2016-09-02,14.170000076293944
2016-09-06,14.270000457763672
2016-09-07,14.40999984741211
2016-09-08,14.729999542236328
2016-09-09,14.460000038146973
2016-09-12,14.529999732971191
2016-09-13,14.260000228881836
2016-09-14,14.100000381469728
2016-09-15,14.170000076293944
2016-09-16,14.199999809265137
2016-09-19,14.18000030517578
2016-09-20,14.25
2016-09-21,14.479999542236328
2016-09-22,14.5600004196167
2016-09-23,14.31999969482422
2016-09-26,14.460000038146973
2016-09-27,14.25
2016-09-28,14.609999656677246
2016-09-29,14.760000228881836
2016-09-30,14.81999969482422
2016-10-03,14.920000076293944
2016-10-04,14.9399995803833
2016-10-05,15.119999885559082
2016-10-06,15.210000038146973
2016-10-07,15.09000015258789
2016-10-10,15.300000190734863
2016-10-11,15.229999542236328
2016-10-12,15.079999923706056
2016-10-13,15.1899995803833
2016-10-14,15.18000030517578
2016-10-17,15.140000343322754
2016-10-18,15.170000076293944
2016-10-19,15.3100004196167
2016-10-20,15.119999885559082
2016-10-21,15.199999809265137
2016-10-24,15.1899995803833
2016-10-25,15.0600004196167
2016-10-26,14.960000038146973
2016-10-27,15.079999923706056
2016-10-28,14.960000038146973
2016-10-31,14.5600004196167
2016-11-01,14.59000015258789
2016-11-02,14.359999656677246
2016-11-03,14.229999542236328
2016-11-04,14.109999656677246
2016-11-07,14.229999542236328
2016-11-08,14.1899995803833
2016-11-09,14.3100004196167
2016-11-10,14.140000343322754
2016-11-11,13.90999984741211
2016-11-14,13.899999618530272
2016-11-15,14.25
2016-11-16,14.130000114440918
2016-11-17,14.130000114440918
2016-11-18,14.270000457763672
2016-11-21,14.729999542236328
2016-11-22,14.6899995803833
2016-11-23,14.710000038146973
2016-11-25,14.56999969482422
2016-11-28,14.640000343322754
2016-11-29,14.270000457763672
2016-11-30,14.920000076293944
2016-12-01,15.229999542236328
2016-12-02,15.31999969482422
2016-12-05,15.359999656677246
2016-12-06,15.31999969482422
2016-12-07,15.1899995803833
2016-12-08,15.3100004196167
2016-12-09,15.420000076293944
2016-12-12,15.520000457763672
2016-12-13,15.59000015258789
2016-12-14,15.34000015258789
2016-12-15,15.329999923706056
2016-12-16,15.470000267028809
2016-12-19,15.380000114440918
2016-12-20,15.420000076293944
2016-12-21,15.359999656677246
2016-12-22,15.359999656677246
2016-12-23,15.399999618530272
2016-12-27,15.619999885559082
2016-12-28,15.670000076293944
2016-12-29,15.6899995803833
2016-12-30,15.670000076293944
2017-01-03,15.420000076293944
2017-01-04,15.539999961853027
2017-01-05,15.640000343322754
2017-01-06,15.579999923706056
2017-01-09,15.3100004196167
2017-01-10,15.199999809265137
2017-01-11,15.399999618530272
2017-01-12,15.640000343322754
2017-01-13,15.609999656677246
2017-01-17,15.619999885559082
2017-01-18,15.40999984741211
2017-01-19,15.380000114440918
2017-01-20,15.5600004196167
2017-01-23,15.5600004196167
2017-01-24,15.56999969482422
2017-01-25,15.529999732971191
2017-01-26,15.609999656677246
2017-01-27,15.479999542236328
2017-01-30,15.34000015258789
2017-01-31,15.43000030517578
2017-02-01,15.619999885559082
2017-02-02,15.619999885559082
2017-02-03,15.609999656677246
2017-02-06,15.460000038146973
2017-02-07,15.350000381469728
2017-02-08,15.4399995803833
2017-02-09,15.510000228881836
2017-02-10,15.670000076293944
2017-02-13,15.470000267028809
2017-02-14,15.529999732971191
2017-02-15,15.529999732971191
2017-02-16,15.5
2017-02-17,15.449999809265137
2017-02-21,15.529999732971191
2017-02-22,15.399999618530272
2017-02-23,15.470000267028809
2017-02-24,15.420000076293944
2017-02-27,15.399999618530272
2017-02-28,15.449999809265137
2017-03-01,15.479999542236328
2017-03-02,15.210000038146973
2017-03-03,15.289999961853027
2017-03-06,15.3100004196167
2017-03-07,15.229999542236328
2017-03-08,14.8100004196167
2017-03-09,14.68000030517578
2017-03-10,14.510000228881836
2017-03-13,14.479999542236328
2017-03-14,14.420000076293944
2017-03-15,14.59000015258789
2017-03-16,14.600000381469728
2017-03-17,14.59000015258789
2017-03-20,14.550000190734863
2017-03-21,14.449999809265137
2017-03-22,14.449999809265137
2017-03-23,14.390000343322754
2017-03-24,14.43000030517578
2017-03-27,14.390000343322754
2017-03-28,14.489999771118164
2017-03-29,14.649999618530272
2017-03-30,14.729999542236328
2017-03-31,14.81999969482422
2017-04-03,14.670000076293944
2017-04-04,14.84000015258789
2017-04-05,14.829999923706056
2017-04-06,14.960000038146973
2017-04-07,15.020000457763672
2017-04-10,15.149999618530272
2017-04-11,15.18000030517578
2017-04-12,15.119999885559082
2017-04-13,15.170000076293944
2017-04-17,15.100000381469728
2017-04-18,15.020000457763672
2017-04-19,14.710000038146973
2017-04-20,14.649999618530272
2017-04-21,14.460000038146973
2017-04-24,14.390000343322754
2017-04-25,14.520000457763672
2017-04-26,14.420000076293944
2017-04-27,14.420000076293944
2017-04-28,14.43000030517578
2017-05-01,14.460000038146973
2017-05-02,14.300000190734863
2017-05-03,14.300000190734863
2017-05-04,13.899999618530272
2017-05-05,14.039999961853027
2017-05-08,14.029999732971191
2017-05-09,13.90999984741211
2017-05-10,14.18000030517578
2017-05-11,14.25
2017-05-12,14.31999969482422
2017-05-15,14.43000030517578
2017-05-16,14.380000114440918
2017-05-17,14.449999809265137
2017-05-18,14.449999809265137
2017-05-19,14.729999542236328
2017-05-22,14.81999969482422
2017-05-23,14.800000190734863
2017-05-24,14.75
2017-05-25,14.359999656677246
2017-05-26,14.510000228881836
2017-05-30,14.390000343322754
2017-05-31,14.260000228881836
2017-06-01,14.1899995803833
2017-06-02,14.119999885559082
2017-06-05,14.020000457763672
2017-06-06,14.119999885559082
2017-06-07,13.850000381469728
2017-06-08,13.829999923706056
2017-06-09,13.869999885559082
2017-06-12,13.789999961853027
2017-06-13,13.869999885559082
2017-06-14,13.56999969482422
2017-06-15,13.579999923706056
2017-06-16,13.670000076293944
2017-06-19,13.5600004196167
2017-06-20,13.40999984741211
2017-06-21,13.1899995803833
2017-06-22,13.210000038146973
2017-06-23,13.289999961853027
2017-06-26,13.359999656677246
2017-06-27,13.5
2017-06-28,13.619999885559082
2017-06-29,13.699999809265137
2017-06-30,14.020000457763672
2017-07-03,14.140000343322754
2017-07-05,13.869999885559082
2017-07-06,13.899999618530272
2017-07-07,13.720000267028809
2017-07-10,13.779999732971191
2017-07-11,13.9399995803833
2017-07-12,13.890000343322754
2017-07-13,13.920000076293944
2017-07-14,14.06999969482422
2017-07-17,14.0
2017-07-18,14.050000190734863
2017-07-19,14.229999542236328
2017-07-20,14.170000076293944
2017-07-21,13.9399995803833
2017-07-24,13.960000038146973
2017-07-25,14.15999984741211
2017-07-26,14.34000015258789
2017-07-27,14.420000076293944
2017-07-28,14.520000457763672
2017-07-31,14.609999656677246
2017-08-01,14.40999984741211
2017-08-02,14.510000228881836
2017-08-03,14.369999885559082
2017-08-04,14.4399995803833
2017-08-07,14.43000030517578
2017-08-08,14.40999984741211
2017-08-09,14.489999771118164
2017-08-10,14.260000228881836
2017-08-11,14.350000381469728
2017-08-14,14.119999885559082
2017-08-15,14.119999885559082
2017-08-16,14.020000457763672
2017-08-17,14.0
2017-08-18,14.289999961853027
2017-08-21,14.079999923706056
2017-08-22,14.130000114440918
2017-08-23,14.220000267028809
2017-08-24,14.210000038146973
2017-08-25,14.1899995803833
2017-08-28,14.15999984741211
2017-08-29,14.130000114440918
2017-08-30,14.039999961853027
2017-08-31,14.460000038146973
2017-09-01,14.479999542236328
2017-09-05,14.5600004196167
2017-09-06,14.720000267028809
2017-09-07,14.699999809265137
2017-09-08,14.489999771118164
2017-09-11,14.510000228881836
2017-09-12,14.5600004196167
2017-09-13,14.710000038146973
2017-09-14,14.710000038146973
2017-09-15,14.779999732971191
2017-09-18,14.779999732971191
2017-09-19,14.720000267028809
2017-09-20,14.90999984741211
2017-09-21,14.869999885559082
2017-09-22,14.899999618530272
2017-09-25,15.119999885559082
2017-09-26,15.010000228881836
2017-09-27,15.029999732971191
2017-09-28,14.989999771118164
2017-09-29,14.899999618530272
2017-10-02,14.729999542236328
2017-10-03,14.729999542236328
2017-10-04,14.6899995803833
2017-10-05,14.899999618530272
2017-10-06,14.630000114440918
2017-10-09,14.640000343322754
2017-10-10,14.880000114440918
2017-10-11,14.93000030517578
2017-10-12,14.859999656677246
2017-10-13,15.020000457763672
2017-10-16,15.100000381469728
2017-10-17,15.079999923706056
2017-10-18,15.0600004196167
2017-10-19,14.93000030517578
2017-10-20,15.010000228881836
2017-10-23,15.020000457763672
2017-10-24,15.18000030517578
2017-10-25,15.140000343322754
2017-10-26,15.239999771118164
2017-10-27,15.390000343322754
2017-10-30,15.43000030517578
2017-10-31,15.479999542236328
2017-11-01,15.479999542236328
2017-11-02,15.550000190734863
2017-11-03,15.710000038146973
2017-11-06,16.040000915527344
2017-11-07,15.93000030517578
2017-11-08,15.869999885559082
2017-11-09,15.899999618530272
2017-11-10,15.859999656677246
2017-11-13,15.800000190734863
2017-11-14,15.550000190734863
2017-11-15,15.550000190734863
2017-11-16,15.489999771118164
2017-11-17,15.729999542236328
2017-11-20,15.630000114440918
2017-11-21,15.720000267028809
2017-11-22,15.859999656677246
2017-11-24,15.93000030517578
2017-11-27,15.869999885559082
2017-11-28,15.859999656677246
2017-11-29,15.760000228881836
2017-11-30,15.68000030517578
2017-12-01,15.869999885559082
2017-12-04,15.649999618530272
2017-12-05,15.649999618530272
2017-12-06,15.329999923706056
2017-12-07,15.399999618530272
2017-12-08,15.539999961853027
2017-12-11,15.609999656677246
2017-12-12,15.489999771118164
2017-12-13,15.399999618530272
2017-12-14,15.5
2017-12-15,15.529999732971191
2017-12-18,15.56999969482422
2017-12-19,15.630000114440918
2017-12-20,15.75
2017-12-21,15.800000190734863
2017-12-22,15.850000381469728
2017-12-26,16.1299991607666
2017-12-27,16.170000076293945
2017-12-28,16.270000457763672
2017-12-29,16.280000686645508
2018-01-02,16.3700008392334
2018-01-03,16.540000915527344
2018-01-04,16.540000915527344
2018-01-05,16.399999618530273
2018-01-08,16.43000030517578
2018-01-09,16.579999923706055
2018-01-10,16.639999389648438
2018-01-11,16.68000030517578
2018-01-12,16.799999237060547
2018-01-16,16.709999084472656
2018-01-17,16.760000228881836
2018-01-18,16.729999542236328
2018-01-19,16.700000762939453
2018-01-22,16.770000457763672
2018-01-23,16.90999984741211
2018-01-24,17.1200008392334
2018-01-25,16.989999771118164
2018-01-26,17.15999984741211
2018-01-29,17.040000915527344
2018-01-30,16.8799991607666
2018-01-31,16.889999389648438
2018-02-01,17.100000381469727
2018-02-02,16.8700008392334
2018-02-05,17.040000915527344
2018-02-06,16.559999465942383
2018-02-07,16.25
2018-02-08,16.06999969482422
2018-02-09,15.800000190734863
2018-02-12,15.880000114440918
2018-02-13,15.90999984741211
2018-02-14,16.170000076293945
2018-02-15,16.280000686645508
2018-02-16,16.309999465942383
2018-02-20,16.309999465942383
2018-02-21,16.270000457763672
2018-02-22,16.469999313354492
2018-02-23,16.6299991607666
2018-02-26,16.709999084472656
2018-02-27,16.530000686645508
2018-02-28,16.270000457763672
2018-03-01,16.309999465942383
2018-03-02,16.290000915527344
2018-03-05,16.479999542236328
2018-03-06,16.450000762939453
2018-03-07,16.260000228881836
2018-03-08,16.1299991607666
2018-03-09,16.34000015258789
2018-03-12,16.219999313354492
2018-03-13,16.18000030517578
2018-03-14,16.200000762939453
2018-03-15,16.229999542236328
2018-03-16,16.34000015258789
2018-03-19,16.229999542236328
2018-03-20,16.389999389648438
2018-03-21,16.719999313354492
2018-03-22,16.520000457763672
2018-03-23,16.719999313354492
2018-03-26,16.68000030517578
2018-03-27,16.59000015258789
2018-03-28,16.559999465942383
2018-03-29,16.649999618530273
2018-04-02,16.3799991607666
2018-04-03,16.440000534057617
2018-04-04,16.43000030517578
2018-04-05,16.5
2018-04-06,16.299999237060547
2018-04-09,16.56999969482422
2018-04-10,16.959999084472656
2018-04-11,17.079999923706055
2018-04-12,17.149999618530273
2018-04-13,17.18000030517578
2018-04-16,17.079999923706055
2018-04-17,17.06999969482422
2018-04-18,17.469999313354492
2018-04-19,17.389999389648438
2018-04-20,17.3799991607666
2018-04-23,17.440000534057617
2018-04-24,17.270000457763672
2018-04-25,17.329999923706055
2018-04-26,17.399999618530273
2018-04-27,17.3700008392334
2018-04-30,17.420000076293945
2018-05-01,17.309999465942383
2018-05-02,17.329999923706055
2018-05-03,17.450000762939453
2018-05-04,17.6200008392334
2018-05-07,17.600000381469727
2018-05-08,17.649999618530273
2018-05-09,17.850000381469727
2018-05-10,17.90999984741211
2018-05-11,17.780000686645508
2018-05-14,17.90999984741211
2018-05-15,17.899999618530273
2018-05-16,17.979999542236328
2018-05-17,18.030000686645508
2018-05-18,17.979999542236328
2018-05-21,18.149999618530273
2018-05-22,18.15999984741211
2018-05-23,18.18000030517578
2018-05-24,18.06999969482422
2018-05-25,17.719999313354492
2018-05-29,17.540000915527344
2018-05-30,17.829999923706055
2018-05-31,17.690000534057617
2018-06-01,17.510000228881836
2018-06-04,17.31999969482422
2018-06-05,17.350000381469727
2018-06-06,17.389999389648438
2018-06-07,17.549999237060547
2018-06-08,17.520000457763672
2018-06-11,17.479999542236328
2018-06-12,17.510000228881836
2018-06-13,17.59000015258789
2018-06-14,17.43000030517578
2018-06-15,17.030000686645508
2018-06-18,17.190000534057617
2018-06-19,17.030000686645508
2018-06-20,17.030000686645508
2018-06-21,16.969999313354492
2018-06-22,17.399999618530273
2018-06-25,17.139999389648438
2018-06-26,17.399999618530273
2018-06-27,17.6299991607666
2018-06-28,17.670000076293945
2018-06-29,17.90999984741211
2018-07-02,17.65999984741211
2018-07-03,17.65999984741211
2018-07-05,17.6299991607666
2018-07-06,17.68000030517578
2018-07-09,17.760000228881836
2018-07-10,17.75
2018-07-11,17.030000686645508
2018-07-12,17.1200008392334
2018-07-13,17.18000030517578
2018-07-16,16.780000686645508
2018-07-17,16.790000915527344
2018-07-18,16.899999618530273
2018-07-19,16.899999618530273
2018-07-20,16.989999771118164
2018-07-23,17.020000457763672
2018-07-24,17.100000381469727
2018-07-25,17.34000015258789
2018-07-26,17.350000381469727
2018-07-27,17.280000686645508
2018-07-30,17.40999984741211
2018-07-31,17.260000228881836
2018-08-01,17.030000686645508
2018-08-02,17.18000030517578
2018-08-03,17.200000762939453
2018-08-06,17.229999542236328
2018-08-07,17.309999465942383
2018-08-08,17.010000228881836
2018-08-09,16.969999313354492
2018-08-10,17.020000457763672
2018-08-13,16.950000762939453
2018-08-14,16.940000534057617
2018-08-15,16.559999465942383
2018-08-16,16.700000762939453
2018-08-17,16.81999969482422
2018-08-20,16.829999923706055
2018-08-21,16.889999389648438
2018-08-22,17.1299991607666
2018-08-23,17.079999923706055
2018-08-24,17.239999771118164
2018-08-27,17.31999969482422
2018-08-28,17.229999542236328
2018-08-29,17.459999084472656
2018-08-30,17.440000534057617
2018-08-31,17.440000534057617
2018-09-04,17.360000610351562
2018-09-05,17.260000228881836
2018-09-06,17.139999389648438
2018-09-07,17.190000534057617
2018-09-10,17.200000762939453
2018-09-11,17.399999618530273
2018-09-12,17.510000228881836
2018-09-13,17.309999465942383
2018-09-14,17.280000686645508
2018-09-17,17.239999771118164
2018-09-18,17.43000030517578
2018-09-19,17.56999969482422
2018-09-20,17.549999237060547
2018-09-21,17.6299991607666
2018-09-24,17.889999389648438
2018-09-25,17.950000762939453
2018-09-26,17.829999923706055
2018-09-27,17.93000030517578
2018-09-28,18.11000061035156
2018-10-01,18.5
2018-10-02,18.530000686645508
2018-10-03,18.719999313354492
2018-10-04,18.459999084472656
2018-10-05,18.420000076293945
2018-10-08,18.38999938964844
2018-10-09,18.520000457763672
2018-10-10,18.1299991607666
2018-10-11,17.829999923706055
2018-10-12,17.940000534057617
2018-10-15,18.020000457763672
2018-10-16,18.079999923706055
2018-10-17,17.860000610351562
2018-10-18,17.6200008392334
2018-10-19,17.75
2018-10-22,17.780000686645508
2018-10-23,17.309999465942383
2018-10-24,17.239999771118164
2018-10-25,17.329999923706055
2018-10-26,17.5
2018-10-29,17.280000686645508
2018-10-30,17.18000030517578
2018-10-31,16.989999771118164
2018-11-01,16.81999969482422
2018-11-02,16.799999237060547
2018-11-05,16.799999237060547
2018-11-06,16.700000762939453
2018-11-07,16.68000030517578
2018-11-08,16.5
2018-11-09,16.350000381469727
2018-11-12,16.280000686645508
2018-11-13,15.770000457763672
2018-11-14,16.100000381469727
2018-11-15,15.949999809265137
2018-11-16,16.139999389648438
2018-11-19,16.170000076293945
2018-11-20,15.539999961853027
2018-11-21,15.65999984741211
2018-11-23,15.140000343322754
2018-11-26,15.170000076293944
2018-11-27,15.119999885559082
2018-11-28,15.029999732971191
2018-11-29,15.170000076293944
2018-11-30,15.109999656677246
2018-12-03,15.460000038146973
2018-12-04,15.460000038146973
2018-12-06,15.25
2018-12-07,15.470000267028809
2018-12-10,15.170000076293944
2018-12-11,15.25
2018-12-12,15.140000343322754
2018-12-13,15.390000343322754
2018-12-14,15.09000015258789
2018-12-17,14.789999961853027
2018-12-18,14.399999618530272
2018-12-19,14.470000267028809
2018-12-20,14.270000457763672
2018-12-21,14.100000381469728
2018-12-24,13.859999656677246
2018-12-26,14.270000457763672
2018-12-27,14.06999969482422
2018-12-28,13.970000267028809
2018-12-31,14.020000457763672
2019-01-02,14.09000015258789
2019-01-03,14.239999771118164
2019-01-04,14.449999809265137
2019-01-07,14.510000228881836
2019-01-08,14.699999809265137
2019-01-09,15.109999656677246
2019-01-10,15.100000381469728
2019-01-11,15.010000228881836
2019-01-14,14.869999885559082
2019-01-15,15.029999732971191
2019-01-16,15.100000381469728
2019-01-17,15.140000343322754
2019-01-18,15.31999969482422
2019-01-22,15.130000114440918
2019-01-23,15.100000381469728
2019-01-24,15.140000343322754
2019-01-25,15.220000267028809
2019-01-28,14.920000076293944
2019-01-29,15.130000114440918
2019-01-30,15.270000457763672
2019-01-31,15.1899995803833
2019-02-01,15.399999618530272
2019-02-04,15.369999885559082
2019-02-05,15.270000457763672
2019-02-06,15.300000190734863
2019-02-07,15.09000015258789
2019-02-08,15.130000114440918
2019-02-11,15.039999961853027
2019-02-12,15.15999984741211
2019-02-13,15.300000190734863
2019-02-14,15.380000114440918
2019-02-15,15.65999984741211
2019-02-19,15.640000343322754
2019-02-20,15.739999771118164
2019-02-21,15.789999961853027
2019-02-22,15.81999969482422
2019-02-25,15.5
2019-02-26,15.579999923706056
2019-02-27,15.739999771118164
2019-02-28,15.720000267028809
2019-03-01,15.539999961853027
2019-03-04,15.609999656677246
2019-03-05,15.65999984741211
2019-03-06,15.59000015258789
2019-03-07,15.609999656677246
2019-03-08,15.56999969482422
2019-03-11,15.630000114440918
2019-03-12,15.68000030517578
2019-03-13,15.869999885559082
2019-03-14,15.850000381469728
2019-03-15,15.869999885559082
2019-03-18,15.989999771118164
2019-03-19,15.970000267028809
2019-03-20,16.18000030517578
2019-03-21,16.100000381469727
2019-03-22,15.9399995803833
2019-03-25,15.979999542236328
2019-03-26,16.079999923706055
2019-03-27,15.970000267028809
2019-03-28,15.93000030517578
2019-03-29,15.949999809265137
2019-04-01,16.18000030517578
2019-04-02,16.299999237060547
2019-04-03,16.329999923706055
2019-04-04,16.329999923706055
2019-04-05,16.469999313354492
2019-04-08,16.600000381469727
2019-04-09,16.520000457763672
2019-04-10,16.639999389648438
2019-04-11,16.530000686645508
2019-04-12,16.6200008392334
2019-04-15,16.549999237060547
2019-04-16,16.56999969482422
2019-04-17,16.489999771118164
2019-04-18,16.549999237060547
2019-04-22,16.760000228881836
2019-04-23,16.790000915527344
2019-04-24,16.690000534057617
2019-04-25,16.59000015258789
2019-04-26,16.309999465942383
2019-04-29,16.350000381469727
2019-04-30,16.389999389648438
2019-05-01,16.399999618530273
2019-05-02,16.139999389648438
2019-05-03,16.170000076293945
2019-05-06,16.25
2019-05-07,15.960000038146973
2019-05-08,16.040000915527344
2019-05-09,15.960000038146973
2019-05-10,16.010000228881836
2019-05-13,15.859999656677246
2019-05-14,16.09000015258789
2019-05-15,16.239999771118164
2019-05-16,16.440000534057617
2019-05-17,16.309999465942383
2019-05-20,16.34000015258789
2019-05-21,16.34000015258789
2019-05-22,16.049999237060547
2019-05-23,15.619999885559082
2019-05-24,15.800000190734863
2019-05-28,15.899999618530272
2019-05-29,15.859999656677246
2019-05-30,15.5600004196167
2019-05-31,15.010000228881836
2019-06-03,14.899999618530272
2019-06-04,15.050000190734863
2019-06-05,14.729999542236328
2019-06-06,15.0
2019-06-07,15.039999961853027
2019-06-10,15.0
2019-06-11,15.0600004196167
2019-06-12,14.739999771118164
2019-06-13,14.949999809265137
2019-06-14,15.029999732971191
2019-06-17,14.9399995803833
2019-06-18,15.18000030517578
2019-06-19,15.1899995803833
2019-06-20,15.529999732971191
2019-06-21,15.600000381469728
2019-06-24,15.640000343322754
2019-06-25,15.670000076293944
2019-06-26,15.880000114440918
2019-06-27,15.880000114440918
2019-06-28,15.649999618530272
2019-07-01,15.720000267028809
2019-07-02,15.329999923706056
2019-07-03,15.489999771118164
2019-07-05,15.609999656677246
2019-07-08,15.539999961853027
2019-07-09,15.640000343322754
2019-07-10,16.06999969482422
2019-07-11,16.100000381469727
2019-07-12,16.139999389648438
2019-07-15,15.9399995803833
2019-07-16,15.729999542236328
2019-07-17,15.550000190734863
2019-07-18,15.390000343322754
2019-07-19,15.520000457763672
2019-07-22,15.489999771118164
2019-07-23,15.579999923706056
2019-07-24,15.489999771118164
2019-07-25,15.4399995803833
2019-07-26,15.4399995803833
2019-07-29,15.550000190734863
2019-07-30,15.649999618530272
2019-07-31,15.579999923706056
2019-08-01,15.0
2019-08-02,15.06999969482422
2019-08-05,14.90999984741211
2019-08-06,14.779999732971191
2019-08-07,14.5600004196167
2019-08-08,14.68000030517578
2019-08-09,14.850000381469728
2019-08-12,14.739999771118164
2019-08-13,15.029999732971191
2019-08-14,14.760000228881836
2019-08-15,14.6899995803833
2019-08-16,14.720000267028809
2019-08-19,14.859999656677246
2019-08-20,14.869999885559082
2019-08-21,14.899999618530272
2019-08-22,14.8100004196167
2019-08-23,14.600000381469728
2019-08-26,14.609999656677246
2019-08-27,14.739999771118164
2019-08-28,14.93000030517578
2019-08-29,15.020000457763672
2019-08-30,14.81999969482422
2019-09-03,14.630000114440918
2019-09-04,15.050000190734863
2019-09-05,15.039999961853027
2019-09-06,15.0600004196167
2019-09-09,15.279999732971191
2019-09-10,15.300000190734863
2019-09-11,15.109999656677246
2019-09-12,15.029999732971191
2019-09-13,15.050000190734863
2019-09-16,16.06999969482422
2019-09-17,15.600000381469728
2019-09-18,15.5
2019-09-19,15.600000381469728
2019-09-20,15.56999969482422
2019-09-23,15.619999885559082
2019-09-24,15.359999656677246
2019-09-25,15.329999923706056
2019-09-26,15.31999969482422
2019-09-27,15.210000038146973
2019-09-30,15.050000190734863
2019-10-01,14.979999542236328
2019-10-02,14.779999732971191
2019-10-03,14.789999961853027
2019-10-04,14.880000114440918
2019-10-07,14.880000114440918
2019-10-08,14.84000015258789
2019-10-09,14.920000076293944
2019-10-10,15.010000228881836
2019-10-11,15.260000228881836
2019-10-14,15.09000015258789
2019-10-15,15.050000190734863
2019-10-16,15.119999885559082
2019-10-17,15.199999809265137
2019-10-18,15.15999984741211
2019-10-21,15.09000015258789
2019-10-22,15.149999618530272
2019-10-23,15.390000343322754
2019-10-24,15.470000267028809
2019-10-25,15.529999732971191
2019-10-28,15.460000038146973
2019-10-29,15.40999984741211
2019-10-30,15.31999969482422
2019-10-31,15.170000076293944
2019-11-01,15.550000190734863
2019-11-04,15.649999618530272
2019-11-05,15.75
2019-11-06,15.579999923706056
2019-11-07,15.56999969482422
2019-11-08,15.640000343322754
2019-11-11,15.510000228881836
2019-11-12,15.520000457763672
2019-11-13,15.550000190734863
2019-11-14,15.510000228881836
2019-11-15,15.609999656677246
2019-11-18,15.390000343322754
2019-11-19,15.210000038146973
2019-11-20,15.40999984741211
2019-11-21,15.619999885559082
2019-11-22,15.579999923706056
2019-11-25,15.609999656677246
2019-11-26,15.670000076293944
2019-11-27,15.600000381469728
2019-11-29,15.229999542236328
2019-12-02,15.260000228881836
2019-12-03,15.289999961853027
2019-12-04,15.56999969482422
2019-12-05,15.59000015258789
2019-12-06,15.710000038146973
2019-12-09,15.68000030517578
2019-12-10,15.760000228881836
2019-12-11,15.670000076293944
2019-12-12,15.8100004196167
2019-12-13,15.880000114440918
2019-12-16,16.059999465942383
2019-12-17,16.149999618530273
2019-12-18,16.149999618530273
2019-12-19,16.170000076293945
2019-12-20,16.1299991607666
2019-12-23,16.170000076293945
2019-12-24,16.239999771118164
2019-12-26,16.389999389648438
2019-12-27,16.3799991607666
2019-12-30,16.329999923706055
2019-12-31,16.209999084472656
2020-01-02,16.290000915527344
2020-01-03,16.510000228881836
2020-01-06,16.510000228881836
2020-01-07,16.459999084472656
2020-01-08,16.149999618530273
2020-01-09,16.030000686645508
2020-01-10,16.020000457763672
2020-01-13,15.859999656677246
2020-01-14,15.949999809265137
2020-01-15,15.869999885559082
2020-01-16,15.850000381469728
2020-01-17,15.90999984741211
2020-01-21,15.8100004196167
2020-01-22,15.579999923706056
2020-01-23,15.40999984741211
2020-01-24,15.149999618530272
2020-01-27,14.789999961853027
2020-01-28,14.920000076293944
2020-01-29,14.829999923706056
2020-01-30,14.68000030517578
2020-01-31,14.489999771118164
2020-02-03,14.15999984741211
2020-02-04,14.18000030517578
2020-02-05,14.4399995803833
2020-02-06,14.460000038146973
2020-02-07,14.369999885559082
2020-02-10,14.210000038146973
2020-02-11,14.300000190734863
2020-02-12,14.56999969482422
2020-02-13,14.579999923706056
2020-02-14,14.670000076293944
2020-02-18,14.729999542236328
2020-02-19,14.920000076293944
2020-02-20,14.899999618530272
2020-02-21,14.800000190734863
2020-02-24,14.369999885559082
2020-02-25,14.109999656677246
2020-02-26,13.890000343322754
2020-02-27,13.550000190734863
2020-02-28,13.359999656677246
2020-03-02,13.739999771118164
2020-03-03,13.75
2020-03-04,13.720000267028809
2020-03-05,13.5
2020-03-06,12.829999923706056
2020-03-09,11.279999732971191
2020-03-10,11.8100004196167
2020-03-11,11.5
2020-03-12,10.90999984741211
2020-03-13,11.149999618530272
2020-03-16,10.25
2020-03-17,10.0
2020-03-18,9.43000030517578
2020-03-19,9.859999656677246
2020-03-20,9.640000343322754
2020-03-23,9.65999984741211
2020-03-24,9.9399995803833
2020-03-25,9.970000267028809
2020-03-26,9.81999969482422
2020-03-27,9.609999656677246
2020-03-30,9.350000381469728
2020-03-31,9.300000190734863
2020-04-01,9.130000114440918
2020-04-02,9.65999984741211
2020-04-03,10.18000030517578
2020-04-06,10.039999961853027
2020-04-07,9.920000076293944
2020-04-08,10.109999656677246
2020-04-09,9.869999885559082
2020-04-13,9.880000114440918
2020-04-14,9.609999656677246
2020-04-15,9.359999656677246
2020-04-16,9.390000343322754
2020-04-17,9.34000015258789
2020-04-20,8.9399995803833
2020-04-21,8.010000228881836
2020-04-22,8.170000076293945
2020-04-23,8.420000076293945
2020-04-24,8.350000381469727
2020-04-27,7.960000038146973
2020-04-28,7.929999828338623
2020-04-29,8.140000343322754
2020-04-30,8.479999542236328
2020-05-01,8.479999542236328
2020-05-04,8.640000343322754
2020-05-05,9.0600004196167
2020-05-06,8.850000381469727
2020-05-07,8.869999885559082
2020-05-08,9.09000015258789
2020-05-11,8.960000038146973
2020-05-12,8.899999618530273
2020-05-13,8.779999732971191
2020-05-14,9.020000457763672
2020-05-15,9.149999618530272
2020-05-18,9.510000228881836
2020-05-19,9.510000228881836
2020-05-20,9.720000267028809
2020-05-21,9.6899995803833
2020-05-22,9.56999969482422
2020-05-26,9.65999984741211
2020-05-27,9.56999969482422
2020-05-28,9.579999923706056
2020-05-29,9.81999969482422
2020-06-01,9.859999656677246
2020-06-02,10.020000457763672
2020-06-03,10.029999732971191
2020-06-04,10.109999656677246
2020-06-05,10.399999618530272
2020-06-08,10.270000457763672
2020-06-09,10.289999961853027
2020-06-10,10.420000076293944
2020-06-11,9.949999809265137
2020-06-12,10.029999732971191
2020-06-15,10.109999656677246
2020-06-16,10.239999771118164
2020-06-17,10.1899995803833
2020-06-18,10.3100004196167
2020-06-19,10.350000381469728
2020-06-22,10.479999542236328
2020-06-23,10.449999809265137
2020-06-24,10.140000343322754
2020-06-25,10.229999542236328
2020-06-26,10.039999961853027
2020-06-29,10.3100004196167
2020-06-30,10.369999885559082
2020-07-01,10.449999809265137
2020-07-02,10.529999732971191
2020-07-06,10.609999656677246
2020-07-07,10.600000381469728
2020-07-08,10.710000038146973
2020-07-09,10.579999923706056
2020-07-10,10.720000267028809
2020-07-13,10.520000457763672
2020-07-14,10.600000381469728
2020-07-15,10.710000038146973
2020-07-16,10.68000030517578
2020-07-17,10.649999618530272
2020-07-20,10.649999618530272
2020-07-21,10.8100004196167
2020-07-22,10.81999969482422
2020-07-23,10.800000190734863
2020-07-24,10.8100004196167
2020-07-27,10.850000381469728
2020-07-28,10.770000457763672
2020-07-29,10.859999656677246
2020-07-30,10.65999984741211
2020-07-31,10.75
2020-08-03,10.859999656677246
2020-08-04,10.920000076293944
2020-08-05,11.050000190734863
2020-08-06,11.020000457763672
2020-08-07,10.90999984741211
2020-08-10,10.979999542236328
2020-08-11,10.869999885559082
2020-08-12,11.0
2020-08-13,11.029999732971191
2020-08-14,11.029999732971191
2020-08-17,11.1899995803833
2020-08-18,11.15999984741211
2020-08-19,11.1899995803833
2020-08-20,11.149999618530272
2020-08-21,11.0600004196167
2020-08-24,11.119999885559082
2020-08-25,11.260000228881836
2020-08-26,11.270000457763672
2020-08-27,11.210000038146973
2020-08-28,11.279999732971191
2020-08-31,11.25
2020-09-01,11.279999732971191
2020-09-02,11.050000190734863
2020-09-03,10.979999542236328
2020-09-04,10.829999923706056
2020-09-08,10.470000267028809
2020-09-09,10.609999656677246
2020-09-10,10.470000267028809
2020-09-11,10.56999969482422
2020-09-14,10.529999732971191
2020-09-15,10.609999656677246
2020-09-16,10.84000015258789
2020-09-17,10.979999542236328
2020-09-18,11.010000228881836
2020-09-21,10.75
2020-09-22,10.6899995803833
2020-09-23,10.630000114440918
2020-09-24,10.699999809265137
2020-09-25,10.720000267028809
2020-09-28,10.800000190734863
2020-09-29,10.579999923706056
2020-09-30,10.75
2020-10-01,10.550000190734863
2020-10-02,10.369999885559082
2020-10-05,10.720000267028809
2020-10-06,10.789999961853027
2020-10-07,10.859999656677246
2020-10-08,11.0
2020-10-09,11.029999732971191
2020-10-12,10.859999656677246
2020-10-13,10.920000076293944
2020-10-14,11.029999732971191
2020-10-15,11.09000015258789
2020-10-16,11.029999732971191
2020-10-19,10.989999771118164
2020-10-20,11.09000015258789
2020-10-21,10.979999542236328
2020-10-22,11.020000457763672
2020-10-23,10.93000030517578
2020-10-26,10.75
2020-10-27,10.869999885559082
2020-10-28,10.550000190734863
2020-10-29,10.40999984741211
2020-10-30,10.380000114440918
2020-11-02,10.550000190734863
2020-11-03,10.640000343322754
2020-11-04,10.800000190734863
2020-11-05,10.800000190734863
2020-11-06,10.640000343322754
2020-11-09,10.920000076293944
2020-11-10,11.18000030517578
2020-11-11,11.15999984741211
2020-11-12,11.079999923706056
2020-11-13,11.010000228881836
2020-11-16,11.140000343322754
2020-11-17,11.18000030517578
2020-11-18,11.210000038146973
2020-11-19,11.199999809265137
2020-11-20,11.289999961853027
2020-11-23,11.369999885559082
2020-11-24,11.609999656677246
2020-11-25,11.699999809265137
2020-11-27,11.6899995803833
2020-11-30,11.649999618530272
2020-12-01,11.56999969482422
2020-12-02,11.649999618530272
2020-12-03,11.65999984741211
2020-12-04,11.699999809265137
2020-12-07,11.630000114440918
2020-12-08,11.640000343322754
2020-12-09,11.670000076293944
2020-12-10,11.880000114440918
2020-12-11,11.859999656677246
2020-12-14,11.890000343322754
2020-12-15,11.979999542236328
2020-12-16,12.039999961853027
2020-12-17,12.1899995803833
2020-12-18,12.260000228881836
2020-12-21,12.09000015258789
2020-12-22,11.970000267028809
2020-12-23,12.130000114440918
2020-12-24,12.18000030517578
2020-12-28,12.109999656677246
2020-12-29,12.140000343322754
2020-12-30,12.220000267028809
2020-12-31,12.329999923706056
2021-01-04,12.239999771118164
2021-01-05,12.670000076293944
2021-01-06,12.6899995803833
2021-01-07,12.710000038146973
2021-01-08,12.890000343322754
2021-01-11,12.779999732971191
2021-01-12,13.029999732971191
2021-01-13,12.960000038146973
2021-01-14,13.109999656677246
2021-01-15,12.920000076293944
2021-01-19,12.960000038146973
2021-01-20,12.989999771118164
2021-01-21,12.960000038146973
2021-01-22,12.770000457763672
2021-01-25,12.9399995803833
2021-01-26,12.989999771118164
2021-01-27,12.949999809265137
2021-01-28,12.880000114440918
2021-01-29,12.90999984741211
2021-02-01,13.130000114440918
2021-02-02,13.199999809265137
2021-02-03,13.329999923706056
2021-02-04,13.40999984741211
2021-02-05,13.520000457763672
2021-02-08,13.739999771118164
2021-02-09,13.770000457763672
2021-02-10,13.710000038146973
2021-02-11,13.699999809265137
2021-02-12,13.920000076293944
2021-02-16,14.06999969482422
2021-02-17,14.170000076293944
2021-02-18,14.09000015258789
2021-02-19,14.039999961853027
2021-02-22,14.350000381469728
2021-02-23,14.4399995803833
2021-02-24,14.640000343322754
2021-02-25,14.539999961853027
2021-02-26,14.239999771118164
2021-03-01,14.100000381469728
2021-03-02,14.09000015258789
2021-03-03,14.170000076293944
2021-03-04,14.420000076293944
2021-03-05,14.75
2021-03-08,14.510000228881836
2021-03-09,14.449999809265137
2021-03-10,14.520000457763672
2021-03-11,14.760000228881836
2021-03-12,14.68000030517578
2021-03-15,14.65999984741211
2021-03-16,14.579999923706056
2021-03-17,14.59000015258789
2021-03-18,13.859999656677246
2021-03-19,14.199999809265137
2021-03-22,14.140000343322754
2021-03-23,13.68000030517578
2021-03-24,14.0600004196167
2021-03-25,13.779999732971191
2021-03-26,14.140000343322754
2021-03-29,14.170000076293944
2021-03-30,13.9399995803833
2021-03-31,13.970000267028809
2021-04-01,14.140000343322754
2021-04-05,13.890000343322754
2021-04-06,13.970000267028809
2021-04-07,14.020000457763672
2021-04-08,14.130000114440918
2021-04-09,14.06999969482422
2021-04-12,14.010000228881836
2021-04-13,14.170000076293944
2021-04-14,14.489999771118164
2021-04-15,14.609999656677246
2021-04-16,14.579999923706056
2021-04-19,14.609999656677246
2021-04-20,14.59000015258789
2021-04-21,14.5
2021-04-22,14.630000114440918
2021-04-23,14.739999771118164
2021-04-26,14.869999885559082
2021-04-27,14.979999542236328
2021-04-28,15.039999961853027
2021-04-29,15.170000076293944
2021-04-30,15.100000381469728
2021-05-03,15.1899995803833
2021-05-04,15.40999984741211
2021-05-05,15.43000030517578
2021-05-06,15.5
2021-05-07,15.5600004196167
2021-05-10,15.510000228881836
2021-05-11,15.630000114440918
2021-05-12,15.630000114440918
2021-05-13,15.220000267028809
2021-05-14,15.3100004196167
2021-05-17,15.520000457763672
2021-05-18,15.43000030517578
2021-05-19,15.100000381469728
2021-05-20,14.90999984741211
2021-05-21,15.06999969482422
2021-05-24,15.31999969482422
2021-05-25,15.229999542236328
2021-05-26,15.260000228881836
2021-05-27,15.5
2021-05-28,15.460000038146973
2021-06-01,15.710000038146973
2021-06-02,15.779999732971191
2021-06-03,15.670000076293944
2021-06-04,15.829999923706056
2021-06-07,15.779999732971191
2021-06-08,15.9399995803833
2021-06-09,15.890000343322754
2021-06-10,15.93000030517578
2021-06-11,15.979999542236328
2021-06-14,15.920000076293944
2021-06-15,15.93000030517578
2021-06-16,15.81999969482422
2021-06-17,15.420000076293944
2021-06-18,15.56999969482422
2021-06-21,15.789999961853027
2021-06-22,15.75
2021-06-23,15.829999923706056
2021-06-24,15.869999885559082
2021-06-25,15.890000343322754
2021-06-28,15.859999656677246
2021-06-29,15.93000030517578
2021-06-30,16.09000015258789
2021-07-01,16.209999084472656
2021-07-02,16.260000228881836
2021-07-06,15.90999984741211
2021-07-07,15.6899995803833
2021-07-08,15.779999732971191
2021-07-09,16.0
2021-07-12,16.020000457763672
2021-07-13,16.15999984741211
2021-07-14,15.970000267028809
2021-07-15,15.859999656677246
2021-07-16,15.899999618530272
2021-07-19,15.279999732971191
2021-07-20,15.5
2021-07-21,15.81999969482422
2021-07-22,16.0
2021-07-23,16.049999237060547
2021-07-26,16.18000030517578
2021-07-27,16.079999923706055
2021-07-28,16.1200008392334
2021-07-29,16.360000610351562
2021-07-30,16.299999237060547
2021-08-02,16.110000610351562
2021-08-03,16.020000457763672
2021-08-04,15.710000038146973
2021-08-05,15.869999885559082
2021-08-06,15.729999542236328
2021-08-09,15.489999771118164
2021-08-10,15.770000457763672
2021-08-11,15.859999656677246
2021-08-12,15.880000114440918
2021-08-13,15.779999732971191
2021-08-16,15.739999771118164
2021-08-17,15.579999923706056
2021-08-18,15.380000114440918
2021-08-19,15.18000030517578
2021-08-20,14.890000343322754
2021-08-23,15.420000076293944
2021-08-24,15.739999771118164
2021-08-25,15.84000015258789
2021-08-26,15.789999961853027
2021-08-27,16.010000228881836
2021-08-30,16.030000686645508
2021-08-31,15.90999984741211
2021-09-01,15.84000015258789
2021-09-02,16.049999237060547
2021-09-03,16.059999465942383
2021-09-07,15.84000015258789
2021-09-08,16.0
2021-09-09,15.829999923706056
2021-09-10,16.040000915527344
2021-09-13,16.139999389648438
2021-09-14,16.170000076293945
2021-09-15,16.510000228881836
2021-09-16,16.43000030517578
2021-09-17,16.290000915527344
2021-09-20,16.09000015258789
2021-09-21,16.040000915527344
2021-09-22,16.280000686645508
2021-09-23,16.540000915527344
2021-09-24,16.6299991607666
2021-09-27,16.93000030517578
2021-09-28,16.799999237060547
2021-09-29,16.739999771118164
2021-09-30,16.860000610351562
2021-10-01,17.030000686645508
2021-10-04,17.31999969482422
2021-10-05,17.540000915527344
2021-10-06,17.209999084472656
2021-10-07,17.459999084472656
2021-10-08,17.510000228881836
2021-10-11,17.59000015258789
2021-10-12,17.56999969482422
2021-10-13,17.610000610351562
2021-10-14,17.809999465942383
2021-10-15,17.93000030517578
2021-10-18,17.81999969482422
2021-10-19,17.889999389648438
2021-10-20,18.100000381469727
2021-10-21,17.829999923706055
2021-10-22,17.969999313354492
2021-10-25,18.079999923706055
2021-10-26,18.1200008392334
2021-10-27,17.809999465942383
2021-10-28,17.920000076293945
2021-10-29,17.850000381469727
2021-11-01,17.979999542236328
2021-11-02,17.969999313354492
2021-11-03,17.56999969482422
2021-11-04,17.399999618530273
2021-11-05,17.6299991607666
2021-11-08,17.739999771118164
2021-11-09,17.860000610351562
2021-11-10,17.6200008392334
2021-11-11,17.690000534057617
2021-11-12,17.639999389648438
2021-11-15,17.68000030517578
2021-11-16,17.68000030517578
2021-11-17,17.450000762939453
2021-11-18,17.510000228881836
2021-11-19,17.239999771118164
2021-11-22,17.350000381469727
2021-11-23,17.729999542236328
2021-11-24,17.65999984741211
2021-11-26,16.510000228881836
2021-11-29,16.469999313354492
2021-11-30,15.960000038146973
2021-12-01,15.75
2021-12-02,16.010000228881836
2021-12-03,15.960000038146973
2021-12-06,16.34000015258789
2021-12-07,16.530000686645508
2021-12-08,16.719999313354492
2021-12-09,16.420000076293945
2021-12-10,16.6200008392334
2021-12-13,16.520000457763672
2021-12-14,16.389999389648438
2021-12-15,16.479999542236328
2021-12-16,16.59000015258789
2021-12-17,16.40999984741211
2021-12-20,16.219999313354492
2021-12-21,16.639999389648438
2021-12-22,16.920000076293945
2021-12-23,17.040000915527344
2021-12-27,17.290000915527344
2021-12-28,17.25
2021-12-29,17.31999969482422
2021-12-30,17.239999771118164
2021-12-31,17.110000610351562
2022-01-03,17.18000030517578
2022-01-04,17.3700008392334
2022-01-05,17.389999389648438
2022-01-06,17.600000381469727
2022-01-07,17.649999618530273
2022-01-10,17.559999465942383
2022-01-11,17.989999771118164
2022-01-12,18.190000534057617
2022-01-13,17.969999313354492
2022-01-14,18.31999969482422
2022-01-18,18.530000686645508
2022-01-19,18.6200008392334
2022-01-20,18.559999465942383
2022-01-21,18.56999969482422
2022-01-24,18.469999313354492
2022-01-25,18.670000076293945
2022-01-26,18.81999969482422
2022-01-27,18.920000076293945
2022-01-28,19.020000457763672
2022-01-31,19.1200008392334
2022-02-01,19.260000228881836
2022-02-02,19.31999969482422
2022-02-03,19.399999618530273
2022-02-04,19.670000076293945
2022-02-07,19.6299991607666
2022-02-08,19.40999984741211
2022-02-09,19.6299991607666
2022-02-10,19.5
2022-02-11,19.93000030517578
2022-02-14,20.059999465942383
2022-02-15,19.700000762939453
2022-02-16,19.6299991607666
2022-02-17,19.770000457763672
2022-02-18,19.84000015258789
2022-02-22,20.170000076293945
2022-02-23,20.280000686645508
2022-02-24,20.579999923706055
2022-02-25,20.229999542236328
2022-02-28,20.809999465942383
2022-03-01,22.06999969482422
2022-03-02,23.190000534057617
2022-03-03,23.229999542236328
2022-03-04,24.260000228881836
2022-03-07,24.90999984741211
2022-03-08,25.850000381469727
2022-03-09,23.079999923706055
2022-03-10,22.579999923706055
2022-03-11,23.0
2022-03-14,22.100000381469727
2022-03-15,21.459999084472656
2022-03-16,21.290000915527344
2022-03-17,22.5
2022-03-18,22.700000762939453
2022-03-21,23.81999969482422
2022-03-22,23.649999618530273
2022-03-23,24.489999771118164
2022-03-24,24.190000534057617
2022-03-25,24.3799991607666
2022-03-28,22.969999313354492
2022-03-29,23.049999237060547
2022-03-30,23.420000076293945
2022-03-31,22.649999618530273
2022-04-01,22.61000061035156
2022-04-04,23.13999938964844
2022-04-05,22.770000457763672
2022-04-06,22.420000076293945
2022-04-07,22.36000061035156
2022-04-08,22.6200008392334
2022-04-11,22.260000228881836
2022-04-12,23.11000061035156
2022-04-13,23.760000228881836
2022-04-14,24.059999465942383
2022-04-18,24.450000762939453
2022-04-19,23.63999938964844
2022-04-20,23.719999313354492
2022-04-21,23.760000228881836
2022-04-22,23.350000381469727
2022-04-25,23.079999923706055
2022-04-26,23.43000030517578
2022-04-27,23.600000381469727
2022-04-28,23.88999938964844
2022-04-29,23.68000030517578
2022-05-02,24.059999465942383
2022-05-03,23.559999465942383
2022-05-04,24.43000030517578
2022-05-05,24.329999923706055
2022-05-06,24.3700008392334
2022-05-09,22.969999313354492
2022-05-10,22.850000381469727
2022-05-11,23.579999923706055
2022-05-12,23.729999542236328
2022-05-13,24.170000076293945
2022-05-16,24.75
2022-05-17,24.459999084472656
2022-05-18,23.93000030517578
2022-05-19,24.299999237060547
2022-05-20,24.420000076293945
2022-05-23,24.579999923706055
2022-05-24,24.489999771118164
2022-05-25,24.6299991607666
2022-05-26,24.989999771118164
2022-05-27,25.25
2022-05-31,25.040000915527344
2022-06-01,25.190000534057617
2022-06-02,25.68000030517578
2022-06-03,25.920000076293945
2022-06-06,25.940000534057617
2022-06-07,26.1299991607666
2022-06-08,26.34000015258789
2022-06-09,26.280000686645508
2022-06-10,26.0
2022-06-13,25.770000457763672
2022-06-14,25.299999237060547
2022-06-15,25.25
2022-06-16,25.40999984741211
2022-06-17,24.5
2022-06-21,24.479999542236328
2022-06-22,24.010000228881836
2022-06-23,23.469999313354492
2022-06-24,23.829999923706055
2022-06-27,23.940000534057617
2022-06-28,24.229999542236328
2022-06-29,23.790000915527344
2022-06-30,23.100000381469727
2022-07-01,23.3799991607666
2022-07-05,21.850000381469727
2022-07-06,21.540000915527344
2022-07-07,22.399999618530273
2022-07-08,22.770000457763672
2022-07-11,22.760000228881836
2022-07-12,21.579999923706055
2022-07-13,21.729999542236328
2022-07-14,21.6200008392334
2022-07-15,21.88999938964844
2022-07-18,22.479999542236328
2022-07-19,22.600000381469727
2022-07-20,22.600000381469727
2022-07-21,22.170000076293945
2022-07-22,21.920000076293945
2022-07-25,22.309999465942383
2022-07-26,22.329999923706055
2022-07-27,22.86000061035156
2022-07-28,22.790000915527344
2022-07-29,22.93000030517578
2022-08-01,22.25
2022-08-02,22.049999237060547
2022-08-03,21.850000381469727
2022-08-04,21.559999465942383
2022-08-05,21.469999313354492
2022-08-08,21.690000534057617
2022-08-09,21.88999938964844
2022-08-10,22.219999313354492
2022-08-11,22.65999984741211
2022-08-12,22.56999969482422
2022-08-15,22.1200008392334
2022-08-16,21.86000061035156
2022-08-17,22.020000457763672
2022-08-18,22.36000061035156
2022-08-19,22.3799991607666
2022-08-22,22.61000061035156
2022-08-23,23.030000686645508
2022-08-24,23.290000915527344
2022-08-25,23.020000457763672
2022-08-26,23.06999969482422
2022-08-29,23.489999771118164
2022-08-30,22.760000228881836
2022-08-31,22.25
2022-09-01,21.729999542236328
2022-09-02,21.88999938964844
2022-09-06,21.719999313354492
2022-09-07,21.13999938964844
2022-09-08,21.260000228881836
2022-09-09,21.8700008392334
2022-09-12,22.209999084472656
2022-09-13,22.059999465942383
2022-09-14,22.15999984741211
2022-09-15,21.420000076293945
2022-09-16,21.3799991607666
2022-09-19,21.510000228881836
2022-09-20,21.459999084472656
2022-09-21,21.3799991607666
2022-09-22,21.329999923706055
2022-09-23,20.530000686645508
2022-09-26,20.040000915527344
2022-09-27,20.31999969482422
2022-09-28,20.979999542236328
2022-09-29,20.8799991607666
2022-09-30,20.579999923706055
2022-10-03,21.1299991607666
2022-10-04,21.739999771118164
2022-10-05,22.100000381469727
2022-10-06,22.229999542236328
2022-10-07,22.61000061035156
2022-10-10,22.309999465942383
2022-10-11,21.969999313354492
2022-10-12,21.8700008392334
2022-10-13,22.280000686645508
2022-10-14,21.729999542236328
2022-10-17,21.68000030517578
2022-10-18,21.399999618530273
2022-10-19,21.43000030517578
2022-10-20,21.459999084472656
2022-10-21,21.579999923706055
2022-10-24,21.59000015258789
2022-10-25,21.690000534057617
2022-10-26,22.170000076293945
2022-10-27,22.170000076293945
2022-10-28,21.979999542236328
2022-10-31,21.850000381469727
2022-11-01,22.100000381469727
2022-11-02,22.229999542236328
2022-11-03,22.170000076293945
2022-11-04,22.979999542236328
2022-11-07,22.829999923706055
2022-11-08,22.440000534057617
2022-11-09,21.84000015258789
2022-11-10,22.020000457763672
2022-11-11,22.420000076293945
2022-11-14,21.979999542236328
2022-11-15,22.309999465942383
2022-11-16,22.06999969482422
2022-11-17,21.6299991607666
2022-11-18,21.440000534057617
2022-11-21,21.399999618530273
2022-11-22,21.65999984741211
2022-11-23,21.25
2022-11-25,21.020000457763672
2022-11-28,20.850000381469727
2022-11-29,21.1299991607666
2022-11-30,21.59000015258789
2022-12-01,21.469999313354492
2022-12-02,21.209999084472656
2022-12-05,20.59000015258789
2022-12-06,20.100000381469727
2022-12-07,19.940000534057617
2022-12-08,19.8700008392334
2022-12-09,19.88999938964844
2022-12-12,20.219999313354492
2022-12-13,20.68000030517578
2022-12-14,20.93000030517578
2022-12-15,20.739999771118164
2022-12-16,20.43000030517578
2022-12-19,20.40999984741211
2022-12-20,20.420000076293945
2022-12-21,20.8700008392334
2022-12-22,20.709999084472656
2022-12-23,21.09000015258789
2022-12-27,21.239999771118164
2022-12-28,21.040000915527344
2022-12-29,20.989999771118164
2022-12-30,21.229999542236328
2023-01-03,20.579999923706055
2023-01-04,19.920000076293945
2023-01-05,19.86000061035156
2023-01-06,19.969999313354492
2023-01-09,20.209999084472656
2023-01-10,20.209999084472656
2023-01-11,20.68000030517578
2023-01-12,20.899999618530273
2023-01-13,21.149999618530273
2023-01-17,21.3700008392334
2023-01-18,21.079999923706055
2023-01-19,21.280000686645508
2023-01-20,21.489999771118164
2023-01-23,21.600000381469727
2023-01-24,21.3700008392334
2023-01-25,21.31999969482422
2023-01-26,21.479999542236328
2023-01-27,21.200000762939453
2023-01-30,20.8700008392334
2023-01-31,21.209999084472656
2023-02-01,20.690000534057617
2023-02-02,20.469999313354492
2023-02-03,19.989999771118164
2023-02-06,20.1299991607666
2023-02-07,20.59000015258789
2023-02-08,20.68000030517578
2023-02-09,20.530000686645508
2023-02-10,20.899999618530273
2023-02-13,20.829999923706055
2023-02-14,20.899999618530273
2023-02-15,20.63999938964844
2023-02-16,20.530000686645508
2023-02-17,20.299999237060547
2023-02-21,20.3799991607666
2023-02-22,20.0
2023-02-23,20.170000076293945
2023-02-24,20.219999313354492
2023-02-27,20.18000030517578
2023-02-28,20.309999465942383
2023-03-01,20.61000061035156
2023-03-02,20.549999237060547
2023-03-03,20.8700008392334
2023-03-06,20.850000381469727
2023-03-07,20.309999465942383
2023-03-08,20.200000762939453
2023-03-09,19.920000076293945
2023-03-10,20.1299991607666
2023-03-13,19.90999984741211
2023-03-14,19.559999465942383
2023-03-15,19.010000228881836
2023-03-16,19.059999465942383
2023-03-17,18.88999938964844
2023-03-20,19.020000457763672
2023-03-21,19.209999084472656
2023-03-22,19.239999771118164
2023-03-23,19.149999618530273
2023-03-24,19.239999771118164
2023-03-27,19.739999771118164
2023-03-28,19.829999923706055
2023-03-29,19.709999084472656
2023-03-30,19.8700008392334
2023-03-31,20.1200008392334
2023-04-03,20.65999984741211
2023-04-04,20.6299991607666
2023-04-05,20.65999984741211
2023-04-06,20.6200008392334
2023-04-10,20.600000381469727
2023-04-11,20.809999465942383
2023-04-12,21.010000228881836
2023-04-13,20.93000030517578
2023-04-14,20.979999542236328
2023-04-17,20.84000015258789
2023-04-18,20.8799991607666
2023-04-19,20.559999465942383
2023-04-20,20.209999084472656
2023-04-21,20.209999084472656
2023-04-24,20.3799991607666
2023-04-25,20.010000228881836
2023-04-26,19.600000381469727
2023-04-27,19.6299991607666
2023-04-28,19.90999984741211
2023-05-01,19.760000228881836
2023-05-02,19.15999984741211
2023-05-03,18.690000534057617
2023-05-04,18.799999237060547
2023-05-05,19.260000228881836
2023-05-08,19.520000457763672
2023-05-09,19.579999923706055
2023-05-10,19.469999313354492
2023-05-11,19.149999618530273
2023-05-12,19.030000686645508
2023-05-15,19.31999969482422
2023-05-16,19.1200008392334
2023-05-17,19.43000030517578
2023-05-18,19.290000915527344
2023-05-19,19.25
2023-05-22,19.239999771118164
2023-05-23,19.31999969482422
2023-05-24,19.459999084472656
2023-05-25,19.149999618530273
2023-05-26,19.3700008392334
2023-05-30,18.86000061035156
2023-05-31,18.670000076293945
2023-06-01,19.0
2023-06-02,19.36000061035156
2023-06-05,19.329999923706055
2023-06-06,19.3700008392334
2023-06-07,19.510000228881836
2023-06-08,19.43000030517578
2023-06-09,19.31999969482422
2023-06-12,18.920000076293945
2023-06-13,19.280000686645508
2023-06-14,19.229999542236328
2023-06-15,19.75
2023-06-16,20.030000686645508
2023-06-20,19.84000015258789
2023-06-21,20.170000076293945
2023-06-22,19.700000762939453
2023-06-23,19.530000686645508
2023-06-26,19.600000381469727
2023-06-27,19.229999542236328
2023-06-28,19.260000228881836
2023-06-29,19.31999969482422
2023-06-30,19.489999771118164
2023-07-03,19.459999084472656
2023-07-05,19.709999084472656
2023-07-06,19.690000534057617
2023-07-07,19.899999618530273
2023-07-10,19.899999618530273
2023-07-11,20.15999984741211
2023-07-12,20.270000457763672
2023-07-13,20.530000686645508
2023-07-14,20.3799991607666
2023-07-17,20.13999938964844
2023-07-18,20.459999084472656
2023-07-19,20.56999969482422
2023-07-20,20.68000030517578
2023-07-21,20.86000061035156
2023-07-24,21.299999237060547
2023-07-25,21.3700008392334
2023-07-26,21.25
2023-07-27,21.350000381469727
2023-07-28,21.450000762939453
2023-07-31,21.600000381469727
2023-08-01,21.549999237060547
2023-08-02,21.15999984741211
2023-08-03,21.399999618530273
2023-08-04,21.459999084472656
2023-08-07,21.5
2023-08-08,21.5
2023-08-09,21.799999237060547
2023-08-10,21.59000015258789
2023-08-11,21.559999465942383
2023-08-14,21.440000534057617
2023-08-15,21.09000015258789
2023-08-16,20.920000076293945
2023-08-17,21.049999237060547
2023-08-18,21.280000686645508
2023-08-21,21.209999084472656
2023-08-22,21.149999618530273
2023-08-23,21.1200008392334
2023-08-24,21.149999618530273
2023-08-25,21.5
2023-08-28,21.440000534057617
2023-08-29,21.520000457763672
2023-08-30,21.520000457763672
2023-08-31,21.700000762939453
2023-09-01,22.010000228881836
2023-09-05,22.13999938964844
2023-09-06,22.209999084472656
2023-09-07,22.170000076293945
2023-09-08,22.25
2023-09-11,22.399999618530273
2023-09-12,22.520000457763672
2023-09-13,22.600000381469727
2023-09-14,22.88999938964844
2023-09-15,22.809999465942383
2023-09-18,22.799999237060547
2023-09-19,22.84000015258789
2023-09-20,22.579999923706055
2023-09-21,22.530000686645508
2023-09-22,22.579999923706055
2023-09-25,22.5
2023-09-26,22.530000686645508
2023-09-27,22.829999923706055
2023-09-28,22.739999771118164
2023-09-29,22.510000228881836
2023-10-02,22.25
2023-10-03,22.229999542236328
2023-10-04,21.489999771118164
2023-10-05,21.229999542236328
2023-10-06,21.34000015258789
2023-10-09,21.86000061035156
2023-10-10,21.780000686645508
2023-10-11,21.579999923706055
2023-10-12,21.6200008392334
2023-10-13,22.260000228881836
2023-10-16,22.1200008392334
2023-10-17,22.13999938964844
2023-10-18,22.329999923706055
2023-10-19,22.61000061035156
2023-10-20,22.40999984741211
2023-10-23,22.1200008392334
2023-10-24,21.780000686645508
2023-10-25,21.979999542236328
2023-10-26,21.799999237060547
2023-10-27,22.11000061035156
2023-10-30,21.719999313354492
2023-10-31,21.6299991607666
2023-11-01,21.59000015258789
2023-11-02,21.8700008392334
2023-11-03,21.670000076293945
2023-11-06,21.65999984741211
2023-11-07,21.049999237060547
2023-11-08,20.770000457763672
2023-11-09,20.670000076293945
2023-11-10,20.8700008392334
2023-11-13,21.219999313354492
2023-11-14,21.18000030517578
2023-11-15,21.030000686645508
2023-11-16,20.420000076293945
2023-11-17,20.799999237060547
2023-11-20,21.079999923706055
2023-11-21,21.18000030517578
2023-11-22,20.969999313354492
2023-11-24,20.760000228881836
2023-11-27,20.549999237060547
2023-11-28,20.86000061035156
2023-11-29,21.06999969482422
2023-11-30,20.68000030517578
2023-12-01,20.489999771118164
2023-12-04,20.329999923706055
2023-12-05,20.18000030517578
2023-12-06,19.6200008392334
2023-12-07,19.709999084472656
2023-12-08,19.920000076293945
2023-12-11,19.8799991607666
2023-12-12,19.469999313354492
2023-12-13,19.68000030517578
2023-12-14,20.079999923706055
2023-12-15,20.149999618530273
2023-12-18,20.31999969482422
2023-12-19,20.520000457763672
2023-12-20,20.309999465942383
2023-12-21,20.40999984741211
2023-12-22,20.329999923706055
2023-12-26,20.6200008392334
2023-12-27,20.479999542236328
2023-12-28,20.18000030517578
2023-12-29,20.059999465942383
2024-01-02,19.850000381469727
2024-01-03,20.25
2024-01-04,20.190000534057617
2024-01-05,20.329999923706055
2024-01-08,19.950000762939453
2024-01-09,20.18000030517578
2024-01-10,20.020000457763672
2024-01-11,20.25
2024-01-12,20.290000915527344
2024-01-16,20.13999938964844
2024-01-17,20.15999984741211
2024-01-18,20.3700008392334
2024-01-19,20.350000381469727
2024-01-22,20.5
2024-01-23,20.59000015258789
2024-01-24,20.770000457763672
2024-01-25,21.059999465942383
2024-01-26,21.25
2024-01-29,21.020000457763672
2024-01-30,21.200000762939453
2024-01-31,20.940000534057617
2024-02-01,20.63999938964844
2024-02-02,20.3700008392334
2024-02-05,20.469999313354492
2024-02-06,20.59000015258789
2024-02-07,20.719999313354492
2024-02-08,21.030000686645508
2024-02-09,21.06999969482422
2024-02-12,21.11000061035156
2024-02-13,21.079999923706055
2024-02-14,20.850000381469727
2024-02-15,21.010000228881836
2024-02-16,21.11000061035156
2024-02-20,21.0
2024-02-21,21.09000015258789
2024-02-22,21.15999984741211
2024-02-23,20.86000061035156
2024-02-26,21.049999237060547
2024-02-27,21.219999313354492
2024-02-28,21.100000381469727
2024-02-29,21.1200008392334
2024-03-01,21.350000381469727
2024-03-04,21.270000457763672
2024-03-05,21.11000061035156
2024-03-06,21.270000457763672
2024-03-07,21.34000015258789
2024-03-08,21.190000534057617
2024-03-11,21.309999465942383
2024-03-12,21.280000686645508
2024-03-13,21.61000061035156
2024-03-14,21.719999313354492
2024-03-15,21.809999465942383
2024-03-18,22.100000381469727
2024-03-19,22.100000381469727
2024-03-20,21.93000030517578
2024-03-21,21.8799991607666
2024-03-22,21.799999237060547
2024-03-25,21.979999542236328
2024-03-26,21.809999465942383
2024-03-27,21.829999923706055
2024-03-28,22.059999465942383
2024-04-01,22.219999313354492
2024-04-02,22.43000030517578
2024-04-03,22.600000381469727
2024-04-04,22.770000457763672
2024-04-05,22.84000015258789
2024-04-08,22.799999237060547
2024-04-09,22.68000030517578
2024-04-10,22.780000686645508
2024-04-11,22.670000076293945
2024-04-12,22.690000534057617
2024-04-15,22.739999771118164
2024-04-16,22.700000762939453
2024-04-17,22.299999237060547
2024-04-18,22.290000915527344
2024-04-19,22.469999313354492
2024-04-22,22.5
2024-04-23,22.6299991607666
2024-04-24,22.530000686645508
2024-04-25,22.709999084472656
2024-04-26,22.670000076293945
2024-04-29,22.59000015258789
2024-04-30,22.270000457763672
2024-05-01,21.829999923706055
2024-05-02,21.86000061035156
2024-05-03,21.850000381469727
2024-05-06,22.040000915527344
2024-05-07,22.030000686645508
2024-05-08,22.020000457763672
2024-05-09,22.1299991607666
2024-05-10,21.989999771118164
2024-05-13,22.1200008392334
2024-05-14,21.959999084472656
2024-05-15,22.09000015258789
2024-05-16,22.18000030517578
2024-05-17,22.43000030517578
2024-05-20,22.520000457763672
2024-05-21,22.440000534057617
2024-05-22,22.200000762939453
2024-05-23,22.100000381469727
2024-05-24,22.219999313354492
2024-05-28,22.670000076293945
2024-05-29,22.38999938964844
2024-05-30,22.079999923706055
2024-05-31,21.950000762939453
2024-06-03,21.549999237060547
2024-06-04,21.329999923706055
2024-06-05,21.479999542236328
2024-06-06,21.790000915527344
2024-06-07,21.530000686645508
2024-06-10,21.920000076293945
2024-06-11,21.920000076293945
2024-06-12,22.020000457763672
2024-06-13,22.0
2024-06-14,22.0
2024-06-17,22.170000076293945
2024-06-18,22.31999969482422
2024-06-20,22.36000061035156
2024-06-21,22.149999618530273
2024-06-24,22.350000381469727
2024-06-25,22.09000015258789
2024-06-26,22.100000381469727
2024-06-27,22.299999237060547
2024-06-28,22.149999618530273
2024-07-01,22.43000030517578
2024-07-02,22.469999313354492
2024-07-03,22.530000686645508
2024-07-05,22.56999969482422
2024-07-08,22.25
2024-07-09,22.1200008392334
2024-07-10,22.13999938964844
2024-07-11,22.25
2024-07-12,22.15999984741211
2024-07-15,21.989999771118164
2024-07-16,21.8799991607666
2024-07-17,22.0
2024-07-18,21.829999923706055
2024-07-19,21.510000228881836
2024-07-22,21.600000381469727
2024-07-23,21.440000534057617
2024-07-24,21.40999984741211
2024-07-25,21.479999542236328
2024-07-26,21.239999771118164
2024-07-29,21.049999237060547
2024-07-30,20.989999771118164
2024-07-31,21.510000228881836
2024-08-01,21.149999618530273
2024-08-02,20.760000228881836
2024-08-05,20.65999984741211
2024-08-06,20.579999923706055
2024-08-07,20.86000061035156
2024-08-08,20.979999542236328
2024-08-09,21.11000061035156
2024-08-12,21.5
2024-08-13,21.280000686645508
2024-08-14,21.200000762939453
2024-08-15,21.309999465942383
2024-08-16,21.13999938964844
2024-08-19,21.0
2024-08-20,20.899999618530273
2024-08-21,20.719999313354492
2024-08-22,20.780000686645508
2024-08-23,21.149999618530273
2024-08-26,21.450000762939453
2024-08-27,21.31999969482422
2024-08-28,21.06999969482422
2024-08-29,21.309999465942383
2024-08-30,21.040000915527344
2024-09-03,20.56999969482422
2024-09-04,20.329999923706055
2024-09-05,20.3799991607666
2024-09-06,20.09000015258789
2024-09-09,20.190000534057617
2024-09-10,19.84000015258789
2024-09-11,20.06999969482422
2024-09-12,20.43000030517578
2024-09-13,20.43000030517578
2024-09-16,20.600000381469727
2024-09-17,20.760000228881836
2024-09-18,20.61000061035156
2024-09-19,21.010000228881836
2024-09-20,21.030000686645508
2024-09-23,21.040000915527344
2024-09-24,21.34000015258789
2024-09-25,21.1200008392334
2024-09-26,20.8799991607666
2024-09-27,21.059999465942383
2024-09-30,21.0
2024-10-01,21.36000061035156
2024-10-02,21.549999237060547
2024-10-03,21.940000534057617
2024-10-04,21.989999771118164
2024-10-07,22.350000381469727
2024-10-08,21.760000228881836
2024-10-09,21.61000061035156
2024-10-10,22.049999237060547
2024-10-11,22.040000915527344
2024-10-14,21.690000534057617
2024-10-15,21.200000762939453
2024-10-16,21.149999618530273
2024-10-17,21.13999938964844
2024-10-18,20.989999771118164
2024-10-21,21.1299991607666
2024-10-22,21.440000534057617
2024-10-23,21.3799991607666
2024-10-24,21.34000015258789
2024-10-25,21.520000457763672
2024-10-28,20.88999938964844
2024-10-29,20.81999969482422
2024-10-30,21.079999923706055
2024-10-31,21.299999237060547
2024-11-01,21.06999969482422
2024-11-04,21.450000762939453
2024-11-05,21.520000457763672
2024-11-06,21.399999618530273
2024-11-07,21.549999237060547
2024-11-08,21.219999313354492
2024-11-11,20.88999938964844
2024-11-12,20.829999923706055
2024-11-13,20.799999237060547
2024-11-14,20.809999465942383
2024-11-15,20.700000762939453
2024-11-18,21.1299991607666
2024-11-19,21.200000762939453
2024-11-20,21.229999542236328
2024-11-21,21.40999984741211
2024-11-22,21.479999542236328
2024-11-25,21.200000762939453
2024-11-26,21.149999618530273
2024-11-27,21.1200008392334
2024-11-29,21.13999938964844
2024-12-02,21.0
2024-12-03,21.270000457763672
2024-12-04,21.09000015258789
2024-12-05,21.06999969482422
2024-12-06,20.90999984741211
2024-12-09,21.149999618530273
2024-12-10,21.239999771118164
2024-12-11,21.5
2024-12-12,21.479999542236328
2024-12-13,21.56999969482422
2024-12-16,21.40999984741211
2024-12-17,21.329999923706055
2024-12-18,21.190000534057617
2024-12-19,21.13999938964844
2024-12-20,21.510000228881836
2024-12-23,21.280000686645508
2024-12-24,21.38999938964844
2024-12-26,21.34000015258789
2024-12-27,21.420000076293945
2024-12-30,21.65999984741211
2024-12-31,21.770000457763672
2025-01-02,21.989999771118164
2025-01-03,21.950000762939453
2025-01-06,21.969999313354492
2025-01-07,22.06999969482422
2025-01-08,21.989999771118164
2025-01-10,22.709999084472656
2025-01-13,22.899999618530273
2025-01-14,22.84000015258789
2025-01-15,23.309999465942383
2025-01-16,23.1299991607666
2025-01-17,23.049999237060547
2025-01-21,22.899999618530273
2025-01-22,22.81999969482422
2025-01-23,22.729999542236328
2025-01-24,22.790000915527344
2025-01-27,22.469999313354492
2025-01-28,22.56999969482422
2025-01-29,22.559999465942383
2025-01-30,22.56999969482422
2025-01-31,22.520000457763672
2025-02-03,22.649999618530273
2025-02-04,22.670000076293945
2025-02-05,22.540000915527344
2025-02-06,22.459999084472656
2025-02-07,22.5
2025-02-10,22.829999923706055
2025-02-11,22.920000076293945
2025-02-12,22.670000076293945
2025-02-13,22.799999237060547
2025-02-14,22.700000762939453
2025-02-18,23.010000228881836
2025-02-19,23.11000061035156
2025-02-20,23.09000015258789
2025-02-21,22.700000762939453
2025-02-24,22.690000534057617
2025-02-25,22.40999984741211
2025-02-26,22.299999237060547
2025-02-27,22.329999923706055
2025-02-28,22.190000534057617
2025-03-03,21.969999313354492
2025-03-04,22.030000686645508
2025-03-05,21.920000076293945
2025-03-06,21.84000015258789
2025-03-07,22.059999465942383
2025-03-10,21.8700008392334
2025-03-11,21.989999771118164
2025-03-12,22.079999923706055
2025-03-13,21.950000762939453
2025-03-14,22.06999969482422
2025-03-17,22.239999771118164
2025-03-18,22.13999938964844
2025-03-19,22.309999465942383
2025-03-20,22.399999618530273
2025-03-21,22.299999237060547
2025-03-24,22.440000534057617
2025-03-25,22.459999084472656
2025-03-26,22.440000534057617
2025-03-27,22.5
2025-03-28,22.38999938964844
2025-03-31,22.770000457763672
2025-04-01,22.770000457763672
2025-04-02,22.920000076293945
2025-04-03,21.969999313354492
2025-04-04,21.030000686645508
2025-04-07,20.6299991607666
2025-04-08,20.190000534057617
2025-04-09,21.13999938964844
2025-04-10,20.75
2025-04-11,21.1200008392334
2025-04-14,21.1200008392334
2025-04-15,21.059999465942383
2025-04-16,21.36000061035156
2025-04-17,21.59000015258789
2025-04-21,21.40999984741211
2025-04-22,21.559999465942383
2025-04-23,21.399999618530273
2025-04-24,21.579999923706055
2025-04-25,21.600000381469727
2025-04-28,21.510000228881836
2025-04-29,21.18000030517578
2025-04-30,20.75
2025-05-01,20.8799991607666
2025-05-02,20.969999313354492
2025-05-05,20.780000686645508
2025-05-06,21.079999923706055
2025-05-07,20.84000015258789
2025-05-08,21.149999618530273
2025-05-09,21.350000381469727
2025-05-12,21.489999771118164
2025-05-13,21.770000457763672
2025-05-14,21.600000381469727
2025-05-15,21.469999313354492
2025-05-16,21.440000534057617
2025-05-19,21.459999084472656
2025-05-20,21.65999984741211
2025-05-21,21.540000915527344
2025-05-22,21.38999938964844
2025-05-23,21.559999465942383
2025-05-27,21.40999984741211
2025-05-28,21.329999923706055
2025-05-29,21.260000228881836
2025-05-30,21.170000076293945
2025-06-02,21.600000381469727
2025-06-03,21.700000762939453
2025-06-04,21.63999938964844
2025-06-05,21.760000228881836
2025-06-06,21.979999542236328
2025-06-09,22.040000915527344
2025-06-10,21.979999542236328
2025-06-11,22.3700008392334
2025-06-12,22.3799991607666
2025-06-13,23.040000915527344
2025-06-16,22.989999771118164
2025-06-17,23.479999542236328
2025-06-18,23.520000457763672
2025-06-20,23.59000015258789
2025-06-23,22.68000030517578
2025-06-24,22.11000061035156
2025-06-25,22.059999465942383
2025-06-26,22.1299991607666
2025-06-27,22.100000381469727
2025-06-30,22.040000915527344
2025-07-01,22.15999984741211
2025-07-02,22.530000686645508
2025-07-03,22.459999084472656
2025-07-07,22.5
2025-07-08,22.549999237060547
2025-07-09,22.549999237060547
2025-07-10,22.38999938964844
2025-07-11,22.68000030517578
2025-07-14,22.450000762939453
2025-07-15,22.40999984741211
2025-07-16,22.479999542236328
2025-07-17,22.649999618530273
2025-07-18,22.709999084472656
2025-07-21,22.670000076293945
2025-07-22,22.61000061035156
2025-07-23,22.600000381469727
2025-07-24,22.6299991607666
2025-07-25,22.420000076293945
2025-07-28,22.709999084472656
2025-07-29,23.0
2025-07-30,23.049999237060547
2025-07-31,22.799999237060547
2025-08-01,22.510000228881836
2025-08-04,22.3799991607666
2025-08-05,22.229999542236328
2025-08-06,22.190000534057617
2025-08-07,22.229999542236328
2025-08-08,22.18000030517578
2025-08-11,22.25
2025-08-12,22.1200008392334
2025-08-13,22.079999923706055
2025-08-14,22.149999618530273
2025-08-15,22.1299991607666
2025-08-18,22.18000030517578
2025-08-19,22.059999465942383
2025-08-20,22.299999237060547
2025-08-21,22.459999084472656
2025-08-22,22.56999969482422
2025-08-25,22.709999084472656
2025-08-26,22.520000457763672
2025-08-27,22.59000015258789
2025-08-28,22.719999313354492
2025-08-29,22.770000457763672
2025-09-02,23.1200008392334
2025-09-03,22.8799991607666
2025-09-04,22.75
2025-09-05,22.549999237060547
2025-09-08,22.709999084472656
2025-09-09,22.700000762939453
2025-09-10,22.86000061035156
2025-09-11,22.670000076293945
2025-09-12,22.760000228881836
2025-09-15,23.030000686645508
2025-09-16,23.239999771118164
2025-09-17,22.979999542236328
2025-09-18,22.8799991607666
2025-09-19,22.709999084472656
2025-09-22,22.75
2025-09-23,23.0
2025-09-24,23.15999984741211
2025-09-25,23.270000457763672
2025-09-26,23.309999465942383
2025-09-29,23.030000686645508
2025-09-30,22.969999313354492
2025-10-01,22.920000076293945
2025-10-02,22.690000534057617
2025-10-03,22.75
2025-10-06,22.969999313354492
2025-10-07,23.049999237060547
2025-10-08,23.149999618530273
2025-10-09,22.93000030517578
2025-10-10,22.450000762939453
2025-10-13,22.75
2025-10-14,22.520000457763672
2025-10-15,22.59000015258789
2025-10-16,22.540000915527344
2025-10-17,22.5
2025-10-20,22.690000534057617
2025-10-21,22.600000381469727
2025-10-22,22.90999984741211
2025-10-23,23.34000015258789
2025-10-24,23.25
2025-10-27,23.18000030517578
2025-10-28,22.8799991607666
2025-10-29,23.040000915527344
2025-10-30,23.049999237060547
2025-10-31,23.209999084472656
2025-11-03,23.40999984741211
2025-11-04,23.170000076293945
2025-11-05,23.049999237060547
2025-11-06,23.049999237060547
2025-11-07,23.079999923706055
2025-11-10,23.43000030517578
2025-11-11,23.6299991607666
2025-11-12,23.229999542236328
2025-11-13,23.149999618530273
2025-11-14,23.25
2025-11-17,23.229999542236328
2025-11-18,23.459999084472656
2025-11-19,23.18000030517578
2025-11-20,22.920000076293945
2025-11-21,22.770000457763672
2025-11-24,22.8799991607666
2025-11-25,22.670000076293945
2025-11-26,22.979999542236328
2025-11-28,23.270000457763672
2025-12-01,23.290000915527344
2025-12-02,23.15999984741211
2025-12-03,23.309999465942383
2025-12-04,23.440000534057617
2025-12-05,23.63999938964844
2025-12-08,23.260000228881836
2025-12-09,23.100000381469727
2025-12-10,23.260000228881836
2025-12-11,23.170000076293945
2025-12-12,22.940000534057617
2025-12-15,22.780000686645508
2025-12-16,22.479999542236328
2025-12-17,22.799999237060547
2025-12-18,22.6200008392334
2025-12-19,22.81999969482422
2025-12-22,23.13999938964844
2025-12-23,23.3700008392334
2025-12-24,23.31999969482422
2025-12-26,23.219999313354492
2025-12-29,23.170000076293945
2025-12-30,23.299999237060547
2025-12-31,23.059999465942383
2026-01-02,23.06999969482422
2026-01-05,23.489999771118164
2026-01-06,23.36000061035156
2026-01-07,23.219999313354492
2026-01-08,23.579999923706055
2026-01-09,23.56999969482422
2026-01-12,23.799999237060547
2026-01-13,24.079999923706055
2026-01-14,24.020000457763672
2026-01-15,23.809999465942383
2026-01-16,23.809999465942383
2026-01-20,24.06999969482422
2026-01-21,24.399999618530273
2026-01-22,24.270000457763672
2026-01-23,24.760000228881836
2026-01-26,24.850000381469727
2026-01-27,25.229999542236328
2026-01-28,25.510000228881836
2026-01-29,25.969999313354492
2026-01-30,25.479999542236328
2026-02-02,24.459999084472656
2026-02-03,25.059999465942383
2026-02-04,25.059999465942383
2026-02-05,24.700000762939453
2026-02-06,24.920000076293945
2026-02-09,25.100000381469727
2026-02-10,24.979999542236328
2026-02-11,25.229999542236328
2026-02-12,24.690000534057617
2026-02-13,24.719999313354492
2026-02-17,24.489999771118164
2026-02-18,25.190000534057617
2026-02-19,25.469999313354492
2026-02-20,25.579999923706055
2026-02-23,25.6200008392334
2026-02-24,25.61000061035156
2026-02-25,25.6299991607666
2026-02-26,25.6200008392334
2026-02-27,25.959999084472656
2026-03-02,26.940000534057617
2026-03-03,27.31999969482422
2026-03-04,27.690000534057617
2026-03-05,28.309999465942383
2026-03-06,29.809999465942383
2026-03-09,29.030000686645508
2026-03-10,29.399999618530273
2026-03-11,29.88999938964844
2026-03-12,31.09000015258789
2026-03-13,31.1200008392334
2026-03-16,30.59000015258789
2026-03-17,31.190000534057617
2026-03-18,31.850000381469727
2026-03-19,31.299999237060547
2026-03-20,31.719999313354492
2026-03-23,30.010000228881836
2026-03-24,30.63999938964844
2026-03-25,30.420000076293945
2026-03-26,30.969999313354492
2026-03-27,32.04999923706055
2026-03-30,32.58000183105469
2026-03-31,32.25
2026-04-01,31.90999984741211
2026-04-02,33.45000076293945
2026-04-06,33.52000045776367
2026-04-07,33.33000183105469
2026-04-08,31.100000381469727
2026-04-09,31.399999618530273
2026-04-10,30.959999084472656
2026-04-13,31.530000686645508
2026-04-14,31.200000762939453
2026-04-15,31.13999938964844
2026-04-16,31.530000686645508
2026-04-17,30.350000381469727
2026-04-20,30.940000534057617
2026-04-21,
2026-04-22,
2026-04-23,
2026-04-24,
2026-04-27,
2026-04-28,
2026-04-29,
2026-04-30,
2026-05-01,
2026-05-04,
2026-05-05,
2026-05-06,
2026-05-07,
2026-05-08,
2026-05-11,
2026-05-12,
2026-05-13,
2026-05-14,
2026-05-15,
2026-05-18,
2026-05-19,
2026-05-20,
2026-05-21,
2026-05-22,
2026-05-26,
2026-05-27,
2026-05-28,
2026-05-29,
2026-06-01,
2026-06-02,
2026-06-03,
2026-06-04,
2026-06-05,
2026-06-08,
2026-06-09,
2026-06-10,
2026-06-11,
2026-06-12,
2026-06-15,
2026-06-16,
2026-06-17,
2026-06-18,
2026-06-22,
2026-06-23,
2026-06-24,
2026-06-25,
2026-06-26,
2026-06-29,
2026-06-30,
2026-07-01,
2026-07-02,
2026-07-06,28.885000228881836
2026-07-07,29.059999465942383
2026-07-08,29.829999923706055
2026-07-09,29.479999542236328
2026-07-10,29.459999084472656
