date,adj close
1980-01-02,2.761018366088573
1980-01-03,2.761018366088573
1980-01-04,2.761018366088573
1980-01-07,2.761018366088573
1980-01-08,2.761018366088573
1980-01-09,2.761018366088573
1980-01-10,2.761018366088573
1980-01-11,2.761018366088573
1980-01-14,2.761018366088573
1980-01-15,2.761018366088573
1980-01-16,2.761018366088573
1980-01-17,2.761018366088573
1980-01-18,2.761018366088573
1980-01-21,2.761018366088573
1980-01-22,2.761018366088573
1980-01-23,2.761018366088573
1980-01-24,2.761018366088573
1980-01-25,2.761018366088573
1980-01-28,2.761018366088573
1980-01-29,2.747696363636689
1980-01-30,2.747696363636689
1980-01-31,2.747696363636689
1980-02-01,2.747696363636689
1980-02-04,2.747696363636689
1980-02-05,2.747696363636689
1980-02-06,2.747696363636689
1980-02-07,2.747696363636689
1980-02-08,2.747696363636689
1980-02-11,2.747696363636689
1980-02-12,2.747696363636689
1980-02-13,2.747696363636689
1980-02-14,2.747696363636689
1980-02-15,2.747696363636689
1980-02-19,2.747696363636689
1980-02-20,2.747696363636689
1980-02-21,2.747696363636689
1980-02-22,2.747696363636689
1980-02-25,2.747696363636689
1980-02-26,2.747696363636689
1980-02-27,2.747696363636689
1980-02-28,2.641611481156032
1980-02-29,2.641611481156032
1980-03-03,2.641611481156032
1980-03-04,2.641611481156032
1980-03-05,2.641611481156032
1980-03-06,2.641611481156032
1980-03-07,2.641611481156032
1980-03-10,2.641611481156032
1980-03-11,2.641611481156032
1980-03-12,2.641611481156032
1980-03-13,2.641611481156032
1980-03-14,2.641611481156032
1980-03-17,2.641611481156032
1980-03-18,2.641611481156032
1980-03-19,2.641611481156032
1980-03-20,2.641611481156032
1980-03-21,2.641611481156032
1980-03-24,2.641611481156032
1980-03-25,2.641611481156032
1980-03-26,2.641611481156032
1980-03-27,2.641611481156032
1980-03-28,2.5993485768259186
1980-03-31,2.5993485768259186
1980-04-01,2.5993485768259186
1980-04-02,2.5993485768259186
1980-04-03,2.5993485768259186
1980-04-07,2.5993485768259186
1980-04-08,2.5993485768259186
1980-04-09,2.5993485768259186
1980-04-10,2.5993485768259186
1980-04-11,2.5993485768259186
1980-04-14,2.5993485768259186
1980-04-15,2.5993485768259186
1980-04-16,2.5993485768259186
1980-04-17,2.5993485768259186
1980-04-18,2.5993485768259186
1980-04-21,2.5993485768259186
1980-04-22,2.5993485768259186
1980-04-23,2.5993485768259186
1980-04-24,2.5993485768259186
1980-04-25,2.5993485768259186
1980-04-28,2.5993485768259186
1980-04-29,2.7518942936697584
1980-04-30,2.7518942936697584
1980-05-01,2.7518942936697584
1980-05-02,2.7518942936697584
1980-05-05,2.7518942936697584
1980-05-06,2.7518942936697584
1980-05-07,2.7518942936697584
1980-05-08,2.7518942936697584
1980-05-09,2.7518942936697584
1980-05-12,2.7518942936697584
1980-05-13,2.7518942936697584
1980-05-14,2.7518942936697584
1980-05-15,2.7518942936697584
1980-05-16,2.7518942936697584
1980-05-19,2.7518942936697584
1980-05-20,2.7518942936697584
1980-05-21,2.7518942936697584
1980-05-22,2.7518942936697584
1980-05-23,2.7518942936697584
1980-05-27,2.7518942936697584
1980-05-28,2.7518942936697584
1980-05-29,2.905972259899351
1980-05-30,2.905972259899351
1980-06-02,2.905972259899351
1980-06-03,2.905972259899351
1980-06-04,2.905972259899351
1980-06-05,2.905972259899351
1980-06-06,2.905972259899351
1980-06-09,2.905972259899351
1980-06-10,2.905972259899351
1980-06-11,2.905972259899351
1980-06-12,2.905972259899351
1980-06-13,2.905972259899351
1980-06-16,2.905972259899351
1980-06-17,2.905972259899351
1980-06-18,2.905972259899351
1980-06-19,2.905972259899351
1980-06-20,2.905972259899351
1980-06-23,2.905972259899351
1980-06-24,2.905972259899351
1980-06-25,2.905972259899351
1980-06-26,2.905972259899351
1980-06-27,2.949527384188623
1980-06-30,2.949527384188623
1980-07-01,2.949527384188623
1980-07-02,2.949527384188623
1980-07-03,2.949527384188623
1980-07-07,2.949527384188623
1980-07-08,2.949527384188623
1980-07-09,2.949527384188623
1980-07-10,2.949527384188623
1980-07-11,2.949527384188623
1980-07-14,2.949527384188623
1980-07-15,2.949527384188623
1980-07-16,2.949527384188623
1980-07-17,2.949527384188623
1980-07-18,2.949527384188623
1980-07-21,2.949527384188623
1980-07-22,2.949527384188623
1980-07-23,2.949527384188623
1980-07-24,2.949527384188623
1980-07-25,2.949527384188623
1980-07-28,2.949527384188623
1980-07-29,2.9086940705048874
1980-07-30,2.9086940705048874
1980-07-31,2.9086940705048874
1980-08-01,2.9086940705048874
1980-08-04,2.9086940705048874
1980-08-05,2.9086940705048874
1980-08-06,2.9086940705048874
1980-08-07,2.9086940705048874
1980-08-08,2.9086940705048874
1980-08-11,2.9086940705048874
1980-08-12,2.9086940705048874
1980-08-13,2.9086940705048874
1980-08-14,2.9086940705048874
1980-08-15,2.9086940705048874
1980-08-18,2.9086940705048874
1980-08-19,2.9086940705048874
1980-08-20,2.9086940705048874
1980-08-21,2.9086940705048874
1980-08-22,2.9086940705048874
1980-08-25,2.9086940705048874
1980-08-26,2.9086940705048874
1980-08-27,2.9086940705048874
1980-08-28,2.829393517823543
1980-08-29,2.829393517823543
1980-09-02,2.829393517823543
1980-09-03,2.829393517823543
1980-09-04,2.829393517823543
1980-09-05,2.829393517823543
1980-09-08,2.829393517823543
1980-09-09,2.829393517823543
1980-09-10,2.829393517823543
1980-09-11,2.829393517823543
1980-09-12,2.829393517823543
1980-09-15,2.829393517823543
1980-09-16,2.829393517823543
1980-09-17,2.829393517823543
1980-09-18,2.829393517823543
1980-09-19,2.829393517823543
1980-09-22,2.829393517823543
1980-09-23,2.829393517823543
1980-09-24,2.829393517823543
1980-09-25,2.829393517823543
1980-09-26,2.829393517823543
1980-09-29,2.810169499501802
1980-09-30,2.810169499501802
1980-10-01,2.810169499501802
1980-10-02,2.810169499501802
1980-10-03,2.810169499501802
1980-10-06,2.810169499501802
1980-10-07,2.810169499501802
1980-10-08,2.810169499501802
1980-10-09,2.810169499501802
1980-10-10,2.810169499501802
1980-10-13,2.810169499501802
1980-10-14,2.810169499501802
1980-10-15,2.810169499501802
1980-10-16,2.810169499501802
1980-10-17,2.810169499501802
1980-10-20,2.810169499501802
1980-10-21,2.810169499501802
1980-10-22,2.810169499501802
1980-10-23,2.810169499501802
1980-10-24,2.810169499501802
1980-10-27,2.810169499501802
1980-10-28,2.8425441761924435
1980-10-29,2.8425441761924435
1980-10-30,2.8425441761924435
1980-10-31,2.8425441761924435
1980-11-03,2.8425441761924435
1980-11-05,2.8425441761924435
1980-11-06,2.8425441761924435
1980-11-07,2.8425441761924435
1980-11-10,2.8425441761924435
1980-11-11,2.8425441761924435
1980-11-12,2.8425441761924435
1980-11-13,2.8425441761924435
1980-11-14,2.8425441761924435
1980-11-17,2.8425441761924435
1980-11-18,2.8425441761924435
1980-11-19,2.8425441761924435
1980-11-20,2.8425441761924435
1980-11-21,2.8425441761924435
1980-11-24,2.8425441761924435
1980-11-25,2.8425441761924435
1980-11-26,2.8425441761924435
1980-11-28,2.845816946651019
1980-12-01,2.845816946651019
1980-12-02,2.845816946651019
1980-12-03,2.845816946651019
1980-12-04,2.845816946651019
1980-12-05,2.845816946651019
1980-12-08,2.845816946651019
1980-12-09,2.845816946651019
1980-12-10,2.845816946651019
1980-12-11,2.845816946651019
1980-12-12,2.845816946651019
1980-12-15,2.845816946651019
1980-12-16,2.845816946651019
1980-12-17,2.845816946651019
1980-12-18,2.845816946651019
1980-12-19,2.845816946651019
1980-12-22,2.845816946651019
1980-12-23,2.845816946651019
1980-12-24,2.845816946651019
1980-12-26,2.845816946651019
1980-12-29,2.845816946651019
1980-12-30,2.8491214748491123
1980-12-31,2.8491214748491123
1981-01-02,2.8491214748491123
1981-01-05,2.8491214748491123
1981-01-06,2.8491214748491123
1981-01-07,2.8491214748491123
1981-01-08,2.8491214748491123
1981-01-09,2.8491214748491123
1981-01-12,2.8491214748491123
1981-01-13,2.8491214748491123
1981-01-14,2.8491214748491123
1981-01-15,2.8491214748491123
1981-01-16,2.8491214748491123
1981-01-19,2.8491214748491123
1981-01-20,2.8491214748491123
1981-01-21,2.8491214748491123
1981-01-22,2.8491214748491123
1981-01-23,2.8491214748491123
1981-01-26,2.8491214748491123
1981-01-27,2.8491214748491123
1981-01-28,2.864340571415166
1981-01-29,2.864340571415166
1981-01-30,2.864340571415166
1981-02-02,2.864340571415166
1981-02-03,2.864340571415166
1981-02-04,2.864340571415166
1981-02-05,2.864340571415166
1981-02-06,2.864340571415166
1981-02-09,2.864340571415166
1981-02-10,2.864340571415166
1981-02-11,2.864340571415166
1981-02-12,2.864340571415166
1981-02-13,2.864340571415166
1981-02-17,2.864340571415166
1981-02-18,2.864340571415166
1981-02-19,2.864340571415166
1981-02-20,2.864340571415166
1981-02-23,2.864340571415166
1981-02-24,2.864340571415166
1981-02-25,2.864340571415166
1981-02-26,2.864340571415166
1981-02-27,2.847251214793915
1981-03-02,2.847251214793915
1981-03-03,2.847251214793915
1981-03-04,2.847251214793915
1981-03-05,2.847251214793915
1981-03-06,2.847251214793915
1981-03-09,2.847251214793915
1981-03-10,2.847251214793915
1981-03-11,2.847251214793915
1981-03-12,2.847251214793915
1981-03-13,2.847251214793915
1981-03-16,2.847251214793915
1981-03-17,2.847251214793915
1981-03-18,2.847251214793915
1981-03-19,2.847251214793915
1981-03-20,2.847251214793915
1981-03-23,2.847251214793915
1981-03-24,2.847251214793915
1981-03-25,2.847251214793915
1981-03-26,2.847251214793915
1981-03-27,2.919810510256428
1981-03-30,2.919810510256428
1981-03-31,2.919810510256428
1981-04-01,2.919810510256428
1981-04-02,2.919810510256428
1981-04-03,2.919810510256428
1981-04-06,2.919810510256428
1981-04-07,2.919810510256428
1981-04-08,2.919810510256428
1981-04-09,2.919810510256428
1981-04-10,2.919810510256428
1981-04-13,2.919810510256428
1981-04-14,2.919810510256428
1981-04-15,2.919810510256428
1981-04-16,2.919810510256428
1981-04-20,2.919810510256428
1981-04-21,2.919810510256428
1981-04-22,2.919810510256428
1981-04-23,2.919810510256428
1981-04-24,2.919810510256428
1981-04-27,2.919810510256428
1981-04-28,2.874408513394548
1981-04-29,2.874408513394548
1981-04-30,2.874408513394548
1981-05-01,2.874408513394548
1981-05-04,2.874408513394548
1981-05-05,2.874408513394548
1981-05-06,2.874408513394548
1981-05-07,2.874408513394548
1981-05-08,2.874408513394548
1981-05-11,2.874408513394548
1981-05-12,2.874408513394548
1981-05-13,2.874408513394548
1981-05-14,2.874408513394548
1981-05-15,2.874408513394548
1981-05-18,2.874408513394548
1981-05-19,2.874408513394548
1981-05-20,2.874408513394548
1981-05-21,2.874408513394548
1981-05-22,2.874408513394548
1981-05-26,2.874408513394548
1981-05-27,2.874408513394548
1981-05-28,2.9132479826413955
1981-05-29,2.9132479826413955
1981-06-01,2.9132479826413955
1981-06-02,2.9132479826413955
1981-06-03,2.9132479826413955
1981-06-04,2.9132479826413955
1981-06-05,2.9132479826413955
1981-06-08,2.9132479826413955
1981-06-09,2.9132479826413955
1981-06-10,2.9132479826413955
1981-06-11,2.9132479826413955
1981-06-12,2.9132479826413955
1981-06-15,2.9132479826413955
1981-06-16,2.9132479826413955
1981-06-17,2.9132479826413955
1981-06-18,2.9132479826413955
1981-06-19,2.9132479826413955
1981-06-22,2.9132479826413955
1981-06-23,2.9132479826413955
1981-06-24,2.9132479826413955
1981-06-25,2.9132479826413955
1981-06-26,2.9132479826413955
1981-06-29,2.9132479826413955
1981-06-30,2.9775121073049235
1981-07-01,2.9775121073049235
1981-07-02,2.9775121073049235
1981-07-06,2.9775121073049235
1981-07-07,2.9775121073049235
1981-07-08,2.9775121073049235
1981-07-09,2.9775121073049235
1981-07-10,2.9775121073049235
1981-07-13,2.9775121073049235
1981-07-14,2.9775121073049235
1981-07-15,2.9775121073049235
1981-07-16,2.9775121073049235
1981-07-17,2.9775121073049235
1981-07-20,2.9775121073049235
1981-07-21,2.9775121073049235
1981-07-22,2.9775121073049235
1981-07-23,2.9775121073049235
1981-07-24,2.9775121073049235
1981-07-27,2.9775121073049235
1981-07-28,2.9342046441470866
1981-07-29,2.9342046441470866
1981-07-30,2.9342046441470866
1981-07-31,2.9342046441470866
1981-08-03,2.9342046441470866
1981-08-04,2.9342046441470866
1981-08-05,2.9342046441470866
1981-08-06,2.9342046441470866
1981-08-07,2.9342046441470866
1981-08-10,2.9342046441470866
1981-08-11,2.9342046441470866
1981-08-12,2.9342046441470866
1981-08-13,2.9342046441470866
1981-08-14,2.9342046441470866
1981-08-17,2.9342046441470866
1981-08-18,2.9342046441470866
1981-08-19,2.9342046441470866
1981-08-20,2.9342046441470866
1981-08-21,2.9342046441470866
1981-08-24,2.9342046441470866
1981-08-25,2.9342046441470866
1981-08-26,2.9342046441470866
1981-08-27,2.9342046441470866
1981-08-28,2.870299209611297
1981-08-31,2.870299209611297
1981-09-01,2.870299209611297
1981-09-02,2.870299209611297
1981-09-03,2.870299209611297
1981-09-04,2.870299209611297
1981-09-08,2.870299209611297
1981-09-09,2.870299209611297
1981-09-10,2.870299209611297
1981-09-11,2.870299209611297
1981-09-14,2.870299209611297
1981-09-15,2.870299209611297
1981-09-16,2.870299209611297
1981-09-17,2.870299209611297
1981-09-18,2.870299209611297
1981-09-21,2.870299209611297
1981-09-22,2.870299209611297
1981-09-23,2.870299209611297
1981-09-24,2.870299209611297
1981-09-25,2.870299209611297
1981-09-28,2.870299209611297
1981-09-29,2.870299209611297
1981-09-30,2.7575587419532974
1981-10-01,2.7575587419532974
1981-10-02,2.7575587419532974
1981-10-05,2.7575587419532974
1981-10-06,2.7575587419532974
1981-10-07,2.7575587419532974
1981-10-08,2.7575587419532974
1981-10-09,2.7575587419532974
1981-10-12,2.7575587419532974
1981-10-13,2.7575587419532974
1981-10-14,2.7575587419532974
1981-10-15,2.7575587419532974
1981-10-16,2.7575587419532974
1981-10-19,2.7575587419532974
1981-10-20,2.7575587419532974
1981-10-21,2.7575587419532974
1981-10-22,2.7575587419532974
1981-10-23,2.7575587419532974
1981-10-26,2.7575587419532974
1981-10-27,2.7575587419532974
1981-10-28,2.845542451460609
1981-10-29,2.845542451460609
1981-10-30,2.845542451460609
1981-11-02,2.845542451460609
1981-11-03,2.845542451460609
1981-11-04,2.845542451460609
1981-11-05,2.845542451460609
1981-11-06,2.845542451460609
1981-11-09,2.845542451460609
1981-11-10,2.845542451460609
1981-11-11,2.845542451460609
1981-11-12,2.845542451460609
1981-11-13,2.845542451460609
1981-11-16,2.845542451460609
1981-11-17,2.845542451460609
1981-11-18,2.845542451460609
1981-11-19,2.845542451460609
1981-11-20,2.845542451460609
1981-11-23,2.845542451460609
1981-11-24,2.845542451460609
1981-11-25,3.2341779119077514
1981-11-27,3.2341779119077514
1981-11-30,3.2341779119077514
1981-12-01,3.2341779119077514
1981-12-02,3.2341779119077514
1981-12-03,3.2341779119077514
1981-12-04,3.2341779119077514
1981-12-07,3.2341779119077514
1981-12-08,3.2341779119077514
1981-12-09,3.2341779119077514
1981-12-10,3.2341779119077514
1981-12-11,3.2341779119077514
1981-12-14,3.2341779119077514
1981-12-15,3.2341779119077514
1981-12-16,3.2341779119077514
1981-12-17,3.2341779119077514
1981-12-18,3.2341779119077514
1981-12-21,3.2341779119077514
1981-12-22,3.2341779119077514
1981-12-23,3.2341779119077514
1981-12-24,3.2341779119077514
1981-12-28,3.2341779119077514
1981-12-29,3.117233359615999
1981-12-30,3.117233359615999
1981-12-31,3.117233359615999
1982-01-04,3.117233359615999
1982-01-05,3.117233359615999
1982-01-06,3.117233359615999
1982-01-07,3.117233359615999
1982-01-08,3.117233359615999
1982-01-11,3.117233359615999
1982-01-12,3.117233359615999
1982-01-13,3.117233359615999
1982-01-14,3.117233359615999
1982-01-15,3.117233359615999
1982-01-18,3.117233359615999
1982-01-19,3.117233359615999
1982-01-20,3.117233359615999
1982-01-21,3.117233359615999
1982-01-22,3.117233359615999
1982-01-25,3.117233359615999
1982-01-26,3.117233359615999
1982-01-27,3.117233359615999
1982-01-28,3.091601909616409
1982-01-29,3.091601909616409
1982-02-01,3.091601909616409
1982-02-02,3.091601909616409
1982-02-03,3.091601909616409
1982-02-04,3.091601909616409
1982-02-05,3.091601909616409
1982-02-08,3.091601909616409
1982-02-09,3.091601909616409
1982-02-10,3.091601909616409
1982-02-11,3.091601909616409
1982-02-12,3.091601909616409
1982-02-16,3.091601909616409
1982-02-17,3.091601909616409
1982-02-18,3.091601909616409
1982-02-19,3.091601909616409
1982-02-22,3.091601909616409
1982-02-23,3.091601909616409
1982-02-24,3.091601909616409
1982-02-25,3.091601909616409
1982-02-26,3.1295231124415257
1982-03-01,3.1295231124415257
1982-03-02,3.1295231124415257
1982-03-03,3.1295231124415257
1982-03-04,3.1295231124415257
1982-03-05,3.1295231124415257
1982-03-08,3.1295231124415257
1982-03-09,3.1295231124415257
1982-03-10,3.1295231124415257
1982-03-11,3.1295231124415257
1982-03-12,3.1295231124415257
1982-03-15,3.1295231124415257
1982-03-16,3.1295231124415257
1982-03-17,3.1295231124415257
1982-03-18,3.1295231124415257
1982-03-19,3.1295231124415257
1982-03-22,3.1295231124415257
1982-03-23,3.1295231124415257
1982-03-24,3.1295231124415257
1982-03-25,3.1295231124415257
1982-03-26,3.1295231124415257
1982-03-29,3.1295231124415257
1982-03-30,3.1800294889248955
1982-03-31,3.1800294889248955
1982-04-01,3.1800294889248955
1982-04-02,3.1800294889248955
1982-04-05,3.1800294889248955
1982-04-06,3.1800294889248955
1982-04-07,3.1800294889248955
1982-04-08,3.1800294889248955
1982-04-12,3.1800294889248955
1982-04-13,3.1800294889248955
1982-04-14,3.1800294889248955
1982-04-15,3.1800294889248955
1982-04-16,3.1800294889248955
1982-04-19,3.1800294889248955
1982-04-20,3.1800294889248955
1982-04-21,3.1800294889248955
1982-04-22,3.1800294889248955
1982-04-23,3.1800294889248955
1982-04-26,3.1800294889248955
1982-04-27,3.1800294889248955
1982-04-28,3.2597874515289154
1982-04-29,3.2597874515289154
1982-04-30,3.2597874515289154
1982-05-03,3.2597874515289154
1982-05-04,3.2597874515289154
1982-05-05,3.2597874515289154
1982-05-06,3.2597874515289154
1982-05-07,3.2597874515289154
1982-05-10,3.2597874515289154
1982-05-11,3.2597874515289154
1982-05-12,3.2597874515289154
1982-05-13,3.2597874515289154
1982-05-14,3.2597874515289154
1982-05-17,3.2597874515289154
1982-05-18,3.2597874515289154
1982-05-19,3.2597874515289154
1982-05-20,3.2597874515289154
1982-05-21,3.2597874515289154
1982-05-24,3.2597874515289154
1982-05-25,3.2597874515289154
1982-05-26,3.2597874515289154
1982-05-27,3.2597874515289154
1982-05-28,3.3487847006765117
1982-06-01,3.3487847006765117
1982-06-02,3.3487847006765117
1982-06-03,3.3487847006765117
1982-06-04,3.3487847006765117
1982-06-07,3.3487847006765117
1982-06-08,3.3487847006765117
1982-06-09,3.3487847006765117
1982-06-10,3.3487847006765117
1982-06-11,3.3487847006765117
1982-06-14,3.3487847006765117
1982-06-15,3.3487847006765117
1982-06-16,3.3487847006765117
1982-06-17,3.3487847006765117
1982-06-18,3.3487847006765117
1982-06-21,3.3487847006765117
1982-06-22,3.3487847006765117
1982-06-23,3.3487847006765117
1982-06-24,3.3487847006765117
1982-06-25,3.3487847006765117
1982-06-28,3.3487847006765117
1982-06-29,3.279674935804159
1982-06-30,3.279674935804159
1982-07-01,3.279674935804159
1982-07-02,3.279674935804159
1982-07-06,3.279674935804159
1982-07-07,3.279674935804159
1982-07-08,3.279674935804159
1982-07-09,3.279674935804159
1982-07-12,3.279674935804159
1982-07-13,3.279674935804159
1982-07-14,3.279674935804159
1982-07-15,3.279674935804159
1982-07-16,3.279674935804159
1982-07-19,3.279674935804159
1982-07-20,3.279674935804159
1982-07-21,3.279674935804159
1982-07-22,3.279674935804159
1982-07-23,3.279674935804159
1982-07-26,3.279674935804159
1982-07-27,3.279674935804159
1982-07-28,3.39627089151329
1982-07-29,3.39627089151329
1982-07-30,3.39627089151329
1982-08-02,3.39627089151329
1982-08-03,3.39627089151329
1982-08-04,3.39627089151329
1982-08-05,3.39627089151329
1982-08-06,3.39627089151329
1982-08-09,3.39627089151329
1982-08-10,3.39627089151329
1982-08-11,3.39627089151329
1982-08-12,3.39627089151329
1982-08-13,3.39627089151329
1982-08-16,3.39627089151329
1982-08-17,3.39627089151329
1982-08-18,3.39627089151329
1982-08-19,3.39627089151329
1982-08-20,3.39627089151329
1982-08-23,3.39627089151329
1982-08-24,3.39627089151329
1982-08-25,3.39627089151329
1982-08-26,3.39627089151329
1982-08-27,3.677328609538388
1982-08-30,3.677328609538388
1982-08-31,3.677328609538388
1982-09-01,3.677328609538388
1982-09-02,3.677328609538388
1982-09-03,3.677328609538388
1982-09-07,3.677328609538388
1982-09-08,3.677328609538388
1982-09-09,3.677328609538388
1982-09-10,3.677328609538388
1982-09-13,3.677328609538388
1982-09-14,3.677328609538388
1982-09-15,3.677328609538388
1982-09-16,3.677328609538388
1982-09-17,3.677328609538388
1982-09-20,3.677328609538388
1982-09-21,3.677328609538388
1982-09-22,3.677328609538388
1982-09-23,3.677328609538388
1982-09-24,3.677328609538388
1982-09-27,3.677328609538388
1982-09-28,3.7402465999407832
1982-09-29,3.7402465999407832
1982-09-30,3.7402465999407832
1982-10-01,3.7402465999407832
1982-10-04,3.7402465999407832
1982-10-05,3.7402465999407832
1982-10-06,3.7402465999407832
1982-10-07,3.7402465999407832
1982-10-08,3.7402465999407832
1982-10-11,3.7402465999407832
1982-10-12,3.7402465999407832
1982-10-13,3.7402465999407832
1982-10-14,3.7402465999407832
1982-10-15,3.7402465999407832
1982-10-18,3.7402465999407832
1982-10-19,3.7402465999407832
1982-10-20,3.7402465999407832
1982-10-21,3.7402465999407832
1982-10-22,3.7402465999407832
1982-10-25,3.7402465999407832
1982-10-26,3.7402465999407832
1982-10-27,3.7402465999407832
1982-10-28,3.838961471196951
1982-10-29,3.838961471196951
1982-11-01,3.838961471196951
1982-11-02,3.838961471196951
1982-11-03,3.838961471196951
1982-11-04,3.838961471196951
1982-11-05,3.838961471196951
1982-11-08,3.838961471196951
1982-11-09,3.838961471196951
1982-11-10,3.838961471196951
1982-11-11,3.838961471196951
1982-11-12,3.838961471196951
1982-11-15,3.838961471196951
1982-11-16,3.838961471196951
1982-11-17,3.838961471196951
1982-11-18,3.838961471196951
1982-11-19,3.838961471196951
1982-11-22,3.838961471196951
1982-11-23,3.838961471196951
1982-11-24,3.838961471196951
1982-11-26,3.838961471196951
1982-11-29,3.838961471196951
1982-11-30,3.947633501620228
1982-12-01,3.947633501620228
1982-12-02,3.947633501620228
1982-12-03,3.947633501620228
1982-12-06,3.947633501620228
1982-12-07,3.947633501620228
1982-12-08,3.947633501620228
1982-12-09,3.947633501620228
1982-12-10,3.947633501620228
1982-12-13,3.947633501620228
1982-12-14,3.947633501620228
1982-12-15,3.947633501620228
1982-12-16,3.947633501620228
1982-12-17,3.947633501620228
1982-12-20,3.947633501620228
1982-12-21,3.947633501620228
1982-12-22,3.947633501620228
1982-12-23,3.947633501620228
1982-12-27,3.947633501620228
1982-12-28,3.972294494184306
1982-12-29,3.972294494184306
1982-12-30,3.972294494184306
1982-12-31,3.972294494184306
1983-01-03,3.972294494184306
1983-01-04,3.972294494184306
1983-01-05,3.972294494184306
1983-01-06,3.972294494184306
1983-01-07,3.972294494184306
1983-01-10,3.972294494184306
1983-01-11,3.972294494184306
1983-01-12,3.972294494184306
1983-01-13,3.972294494184306
1983-01-14,3.972294494184306
1983-01-17,3.972294494184306
1983-01-18,3.972294494184306
1983-01-19,3.972294494184306
1983-01-20,3.972294494184306
1983-01-21,3.972294494184306
1983-01-24,3.972294494184306
1983-01-25,3.972294494184306
1983-01-26,3.972294494184306
1983-01-27,3.972294494184306
1983-01-28,4.117367048696229
1983-01-31,4.117367048696229
1983-02-01,4.117367048696229
1983-02-02,4.117367048696229
1983-02-03,4.117367048696229
1983-02-04,4.117367048696229
1983-02-07,4.117367048696229
1983-02-08,4.117367048696229
1983-02-09,4.117367048696229
1983-02-10,4.117367048696229
1983-02-11,4.117367048696229
1983-02-14,4.117367048696229
1983-02-15,4.117367048696229
1983-02-16,4.117367048696229
1983-02-17,4.117367048696229
1983-02-18,4.117367048696229
1983-02-22,4.117367048696229
1983-02-23,4.117367048696229
1983-02-24,4.117367048696229
1983-02-25,4.231415492091135
1983-02-28,4.231415492091135
1983-03-01,4.231415492091135
1983-03-02,4.231415492091135
1983-03-03,4.231415492091135
1983-03-04,4.231415492091135
1983-03-07,4.231415492091135
1983-03-08,4.231415492091135
1983-03-09,4.231415492091135
1983-03-10,4.231415492091135
1983-03-11,4.231415492091135
1983-03-14,4.231415492091135
1983-03-15,4.231415492091135
1983-03-16,4.231415492091135
1983-03-17,4.231415492091135
1983-03-18,4.231415492091135
1983-03-21,4.231415492091135
1983-03-22,4.231415492091135
1983-03-23,4.231415492091135
1983-03-24,4.231415492091135
1983-03-25,4.231415492091135
1983-03-28,4.231415492091135
1983-03-29,4.3278521763589115
1983-03-30,4.3278521763589115
1983-03-31,4.3278521763589115
1983-04-04,4.3278521763589115
1983-04-05,4.3278521763589115
1983-04-06,4.3278521763589115
1983-04-07,4.3278521763589115
1983-04-08,4.3278521763589115
1983-04-11,4.3278521763589115
1983-04-12,4.3278521763589115
1983-04-13,4.3278521763589115
1983-04-14,4.3278521763589115
1983-04-15,4.3278521763589115
1983-04-18,4.3278521763589115
1983-04-19,4.3278521763589115
1983-04-20,4.3278521763589115
1983-04-21,4.3278521763589115
1983-04-22,4.3278521763589115
1983-04-25,4.3278521763589115
1983-04-26,4.3278521763589115
1983-04-27,4.3278521763589115
1983-04-28,4.3278521763589115
1983-04-29,4.482328222160606
1983-05-02,4.482328222160606
1983-05-03,4.482328222160606
1983-05-04,4.482328222160606
1983-05-05,4.482328222160606
1983-05-06,4.482328222160606
1983-05-09,4.482328222160606
1983-05-10,4.482328222160606
1983-05-11,4.482328222160606
1983-05-12,4.482328222160606
1983-05-13,4.482328222160606
1983-05-16,4.482328222160606
1983-05-17,4.482328222160606
1983-05-18,4.482328222160606
1983-05-19,4.482328222160606
1983-05-20,4.482328222160606
1983-05-23,4.482328222160606
1983-05-24,4.482328222160606
1983-05-25,4.482328222160606
1983-05-26,4.482328222160606
1983-05-27,4.422314464727957
1983-05-31,4.422314464727957
1983-06-01,4.422314464727957
1983-06-02,4.422314464727957
1983-06-03,4.422314464727957
1983-06-06,4.422314464727957
1983-06-07,4.422314464727957
1983-06-08,4.422314464727957
1983-06-09,4.422314464727957
1983-06-10,4.422314464727957
1983-06-13,4.422314464727957
1983-06-14,4.422314464727957
1983-06-15,4.422314464727957
1983-06-16,4.422314464727957
1983-06-17,4.422314464727957
1983-06-20,4.422314464727957
1983-06-21,4.422314464727957
1983-06-22,4.422314464727957
1983-06-23,4.422314464727957
1983-06-24,4.422314464727957
1983-06-27,4.422314464727957
1983-06-28,4.390777306098099
1983-06-29,4.390777306098099
1983-06-30,4.390777306098099
1983-07-01,4.390777306098099
1983-07-05,4.390777306098099
1983-07-06,4.390777306098099
1983-07-07,4.390777306098099
1983-07-08,4.390777306098099
1983-07-11,4.390777306098099
1983-07-12,4.390777306098099
1983-07-13,4.390777306098099
1983-07-14,4.390777306098099
1983-07-15,4.390777306098099
1983-07-18,4.390777306098099
1983-07-19,4.390777306098099
1983-07-20,4.390777306098099
1983-07-21,4.390777306098099
1983-07-22,4.390777306098099
1983-07-25,4.390777306098099
1983-07-26,4.390777306098099
1983-07-27,4.390777306098099
1983-07-28,4.358901890614768
1983-07-29,4.358901890614768
1983-08-01,4.358901890614768
1983-08-02,4.358901890614768
1983-08-03,4.358901890614768
1983-08-04,4.358901890614768
1983-08-05,4.358901890614768
1983-08-08,4.358901890614768
1983-08-09,4.358901890614768
1983-08-10,4.358901890614768
1983-08-11,4.358901890614768
1983-08-12,4.358901890614768
1983-08-15,4.358901890614768
1983-08-16,4.358901890614768
1983-08-17,4.358901890614768
1983-08-18,4.358901890614768
1983-08-19,4.358901890614768
1983-08-22,4.358901890614768
1983-08-23,4.358901890614768
1983-08-24,4.358901890614768
1983-08-25,4.358901890614768
1983-08-26,4.358901890614768
1983-08-29,4.358901890614768
1983-08-30,4.41094223977208
1983-08-31,4.41094223977208
1983-09-01,4.41094223977208
1983-09-02,4.41094223977208
1983-09-06,4.41094223977208
1983-09-07,4.41094223977208
1983-09-08,4.41094223977208
1983-09-09,4.41094223977208
1983-09-12,4.41094223977208
1983-09-13,4.41094223977208
1983-09-14,4.41094223977208
1983-09-15,4.41094223977208
1983-09-16,4.41094223977208
1983-09-19,4.41094223977208
1983-09-20,4.41094223977208
1983-09-21,4.41094223977208
1983-09-22,4.41094223977208
1983-09-23,4.41094223977208
1983-09-26,4.41094223977208
1983-09-27,4.41094223977208
1983-09-28,4.5186507059126075
1983-09-29,4.5186507059126075
1983-09-30,4.5186507059126075
1983-10-03,4.5186507059126075
1983-10-04,4.5186507059126075
1983-10-05,4.5186507059126075
1983-10-06,4.5186507059126075
1983-10-07,4.5186507059126075
1983-10-10,4.5186507059126075
1983-10-11,4.5186507059126075
1983-10-12,4.5186507059126075
1983-10-13,4.5186507059126075
1983-10-14,4.5186507059126075
1983-10-17,4.5186507059126075
1983-10-18,4.5186507059126075
1983-10-19,4.5186507059126075
1983-10-20,4.5186507059126075
1983-10-21,4.5186507059126075
1983-10-24,4.5186507059126075
1983-10-25,4.5186507059126075
1983-10-26,4.5186507059126075
1983-10-27,4.5186507059126075
1983-10-28,4.587004193453177
1983-10-31,4.587004193453177
1983-11-01,4.587004193453177
1983-11-02,4.587004193453177
1983-11-03,4.587004193453177
1983-11-04,4.587004193453177
1983-11-07,4.587004193453177
1983-11-08,4.587004193453177
1983-11-09,4.587004193453177
1983-11-10,4.587004193453177
1983-11-11,4.587004193453177
1983-11-14,4.587004193453177
1983-11-15,4.587004193453177
1983-11-16,4.587004193453177
1983-11-17,4.587004193453177
1983-11-18,4.587004193453177
1983-11-21,4.587004193453177
1983-11-22,4.587004193453177
1983-11-23,4.587004193453177
1983-11-25,4.587004193453177
1983-11-28,4.587004193453177
1983-11-29,4.615141058298333
1983-11-30,4.615141058298333
1983-12-01,4.615141058298333
1983-12-02,4.615141058298333
1983-12-05,4.615141058298333
1983-12-06,4.615141058298333
1983-12-07,4.615141058298333
1983-12-08,4.615141058298333
1983-12-09,4.615141058298333
1983-12-12,4.615141058298333
1983-12-13,4.615141058298333
1983-12-14,4.615141058298333
1983-12-15,4.615141058298333
1983-12-16,4.615141058298333
1983-12-19,4.615141058298333
1983-12-20,4.615141058298333
1983-12-21,4.615141058298333
1983-12-22,4.615141058298333
1983-12-23,4.615141058298333
1983-12-27,4.615141058298333
1983-12-28,4.612556618380013
1983-12-29,4.612556618380013
1983-12-30,4.612556618380013
1984-01-03,4.612556618380013
1984-01-04,4.612556618380013
1984-01-05,4.612556618380013
1984-01-06,4.612556618380013
1984-01-09,4.612556618380013
1984-01-10,4.612556618380013
1984-01-11,4.612556618380013
1984-01-12,4.612556618380013
1984-01-13,4.612556618380013
1984-01-16,4.612556618380013
1984-01-17,4.612556618380013
1984-01-18,4.612556618380013
1984-01-19,4.612556618380013
1984-01-20,4.612556618380013
1984-01-23,4.612556618380013
1984-01-24,4.612556618380013
1984-01-25,4.612556618380013
1984-01-26,4.612556618380013
1984-01-27,4.725694919426086
1984-01-30,4.725694919426086
1984-01-31,4.725694919426086
1984-02-01,4.725694919426086
1984-02-02,4.725694919426086
1984-02-03,4.725694919426086
1984-02-06,4.725694919426086
1984-02-07,4.725694919426086
1984-02-08,4.725694919426086
1984-02-09,4.725694919426086
1984-02-10,4.725694919426086
1984-02-13,4.725694919426086
1984-02-14,4.725694919426086
1984-02-15,4.725694919426086
1984-02-16,4.725694919426086
1984-02-17,4.725694919426086
1984-02-21,4.725694919426086
1984-02-22,4.725694919426086
1984-02-23,4.725694919426086
1984-02-24,4.725694919426086
1984-02-27,4.725694919426086
1984-02-28,4.664535421530507
1984-02-29,4.664535421530507
1984-03-01,4.664535421530507
1984-03-02,4.664535421530507
1984-03-05,4.664535421530507
1984-03-06,4.664535421530507
1984-03-07,4.664535421530507
1984-03-08,4.664535421530507
1984-03-09,4.664535421530507
1984-03-12,4.664535421530507
1984-03-13,4.664535421530507
1984-03-14,4.664535421530507
1984-03-15,4.664535421530507
1984-03-16,4.664535421530507
1984-03-19,4.664535421530507
1984-03-20,4.664535421530507
1984-03-21,4.664535421530507
1984-03-22,4.664535421530507
1984-03-23,4.664535421530507
1984-03-26,4.664535421530507
1984-03-27,4.664535421530507
1984-03-28,4.618825940818563
1984-03-29,4.618825940818563
1984-03-30,4.618825940818563
1984-04-02,4.618825940818563
1984-04-03,4.618825940818563
1984-04-04,4.618825940818563
1984-04-05,4.618825940818563
1984-04-06,4.618825940818563
1984-04-09,4.618825940818563
1984-04-10,4.618825940818563
1984-04-11,4.618825940818563
1984-04-12,4.618825940818563
1984-04-13,4.618825940818563
1984-04-16,4.618825940818563
1984-04-17,4.618825940818563
1984-04-18,4.618825940818563
1984-04-19,4.618825940818563
1984-04-23,4.618825940818563
1984-04-24,4.618825940818563
1984-04-25,4.618825940818563
1984-04-26,4.618825940818563
1984-04-27,4.5345527169703175
1984-04-30,4.5345527169703175
1984-05-01,4.5345527169703175
1984-05-02,4.5345527169703175
1984-05-03,4.5345527169703175
1984-05-04,4.5345527169703175
1984-05-07,4.5345527169703175
1984-05-08,4.5345527169703175
1984-05-09,4.5345527169703175
1984-05-10,4.5345527169703175
1984-05-11,4.5345527169703175
1984-05-14,4.5345527169703175
1984-05-15,4.5345527169703175
1984-05-16,4.5345527169703175
1984-05-17,4.5345527169703175
1984-05-18,4.5345527169703175
1984-05-21,4.5345527169703175
1984-05-22,4.5345527169703175
1984-05-23,4.5345527169703175
1984-05-24,4.5345527169703175
1984-05-25,4.5345527169703175
1984-05-29,4.5345527169703175
1984-05-30,4.355813265808594
1984-05-31,4.355813265808594
1984-06-01,4.355813265808594
1984-06-04,4.355813265808594
1984-06-05,4.355813265808594
1984-06-06,4.355813265808594
1984-06-07,4.355813265808594
1984-06-08,4.355813265808594
1984-06-11,4.355813265808594
1984-06-12,4.355813265808594
1984-06-13,4.355813265808594
1984-06-14,4.355813265808594
1984-06-15,4.355813265808594
1984-06-18,4.355813265808594
1984-06-19,4.355813265808594
1984-06-20,4.355813265808594
1984-06-21,4.355813265808594
1984-06-22,4.355813265808594
1984-06-25,4.355813265808594
1984-06-26,4.355813265808594
1984-06-27,4.355813265808594
1984-06-28,4.40312885111447
1984-06-29,4.40312885111447
1984-07-02,4.40312885111447
1984-07-03,4.40312885111447
1984-07-05,4.40312885111447
1984-07-06,4.40312885111447
1984-07-09,4.40312885111447
1984-07-10,4.40312885111447
1984-07-11,4.40312885111447
1984-07-12,4.40312885111447
1984-07-13,4.40312885111447
1984-07-16,4.40312885111447
1984-07-17,4.40312885111447
1984-07-18,4.40312885111447
1984-07-19,4.40312885111447
1984-07-20,4.40312885111447
1984-07-23,4.40312885111447
1984-07-24,4.40312885111447
1984-07-25,4.40312885111447
1984-07-26,4.40312885111447
1984-07-27,4.50172358456533
1984-07-30,4.50172358456533
1984-07-31,4.546793971542471
1984-08-01,4.546793971542471
1984-08-02,4.546793971542471
1984-08-03,4.546793971542471
1984-08-06,4.546793971542471
1984-08-07,4.546793971542471
1984-08-08,4.546793971542471
1984-08-09,4.546793971542471
1984-08-10,4.546793971542471
1984-08-13,4.546793971542471
1984-08-14,4.546793971542471
1984-08-15,4.546793971542471
1984-08-16,4.546793971542471
1984-08-17,4.546793971542471
1984-08-20,4.546793971542471
1984-08-21,4.546793971542471
1984-08-22,4.546793971542471
1984-08-23,4.546793971542471
1984-08-24,4.546793971542471
1984-08-27,4.546793971542471
1984-08-28,4.606663957503192
1984-08-29,4.606663957503192
1984-08-30,4.606663957503192
1984-08-31,4.606663957503192
1984-09-04,4.606663957503192
1984-09-05,4.606663957503192
1984-09-06,4.606663957503192
1984-09-07,4.606663957503192
1984-09-10,4.606663957503192
1984-09-11,4.606663957503192
1984-09-12,4.606663957503192
1984-09-13,4.606663957503192
1984-09-14,4.606663957503192
1984-09-17,4.606663957503192
1984-09-18,4.606663957503192
1984-09-19,4.606663957503192
1984-09-20,4.606663957503192
1984-09-21,4.606663957503192
1984-09-24,4.606663957503192
1984-09-25,4.606663957503192
1984-09-26,4.606663957503192
1984-09-27,4.606663957503192
1984-09-28,4.7307018101727785
1984-10-01,4.7307018101727785
1984-10-02,4.7307018101727785
1984-10-03,4.7307018101727785
1984-10-04,4.7307018101727785
1984-10-05,4.7307018101727785
1984-10-08,4.7307018101727785
1984-10-09,4.7307018101727785
1984-10-10,4.7307018101727785
1984-10-11,4.7307018101727785
1984-10-12,4.7307018101727785
1984-10-15,4.7307018101727785
1984-10-16,4.7307018101727785
1984-10-17,4.7307018101727785
1984-10-18,4.7307018101727785
1984-10-19,4.7307018101727785
1984-10-22,4.7307018101727785
1984-10-23,4.7307018101727785
1984-10-24,4.7307018101727785
1984-10-25,4.7307018101727785
1984-10-26,4.7307018101727785
1984-10-29,4.7307018101727785
1984-10-30,4.908723881079028
1984-10-31,4.908723881079028
1984-11-01,4.908723881079028
1984-11-02,4.908723881079028
1984-11-05,4.908723881079028
1984-11-06,4.908723881079028
1984-11-07,4.908723881079028
1984-11-08,4.908723881079028
1984-11-09,4.908723881079028
1984-11-12,4.908723881079028
1984-11-13,4.908723881079028
1984-11-14,4.908723881079028
1984-11-15,4.908723881079028
1984-11-16,4.908723881079028
1984-11-19,4.908723881079028
1984-11-20,4.908723881079028
1984-11-21,4.908723881079028
1984-11-23,4.908723881079028
1984-11-26,4.908723881079028
1984-11-27,4.908723881079028
1984-11-28,4.9589011095179325
1984-11-29,4.9589011095179325
1984-11-30,4.9589011095179325
1984-12-03,4.9589011095179325
1984-12-04,4.9589011095179325
1984-12-05,4.9589011095179325
1984-12-06,4.9589011095179325
1984-12-07,4.9589011095179325
1984-12-10,4.9589011095179325
1984-12-11,4.9589011095179325
1984-12-12,4.9589011095179325
1984-12-13,4.9589011095179325
1984-12-14,4.9589011095179325
1984-12-17,4.9589011095179325
1984-12-18,4.9589011095179325
1984-12-19,4.9589011095179325
1984-12-20,4.9589011095179325
1984-12-21,4.9589011095179325
1984-12-24,4.9589011095179325
1984-12-26,4.9589011095179325
1984-12-27,4.9589011095179325
1984-12-28,4.9559139125309954
1984-12-31,4.97382380051515
1985-01-02,4.9618858446645975
1985-01-03,4.9678523607496
1985-01-04,4.9678523607496
1985-01-07,4.973823800515149
1985-01-08,4.973823800515149
1985-01-09,4.985766680046245
1985-01-10,4.997715467993996
1985-01-11,4.991737627443739
1985-01-14,4.997715467993996
1985-01-15,4.997715467993996
1985-01-16,5.009653423844548
1985-01-17,5.015622894137878
1985-01-18,5.033536721066469
1985-01-21,5.045477138757293
1985-01-22,5.075331383376707
1985-01-23,5.10518759746834
1985-01-24,5.129072371794424
1985-01-25,5.14101722079774
1985-01-28,5.1469852139869054
1985-01-29,5.150015739362644
1985-01-30,5.162149165330851
1985-01-31,5.150015739362644
1985-02-01,5.156082698530774
1985-02-04,5.16214916533085
1985-02-05,5.168213662658706
1985-02-06,5.16214916533085
1985-02-07,5.16214916533085
1985-02-08,5.174282098931002
1985-02-11,5.180346596258859
1985-02-12,5.180346596258859
1985-02-13,5.180346596258859
1985-02-14,5.192476575650684
1985-02-15,5.18641355542699
1985-02-19,5.192476575650684
1985-02-20,5.18641355542699
1985-02-21,5.18641355542699
1985-02-22,5.168213662658706
1985-02-25,5.16214916533085
1985-02-26,5.16214916533085
1985-02-27,5.16214916533085
1985-02-28,5.152946314023308
1985-03-01,5.159083189455184
1985-03-04,5.152946314023308
1985-03-05,5.159083189455184
1985-03-06,5.152946314023308
1985-03-07,5.146812392799759
1985-03-08,5.159083189455184
1985-03-11,5.165214156470405
1985-03-12,5.165214156470405
1985-03-13,5.165214156470405
1985-03-14,5.159083189455184
1985-03-15,5.165214156470405
1985-03-18,5.159083189455183
1985-03-19,5.159083189455183
1985-03-20,5.165214156470404
1985-03-21,5.1713534937425525
1985-03-22,5.165214156470404
1985-03-25,5.1713534937425525
1985-03-26,5.177493815750811
1985-03-27,5.177493815750811
1985-03-28,5.18058834897364
1985-03-29,5.18058834897364
1985-04-01,5.199198876699415
1985-04-02,5.205400252346437
1985-04-03,5.205400252346437
1985-04-04,5.205400252346437
1985-04-08,5.21161049061844
1985-04-09,5.21161049061844
1985-04-10,5.217815312841844
1985-04-11,5.236427317671785
1985-04-12,5.236427317671785
1985-04-15,5.24263115515908
1985-04-16,5.248840408694974
1985-04-17,5.236427317671785
1985-04-18,5.2550407996058865
1985-04-19,5.261244144725127
1985-04-22,5.267447982212422
1985-04-23,5.261244144725127
1985-04-24,5.261244144725127
1985-04-25,5.255040799605886
1985-04-26,5.255040799605886
1985-04-29,5.251906876938694
1985-04-30,5.251906876938694
1985-05-01,5.26445487680883
1985-05-02,5.277000414838691
1985-05-03,5.283274168589733
1985-05-06,5.289552846021318
1985-05-07,5.295821676091814
1985-05-08,5.302097399315073
1985-05-09,5.308373614906387
1985-05-10,5.327195860895616
1985-05-13,5.333473061223037
1985-05-14,5.352299246156705
1985-05-15,5.364850200235167
1985-05-16,5.377399677209467
1985-05-17,5.377399677209467
1985-05-20,5.427591184321954
1985-05-21,5.433864938072994
1985-05-22,5.427591184321954
1985-05-23,5.433864938072994
1985-05-24,5.440146077344854
1985-05-28,5.465240599980961
1985-05-29,5.46841538919668
1985-05-30,5.48743999845633
1985-05-31,5.46841538919668
1985-06-03,5.506481348229833
1985-06-04,5.569916078905477
1985-06-05,5.5952848505479675
1985-06-06,5.6016334442433
1985-06-07,5.582598987622559
1985-06-10,5.576254332871664
1985-06-11,5.588946596581783
1985-06-12,5.588946596581783
1985-06-13,5.582598987622561
1985-06-14,5.588946596581783
1985-06-17,5.601633444243302
1985-06-18,5.601633444243302
1985-06-19,5.59528485054797
1985-06-20,5.5825989876225615
1985-06-21,5.563573393626802
1985-06-24,5.557224799931472
1985-06-25,5.5381972364634935
1985-06-26,5.5381972364634935
1985-06-27,5.544537952269954
1985-06-28,5.560572902702392
1985-07-01,5.560572902702392
1985-07-02,5.566994366869797
1985-07-03,5.566994366869797
1985-07-05,5.592642311199215
1985-07-08,5.599058359318018
1985-07-09,5.6118835624028645
1985-07-10,5.6118835624028645
1985-07-11,5.599058359318019
1985-07-12,5.599058359318019
1985-07-15,5.605468006652116
1985-07-16,5.605468006652116
1985-07-17,5.611883562402865
1985-07-18,5.599058359318021
1985-07-19,5.599058359318021
1985-07-22,5.599058359318021
1985-07-23,5.592642311199216
1985-07-24,5.599058359318019
1985-07-25,5.592642311199215
1985-07-26,5.586230694392901
1985-07-29,5.579817600482425
1985-07-30,5.5765704331626855
1985-07-31,5.5765704331626855
1985-08-01,5.583056397545237
1985-08-02,5.5765704331626855
1985-08-05,5.5765704331626855
1985-08-06,5.5765704331626855
1985-08-07,5.5765704331626855
1985-08-08,5.5960263568381166
1985-08-09,5.5960263568381166
1985-08-12,5.602508874644284
1985-08-13,5.602508874644284
1985-08-14,5.602508874644284
1985-08-15,5.602508874644284
1985-08-16,5.608995331394889
1985-08-19,5.615468986576076
1985-08-20,5.615468986576076
1985-08-21,5.6219593822711165
1985-08-22,5.628448300861995
1985-08-23,5.634930818668165
1985-08-26,5.634930818668165
1985-08-27,5.647898808488829
1985-08-28,5.6511838881487675
1985-08-29,5.657735337482573
1985-08-30,5.6511838881487675
1985-09-03,5.657735337482573
1985-09-04,5.67739411679648
1985-09-05,5.67739411679648
1985-09-06,5.664287771552487
1985-09-09,5.664287771552487
1985-09-10,5.664287771552487
1985-09-11,5.664287771552487
1985-09-12,5.664287771552487
1985-09-13,5.664287771552487
1985-09-16,5.677394116796479
1985-09-17,5.677394116796479
1985-09-18,5.670845621671
1985-09-19,5.677394116796479
1985-09-20,5.683957875331647
1985-09-23,5.683957875331647
1985-09-24,5.69051671018627
1985-09-25,5.69706766715202
1985-09-26,5.69706766715202
1985-09-30,5.700385243103559
1985-10-01,5.707011040013601
1985-10-02,5.707011040013601
1985-10-03,5.707011040013601
1985-10-04,5.700385243103559
1985-10-07,5.700385243103559
1985-10-08,5.700385243103559
1985-10-09,5.700385243103559
1985-10-10,5.700385243103559
1985-10-11,5.700385243103559
1985-10-14,5.700385243103559
1985-10-15,5.700385243103559
1985-10-16,5.700385243103559
1985-10-17,5.707011040013601
1985-10-18,5.707011040013601
1985-10-21,5.707011040013601
1985-10-22,5.713644714812516
1985-10-23,5.713644714812516
1985-10-24,5.713644714812516
1985-10-25,5.720266572778123
1985-10-28,5.713644714812517
1985-10-29,5.73039359892405
1985-10-30,5.750507326320356
1985-10-31,5.73039359892405
1985-11-01,5.757205993702471
1985-11-04,5.763915000813732
1985-11-05,5.763915000813732
1985-11-06,5.770610221619465
1985-11-07,5.7773108584737995
1985-11-08,5.784018388480895
1985-11-11,5.784018388480895
1985-11-12,5.810826351946827
1985-11-13,5.810826351946827
1985-11-14,5.810826351946827
1985-11-15,5.810826351946827
1985-11-18,5.8242276256554915
1985-11-19,5.83092777014177
1985-11-20,5.837624960419722
1985-11-21,5.84433495226709
1985-11-22,5.851036573857532
1985-11-25,5.851036573857532
1985-11-26,5.854427020281143
1985-11-27,5.861200035239493
1985-11-29,5.8815323740520205
1985-12-02,5.8815323740520205
1985-12-03,5.8815323740520205
1985-12-04,5.8815323740520205
1985-12-05,5.888307850850644
1985-12-06,5.895080865808996
1985-12-09,5.90863132703819
1985-12-10,5.922182280635437
1985-12-11,5.942514127079909
1985-12-12,5.949282218357715
1985-12-13,5.96283809563551
1985-12-16,5.976388556864703
1985-12-17,5.996711540684193
1985-12-18,6.010270864538367
1985-12-19,6.010270864538367
1985-12-20,6.023823295239779
1985-12-23,6.03059729493424
1985-12-24,6.03059729493424
1985-12-26,6.044149725635651
1985-12-27,6.054419046149342
1985-12-30,6.054419046149342
1985-12-31,6.068117217794901
1986-01-02,6.068117217794901
1986-01-03,6.068117217794901
1986-01-06,6.074971473482253
1986-01-07,6.081824744433495
1986-01-08,6.074971473482254
1986-01-09,6.054419046149343
1986-01-10,6.0475716836147555
1986-01-13,6.040727275288496
1986-01-14,6.033875973809472
1986-01-15,6.054419046149344
1986-01-16,6.061273794204752
1986-01-17,6.061273794204752
1986-01-20,6.068117217794903
1986-01-21,6.081824744433496
1986-01-22,6.074971473482256
1986-01-23,6.081824744433498
1986-01-24,6.074971473482257
1986-01-27,6.081824744433499
1986-01-28,6.09912458839807
1986-01-29,6.1060477756130584
1986-01-30,6.1060477756130584
1986-01-31,6.1198961195152535
1986-02-03,6.126815367785805
1986-02-04,6.140667158264381
1986-02-05,6.140667158264381
1986-02-06,6.126815367785805
1986-02-07,6.126815367785805
1986-02-10,6.126815367785805
1986-02-11,6.13373166184803
1986-02-12,6.14758591416688
1986-02-13,6.154506639541594
1986-02-14,6.182200865505711
1986-02-18,6.216820248157035
1986-02-19,6.230665637850902
1986-02-20,6.244511027544768
1986-02-21,6.265275173141133
1986-02-24,6.286049658466644
1986-02-25,6.292971860945523
1986-02-26,6.299894555792457
1986-02-27,6.341426785929622
1986-02-28,6.365917665330856
1986-03-03,6.386900914711494
1986-03-04,6.414880714147248
1986-03-05,6.393894510558282
1986-03-06,6.393894510558282
1986-03-07,6.400892537717562
1986-03-10,6.4218792336745825
1986-03-11,6.435867902472323
1986-03-12,6.435867902472323
1986-03-13,6.442859036478838
1986-03-14,6.435867902472323
1986-03-17,6.4218792336745825
1986-03-18,6.4218792336745825
1986-03-19,6.414880714147248
1986-03-20,6.414880714147248
1986-03-21,6.414880714147248
1986-03-24,6.414880714147248
1986-03-25,6.400892537717562
1986-03-26,6.400892537717562
1986-03-27,6.414880714147248
1986-03-31,6.494740843122587
1986-04-01,6.494740843122587
1986-04-02,6.4806054486445905
1986-04-03,6.487673884435669
1986-04-04,6.487673884435669
1986-04-07,6.487673884435669
1986-04-08,6.501807309441447
1986-04-09,6.508870821551981
1986-04-10,6.523011632078577
1986-04-11,6.530081052605764
1986-04-14,6.537146534188516
1986-04-15,6.5442174318198685
1986-04-16,6.558356765242302
1986-04-17,6.565414861304236
1986-04-18,6.565414861304236
1986-04-21,6.565414861304236
1986-04-22,6.558356765242301
1986-04-23,6.5442174318198685
1986-04-24,6.523011632078576
1986-04-25,6.523011632078576
1986-04-28,6.523011632078576
1986-04-29,6.523011632078576
1986-04-30,6.589408941338429
1986-05-01,6.582267142707221
1986-05-02,6.575118943291306
1986-05-05,6.575118943291306
1986-05-06,6.575118943291306
1986-05-07,6.582267142707221
1986-05-08,6.589408941338429
1986-05-09,6.589408941338429
1986-05-12,6.582267142707221
1986-05-13,6.596547785761309
1986-05-14,6.596547785761309
1986-05-15,6.589408941338428
1986-05-16,6.589408941338428
1986-05-19,6.58226714270722
1986-05-20,6.58226714270722
1986-05-21,6.58226714270722
1986-05-22,6.58226714270722
1986-05-23,6.58226714270722
1986-05-27,6.589408941338428
1986-05-28,6.589408941338428
1986-05-29,6.58226714270722
1986-05-30,6.649335549625422
1986-06-02,6.642115464473543
1986-06-03,6.627699912572509
1986-06-04,6.627699912572509
1986-06-05,6.634912612203572
1986-06-06,6.634912612203572
1986-06-09,6.627699912572509
1986-06-10,6.620488690045612
1986-06-11,6.620488690045612
1986-06-12,6.613273528574276
1986-06-13,6.634912612203571
1986-06-16,6.642115464473542
1986-06-17,6.642115464473542
1986-06-18,6.642115464473542
1986-06-19,6.634912612203571
1986-06-20,6.634912612203571
1986-06-23,6.634912612203571
1986-06-24,6.642115464473542
1986-06-25,6.6493355496254205
1986-06-26,6.6493355496254205
1986-06-27,6.656548741624537
1986-06-30,6.731590556818075
1986-07-01,6.731590556818075
1986-07-02,6.731590556818075
1986-07-03,6.738866279560121
1986-07-07,6.738866279560121
1986-07-08,6.738866279560121
1986-07-09,6.738866279560121
1986-07-10,6.738866279560121
1986-07-11,6.738866279560121
1986-07-14,6.738866279560121
1986-07-15,6.738866279560121
1986-07-16,6.738866279560121
1986-07-17,6.731590556818075
1986-07-18,6.724298585930232
1986-07-21,6.724298585930232
1986-07-22,6.717011046354879
1986-07-23,6.709729415196181
1986-07-24,6.709729415196181
1986-07-25,6.709729415196181
1986-07-28,6.687875166727048
1986-07-29,6.687875166727048
1986-07-30,6.680593535568351
1986-07-31,6.741679670623805
1986-08-01,6.741679670623805
1986-08-04,6.726961804737281
1986-08-05,6.726961804737281
1986-08-06,6.719588593120435
1986-08-07,6.712236553329937
1986-08-08,6.726961804737281
1986-08-11,6.734313844527779
1986-08-12,6.734313844527779
1986-08-13,6.741679670623805
1986-08-14,6.749039095935121
1986-08-15,6.741679670623803
1986-08-18,6.741679670623803
1986-08-19,6.756393105197837
1986-08-20,6.763756961821645
1986-08-21,6.778473350604006
1986-08-22,6.778473350604006
1986-08-25,6.771124265021834
1986-08-26,6.778473350604007
1986-08-27,6.778473350604007
1986-08-28,6.785832775915325
1986-08-29,6.858654503550911
1986-09-02,6.858654503550911
1986-09-03,6.843795820400784
1986-09-04,6.843795820400784
1986-09-05,6.836372879610431
1986-09-08,6.836372879610431
1986-09-09,6.836372879610431
1986-09-10,6.836372879610431
1986-09-11,6.821503364363105
1986-09-12,6.8140754998922075
1986-09-15,6.8140754998922075
1986-09-16,6.8140754998922075
1986-09-17,6.821503364363105
1986-09-18,6.8140754998922075
1986-09-19,6.806649604893526
1986-09-22,6.806649604893526
1986-09-23,6.806649604893526
1986-09-24,6.814075499892207
1986-09-25,6.814075499892207
1986-09-26,6.814075499892207
1986-09-29,6.806649604893524
1986-09-30,6.8711586826641895
1986-10-01,6.8786559710307795
1986-10-02,6.886152274661263
1986-10-03,6.893656948548672
1986-10-06,6.9011621148041336
1986-10-07,6.9011621148041336
1986-10-08,6.9011621148041336
1986-10-09,6.9011621148041336
1986-10-10,6.908659403170723
1986-10-13,6.908659403170723
1986-10-14,6.9011621148041336
1986-10-15,6.9011621148041336
1986-10-16,6.9011621148041336
1986-10-17,6.908659403170723
1986-10-20,6.9011621148041336
1986-10-21,6.916164569426187
1986-10-22,6.916164569426187
1986-10-23,6.938663820046775
1986-10-24,6.938663820046775
1986-10-27,6.946164062621694
1986-10-28,6.946164062621694
1986-10-29,6.953669228877158
1986-10-30,6.976171433706073
1986-10-31,7.042050771772545
1986-11-03,7.049618961138989
1986-11-04,7.057190104713761
1986-11-05,7.064767649073242
1986-11-06,7.072335838439687
1986-11-07,7.064767649073243
1986-11-10,7.072335838439688
1986-11-11,7.072335838439688
1986-11-12,7.079906489646406
1986-11-13,7.087477140853123
1986-11-14,7.095056654684823
1986-11-17,7.095056654684823
1986-11-18,7.0571901047137615
1986-11-19,7.026907992254946
1986-11-20,7.019336356312119
1986-11-21,7.019336356312119
1986-11-24,7.011758319584584
1986-11-25,7.00418274469732
1986-11-26,6.996617017171149
1986-11-28,7.07076272250541
1986-12-01,7.063123139771057
1986-12-02,7.055473217307556
1986-12-03,7.063123139771057
1986-12-04,7.07076272250541
1986-12-05,7.055473217307557
1986-12-08,7.055473217307557
1986-12-09,7.055473217307557
1986-12-10,7.055473217307557
1986-12-11,7.047831665100986
1986-12-12,7.0325485606878395
1986-12-15,7.0325485606878395
1986-12-16,7.024897161120177
1986-12-17,7.024897161120177
1986-12-18,7.024897161120177
1986-12-19,7.024897161120177
1986-12-22,7.017248223392786
1986-12-23,7.017248223392786
1986-12-24,7.017248223392786
1986-12-26,7.017248223392786
1986-12-29,7.024897161120177
1986-12-30,7.024897161120177
1986-12-31,7.100535234027773
1987-01-02,7.10825408801891
1987-01-05,7.123687857056745
1987-01-06,7.146844911398209
1987-01-07,7.162278188067991
1987-01-08,7.1854347500413995
1987-01-09,7.193143756671445
1987-01-12,7.208583926493991
1987-01-13,7.2163042575892895
1987-01-14,7.224015726059608
1987-01-15,7.231739996099347
1987-01-16,7.239454418777994
1987-01-19,7.239454418777994
1987-01-20,7.247178196449676
1987-01-21,7.262603595230585
1987-01-22,7.270330819478648
1987-01-23,7.270330819478648
1987-01-26,7.270330819478648
1987-01-27,7.262603595230585
1987-01-28,7.270330819478648
1987-01-29,7.185434750041401
1987-01-30,7.269576511619081
1987-02-02,7.277374636866999
1987-02-03,7.285170300274646
1987-02-04,7.285170300274646
1987-02-05,7.285170300274646
1987-02-06,7.285170300274646
1987-02-09,7.285170300274646
1987-02-10,7.269576511619081
1987-02-11,7.277374636866999
1987-02-12,7.269576511619081
1987-02-13,7.269576511619081
1987-02-17,7.261789218468363
1987-02-18,7.261789218468363
1987-02-19,7.269576511619081
1987-02-20,7.292962024737856
1987-02-23,7.300748825520518
1987-02-24,7.324128430222636
1987-02-25,7.331915723373355
1987-02-26,7.331915723373355
1987-02-27,7.405820168360891
1987-03-02,7.405820168360891
1987-03-03,7.405820168360891
1987-03-04,7.405820168360891
1987-03-05,7.405820168360891
1987-03-06,7.405820168360891
1987-03-09,7.3979614818422625
1987-03-10,7.3979614818422625
1987-03-11,7.40582016836089
1987-03-12,7.40582016836089
1987-03-13,7.40582016836089
1987-03-16,7.40582016836089
1987-03-17,7.40582016836089
1987-03-18,7.40582016836089
1987-03-19,7.40582016836089
1987-03-20,7.40582016836089
1987-03-23,7.40582016836089
1987-03-24,7.40582016836089
1987-03-25,7.40582016836089
1987-03-26,7.41368328619201
1987-03-27,7.41368328619201
1987-03-30,7.405820168360891
1987-03-31,7.455781739591905
1987-04-01,7.447852644441475
1987-04-02,7.447852644441475
1987-04-03,7.447852644441475
1987-04-06,7.455781739591905
1987-04-07,7.455781739591905
1987-04-08,7.4637260981520255
1987-04-09,7.447852644441476
1987-04-10,7.416126416478673
1987-04-13,7.408195844224084
1987-04-14,7.34474486540264
1987-04-15,7.313017160335672
1987-04-16,7.320951671534702
1987-04-20,7.313017160335673
1987-04-21,7.289219535155243
1987-04-22,7.281283054483999
1987-04-23,7.273355928805788
1987-04-24,7.25749429192855
1987-04-27,7.194040851266833
1987-04-28,7.186109294276133
1987-04-29,7.186109294276133
1987-04-30,7.238150628169555
1987-05-01,7.246166872465638
1987-05-04,7.22212897167459
1987-05-05,7.214129960260416
1987-05-06,7.206124055693478
1987-05-07,7.206124055693478
1987-05-08,7.214129960260416
1987-05-11,7.22212897167459
1987-05-12,7.214129960260416
1987-05-13,7.206124055693478
1987-05-14,7.206124055693478
1987-05-15,7.182101418312121
1987-05-18,7.166089609178245
1987-05-19,7.142072880213541
1987-05-20,7.086025147460271
1987-05-21,7.078011365004461
1987-05-22,7.070008907013905
1987-05-26,7.078011365004461
1987-05-27,7.086025147460271
1987-05-28,7.086025147460271
1987-05-29,7.170090591989497
1987-06-01,7.186262913109155
1987-06-02,7.170090591989496
1987-06-03,7.162004923797722
1987-06-04,7.162004923797722
1987-06-05,7.170090591989496
1987-06-08,7.170090591989496
1987-06-09,7.170090591989496
1987-06-10,7.178178229653489
1987-06-11,7.178178229653489
1987-06-12,7.194345627092602
1987-06-15,7.20243178765243
1987-06-16,7.210512039795605
1987-06-17,7.218594261410999
1987-06-18,7.226675498290282
1987-06-19,7.226675498290282
1987-06-22,7.234759197009838
1987-06-23,7.234759197009838
1987-06-24,7.234759197009838
1987-06-25,7.234759197009838
1987-06-26,7.226675498290281
1987-06-29,7.226675498290281
1987-06-30,7.291928051823313
1987-07-01,7.291928051823313
1987-07-02,7.291928051823313
1987-07-06,7.300085113382998
1987-07-07,7.300085113382998
1987-07-08,7.300085113382998
1987-07-09,7.291928051823314
1987-07-10,7.291928051823314
1987-07-13,7.291928051823314
1987-07-14,7.28377197499974
1987-07-15,7.275617867648383
1987-07-16,7.275617867648383
1987-07-17,7.28377197499974
1987-07-20,7.275617867648383
1987-07-21,7.275617867648383
1987-07-22,7.259304729265124
1987-07-23,7.251149637177659
1987-07-24,7.242991098513813
1987-07-27,7.242991098513813
1987-07-28,7.242991098513813
1987-07-29,7.242991098513813
1987-07-30,7.2348310827458
1987-07-31,7.311404162588982
1987-08-03,7.294938882476868
1987-08-04,7.286702057292347
1987-08-05,7.286702057292347
1987-08-06,7.286702057292347
1987-08-07,7.286702057292347
1987-08-10,7.294938882476868
1987-08-11,7.294938882476868
1987-08-12,7.303168814508624
1987-08-13,7.303168814508624
1987-08-14,7.303168814508624
1987-08-17,7.31140416258898
1987-08-18,7.319639510669337
1987-08-19,7.31140416258898
1987-08-20,7.319639510669337
1987-08-21,7.319639510669337
1987-08-24,7.319639510669337
1987-08-25,7.319639510669337
1987-08-26,7.319639510669337
1987-08-27,7.319639510669337
1987-08-28,7.303168814508623
1987-08-31,7.356365736226067
1987-09-01,7.356365736226067
1987-09-02,7.323116121502494
1987-09-03,7.323116121502494
1987-09-04,7.306493283612926
1987-09-08,7.273244161257409
1987-09-09,7.248312612447356
1987-09-10,7.223375155220649
1987-09-11,7.206751824963027
1987-09-14,7.206751824963027
1987-09-15,7.198428343000907
1987-09-16,7.173497286558908
1987-09-17,7.165182174853714
1987-09-18,7.13193354486625
1987-09-21,7.123621879737438
1987-09-22,7.107004457896471
1987-09-23,7.090379650534686
1987-09-24,7.0820679854058755
1987-09-25,7.073749427124301
1987-09-28,7.065437269627434
1987-09-29,7.048818370682303
1987-09-30,7.086597771507711
1987-10-01,7.078203388545736
1987-10-02,7.069808513215707
1987-10-05,7.06140969894124
1987-10-06,7.053013346507047
1987-10-07,7.053013346507047
1987-10-08,7.053013346507047
1987-10-09,7.03621719506228
1987-10-12,7.027824781572522
1987-10-13,7.019425474930002
1987-10-14,7.011028137759698
1987-10-15,6.969053761109549
1987-10-16,6.95225317835229
1987-10-19,6.95225317835229
1987-10-20,6.95225317835229
1987-10-21,6.95225317835229
1987-10-22,6.801121788745135
1987-10-23,6.80951617170711
1987-10-26,6.801121788745135
1987-10-27,6.784333022821184
1987-10-28,6.767533917168089
1987-10-29,6.759141996046387
1987-10-30,6.840610199087875
1987-11-02,6.857591480921154
1987-11-03,6.857591480921154
1987-11-04,6.900022775125922
1987-11-05,6.9594314122195335
1987-11-06,6.9594314122195335
1987-11-09,6.967918852743819
1987-11-10,6.950946433535521
1987-11-11,6.976411709316703
1987-11-12,6.993386097997217
1987-11-13,6.9848981651048785
1987-11-16,6.9848981651048785
1987-11-17,6.9848981651048785
1987-11-18,6.9848981651048785
1987-11-19,6.993386097997217
1987-11-20,7.001866153000684
1987-11-23,6.993386097997217
1987-11-24,7.001866153000684
1987-11-25,7.001866153000684
1987-11-27,6.993386097997217
1987-11-30,7.055972478514875
1987-12-01,7.047402320157426
1987-12-02,7.047402320157426
1987-12-03,7.047402320157426
1987-12-04,7.047402320157426
1987-12-07,7.038826253383324
1987-12-08,7.0302516637133845
1987-12-09,7.0302516637133845
1987-12-10,7.013105930949886
1987-12-11,6.987381669572014
1987-12-14,6.978805110429856
1987-12-15,6.978805110429856
1987-12-16,6.987381669572016
1987-12-17,7.004530848911894
1987-12-18,7.004530848911894
1987-12-21,7.021678551147611
1987-12-22,7.030251663713386
1987-12-23,7.0474023201574285
1987-12-24,7.055972478514878
1987-12-28,7.073117718910321
1987-12-29,7.073117718910321
1987-12-30,7.115983774107254
1987-12-31,7.206934001143214
1988-01-04,7.224258955878565
1988-01-05,7.232917740485833
1988-01-06,7.250251065478112
1988-01-07,7.241585387718082
1988-01-08,7.241585387718082
1988-01-11,7.232917740485833
1988-01-12,7.241585387718082
1988-01-13,7.241585387718082
1988-01-14,7.241585387718082
1988-01-15,7.293558282451922
1988-01-18,7.310872897458128
1988-01-19,7.310872897458128
1988-01-20,7.319545960738976
1988-01-21,7.328207207186517
1988-01-22,7.336876823890983
1988-01-25,7.34552576113716
1988-01-26,7.34552576113716
1988-01-27,7.354198332049953
1988-01-28,7.3715208249450335
1988-01-29,7.463391287874942
1988-02-01,7.489634012814253
1988-02-02,7.489634012814253
1988-02-03,7.498392255768539
1988-02-04,7.498392255768539
1988-02-05,7.5071421284658975
1988-02-08,7.5071421284658975
1988-02-09,7.515883138538274
1988-02-10,7.515883138538274
1988-02-11,7.515883138538274
1988-02-12,7.515883138538274
1988-02-16,7.507142128465897
1988-02-17,7.507142128465897
1988-02-18,7.515883138538273
1988-02-19,7.524637934916176
1988-02-22,7.533389777085754
1988-02-23,7.568382867090477
1988-02-24,7.603386296824345
1988-02-25,7.594637408863096
1988-02-26,7.603386296824343
1988-02-29,7.68642860053622
1988-03-01,7.704101659486137
1988-03-02,7.704101659486137
1988-03-03,7.67759945658208
1988-03-04,7.651092329997477
1988-03-07,7.642265155515553
1988-03-08,7.63342370236005
1988-03-09,7.624591604197581
1988-03-10,7.606921499455991
1988-03-11,7.598083985244922
1988-03-14,7.60692149945599
1988-03-15,7.60692149945599
1988-03-16,7.60692149945599
1988-03-17,7.60692149945599
1988-03-18,7.60692149945599
1988-03-21,7.60692149945599
1988-03-22,7.60692149945599
1988-03-23,7.598083985244921
1988-03-24,7.598083985244921
1988-03-25,7.598083985244921
1988-03-28,7.580411418663059
1988-03-29,7.589242532089417
1988-03-30,7.589242532089417
1988-03-31,7.656169629375962
1988-04-04,7.647245950755349
1988-04-05,7.647245950755349
1988-04-06,7.647245950755349
1988-04-07,7.647245950755349
1988-04-08,7.656169629375963
1988-04-11,7.656169629375963
1988-04-12,7.656169629375963
1988-04-13,7.665091830892415
1988-04-14,7.656169629375963
1988-04-15,7.647245950755351
1988-04-18,7.629400070618287
1988-04-19,7.620482300414329
1988-04-20,7.620482300414329
1988-04-21,7.620482300414329
1988-04-22,7.629400070618286
1988-04-25,7.638316363718083
1988-04-26,7.647245950755351
1988-04-27,7.656169629375965
1988-04-28,7.638316363718084
1988-04-29,7.705922436551852
1988-05-02,7.687897826810986
1988-05-03,7.687897826810986
1988-05-04,7.6788904456211
1988-05-05,7.6788904456211
1988-05-06,7.660864358776073
1988-05-09,7.669861892604868
1988-05-10,7.669861892604868
1988-05-11,7.669861892604868
1988-05-12,7.669861892604868
1988-05-13,7.6788904456211
1988-05-16,7.6788904456211
1988-05-17,7.6788904456211
1988-05-18,7.660864358776073
1988-05-19,7.651836790495949
1988-05-20,7.651836790495949
1988-05-23,7.6338239975883955
1988-05-24,7.624807261405474
1988-05-25,7.624807261405474
1988-05-26,7.624807261405474
1988-05-27,7.624807261405474
1988-05-31,7.702192748538658
1988-06-01,7.71130155754778
1988-06-02,7.729500957948009
1988-06-03,7.729500957948009
1988-06-06,7.738609274589077
1988-06-07,7.729500957948008
1988-06-08,7.729500957948008
1988-06-09,7.747707251501001
1988-06-10,7.756821476558725
1988-06-13,7.76592290004703
1988-06-14,7.784130670704186
1988-06-15,7.784130670704186
1988-06-16,7.775024323535334
1988-06-17,7.7659229000470305
1988-06-20,7.747707251501002
1988-06-21,7.747707251501002
1988-06-22,7.756821476558726
1988-06-23,7.7659229000470305
1988-06-24,7.7659229000470305
1988-06-27,7.775024323535336
1988-06-28,7.765922900047032
1988-06-29,7.775024323535336
1988-06-30,7.859595922424638
1988-07-01,7.859595922424638
1988-07-05,7.859595922424638
1988-07-06,7.859595922424638
1988-07-07,7.841215822948391
1988-07-08,7.841215822948391
1988-07-11,7.841215822948391
1988-07-12,7.841215822948391
1988-07-13,7.850405872686515
1988-07-14,7.850405872686515
1988-07-15,7.859595922424637
1988-07-18,7.859595922424637
1988-07-19,7.859595922424637
1988-07-20,7.868790895843306
1988-07-21,7.859595922424637
1988-07-22,7.859595922424637
1988-07-25,7.859595922424637
1988-07-26,7.859595922424637
1988-07-27,7.859595922424637
1988-07-28,7.859595922424637
1988-07-29,7.937575205431605
1988-08-01,7.937575205431605
1988-08-02,7.937575205431605
1988-08-03,7.937575205431605
1988-08-04,7.937575205431605
1988-08-05,7.9468652058848015
1988-08-08,7.937575205431605
1988-08-09,7.937575205431605
1988-08-10,7.928298991283937
1988-08-11,7.919012929775176
1988-08-12,7.900442283861818
1988-08-15,7.900442283861818
1988-08-16,7.881875576892897
1988-08-17,7.881875576892897
1988-08-18,7.881875576892897
1988-08-19,7.881875576892897
1988-08-22,7.881875576892897
1988-08-23,7.872590992488302
1988-08-24,7.863314285972576
1988-08-25,7.863314285972576
1988-08-26,7.863314285972576
1988-08-29,7.854024777887435
1988-08-30,7.863314285972576
1988-08-31,7.952396960977639
1988-09-01,7.943020796114897
1988-09-02,7.95239696097764
1988-09-06,7.95239696097764
1988-09-07,7.95239696097764
1988-09-08,7.95239696097764
1988-09-09,7.95239696097764
1988-09-12,7.95239696097764
1988-09-13,7.95239696097764
1988-09-14,7.971155199119779
1988-09-15,7.971155199119779
1988-09-16,7.961769679263999
1988-09-19,7.961769679263999
1988-09-20,7.961769679263999
1988-09-21,7.961769679263999
1988-09-22,7.961769679263999
1988-09-23,7.95239696097764
1988-09-26,7.95239696097764
1988-09-27,7.95239696097764
1988-09-28,7.943020796114898
1988-09-29,7.943020796114898
1988-09-30,8.022578611104743
1988-10-03,8.032056203786722
1988-10-04,8.022578611104743
1988-10-05,8.022578611104743
1988-10-06,8.03205620378672
1988-10-07,8.03205620378672
1988-10-10,8.03205620378672
1988-10-11,8.03205620378672
1988-10-12,8.03205620378672
1988-10-13,8.03205620378672
1988-10-14,8.03205620378672
1988-10-17,8.03205620378672
1988-10-18,8.04152591857983
1988-10-19,8.04152591857983
1988-10-20,8.04152591857983
1988-10-21,8.04152591857983
1988-10-24,8.04152591857983
1988-10-25,8.04152591857983
1988-10-26,8.032056203786722
1988-10-27,8.032056203786722
1988-10-28,8.032056203786722
1988-10-31,8.10381293932032
1988-11-01,8.10381293932032
1988-11-02,8.10381293932032
1988-11-03,8.094234903555215
1988-11-04,8.08467016172758
1988-11-07,8.08467016172758
1988-11-08,8.08467016172758
1988-11-09,8.075107389372166
1988-11-10,8.06554363228064
1988-11-11,8.06554363228064
1988-11-14,8.055973966772461
1988-11-15,8.055973966772461
1988-11-16,8.04640725547261
1988-11-17,8.04640725547261
1988-11-18,8.03683857470054
1988-11-21,8.027282695497888
1988-11-22,8.036838574700539
1988-11-23,8.04640725547261
1988-11-25,8.04640725547261
1988-11-28,8.04640725547261
1988-11-29,8.03683857470054
1988-11-30,8.130612532529328
1988-12-01,8.140288549537289
1988-12-02,8.140288549537289
1988-12-05,8.140288549537289
1988-12-06,8.149952257343887
1988-12-07,8.159616949886594
1988-12-08,8.159616949886594
1988-12-09,8.159616949886594
1988-12-12,8.169280657693193
1988-12-13,8.159616949886594
1988-12-14,8.10161008464428
1988-12-15,8.149952257343887
1988-12-16,8.140288549537289
1988-12-19,8.140288549537289
1988-12-20,8.140288549537289
1988-12-21,8.130612532529328
1988-12-22,8.130612532529328
1988-12-23,8.120947347618566
1988-12-27,8.120947347618566
1988-12-28,8.120947347618566
1988-12-29,8.120947347618566
1988-12-30,8.195190049459576
1989-01-03,8.204938444571555
1989-01-04,8.204938444571555
1989-01-05,8.204938444571555
1989-01-06,8.21472179781541
1989-01-09,8.21472179781541
1989-01-10,8.22449087238568
1989-01-11,8.22449087238568
1989-01-12,8.22449087238568
1989-01-13,8.23425009959486
1989-01-16,8.23425009959486
1989-01-17,8.22449087238568
1989-01-18,8.22449087238568
1989-01-19,8.23425009959486
1989-01-20,8.23425009959486
1989-01-23,8.23425009959486
1989-01-24,8.23425009959486
1989-01-25,8.23425009959486
1989-01-26,8.23425009959486
1989-01-27,8.244022128373459
1989-01-30,8.244022128373459
1989-01-31,8.328890132831598
1989-02-01,8.328890132831598
1989-02-02,8.328890132831598
1989-02-03,8.328890132831598
1989-02-06,8.328890132831598
1989-02-07,8.328890132831598
1989-02-08,8.328890132831598
1989-02-09,8.328890132831598
1989-02-10,8.319025046490689
1989-02-13,8.328890132831598
1989-02-14,8.319025046490689
1989-02-15,8.319025046490689
1989-02-16,8.319025046490689
1989-02-17,8.319025046490689
1989-02-21,8.319025046490689
1989-02-22,8.319025046490689
1989-02-23,8.309148143316472
1989-02-24,8.309148143316472
1989-02-27,8.299291919600545
1989-02-28,8.375061454778706
1989-03-01,8.365096910090779
1989-03-02,8.375061454778706
1989-03-03,8.365096910090779
1989-03-06,8.365096910090779
1989-03-07,8.365096910090779
1989-03-08,8.375061454778706
1989-03-09,8.375061454778706
1989-03-10,8.375061454778706
1989-03-13,8.355116609625108
1989-03-14,8.355116609625108
1989-03-15,8.355116609625108
1989-03-16,8.355116609625108
1989-03-17,8.335185550777037
1989-03-20,8.325204265575257
1989-03-21,8.315240705623442
1989-03-22,8.305278130407734
1989-03-23,8.305278130407734
1989-03-27,8.275359877941227
1989-03-28,8.255416017523737
1989-03-29,8.255416017523737
1989-03-30,8.255416017523737
1989-03-31,8.33299845187874
1989-04-03,8.33299845187874
1989-04-04,8.33299845187874
1989-04-05,8.312856659503323
1989-04-06,8.30276902280176
1989-04-07,8.30276902280176
1989-04-10,8.292704035030708
1989-04-11,8.252396816613254
1989-04-12,8.252396816613254
1989-04-13,8.232239760828147
1989-04-14,8.21209058293191
1989-04-17,8.222163940959893
1989-04-18,8.222163940959893
1989-04-19,8.21209058293191
1989-04-20,8.21209058293191
1989-04-21,8.21209058293191
1989-04-24,8.222163940959893
1989-04-25,8.222163940959893
1989-04-26,8.21209058293191
1989-04-27,8.21209058293191
1989-04-28,8.300699107500446
1989-05-01,8.300699107500446
1989-05-02,8.300699107500446
1989-05-03,8.31088127886848
1989-05-04,8.31088127886848
1989-05-05,8.31088127886848
1989-05-08,8.300699107500446
1989-05-09,8.29051496666019
1989-05-10,8.29051496666019
1989-05-11,8.29051496666019
1989-05-12,8.321065419708734
1989-05-15,8.321065419708734
1989-05-16,8.31088127886848
1989-05-17,8.31088127886848
1989-05-18,8.31088127886848
1989-05-19,8.331251530021207
1989-05-22,8.331251530021207
1989-05-23,8.351619811701717
1989-05-24,8.351619811701717
1989-05-25,8.351619811701717
1989-05-26,8.351619811701717
1989-05-30,8.351619811701717
1989-05-31,8.448347485489732
1989-06-01,8.458639947301986
1989-06-02,8.489512409058204
1989-06-05,8.499807825078786
1989-06-06,8.510085515849404
1989-06-07,8.52037797766166
1989-06-08,8.54096290128617
1989-06-09,8.54096290128617
1989-06-12,8.561542901230132
1989-06-13,8.561542901230132
1989-06-14,8.561542901230132
1989-06-15,8.561542901230132
1989-06-16,8.499807825078786
1989-06-19,8.499807825078786
1989-06-20,8.489512409058204
1989-06-21,8.499807825078786
1989-06-22,8.499807825078786
1989-06-23,8.499807825078786
1989-06-26,8.499807825078786
1989-06-27,8.510085515849404
1989-06-28,8.510085515849404
1989-06-29,8.510085515849404
1989-06-30,8.596363170047711
1989-07-03,8.596363170047711
1989-07-05,8.58598011251342
1989-07-06,8.58598011251342
1989-07-07,8.5755832686736
1989-07-10,8.5755832686736
1989-07-11,8.565181501153237
1989-07-12,8.534006725411526
1989-07-13,8.534006725411526
1989-07-14,8.534006725411526
1989-07-17,8.534006725411526
1989-07-18,8.523608896835599
1989-07-19,8.523608896835599
1989-07-20,8.534006725411526
1989-07-21,8.534006725411526
1989-07-24,8.534006725411526
1989-07-25,8.534006725411526
1989-07-26,8.534006725411526
1989-07-27,8.534006725411526
1989-07-28,8.534006725411526
1989-07-31,8.622222340272529
1989-08-01,8.622222340272529
1989-08-02,8.622222340272529
1989-08-03,8.622222340272529
1989-08-04,8.61171717546071
1989-08-07,8.61171717546071
1989-08-08,8.61171717546071
1989-08-09,8.61171717546071
1989-08-10,8.61171717546071
1989-08-11,8.60121398012111
1989-08-14,8.590710784781507
1989-08-15,8.580209558914126
1989-08-16,8.580209558914126
1989-08-17,8.569696516213433
1989-08-18,8.559208091915469
1989-08-21,8.559208091915469
1989-08-22,8.548698003423105
1989-08-23,8.548698003423105
1989-08-24,8.55920809191547
1989-08-25,8.55920809191547
1989-08-28,8.55920809191547
1989-08-29,8.55920809191547
1989-08-30,8.55920809191547
1989-08-31,8.648344435038478
1989-09-01,8.648344435038478
1989-09-05,8.648344435038478
1989-09-06,8.648344435038478
1989-09-07,8.648344435038478
1989-09-08,8.648344435038478
1989-09-11,8.648344435038478
1989-09-12,8.627120417679166
1989-09-13,8.595270112966617
1989-09-14,8.52100820877148
1989-09-15,8.478560174052857
1989-09-18,8.457340095637981
1989-09-19,8.478560174052857
1989-09-20,8.489175629308894
1989-09-21,8.478560174052857
1989-09-22,8.478560174052857
1989-09-25,8.478560174052857
1989-09-26,8.478560174052857
1989-09-27,8.457340095637981
1989-09-28,8.457340095637981
1989-09-29,8.53453552870211
1989-10-02,8.53453552870211
1989-10-03,8.513082067829378
1989-10-04,8.513082067829378
1989-10-05,8.50236813896243
1989-10-06,8.50236813896243
1989-10-09,8.50236813896243
1989-10-10,8.50236813896243
1989-10-11,8.48092649492301
1989-10-12,8.427310567991148
1989-10-13,8.405871878160053
1989-10-16,8.352262844380952
1989-10-17,8.352262844380952
1989-10-18,8.352262844380952
1989-10-19,8.352262844380952
1989-10-20,8.384438112009503
1989-10-23,8.395155979820888
1989-10-24,8.384438112009503
1989-10-25,8.373710396837028
1989-10-26,8.362984651136772
1989-10-27,8.352262844380952
1989-10-30,8.341532175000152
1989-10-31,8.376216550234675
1989-11-01,8.376216550234675
1989-11-02,8.365386422506855
1989-11-03,8.322035384776195
1989-11-06,8.300359373542808
1989-11-07,8.300359373542808
1989-11-08,8.322035384776195
1989-11-09,8.332873390392887
1989-11-10,8.343708441801251
1989-11-13,8.343708441801251
1989-11-14,8.343708441801251
1989-11-15,8.343708441801251
1989-11-16,8.354538569529073
1989-11-17,8.354538569529073
1989-11-20,8.354538569529073
1989-11-21,8.343708441801253
1989-11-22,8.332873390392887
1989-11-24,8.332873390392887
1989-11-27,8.343708441801251
1989-11-28,8.322035384776193
1989-11-29,8.311203287576154
1989-11-30,8.399910285755597
1989-12-01,8.378004831008793
1989-12-04,8.38895608127803
1989-12-05,8.38895608127803
1989-12-06,8.38895608127803
1989-12-07,8.38895608127803
1989-12-08,8.38895608127803
1989-12-11,8.378004831008791
1989-12-12,8.367047672322899
1989-12-13,8.367047672322899
1989-12-14,8.367047672322899
1989-12-15,8.3341958909874
1989-12-18,8.3341958909874
1989-12-19,8.3341958909874
1989-12-20,8.323247594926489
1989-12-21,8.290393844118773
1989-12-22,8.290393844118773
1989-12-26,8.290393844118773
1989-12-27,8.27944653279397
1989-12-28,8.27944653279397
1989-12-29,8.359157966616836
1990-01-02,8.348087563278396
1990-01-03,8.348087563278396
1990-01-04,8.370236247844147
1990-01-05,8.370236247844147
1990-01-08,8.370236247844147
1990-01-09,8.370236247844147
1990-01-10,8.359157966616836
1990-01-11,8.359157966616836
1990-01-12,8.337007312578866
1990-01-15,8.337007312578866
1990-01-16,8.325942817657081
1990-01-17,8.292727668697328
1990-01-18,8.292727668697328
1990-01-19,8.292727668697328
1990-01-22,8.292727668697328
1990-01-23,8.281646433261688
1990-01-24,8.270581938339904
1990-01-25,8.237370235956531
1990-01-26,8.159861164441656
1990-01-29,8.082360955551763
1990-01-30,8.07129005984527
1990-01-31,8.185503692722474
1990-02-01,8.185503692722474
1990-02-02,8.185503692722474
1990-02-05,8.174308720266234
1990-02-06,8.174308720266234
1990-02-07,8.151914344041264
1990-02-08,8.151914344041264
1990-02-09,8.118316625103127
1990-02-12,8.028737150731027
1990-02-13,7.905556018476354
1990-02-14,7.939146844261726
1990-02-15,7.961550575479733
1990-02-16,7.961550575479733
1990-02-20,7.961550575479733
1990-02-21,7.961550575479733
1990-02-22,7.972749486880409
1990-02-23,7.950354618287386
1990-02-26,7.972749486880409
1990-02-27,7.972749486880409
1990-02-28,8.037273335692712
1990-03-01,8.003315203338646
1990-03-02,7.991997138868768
1990-03-05,8.003315203338644
1990-03-06,8.014637206752958
1990-03-07,8.025950839910346
1990-03-08,8.014637206752958
1990-03-09,8.014637206752958
1990-03-12,8.037273335692712
1990-03-13,8.037273335692712
1990-03-14,8.04859386200286
1990-03-15,8.04859386200286
1990-03-16,8.025950839910344
1990-03-19,8.025950839910344
1990-03-20,8.025950839910344
1990-03-21,8.037273335692712
1990-03-22,8.04859386200286
1990-03-23,8.04859386200286
1990-03-26,8.059917834889392
1990-03-27,8.059917834889392
1990-03-28,8.071236884095377
1990-03-29,8.082554948565255
1990-03-30,8.170668150870913
1990-04-02,8.170668150870913
1990-04-03,8.182127524972444
1990-04-04,8.182127524972444
1990-04-05,8.182127524972444
1990-04-06,8.182127524972444
1990-04-09,8.170668150870911
1990-04-10,8.170668150870911
1990-04-11,8.170668150870911
1990-04-12,8.170668150870911
1990-04-16,8.159228963859617
1990-04-17,8.147785837903886
1990-04-18,8.136344189052318
1990-04-19,8.136344189052318
1990-04-20,8.136344189052318
1990-04-23,8.136344189052318
1990-04-24,8.136344189052318
1990-04-25,8.136344189052318
1990-04-26,8.113449074515874
1990-04-27,8.113449074515874
1990-04-30,8.189796157422018
1990-05-01,8.178241263917904
1990-05-02,8.155091102729203
1990-05-03,8.155091102729203
1990-05-04,8.166671599372153
1990-05-07,8.166671599372153
1990-05-08,8.166671599372153
1990-05-09,8.166671599372153
1990-05-10,8.166671599372153
1990-05-11,8.189796157422016
1990-05-14,8.189796157422016
1990-05-15,8.189796157422016
1990-05-16,8.201371730384421
1990-05-17,8.189796157422016
1990-05-18,8.189796157422016
1990-05-21,8.212941394930171
1990-05-22,8.236060044563379
1990-05-23,8.259210205752078
1990-05-24,8.259210205752078
1990-05-25,8.247634140421619
1990-05-29,8.247634140421619
1990-05-30,8.259210205752078
1990-05-31,8.384332745245832
1990-06-01,8.396016639180237
1990-06-04,8.384332745245832
1990-06-05,8.396016639180237
1990-06-06,8.407713334684061
1990-06-07,8.419410030187883
1990-06-08,8.431099832538942
1990-06-11,8.442789634890003
1990-06-12,8.442789634890003
1990-06-13,8.466184010633759
1990-06-14,8.477885629818127
1990-06-15,8.477885629818127
1990-06-18,8.477885629818127
1990-06-19,8.466184010633759
1990-06-20,8.466184010633759
1990-06-21,8.466184010633759
1990-06-22,8.466184010633759
1990-06-25,8.466184010633759
1990-06-26,8.431099832538944
1990-06-27,8.431099832538944
1990-06-28,8.442789634890005
1990-06-29,8.520790582091374
1990-07-02,8.520790582091374
1990-07-03,8.532611354344942
1990-07-05,8.520790582091374
1990-07-06,8.520790582091374
1990-07-09,8.520790582091374
1990-07-10,8.520790582091374
1990-07-11,8.532611354344942
1990-07-12,8.544432126598512
1990-07-13,8.55625092937986
1990-07-16,8.57988065705369
1990-07-17,8.591699459835041
1990-07-18,8.615343958550508
1990-07-19,8.615343958550508
1990-07-20,8.615343958550508
1990-07-23,8.615343958550508
1990-07-24,8.615343958550508
1990-07-25,8.603522201560828
1990-07-26,8.603522201560828
1990-07-27,8.603522201560828
1990-07-30,8.61534395855051
1990-07-31,8.683421719980533
1990-08-01,8.695365584247739
1990-08-02,8.683421719980533
1990-08-03,8.647589142442806
1990-08-06,8.56398504678069
1990-08-07,8.528148530298527
1990-08-08,8.49231496802469
1990-08-09,8.480369134285265
1990-08-10,8.480369134285265
1990-08-13,8.46842527001806
1990-08-14,8.46842527001806
1990-08-15,8.46842527001806
1990-08-16,8.46842527001806
1990-08-17,8.420651782421452
1990-08-20,8.408708902890355
1990-08-21,8.265378592739447
1990-08-22,8.253427342951422
1990-08-23,8.217592795941478
1990-08-24,8.145928133234078
1990-08-27,8.157868550924901
1990-08-28,8.169817831240707
1990-08-29,8.169817831240707
1990-08-30,8.157868550924901
1990-08-31,8.253327884604403
1990-09-04,8.229168861271937
1990-09-05,8.229168861271937
1990-09-06,8.204999990578377
1990-09-07,8.204999990578377
1990-09-10,8.204999990578377
1990-09-11,8.192918755623952
1990-09-12,8.192918755623952
1990-09-13,8.180837520669526
1990-09-14,8.144581014236834
1990-09-17,8.10833386279718
1990-09-18,8.08415859131891
1990-09-19,8.072072925051996
1990-09-20,8.05999267483368
1990-09-21,8.02373863024126
1990-09-24,7.9512339876328015
1990-09-25,7.830398989158048
1990-09-26,7.830398989158048
1990-09-27,7.818314307627241
1990-09-28,7.752281350727751
1990-10-01,7.776747119358204
1990-10-02,7.813424600477533
1990-10-03,7.813424600477533
1990-10-04,7.788964247895683
1990-10-05,7.752281350727751
1990-10-08,7.72784364707641
1990-10-09,7.703374924237632
1990-10-10,7.691155826227934
1990-10-11,7.617784615843473
1990-10-12,7.581100733939435
1990-10-15,7.568877696985299
1990-10-16,7.544420298611777
1990-10-17,7.5321864295604435
1990-10-18,7.495511410281385
1990-10-19,7.495511410281385
1990-10-22,7.483279510702271
1990-10-23,7.507737401443848
1990-10-24,7.507737401443848
1990-10-25,7.5321864295604435
1990-10-26,7.55665170582284
1990-10-29,7.544420298611777
1990-10-30,7.5321864295604435
1990-10-31,7.5990224387569
1990-11-01,7.574270604286758
1990-11-02,7.549520246920779
1990-11-05,7.549520246920779
1990-11-06,7.549520246920779
1990-11-07,7.537149007182227
1990-11-08,7.524770381922855
1990-11-09,7.524770381922855
1990-11-12,7.537149007182227
1990-11-13,7.549520246920779
1990-11-14,7.561884593506568
1990-11-15,7.6361553603266845
1990-11-16,7.6237757503312045
1990-11-19,7.6361553603266845
1990-11-20,7.6361553603266845
1990-11-21,7.648535462690219
1990-11-23,7.648535462690219
1990-11-26,7.660910641373208
1990-11-27,7.648535462690218
1990-11-28,7.648535462690218
1990-11-29,7.673283850583978
1990-11-30,7.7772286553155485
1990-12-03,7.7772286553155485
1990-12-04,7.78975794519961
1990-12-05,7.78975794519961
1990-12-06,7.814793383669174
1990-12-07,7.839849993965082
1990-12-10,7.85236795938389
1990-12-11,7.864899711108226
1990-12-12,7.839849993965083
1990-12-13,7.839849993965083
1990-12-14,7.82732612012962
1990-12-17,7.82732612012962
1990-12-18,7.814793383669175
1990-12-19,7.802270986937876
1990-12-20,7.802270986937876
1990-12-21,7.789757945199613
1990-12-24,7.777228655315552
1990-12-26,7.789757945199613
1990-12-27,7.777228655315552
1990-12-28,7.764696903591216
1990-12-31,7.869892323181334
1991-01-02,7.882567846377598
1991-01-03,7.869892323181335
1991-01-04,7.857208429728146
1991-01-07,7.844542753892973
1991-01-08,7.831873139113363
1991-01-09,7.831873139113363
1991-01-10,7.819198108285155
1991-01-11,7.806522585088893
1991-01-14,7.78118286316162
1991-01-15,7.768511771277849
1991-01-16,7.743164663829758
1991-01-17,7.781182863161622
1991-01-18,7.806522585088893
1991-01-21,7.806522585088893
1991-01-22,7.819198108285155
1991-01-23,7.806522585088893
1991-01-24,7.806522585088893
1991-01-25,7.819198108285155
1991-01-28,7.831873139113363
1991-01-29,7.831873139113363
1991-01-30,7.844542753892973
1991-01-31,7.934267476841164
1991-02-01,7.959907543281711
1991-02-04,7.959907543281711
1991-02-05,8.04963522043823
1991-02-06,8.088081287609493
1991-02-07,8.100902059381847
1991-02-08,8.100902059381847
1991-02-11,8.113719384577822
1991-02-12,8.126539171614066
1991-02-13,8.139358466282257
1991-02-14,8.139358466282257
1991-02-15,8.139358466282257
1991-02-19,8.15217234490185
1991-02-20,8.15217234490185
1991-02-21,8.15217234490185
1991-02-22,8.177806995293796
1991-02-25,8.216257986145605
1991-02-26,8.229083681598503
1991-02-27,8.254710454101577
1991-02-28,8.353138274781944
1991-03-01,8.366096417241518
1991-03-04,8.366096417241518
1991-03-05,8.366096417241518
1991-03-06,8.379040773395564
1991-03-07,8.404941302536965
1991-03-08,8.417892551843774
1991-03-11,8.430845770622803
1991-03-12,8.430845770622803
1991-03-13,8.430845770622803
1991-03-14,8.443798004665721
1991-03-15,8.430845770622803
1991-03-18,8.443798004665723
1991-03-19,8.443798004665723
1991-03-20,8.456750238708644
1991-03-21,8.482641905225064
1991-03-22,8.508540464894246
1991-03-25,8.52149762261771
1991-03-26,8.534450841396739
1991-03-27,8.56035137053814
1991-03-28,8.6571164642983
1991-04-01,8.644046061922289
1991-04-02,8.6571164642983
1991-04-03,8.67019769877151
1991-04-04,8.68327893324472
1991-04-05,8.696349335620729
1991-04-08,8.709428600621722
1991-04-09,8.722504911414386
1991-04-10,8.709428600621722
1991-04-11,8.709428600621722
1991-04-12,8.722504911414386
1991-04-15,8.73558319167927
1991-04-16,8.774820986682245
1991-04-17,8.787881541697164
1991-04-18,8.81404893432413
1991-04-19,8.840206479590007
1991-04-22,8.840206479590007
1991-04-23,8.827126229852905
1991-04-24,8.827126229852905
1991-04-25,8.827126229852905
1991-04-26,8.81404893432413
1991-04-29,8.81404893432413
1991-04-30,8.92629112551093
1991-05-01,8.913089753232411
1991-05-02,8.92629112551093
1991-05-03,8.913089753232411
1991-05-06,8.899882472537238
1991-05-07,8.913089753232413
1991-05-08,8.89988247253724
1991-05-09,8.913089753232413
1991-05-10,8.89988247253724
1991-05-13,8.89988247253724
1991-05-14,8.886677161314283
1991-05-15,8.886677161314283
1991-05-16,8.886677161314283
1991-05-17,8.886677161314283
1991-05-20,8.873452155369145
1991-05-21,8.873452155369145
1991-05-22,8.8602694930767
1991-05-23,8.847061227645415
1991-05-24,8.847061227645415
1991-05-28,8.8602694930767
1991-05-29,8.847061227645415
1991-05-30,8.873452155369145
1991-05-31,8.976168994172674
1991-06-03,8.976168994172674
1991-06-04,8.989501336353705
1991-06-05,9.00284746484026
1991-06-06,9.00284746484026
1991-06-07,9.00284746484026
1991-06-10,9.00284746484026
1991-06-11,9.00284746484026
1991-06-12,9.00284746484026
1991-06-13,9.00284746484026
1991-06-14,9.016187684910165
1991-06-17,9.00284746484026
1991-06-18,9.00284746484026
1991-06-19,9.029517072882864
1991-06-20,9.029517072882864
1991-06-21,9.029517072882864
1991-06-24,9.029517072882864
1991-06-25,9.029517072882864
1991-06-26,9.042853354008331
1991-06-27,9.056191604606015
1991-06-28,9.142363892040647
1991-07-01,9.142363892040647
1991-07-02,9.155831143068625
1991-07-03,9.169287561999395
1991-07-05,9.155831143068625
1991-07-08,9.155831143068625
1991-07-09,9.169287561999395
1991-07-10,9.182754813027373
1991-07-11,9.196215170902583
1991-07-12,9.209684391402778
1991-07-15,9.223145734014098
1991-07-16,9.2366159392504
1991-07-17,9.2366159392504
1991-07-18,9.2366159392504
1991-07-19,9.250077281861724
1991-07-22,9.236615939250402
1991-07-23,9.236615939250402
1991-07-24,9.263546502361915
1991-07-25,9.263546502361915
1991-07-26,9.263546502361915
1991-07-29,9.263546502361915
1991-07-30,9.263546502361915
1991-07-31,9.364122524864271
1991-08-01,9.336934945628286
1991-08-02,9.350530212350444
1991-08-05,9.364122524864271
1991-08-06,9.364122524864271
1991-08-07,9.364122524864271
1991-08-08,9.364122524864271
1991-08-09,9.364122524864271
1991-08-12,9.377702035808689
1991-08-13,9.377702035808689
1991-08-14,9.391296317794737
1991-08-15,9.404893553989112
1991-08-16,9.404893553989112
1991-08-19,9.282561756628532
1991-08-20,9.377702035808689
1991-08-21,9.377702035808689
1991-08-22,9.391296317794737
1991-08-23,9.391296317794737
1991-08-26,9.391296317794737
1991-08-27,9.404893553989112
1991-08-28,9.418488820711268
1991-08-29,9.418488820711268
1991-08-30,9.519998373045048
1991-09-03,9.533713777572514
1991-09-04,9.547424258419436
1991-09-05,9.547424258419436
1991-09-06,9.561144586627448
1991-09-09,9.561144586627448
1991-09-10,9.561144586627448
1991-09-11,9.561144586627448
1991-09-12,9.574858021682696
1991-09-13,9.588585243043472
1991-09-16,9.588585243043472
1991-09-17,9.588585243043472
1991-09-18,9.588585243043472
1991-09-19,9.60230064757094
1991-09-20,9.60230064757094
1991-09-23,9.60230064757094
1991-09-24,9.60230064757094
1991-09-25,9.60230064757094
1991-09-26,9.60230064757094
1991-09-27,9.61602392998728
1991-09-30,9.69077229382031
1991-10-01,9.69077229382031
1991-10-02,9.69077229382031
1991-10-03,9.718462088471934
1991-10-04,9.732302554485257
1991-10-07,9.732302554485257
1991-10-08,9.732302554485257
1991-10-09,9.732302554485257
1991-10-10,9.732302554485257
1991-10-11,9.74615089838745
1991-10-14,9.74615089838745
1991-10-15,9.74615089838745
1991-10-16,9.773839708302969
1991-10-17,9.773839708302969
1991-10-18,9.7876811590524
1991-10-21,9.7876811590524
1991-10-22,9.7876811590524
1991-10-23,9.7876811590524
1991-10-24,9.7876811590524
1991-10-25,9.773839708302969
1991-10-28,9.773839708302969
1991-10-29,9.801517686121285
1991-10-30,9.815366030023478
1991-10-31,9.904767267159832
1991-11-01,9.91875248938119
1991-11-04,9.904767267159832
1991-11-05,9.904767267159832
1991-11-06,9.91875248938119
1991-11-07,9.932719001616476
1991-11-08,9.932719001616476
1991-11-11,9.946684529115652
1991-11-12,9.946684529115652
1991-11-13,9.946684529115652
1991-11-14,9.946684529115652
1991-11-15,9.960653995559266
1991-11-18,9.960653995559266
1991-11-19,9.946684529115654
1991-11-20,9.932719001616478
1991-11-21,9.932719001616478
1991-11-22,9.932719001616478
1991-11-25,9.932719001616478
1991-11-26,9.932719001616478
1991-11-27,9.932719001616478
1991-11-29,10.022938554459488
1991-12-02,10.022938554459488
1991-12-03,10.022938554459488
1991-12-04,10.03703012818063
1991-12-05,10.022938554459488
1991-12-06,10.022938554459488
1991-12-09,10.022938554459488
1991-12-10,10.022938554459488
1991-12-11,10.022938554459488
1991-12-12,10.022938554459488
1991-12-13,10.022938554459488
1991-12-16,10.022938554459488
1991-12-17,10.022938554459488
1991-12-18,10.00884501126613
1991-12-19,10.022938554459488
1991-12-20,10.037030128180628
1991-12-23,10.05113154926286
1991-12-24,10.05113154926286
1991-12-26,10.065235924553422
1991-12-27,10.065235924553422
1991-12-30,10.07932946774678
1991-12-31,10.18457806308679
1992-01-02,10.18457806308679
1992-01-03,10.198805530390985
1992-01-06,10.227259480263267
1992-01-07,10.25571441487166
1992-01-08,10.269934004286982
1992-01-09,10.284156547910632
1992-01-10,10.298374167853735
1992-01-13,10.284156547910632
1992-01-14,10.284156547910632
1992-01-15,10.284156547910632
1992-01-16,10.284156547910632
1992-01-17,10.284156547910632
1992-01-20,10.298374167853735
1992-01-21,10.298374167853735
1992-01-22,10.298374167853735
1992-01-23,10.298374167853735
1992-01-24,10.298374167853735
1992-01-27,10.298374167853735
1992-01-28,10.312610497782916
1992-01-29,10.312610497782916
1992-01-30,10.326831071934349
1992-01-31,10.43157745185872
1992-02-03,10.41723378569365
1992-02-04,10.43157745185872
1992-02-05,10.445923087496007
1992-02-06,10.445923087496007
1992-02-07,10.46026379945275
1992-02-10,10.474622236659457
1992-02-11,10.488967872296744
1992-02-12,10.503316462142358
1992-02-13,10.488967872296744
1992-02-14,10.488967872296744
1992-02-18,10.474622236659457
1992-02-19,10.474622236659457
1992-02-20,10.488967872296744
1992-02-21,10.488967872296744
1992-02-24,10.488967872296744
1992-02-25,10.488967872296744
1992-02-26,10.503316462142358
1992-02-27,10.503316462142358
1992-02-28,10.6075074509012
1992-03-02,10.6075074509012
1992-03-03,10.6075074509012
1992-03-04,10.6075074509012
1992-03-05,10.6075074509012
1992-03-06,10.6075074509012
1992-03-09,10.62198307170489
1992-03-10,10.62198307170489
1992-03-11,10.62198307170489
1992-03-12,10.593043646930823
1992-03-13,10.578565071918808
1992-03-16,10.578565071918808
1992-03-17,10.593043646930823
1992-03-18,10.593043646930823
1992-03-19,10.593043646930823
1992-03-20,10.578565071918808
1992-03-23,10.593043646930823
1992-03-24,10.6075074509012
1992-03-25,10.6075074509012
1992-03-26,10.593043646930823
1992-03-27,10.593043646930823
1992-03-30,10.593043646930823
1992-03-31,10.683534002203832
1992-04-01,10.683534002203832
1992-04-02,10.683534002203832
1992-04-03,10.683534002203832
1992-04-06,10.683534002203832
1992-04-07,10.683534002203832
1992-04-08,10.668932335178182
1992-04-09,10.683534002203832
1992-04-10,10.683534002203832
1992-04-13,10.698120898187849
1992-04-14,10.698120898187849
1992-04-15,10.698120898187849
1992-04-16,10.683534002203832
1992-04-20,10.668932335178182
1992-04-21,10.668932335178182
1992-04-22,10.668932335178182
1992-04-23,10.65434051551362
1992-04-24,10.668932335178184
1992-04-27,10.654340515513622
1992-04-28,10.654340515513622
1992-04-29,10.654340515513622
1992-04-30,10.747092809629224
1992-05-01,10.761799843418553
1992-05-04,10.761799843418553
1992-05-05,10.761799843418553
1992-05-06,10.761799843418553
1992-05-07,10.761799843418553
1992-05-08,10.776530510874494
1992-05-11,10.776530510874494
1992-05-12,10.791244437816582
1992-05-13,10.791244437816582
1992-05-14,10.791244437816582
1992-05-15,10.805976090008636
1992-05-18,10.805976090008636
1992-05-19,10.820696910103488
1992-05-20,10.820696910103488
1992-05-21,10.805976090008636
1992-05-22,10.82069691010349
1992-05-26,10.805976090008636
1992-05-27,10.805976090008636
1992-05-28,10.82069691010349
1992-05-29,10.91275496526218
1992-06-01,10.897906129473146
1992-06-02,10.91275496526218
1992-06-03,10.91275496526218
1992-06-04,10.91275496526218
1992-06-05,10.927601831579
1992-06-08,10.927601831579
1992-06-09,10.927601831579
1992-06-10,10.927601831579
1992-06-11,10.927601831579
1992-06-12,10.942448697895816
1992-06-15,10.942448697895816
1992-06-16,10.957291625268194
1992-06-17,10.957291625268194
1992-06-18,10.957291625268194
1992-06-19,10.957291625268194
1992-06-22,10.957291625268194
1992-06-23,10.942448697895816
1992-06-24,10.942448697895816
1992-06-25,10.942448697895816
1992-06-26,10.957291625268194
1992-06-29,10.957291625268194
1992-06-30,11.048616052025608
1992-07-01,11.048616052025608
1992-07-02,11.078553014478183
1992-07-06,11.093538728586385
1992-07-07,11.108502778500185
1992-07-08,11.093538728586385
1992-07-09,11.108502778500185
1992-07-10,11.108502778500185
1992-07-13,11.108502778500185
1992-07-14,11.108502778500185
1992-07-15,11.12346682841398
1992-07-16,11.12346682841398
1992-07-17,11.12346682841398
1992-07-20,11.12346682841398
1992-07-21,11.12346682841398
1992-07-22,11.138439740952764
1992-07-23,11.153404775602672
1992-07-24,11.153404775602672
1992-07-27,11.168390489710871
1992-07-28,11.183367341194089
1992-07-29,11.213296425757791
1992-07-30,11.19831760480236
1992-07-31,11.288870983186351
1992-08-03,11.288870983186351
1992-08-04,11.303970926683206
1992-08-05,11.334155057899167
1992-08-06,11.334155057899167
1992-08-07,11.349246138771038
1992-08-10,11.364334265434582
1992-08-11,11.364334265434582
1992-08-12,11.37942140736202
1992-08-13,11.39452725927553
1992-08-14,11.39452725927553
1992-08-17,11.39452725927553
1992-08-18,11.40959766068911
1992-08-19,11.40959766068911
1992-08-20,11.40959766068911
1992-08-21,11.40959766068911
1992-08-24,11.379421407362022
1992-08-25,11.364334265434588
1992-08-26,11.33415505789917
1992-08-27,11.349246138771042
1992-08-28,11.364334265434588
1992-08-31,11.426721236890156
1992-09-01,11.441943287664538
1992-09-02,11.457149582661174
1992-09-03,11.457149582661174
1992-09-04,11.472363755546684
1992-09-08,11.502795055526027
1992-09-09,11.502795055526027
1992-09-10,11.502795055526027
1992-09-11,11.502795055526027
1992-09-14,11.502795055526027
1992-09-15,11.487587775793282
1992-09-16,11.487587775793282
1992-09-17,11.487587775793282
1992-09-18,11.487587775793282
1992-09-21,11.487587775793282
1992-09-22,11.47236375554668
1992-09-23,11.457149582661172
1992-09-24,11.47236375554668
1992-09-25,11.487587775793282
1992-09-28,11.487587775793282
1992-09-29,11.487587775793282
1992-09-30,11.565812258091414
1992-10-01,11.58114952299056
1992-10-02,11.565812258091414
1992-10-05,11.458446480116852
1992-10-06,11.427748316651943
1992-10-07,11.412414005961129
1992-10-08,11.38174538457949
1992-10-09,11.274366805035507
1992-10-12,11.274366805035507
1992-10-13,11.213001004925072
1992-10-14,11.243684397348346
1992-10-15,11.228340239296436
1992-10-16,11.197670633178692
1992-10-19,11.197670633178692
1992-10-20,11.182331398807328
1992-10-21,11.182331398807328
1992-10-22,11.16698625601931
1992-10-23,11.151655884272929
1992-10-26,11.151655884272929
1992-10-27,11.16698625601931
1992-10-28,11.16698625601931
1992-10-29,11.182331398807328
1992-10-30,11.278251588985889
1992-11-02,11.278251588985889
1992-11-03,11.278251588985889
1992-11-04,11.293722777995873
1992-11-05,11.309184119644764
1992-11-06,11.309184119644764
1992-11-09,11.309184119644764
1992-11-10,11.34012551292862
1992-11-11,11.34012551292862
1992-11-12,11.371067890948584
1992-11-13,11.386544003639113
1992-11-16,11.386544003639113
1992-11-17,11.402013223176874
1992-11-18,11.43296643329404
1992-11-19,11.43296643329404
1992-11-20,11.417492290075732
1992-11-23,11.417492290075732
1992-11-24,11.417492290075732
1992-11-25,11.417492290075732
1992-11-27,11.402013223176874
1992-11-30,11.492456311116651
1992-12-01,11.492456311116651
1992-12-02,11.492456311116651
1992-12-03,11.492456311116651
1992-12-04,11.523653735788873
1992-12-07,11.539250971020818
1992-12-08,11.539250971020818
1992-12-09,11.539250971020818
1992-12-10,11.539250971020818
1992-12-11,11.539250971020818
1992-12-14,11.523653735788873
1992-12-15,11.523653735788873
1992-12-16,11.523653735788873
1992-12-17,11.523653735788873
1992-12-18,11.539250971020818
1992-12-21,11.539250971020818
1992-12-22,11.554829496266692
1992-12-23,11.554829496266692
1992-12-24,11.554829496266692
1992-12-28,11.554829496266692
1992-12-29,11.570428700970854
1992-12-30,11.570428700970854
1992-12-31,11.647444912063127
1993-01-04,11.678880642873748
1993-01-05,11.694597031174894
1993-01-06,11.726035716193842
1993-01-07,11.726035716193842
1993-01-08,11.710317358420475
1993-01-11,11.710317358420475
1993-01-12,11.710317358420475
1993-01-13,11.726035716193842
1993-01-14,11.74177278395328
1993-01-15,11.77319669793059
1993-01-18,11.77319669793059
1993-01-19,11.788915055703956
1993-01-20,11.788915055703956
1993-01-21,11.804644245574522
1993-01-22,11.820355710195123
1993-01-25,11.820355710195123
1993-01-26,11.851794395214071
1993-01-27,11.851794395214071
1993-01-28,11.8675196461402
1993-01-29,11.975234020697382
1993-02-01,11.975234020697382
1993-02-02,11.975234020697382
1993-02-03,11.975234020697382
1993-02-04,11.991065623123292
1993-02-05,12.00690313396586
1993-02-08,12.022749507433408
1993-02-09,12.022749507433408
1993-02-10,12.00690313396586
1993-02-11,12.022749507433408
1993-02-12,12.038588987748192
1993-02-16,12.038588987748192
1993-02-17,12.022749507433408
1993-02-18,12.054427483326863
1993-02-19,12.054427483326863
1993-02-22,12.07026696364165
1993-02-23,12.11778737405822
1993-02-24,12.133632762789658
1993-02-25,12.133632762789658
1993-02-26,12.242166437789605
1993-03-01,12.274085674029791
1993-03-02,12.274085674029791
1993-03-03,12.337926115982384
1993-03-04,12.353888688310803
1993-03-05,12.337926115982384
1993-03-08,12.36984732169479
1993-03-09,12.38582171085652
1993-03-10,12.38582171085652
1993-03-11,12.40178625265716
1993-03-12,12.353888688310809
1993-03-15,12.321967482598405
1993-03-16,12.35388868831081
1993-03-17,12.35388868831081
1993-03-18,12.369847321694795
1993-03-19,12.385821710856526
1993-03-22,12.385821710856526
1993-03-23,12.385821710856526
1993-03-24,12.385821710856526
1993-03-25,12.369847321694795
1993-03-26,12.337926115982391
1993-03-29,12.337926115982391
1993-03-30,12.337926115982391
1993-03-31,12.431186533930289
1993-04-01,12.399027022079483
1993-04-02,12.350796616928257
1993-04-05,12.334712922058417
1993-04-06,12.350796616928257
1993-04-07,12.366884250742531
1993-04-08,12.39902702207948
1993-04-12,12.431186533930283
1993-04-13,12.447284015105652
1993-04-14,12.463356877878292
1993-04-15,12.479457313261989
1993-04-16,12.49552623709019
1993-04-19,12.49552623709019
1993-04-20,12.49552623709019
1993-04-21,12.511603038807266
1993-04-22,12.511603038807266
1993-04-23,12.495526237090193
1993-04-26,12.47945731326199
1993-04-27,12.463356877878295
1993-04-28,12.447284015105655
1993-04-29,12.447284015105655
1993-04-30,12.541257381996534
1993-05-03,12.557459245199466
1993-05-04,12.573683757332908
1993-05-05,12.58987183423031
1993-05-06,12.606065819544368
1993-05-07,12.58987183423031
1993-05-10,12.606065819544368
1993-05-11,12.58987183423031
1993-05-12,12.58987183423031
1993-05-13,12.573683757332908
1993-05-14,12.557459245199468
1993-05-17,12.557459245199468
1993-05-18,12.557459245199468
1993-05-19,12.557459245199468
1993-05-20,12.573683757332908
1993-05-21,12.573683757332908
1993-05-24,12.573683757332908
1993-05-25,12.573683757332908
1993-05-26,12.589871834230312
1993-05-27,12.60606581954437
1993-05-28,12.702396644680425
1993-06-01,12.718736370938624
1993-06-02,12.735057387210754
1993-06-03,12.751388250843975
1993-06-04,12.735057387210755
1993-06-07,12.75138825084398
1993-06-08,12.75138825084398
1993-06-09,12.767725022893858
1993-06-10,12.767725022893858
1993-06-11,12.800358192813135
1993-06-14,12.800358192813135
1993-06-15,12.800358192813135
1993-06-16,12.800358192813135
1993-06-17,12.816688071710251
1993-06-18,12.816688071710251
1993-06-21,12.833015981135146
1993-06-22,12.833015981135146
1993-06-23,12.833015981135146
1993-06-24,12.849336997407276
1993-06-25,12.865677708401588
1993-06-28,12.881998724673718
1993-06-29,12.881998724673718
1993-06-30,12.99551221017736
1993-07-01,12.99551221017736
1993-07-02,13.011965181088112
1993-07-06,13.011965181088112
1993-07-07,12.995512210177363
1993-07-08,13.011965181088115
1993-07-09,13.011965181088115
1993-07-12,13.028402396221118
1993-07-13,13.028402396221118
1993-07-14,13.044846504506888
1993-07-15,13.044846504506888
1993-07-16,13.06130538383429
1993-07-19,13.044846504506888
1993-07-20,13.044846504506888
1993-07-21,13.02840239622112
1993-07-22,13.011965181088115
1993-07-23,12.995512210177369
1993-07-26,12.995512210177369
1993-07-27,12.979063178211057
1993-07-28,12.979063178211057
1993-07-29,13.011965181088115
1993-07-30,13.108069516919077
1993-08-02,13.108069516919077
1993-08-03,13.108069516919077
1993-08-04,13.108069516919077
1993-08-05,13.108069516919077
1993-08-06,13.108069516919077
1993-08-09,13.124631793537937
1993-08-10,13.124631793537937
1993-08-11,13.124631793537937
1993-08-12,13.14121179540676
1993-08-13,13.157772102553402
1993-08-16,13.174361951783313
1993-08-17,13.174361951783313
1993-08-18,13.174361951783313
1993-08-19,13.190924228402174
1993-08-20,13.174361951783316
1993-08-23,13.174361951783316
1993-08-24,13.190924228402176
1993-08-25,13.190924228402176
1993-08-26,13.207497337118236
1993-08-27,13.190924228402176
1993-08-30,13.190924228402176
1993-08-31,13.254351081188949
1993-09-01,13.237669651500886
1993-09-02,13.254351081188949
1993-09-03,13.271065991904717
1993-09-07,13.304437713905816
1993-09-08,13.304437713905816
1993-09-09,13.287747421592774
1993-09-10,13.287747421592774
1993-09-13,13.287747421592774
1993-09-14,13.254351081188949
1993-09-15,13.23766965150089
1993-09-16,13.23766965150089
1993-09-17,13.23766965150089
1993-09-20,13.220971481298976
1993-09-21,13.204282173722044
1993-09-22,13.204282173722044
1993-09-23,13.204282173722044
1993-09-24,13.204282173722044
1993-09-27,13.204282173722044
1993-09-28,13.254351081188949
1993-09-29,13.254351081188949
1993-09-30,13.301453963495264
1993-10-01,13.318264393613616
1993-10-04,13.301453963495264
1993-10-05,13.318264393613616
1993-10-06,13.33507285425975
1993-10-07,13.33507285425975
1993-10-08,13.368710455010303
1993-10-11,13.368710455010303
1993-10-12,13.402347071024751
1993-10-13,13.452779346115912
1993-10-14,13.486425809491449
1993-10-15,13.536876794568684
1993-10-18,13.536876794568684
1993-10-19,13.536876794568684
1993-10-20,13.553689194159253
1993-10-21,13.536876794568684
1993-10-22,13.536876794568684
1993-10-25,13.50323820908202
1993-10-26,13.52004863920037
1993-10-27,13.52004863920037
1993-10-28,13.536876794568684
1993-10-29,13.652043651999495
1993-11-01,13.635118992492488
1993-11-02,13.60123520771466
1993-11-03,13.60123520771466
1993-11-04,13.584296761902127
1993-11-05,13.550416916068734
1993-11-08,13.56736225503403
1993-11-09,13.584296761902127
1993-11-10,13.56736225503403
1993-11-11,13.56736225503403
1993-11-12,13.56736225503403
1993-11-15,13.584296761902127
1993-11-16,13.56736225503403
1993-11-17,13.584296761902127
1993-11-18,13.56736225503403
1993-11-19,13.533478470256204
1993-11-22,13.533478470256204
1993-11-23,13.533478470256204
1993-11-24,13.533478470256204
1993-11-26,13.550416916068736
1993-11-29,13.567362255034034
1993-11-30,13.64925881828298
1993-12-01,13.64925881828298
1993-12-02,13.666323310317477
1993-12-03,13.666323310317477
1993-12-06,13.700441462289271
1993-12-07,13.700441462289271
1993-12-08,13.717506939059875
1993-12-09,13.717506939059875
1993-12-10,13.700441462289271
1993-12-13,13.700441462289271
1993-12-14,13.68338090919921
1993-12-15,13.68338090919921
1993-12-16,13.68338090919921
1993-12-17,13.68338090919921
1993-12-20,13.68338090919921
1993-12-21,13.666323310317477
1993-12-22,13.68338090919921
1993-12-23,13.700441462289271
1993-12-27,13.700441462289271
1993-12-28,13.700441462289271
1993-12-29,13.700441462289271
1993-12-30,13.68338090919921
1993-12-31,13.78133457944305
1994-01-03,13.764146995394915
1994-01-04,13.764146995394915
1994-01-05,13.78133457944305
1994-01-06,13.78133457944305
1994-01-07,13.832873697920837
1994-01-10,13.850062266705075
1994-01-11,13.884422663759707
1994-01-12,13.901621079905045
1994-01-13,13.88442266375971
1994-01-14,13.86723114076714
1994-01-17,13.86723114076714
1994-01-18,13.884422663759713
1994-01-19,13.884422663759713
1994-01-20,13.901621079905048
1994-01-21,13.901621079905048
1994-01-24,13.918800786064308
1994-01-25,13.918800786064308
1994-01-26,13.918800786064308
1994-01-27,13.95315921364672
1994-01-28,13.98752158017357
1994-01-31,14.103455547033365
1994-02-01,14.08617047411043
1994-02-02,14.08617047411043
1994-02-03,14.08617047411043
1994-02-04,14.08617047411043
1994-02-07,14.051562908292416
1994-02-08,14.034259125383407
1994-02-09,14.034259125383407
1994-02-10,14.051562908292418
1994-02-11,14.051562908292418
1994-02-14,14.051562908292418
1994-02-15,14.051562908292418
1994-02-16,14.03425912538341
1994-02-17,14.016946479849423
1994-02-18,13.982340883503628
1994-02-22,13.96502823796964
1994-02-23,13.947724455060634
1994-02-24,13.861202586307272
1994-02-25,13.861202586307272
1994-02-28,13.958793873662964
1994-03-01,13.906521126783906
1994-03-02,13.836819535509989
1994-03-03,13.78453398706151
1994-03-04,13.73225139282136
1994-03-07,13.767099234249994
1994-03-08,13.749663496702366
1994-03-09,13.73225139282136
1994-03-10,13.7148225484265
1994-03-11,13.697380902462218
1994-03-14,13.697380902462218
1994-03-15,13.697380902462218
1994-03-16,13.7148225484265
1994-03-17,13.7148225484265
1994-03-18,13.697380902462218
1994-03-21,13.662542908394675
1994-03-22,13.662542908394675
1994-03-23,13.662542908394675
1994-03-24,13.662542908394675
1994-03-25,13.610271146251725
1994-03-28,13.540558722880604
1994-03-29,13.435983687039212
1994-03-30,13.348869991884284
1994-03-31,13.34183996080146
1994-04-04,13.183836097888934
1994-04-05,13.201389019033542
1994-04-06,13.201389019033542
1994-04-07,13.218956711219784
1994-04-08,13.218956711219784
1994-04-11,13.218956711219784
1994-04-12,13.218956711219784
1994-04-13,13.148736164016372
1994-04-14,13.113624413310502
1994-04-15,13.113624413310502
1994-04-18,13.008286206984565
1994-04-19,13.008286206984565
1994-04-20,12.95561661145354
1994-04-21,13.008286206984565
1994-04-22,13.008286206984565
1994-04-25,13.043406820315417
1994-04-26,13.078514632076848
1994-04-28,13.060957771987804
1994-04-29,13.126410226950982
1994-05-02,13.126410226950982
1994-05-03,13.108713534334449
1994-05-04,13.126410226950982
1994-05-05,13.14410396535919
1994-05-06,13.091032597495651
1994-05-09,13.02025961333504
1994-05-10,13.037956305951576
1994-05-11,13.02025961333504
1994-05-12,13.02025961333504
1994-05-13,13.037956305951576
1994-05-16,13.037956305951576
1994-05-17,13.073342798031884
1994-05-18,13.091032597495657
1994-05-19,13.108713534334449
1994-05-20,13.091032597495657
1994-05-23,13.073342798031886
1994-05-24,13.073342798031886
1994-05-25,13.05564610541535
1994-05-26,13.073342798031886
1994-05-27,13.073342798031886
1994-05-31,13.13929845314681
1994-06-01,13.174961656073776
1994-06-02,13.192791288065038
1994-06-03,13.228440704686472
1994-06-06,13.281922707507496
1994-06-07,13.299760217387632
1994-06-08,13.317592803587225
1994-06-09,13.335416527161833
1994-06-10,13.335416527161833
1994-06-13,13.335416527161833
1994-06-14,13.371069882727705
1994-06-15,13.371069882727705
1994-06-16,13.35325108283364
1994-06-17,13.335416527161833
1994-06-20,13.317592803587225
1994-06-21,13.281922707507496
1994-06-22,13.299760217387632
1994-06-23,13.299760217387632
1994-06-24,13.24627427562217
1994-06-27,13.24627427562217
1994-06-28,13.192791288065036
1994-06-29,13.174961656073773
1994-06-30,13.241431343437643
1994-07-01,13.241431343437643
1994-07-05,13.223466802599436
1994-07-06,13.18753181250636
1994-07-07,13.18753181250636
1994-07-08,13.169562347987608
1994-07-11,13.13364212893617
1994-07-12,13.13364212893617
1994-07-13,13.11566872547298
1994-07-14,13.151608639246598
1994-07-15,13.18753181250636
1994-07-18,13.18753181250636
1994-07-19,13.223466802599434
1994-07-20,13.223466802599434
1994-07-21,13.205502261761223
1994-07-22,13.205502261761223
1994-07-25,13.22346680259943
1994-07-26,13.22346680259943
1994-07-27,13.205502261761222
1994-07-28,13.205502261761222
1994-07-29,13.361195933761811
1994-08-01,13.361195933761811
1994-08-02,13.379307200280278
1994-08-03,13.379307200280278
1994-08-04,13.379307200280278
1994-08-05,13.343097468812768
1994-08-08,13.343097468812768
1994-08-09,13.343097468812768
1994-08-10,13.324993095447068
1994-08-11,13.324993095447068
1994-08-12,13.324993095447068
1994-08-15,13.324993095447068
1994-08-16,13.324993095447068
1994-08-17,13.34309746881277
1994-08-18,13.34309746881277
1994-08-19,13.32499309544707
1994-08-22,13.32499309544707
1994-08-23,13.30688773734526
1994-08-24,13.32499309544707
1994-08-25,13.32499309544707
1994-08-26,13.343097468812772
1994-08-29,13.343097468812772
1994-08-30,13.361195933761818
1994-08-31,13.481609465181885
1994-09-01,13.481609465181885
1994-09-02,13.481609465181885
1994-09-06,13.481609465181885
1994-09-07,13.481609465181885
1994-09-08,13.481609465181885
1994-09-09,13.445118099187171
1994-09-12,13.445118099187171
1994-09-13,13.445118099187171
1994-09-14,13.445118099187171
1994-09-15,13.463362305080365
1994-09-16,13.44511809918717
1994-09-19,13.46336230508036
1994-09-20,13.445118099187168
1994-09-21,13.445118099187168
1994-09-22,13.426872908557868
1994-09-23,13.426872908557868
1994-09-26,13.408629687400785
1994-09-27,13.390389420452028
1994-09-28,13.390389420452028
1994-09-29,13.37214915350327
1994-09-30,13.475096420556328
1994-10-03,13.456713366871751
1994-10-04,13.438324404770524
1994-10-05,13.40157306844301
1994-10-06,13.383180167397343
1994-10-07,13.383180167397343
1994-10-10,13.383180167397343
1994-10-11,13.401573068443009
1994-10-12,13.401573068443009
1994-10-13,13.41993544266929
1994-10-14,13.43832440477052
1994-10-17,13.43832440477052
1994-10-18,13.43832440477052
1994-10-19,13.43832440477052
1994-10-20,13.401573068443009
1994-10-21,13.383180167397342
1994-10-24,13.3648010526572
1994-10-25,13.3648010526572
1994-10-26,13.346417014236518
1994-10-27,13.346417014236518
1994-10-28,13.3648010526572
1994-10-31,13.490806900440813
1994-11-01,13.453750295919482
1994-11-02,13.453750295919482
1994-11-03,13.435220516554653
1994-11-04,13.435220516554653
1994-11-07,13.398151110463902
1994-11-08,13.416684828773167
1994-11-09,13.416684828773167
1994-11-10,13.416684828773167
1994-11-11,13.416684828773167
1994-11-14,13.416684828773167
1994-11-15,13.416684828773167
1994-11-16,13.416684828773167
1994-11-17,13.379620346362964
1994-11-18,13.36108761278981
1994-11-21,13.34254601659167
1994-11-22,13.305496305223102
1994-11-23,13.305496305223102
1994-11-25,13.305496305223102
1994-11-28,13.286961602177728
1994-11-29,13.268425914396245
1994-11-30,13.35246329394636
1994-12-01,13.333799590470694
1994-12-02,13.333799590470694
1994-12-05,13.333799590470694
1994-12-06,13.333799590470694
1994-12-07,13.333799590470694
1994-12-08,13.333799590470694
1994-12-09,13.333799590470694
1994-12-12,13.333799590470694
1994-12-13,13.31512111595339
1994-12-14,13.31512111595339
1994-12-15,13.31512111595339
1994-12-16,13.333799590470695
1994-12-19,13.333799590470695
1994-12-20,13.352463293946364
1994-12-21,13.37113684478312
1994-12-22,13.389810395619875
1994-12-23,13.389810395619875
1994-12-27,13.408492809081617
1994-12-28,13.4271584820295
1994-12-29,13.4271584820295
1994-12-30,13.555171222003448
1995-01-03,13.555171222003448
1995-01-04,13.574011193242642
1995-01-05,13.555171222003448
1995-01-06,13.574011193242642
1995-01-09,13.574011193242642
1995-01-10,13.574011193242642
1995-01-11,13.574011193242642
1995-01-12,13.555171222003448
1995-01-13,13.574011193242642
1995-01-16,13.574011193242642
1995-01-17,13.574011193242642
1995-01-18,13.574011193242642
1995-01-19,13.574011193242642
1995-01-20,13.574011193242642
1995-01-23,13.555171222003448
1995-01-24,13.555171222003448
1995-01-25,13.555171222003448
1995-01-26,13.592845256065182
1995-01-27,13.611670456262738
1995-01-30,13.611670456262738
1995-01-31,13.74073194019287
1995-02-01,13.74073194019287
1995-02-02,13.74073194019287
1995-02-03,13.77868268510126
1995-02-06,13.816644262106848
1995-02-07,13.835627020081864
1995-02-08,13.85459402227913
1995-02-09,13.85459402227913
1995-02-10,13.85459402227913
1995-02-13,13.85459402227913
1995-02-14,13.892557568756938
1995-02-15,13.930510283137544
1995-02-16,13.930510283137544
1995-02-17,13.949502888473653
1995-02-21,13.968472844879246
1995-02-22,13.987448709701496
1995-02-23,14.006427528732072
1995-02-24,14.006427528732072
1995-02-27,14.044392059945988
1995-02-28,14.141856316343608
1995-03-01,14.160957242651712
1995-03-02,14.141856316343608
1995-03-03,14.122742588466084
1995-03-06,14.065410267458498
1995-03-07,14.046309341150392
1995-03-08,14.046309341150392
1995-03-09,14.065410267458496
1995-03-10,14.084517102183254
1995-03-13,14.103627875852448
1995-03-14,14.141856316343604
1995-03-15,14.160957242651708
1995-03-16,14.180074909473666
1995-03-17,14.180074909473666
1995-03-20,14.180074909473666
1995-03-21,14.160957242651708
1995-03-22,14.141856316343604
1995-03-23,14.141856316343604
1995-03-24,14.160957242651708
1995-03-27,14.160957242651708
1995-03-28,14.160957242651708
1995-03-29,14.160957242651708
1995-03-30,14.160957242651708
1995-03-31,14.270732669885222
1995-04-03,14.289999031859654
1995-04-04,14.309254561736884
1995-04-05,14.309254561736884
1995-04-06,14.328520923711316
1995-04-07,14.328520923711316
1995-04-10,14.328520923711316
1995-04-11,14.328520923711316
1995-04-12,14.347777438324655
1995-04-13,14.386294406495772
1995-04-17,14.386294406495772
1995-04-18,14.405548951636897
1995-04-19,14.405548951636897
1995-04-20,14.424798573097473
1995-04-21,14.444062965599684
1995-04-24,14.444062965599684
1995-04-25,14.46332538862968
1995-04-26,14.482574025354149
1995-04-27,14.482574025354149
1995-04-28,14.610649788439078
1995-05-01,14.610649788439078
1995-05-02,14.63003727295493
1995-05-03,14.64944445219296
1995-05-04,14.707673867795933
1995-05-05,14.746481333119236
1995-05-08,14.785276981609227
1995-05-09,14.824096263765838
1995-05-10,14.843467992503944
1995-05-11,14.824096263765837
1995-05-12,14.824096263765837
1995-05-15,14.84346799250394
1995-05-16,14.8628889580475
1995-05-17,14.8628889580475
1995-05-18,14.843467992503935
1995-05-19,14.804675298222277
1995-05-22,14.804675298222277
1995-05-23,14.824096263765831
1995-05-24,14.843467992503935
1995-05-25,14.862888958047495
1995-05-26,14.862888958047495
1995-05-30,14.882291213604985
1995-05-31,14.976132625857243
1995-06-01,14.995689484983858
1995-06-02,15.034795325348217
1995-06-05,15.034795325348217
1995-06-06,15.034795325348217
1995-06-07,15.034795325348217
1995-06-08,14.995689484983858
1995-06-09,14.956570843050082
1995-06-12,14.897934731434056
1995-06-13,14.93704451074285
1995-06-14,14.956570843050082
1995-06-15,14.93704451074285
1995-06-16,14.897934731434054
1995-06-19,14.897934731434054
1995-06-20,14.897934731434054
1995-06-21,14.897934731434054
1995-06-22,14.917488636352342
1995-06-23,14.95657084305008
1995-06-26,14.95657084305008
1995-06-27,14.95657084305008
1995-06-28,14.97613262585724
1995-06-29,14.937044510742846
1995-06-30,15.04733495496142
1995-07-03,15.04733495496142
1995-07-05,15.06701392136556
1995-07-06,15.086730307741847
1995-07-07,15.145807581134749
1995-07-10,15.185196040762412
1995-07-11,15.185196040762412
1995-07-12,15.204896671360958
1995-07-13,15.2442821767803
1995-07-14,15.224582530917864
1995-07-17,15.224582530917864
1995-07-18,15.204896671360958
1995-07-19,15.145807581134749
1995-07-20,15.126109904744537
1995-07-21,15.145807581134749
1995-07-24,15.224582530917866
1995-07-25,15.145807581134749
1995-07-26,15.145807581134749
1995-07-27,15.145807581134749
1995-07-28,15.145807581134749
1995-07-31,15.278755818487475
1995-08-01,15.258905508000352
1995-08-02,15.278755818487475
1995-08-03,15.258905508000352
1995-08-04,15.278755818487475
1995-08-07,15.278755818487475
1995-08-08,15.278755818487475
1995-08-09,15.278755818487475
1995-08-10,15.258905508000352
1995-08-11,15.23907193802708
1995-08-14,15.21922950542883
1995-08-15,15.19938116441392
1995-08-16,15.19938116441392
1995-08-17,15.19938116441392
1995-08-18,15.179524945510142
1995-08-21,15.19938116441392
1995-08-22,15.19938116441392
1995-08-23,15.179524945510142
1995-08-24,15.179524945510142
1995-08-25,15.19938116441392
1995-08-28,15.19938116441392
1995-08-29,15.19938116441392
1995-08-30,15.19938116441392
1995-08-31,15.35533776095564
1995-09-01,15.35533776095564
1995-09-05,15.37533873606746
1995-09-06,15.37533873606746
1995-09-07,15.37533873606746
1995-09-08,15.395320016457092
1995-09-11,15.395320016457092
1995-09-12,15.415311144207816
1995-09-13,15.435315073527962
1995-09-14,15.455299308125923
1995-09-15,15.455299308125923
1995-09-18,15.455299308125923
1995-09-19,15.455299308125923
1995-09-20,15.455299308125923
1995-09-21,15.435315073527963
1995-09-22,15.415311144207816
1995-09-25,15.415311144207816
1995-09-26,15.415311144207816
1995-09-27,15.415311144207816
1995-09-28,15.415311144207816
1995-09-29,15.54824067157447
1995-10-02,15.568383448686005
1995-10-03,15.568383448686005
1995-10-04,15.588516378436438
1995-10-05,15.588516378436438
1995-10-06,15.588516378436438
1995-10-09,15.588516378436438
1995-10-10,15.588516378436438
1995-10-11,15.588516378436438
1995-10-12,15.608651277659089
1995-10-13,15.608651277659089
1995-10-16,15.628795039506723
1995-10-17,15.648958496076544
1995-10-18,15.648958496076544
1995-10-19,15.669082563201997
1995-10-20,15.648958496076544
1995-10-23,15.648958496076544
1995-10-24,15.648958496076544
1995-10-25,15.648958496076544
1995-10-26,15.648958496076544
1995-10-27,15.648958496076544
1995-10-30,15.648958496076544
1995-10-31,15.766640369529975
1995-11-01,15.766640369529975
1995-11-02,15.786918055488451
1995-11-03,15.786918055488451
1995-11-06,15.786918055488451
1995-11-07,15.766640369529975
1995-11-08,15.786918055488451
1995-11-09,15.786918055488451
1995-11-10,15.786918055488451
1995-11-13,15.786918055488451
1995-11-14,15.786918055488451
1995-11-15,15.786918055488451
1995-11-16,15.786918055488451
1995-11-17,15.786918055488451
1995-11-20,15.766640369529975
1995-11-21,15.766640369529975
1995-11-22,15.766640369529975
1995-11-24,15.766640369529975
1995-11-27,15.766640369529975
1995-11-28,15.766640369529975
1995-11-29,15.766640369529975
1995-11-30,15.901528537017622
1995-12-01,15.942420688683878
1995-12-04,15.962843130850384
1995-12-05,15.983281328794638
1995-12-06,16.003744145141624
1995-12-07,16.003744145141624
1995-12-08,16.003744145141624
1995-12-11,16.024147877322058
1995-12-12,16.003744145141624
1995-12-13,16.003744145141624
1995-12-14,16.003744145141624
1995-12-15,16.003744145141624
1995-12-18,15.962843130850384
1995-12-19,15.962843130850384
1995-12-20,15.962843130850384
1995-12-21,15.983281328794638
1995-12-22,16.003744145141624
1995-12-26,16.003744145141624
1995-12-27,16.003744145141624
1995-12-28,16.024147877322058
1995-12-29,16.16418030624361
1996-01-02,16.16418030624361
1996-01-03,16.205358031381504
1996-01-04,16.205358031381504
1996-01-05,16.205358031381504
1996-01-08,16.205358031381504
1996-01-09,16.22595772604765
1996-01-10,16.205358031381504
1996-01-11,16.205358031381504
1996-01-12,16.225957726047653
1996-01-15,16.225957726047653
1996-01-16,16.225957726047653
1996-01-17,16.246544619144377
1996-01-18,16.267145298546634
1996-01-19,16.267145298546634
1996-01-22,16.246544619144377
1996-01-23,16.225957726047653
1996-01-24,16.246544619144377
1996-01-25,16.225957726047653
1996-01-26,16.225957726047653
1996-01-29,16.225957726047653
1996-01-30,16.246544619144377
1996-01-31,16.36476514324949
1996-02-01,16.385514517804218
1996-02-02,16.36476514324949
1996-02-05,16.385514517804218
1996-02-06,16.385514517804218
1996-02-07,16.406253060261747
1996-02-08,16.426989633247057
1996-02-09,16.426989633247057
1996-02-12,16.46848050446764
1996-02-13,16.46848050446764
1996-02-14,16.46848050446764
1996-02-15,16.447743931482332
1996-02-16,16.42698963324706
1996-02-20,16.344031524472506
1996-02-21,16.30255345482134
1996-02-22,16.30255345482134
1996-02-23,16.28180604973883
1996-02-26,16.240329949559882
1996-02-27,16.261064553072973
1996-02-28,16.261064553072973
1996-02-29,16.373840471230903
1996-03-01,16.394731647785342
1996-03-04,16.415623809075893
1996-03-05,16.415623809075893
1996-03-06,16.373840471230903
1996-03-07,16.373840471230903
1996-03-08,16.206764234545297
1996-03-11,16.18589275271304
1996-03-12,16.164998621950275
1996-03-13,16.164998621950275
1996-03-14,16.164998621950275
1996-03-15,16.123238917771907
1996-03-18,16.123238917771907
1996-03-19,16.123238917771907
1996-03-20,16.14411138434027
1996-03-21,16.14411138434027
1996-03-22,16.14411138434027
1996-03-25,16.164998621950275
1996-03-26,16.164998621950275
1996-03-27,16.123238917771907
1996-03-28,16.081468381496343
1996-03-29,16.224555461828306
1996-04-01,16.224555461828306
1996-04-02,16.245607150368528
1996-04-03,16.224555461828306
1996-04-04,16.203523468010268
1996-04-08,16.03516805911894
1996-04-09,16.03516805911894
1996-04-10,16.014115385842615
1996-04-11,16.014115385842615
1996-04-12,16.035168059118945
1996-04-15,16.05620103767309
1996-04-16,16.05620103767309
1996-04-17,16.077238939907783
1996-04-18,16.05620103767309
1996-04-19,16.077238939907783
1996-04-22,16.098302445281313
1996-04-23,16.098302445281313
1996-04-24,16.098302445281313
1996-04-25,16.098302445281313
1996-04-26,16.098302445281313
1996-04-29,16.098302445281313
1996-04-30,16.197926227966178
1996-05-01,16.197926227966178
1996-05-02,16.13432901583253
1996-05-03,16.11312863213984
1996-05-06,16.11312863213984
1996-05-07,16.09193317212769
1996-05-08,16.113128632139837
1996-05-09,16.113128632139837
1996-05-10,16.134329015832527
1996-05-13,16.134329015832527
1996-05-14,16.176733722162354
1996-05-15,16.176733722162354
1996-05-16,16.15554023162242
1996-05-17,16.176733722162354
1996-05-20,16.197926227966175
1996-05-21,16.197926227966175
1996-05-22,16.197926227966175
1996-05-23,16.197926227966175
1996-05-24,16.197926227966175
1996-05-28,16.197926227966175
1996-05-29,16.17673372216235
1996-05-30,16.15554023162242
1996-05-31,16.25807292477355
1996-06-03,16.236724830664492
1996-06-04,16.236724830664492
1996-06-05,16.21535901130547
1996-06-06,16.23672483066449
1996-06-07,16.129903611758255
1996-06-10,16.129903611758255
1996-06-11,16.10855059396865
1996-06-12,16.087188713554063
1996-06-13,16.087188713554063
1996-06-14,16.087188713554063
1996-06-17,16.087188713554063
1996-06-18,16.10855059396865
1996-06-19,16.10855059396865
1996-06-20,16.10855059396865
1996-06-21,16.10855059396865
1996-06-24,16.129903611758255
1996-06-25,16.129903611758255
1996-06-26,16.129903611758255
1996-06-27,16.1512615532284
1996-06-28,16.29333927904855
1996-07-01,16.314838037782295
1996-07-02,16.314838037782295
1996-07-03,16.314838037782295
1996-07-05,16.142669730676555
1996-07-08,16.142669730676555
1996-07-09,16.164188184132488
1996-07-10,16.207236907877654
1996-07-11,16.228753391861368
1996-07-12,16.2502718453173
1996-07-15,16.228753391861368
1996-07-16,16.228753391861368
1996-07-17,16.250271845317297
1996-07-18,16.293339279048542
1996-07-19,16.293339279048542
1996-07-22,16.293339279048542
1996-07-23,16.31483803778229
1996-07-24,16.31483803778229
1996-07-25,16.31483803778229
1996-07-26,16.31483803778229
1996-07-29,16.293339279048542
1996-07-30,16.31483803778229
1996-07-31,16.46234461377187
1996-08-01,16.52738151009701
1996-08-02,16.59247453638037
1996-08-05,16.61415645603041
1996-08-06,16.61415645603041
1996-08-07,16.635840345152673
1996-08-08,16.635840345152673
1996-08-09,16.635840345152673
1996-08-12,16.679227818119372
1996-08-13,16.657534081636022
1996-08-14,16.657534081636022
1996-08-15,16.657534081636022
1996-08-16,16.679227818119372
1996-08-19,16.679227818119372
1996-08-20,16.657534081636026
1996-08-21,16.657534081636026
1996-08-22,16.657534081636026
1996-08-23,16.635840345152673
1996-08-26,16.614156456030415
1996-08-27,16.614156456030415
1996-08-28,16.614156456030415
1996-08-29,16.592474536380372
1996-08-30,16.697378474082203
1996-09-03,16.675505515627
1996-09-04,16.6536443740051
1996-09-05,16.6536443740051
1996-09-06,16.6536443740051
1996-09-09,16.675505515627
1996-09-10,16.675505515627
1996-09-11,16.697378474082203
1996-09-12,16.697378474082203
1996-09-13,16.784789559542073
1996-09-16,16.80665267063619
1996-09-17,16.80665267063619
1996-09-18,16.80665267063619
1996-09-19,16.80665267063619
1996-09-20,16.80665267063619
1996-09-23,16.80665267063619
1996-09-24,16.82850593436921
1996-09-25,16.872224278668572
1996-09-26,16.89405587820719
1996-09-27,16.89405587820719
1996-09-30,17.041587072599498
1996-10-01,17.041587072599498
1996-10-02,17.063601833054413
1996-10-03,17.063601833054413
1996-10-04,17.10764317079755
1996-10-07,17.10764317079755
1996-10-08,17.10764317079755
1996-10-09,17.08563037981486
1996-10-10,17.08563037981486
1996-10-11,17.08563037981486
1996-10-14,17.08563037981486
1996-10-15,17.08563037981486
1996-10-16,17.063601833054413
1996-10-17,17.08563037981486
1996-10-18,17.08563037981486
1996-10-21,17.063601833054413
1996-10-22,17.041587072599498
1996-10-23,17.019560495311275
1996-10-24,16.997551643273013
1996-10-25,16.997551643273013
1996-10-28,16.997551643273013
1996-10-29,17.019560495311275
1996-10-30,17.0415870725995
1996-10-31,17.172482135164763
1996-11-01,17.19467414811931
1996-11-04,17.19467414811931
1996-11-05,17.216862222129432
1996-11-06,17.216862222129432
1996-11-07,17.216862222129432
1996-11-08,17.239050296139546
1996-11-11,17.239050296139546
1996-11-12,17.261246248038532
1996-11-13,17.261246248038532
1996-11-14,17.283428413631995
1996-11-15,17.283428413631995
1996-11-18,17.283428413631995
1996-11-19,17.30562436553098
1996-11-20,17.30562436553098
1996-11-21,17.327794714291134
1996-11-22,17.327794714291134
1996-11-25,17.349976879884597
1996-11-26,17.349976879884597
1996-11-27,17.37216692336693
1996-11-29,17.52190786558804
1996-12-02,17.54425940579227
1996-12-03,17.566599129163187
1996-12-04,17.566599129163187
1996-12-05,17.544259405792275
1996-12-06,17.544259405792275
1996-12-09,17.56659912916319
1996-12-10,17.56659912916319
1996-12-11,17.521907865588044
1996-12-12,17.521907865588044
1996-12-13,17.521907865588044
1996-12-16,17.521907865588044
1996-12-17,17.521907865588044
1996-12-18,17.49956026432826
1996-12-19,17.544259405792275
1996-12-20,17.544259405792275
1996-12-23,17.56659912916319
1996-12-24,17.56659912916319
1996-12-26,17.56659912916319
1996-12-27,17.56659912916319
1996-12-30,17.611288423266114
1996-12-31,17.721634012706797
1997-01-02,17.6991446094473
1997-01-03,17.6991446094473
1997-01-06,17.6991446094473
1997-01-07,17.67661581674344
1997-01-08,17.67661581674344
1997-01-09,17.67661581674344
1997-01-10,17.65408899351179
1997-01-13,17.65408899351179
1997-01-14,17.67661581674344
1997-01-15,17.67661581674344
1997-01-16,17.67661581674344
1997-01-17,17.67661581674344
1997-01-20,17.67661581674344
1997-01-21,17.699144609447295
1997-01-22,17.699144609447295
1997-01-23,17.699144609447295
1997-01-24,17.699144609447295
1997-01-27,17.699144609447295
1997-01-28,17.699144609447295
1997-01-29,17.699144609447295
1997-01-30,17.699144609447295
1997-01-31,17.85566053609898
1997-02-03,17.85566053609898
1997-02-04,17.87836461183026
1997-02-05,17.87836461183026
1997-02-06,17.901064748617106
1997-02-07,17.923743221209552
1997-02-10,17.923743221209552
1997-02-11,17.923743221209552
1997-02-12,17.946439419051956
1997-02-13,17.969125769533274
1997-02-14,17.99180621159794
1997-02-18,18.01449453155147
1997-02-19,18.037171034671697
1997-02-20,18.05988495776407
1997-02-21,18.05988495776407
1997-02-24,18.05988495776407
1997-02-25,18.082549644050985
1997-02-26,18.01449453155147
1997-02-27,18.01449453155147
1997-02-28,18.112700294239232
1997-03-03,18.067032172443874
1997-03-04,18.08987411123043
1997-03-05,18.044172508407357
1997-03-06,18.044172508407357
1997-03-07,18.067032172443877
1997-03-10,18.067032172443877
1997-03-11,18.067032172443877
1997-03-12,18.044172508407357
1997-03-13,18.021338447509677
1997-03-14,17.99850241713978
1997-03-17,17.975658508881
1997-03-18,17.975658508881
1997-03-19,17.92998053972455
1997-03-20,17.90713663146578
1997-03-21,17.88429863162366
1997-03-24,17.88429863162366
1997-03-25,17.88429863162366
1997-03-26,17.81578069315287
1997-03-27,17.747254876793203
1997-03-31,17.765671411505494
1997-04-01,17.74266403705261
1997-04-02,17.719650754183075
1997-04-03,17.696627623952445
1997-04-04,17.673610402138475
1997-04-07,17.696627623952445
1997-04-08,17.67361040213848
1997-04-09,17.67361040213848
1997-04-10,17.69662762395245
1997-04-11,17.67361040213848
1997-04-14,17.650614844518905
1997-04-15,17.67361040213848
1997-04-16,17.67361040213848
1997-04-17,17.67361040213848
1997-04-18,17.71965075418308
1997-04-21,17.71965075418308
1997-04-22,17.742664037052617
1997-04-23,17.742664037052617
1997-04-24,17.742664037052617
1997-04-25,17.742664037052617
1997-04-28,17.742664037052617
1997-04-29,17.788684694375036
1997-04-30,17.96485004534759
1997-05-01,18.01121339083597
1997-05-02,18.034399987260706
1997-05-05,18.057576736324343
1997-05-06,18.08074363802691
1997-05-07,18.08074363802691
1997-05-08,18.08074363802691
1997-05-09,18.12710698351529
1997-05-12,18.150299488356683
1997-05-13,18.173468359531455
1997-05-14,18.219825796603185
1997-05-15,18.219825796603185
1997-05-16,18.219825796603185
1997-05-19,18.219825796603185
1997-05-20,18.219825796603185
1997-05-21,18.219825796603185
1997-05-22,18.243018301444575
1997-05-23,18.243018301444575
1997-05-27,18.243018301444575
1997-05-28,18.243018301444575
1997-05-29,18.26621277575818
1997-05-30,18.424991625988564
1997-06-02,18.44835744438516
1997-06-03,18.44835744438516
1997-06-04,18.471695690170694
1997-06-05,18.495059539095077
1997-06-06,18.518385968047298
1997-06-09,18.565107757479396
1997-06-10,18.58845978957046
1997-06-11,18.58845978957046
1997-06-12,18.611798035355996
1997-06-13,18.635146128502623
1997-06-16,18.65852967214918
1997-06-17,18.635146128502623
1997-06-18,18.635146128502623
1997-06-19,18.635146128502623
1997-06-20,18.635146128502623
1997-06-23,18.635146128502623
1997-06-24,18.611798035355996
1997-06-25,18.58845978957046
1997-06-26,18.54176557274942
1997-06-27,18.54176557274942
1997-06-30,18.649952620638967
1997-07-01,18.649952620638967
1997-07-02,18.673464179979703
1997-07-03,18.720487298661183
1997-07-07,18.767522234175967
1997-07-08,18.767522234175967
1997-07-09,18.79105939665554
1997-07-10,18.79105939665554
1997-07-11,18.79105939665554
1997-07-14,18.81457095599628
1997-07-15,18.81457095599628
1997-07-16,18.838092362698113
1997-07-17,18.838092362698113
1997-07-18,18.838092362698113
1997-07-21,18.838092362698113
1997-07-22,18.86160589151107
1997-07-23,18.86160589151107
1997-07-24,18.88512335926846
1997-07-25,18.88512335926846
1997-07-28,18.908625071248103
1997-07-29,18.908625071248103
1997-07-30,18.93216026425546
1997-07-31,19.095638275198443
1997-08-01,19.07193567705254
1997-08-04,19.048240956795507
1997-08-05,19.02454426706626
1997-08-06,19.02454426706626
1997-08-07,19.02454426706626
1997-08-08,18.977176490746604
1997-08-11,18.953473892600694
1997-08-12,18.953473892600694
1997-08-13,18.953473892600694
1997-08-14,18.977176490746604
1997-08-15,18.977176490746604
1997-08-18,18.977176490746604
1997-08-19,18.977176490746604
1997-08-20,19.00088105836473
1997-08-21,18.977176490746604
1997-08-22,18.9534738926007
1997-08-25,18.9534738926007
1997-08-26,18.929790989176983
1997-08-27,18.929790989176983
1997-08-28,18.953473892600694
1997-08-29,19.06805581678271
1997-09-02,19.091892339039443
1997-09-03,19.06805581678271
1997-09-04,19.091892339039443
1997-09-05,19.06805581678271
1997-09-08,19.091892339039443
1997-09-09,19.06805581678271
1997-09-10,19.06805581678271
1997-09-11,19.06805581678271
1997-09-12,19.091892339039443
1997-09-15,19.091892339039443
1997-09-16,19.16349644047614
1997-09-17,19.18734477956619
1997-09-18,19.211214782850636
1997-09-19,19.235112358746132
1997-09-22,19.235112358746132
1997-09-23,19.235112358746132
1997-09-24,19.258954789419526
1997-09-25,19.23511235874613
1997-09-26,19.23511235874613
1997-09-29,19.23511235874613
1997-09-30,19.37210293782669
1997-10-01,19.396128529416377
1997-10-02,19.42015412100606
1997-10-03,19.44419940731793
1997-10-06,19.468224998907615
1997-10-07,19.492258468386176
1997-10-08,19.468224998907615
1997-10-09,19.468224998907615
1997-10-10,19.44419940731793
1997-10-13,19.44419940731793
1997-10-14,19.44419940731793
1997-10-15,19.44419940731793
1997-10-16,19.468224998907615
1997-10-17,19.44419940731793
1997-10-20,19.420154121006064
1997-10-21,19.420154121006064
1997-10-22,19.420154121006064
1997-10-23,19.420154121006064
1997-10-24,19.420154121006064
1997-10-27,19.131732792541182
1997-10-28,19.25192377360059
1997-10-29,19.29998677361327
1997-10-30,19.29998677361327
1997-10-31,19.44282668518185
1997-11-03,19.44282668518185
1997-11-04,19.44282668518185
1997-11-05,19.46705513241001
1997-11-06,19.49125206808268
1997-11-07,19.49125206808268
1997-11-10,19.49125206808268
1997-11-11,19.49125206808268
1997-11-12,19.49125206808268
1997-11-13,19.49125206808268
1997-11-14,19.46705513241001
1997-11-17,19.46705513241001
1997-11-18,19.46705513241001
1997-11-19,19.46705513241001
1997-11-20,19.46705513241001
1997-11-21,19.46705513241001
1997-11-24,19.442826685181853
1997-11-25,19.442826685181853
1997-11-26,19.442826685181853
1997-11-28,19.57938594984663
1997-12-01,19.57938594984663
1997-12-02,19.603768015907807
1997-12-03,19.628134326191237
1997-12-04,19.65253411750238
1997-12-05,19.65253411750238
1997-12-08,19.62813432619124
1997-12-09,19.652534117502384
1997-12-10,19.652534117502384
1997-12-11,19.676924061452436
1997-12-12,19.725672437797048
1997-12-15,19.70128643279143
1997-12-16,19.725672437797048
1997-12-17,19.70128643279143
1997-12-18,19.725672437797044
1997-12-19,19.725672437797044
1997-12-22,19.70128643279143
1997-12-23,19.70128643279143
1997-12-24,19.70128643279143
1997-12-26,19.70128643279143
1997-12-29,19.70128643279143
1997-12-30,19.70128643279143
1997-12-31,19.843740327805246
1998-01-02,19.868305554782715
1998-01-05,19.91740646665438
1998-01-06,19.941967754687415
1998-01-07,19.96653889008154
1998-01-08,19.991098208642352
1998-01-09,20.040212906819544
1998-01-12,20.040212906819544
1998-01-13,20.040212906819544
1998-01-14,20.040212906819544
1998-01-15,20.040212906819544
1998-01-16,20.040212906819544
1998-01-20,20.040212906819544
1998-01-21,20.040212906819544
1998-01-22,20.06477616432479
1998-01-23,20.040212906819544
1998-01-26,20.040212906819544
1998-01-27,20.015645710369856
1998-01-28,20.015645710369856
1998-01-29,20.040212906819544
1998-01-30,20.213392537909325
1998-02-02,20.23813304791421
1998-02-03,20.23813304791421
1998-02-04,20.26287946633575
1998-02-05,20.23813304791421
1998-02-06,20.23813304791421
1998-02-09,20.23813304791421
1998-02-10,20.23813304791421
1998-02-11,20.26287946633575
1998-02-12,20.26287946633575
1998-02-13,20.28761997634064
1998-02-17,20.312350638984437
1998-02-18,20.28761997634064
1998-02-19,20.28761997634064
1998-02-20,20.28761997634064
1998-02-23,20.26287946633575
1998-02-24,20.213392537909325
1998-02-25,20.213392537909325
1998-02-26,20.213392537909325
1998-02-27,20.317981360056244
1998-03-02,20.293067536496153
1998-03-03,20.293067536496153
1998-03-04,20.24329109565365
1998-03-05,20.218371363676905
1998-03-06,20.218371363676905
1998-03-09,20.24329109565365
1998-03-10,20.24329109565365
1998-03-11,20.268179316074896
1998-03-12,20.29306753649615
1998-03-13,20.29306753649615
1998-03-16,20.317981360056237
1998-03-17,20.317981360056237
1998-03-18,20.342865641533052
1998-03-19,20.342865641533052
1998-03-20,20.342865641533052
1998-03-23,20.367775526148705
1998-03-24,20.367775526148705
1998-03-25,20.342865641533052
1998-03-26,20.342865641533052
1998-03-27,20.317981360056237
1998-03-30,20.317981360056237
1998-03-31,20.46087641684693
1998-04-01,20.48598127921218
1998-04-02,20.48598127921218
1998-04-03,20.536112225053955
1998-04-06,20.536112225053955
1998-04-07,20.536112225053955
1998-04-08,20.536112225053955
1998-04-09,20.536112225053955
1998-04-13,20.511046752133073
1998-04-14,20.511046752133073
1998-04-15,20.511046752133073
1998-04-16,20.511046752133073
1998-04-17,20.511046752133073
1998-04-20,20.485981279212183
1998-04-21,20.485981279212183
1998-04-22,20.485981279212183
1998-04-23,20.485981279212183
1998-04-24,20.485981279212183
1998-04-27,20.410743501532927
1998-04-28,20.360598769385625
1998-04-29,20.360598769385625
1998-04-30,20.527255508488764
1998-05-01,20.552492325492633
1998-05-04,20.552492325492633
1998-05-05,20.552492325492633
1998-05-06,20.552492325492633
1998-05-07,20.552492325492633
1998-05-08,20.52725550848876
1998-05-11,20.501989149401616
1998-05-12,20.501989149401616
1998-05-13,20.501989149401616
1998-05-14,20.476740515564437
1998-05-15,20.476740515564437
1998-05-18,20.501989149401616
1998-05-19,20.476740515564437
1998-05-20,20.476740515564437
1998-05-21,20.476740515564437
1998-05-22,20.451482034366165
1998-05-26,20.476740515564437
1998-05-27,20.501989149401616
1998-05-28,20.501989149401616
1998-05-29,20.646924579410353
1998-06-01,20.646924579410353
1998-06-02,20.646924579410353
1998-06-03,20.646924579410353
1998-06-04,20.646924579410353
1998-06-05,20.646924579410353
1998-06-08,20.646924579410353
1998-06-09,20.646924579410353
1998-06-10,20.646924579410353
1998-06-11,20.672368190997133
1998-06-12,20.672368190997133
1998-06-15,20.672368190997133
1998-06-16,20.596064928847845
1998-06-17,20.57065282881656
1998-06-18,20.596064928847845
1998-06-19,20.596064928847845
1998-06-22,20.596064928847845
1998-06-23,20.596064928847845
1998-06-24,20.596064928847845
1998-06-25,20.596064928847845
1998-06-26,20.6214947541291
1998-06-29,20.596064928847845
1998-06-30,20.762477453395924
1998-07-01,20.762477453395924
1998-07-02,20.7880825617046
1998-07-06,20.7880825617046
1998-07-07,20.813693578429923
1998-07-08,20.813693578429923
1998-07-09,20.813693578429923
1998-07-10,20.813693578429923
1998-07-13,20.813693578429923
1998-07-14,20.813693578429923
1998-07-15,20.813693578429923
1998-07-16,20.813693578429923
1998-07-17,20.813693578429923
1998-07-20,20.813693578429923
1998-07-21,20.813693578429923
1998-07-22,20.83928293096085
1998-07-23,20.83928293096085
1998-07-24,20.83928293096085
1998-07-27,20.83928293096085
1998-07-28,20.81369357842992
1998-07-29,20.81369357842992
1998-07-30,20.78808256170459
1998-07-31,20.93243502793674
1998-08-03,20.93243502793674
1998-08-04,20.906664483961745
1998-08-05,20.88088606209787
1998-08-06,20.85511354865065
1998-08-07,20.85511354865065
1998-08-10,20.82931346259237
1998-08-11,20.777764496753505
1998-08-12,20.726209622497972
1998-08-13,20.726209622497972
1998-08-14,20.700439078522972
1998-08-17,20.700439078522972
1998-08-18,20.67467247349241
1998-08-19,20.648884204267446
1998-08-20,20.623105782403577
1998-08-21,20.597339177373005
1998-08-24,20.57153909131473
1998-08-25,20.545764608395295
1998-08-26,20.46843722069255
1998-08-27,20.287960695034386
1998-08-28,20.055972623509486
1998-08-31,20.123468405899033
1998-09-01,20.019608288472845
1998-09-02,19.99366049199821
1998-09-03,19.99366049199821
1998-09-04,19.967683153440294
1998-09-08,19.99366049199821
1998-09-09,20.07154130139427
1998-09-10,20.097495006285556
1998-09-11,20.01960828847284
1998-09-14,20.01960828847284
1998-09-15,20.045581688086315
1998-09-16,20.097495006285552
1998-09-17,20.097495006285552
1998-09-18,20.097495006285552
1998-09-21,20.097495006285552
1998-09-22,20.12346840589903
1998-09-23,20.175427021959287
1998-09-24,20.253290106105386
1998-09-25,20.253290106105386
1998-09-28,20.253290106105386
1998-09-29,20.279257597302205
1998-09-30,20.446609560098363
1998-10-01,20.446609560098363
1998-10-02,20.394288561149956
1998-10-05,20.36817532900899
1998-10-06,20.315891750032733
1998-10-07,20.185138489467175
1998-10-08,19.92368120514152
1998-10-09,19.766818651379435
1998-10-12,19.74064830454414
1998-10-13,19.714499621903247
1998-10-14,19.714499621903247
1998-10-15,19.66220422609368
1998-10-16,19.66220422609368
1998-10-19,19.66220422609368
1998-10-20,19.68836866451232
1998-10-21,19.740648304544138
1998-10-22,19.79293582246483
1998-10-23,19.819106169300124
1998-10-26,19.84523318774662
1998-10-27,19.871381870387513
1998-10-28,19.89753646144506
1998-10-29,19.949814132004665
1998-10-30,20.121014443515165
1998-11-02,20.121014443515165
1998-11-03,20.173674191685095
1998-11-04,20.2000080047145
1998-11-05,20.22634575668834
1998-11-06,20.22634575668834
1998-11-09,20.30535901260986
1998-11-10,20.35804042497419
1998-11-11,20.384362421170284
1998-11-12,20.46341112759173
1998-11-13,20.516059058928352
1998-11-16,20.542383024596663
1998-11-17,20.568728654459377
1998-11-18,20.621398249990396
1998-11-19,20.64774387985311
1998-11-20,20.70039378066195
1998-11-23,20.7267433494691
1998-11-24,20.753075193026284
1998-11-25,20.779418853416775
1998-11-27,20.779418853416775
1998-11-30,20.9756669125982
1998-12-01,21.00215828340506
1998-12-02,21.00215828340506
1998-12-03,21.00215828340506
1998-12-04,20.94911842709702
1998-12-07,20.922627056290157
1998-12-08,20.922627056290157
1998-12-09,20.94911842709702
1998-12-10,20.94911842709702
1998-12-11,20.922627056290157
1998-12-14,20.89610811287225
1998-12-15,20.869581291565467
1998-12-16,20.869581291565467
1998-12-17,20.84306431761977
1998-12-18,20.816537496312986
1998-12-21,20.790012644478423
1998-12-22,20.790012644478423
1998-12-23,20.763531121032653
1998-12-24,20.73698854394812
1998-12-28,20.763531121032653
1998-12-29,20.790012644478423
1998-12-30,20.816537496312986
1998-12-31,20.977289757705996
1999-01-04,20.977289757705996
1999-01-05,21.004082457762237
1999-01-06,21.03086531045739
1999-01-07,21.03086531045739
1999-01-08,21.03086531045739
1999-01-11,21.03086531045739
1999-01-12,21.03086531045739
1999-01-13,21.03086531045739
1999-01-14,21.084454649514303
1999-01-15,21.0576658884025
1999-01-19,21.030865310457383
1999-01-20,21.030865310457383
1999-01-21,21.084454649514303
1999-01-22,21.111235532737236
1999-01-25,21.111235532737236
1999-01-26,21.111235532737236
1999-01-27,21.111235532737236
1999-01-28,21.138042019099004
1999-01-29,21.310662320078816
1999-02-01,21.28370418435624
1999-02-02,21.28370418435624
1999-02-03,21.28370418435624
1999-02-04,21.25672044549484
1999-02-05,21.25672044549484
1999-02-08,21.25672044549484
1999-02-09,21.28370418435624
1999-02-10,21.25672044549484
1999-02-11,21.28370418435624
1999-02-12,21.22975640135562
1999-02-16,21.25672044549484
1999-02-17,21.229756401355615
1999-02-18,21.229756401355615
1999-02-19,21.202770693021993
1999-02-22,21.202770693021993
1999-02-23,21.175794832049466
1999-02-24,21.14882094054915
1999-02-25,21.06789729657599
1999-02-26,21.173764306192503
1999-03-01,21.119481712914787
1999-03-02,21.092328599442617
1999-03-03,21.065197150164845
1999-03-04,21.01088304533163
1999-03-05,21.03803221985937
1999-03-08,21.03803221985937
1999-03-09,21.065197150164853
1999-03-10,21.09232859944262
1999-03-11,21.09232859944262
1999-03-12,21.11948171291479
1999-03-15,21.11948171291479
1999-03-16,21.11948171291479
1999-03-17,21.11948171291479
1999-03-18,21.146619070609216
1999-03-19,21.173764306192513
1999-03-22,21.173764306192513
1999-03-23,21.173764306192513
1999-03-24,21.20090560283137
1999-03-25,21.20090560283137
1999-03-26,21.20090560283137
1999-03-29,21.20090560283137
1999-03-30,21.20090560283137
1999-03-31,21.34851754558462
1999-04-01,21.34851754558462
1999-04-05,21.375847911556427
1999-04-06,21.430524399277783
1999-04-07,21.430524399277783
1999-04-08,21.48518907016583
1999-04-09,21.512529283498733
1999-04-12,21.53985571052611
1999-04-13,21.53985571052611
1999-04-14,21.53985571052611
1999-04-15,21.53985571052611
1999-04-16,21.512529283498733
1999-04-19,21.512529283498733
1999-04-20,21.53985571052611
1999-04-21,21.512529283498733
1999-04-22,21.512529283498733
1999-04-23,21.512529283498733
1999-04-26,21.512529283498733
1999-04-27,21.512529283498733
1999-04-28,21.512529283498733
1999-04-29,21.53985571052611
1999-04-30,21.627924599706855
1999-05-03,21.627924599706855
1999-05-04,21.60040910334654
1999-05-05,21.60040910334654
1999-05-06,21.57287391226404
1999-05-07,21.517846858487847
1999-05-10,21.462819804711653
1999-05-11,21.43530430835133
1999-05-12,21.40778487304658
1999-05-13,21.43530430835133
1999-05-14,21.325236414493418
1999-05-17,21.29772485707753
1999-05-18,21.270199513356125
1999-05-19,21.270199513356125
1999-05-20,21.270199513356125
1999-05-21,21.270199513356125
1999-05-24,21.270199513356125
1999-05-25,21.242678108579156
1999-05-26,21.187658932691832
1999-05-27,21.132618092610112
1999-05-28,21.28226253069253
1999-06-01,21.226835674056044
1999-06-02,21.171410786891776
1999-06-03,21.14367864858746
1999-06-04,21.08828133403424
1999-06-07,21.1159858997275
1999-06-08,21.1159858997275
1999-06-09,21.1159858997275
1999-06-10,21.08828133403424
1999-06-11,21.032846599508883
1999-06-14,21.032846599508883
1999-06-15,21.00514203381562
1999-06-16,21.00514203381562
1999-06-17,21.06056101256323
1999-06-18,21.08828133403424
1999-06-21,21.06056101256323
1999-06-22,21.06056101256323
1999-06-23,21.032846599508883
1999-06-24,21.00514203381562
1999-06-25,21.00514203381562
1999-06-28,21.00514203381562
1999-06-29,21.00514203381562
1999-06-30,21.178138503989107
1999-07-01,21.178138503989107
1999-07-02,21.178138503989107
1999-07-06,21.178138503989107
1999-07-07,21.178138503989107
1999-07-08,21.206051833737497
1999-07-09,21.206051833737497
1999-07-12,21.261854859567663
1999-07-13,21.28975046406609
1999-07-14,21.28975046406609
1999-07-15,21.28975046406609
1999-07-16,21.34556136778512
1999-07-19,21.373468789116856
1999-07-20,21.373468789116856
1999-07-21,21.373468789116856
1999-07-22,21.317642129620076
1999-07-23,21.26185485956766
1999-07-26,21.206051833737497
1999-07-27,21.178138503989107
1999-07-28,21.178138503989107
1999-07-29,21.09443593471608
1999-07-30,21.189992757270385
1999-08-02,21.133795836996583
1999-08-03,21.10568162108194
1999-08-04,21.049472883974833
1999-08-05,21.02136457647684
1999-08-06,20.937063287649487
1999-08-09,20.880854550542377
1999-08-10,20.852760029349916
1999-08-11,20.79654144488172
1999-08-12,20.79654144488172
1999-08-13,20.85276002934992
1999-08-16,20.85276002934992
1999-08-17,20.908953010679287
1999-08-18,20.908953010679287
1999-08-19,20.880854550542384
1999-08-20,20.880854550542384
1999-08-23,20.85276002934992
1999-08-24,20.88085455054238
1999-08-25,20.908953010679284
1999-08-26,20.908953010679284
1999-08-27,20.88085455054238
1999-08-30,20.85276002934992
1999-08-31,20.977309452428177
1999-09-01,20.94899041140284
1999-09-02,20.892387779852093
1999-09-03,20.920679248266374
1999-09-07,20.920679248266374
1999-09-08,20.920679248266374
1999-09-09,20.892387779852097
1999-09-10,20.92067924826638
1999-09-13,20.8923877798521
1999-09-14,20.8923877798521
1999-09-15,20.86408449460451
1999-09-16,20.86408449460451
1999-09-17,20.86408449460451
1999-09-20,20.86408449460451
1999-09-21,20.86408449460451
1999-09-22,20.835761514634733
1999-09-23,20.86408449460451
1999-09-24,20.86408449460451
1999-09-27,20.86408449460451
1999-09-28,20.86408449460451
1999-09-29,20.807444443081614
1999-09-30,20.98421639149737
1999-10-01,20.955710250611304
1999-10-04,20.955710250611304
1999-10-05,20.955710250611304
1999-10-06,20.955710250611304
1999-10-07,20.955710250611304
1999-10-08,20.955710250611304
1999-10-11,20.955710250611304
1999-10-12,20.955710250611304
1999-10-13,20.89868812147808
1999-10-14,20.870174102703142
1999-10-15,20.870174102703142
1999-10-18,20.84165417551155
1999-10-19,20.84165417551155
1999-10-20,20.84165417551155
1999-10-21,20.813171668292103
1999-10-22,20.813171668292103
1999-10-25,20.813171668292103
1999-10-26,20.813171668292103
1999-10-27,20.813171668292103
1999-10-28,20.841654175511547
1999-10-29,21.022605343974305
1999-11-01,21.022605343974305
1999-11-02,21.05131630997106
1999-11-03,21.10875990615897
1999-11-04,21.16620350234689
1999-11-05,21.223639220645925
1999-11-08,21.223639220645925
1999-11-09,21.223639220645925
1999-11-10,21.223639220645925
1999-11-11,21.223639220645925
1999-11-12,21.223639220645925
1999-11-15,21.252348217170457
1999-11-16,21.252348217170457
1999-11-17,21.252348217170457
1999-11-18,21.223639220645925
1999-11-19,21.252348217170457
1999-11-22,21.252348217170457
1999-11-23,21.252348217170457
1999-11-24,21.252348217170457
1999-11-26,21.252348217170457
1999-11-29,21.19494204095469
1999-11-30,21.374250669587475
1999-12-01,21.374250669587475
1999-12-02,21.345313214285625
1999-12-03,21.374250669587475
1999-12-06,21.40315858280605
1999-12-07,21.4609960734376
1999-12-08,21.4609960734376
1999-12-09,21.489927620322792
1999-12-10,21.518843411430243
1999-12-13,21.518843411430243
1999-12-14,21.489927620322796
1999-12-15,21.4609960734376
1999-12-16,21.43209209916346
1999-12-17,21.43209209916346
1999-12-20,21.40315858280605
1999-12-21,21.40315858280605
1999-12-22,21.40315858280605
1999-12-23,21.40315858280605
1999-12-27,21.40315858280605
1999-12-28,21.374250669587475
1999-12-29,21.40315858280605
1999-12-30,21.40315858280605
1999-12-31,21.52843671060504
2000-01-03,21.470183661335447
2000-01-04,21.41189319209371
2000-01-05,21.353628325990815
2000-01-06,21.353628325990815
2000-01-07,21.353628325990815
2000-01-10,21.324511648717113
2000-01-11,21.295357551471263
2000-01-12,21.266248752086433
2000-01-13,21.237116319034985
2000-01-14,21.237116319034985
2000-01-18,21.207979947039092
2000-01-19,21.207979947039092
2000-01-20,21.207979947039092
2000-01-21,21.178851452932086
2000-01-24,21.237116319034985
2000-01-25,21.237116319034985
2000-01-26,21.237116319034985
2000-01-27,21.237116319034985
2000-01-28,21.20797994703909
2000-01-31,21.363507198637247
2000-02-01,21.363507198637247
2000-02-02,21.363507198637247
2000-02-03,21.39284839574382
2000-02-04,21.363507198637247
2000-02-07,21.334169940475103
2000-02-08,21.36350719863725
2000-02-09,21.334169940475107
2000-02-10,21.334169940475107
2000-02-11,21.334169940475107
2000-02-14,21.334169940475107
2000-02-15,21.334169940475107
2000-02-16,21.334169940475107
2000-02-17,21.334169940475107
2000-02-18,21.334169940475107
2000-02-22,21.36350719863725
2000-02-23,21.304787384451952
2000-02-24,21.334169940475107
2000-02-25,21.304787384451952
2000-02-28,21.275469821011992
2000-02-29,21.393665726714374
2000-03-01,21.393665726714374
2000-03-02,21.393665726714374
2000-03-03,21.393665726714374
2000-03-06,21.393665726714374
2000-03-07,21.393665726714374
2000-03-08,21.393665726714374
2000-03-09,21.393665726714374
2000-03-10,21.393665726714374
2000-03-13,21.393665726714374
2000-03-14,21.36411970449711
2000-03-15,21.33457368227984
2000-03-16,21.33457368227984
2000-03-17,21.33457368227984
2000-03-20,21.33457368227984
2000-03-21,21.33457368227984
2000-03-22,21.305035537951447
2000-03-23,21.305035537951447
2000-03-24,21.245929707211378
2000-03-27,21.216375807105237
2000-03-28,21.18682584594353
2000-03-29,21.12773970992565
2000-03-30,21.06862797076893
2000-03-31,21.19963332377841
2000-04-03,21.229401896356336
2000-04-04,21.229401896356336
2000-04-05,21.169852934367174
2000-04-06,21.229401896356332
2000-04-07,21.25916849946204
2000-04-10,21.28897055306767
2000-04-11,21.28897055306767
2000-04-12,21.229401896356332
2000-04-13,21.25916849946204
2000-04-14,21.25916849946204
2000-04-17,21.19963332377841
2000-04-18,21.19963332377841
2000-04-19,21.229401896356332
2000-04-20,21.25916849946204
2000-04-24,21.25916849946204
2000-04-25,21.229401896356336
2000-04-26,21.229401896356336
2000-04-27,21.19963332377841
2000-04-28,21.35861306017505
2000-05-01,21.35861306017505
2000-05-02,21.35861306017505
2000-05-03,21.328616028819813
2000-05-04,21.298636722714544
2000-05-05,21.26864559977597
2000-05-08,21.26864559977597
2000-05-09,21.26864559977597
2000-05-10,21.26864559977597
2000-05-11,21.23863281264299
2000-05-12,21.20863184234332
2000-05-15,21.17862890257143
2000-05-16,21.20863184234332
2000-05-17,21.17862890257143
2000-05-18,21.14863581016063
2000-05-19,21.118644687222055
2000-05-22,21.118644687222055
2000-05-23,21.058640777150497
2000-05-24,21.02864965421191
2000-05-25,20.998658531273335
2000-05-26,20.998658531273335
2000-05-30,20.938658560146212
2000-05-31,21.101921898617412
2000-06-01,21.162398482021334
2000-06-02,21.28330832044038
2000-06-05,21.313521993739617
2000-06-06,21.343749453344376
2000-06-07,21.37399660767132
2000-06-08,21.404237853581613
2000-06-09,21.434461374241938
2000-06-12,21.464702620152224
2000-06-13,21.464702620152224
2000-06-14,21.494912354507026
2000-06-15,21.494912354507026
2000-06-16,21.525141783584004
2000-06-19,21.494912354507026
2000-06-20,21.494912354507026
2000-06-21,21.464702620152224
2000-06-22,21.464702620152224
2000-06-23,21.494912354507026
2000-06-26,21.494912354507026
2000-06-27,21.494912354507026
2000-06-28,21.494912354507026
2000-06-29,21.494912354507026
2000-06-30,21.622829575078384
2000-07-03,21.622829575078384
2000-07-05,21.622829575078384
2000-07-06,21.622829575078384
2000-07-07,21.622829575078384
2000-07-10,21.622829575078384
2000-07-11,21.622829575078384
2000-07-12,21.653283523988236
2000-07-13,21.683727625537
2000-07-14,21.683727625537
2000-07-17,21.683727625537
2000-07-18,21.714189452335724
2000-07-19,21.714189452335724
2000-07-20,21.77511310593318
2000-07-21,21.77511310593318
2000-07-24,21.77511310593318
2000-07-25,21.77511310593318
2000-07-26,21.77511310593318
2000-07-27,21.77511310593318
2000-07-28,21.74463355388449
2000-07-31,21.87966844705239
2000-08-01,21.87966844705239
2000-08-02,21.910346915795113
2000-08-03,21.910346915795113
2000-08-04,21.941062804509983
2000-08-07,21.941062804509983
2000-08-08,21.97173733430828
2000-08-09,22.002415803051
2000-08-10,22.033110027571475
2000-08-11,22.002415803050997
2000-08-14,21.971737334308276
2000-08-15,21.941062804509983
2000-08-16,21.910346915795113
2000-08-17,21.910346915795113
2000-08-18,21.910346915795113
2000-08-21,21.941062804509983
2000-08-22,21.941062804509983
2000-08-23,21.971737334308276
2000-08-24,22.002415803050997
2000-08-25,22.002415803050997
2000-08-28,21.971737334308276
2000-08-29,22.002415803050997
2000-08-30,22.002415803050997
2000-08-31,22.231213329582435
2000-09-01,22.262132073935778
2000-09-05,22.29308626878905
2000-09-06,22.29308626878905
2000-09-07,22.29308626878905
2000-09-08,22.29308626878905
2000-09-11,22.262132073935778
2000-09-12,22.262132073935778
2000-09-13,22.262132073935778
2000-09-14,22.231213329582435
2000-09-15,22.231213329582435
2000-09-18,22.138470882827917
2000-09-19,22.076619607815697
2000-09-20,22.04571268029566
2000-09-21,21.983867313700095
2000-09-22,21.9529426609301
2000-09-25,21.9529426609301
2000-09-26,21.922043611298935
2000-09-27,21.86018445839784
2000-09-28,21.798345000218927
2000-09-29,21.93232819522231
2000-10-02,21.93232819522231
2000-10-03,21.93232819522231
2000-10-04,21.870014094238815
2000-10-05,21.807731504810818
2000-10-06,21.83885310480264
2000-10-09,21.83885310480264
2000-10-10,21.807731504810818
2000-10-11,21.714238689141176
2000-10-12,21.683089516538303
2000-10-13,21.589618365063064
2000-10-16,21.589618365063064
2000-10-17,21.55845737562688
2000-10-18,21.34037968637905
2000-10-19,21.34037968637905
2000-10-20,21.402701665251417
2000-10-23,21.433846898909852
2000-10-24,21.46498622415163
2000-10-25,21.43384689890985
2000-10-26,21.464986224151627
2000-10-27,21.402701665251413
2000-10-30,21.371532797926353
2000-10-31,21.54109450855131
2000-11-01,21.54109450855131
2000-11-02,21.415505204141855
2000-11-03,21.38411181698392
2000-11-06,21.41550520414185
2000-11-07,21.38411181698392
2000-11-08,21.415505204141848
2000-11-09,21.38411181698392
2000-11-10,21.38411181698392
2000-11-13,21.32129550058479
2000-11-14,21.32129550058479
2000-11-15,21.258496909435618
2000-11-16,21.227083827555504
2000-11-17,21.16430887007295
2000-11-20,21.070077502321492
2000-11-21,20.975893401903264
2000-11-22,20.913096780226315
2000-11-24,20.913096780226315
2000-11-27,20.88169748465173
2000-11-28,20.850300158549363
2000-11-29,20.78749762845576
2000-11-30,20.796982606658556
2000-12-01,20.765311523917863
2000-12-04,20.733673922204876
2000-12-05,20.76531152391786
2000-12-06,20.891952526491835
2000-12-07,20.860281443751138
2000-12-08,20.860281443751138
2000-12-11,20.92358421978816
2000-12-12,21.0185600480381
2000-12-13,21.145181355889896
2000-12-14,21.1768209270751
2000-12-15,21.1768209270751
2000-12-18,21.1768209270751
2000-12-19,21.240149306250963
2000-12-20,21.271804633213907
2000-12-21,21.24014930625096
2000-12-22,21.24014930625096
2000-12-26,21.208499887704665
2000-12-27,21.208499887704665
2000-12-28,21.208499887704665
2000-12-29,21.35212758816052
2001-01-02,21.415960152224237
2001-01-03,21.44786757163111
2001-01-04,21.57551694398081
2001-01-05,21.63937314171114
2001-01-08,21.735101308348423
2001-01-09,21.79894765871767
2001-01-10,21.862772344892516
2001-01-11,21.926602939484013
2001-01-12,21.958516267307548
2001-01-16,21.990459137214348
2001-01-17,22.054287762333637
2001-01-18,22.15004940999863
2001-01-19,22.181946982044416
2001-01-22,22.15004940999863
2001-01-23,22.118118356925137
2001-01-24,22.118118356925137
2001-01-25,22.118118356925137
2001-01-26,22.118118356925137
2001-01-29,22.086201090157175
2001-01-30,22.15004940999863
2001-01-31,22.3848065594623
2001-02-01,22.449137399997216
2001-02-02,22.41697591867419
2001-02-05,22.384806559462294
2001-02-06,22.384806559462294
2001-02-07,22.41697591867419
2001-02-08,22.41697591867419
2001-02-09,22.449137399997216
2001-02-12,22.449137399997216
2001-02-13,22.449137399997216
2001-02-14,22.449137399997216
2001-02-15,22.449137399997216
2001-02-16,22.449137399997216
2001-02-20,22.41697591867419
2001-02-21,22.384806559462294
2001-02-22,22.352641139194834
2001-02-23,22.3205111694273
2001-02-26,22.3205111694273
2001-02-27,22.384806559462294
2001-02-28,22.53698176934509
2001-03-01,22.569375648389855
2001-03-02,22.53698176934509
2001-03-05,22.50460561555028
2001-03-06,22.53698176934509
2001-03-07,22.601761649545757
2001-03-08,22.63414568122944
2001-03-09,22.601761649545757
2001-03-12,22.569375648389855
2001-03-13,22.50460561555029
2001-03-14,22.439859216377332
2001-03-15,22.439859216377332
2001-03-16,22.439859216377332
2001-03-19,22.342707121326296
2001-03-20,22.310348692781453
2001-03-21,22.21320447561929
2001-03-22,22.08367031835679
2001-03-23,22.14843050383528
2001-03-26,22.21320447561929
2001-03-27,22.18082832182448
2001-03-28,22.14843050383528
2001-03-29,22.116036624790507
2001-03-30,22.256379245586423
2001-04-02,22.191124722581165
2001-04-03,21.99530600834331
2001-04-04,21.962667914743484
2001-04-05,21.89739763596049
2001-04-06,21.864749694999578
2001-04-09,21.83214508242746
2001-04-10,21.83214508242746
2001-04-11,21.89739763596049
2001-04-12,21.89739763596049
2001-04-16,21.83214508242746
2001-04-17,21.83214508242746
2001-04-18,21.864749694999578
2001-04-19,21.864749694999578
2001-04-20,21.864749694999578
2001-04-23,21.897397635960495
2001-04-24,21.962667914743488
2001-04-25,21.962667914743488
2001-04-26,21.995306008343313
2001-04-27,21.995306008343313
2001-04-30,22.22875345878189
2001-05-01,22.22875345878189
2001-05-02,22.360320111373554
2001-05-03,22.426074880322226
2001-05-04,22.393178785861817
2001-05-07,22.426074880322226
2001-05-08,22.426074880322226
2001-05-09,22.426074880322226
2001-05-10,22.393178785861817
2001-05-11,22.32742795585758
2001-05-14,22.29453580034161
2001-05-15,22.29453580034161
2001-05-16,22.261643644825636
2001-05-17,22.261643644825636
2001-05-18,22.261643644825636
2001-05-21,22.261643644825636
2001-05-22,22.294535800341603
2001-05-23,22.294535800341603
2001-05-24,22.327427955857576
2001-05-25,22.327427955857576
2001-05-29,22.327427955857576
2001-05-30,22.261643644825636
2001-05-31,22.400810490707293
2001-06-01,22.400810490707293
2001-06-04,22.367680029052924
2001-06-05,22.400810490707293
2001-06-06,22.400810490707293
2001-06-07,22.367680029052924
2001-06-08,22.367680029052924
2001-06-11,22.33456335370408
2001-06-12,22.268272888312055
2001-06-13,22.23513848771325
2001-06-14,22.135727408027947
2001-06-15,22.036310419926
2001-06-18,21.870624630626423
2001-06-19,21.738090967175623
2001-06-20,21.57240123893162
2001-06-21,21.605517914280465
2001-06-22,21.638666101184796
2001-06-25,21.6718103491447
2001-06-26,21.57240123893162
2001-06-27,21.57240123893162
2001-06-28,21.53924517413841
2001-06-29,21.773023495909644
2001-07-02,21.806411958424597
2001-07-03,21.806411958424597
2001-07-05,21.773023495909644
2001-07-06,21.773023495909644
2001-07-09,21.773023495909644
2001-07-10,21.773023495909644
2001-07-11,21.706236723518646
2001-07-12,21.73963109445025
2001-07-13,21.73963109445025
2001-07-16,21.73963109445025
2001-07-17,21.606051641251593
2001-07-18,21.63943813429433
2001-07-19,21.67283250522594
2001-07-20,21.67283250522594
2001-07-23,21.73963109445025
2001-07-24,21.73963109445025
2001-07-25,21.773023495909637
2001-07-26,21.773023495909637
2001-07-27,21.806411958424594
2001-07-30,21.83981026830064
2001-07-31,22.04172646852601
2001-08-01,22.075380809790428
2001-08-02,22.075380809790428
2001-08-03,22.075380809790428
2001-08-06,22.109001670027126
2001-08-07,22.14266585865263
2001-08-08,22.176328077805913
2001-08-09,22.176328077805913
2001-08-10,22.176328077805913
2001-08-13,22.176328077805913
2001-08-14,22.176328077805913
2001-08-15,22.14266585865263
2001-08-16,22.176328077805913
2001-08-17,22.14266585865263
2001-08-20,22.109001670027126
2001-08-21,22.07538080979043
2001-08-22,22.04172646852602
2001-08-23,22.04172646852602
2001-08-24,22.0080603104283
2001-08-27,22.0080603104283
2001-08-28,22.0080603104283
2001-08-29,22.041726468526015
2001-08-30,22.07538080979043
2001-08-31,22.241495944033563
2001-09-04,22.17368307661689
2001-09-05,22.17368307661689
2001-09-06,22.17368307661689
2001-09-07,22.139770734491893
2001-09-10,22.10588399550574
2001-09-17,21.0209214452277
2001-09-18,21.0209214452277
2001-09-19,20.85140109351931
2001-09-20,20.783602012408167
2001-09-21,20.614065904922033
2001-09-24,21.122648624241588
2001-09-25,21.122648624241588
2001-09-26,21.08874022106103
2001-09-27,21.05484757365822
2001-09-28,21.1846613959757
2001-10-01,21.15051468665674
2001-10-02,21.116342374198943
2001-10-03,21.047987901922266
2001-10-04,21.013833314714436
2001-10-05,21.047987901922266
2001-10-08,21.047987901922266
2001-10-09,21.013833314714436
2001-10-10,21.047987901922266
2001-10-11,21.150514686656734
2001-10-12,21.253011929307934
2001-10-15,21.253011929307934
2001-10-16,21.287184241765733
2001-10-17,21.355515080375792
2001-10-18,21.355515080375792
2001-10-19,21.321358523695743
2001-10-22,21.321358523695743
2001-10-23,21.321358523695743
2001-10-24,21.321358523695743
2001-10-25,21.321358523695743
2001-10-26,21.355515080375795
2001-10-29,21.38968542336137
2001-10-30,21.38968542336137
2001-10-31,21.524001459169632
2001-11-01,21.524001459169632
2001-11-02,21.489569176379035
2001-11-05,21.524001459169632
2001-11-06,21.524001459169632
2001-11-07,21.627331788569126
2001-11-08,21.765072736564814
2001-11-09,21.799506988827627
2001-11-12,21.799506988827627
2001-11-13,21.83394518003488
2001-11-14,21.868393218603227
2001-11-15,21.83394518003488
2001-11-16,21.83394518003488
2001-11-19,21.9372459673511
2001-11-20,21.9372459673511
2001-11-21,21.9372459673511
2001-11-23,21.90282353192159
2001-11-26,21.90282353192159
2001-11-27,21.9372459673511
2001-11-28,21.97169991433609
2001-11-29,21.97169991433609
2001-11-30,22.13126261450931
2001-12-03,22.13126261450931
2001-12-04,22.13126261450931
2001-12-05,22.061885986151395
2001-12-06,22.027199641444657
2001-12-07,21.99251723568235
2001-12-10,21.957813165725646
2001-12-11,21.923136668379993
2001-12-12,21.888434567895505
2001-12-13,21.819069756370897
2001-12-14,21.71500087488958
2001-12-17,21.680316499655056
2001-12-18,21.749677372235237
2001-12-19,21.749677372235237
2001-12-20,21.749677372235237
2001-12-21,21.784385381136374
2001-12-24,21.749677372235237
2001-12-26,21.749677372235237
2001-12-27,21.749677372235237
2001-12-28,21.749677372235237
2001-12-31,21.987404485803935
2002-01-02,21.987404485803935
2002-01-03,22.057306963244113
2002-01-04,22.09227297300584
2002-01-07,22.162185297807103
2002-01-08,22.162185297807103
2002-01-09,22.162185297807103
2002-01-10,22.197131612846647
2002-01-11,22.232093683663937
2002-01-14,22.232093683663937
2002-01-15,22.197131612846647
2002-01-16,22.197131612846647
2002-01-17,22.1621852978071
2002-01-18,22.1621852978071
2002-01-22,22.127225196462028
2002-01-23,22.127225196462028
2002-01-24,22.127225196462028
2002-01-25,22.092272973005834
2002-01-28,22.05730696324411
2002-01-29,22.02234686189904
2002-01-30,21.987404485803932
2002-01-31,22.15294059521492
2002-02-01,22.15294059521492
2002-02-04,22.15294059521492
2002-02-05,22.08247090977591
2002-02-06,22.04726659387578
2002-02-07,21.94161425673104
2002-02-08,21.94161425673104
2002-02-11,21.94161425673104
2002-02-12,21.94161425673104
2002-02-13,21.94161425673104
2002-02-14,21.90639418505317
2002-02-15,21.90639418505317
2002-02-19,21.8711741133753
2002-02-20,21.80072215318625
2002-02-21,21.80072215318625
2002-02-22,21.765523745702776
2002-02-25,21.73028791824716
2002-02-26,21.73028791824716
2002-02-27,21.80072215318625
2002-02-28,21.977978591767677
2002-03-01,21.942526122368054
2002-03-04,21.977978591767677
2002-03-05,22.013435000111727
2002-03-06,22.08430842735547
2002-03-07,22.119766805171743
2002-03-08,22.119766805171743
2002-03-11,22.155209427210263
2002-03-12,22.190655988193225
2002-03-13,22.155209427210263
2002-03-14,22.155209427210263
2002-03-15,22.155209427210263
2002-03-18,22.19065598819322
2002-03-19,22.226120274426147
2002-03-20,22.19065598819322
2002-03-21,22.19065598819322
2002-03-22,22.19065598819322
2002-03-25,22.19065598819322
2002-03-26,22.19065598819322
2002-03-27,22.155209427210256
2002-03-28,22.276597847378323
2002-04-01,22.24089131606256
2002-04-02,22.276597847378323
2002-04-03,22.31228271449969
2002-04-04,22.31228271449969
2002-04-05,22.31228271449969
2002-04-08,22.31228271449969
2002-04-09,22.31228271449969
2002-04-10,22.347985306871017
2002-04-11,22.347985306871017
2002-04-12,22.347985306871017
2002-04-15,22.347985306871017
2002-04-16,22.383695777131216
2002-04-17,22.383695777131216
2002-04-18,22.41939640003033
2002-04-19,22.41939640003033
2002-04-22,22.41939640003033
2002-04-23,22.41939640003033
2002-04-24,22.49078189005079
2002-04-25,22.49078189005079
2002-04-26,22.45509111451278
2002-04-29,22.41939640003033
2002-04-30,22.642569113906607
2002-05-01,22.642569113906607
2002-05-02,22.606582917535867
2002-05-03,22.606582917535867
2002-05-06,22.57058293485959
2002-05-07,22.57058293485959
2002-05-08,22.534567196405572
2002-05-09,22.534567196405572
2002-05-10,22.570582934859587
2002-05-13,22.46261646785848
2002-05-14,22.42658103468228
2002-05-15,22.39058105200601
2002-05-16,22.35459485563526
2002-05-17,22.318586995070117
2002-05-20,22.318586995070117
2002-05-21,22.318586995070117
2002-05-22,22.354594855635263
2002-05-23,22.354594855635263
2002-05-24,22.390581052006016
2002-05-28,22.390581052006016
2002-05-29,22.390581052006016
2002-05-30,22.390581052006016
2002-05-31,22.575687806849142
2002-06-03,22.575687806849142
2002-06-04,22.575687806849142
2002-06-05,22.539404220173452
2002-06-06,22.539404220173452
2002-06-07,22.466795687905485
2002-06-10,22.430521948590883
2002-06-11,22.39423639244297
2002-06-12,22.321645585424967
2002-06-13,22.285334426138217
2002-06-14,22.24904690051809
2002-06-17,22.24904690051809
2002-06-18,22.285334426138217
2002-06-19,22.357931141572877
2002-06-20,22.285334426138217
2002-06-21,22.24904690051809
2002-06-24,22.176450185083432
2002-06-25,22.14014690368555
2002-06-26,21.922390238409292
2002-06-27,21.813494180521193
2002-06-28,21.930459166087207
2002-07-01,21.89389788382875
2002-07-02,21.747694113711503
2002-07-03,21.711146617758573
2002-07-05,21.711146617758573
2002-07-08,21.711146617758573
2002-07-09,21.711146617758573
2002-07-10,21.7476941137115
2002-07-11,21.71114661775857
2002-07-12,21.674618816527826
2002-07-15,21.60150412989978
2002-07-16,21.60150412989978
2002-07-17,21.60150412989978
2002-07-18,21.564936939224673
2002-07-19,21.528407168521703
2002-07-22,21.455284604004788
2002-07-23,21.235993719870557
2002-07-24,21.12633744570624
2002-07-25,21.05323260643929
2002-07-26,20.90703671421091
2002-07-29,20.870485279313552
2002-07-30,20.870485279313552
2002-07-31,21.10249895397728
2002-08-01,21.176161153881974
2002-08-02,21.139335962346284
2002-08-05,21.028842662489236
2002-08-06,21.028842662489236
2002-08-07,21.06567179296937
2002-08-08,20.99202337937021
2002-08-09,20.99202337937021
2002-08-12,20.91836905735437
2002-08-13,20.91836905735437
2002-08-14,20.807865910136233
2002-08-15,20.77105253543385
2002-08-16,20.77105253543385
2002-08-19,20.77105253543385
2002-08-20,20.84470488797746
2002-08-21,20.88154189634646
2002-08-22,20.95519227941785
2002-08-23,21.102498953977285
2002-08-26,21.139335962346287
2002-08-27,21.21298240647324
2002-08-28,21.28664263690572
2002-08-29,21.323491462108027
2002-08-30,21.520127507316435
2002-09-03,21.557214638657147
2002-09-04,21.557214638657147
2002-09-05,21.483042345447934
2002-09-06,21.483042345447934
2002-09-09,21.483042345447934
2002-09-10,21.52012750731643
2002-09-11,21.52012750731643
2002-09-12,21.557214638657143
2002-09-13,21.557214638657143
2002-09-16,21.520127507316428
2002-09-17,21.55721463865714
2002-09-18,21.520127507316428
2002-09-19,21.44591188571842
2002-09-20,21.408828693322143
2002-09-23,21.334609132779697
2002-09-24,21.22328274617436
2002-09-25,21.18618773694477
2002-09-26,21.18618773694477
2002-09-27,21.14908878877075
2002-09-30,21.227572256665574
2002-10-01,21.190191673964353
2002-10-02,21.190191673964353
2002-10-03,21.11544823381187
2002-10-04,21.04070282418716
2002-10-07,21.00333208884703
2002-10-08,20.891204127048887
2002-10-09,20.779091921028492
2002-10-10,20.66698168448031
2002-10-11,20.66698168448031
2002-10-14,20.66698168448031
2002-10-15,20.741721185688355
2002-10-16,20.70436423665375
2002-10-17,20.666981684480305
2002-10-18,20.666981684480305
2002-10-21,20.70436423665375
2002-10-22,20.666981684480305
2002-10-23,20.666981684480305
2002-10-24,20.741721185688352
2002-10-25,20.816478412146363
2002-10-28,20.891204127048884
2002-10-29,20.965959384034676
2002-10-30,20.965959384034676
2002-10-31,21.270908523354592
2002-11-01,21.270908523354592
2002-11-04,21.383855785595504
2002-11-05,21.459132952719116
2002-11-06,21.57209597073777
2002-11-07,21.6473751073336
2002-11-08,21.6473751073336
2002-11-11,21.6473751073336
2002-11-12,21.6473751073336
2002-11-13,21.6473751073336
2002-11-14,21.685037324562025
2002-11-15,21.72268772495714
2002-11-18,21.7979806478585
2002-11-19,21.83561332300365
2002-11-20,21.87325584550989
2002-11-21,21.98619916880637
2002-11-22,22.023863355507007
2002-11-25,22.023863355507007
2002-11-26,22.06149603065216
2002-11-27,22.06149603065216
2002-11-29,22.06149603065216
2002-12-02,22.099152339463934
2002-12-03,22.099152339463934
2002-12-04,22.06149603065216
2002-12-05,22.06149603065216
2002-12-06,22.06149603065216
2002-12-09,22.023863355507007
2002-12-10,22.023863355507007
2002-12-11,22.023863355507007
2002-12-12,22.023863355507007
2002-12-13,22.06149603065216
2002-12-16,22.023863355507007
2002-12-17,22.06149603065216
2002-12-18,22.099152339463934
2002-12-19,22.099152339463934
2002-12-20,22.099152339463934
2002-12-23,22.099152339463934
2002-12-24,22.13681258722014
2002-12-26,22.13681258722014
2002-12-27,22.13681258722014
2002-12-30,22.13681258722014
2002-12-31,22.29606804972732
2003-01-02,22.25813010638835
2003-01-03,22.296068049727324
2003-01-06,22.333964634149716
2003-01-07,22.4856514149224
2003-01-08,22.56149382057263
2003-01-09,22.59940419130055
2003-01-10,22.59940419130055
2003-01-13,22.67521705486751
2003-01-14,22.67521705486751
2003-01-15,22.67521705486751
2003-01-16,22.67521705486751
2003-01-17,22.67521705486751
2003-01-21,22.637326378861772
2003-01-22,22.59940419130055
2003-01-23,22.59940419130055
2003-01-24,22.59940419130055
2003-01-27,22.561493820572636
2003-01-28,22.485651414922405
2003-01-29,22.485651414922405
2003-01-30,22.485651414922405
2003-01-31,22.485651414922405
2003-02-03,22.447725288416745
2003-02-04,22.485651414922405
2003-02-05,22.447725288416745
2003-02-06,22.447725288416745
2003-02-07,22.447725288416745
2003-02-10,22.409809009272166
2003-02-11,22.409809009272166
2003-02-12,22.409809009272166
2003-02-13,22.409809009272166
2003-02-14,22.333964634149716
2003-02-18,22.37188879118316
2003-02-19,22.37188879118316
2003-02-20,22.447725288416738
2003-02-21,22.447725288416738
2003-02-24,22.4856514149224
2003-02-25,22.4856514149224
2003-02-26,22.52356572459475
2003-02-27,22.56149382057263
2003-02-28,22.63732637886177
2003-03-03,22.675217054867502
2003-03-04,22.713166815039788
2003-03-05,22.713166815039788
2003-03-06,22.67521705486751
2003-03-07,22.67521705486751
2003-03-10,22.713166815039795
2003-03-11,22.713166815039795
2003-03-12,22.713166815039795
2003-03-13,22.675217054867517
2003-03-14,22.675217054867517
2003-03-17,22.63732637886178
2003-03-18,22.675217054867517
2003-03-19,22.59940419130055
2003-03-20,22.637326378861783
2003-03-21,22.637326378861783
2003-03-24,22.67521705486752
2003-03-25,22.67521705486752
2003-03-26,22.71316681503981
2003-03-27,22.71316681503981
2003-03-28,22.788991495440065
2003-03-31,22.945527116813935
2003-04-01,22.98372109154127
2003-04-02,23.021883554713114
2003-04-03,23.09824196208451
2003-04-04,23.136428058922977
2003-04-07,23.136428058922977
2003-04-08,23.136428058922977
2003-04-09,23.136428058922977
2003-04-10,23.09824196208451
2003-04-11,23.09824196208451
2003-04-14,23.09824196208451
2003-04-15,23.136428058922977
2003-04-16,23.212782527349933
2003-04-17,23.212782527349933
2003-04-21,23.212782527349933
2003-04-22,23.250960746299523
2003-04-23,23.327325062087574
2003-04-24,23.48004384630259
2003-04-25,23.51819646211334
2003-04-28,23.51819646211334
2003-04-29,23.556390436840676
2003-04-30,23.783074719681988
2003-05-01,23.821499122658853
2003-05-02,23.859927464580156
2003-05-05,23.898343989668145
2003-05-06,23.93678611789497
2003-05-07,23.93678611789497
2003-05-08,23.859927464580153
2003-05-09,23.859927464580153
2003-05-12,23.89834398966814
2003-05-13,23.89834398966814
2003-05-14,23.89834398966814
2003-05-15,23.859927464580153
2003-05-16,23.89834398966814
2003-05-19,23.859927464580153
2003-05-20,23.859927464580153
2003-05-21,23.783074719681988
2003-05-22,23.783074719681988
2003-05-23,23.744673950371745
2003-05-27,23.70623379161714
2003-05-28,23.667797571806965
2003-05-29,23.70623379161714
2003-05-30,23.860927956466995
2003-06-02,23.860927956466995
2003-06-03,23.899598543471132
2003-06-04,23.938278977836365
2003-06-05,23.97694168695163
2003-06-06,24.01562212131686
2003-06-09,24.054294677793216
2003-06-10,24.09298299004732
2003-06-11,24.13163782127371
2003-06-12,24.13163782127371
2003-06-13,24.20898884264307
2003-06-16,24.24764958228612
2003-06-17,24.28632213876248
2003-06-18,24.28632213876248
2003-06-19,24.28632213876248
2003-06-20,24.28632213876248
2003-06-23,24.24764958228612
2003-06-24,24.24764958228612
2003-06-25,24.208988842643073
2003-06-26,24.17030249986119
2003-06-27,24.17030249986119
2003-06-30,24.322099571078095
2003-07-01,24.283174922157812
2003-07-02,24.283174922157812
2003-07-03,24.244266029015275
2003-07-07,24.244266029015275
2003-07-08,24.244266029015275
2003-07-09,24.244266029015275
2003-07-10,24.283174922157812
2003-07-11,24.283174922157812
2003-07-14,24.283174922157812
2003-07-15,24.244266029015275
2003-07-16,24.244266029015275
2003-07-17,24.20532956326169
2003-07-18,24.166406883813615
2003-07-21,24.127494051726643
2003-07-22,24.127494051726643
2003-07-23,24.127494051726643
2003-07-24,24.08859106700076
2003-07-25,24.049662479136035
2003-07-28,24.049662479136035
2003-07-29,23.971838784434308
2003-07-30,23.894005242371485
2003-07-31,23.93318789215236
2003-08-01,23.854856073618333
2003-08-04,23.81565766805972
2003-08-05,23.776500621417693
2003-08-06,23.698158955522572
2003-08-07,23.61981925909968
2003-08-08,23.541489410037872
2003-08-11,23.541489410037872
2003-08-12,23.541489410037872
2003-08-13,23.46313001889279
2003-08-14,23.38479623088655
2003-08-15,23.423959185945236
2003-08-18,23.38479623088655
2003-08-19,23.46313001889279
2003-08-20,23.65899993940833
2003-08-21,23.698158955522572
2003-08-22,23.737335696886785
2003-08-25,23.737335696886785
2003-08-26,23.776500621417693
2003-08-27,23.81565766805972
2003-08-28,23.894005242371488
2003-08-29,24.134576273823257
2003-09-02,24.174009046575833
2003-09-03,24.21343591091176
2003-09-04,24.21343591091176
2003-09-05,24.25288050049765
2003-09-08,24.292313273250222
2003-09-09,24.292313273250222
2003-09-10,24.33172832075284
2003-09-11,24.37117684928316
2003-09-12,24.37117684928316
2003-09-15,24.37117684928316
2003-09-16,24.37117684928316
2003-09-17,24.41061159150795
2003-09-18,24.45004633373275
2003-09-19,24.45004633373275
2003-09-22,24.45004633373275
2003-09-23,24.45004633373275
2003-09-24,24.45004633373275
2003-09-25,24.45004633373275
2003-09-26,24.45004633373275
2003-09-29,24.45004633373275
2003-09-30,24.64450414266783
2003-10-01,24.684198855225432
2003-10-02,24.684198855225432
2003-10-03,24.684198855225432
2003-10-06,24.684198855225432
2003-10-07,24.684198855225432
2003-10-08,24.723903415144125
2003-10-09,24.723903415144125
2003-10-10,24.723903415144125
2003-10-13,24.723903415144125
2003-10-14,24.76357252456288
2003-10-15,24.80326723712048
2003-10-16,24.80326723712048
2003-10-17,24.842938316011455
2003-10-20,24.842938316011455
2003-10-21,24.842938316011455
2003-10-22,24.842938316011455
2003-10-23,24.76357252456288
2003-10-24,24.80326723712048
2003-10-27,24.80326723712048
2003-10-28,24.842938316011455
2003-10-29,24.842938316011455
2003-10-30,24.842938316011455
2003-10-31,25.002694024462063
2003-11-03,25.002694024462063
2003-11-04,25.042640829463583
2003-11-05,25.042640829463583
2003-11-06,25.042640829463583
2003-11-07,25.002694024462063
2003-11-10,25.042640829463583
2003-11-11,25.042640829463583
2003-11-12,25.002694024462063
2003-11-13,25.042640829463583
2003-11-14,25.082579756576234
2003-11-17,25.082579756576234
2003-11-18,25.082579756576234
2003-11-19,25.082579756576234
2003-11-20,25.082579756576234
2003-11-21,25.122518683688885
2003-11-24,25.122518683688885
2003-11-25,25.122518683688885
2003-11-26,25.122518683688885
2003-11-28,25.279257160701224
2003-12-01,25.279257160701224
2003-12-02,25.31946393603555
2003-12-03,25.35964313875882
2003-12-04,25.399824310954312
2003-12-05,25.440015330510885
2003-12-08,25.480196502706377
2003-12-09,25.520393430679604
2003-12-10,25.520393430679604
2003-12-11,25.520393430679604
2003-12-12,25.560596267069496
2003-12-15,25.520393430679604
2003-12-16,25.520393430679604
2003-12-17,25.560596267069496
2003-12-18,25.560596267069496
2003-12-19,25.560596267069496
2003-12-22,25.60078137820942
2003-12-23,25.60078137820942
2003-12-24,25.640980275654872
2003-12-26,25.640980275654872
2003-12-29,25.640980275654872
2003-12-30,25.640980275654872
2003-12-31,25.802756662601336
2004-01-02,25.802756662601336
2004-01-05,25.802756662601336
2004-01-06,25.883627130824603
2004-01-07,25.96451335482562
2004-01-08,26.004950558409472
2004-01-09,26.045405487243286
2004-01-12,26.085846629771577
2004-01-13,26.126277924938773
2004-01-14,26.126277924938773
2004-01-15,26.126277924938773
2004-01-16,26.126277924938773
2004-01-20,26.126277924938773
2004-01-21,26.16672103693929
2004-01-22,26.207179904717535
2004-01-23,26.207179904717535
2004-01-26,26.207179904717535
2004-01-27,26.16672103693929
2004-01-28,26.085846629771577
2004-01-29,25.964513354825616
2004-01-30,26.041819078333965
2004-02-02,26.041819078333965
2004-02-03,26.00113372125062
2004-02-04,25.91974331236175
2004-02-05,25.879059924750628
2004-02-06,25.838364720306195
2004-02-09,25.879059924750628
2004-02-10,25.879059924750628
2004-02-11,25.919743312361756
2004-02-12,25.96044639469506
2004-02-13,25.96044639469506
2004-02-17,26.001133721250625
2004-02-18,26.001133721250625
2004-02-19,26.001133721250625
2004-02-20,25.96044639469506
2004-02-23,25.96044639469506
2004-02-24,25.919743312361756
2004-02-25,25.919743312361756
2004-02-26,25.919743312361756
2004-02-27,26.112109541801132
2004-03-01,26.112109541801132
2004-03-02,26.112109541801132
2004-03-03,26.15305289974506
2004-03-04,26.15305289974506
2004-03-05,26.193960807189058
2004-03-08,26.27581601152142
2004-03-09,26.27581601152142
2004-03-10,26.27581601152142
2004-03-11,26.27581601152142
2004-03-12,26.27581601152142
2004-03-15,26.23489431777189
2004-03-16,26.193960807189058
2004-03-17,26.193960807189058
2004-03-18,26.193960807189058
2004-03-19,26.193960807189058
2004-03-22,26.153052899745056
2004-03-23,26.153052899745056
2004-03-24,26.153052899745056
2004-03-25,26.153052899745056
2004-03-26,26.112109541801132
2004-03-29,26.112109541801132
2004-03-30,26.15305289974506
2004-03-31,26.313657450721703
2004-04-01,26.313657450721703
2004-04-02,26.272454122444977
2004-04-05,26.23127048889043
2004-04-06,26.23127048889043
2004-04-07,26.23127048889043
2004-04-08,26.23127048889043
2004-04-12,26.23127048889043
2004-04-13,26.190108519530284
2004-04-14,26.107770794504464
2004-04-15,26.066567466227735
2004-04-16,26.107770794504464
2004-04-19,26.107770794504464
2004-04-20,26.107770794504464
2004-04-21,26.066567466227735
2004-04-22,26.107770794504464
2004-04-23,26.066567466227735
2004-04-26,26.066567466227735
2004-04-27,26.107770794504464
2004-04-28,26.066567466227735
2004-04-29,26.02540155792315
2004-04-30,26.14138968526894
2004-05-03,26.14138968526894
2004-05-04,26.099975623464875
2004-05-05,26.017106140940136
2004-05-06,25.892840321861296
2004-05-07,25.685665630813357
2004-05-10,25.519958177319385
2004-05-11,25.437082786377996
2004-05-12,25.39567266351836
2004-05-13,25.312828784132464
2004-05-14,25.271387149717334
2004-05-17,25.229935667941117
2004-05-18,25.229935667941117
2004-05-19,25.39567266351836
2004-05-20,25.35424284593654
2004-05-21,25.39567266351836
2004-05-24,25.437082786377996
2004-05-25,25.437082786377996
2004-05-26,25.519958177319385
2004-05-27,25.519958177319385
2004-05-28,25.724257438928767
2004-06-01,25.68256371206971
2004-06-02,25.640869985210653
2004-06-03,25.640869985210653
2004-06-04,25.640869985210653
2004-06-07,25.68256371206971
2004-06-08,25.68256371206971
2004-06-09,25.724257438928777
2004-06-10,25.724257438928777
2004-06-14,25.68256371206972
2004-06-15,25.68256371206972
2004-06-16,25.724257438928777
2004-06-17,25.724257438928777
2004-06-18,25.765951165787833
2004-06-21,25.765951165787833
2004-06-22,25.807646862119107
2004-06-23,25.807646862119107
2004-06-24,25.849320894255985
2004-06-25,25.849320894255985
2004-06-28,25.849320894255985
2004-06-29,25.849320894255985
2004-06-30,26.050675794899178
2004-07-01,26.050675794899178
2004-07-02,26.09263933945212
2004-07-06,26.13456152508849
2004-07-07,26.13456152508849
2004-07-08,26.176544764363623
2004-07-09,26.176544764363623
2004-07-12,26.218470888944424
2004-07-13,26.218470888944424
2004-07-14,26.26044231138625
2004-07-15,26.3023841917448
2004-07-16,26.3023841917448
2004-07-19,26.34433394999222
2004-07-20,26.386289616656295
2004-07-21,26.386289616656295
2004-07-22,26.344333949992215
2004-07-23,26.302384191744792
2004-07-26,26.302384191744792
2004-07-27,26.218470888944424
2004-07-28,26.176544764363623
2004-07-29,26.176544764363623
2004-07-30,26.34115522183206
2004-08-02,26.383372828301155
2004-08-03,26.383372828301155
2004-08-04,26.383372828301155
2004-08-05,26.383372828301155
2004-08-06,26.467802132822698
2004-08-09,26.467802132822698
2004-08-10,26.467802132822698
2004-08-11,26.467802132822698
2004-08-12,26.467802132822698
2004-08-13,26.467802132822698
2004-08-16,26.467802132822698
2004-08-17,26.467802132822698
2004-08-18,26.51001383087514
2004-08-19,26.55225113206642
2004-08-20,26.55225113206642
2004-08-23,26.55225113206642
2004-08-24,26.5944451048689
2004-08-25,26.5944451048689
2004-08-26,26.636676497643514
2004-08-27,26.636676497643514
2004-08-30,26.67887047044599
2004-08-31,26.8445385344956
2004-09-01,26.8445385344956
2004-09-02,26.8445385344956
2004-09-03,26.8445385344956
2004-09-07,26.8445385344956
2004-09-08,26.8445385344956
2004-09-09,26.887006263936403
2004-09-10,26.887006263936403
2004-09-13,26.971959448067985
2004-09-14,27.014417330147698
2004-09-15,27.014417330147698
2004-09-16,27.014417330147698
2004-09-17,27.014417330147698
2004-09-20,27.014417330147698
2004-09-21,27.014417330147698
2004-09-22,27.014417330147698
2004-09-23,27.056890968005153
2004-09-24,27.014417330147698
2004-09-27,27.014417330147698
2004-09-28,27.014417330147698
2004-09-29,27.014417330147698
2004-09-30,27.1724950482684
2004-10-01,27.1724950482684
2004-10-04,27.1724950482684
2004-10-05,27.1724950482684
2004-10-06,27.1724950482684
2004-10-07,27.215222748042
2004-10-08,27.215222748042
2004-10-11,27.215222748042
2004-10-12,27.257974081482228
2004-10-13,27.257974081482228
2004-10-14,27.300678147589217
2004-10-15,27.300678147589217
2004-10-18,27.257974081482228
2004-10-19,27.257974081482228
2004-10-20,27.257974081482228
2004-10-21,27.257974081482228
2004-10-22,27.300678147589217
2004-10-25,27.300678147589217
2004-10-26,27.343405847362824
2004-10-27,27.343405847362824
2004-10-28,27.386133547136428
2004-10-29,27.63972869836708
2004-11-01,27.63972869836708
2004-11-02,27.63972869836708
2004-11-03,27.682732124251235
2004-11-04,27.72570994699655
2004-11-05,27.76871140340848
2004-11-08,27.725709946996545
2004-11-09,27.725709946996545
2004-11-10,27.68273212425123
2004-11-11,27.68273212425123
2004-11-12,27.68273212425123
2004-11-15,27.68273212425123
2004-11-16,27.639728698367072
2004-11-17,27.68273212425123
2004-11-18,27.68273212425123
2004-11-19,27.68273212425123
2004-11-22,27.68273212425123
2004-11-23,27.68273212425123
2004-11-24,27.68273212425123
2004-11-26,27.639728698367072
2004-11-29,27.639728698367072
2004-11-30,27.713253035216496
2004-12-01,27.713253035216496
2004-12-02,27.713253035216496
2004-12-03,27.756488858822397
2004-12-06,27.756488858822397
2004-12-07,27.756488858822397
2004-12-08,27.799691201400584
2004-12-09,27.799691201400584
2004-12-10,27.84295459761754
2004-12-13,27.84295459761754
2004-12-14,27.84295459761754
2004-12-15,27.886172695973475
2004-12-16,27.842954597617545
2004-12-17,27.842954597617545
2004-12-20,27.842954597617545
2004-12-21,27.842954597617545
2004-12-22,27.842954597617545
2004-12-23,27.842954597617545
2004-12-27,27.799691201400588
2004-12-28,27.799691201400588
2004-12-29,27.799691201400588
2004-12-30,27.842954597617545
2004-12-31,28.01259902607567
2005-01-03,28.01259902607567
2005-01-04,28.01259902607567
2005-01-05,27.969095354248097
2005-01-06,27.969095354248097
2005-01-07,27.969095354248097
2005-01-10,27.925603499253832
2005-01-11,27.882107705315125
2005-01-12,27.882107705315125
2005-01-13,27.838619789265294
2005-01-14,27.838619789265294
2005-01-18,27.795096422715545
2005-01-19,27.795096422715545
2005-01-20,27.795096422715545
2005-01-21,27.75160850666572
2005-01-24,27.75160850666572
2005-01-25,27.75160850666572
2005-01-26,27.75160850666572
2005-01-27,27.75160850666572
2005-01-28,27.795096422715545
2005-01-31,27.96576300725491
2005-02-01,27.96576300725491
2005-02-02,28.00957588622074
2005-02-03,28.053309986297844
2005-02-04,28.097081506347084
2005-02-07,28.097081506347084
2005-02-08,28.140853026396343
2005-02-09,28.140853026396343
2005-02-10,28.140853026396343
2005-02-11,28.140853026396343
2005-02-14,28.184612729612276
2005-02-15,28.184612729612276
2005-02-16,28.184612729612276
2005-02-17,28.184612729612276
2005-02-18,28.184612729612276
2005-02-22,28.140853026396343
2005-02-23,28.140853026396343
2005-02-24,28.140853026396343
2005-02-25,28.184612729612276
2005-02-28,28.29020007417381
2005-03-01,28.246207973236125
2005-03-02,28.246207973236125
2005-03-03,28.246207973236125
2005-03-04,28.246207973236125
2005-03-07,28.246207973236125
2005-03-08,28.246207973236125
2005-03-09,28.202194208104043
2005-03-10,28.202194208104043
2005-03-11,28.158208015583007
2005-03-14,28.11421197570089
2005-03-15,28.07019427162437
2005-03-16,27.98221400869344
2005-03-17,27.938223877227976
2005-03-18,27.89423374576252
2005-03-21,27.80622394074831
2005-03-22,27.67424566846304
2005-03-23,27.586243741337707
2005-03-24,27.54224770145559
2005-03-28,27.54224770145559
2005-03-29,27.45424971327469
2005-03-30,27.366267480871542
2005-03-31,27.534468286193743
2005-04-01,27.534468286193743
2005-04-04,27.534468286193743
2005-04-05,27.534468286193743
2005-04-06,27.57873414376976
2005-04-07,27.62300787923464
2005-04-08,27.667261919977346
2005-04-11,27.62300787923464
2005-04-12,27.57873414376976
2005-04-13,27.57873414376976
2005-04-14,27.490200459145516
2005-04-15,27.357391069584168
2005-04-18,27.357391069584168
2005-04-19,27.357391069584168
2005-04-20,27.40165495768796
2005-04-21,27.445946418402812
2005-04-22,27.445946418402812
2005-04-25,27.445946418402812
2005-04-26,27.401654957687967
2005-04-27,27.357391069584175
2005-04-28,27.313152784619216
2005-04-29,27.38438662527889
2005-05-02,27.38438662527889
2005-05-03,27.38438662527889
2005-05-04,27.428910483715484
2005-05-05,27.473436311624297
2005-05-06,27.42891048371548
2005-05-09,27.42891048371548
2005-05-10,27.38438662527889
2005-05-11,27.339872614203387
2005-05-12,27.29533496946127
2005-05-13,27.250797324719144
2005-05-16,27.16174566890152
2005-05-17,27.07269204361167
2005-05-18,27.07269204361167
2005-05-19,27.206247863143712
2005-05-20,27.250797324719144
2005-05-23,27.33987261420339
2005-05-24,27.384386625278896
2005-05-25,27.517948353227588
2005-05-26,27.607025612184056
2005-05-27,27.651537653787337
2005-05-31,27.90688366581995
2005-06-01,27.9964572317754
2005-06-02,28.086044584036376
2005-06-03,28.175626027880696
2005-06-06,28.1308421991113
2005-06-07,28.1308421991113
2005-06-08,28.1308421991113
2005-06-09,28.04127060262807
2005-06-10,27.996457231775405
2005-06-13,27.996457231775405
2005-06-14,27.996457231775405
2005-06-15,27.996457231775405
2005-06-16,27.996457231775405
2005-06-17,27.996457231775405
2005-06-20,27.996457231775405
2005-06-21,27.996457231775405
2005-06-22,28.04127060262808
2005-06-23,28.04127060262808
2005-06-24,28.04127060262808
2005-06-27,28.04127060262808
2005-06-28,28.04127060262808
2005-06-29,28.08604458403638
2005-06-30,28.24822668225979
2005-07-01,28.24822668225979
2005-07-05,28.20319273051869
2005-07-06,28.20319273051869
2005-07-07,28.24822668225979
2005-07-08,28.24822668225979
2005-07-11,28.293296084500824
2005-07-12,28.33835563938077
2005-07-13,28.33835563938077
2005-07-14,28.383409285844056
2005-07-15,28.383409285844056
2005-07-18,28.383409285844056
2005-07-19,28.383409285844056
2005-07-20,28.338355639380772
2005-07-21,28.338355639380772
2005-07-22,28.338355639380772
2005-07-25,28.338355639380772
2005-07-26,28.338355639380772
2005-07-27,28.338355639380772
2005-07-28,28.383409285844063
2005-07-29,28.505754869510177
2005-08-01,28.505754869510177
2005-08-02,28.505754869510177
2005-08-03,28.505754869510177
2005-08-04,28.46045110007518
2005-08-05,28.415125666445785
2005-08-08,28.369817958066346
2005-08-09,28.324490554964733
2005-08-10,28.324490554964733
2005-08-11,28.324490554964733
2005-08-12,28.36981795806635
2005-08-15,28.36981795806635
2005-08-16,28.36981795806635
2005-08-17,28.36981795806635
2005-08-18,28.36981795806635
2005-08-19,28.36981795806635
2005-08-22,28.415125666445785
2005-08-23,28.415125666445785
2005-08-24,28.415125666445785
2005-08-25,28.46045110007518
2005-08-26,28.415125666445785
2005-08-29,28.415125666445785
2005-08-30,28.46045110007518
2005-08-31,28.578946365554728
2005-09-01,28.578946365554728
2005-09-02,28.578946365554728
2005-09-06,28.578946365554728
2005-09-07,28.578946365554728
2005-09-08,28.578946365554728
2005-09-09,28.578946365554728
2005-09-12,28.578946365554728
2005-09-13,28.578946365554728
2005-09-14,28.578946365554728
2005-09-15,28.533358992120313
2005-09-16,28.487773588158117
2005-09-19,28.44221378733475
2005-09-20,28.39661065812259
2005-09-21,28.351066613076977
2005-09-22,28.351066613076977
2005-09-23,28.305473331225908
2005-09-26,28.351066613076977
2005-09-27,28.305473331225908
2005-09-28,28.305473331225908
2005-09-29,28.305473331225908
2005-09-30,28.420092675380054
2005-10-03,28.420092675380054
2005-10-04,28.420092675380054
2005-10-05,28.420092675380054
2005-10-06,28.37422169794622
2005-10-07,28.328394048901192
2005-10-10,28.328394048901192
2005-10-11,28.23670920872784
2005-10-12,28.14504209380446
2005-10-13,28.05335725363112
2005-10-14,28.099214444759426
2005-10-17,28.14504209380446
2005-10-18,28.190891407043893
2005-10-19,28.190891407043893
2005-10-20,28.190891407043893
2005-10-21,28.23670920872784
2005-10-24,28.23670920872784
2005-10-25,28.23670920872784
2005-10-26,28.145042093804456
2005-10-27,28.145042093804456
2005-10-28,28.09921444475942
2005-10-31,28.269847548271077
2005-11-01,28.269847548271077
2005-11-02,28.269847548271077
2005-11-03,28.269847548271077
2005-11-04,28.315935167648913
2005-11-07,28.269847548271077
2005-11-08,28.315935167648913
2005-11-09,28.269847548271077
2005-11-10,28.223702814198912
2005-11-11,28.269847548271077
2005-11-14,28.223702814198912
2005-11-15,28.177601408515553
2005-11-16,28.177601408515553
2005-11-17,28.177601408515553
2005-11-18,28.223702814198912
2005-11-21,28.223702814198912
2005-11-22,28.269847548271077
2005-11-23,28.269847548271077
2005-11-25,28.269847548271077
2005-11-28,28.315935167648913
2005-11-29,28.36207596277664
2005-11-30,28.52906948162909
2005-12-01,28.52906948162909
2005-12-02,28.52906948162909
2005-12-05,28.482666746696346
2005-12-06,28.482666746696346
2005-12-07,28.482666746696346
2005-12-08,28.482666746696346
2005-12-09,28.52906948162909
2005-12-12,28.52906948162909
2005-12-13,28.52906948162909
2005-12-14,28.575462369200743
2005-12-15,28.575462369200743
2005-12-16,28.575462369200743
2005-12-19,28.575462369200743
2005-12-20,28.575462369200743
2005-12-21,28.575462369200743
2005-12-22,28.575462369200743
2005-12-23,28.575462369200743
2005-12-27,28.62184540941131
2005-12-28,28.62184540941131
2005-12-29,28.62184540941131
2005-12-30,28.79452873350211
2006-01-03,28.79452873350211
2006-01-04,28.841185530351
2006-01-05,28.88784232719989
2006-01-06,28.88784232719989
2006-01-09,28.934497154576565
2006-01-10,28.934497154576565
2006-01-11,28.88784232719989
2006-01-12,28.88784232719989
2006-01-13,28.88784232719989
2006-01-17,28.88784232719989
2006-01-18,28.841185530351
2006-01-19,28.841185530351
2006-01-20,28.841185530351
2006-01-23,28.841185530351
2006-01-24,28.88784232719989
2006-01-25,28.88784232719989
2006-01-26,28.88784232719989
2006-01-27,28.88784232719989
2006-01-30,28.88784232719989
2006-01-31,29.06155962420524
2006-02-01,29.06155962420524
2006-02-02,29.06155962420524
2006-02-03,29.06155962420524
2006-02-06,29.06155962420524
2006-02-07,29.014611345468055
2006-02-08,29.014611345468055
2006-02-09,29.014611345468055
2006-02-10,29.014611345468055
2006-02-13,29.014611345468055
2006-02-14,29.014611345468055
2006-02-15,29.014611345468055
2006-02-16,29.014611345468055
2006-02-17,29.06155962420524
2006-02-21,29.06155962420524
2006-02-22,29.10849805558133
2006-02-23,29.10849805558133
2006-02-24,29.10849805558133
2006-02-27,29.10849805558133
2006-02-28,29.26425179648457
2006-03-01,29.26425179648457
2006-03-02,29.217073089497855
2006-03-03,29.217073089497855
2006-03-06,29.16986680990009
2006-03-07,29.12266446924676
2006-03-08,29.07547788437118
2006-03-09,29.07547788437118
2006-03-10,29.02828736055115
2006-03-13,29.02828736055115
2006-03-14,29.07547788437117
2006-03-15,29.07547788437117
2006-03-16,29.12266446924675
2006-03-17,29.12266446924675
2006-03-20,29.16986680990009
2006-03-21,29.16986680990009
2006-03-22,29.16986680990009
2006-03-23,29.16986680990009
2006-03-24,29.16986680990009
2006-03-27,29.16986680990009
2006-03-28,29.16986680990009
2006-03-29,29.12266446924676
2006-03-30,29.12266446924676
2006-03-31,29.25088104959529
2006-04-03,29.25088104959529
2006-04-04,29.25088104959529
2006-04-05,29.25088104959529
2006-04-06,29.25088104959529
2006-04-07,29.20339707441476
2006-04-10,29.20339707441476
2006-04-11,29.20339707441476
2006-04-12,29.15592294659531
2006-04-13,29.15592294659531
2006-04-17,29.15592294659531
2006-04-18,29.15592294659531
2006-04-19,29.15592294659531
2006-04-20,29.15592294659531
2006-04-21,29.15592294659531
2006-04-24,29.15592294659531
2006-04-25,29.15592294659531
2006-04-26,29.15592294659531
2006-04-27,29.15592294659531
2006-04-28,29.32787362702094
2006-05-01,29.32787362702094
2006-05-02,29.32787362702094
2006-05-03,29.32787362702094
2006-05-04,29.32787362702094
2006-05-05,29.32787362702094
2006-05-08,29.32787362702094
2006-05-09,29.32787362702094
2006-05-10,29.32787362702094
2006-05-11,29.32787362702094
2006-05-12,29.280109986785423
2006-05-15,29.280109986785423
2006-05-16,29.23233256024438
2006-05-17,29.184568920008864
2006-05-18,29.13681118819
2006-05-19,29.184568920008857
2006-05-22,29.13681118819
2006-05-23,29.13681118819
2006-05-24,29.08904557848226
2006-05-25,29.04127012141344
2006-05-26,29.08904557848226
2006-05-30,29.08904557848226
2006-05-31,29.218792438744327
2006-06-01,29.218792438744327
2006-06-02,29.266857408229225
2006-06-05,29.266857408229225
2006-06-06,29.218792438744327
2006-06-07,29.218792438744327
2006-06-08,29.218792438744327
2006-06-09,29.170739286092736
2006-06-12,29.170739286092736
2006-06-13,29.12269007238558
2006-06-14,29.026552255526916
2006-06-15,28.9785069807642
2006-06-16,28.9785069807642
2006-06-19,28.9785069807642
2006-06-20,28.930453828112615
2006-06-21,28.882398705988805
2006-06-22,28.834355400698303
2006-06-23,28.834355400698303
2006-06-26,28.786284522796752
2006-06-27,28.786284522796752
2006-06-28,28.786284522796752
2006-06-29,28.834355400698303
2006-06-30,29.105102685477153
2006-07-03,29.105102685477153
2006-07-05,29.105102685477153
2006-07-06,29.105102685477153
2006-07-07,29.15342565582263
2006-07-10,29.15342565582263
2006-07-11,29.15342565582263
2006-07-12,29.15342565582263
2006-07-13,29.15342565582263
2006-07-14,29.105102685477153
2006-07-17,29.105102685477153
2006-07-18,29.105102685477153
2006-07-19,29.105102685477153
2006-07-20,29.105102685477153
2006-07-21,29.105102685477153
2006-07-24,29.105102685477153
2006-07-25,29.105102685477153
2006-07-26,29.105102685477153
2006-07-27,29.105102685477153
2006-07-28,29.15342565582263
2006-07-31,29.33341375237069
2006-08-01,29.382073502465484
2006-08-02,29.382073502465484
2006-08-03,29.382073502465484
2006-08-04,29.43071946625475
2006-08-07,29.43071946625475
2006-08-08,29.43071946625475
2006-08-09,29.43071946625475
2006-08-10,29.43071946625475
2006-08-11,29.43071946625475
2006-08-14,29.43071946625475
2006-08-15,29.43071946625475
2006-08-16,29.43071946625475
2006-08-17,29.47937330793289
2006-08-18,29.527997607527748
2006-08-21,29.527997607527748
2006-08-22,29.527997607527748
2006-08-23,29.527997607527748
2006-08-24,29.527997607527748
2006-08-25,29.527997607527748
2006-08-28,29.527997607527748
2006-08-29,29.527997607527748
2006-08-30,29.527997607527748
2006-08-31,29.75803787102886
2006-09-01,29.75803787102886
2006-09-05,29.75803787102886
2006-09-06,29.80696940828976
2006-09-07,29.80696940828976
2006-09-08,29.80696940828976
2006-09-11,29.80696940828976
2006-09-12,29.80696940828976
2006-09-13,29.855924579217273
2006-09-14,29.855924579217273
2006-09-15,29.855924579217273
2006-09-18,29.855924579217273
2006-09-19,29.855924579217273
2006-09-20,29.855924579217273
2006-09-21,29.90489353645032
2006-09-22,29.90489353645032
2006-09-25,29.90489353645032
2006-09-26,29.90489353645032
2006-09-27,29.953821134766784
2006-09-28,29.953821134766784
2006-09-29,30.131073634403776
2006-10-02,30.131073634403776
2006-10-03,30.131073634403776
2006-10-04,30.18029074513632
2006-10-05,30.18029074513632
2006-10-06,30.18029074513632
2006-10-09,30.18029074513632
2006-10-10,30.131073634403776
2006-10-11,30.131073634403776
2006-10-12,30.131073634403776
2006-10-13,30.18029074513632
2006-10-16,30.18029074513632
2006-10-17,30.18029074513632
2006-10-18,30.18029074513632
2006-10-19,30.18029074513632
2006-10-20,30.18029074513632
2006-10-23,30.18029074513632
2006-10-24,30.131073634403776
2006-10-25,30.18029074513632
2006-10-26,30.18029074513632
2006-10-27,30.22952164217438
2006-10-30,30.22952164217438
2006-10-31,30.41280466574347
2006-11-01,30.51183760676288
2006-11-02,30.51183760676288
2006-11-03,30.51183760676288
2006-11-06,30.51183760676288
2006-11-07,30.561387558300293
2006-11-08,30.561387558300293
2006-11-09,30.610939479309923
2006-11-10,30.66046185823628
2006-11-13,30.66046185823628
2006-11-14,30.66046185823628
2006-11-15,30.66046185823628
2006-11-16,30.70998226769042
2006-11-17,30.70998226769042
2006-11-20,30.70998226769042
2006-11-21,30.66046185823628
2006-11-22,30.66046185823628
2006-11-24,30.66046185823628
2006-11-27,30.610939479309923
2006-11-28,30.610939479309923
2006-11-29,30.66046185823628
2006-11-30,30.88963161501695
2006-12-01,30.939473048442657
2006-12-04,30.939473048442657
2006-12-05,30.98928887872953
2006-12-06,30.98928887872953
2006-12-07,31.039120464794134
2006-12-08,30.98928887872953
2006-12-11,30.98928887872953
2006-12-12,31.039120464794134
2006-12-13,30.98928887872953
2006-12-14,30.939473048442657
2006-12-15,30.939473048442657
2006-12-18,30.939473048442657
2006-12-19,30.939473048442657
2006-12-20,30.98928887872953
2006-12-21,30.98928887872953
2006-12-22,30.98928887872953
2006-12-26,30.98928887872953
2006-12-27,30.98928887872953
2006-12-28,30.98928887872953
2006-12-29,31.179772292728305
2007-01-03,31.229905208042307
2007-01-04,31.229905208042307
2007-01-05,31.17977229272831
2007-01-08,31.17977229272831
2007-01-09,31.17977229272831
2007-01-10,31.17977229272831
2007-01-11,31.17977229272831
2007-01-12,31.17977229272831
2007-01-16,31.17977229272831
2007-01-17,31.22990520804231
2007-01-18,31.22990520804231
2007-01-19,31.22990520804231
2007-01-22,31.280010550745256
2007-01-23,31.280010550745256
2007-01-24,31.33014740500369
2007-01-25,31.33014740500369
2007-01-26,31.280010550745256
2007-01-29,31.280010550745256
2007-01-30,31.22990520804232
2007-01-31,31.37111242714201
2007-02-01,31.421556519066485
2007-02-02,31.421556519066485
2007-02-05,31.47197106890768
2007-02-06,31.47197106890768
2007-02-07,31.572882886423237
2007-02-08,31.572882886423237
2007-02-09,31.572882886423237
2007-02-12,31.572882886423237
2007-02-13,31.572882886423237
2007-02-14,31.623271833125596
2007-02-15,31.673749406077786
2007-02-16,31.673749406077786
2007-02-20,31.72417577275228
2007-02-21,31.72417577275228
2007-02-22,31.77461789520454
2007-02-23,31.77461789520454
2007-02-26,31.77461789520454
2007-02-27,31.72417577275228
2007-02-28,31.84587143058638
2007-03-01,31.79516736832911
2007-03-02,31.744449519766317
2007-03-05,31.643017761585156
2007-03-06,31.643017761585156
2007-03-07,31.744449519766317
2007-03-08,31.79516736832911
2007-03-09,31.79516736832911
2007-03-12,31.79516736832911
2007-03-13,31.79516736832911
2007-03-14,31.693721823842424
2007-03-15,31.744449519766317
2007-03-16,31.744449519766317
2007-03-19,31.744449519766317
2007-03-20,31.693721823842424
2007-03-21,31.744449519766317
2007-03-22,31.744449519766317
2007-03-23,31.79516736832911
2007-03-26,31.744449519766317
2007-03-27,31.744449519766317
2007-03-28,31.693721823842424
2007-03-29,31.693721823842424
2007-03-30,31.887628180556423
2007-04-02,31.887628180556423
2007-04-03,31.887628180556423
2007-04-04,31.836589308022063
2007-04-05,31.88762818055642
2007-04-09,31.88762818055642
2007-04-10,31.88762818055642
2007-04-11,31.88762818055642
2007-04-12,31.88762818055642
2007-04-13,31.88762818055642
2007-04-16,31.938623724701984
2007-04-17,31.938623724701984
2007-04-18,31.989656688819696
2007-04-19,31.989656688819696
2007-04-20,32.04070146977071
2007-04-23,32.091720647582896
2007-04-24,32.091720647582896
2007-04-25,32.091720647582896
2007-04-26,32.091720647582896
2007-04-27,32.091720647582896
2007-04-30,32.28160337255513
2007-05-01,32.28160337255513
2007-05-02,32.28160337255513
2007-05-03,32.28160337255513
2007-05-04,32.28160337255513
2007-05-07,32.332929788033354
2007-05-08,32.332929788033354
2007-05-09,32.332929788033354
2007-05-10,32.332929788033354
2007-05-11,32.332929788033354
2007-05-14,32.332929788033354
2007-05-15,32.332929788033354
2007-05-16,32.332929788033354
2007-05-17,32.332929788033354
2007-05-18,32.332929788033354
2007-05-21,32.332929788033354
2007-05-22,32.38424044773382
2007-05-23,32.33292978803335
2007-05-24,32.33292978803335
2007-05-25,32.33292978803335
2007-05-29,32.33292978803335
2007-05-30,32.28160337255513
2007-05-31,32.477808103347755
2007-06-01,32.477808103347755
2007-06-04,32.426174450203504
2007-06-05,32.426174450203504
2007-06-06,32.37449746867045
2007-06-07,32.219653623932004
2007-06-08,32.11637450081019
2007-06-11,32.0647487255548
2007-06-12,31.961473541377412
2007-06-13,31.961473541377412
2007-06-14,31.961473541377412
2007-06-15,31.961473541377412
2007-06-18,31.961473541377412
2007-06-19,31.961473541377412
2007-06-20,31.909853674538688
2007-06-21,31.858190479311155
2007-06-22,31.806543039861378
2007-06-25,31.75494680668927
2007-06-26,31.65165389726192
2007-06-27,31.548412194112235
2007-06-28,31.548412194112235
2007-06-29,31.74061692682972
2007-07-02,31.74061692682972
2007-07-03,31.74061692682972
2007-07-05,31.688642554991716
2007-07-06,31.636695755764773
2007-07-09,31.636695755764773
2007-07-10,31.58475683442669
2007-07-11,31.480851419139483
2007-07-12,31.480851419139483
2007-07-13,31.532813974144176
2007-07-16,31.584756834426685
2007-07-17,31.532813974144176
2007-07-18,31.480851419139483
2007-07-19,31.376961759630028
2007-07-20,31.273054374870604
2007-07-23,31.11719822141201
2007-07-24,30.90941102450422
2007-07-25,30.80551939552254
2007-07-26,30.49383860016085
2007-07-27,30.234075061942836
2007-07-30,30.337986385646698
2007-07-31,30.693543083085196
2007-08-01,30.641267381997807
2007-08-02,30.745822723117016
2007-08-03,30.798127966287677
2007-08-06,30.745822723117016
2007-08-07,30.798127966287677
2007-08-08,31.0595813116689
2007-08-09,31.0595813116689
2007-08-10,31.00729773269264
2007-08-13,31.0595813116689
2007-08-14,31.0595813116689
2007-08-15,30.955012184244165
2007-08-16,30.745822723117023
2007-08-17,30.85043123998613
2007-08-20,30.85043123998613
2007-08-21,30.90270694107351
2007-08-22,31.00729773269265
2007-08-23,31.05958131166891
2007-08-24,31.11184125697855
2007-08-27,31.11184125697855
2007-08-28,31.11184125697855
2007-08-29,31.05958131166891
2007-08-30,31.05958131166891
2007-08-31,31.25955364281493
2007-09-04,31.312183848901594
2007-09-05,31.312183848901594
2007-09-06,31.36479042132164
2007-09-07,31.36479042132164
2007-09-10,31.36479042132164
2007-09-11,31.36479042132164
2007-09-12,31.36479042132164
2007-09-13,31.417430474769382
2007-09-14,31.417430474769382
2007-09-17,31.470056741911613
2007-09-18,31.575297459362744
2007-09-19,31.73319201656716
2007-09-20,31.68055393259163
2007-09-21,31.78580449740386
2007-09-24,31.891066879049394
2007-09-25,31.83841500876833
2007-09-26,31.891066879049394
2007-09-27,31.943689207247186
2007-09-28,32.13428685063462
2007-10-01,32.13428685063462
2007-10-02,32.13428685063462
2007-10-03,32.13428685063462
2007-10-04,32.18718293547074
2007-10-05,32.24015189077893
2007-10-08,32.24015189077893
2007-10-09,32.24015189077893
2007-10-10,32.2930755482261
2007-10-11,32.34600511408993
2007-10-12,32.34600511408993
2007-10-15,32.34600511408993
2007-10-16,32.34600511408993
2007-10-17,32.24015189077894
2007-10-18,32.187182935470744
2007-10-19,32.081345467937496
2007-10-22,32.02838439051818
2007-10-23,32.081345467937496
2007-10-24,32.081345467937496
2007-10-25,32.081345467937496
2007-10-26,32.081345467937496
2007-10-29,32.13428685063462
2007-10-30,32.08134546793749
2007-10-31,32.28380327302286
2007-11-01,32.23049359902093
2007-11-02,32.23049359902093
2007-11-05,32.1239648467391
2007-11-06,32.1239648467391
2007-11-07,32.07066698957047
2007-11-08,31.96413232887198
2007-11-09,31.910836441175576
2007-11-12,31.910836441175576
2007-11-13,31.857568126090225
2007-11-14,31.80430178047709
2007-11-15,31.69774742505642
2007-11-16,31.5912088254135
2007-11-19,31.431396002268563
2007-11-20,31.324847555264544
2007-11-21,31.165013067925216
2007-11-23,31.165013067925216
2007-11-26,31.21829319984388
2007-11-27,31.16501306792522
2007-11-28,31.218293199843885
2007-11-29,31.32484755526455
2007-11-30,31.68405762366779
2007-12-03,31.68405762366779
2007-12-04,31.630444650944256
2007-12-05,31.68405762366779
2007-12-06,31.68405762366779
2007-12-07,31.68405762366779
2007-12-10,31.737629237474756
2007-12-11,31.791254027031595
2007-12-12,31.737629237474756
2007-12-13,31.68405762366779
2007-12-14,31.68405762366779
2007-12-17,31.630444650944263
2007-12-18,31.630444650944263
2007-12-19,31.57679228877636
2007-12-20,31.57679228877636
2007-12-21,31.57679228877636
2007-12-24,31.57679228877636
2007-12-26,31.57679228877636
2007-12-27,31.57679228877636
2007-12-28,31.57679228877636
2007-12-31,31.83581924438477
2008-01-02,31.83581924438477
2008-01-03,31.775012969970703
2008-01-04,31.739839553833008
2008-01-07,31.55105209350586
2008-01-08,31.36866569519043
2008-01-09,31.02631187438965
2008-01-10,31.256681442260746
2008-01-11,31.32387924194336
2008-01-14,31.21509552001953
2008-01-15,31.295087814331055
2008-01-16,31.259878158569336
2008-01-17,31.03911018371582
2008-01-18,31.28229522705078
2008-01-22,31.064708709716797
2008-01-23,31.12552070617676
2008-01-24,31.515846252441406
2008-01-25,31.563844680786133
2008-01-28,31.419893264770508
2008-01-29,31.451875686645508
2008-01-30,31.57343292236328
2008-01-31,31.637453079223633
2008-02-01,31.65483856201172
2008-02-04,31.661291122436523
2008-02-05,31.406803131103516
2008-02-06,31.342376708984375
2008-02-07,31.210298538208008
2008-02-08,30.975160598754883
2008-02-11,30.730358123779297
2008-02-12,30.84630584716797
2008-02-13,30.765785217285156
2008-02-14,30.917205810546875
2008-02-15,30.839872360229492
2008-02-19,30.682039260864254
2008-02-20,30.762575149536133
2008-02-21,30.86886215209961
2008-02-22,30.923614501953125
2008-02-25,31.017045974731445
2008-02-26,31.216753005981445
2008-02-27,31.210298538208008
2008-02-28,31.16521644592285
2008-02-29,31.046022415161133
2008-03-03,31.05447578430176
2008-03-04,31.018789291381836
2008-03-05,31.106311798095703
2008-03-06,31.025266647338867
2008-03-07,30.9604434967041
2008-03-10,30.889101028442383
2008-03-11,30.96691513061523
2008-03-12,30.9604434967041
2008-03-13,30.74325180053711
2008-03-14,30.558462142944336
2008-03-17,30.415802001953125
2008-03-18,30.863203048706055
2008-03-19,30.8956298828125
2008-03-20,31.041494369506836
2008-03-24,31.278179168701172
2008-03-25,31.359188079833984
2008-03-26,31.284645080566406
2008-03-27,31.18414306640625
2008-03-28,31.20032119750977
2008-03-31,31.339744567871097
2008-04-01,31.477474212646484
2008-04-02,31.493783950805664
2008-04-03,31.43832015991211
2008-04-04,31.559078216552734
2008-04-07,31.810359954833984
2008-04-08,31.91805076599121
2008-04-09,31.640628814697266
2008-04-10,31.7548828125
2008-04-11,31.500288009643555
2008-04-14,31.61127471923828
2008-04-15,31.608013153076172
2008-04-16,31.74508285522461
2008-04-17,31.777732849121097
2008-04-18,31.993148803710938
2008-04-21,31.94091033935547
2008-04-22,31.983341217041016
2008-04-23,32.11386489868164
2008-04-24,32.12367248535156
2008-04-25,32.277061462402344
2008-04-28,32.46632766723633
2008-04-29,32.3717041015625
2008-04-30,32.40434646606445
2008-05-01,33.092987060546875
2008-05-02,32.758174896240234
2008-05-05,32.70564651489258
2008-05-06,32.472618103027344
2008-05-07,32.495567321777344
2008-05-08,32.42664337158203
2008-05-09,32.495567321777344
2008-05-12,32.45289993286133
2008-05-13,32.443077087402344
2008-05-14,32.39712142944336
2008-05-15,32.482486724853516
2008-05-16,32.528411865234375
2008-05-19,32.656402587890625
2008-05-20,32.59405517578125
2008-05-21,32.53496551513672
2008-05-22,32.485748291015625
2008-05-23,32.29207229614258
2008-05-27,32.11155700683594
2008-05-28,32.26910400390625
2008-05-29,32.23627853393555
2008-05-30,32.23957061767578
2008-06-02,31.973291397094727
2008-06-03,31.996387481689453
2008-06-04,31.963369369506836
2008-06-05,32.102149963378906
2008-06-06,32.01291275024414
2008-06-09,32.11534881591797
2008-06-10,32.12855529785156
2008-06-11,32.12195587158203
2008-06-12,32.06910705566406
2008-06-13,32.211143493652344
2008-06-16,31.765134811401367
2008-06-17,31.8212947845459
2008-06-18,31.89068031311035
2008-06-19,31.689151763916016
2008-06-20,31.563615798950195
2008-06-23,31.447994232177734
2008-06-24,31.315868377685547
2008-06-25,31.421581268310547
2008-06-26,31.173799514770508
2008-06-27,31.087907791137695
2008-06-30,31.054872512817383
2008-07-01,31.021928787231445
2008-07-02,30.99862289428711
2008-07-03,30.98532485961914
2008-07-07,31.011932373046875
2008-07-08,30.92879295349121
2008-07-09,30.82231330871582
2008-07-10,30.862220764160156
2008-07-11,30.82231330871582
2008-07-14,30.749113082885746
2008-07-15,30.273387908935547
2008-07-16,30.373193740844727
2008-07-17,30.46299934387207
2008-07-18,30.952056884765625
2008-07-21,31.105093002319336
2008-07-22,31.211549758911133
2008-07-23,31.128360748291016
2008-07-24,31.20155906677246
2008-07-25,31.268096923828125
2008-07-28,31.161640167236328
2008-07-29,31.168296813964844
2008-07-30,31.174949645996097
2008-07-31,31.2381534576416
2008-08-01,31.098434448242188
2008-08-04,30.884004592895508
2008-08-05,31.101795196533203
2008-08-06,30.894107818603516
2008-08-07,30.857208251953125
2008-08-08,30.910823822021484
2008-08-11,30.823705673217773
2008-08-12,30.944320678710938
2008-08-13,30.991226196289062
2008-08-14,30.991226196289062
2008-08-15,31.061588287353516
2008-08-18,30.991226196289062
2008-08-19,31.05155563354492
2008-08-20,31.04485321044922
2008-08-21,31.00128936767578
2008-08-22,30.823705673217773
2008-08-25,30.991226196289062
2008-08-26,30.823705673217773
2008-08-27,30.857208251953125
2008-08-28,30.90074348449707
2008-08-29,30.957733154296875
2008-09-02,30.964487075805664
2008-09-03,31.065643310546875
2008-09-04,31.20059585571289
2008-09-05,31.173599243164062
2008-09-08,31.136472702026367
2008-09-09,31.203962326049805
2008-09-10,31.031923294067383
2008-09-11,31.031923294067383
2008-09-12,31.031923294067383
2008-09-15,29.891845703125
2008-09-16,29.203758239746097
2008-09-17,27.44976806640625
2008-09-18,29.615264892578125
2008-09-19,29.993040084838867
2008-09-22,29.966039657592773
2008-09-23,29.6726016998291
2008-09-24,29.93907356262207
2008-09-25,29.176774978637695
2008-09-26,29.07557487487793
2008-09-29,26.7211971282959
2008-09-30,27.658906936645508
2008-10-01,28.863075256347656
2008-10-02,28.11132049560547
2008-10-03,28.009273529052734
2008-10-06,26.992191314697266
2008-10-07,26.536354064941406
2008-10-08,25.427417755126953
2008-10-09,24.835529327392575
2008-10-10,23.17891311645508
2008-10-13,26.022701263427734
2008-10-14,26.192768096923828
2008-10-15,25.04982566833496
2008-10-16,24.100759506225582
2008-10-17,23.811609268188477
2008-10-20,24.287858963012695
2008-10-21,24.14836883544922
2008-10-22,23.947708129882812
2008-10-23,24.352481842041016
2008-10-24,23.74358367919922
2008-10-27,22.53599548339844
2008-10-28,22.791128158569336
2008-10-29,23.828622817993164
2008-10-30,24.481754302978516
2008-10-31,24.491947174072266
2008-11-03,24.69114875793457
2008-11-04,24.96934700012207
2008-11-05,24.76328468322754
2008-11-06,24.76328468322754
2008-11-07,25.02087020874023
2008-11-10,25.024320602416992
2008-11-11,24.979671478271484
2008-11-12,24.625904083251953
2008-11-13,24.495376586914062
2008-11-14,24.19658470153809
2008-11-17,23.822208404541016
2008-11-18,23.32076072692871
2008-11-19,22.523942947387695
2008-11-20,21.775196075439453
2008-11-21,21.9915714263916
2008-11-24,22.0911865234375
2008-11-25,22.32129669189453
2008-11-26,22.83991050720215
2008-11-28,22.75405502319336
2008-12-01,22.284767150878903
2008-12-02,22.524267196655273
2008-12-03,22.527740478515625
2008-12-04,22.395851135253903
2008-12-05,22.40625762939453
2008-12-08,22.666580200195312
2008-12-09,22.496492385864254
2008-12-10,22.479143142700195
2008-12-11,22.30558204650879
2008-12-12,22.61452293395996
2008-12-15,22.496492385864254
2008-12-16,22.91303443908691
2008-12-17,23.499662399291992
2008-12-18,24.863815307617188
2008-12-19,24.697206497192383
2008-12-22,25.686477661132812
2008-12-23,26.061376571655273
2008-12-24,25.651771545410156
2008-12-26,26.14118766784668
2008-12-29,26.317380905151367
2008-12-30,26.39778709411621
2008-12-31,26.56905174255371
2009-01-02,26.485145568847656
2009-01-05,27.764493942260746
2009-01-06,27.998676300048828
2009-01-07,27.491859436035156
2009-01-08,27.093364715576172
2009-01-09,27.491859436035156
2009-01-12,26.89411163330078
2009-01-13,26.796255111694336
2009-01-14,26.453697204589844
2009-01-15,26.34883499145508
2009-01-16,26.562057495117188
2009-01-20,26.107656478881836
2009-01-21,26.111129760742188
2009-01-22,26.041236877441406
2009-01-23,25.62527847290039
2009-01-26,25.69168281555176
2009-01-27,25.92936897277832
2009-01-28,26.848678588867188
2009-01-29,26.18104362487793
2009-01-30,26.299875259399418
2009-02-02,25.739551544189453
2009-02-03,25.785459518432617
2009-02-04,25.764272689819336
2009-02-05,25.55241584777832
2009-02-06,26.06791305541992
2009-02-09,26.269176483154297
2009-02-10,26.096155166625977
2009-02-11,26.036130905151367
2009-02-12,25.954933166503903
2009-02-13,26.057342529296875
2009-02-17,25.39352798461914
2009-02-18,25.241714477539062
2009-02-19,25.36883544921875
2009-02-20,24.998071670532227
2009-02-23,24.369609832763672
2009-02-24,24.71562385559082
2009-02-25,24.595571517944336
2009-02-26,24.108320236206055
2009-02-27,23.744659423828125
2009-03-02,23.25178337097168
2009-03-03,23.344579696655273
2009-03-04,23.341001510620117
2009-03-05,22.234630584716797
2009-03-06,22.12755584716797
2009-03-09,21.99907875061035
2009-03-10,23.08761215209961
2009-03-11,23.455202102661133
2009-03-12,23.844223022460938
2009-03-13,23.89775848388672
2009-03-16,24.03338050842285
2009-03-17,23.89775848388672
2009-03-18,24.447385787963867
2009-03-19,24.233238220214844
2009-03-20,24.186853408813477
2009-03-23,24.68650245666504
2009-03-24,24.732900619506836
2009-03-25,24.864961624145508
2009-03-26,25.25041389465332
2009-03-27,24.993438720703125
2009-03-30,23.82280921936035
2009-03-31,24.19756317138672
2009-04-01,24.235822677612305
2009-04-02,25.11713981628418
2009-04-03,25.471099853515625
2009-04-06,25.388029098510746
2009-04-07,25.09548568725586
2009-04-08,25.39165306091309
2009-04-09,26.114042282104492
2009-04-13,26.095956802368164
2009-04-14,25.96233558654785
2009-04-15,26.18263053894043
2009-04-16,26.598041534423828
2009-04-17,27.179527282714844
2009-04-20,26.186264038085938
2009-04-21,26.482423782348633
2009-04-22,26.60885238647461
2009-04-23,26.57996940612793
2009-04-24,26.991708755493164
2009-04-27,26.77863311767578
2009-04-28,26.8364200592041
2009-04-29,27.33485412597656
2009-04-30,27.54794692993164
2009-05-01,27.504634857177734
2009-05-04,27.439125061035156
2009-05-05,27.67569923400879
2009-05-06,27.90505027770996
2009-05-07,27.446401596069336
2009-05-08,27.937803268432617
2009-05-11,27.792192459106445
2009-05-12,27.90140724182129
2009-05-13,27.53740501403809
2009-05-14,27.246198654174805
2009-05-15,26.86398696899414
2009-05-18,27.435461044311523
2009-05-19,27.617467880249023
2009-05-20,28.025156021118164
2009-05-21,27.664794921875
2009-05-22,28.047027587890625
2009-05-26,27.974212646484375
2009-05-27,28.025156021118164
2009-05-28,28.123437881469727
2009-05-29,28.33459091186523
2009-06-01,29.005048751831055
2009-06-02,28.920562744140625
2009-06-03,28.755226135253903
2009-06-04,28.843416213989254
2009-06-05,28.935239791870117
2009-06-08,28.98669815063477
2009-06-09,29.041793823242188
2009-06-10,29.078542709350582
2009-06-11,29.144662857055664
2009-06-12,29.2952880859375
2009-06-15,28.86176490783691
2009-06-16,28.586240768432617
2009-06-17,28.4208927154541
2009-06-18,28.692773818969727
2009-06-19,28.72218894958496
2009-06-22,28.332752227783203
2009-06-23,28.380510330200195
2009-06-24,28.52379608154297
2009-06-25,28.795637130737305
2009-06-26,28.78827476501465
2009-06-29,29.148317337036133
2009-06-30,29.284265518188477
2009-07-01,29.356586456298828
2009-07-02,28.844924926757812
2009-07-06,28.414854049682617
2009-07-07,28.01812744140625
2009-07-08,28.188655853271484
2009-07-09,28.592811584472656
2009-07-10,28.374067306518555
2009-07-13,28.437076568603516
2009-07-14,28.54832649230957
2009-07-15,29.178606033325195
2009-07-16,29.267578125
2009-07-17,29.293535232543945
2009-07-20,29.701370239257812
2009-07-21,29.845970153808594
2009-07-22,29.883054733276367
2009-07-23,30.18707275390625
2009-07-24,30.365028381347656
2009-07-27,30.420639038085938
2009-07-28,30.45401382446289
2009-07-29,30.557823181152344
2009-07-30,30.809919357299805
2009-07-31,31.310443878173828
2009-08-03,31.369903564453125
2009-08-04,31.30261993408203
2009-08-05,31.201663970947266
2009-08-06,30.95488548278809
2009-08-07,31.1717529296875
2009-08-10,31.31380271911621
2009-08-11,31.239044189453125
2009-08-12,31.1605167388916
2009-08-13,30.764204025268555
2009-08-14,30.610883712768555
2009-08-17,29.863100051879883
2009-08-18,30.379087448120117
2009-08-19,30.502464294433594
2009-08-20,30.40898323059082
2009-08-21,30.82401657104492
2009-08-24,30.663253784179688
2009-08-25,30.659509658813477
2009-08-26,30.77917098999023
2009-08-27,30.622095108032227
2009-08-28,30.775409698486328
2009-08-31,30.77917098999023
2009-09-01,30.48989486694336
2009-09-02,30.327739715576172
2009-09-03,30.523834228515625
2009-09-04,30.757652282714844
2009-09-08,31.195114135742188
2009-09-09,30.90095329284668
2009-09-10,31.379920959472656
2009-09-11,31.67780113220215
2009-09-14,31.715503692626953
2009-09-15,31.94178771972656
2009-09-16,32.35286331176758
2009-09-17,32.40941619873047
2009-09-18,32.318912506103516
2009-09-21,32.337772369384766
2009-09-22,32.300071716308594
2009-09-23,32.398101806640625
2009-09-24,32.45846176147461
2009-09-25,32.35286331176758
2009-09-28,32.60929489135742
2009-09-29,32.57158660888672
2009-09-30,32.564056396484375
2009-10-01,31.70663833618164
2009-10-02,31.718053817749023
2009-10-05,32.1439094543457
2009-10-06,32.03363037109375
2009-10-07,32.269371032714844
2009-10-08,32.47470474243164
2009-10-09,32.60013961791992
2009-10-12,32.592559814453125
2009-10-13,32.58494567871094
2009-10-14,32.7142219543457
2009-10-15,32.70663833618164
2009-10-16,32.702816009521484
2009-10-19,32.71044158935547
2009-10-20,32.771270751953125
2009-10-21,32.82828903198242
2009-10-22,33.07923889160156
2009-10-23,33.02222442626953
2009-10-26,33.04123306274414
2009-10-27,32.782676696777344
2009-10-28,32.24278259277344
2009-10-29,32.695228576660156
2009-10-30,32.38724136352539
2009-11-02,32.641422271728516
2009-11-03,32.714263916015625
2009-11-04,32.76412582397461
2009-11-05,32.790931701660156
2009-11-06,32.82161331176758
2009-11-09,32.95198440551758
2009-11-10,32.94046401977539
2009-11-11,32.959625244140625
2009-11-12,32.99796676635742
2009-11-13,32.93280029296875
2009-11-16,33.08616638183594
2009-11-17,33.0785026550293
2009-11-18,32.994136810302734
2009-11-19,33.06315612792969
2009-11-20,33.05548858642578
2009-11-23,33.02098846435547
2009-11-24,33.040130615234375
2009-11-25,33.05548858642578
2009-11-27,32.82544708251953
2009-11-30,32.93280029296875
2009-12-01,33.09576416015625
2009-12-02,33.130523681640625
2009-12-03,33.17300796508789
2009-12-04,33.30816650390625
2009-12-07,33.35063552856445
2009-12-08,33.389278411865234
2009-12-09,33.389278411865234
2009-12-10,33.55533218383789
2009-12-11,33.57462692260742
2009-12-14,33.84494400024414
2009-12-15,33.810211181640625
2009-12-16,33.88743591308594
2009-12-17,33.86811065673828
2009-12-18,33.84882736206055
2009-12-21,33.94923782348633
2009-12-22,34.022586822509766
2009-12-23,34.103675842285156
2009-12-24,34.23112106323242
2009-12-28,34.13071060180664
2009-12-29,33.94804763793945
2009-12-30,34.09185028076172
2009-12-31,34.14628601074219
2010-01-04,34.2392578125
2010-01-05,34.40168762207031
2010-01-06,34.49063491821289
2010-01-07,34.629852294921875
2010-01-08,34.684017181396484
2010-01-11,34.653072357177734
2010-01-12,34.47517395019531
2010-01-13,34.55250549316406
2010-01-14,34.59116744995117
2010-01-15,34.45195770263672
2010-01-19,34.46745300292969
2010-01-20,34.41714096069336
2010-01-21,33.87956619262695
2010-01-22,33.55854415893555
2010-01-25,33.608848571777344
2010-01-26,33.651397705078125
2010-01-27,33.66297149658203
2010-01-28,33.519893646240234
2010-01-29,33.349693298339844
2010-02-01,33.51066970825195
2010-02-02,33.61202621459961
2010-02-03,33.783485412597656
2010-02-04,33.304107666015625
2010-02-05,33.1092529296875
2010-02-08,32.96501541137695
2010-02-09,33.03130340576172
2010-02-10,32.58698272705078
2010-02-11,32.719505310058594
2010-02-12,32.70000076293945
2010-02-16,33.023494720458984
2010-02-17,33.27684020996094
2010-02-18,33.592525482177734
2010-02-19,33.81856155395508
2010-02-22,33.8614501953125
2010-02-23,33.61591720581055
2010-02-24,33.74454116821289
2010-02-25,33.74842834472656
2010-02-26,33.9744758605957
2010-03-01,34.00040054321289
2010-03-02,34.22031021118164
2010-03-03,34.255611419677734
2010-03-04,34.28312301635742
2010-03-05,34.4872932434082
2010-03-08,34.49515914916992
2010-03-09,34.64436340332031
2010-03-10,34.65614318847656
2010-03-11,34.62470245361328
2010-03-12,34.63258743286133
2010-03-15,34.59332275390625
2010-03-16,34.711116790771484
2010-03-17,34.711116790771484
2010-03-18,34.76217269897461
2010-03-19,34.58937072753906
2010-03-22,34.75431823730469
2010-03-23,34.75038528442383
2010-03-24,34.73075485229492
2010-03-25,34.813201904296875
2010-03-26,34.80144500732422
2010-03-29,34.84461212158203
2010-03-30,34.80929183959961
2010-03-31,34.69933319091797
2010-04-01,34.615447998046875
2010-04-05,34.59964370727539
2010-04-06,34.825138092041016
2010-04-07,34.87657165527344
2010-04-08,34.9359130859375
2010-04-09,34.98733901977539
2010-04-12,34.995235443115234
2010-04-13,35.0901985168457
2010-04-14,35.185150146484375
2010-04-15,35.280094146728516
2010-04-16,34.995235443115234
2010-04-19,34.92800521850586
2010-04-20,35.303810119628906
2010-04-21,35.307796478271484
2010-04-22,35.20490264892578
2010-04-23,35.434364318847656
2010-04-26,35.434364318847656
2010-04-27,34.98733901977539
2010-04-28,35.011077880859375
2010-04-29,35.25239181518555
2010-04-30,35.36714172363281
2010-05-03,35.36314392089844
2010-05-04,35.00052261352539
2010-05-05,34.522377014160156
2010-05-06,33.66566848754883
2010-05-07,33.661705017089844
2010-05-10,34.29127502441406
2010-05-11,34.25142288208008
2010-05-12,34.66981506347656
2010-05-13,34.454654693603516
2010-05-14,34.25539779663086
2010-05-17,34.21157455444336
2010-05-18,34.139888763427734
2010-05-19,33.94062805175781
2010-05-20,32.92853546142578
2010-05-21,33.58998489379883
2010-05-24,33.64178466796875
2010-05-25,33.60195541381836
2010-05-26,33.19951248168945
2010-05-27,33.657745361328125
2010-05-28,33.713504791259766
2010-06-01,33.55414581298828
2010-06-02,33.72676467895508
2010-06-03,33.738826751708984
2010-06-04,33.550113677978516
2010-06-07,33.317237854003906
2010-06-08,33.369415283203125
2010-06-09,33.44170379638672
2010-06-10,33.7829704284668
2010-06-11,33.8311653137207
2010-06-14,33.87531661987305
2010-06-15,34.204551696777344
2010-06-16,34.23265838623047
2010-06-17,34.48964309692383
2010-06-18,34.63819122314453
2010-06-21,34.76266098022461
2010-06-22,34.513710021972656
2010-06-23,34.48964309692383
2010-06-24,34.25272750854492
2010-06-25,34.409339904785156
2010-06-28,34.485618591308594
2010-06-29,34.14031219482422
2010-06-30,34.0881233215332
2010-07-01,34.25113296508789
2010-07-02,34.25920486450195
2010-07-06,34.53022384643555
2010-07-07,34.94683837890625
2010-07-08,35.108619689941406
2010-07-09,35.027706146240234
2010-07-12,34.999420166015625
2010-07-13,35.2703971862793
2010-07-14,35.23807144165039
2010-07-15,35.29063415527344
2010-07-16,35.07624435424805
2010-07-19,35.19357681274414
2010-07-20,35.47669982910156
2010-07-21,35.46051788330078
2010-07-22,35.77600860595703
2010-07-23,35.93780517578125
2010-07-26,35.95398712158203
2010-07-27,35.905452728271484
2010-07-28,35.82857131958008
2010-07-29,35.93780517578125
2010-07-30,35.84476852416992
2010-08-02,36.031681060791016
2010-08-03,36.031681060791016
2010-08-04,36.01130676269531
2010-08-05,35.99506378173828
2010-08-06,35.986900329589844
2010-08-09,35.921749114990234
2010-08-10,35.90951156616211
2010-08-11,35.44122314453125
2010-08-12,35.31905746459961
2010-08-13,35.4737663269043
2010-08-16,35.518592834472656
2010-08-17,35.652976989746094
2010-08-18,35.714054107666016
2010-08-19,35.640750885009766
2010-08-20,35.72626495361328
2010-08-23,35.72626495361328
2010-08-24,35.538944244384766
2010-08-25,35.49008560180664
2010-08-26,35.44122314453125
2010-08-27,35.437137603759766
2010-08-30,35.50225830078125
2010-08-31,35.49008560180664
2010-09-01,35.87358474731445
2010-09-02,35.93101501464844
2010-09-03,36.03765106201172
2010-09-07,35.984336853027344
2010-09-08,35.99254608154297
2010-09-09,36.13610076904297
2010-09-10,36.230445861816406
2010-09-13,36.41911315917969
2010-09-14,36.41093063354492
2010-09-15,36.37809753417969
2010-09-16,36.43961715698242
2010-09-17,36.50526428222656
2010-09-20,36.56266784667969
2010-09-21,36.50115203857422
2010-09-22,36.35348892211914
2010-09-23,36.259151458740234
2010-09-24,36.4026985168457
2010-09-27,36.4642333984375
2010-09-28,36.51755905151367
2010-09-29,36.60368347167969
2010-09-30,36.78826904296875
2010-10-01,36.83658218383789
2010-10-04,36.70856475830078
2010-10-05,36.84070587158203
2010-10-06,36.80767822265625
2010-10-07,36.88199615478515
2010-10-08,37.005821228027344
2010-10-11,37.08430099487305
2010-10-12,37.05125427246094
2010-10-13,37.17511367797851
2010-10-14,36.99760818481445
2010-10-15,37.092552185058594
2010-10-18,37.04299545288086
2010-10-19,37.03889465332031
2010-10-20,37.15447616577149
2010-10-21,37.0966796875
2010-10-22,37.26596450805664
2010-10-25,37.41046905517578
2010-10-26,37.4682731628418
2010-10-27,37.426998138427734
2010-10-28,37.44762420654297
2010-10-29,37.464115142822266
2010-11-01,37.39390182495117
2010-11-02,37.57677459716797
2010-11-03,37.70147705078125
2010-11-04,38.19186782836914
2010-11-05,38.15034103393555
2010-11-08,38.03812026977539
2010-11-09,37.93006896972656
2010-11-10,37.618350982666016
2010-11-11,37.468711853027344
2010-11-12,37.33155822753906
2010-11-15,37.26088333129883
2010-11-16,36.84943389892578
2010-11-17,37.03647232055664
2010-11-18,37.50611114501953
2010-11-19,37.493656158447266
2010-11-22,37.23180389404297
2010-11-23,36.720584869384766
2010-11-24,36.940860748291016
2010-11-26,36.80787658691406
2010-11-29,36.903446197509766
2010-11-30,36.986572265625
2010-12-01,37.32880783081055
2010-12-02,37.34975051879883
2010-12-03,37.412498474121094
2010-12-06,37.3915901184082
2010-12-07,37.58404922485352
2010-12-08,37.46271133422851
2010-12-09,37.383209228515625
2010-12-10,37.39996719360352
2010-12-13,37.211631774902344
2010-12-14,37.39578628540039
2010-12-15,37.249359130859375
2010-12-16,37.38741683959961
2010-12-17,37.44181442260742
2010-12-20,37.50873947143555
2010-12-21,37.58821868896485
2010-12-22,37.692813873291016
2010-12-23,37.73047637939453
2010-12-27,37.759761810302734
2010-12-28,37.78376770019531
2010-12-29,37.91009140014648
2010-12-30,37.95223617553711
2010-12-31,38.01957321166992
2011-01-03,38.04907989501953
2011-01-04,38.22169494628906
2011-01-05,38.318580627441406
2011-01-06,38.36486053466797
2011-01-07,38.217506408691406
2011-01-10,38.18802261352539
2011-01-11,38.33541488647461
2011-01-12,38.4153938293457
2011-01-13,38.4069709777832
2011-01-14,38.47012710571289
2011-01-18,38.465919494628906
2011-01-19,38.3480224609375
2011-01-20,38.2722282409668
2011-01-21,38.42802047729492
2011-01-24,38.48276901245117
2011-01-25,38.54172134399414
2011-01-26,38.62175369262695
2011-01-27,38.672245025634766
2011-01-28,38.44065856933594
2011-01-31,38.64698028564453
2011-02-01,38.72289276123047
2011-02-02,38.765235900878906
2011-02-03,38.765235900878906
2011-02-04,38.93476486206055
2011-02-07,39.00680160522461
2011-02-08,39.049198150634766
2011-02-09,38.82880783081055
2011-02-10,38.8712043762207
2011-02-11,38.968658447265625
2011-02-14,38.998313903808594
2011-02-15,38.92202377319336
2011-02-16,38.93476486206055
2011-02-17,39.02373123168945
2011-02-18,39.14242172241211
2011-02-22,38.820350646972656
2011-02-23,38.85844421386719
2011-02-24,38.88814926147461
2011-02-25,39.00680160522461
2011-02-28,39.20174789428711
2011-03-01,39.141605377197266
2011-03-02,39.17571258544922
2011-03-03,39.31646728515625
2011-03-04,39.23543548583984
2011-03-07,39.243953704833984
2011-03-08,39.2098503112793
2011-03-09,39.09895324707031
2011-03-10,38.894256591796875
2011-03-11,38.88573455810547
2011-03-14,38.72792434692383
2011-03-15,38.52748107910156
2011-03-16,38.28867721557617
2011-03-17,38.702362060546875
2011-03-18,38.88573455810547
2011-03-21,39.12455749511719
2011-03-22,39.145896911621094
2011-03-23,39.09895324707031
2011-03-24,39.13309097290039
2011-03-25,39.145896911621094
2011-03-28,39.1586799621582
2011-03-29,39.18000411987305
2011-03-30,39.239688873291016
2011-03-31,39.218379974365234
2011-04-01,39.17120361328125
2011-04-04,39.4114990234375
2011-04-05,39.36857604980469
2011-04-06,39.45439147949219
2011-04-07,39.49302291870117
2011-04-08,39.49302291870117
2011-04-11,39.45439147949219
2011-04-12,39.329925537109375
2011-04-13,39.51878356933594
2011-04-14,39.360015869140625
2011-04-15,39.4114990234375
2011-04-18,39.2741813659668
2011-04-19,39.4114990234375
2011-04-20,39.56168365478515
2011-04-21,39.6561393737793
2011-04-25,39.613189697265625
2011-04-26,39.70331954956055
2011-04-27,39.72906875610352
2011-04-28,39.75050735473633
2011-04-29,39.84490966796875
2011-05-02,39.82462310791016
2011-05-03,39.833255767822266
2011-05-04,39.82029724121094
2011-05-05,39.65622329711914
2011-05-06,39.85917282104492
2011-05-09,39.91099548339844
2011-05-10,39.997337341308594
2011-05-11,39.936893463134766
2011-05-12,39.97576522827149
2011-05-13,39.81168746948242
2011-05-16,39.8894157409668
2011-05-17,39.958473205566406
2011-05-18,40.0059814453125
2011-05-19,39.98869705200195
2011-05-20,39.958473205566406
2011-05-23,39.76848983764648
2011-05-24,39.70372009277344
2011-05-25,39.70372009277344
2011-05-26,39.6691780090332
2011-05-27,39.790069580078125
2011-05-31,39.89802932739258
2011-06-01,39.666038513183594
2011-06-02,39.63993835449219
2011-06-03,39.48353958129883
2011-06-06,39.38794708251953
2011-06-07,39.35756301879883
2011-06-08,39.17075729370117
2011-06-09,39.196807861328125
2011-06-10,38.94044876098633
2011-06-13,38.79277420043945
2011-06-14,39.036041259765625
2011-06-15,38.87097930908203
2011-06-16,38.18016815185547
2011-06-17,38.60158920288086
2011-06-20,38.87097930908203
2011-06-21,39.13163757324219
2011-06-22,38.849220275878906
2011-06-23,39.05777740478515
2011-06-24,38.87097930908203
2011-06-27,38.86228561401367
2011-06-28,39.018699645996094
2011-06-29,39.40535354614258
2011-06-30,39.67036056518555
2011-07-01,39.8811149597168
2011-07-05,39.93358612060547
2011-07-06,39.95108795166016
2011-07-07,40.10850524902344
2011-07-08,39.999176025390625
2011-07-11,39.60566329956055
2011-07-12,39.496341705322266
2011-07-13,39.802433013916016
2011-07-14,39.78055191040039
2011-07-15,39.76744079589844
2011-07-18,39.697479248046875
2011-07-19,39.876747131347656
2011-07-20,39.9117431640625
2011-07-21,40.1041145324707
2011-07-22,40.15657806396485
2011-07-25,39.94236373901367
2011-07-26,40.02540588378906
2011-07-27,39.71062088012695
2011-07-28,39.77180099487305
2011-07-29,39.8111457824707
2011-08-01,39.899566650390625
2011-08-02,39.40688705444336
2011-08-03,39.3848991394043
2011-08-04,38.24992752075195
2011-08-05,38.21035385131836
2011-08-08,36.58267593383789
2011-08-09,37.700042724609375
2011-08-10,37.06218338012695
2011-08-11,37.735206604003906
2011-08-12,37.55925369262695
2011-08-15,38.17076110839844
2011-08-16,37.92881774902344
2011-08-17,38.3466911315918
2011-08-18,37.88039779663086
2011-08-19,37.55050277709961
2011-08-22,37.594459533691406
2011-08-23,37.87600326538086
2011-08-24,37.704463958740234
2011-08-25,37.40091323852539
2011-08-26,37.77923202514648
2011-08-29,38.161964416503906
2011-08-30,38.23235321044922
2011-08-31,38.72502517700195
2011-09-01,38.699798583984375
2011-09-02,38.51826858520508
2011-09-06,38.0622444152832
2011-09-07,38.24819564819336
2011-09-08,38.36774444580078
2011-09-09,38.02239990234375
2011-09-12,37.69477081298828
2011-09-13,37.982574462890625
2011-09-14,38.23492431640625
2011-09-15,38.49173355102539
2011-09-16,38.46958541870117
2011-09-19,38.41200637817383
2011-09-20,38.473995208740234
2011-09-21,38.141944885253906
2011-09-22,37.62393951416016
2011-09-23,37.72578430175781
2011-09-26,37.867454528808594
2011-09-27,37.91168975830078
2011-09-28,37.4866943359375
2011-09-29,37.41585159301758
2011-09-30,36.67203140258789
2011-10-03,36.22999954223633
2011-10-04,36.118595123291016
2011-10-05,36.55975341796875
2011-10-06,37.12571334838867
2011-10-07,37.15688705444336
2011-10-10,37.95459747314453
2011-10-11,37.53568649291992
2011-10-12,38.40913009643555
2011-10-13,38.24870300292969
2011-10-14,38.51608657836914
2011-10-17,38.29326248168945
2011-10-18,38.4982795715332
2011-10-19,38.37349319458008
2011-10-20,38.7121696472168
2011-10-21,39.180076599121094
2011-10-24,40.24067306518555
2011-10-25,39.52766799926758
2011-10-26,39.696990966796875
2011-10-27,40.28078079223633
2011-10-28,40.16047286987305
2011-10-31,39.78610610961914
2011-11-01,39.076045989990234
2011-11-02,39.4481315612793
2011-11-03,39.838134765625
2011-11-04,39.79777145385742
2011-11-07,39.663291931152344
2011-11-08,39.752952575683594
2011-11-09,38.91020202636719
2011-11-10,38.95054244995117
2011-11-11,39.466068267822266
2011-11-14,39.201568603515625
2011-11-15,39.098480224609375
2011-11-16,38.717437744140625
2011-11-17,38.52915954589844
2011-11-18,38.50226974487305
2011-11-21,38.06744384765625
2011-11-22,37.77607345581055
2011-11-23,37.09468078613281
2011-11-25,37.09468078613281
2011-11-28,37.924015045166016
2011-11-29,38.17055892944336
2011-11-30,38.8205451965332
2011-12-01,38.99153518676758
2011-12-02,39.212589263916016
2011-12-05,39.43364715576172
2011-12-06,39.60959243774414
2011-12-07,39.48325729370117
2011-12-08,39.226104736328125
2011-12-09,39.56447982788086
2011-12-12,39.352439880371094
2011-12-13,39.203582763671875
2011-12-14,39.13589859008789
2011-12-15,39.27576446533203
2011-12-16,39.460731506347656
2011-12-19,39.41107940673828
2011-12-20,39.90282440185547
2011-12-21,40.015621185302734
2011-12-22,40.16899108886719
2011-12-23,40.35395050048828
2011-12-27,40.51509475708008
2011-12-28,40.324459075927734
2011-12-29,40.56500244140625
2011-12-30,40.58768081665039
2012-01-03,40.71929168701172
2012-01-04,40.65122985839844
2012-01-05,40.47422790527344
2012-01-06,40.34714889526367
2012-01-09,40.4016227722168
2012-01-10,40.54229736328125
2012-01-11,40.5014533996582
2012-01-12,40.4470100402832
2012-01-13,40.4016227722168
2012-01-17,40.4832763671875
2012-01-18,40.59675216674805
2012-01-19,40.6557731628418
2012-01-20,40.6557731628418
2012-01-23,40.79644012451172
2012-01-24,40.900882720947266
2012-01-25,41.2593994140625
2012-01-26,41.35921859741211
2012-01-27,41.20946502685547
2012-01-30,41.077842712402344
2012-01-31,41.182220458984375
2012-02-01,41.258445739746094
2012-02-02,41.285850524902344
2012-02-03,41.404483795166016
2012-02-06,41.413604736328125
2012-02-07,41.49578475952149
2012-02-08,41.53227233886719
2012-02-09,41.550559997558594
2012-02-10,41.19001770019531
2012-02-13,41.30864715576172
2012-02-14,41.30864715576172
2012-02-15,41.17628860473633
2012-02-16,41.34972381591797
2012-02-17,41.3360481262207
2012-02-21,41.4912109375
2012-02-22,41.62356185913086
2012-02-23,41.774169921875
2012-02-24,41.90195846557617
2012-02-27,41.91111373901367
2012-02-28,41.99325180053711
2012-02-29,42.04803466796875
2012-03-01,42.12009048461914
2012-03-02,41.94562530517578
2012-03-05,41.711517333984375
2012-03-06,41.15603256225586
2012-03-07,41.27082061767578
2012-03-08,41.592166900634766
2012-03-09,41.63807678222656
2012-03-12,41.63807678222656
2012-03-13,41.94104766845703
2012-03-14,41.83546447753906
2012-03-15,41.69314956665039
2012-03-16,41.541648864746094
2012-03-19,41.69775390625
2012-03-20,41.66560745239258
2012-03-21,41.532493591308594
2012-03-22,41.63346862792969
2012-03-23,41.54624557495117
2012-03-26,41.79875564575195
2012-03-27,41.8721923828125
2012-03-28,41.73448181152344
2012-03-29,41.729888916015625
2012-03-30,41.64725112915039
2012-04-02,41.71881866455078
2012-04-03,41.681907653808594
2012-04-04,41.52948760986328
2012-04-05,41.42789459228515
2012-04-09,41.21541595458984
2012-04-10,41.01221466064453
2012-04-11,41.26157760620117
2012-04-12,41.631099700927734
2012-04-13,41.49713897705078
2012-04-16,41.56180953979492
2012-04-17,41.741939544677734
2012-04-18,41.72806167602539
2012-04-19,41.64957809448242
2012-04-20,41.71420669555664
2012-04-23,41.626441955566406
2012-04-24,41.72344207763672
2012-04-25,42.02827453613281
2012-04-26,42.05598068237305
2012-04-27,42.03750228881836
2012-04-30,42.120628356933594
2012-05-01,42.1527099609375
2012-05-02,42.31525421142578
2012-05-03,42.287376403808594
2012-05-04,42.20377349853515
2012-05-07,42.27342224121094
2012-05-08,42.26415252685547
2012-05-09,42.11552429199219
2012-05-10,42.069095611572266
2012-05-11,42.175899505615234
2012-05-14,41.86473846435547
2012-05-15,41.66040802001953
2012-05-16,41.25165939331055
2012-05-17,40.68040466308594
2012-05-18,40.68040466308594
2012-05-21,41.10303497314453
2012-05-22,41.09840774536133
2012-05-23,41.05659103393555
2012-05-24,41.065887451171875
2012-05-25,40.935829162597656
2012-05-29,41.38637161254883
2012-05-30,41.20058059692383
2012-05-31,40.76398468017578
2012-06-01,40.409786224365234
2012-06-04,40.44248962402344
2012-06-05,40.699520111083984
2012-06-06,41.134124755859375
2012-06-07,41.288368225097656
2012-06-08,41.447235107421875
2012-06-11,41.17618560791016
2012-06-12,41.46593475341797
2012-06-13,41.344444274902344
2012-06-14,41.652862548828125
2012-06-15,41.72762298583984
2012-06-18,41.74165725708008
2012-06-19,42.03606033325195
2012-06-20,42.19963455200195
2012-06-21,41.85382080078125
2012-06-22,42.13887405395508
2012-06-25,42.07344055175781
2012-06-26,42.01272964477539
2012-06-27,42.26507568359375
2012-06-28,42.2603874206543
2012-06-29,42.66228866577149
2012-07-02,42.70833206176758
2012-07-03,42.863433837890625
2012-07-05,42.8681640625
2012-07-06,42.81177520751953
2012-07-09,42.82584762573242
2012-07-10,42.63786697387695
2012-07-11,42.7741584777832
2012-07-12,42.68013381958008
2012-07-13,42.81177520751953
2012-07-16,42.647247314453125
2012-07-17,42.849369049072266
2012-07-18,43.02796173095703
2012-07-19,43.13604736328125
2012-07-20,42.93393325805664
2012-07-23,42.863433837890625
2012-07-24,42.60026931762695
2012-07-25,42.51094055175781
2012-07-26,42.94804382324219
2012-07-27,43.20187759399414
2012-07-30,43.20187759399414
2012-07-31,43.09845352172851
2012-08-01,43.33240509033203
2012-08-02,43.15751647949219
2012-08-03,43.33712387084961
2012-08-06,43.308746337890625
2012-08-07,43.22370910644531
2012-08-08,43.25202178955078
2012-08-09,43.25675201416016
2012-08-10,43.21895980834961
2012-08-13,43.24259567260742
2012-08-14,43.308746337890625
2012-08-15,43.100791931152344
2012-08-16,43.261497497558594
2012-08-17,43.261497497558594
2012-08-20,43.313499450683594
2012-08-21,43.40799331665039
2012-08-22,43.36543273925781
2012-08-23,43.35601043701172
2012-08-24,43.54978942871094
2012-08-27,43.516693115234375
2012-08-28,43.4788932800293
2012-08-29,43.540340423583984
2012-08-30,43.52140045166016
2012-08-31,43.63484191894531
2012-09-04,43.63390350341797
2012-09-05,43.638648986816406
2012-09-06,43.895240783691406
2012-09-07,43.97129821777344
2012-09-10,43.9000129699707
2012-09-11,44.19939422607422
2012-09-12,44.33245468139648
2012-09-13,44.61756896972656
2012-09-14,44.61283493041992
2012-09-17,44.57482147216797
2012-09-18,44.59381103515625
2012-09-19,44.53680038452149
2012-09-20,44.327693939208984
2012-09-21,44.26595306396485
2012-09-24,44.20885467529297
2012-09-25,43.81448745727539
2012-09-26,43.59586715698242
2012-09-27,44.071083068847656
2012-09-28,43.86198806762695
2012-10-01,43.787967681884766
2012-10-02,43.89781951904297
2012-10-03,44.00770568847656
2012-10-04,44.19401550292969
2012-10-05,44.17012405395508
2012-10-08,44.10801315307617
2012-10-09,43.983829498291016
2012-10-10,43.87870788574219
2012-10-11,44.1175651550293
2012-10-12,44.19401550292969
2012-10-15,44.3946647644043
2012-10-16,44.557090759277344
2012-10-17,44.65740966796875
2012-10-18,44.633506774902344
2012-10-19,44.408966064453125
2012-10-22,44.41852188110352
2012-10-23,44.2513542175293
2012-10-24,44.21311569213867
2012-10-25,44.28478240966797
2012-10-26,44.1796760559082
2012-10-31,44.232234954833984
2012-11-01,44.20835876464844
2012-11-02,44.14625549316406
2012-11-05,44.074588775634766
2012-11-06,44.14147186279297
2012-11-07,43.87870788574219
2012-11-08,43.73542022705078
2012-11-09,43.65898513793945
2012-11-12,43.67329788208008
2012-11-13,43.572975158691406
2012-11-14,43.3341178894043
2012-11-15,43.31499481201172
2012-11-16,43.439208984375
2012-11-19,43.98859405517578
2012-11-20,43.99337387084961
2012-11-21,43.97903060913086
2012-11-23,44.12710952758789
2012-11-26,44.136661529541016
2012-11-27,44.1796760559082
2012-11-28,44.189247131347656
2012-11-29,44.38509750366211
2012-11-30,44.45198059082031
2012-12-03,44.6772346496582
2012-12-04,44.6772346496582
2012-12-05,44.74925994873047
2012-12-06,44.83089828491211
2012-12-07,44.763648986816406
2012-12-10,44.80208969116211
2012-12-11,44.84527969360352
2012-12-12,44.97977828979492
2012-12-13,44.821311950683594
2012-12-14,44.787696838378906
2012-12-17,44.960594177246094
2012-12-18,44.98456954956055
2012-12-19,44.93655776977539
2012-12-20,45.09504699707031
2012-12-21,44.965362548828125
2012-12-24,44.80208969116211
2012-12-26,44.91074752807617
2012-12-27,45.00249099731445
2012-12-28,44.881736755371094
2012-12-31,45.07490539550781
2013-01-02,45.49979782104492
2013-01-03,45.35977935791016
2013-01-04,45.38875198364258
2013-01-07,45.42738723754883
2013-01-08,45.39358901977539
2013-01-09,45.48049545288086
2013-01-10,45.55775451660156
2013-01-11,45.639854431152344
2013-01-14,45.577091217041016
2013-01-15,45.58671569824219
2013-01-16,45.50947570800781
2013-01-17,45.67363357543945
2013-01-18,45.73643112182617
2013-01-22,45.76539611816406
2013-01-23,45.71223068237305
2013-01-24,45.81366729736328
2013-01-25,45.79918670654297
2013-01-28,45.77503967285156
2013-01-29,45.69780731201172
2013-01-30,45.36944961547851
2013-01-31,45.22941589355469
2013-02-01,45.37940979003906
2013-02-04,45.190086364746094
2013-02-05,45.292030334472656
2013-02-06,45.224063873291016
2013-02-07,45.13669204711914
2013-02-08,45.14640426635742
2013-02-11,45.14154815673828
2013-02-12,45.296905517578125
2013-02-13,45.3648567199707
2013-02-14,45.345428466796875
2013-02-15,45.35028839111328
2013-02-19,45.39395904541016
2013-02-20,45.35028839111328
2013-02-21,45.398826599121094
2013-02-22,45.5104866027832
2013-02-25,45.369728088378906
2013-02-26,45.592994689941406
2013-02-27,45.67068099975586
2013-02-28,45.65126419067383
2013-03-01,45.74204635620117
2013-03-04,45.746917724609375
2013-03-05,45.83964920043945
2013-03-06,45.81038284301758
2013-03-07,45.878700256347656
2013-03-08,45.93241500854492
2013-03-11,45.90309143066406
2013-03-12,45.883575439453125
2013-03-13,45.89333724975586
2013-03-14,46.069053649902344
2013-03-15,46.06418228149414
2013-03-18,46.073951721191406
2013-03-19,45.995811462402344
2013-03-20,46.14713668823242
2013-03-21,46.06418228149414
2013-03-22,46.0300178527832
2013-03-25,45.96167755126953
2013-03-26,46.044681549072266
2013-03-27,45.9665641784668
2013-03-28,46.049522399902344
2013-04-01,46.1319580078125
2013-04-02,46.097618103027344
2013-04-03,46.097618103027344
2013-04-04,46.08287811279297
2013-04-05,46.12705993652344
2013-04-08,46.17610549926758
2013-04-09,46.32328414916992
2013-04-10,46.4704704284668
2013-04-11,46.4704704284668
2013-04-12,46.48518753051758
2013-04-15,46.19083786010742
2013-04-16,46.509735107421875
2013-04-17,46.43611907958984
2013-04-18,46.362510681152344
2013-04-19,46.33800506591797
2013-04-22,46.44590759277344
2013-04-23,46.62744140625
2013-04-24,46.71086883544922
2013-04-25,46.83839416503906
2013-04-26,46.78937149047851
2013-04-29,46.8776741027832
2013-04-30,47.02487564086914
2013-05-01,46.93516159057617
2013-05-02,47.23589324951172
2013-05-03,47.30982971191406
2013-05-06,47.33938980102539
2013-05-07,47.30487823486328
2013-05-08,47.47251510620117
2013-05-09,47.33447265625
2013-05-10,47.08795928955078
2013-05-13,46.89568328857422
2013-05-14,46.94498443603515
2013-05-15,46.94990539550781
2013-05-16,47.06333923339844
2013-05-17,47.06333923339844
2013-05-20,47.11260986328125
2013-05-21,47.20135498046875
2013-05-22,46.91047668457031
2013-05-23,46.78229904174805
2013-05-24,46.69355773925781
2013-05-28,46.521018981933594
2013-05-29,46.33366775512695
2013-05-30,46.427337646484375
2013-05-31,45.811065673828125
2013-06-03,45.77090835571289
2013-06-04,45.77090835571289
2013-06-05,45.37447738647461
2013-06-06,45.73128509521485
2013-06-07,45.76096725463867
2013-06-10,45.66686248779297
2013-06-11,45.38436126708984
2013-06-12,45.41904830932617
2013-06-13,45.93939208984375
2013-06-14,45.99391555786133
2013-06-17,45.98899841308594
2013-06-18,46.10293960571289
2013-06-19,45.414119720458984
2013-06-20,44.96810150146485
2013-06-21,44.67567825317383
2013-06-24,44.12562561035156
2013-06-25,44.755001068115234
2013-06-26,45.12665557861328
2013-06-27,45.34474182128906
2013-06-28,45.0374755859375
2013-07-01,45.28158187866211
2013-07-02,45.14207458496094
2013-07-03,45.24671936035156
2013-07-05,44.76344299316406
2013-07-08,45.38121795654297
2013-07-09,45.40613555908203
2013-07-10,45.58551406860352
2013-07-11,46.1584358215332
2013-07-12,46.11357498168945
2013-07-15,46.30788803100586
2013-07-16,46.19331741333008
2013-07-17,46.5321044921875
2013-07-18,46.81107711791992
2013-07-19,46.781150817871094
2013-07-22,46.8160514831543
2013-07-23,46.701438903808594
2013-07-24,46.30788803100586
2013-07-25,46.203250885009766
2013-07-26,46.22321701049805
2013-07-29,46.12355422973633
2013-07-30,46.18832015991211
2013-07-31,46.32283782958984
2013-08-01,45.883750915527344
2013-08-02,46.16411590576172
2013-08-05,45.928836822509766
2013-08-06,45.883750915527344
2013-08-07,45.73859786987305
2013-08-08,45.838722229003906
2013-08-09,45.84370803833008
2013-08-12,45.80365753173828
2013-08-13,45.80365753173828
2013-08-14,45.71353912353515
2013-08-15,45.47823715209961
2013-08-16,45.32305145263672
2013-08-19,45.022674560546875
2013-08-20,45.43819808959961
2013-08-21,45.27296447753906
2013-08-22,45.518314361572266
2013-08-23,45.708534240722656
2013-08-26,45.71353912353515
2013-08-27,45.418182373046875
2013-08-28,45.58836364746094
2013-08-29,45.77363586425781
2013-08-30,45.73358917236328
2013-09-03,45.49201202392578
2013-09-04,45.663116455078125
2013-09-05,45.43162155151367
2013-09-06,45.58258056640625
2013-09-09,45.6983528137207
2013-09-10,45.85939407348633
2013-09-11,45.919803619384766
2013-09-12,45.86444854736328
2013-09-13,45.829219818115234
2013-09-16,46.08086395263672
2013-09-17,46.23183822631836
2013-09-18,46.674713134765625
2013-09-19,46.538856506347656
2013-09-20,46.483489990234375
2013-09-23,46.47844696044922
2013-09-24,46.377784729003906
2013-09-25,46.297264099121094
2013-09-26,46.2720947265625
2013-09-27,46.221771240234375
2013-09-30,46.09092330932617
2013-10-01,46.29066848754883
2013-10-02,46.3109130859375
2013-10-03,46.34123611450195
2013-10-04,46.422176361083984
2013-10-07,46.300804138183594
2013-10-08,46.28056716918945
2013-10-09,46.32102966308594
2013-10-10,46.53342819213867
2013-10-11,46.61943054199219
2013-10-14,46.690223693847656
2013-10-15,46.6750602722168
2013-10-16,46.9228630065918
2013-10-17,47.15045166015625
2013-10-18,47.24653244018555
2013-10-21,47.14031600952149
2013-10-22,47.28192901611328
2013-10-23,47.32240676879883
2013-10-24,47.33754348754883
2013-10-25,47.352725982666016
2013-10-28,47.3426399230957
2013-10-29,47.418487548828125
2013-10-30,47.22631072998047
2013-10-31,47.25157165527344
2013-11-01,47.170284271240234
2013-11-04,47.2515869140625
2013-11-05,47.12451934814453
2013-11-06,47.261741638183594
2013-11-07,47.292236328125
2013-11-08,47.210933685302734
2013-11-11,47.033058166503906
2013-11-12,46.966983795166016
2013-11-13,47.14485931396485
2013-11-14,47.28209686279297
2013-11-15,47.35322570800781
2013-11-18,47.21599960327149
2013-11-19,47.19571685791016
2013-11-20,47.14995193481445
2013-11-21,47.312599182128906
2013-11-22,47.34816360473633
2013-11-25,47.41929244995117
2013-11-26,47.45488739013672
2013-11-27,47.42438125610352
2013-11-29,47.47520446777344
2013-12-02,47.490509033203125
2013-12-03,47.44453430175781
2013-12-04,47.321990966796875
2013-12-05,47.286258697509766
2013-12-06,47.41904067993164
2013-12-09,47.59263610839844
2013-12-10,47.59263610839844
2013-12-11,47.44964599609375
2013-12-12,47.36281967163086
2013-12-13,47.439456939697266
2013-12-16,47.48029708862305
2013-12-17,47.48541259765625
2013-12-18,47.567142486572266
2013-12-19,47.51604080200195
2013-12-20,47.54669952392578
2013-12-23,47.582427978515625
2013-12-24,47.55690383911133
2013-12-26,47.60150146484375
2013-12-27,47.59640121459961
2013-12-30,47.63747787475586
2013-12-31,47.66826248168945
2014-01-02,47.75038528442383
2014-01-03,47.734989166259766
2014-01-06,47.83762741088867
2014-01-07,47.83762741088867
2014-01-08,47.80685043334961
2014-01-09,47.87869644165039
2014-01-10,48.02239227294922
2014-01-13,47.971065521240234
2014-01-14,48.04291534423828
2014-01-15,48.14040756225586
2014-01-16,48.11988067626953
2014-01-17,48.13014602661133
2014-01-21,48.1917724609375
2014-01-22,48.11988067626953
2014-01-23,48.05833435058594
2014-01-24,47.740116119384766
2014-01-27,47.72470474243164
2014-01-28,47.93514633178711
2014-01-29,47.791446685791016
2014-01-30,47.87356948852539
2014-01-31,47.858184814453125
2014-02-03,47.71479034423828
2014-02-04,47.7714958190918
2014-02-05,47.7714958190918
2014-02-06,47.94173049926758
2014-02-07,48.184112548828125
2014-02-10,48.2150764465332
2014-02-11,48.29761505126953
2014-02-12,48.220237731933594
2014-02-13,48.35947799682617
2014-02-14,48.43687057495117
2014-02-18,48.50392150878906
2014-02-19,48.38010787963867
2014-02-20,48.529693603515625
2014-02-21,48.57095718383789
2014-02-24,48.67926025390625
2014-02-25,48.73601150512695
2014-02-26,48.81855392456055
2014-02-27,48.911354064941406
2014-02-28,48.96297836303711
2014-03-03,48.917869567871094
2014-03-04,49.094085693359375
2014-03-05,49.0059814453125
2014-03-06,48.93342590332031
2014-03-07,48.7468376159668
2014-03-10,48.75202178955078
2014-03-11,48.700172424316406
2014-03-12,48.78313064575195
2014-03-13,48.65351486206055
2014-03-14,48.61724853515625
2014-03-17,48.68463897705078
2014-03-18,48.82976150512695
2014-03-19,48.58095932006836
2014-03-20,48.7468376159668
2014-03-21,48.71574401855469
2014-03-24,48.73127365112305
2014-03-25,48.82976150512695
2014-03-26,48.84012985229492
2014-03-27,48.76756286621094
2014-03-28,48.85049819946289
2014-03-31,48.92304992675781
2014-04-01,49.014217376708984
2014-04-02,48.96210479736328
2014-04-03,48.98295211791992
2014-04-04,49.0975456237793
2014-04-07,48.99333572387695
2014-04-08,49.10793685913086
2014-04-09,49.18601608276367
2014-04-10,49.0454216003418
2014-04-11,48.837120056152344
2014-04-14,48.99333572387695
2014-04-15,49.0454216003418
2014-04-16,49.07148361206055
2014-04-17,49.014217376708984
2014-04-21,49.014217376708984
2014-04-22,49.06624221801758
2014-04-23,49.0818977355957
2014-04-24,49.09228515625
2014-04-25,49.07664489746094
2014-04-28,49.06624221801758
2014-04-29,49.13916778564453
2014-04-30,49.12873077392578
2014-05-01,49.07798767089844
2014-05-02,49.19307327270508
2014-05-05,49.17217254638672
2014-05-06,49.18263626098633
2014-05-07,49.25587844848633
2014-05-08,49.24542999267578
2014-05-09,49.292484283447266
2014-05-12,49.34480667114258
2014-05-13,49.42325973510742
2014-05-14,49.449459075927734
2014-05-15,49.40234375
2014-05-16,49.501708984375
2014-05-19,49.574974060058594
2014-05-20,49.512203216552734
2014-05-21,49.5069580078125
2014-05-22,49.54356002807617
2014-05-23,49.55928039550781
2014-05-27,49.60634994506836
2014-05-28,49.62205123901367
2014-05-29,49.66911315917969
2014-05-30,49.72142791748047
2014-06-02,49.56327819824219
2014-06-03,49.56853866577149
2014-06-04,49.56853866577149
2014-06-05,49.68937301635742
2014-06-06,49.831268310546875
2014-06-09,49.88905334472656
2014-06-10,49.86280059814453
2014-06-11,49.86806106567383
2014-06-12,49.83650970458984
2014-06-13,49.894309997558594
2014-06-16,49.86806106567383
2014-06-17,49.831268310546875
2014-06-18,50.057220458984375
2014-06-19,50.04670333862305
2014-06-20,50.093990325927734
2014-06-23,50.0887336730957
2014-06-24,50.04670333862305
2014-06-25,50.12028121948242
2014-06-26,50.06769943237305
2014-06-27,50.06769943237305
2014-06-30,50.02568435668945
2014-07-01,50.03889083862305
2014-07-02,50.070533752441406
2014-07-03,49.99663543701172
2014-07-07,49.959720611572266
2014-07-08,49.97026062011719
2014-07-09,49.93330383300781
2014-07-10,49.7802734375
2014-07-11,49.86470413208008
2014-07-14,49.848846435546875
2014-07-15,49.76972579956055
2014-07-16,49.6905632019043
2014-07-17,49.34220886230469
2014-07-18,49.548038482666016
2014-07-21,49.46356201171875
2014-07-22,49.532188415527344
2014-07-23,49.62721252441406
2014-07-24,49.71693801879883
2014-07-25,49.63248825073242
2014-07-28,49.48471450805664
2014-07-29,49.41609573364258
2014-07-30,49.21023941040039
2014-07-31,48.80918502807617
2014-08-01,48.804386138916016
2014-08-04,49.10129928588867
2014-08-05,49.00586700439453
2014-08-06,49.122528076171875
2014-08-07,49.15430450439453
2014-08-08,49.308109283447266
2014-08-11,49.54143905639648
2014-08-12,49.53083419799805
2014-08-13,49.673980712890625
2014-08-14,49.76942443847656
2014-08-15,49.87018966674805
2014-08-18,50.013336181640625
2014-08-19,49.997459411621094
2014-08-20,50.03456497192383
2014-08-21,50.03456497192383
2014-08-22,49.912593841552734
2014-08-25,50.01863479614258
2014-08-26,50.05577850341797
2014-08-27,50.00807571411133
2014-08-28,49.9338264465332
2014-08-29,49.97092056274414
2014-09-02,50.029537200927734
2014-09-03,49.90168380737305
2014-09-04,49.736541748046875
2014-09-05,49.677978515625
2014-09-08,49.63002395629883
2014-09-09,49.40094757080078
2014-09-10,49.422306060791016
2014-09-11,49.422306060791016
2014-09-12,49.36368942260742
2014-09-15,49.27312469482422
2014-09-16,49.37431716918945
2014-09-17,49.53413009643555
2014-09-18,49.550106048583984
2014-09-19,49.62468719482422
2014-09-22,49.53413009643555
2014-09-23,49.28375244140625
2014-09-24,49.13460922241211
2014-09-25,48.79903030395508
2014-09-26,48.76704788208008
2014-09-29,48.66587829589844
2014-09-30,48.98012924194336
2014-10-01,49.0341796875
2014-10-02,49.130462646484375
2014-10-03,49.296295166015625
2014-10-06,49.34977340698242
2014-10-07,49.16255187988281
2014-10-08,49.39795684814453
2014-10-09,48.87368392944336
2014-10-10,48.47783279418945
2014-10-13,48.23707962036133
2014-10-14,48.3975715637207
2014-10-15,48.40826416015625
2014-10-16,48.681114196777344
2014-10-17,49.09300231933594
2014-10-20,49.44611740112305
2014-10-21,49.847293853759766
2014-10-22,49.52098083496094
2014-10-23,49.499568939208984
2014-10-24,49.63864517211914
2014-10-27,49.435401916503906
2014-10-28,49.51564025878906
2014-10-29,49.47816848754883
2014-10-30,49.456783294677734
2014-10-31,49.499568939208984
2014-11-03,49.603816986083984
2014-11-04,49.447998046875
2014-11-05,49.43727493286133
2014-11-06,49.56620407104492
2014-11-07,49.61458587646485
2014-11-10,49.636043548583984
2014-11-11,49.748870849609375
2014-11-12,49.58767318725586
2014-11-13,49.38351058959961
2014-11-14,49.136383056640625
2014-11-17,49.13101577758789
2014-11-18,49.034297943115234
2014-11-19,49.0235481262207
2014-11-20,49.02888107299805
2014-11-21,49.29753875732422
2014-11-24,49.29218673706055
2014-11-25,49.372772216796875
2014-11-26,49.43727493286133
2014-11-28,48.96440887451172
2014-12-01,48.47161102294922
2014-12-02,48.73612594604492
2014-12-03,48.817081451416016
2014-12-04,48.7846794128418
2014-12-05,48.74689483642578
2014-12-08,48.49861907958984
2014-12-09,48.47161102294922
2014-12-10,47.9156608581543
2014-12-11,47.742942810058594
2014-12-12,47.0952033996582
2014-12-15,47.06819152832031
2014-12-16,46.90084457397461
2014-12-17,47.856292724609375
2014-12-18,48.23952102661133
2014-12-19,48.703739166259766
2014-12-22,48.584938049316406
2014-12-23,48.7576904296875
2014-12-24,48.923587799072266
2014-12-26,48.77183151245117
2014-12-29,48.79889297485352
2014-12-30,48.70131301879883
2014-12-31,48.57123947143555
2015-01-02,48.57123947143555
2015-01-05,48.12130355834961
2015-01-06,47.93695831298828
2015-01-07,48.23514175415039
2015-01-08,48.59830474853515
2015-01-09,48.84227752685547
2015-01-12,48.78263854980469
2015-01-13,48.78263854980469
2015-01-14,48.66880798339844
2015-01-15,48.37067031860352
2015-01-16,48.55495834350586
2015-01-20,48.468231201171875
2015-01-21,48.72842025756836
2015-01-22,48.79345703125
2015-01-23,48.79345703125
2015-01-26,49.01572799682617
2015-01-27,48.97779083251953
2015-01-28,48.8747673034668
2015-01-29,49.04827499389648
2015-01-30,48.91276550292969
2015-02-02,49.10051345825195
2015-02-03,49.378116607666016
2015-02-04,49.17127227783203
2015-02-05,49.45973205566406
2015-02-06,49.49784469604492
2015-02-09,49.378116607666016
2015-02-10,49.546836853027344
2015-02-11,49.530521392822266
2015-02-12,49.52507019042969
2015-02-13,49.59581756591797
2015-02-17,49.56318664550781
2015-02-18,49.73192596435547
2015-02-19,49.61756896972656
2015-02-20,49.7536735534668
2015-02-23,49.79175567626953
2015-02-24,49.840782165527344
2015-02-25,50.00404357910156
2015-02-26,49.99313735961914
2015-02-27,50.00404357910156
2015-03-02,49.99471664428711
2015-03-03,49.8526496887207
2015-03-04,49.75970077514648
2015-03-05,49.8526496887207
2015-03-06,49.53557586669922
2015-03-09,49.43170928955078
2015-03-10,49.24041366577149
2015-03-11,49.37704086303711
2015-03-12,49.47543716430664
2015-03-13,49.30598449707031
2015-03-16,49.25679397583008
2015-03-17,49.01082611083984
2015-03-18,49.4481201171875
2015-03-19,49.05453872680664
2015-03-20,49.43718338012695
2015-03-23,49.47543716430664
2015-03-24,49.551944732666016
2015-03-25,49.42076873779297
2015-03-26,49.41532897949219
2015-03-27,49.453590393066406
2015-03-30,49.59024810791016
2015-03-31,49.53010559082031
2015-04-01,49.632232666015625
2015-04-02,49.670684814453125
2015-04-06,49.79697036743164
2015-04-07,50.0605583190918
2015-04-08,50.049556732177734
2015-04-09,50.000144958496094
2015-04-10,50.115440368652344
2015-04-13,50.022098541259766
2015-04-14,50.0440673828125
2015-04-15,50.241737365722656
2015-04-16,50.13740158081055
2015-04-17,49.98365783691406
2015-04-20,50.093482971191406
2015-04-21,50.126426696777344
2015-04-22,50.07704162597656
2015-04-23,50.0605583190918
2015-04-24,50.14290237426758
2015-04-27,50.15935516357422
2015-04-28,50.08250427246094
2015-04-29,49.98916244506836
2015-04-30,49.96169662475586
2015-05-01,50.07307815551758
2015-05-04,50.06207275390625
2015-05-05,49.99585723876953
2015-05-06,49.84697723388672
2015-05-07,49.84148406982422
2015-05-08,50.23307037353515
2015-05-11,49.91865921020508
2015-05-12,49.91316986083984
2015-05-13,49.84148406982422
2015-05-14,50.08414459228515
2015-05-15,50.194427490234375
2015-05-18,50.11168670654297
2015-05-19,50.03451156616211
2015-05-20,49.973838806152344
2015-05-21,50.045555114746094
2015-05-22,50.08414459228515
2015-05-26,49.979347229003906
2015-05-27,50.08966827392578
2015-05-28,50.06760025024414
2015-05-29,50.13926696777344
2015-06-01,50.22345733642578
2015-06-02,50.12931060791016
2015-06-03,49.857872009277344
2015-06-04,49.69719696044922
2015-06-05,49.54764175415039
2015-06-08,49.54764175415039
2015-06-09,49.464542388916016
2015-06-10,49.53101348876953
2015-06-11,49.63072967529297
2015-06-12,49.44792938232422
2015-06-15,49.21524810791016
2015-06-16,49.49223709106445
2015-06-17,49.44792938232422
2015-06-18,49.63072967529297
2015-06-19,49.6584358215332
2015-06-22,49.75815200805664
2015-06-23,49.72491455078125
2015-06-24,49.59194564819336
2015-06-25,49.4423713684082
2015-06-26,49.2983283996582
2015-06-29,48.96043014526367
2015-06-30,49.19310760498047
2015-07-01,49.20143127441406
2015-07-02,49.38509368896485
2015-07-06,49.22366714477539
2015-07-07,49.262672424316406
2015-07-08,49.017791748046875
2015-07-09,49.129093170166016
2015-07-10,49.41290283203125
2015-07-13,49.45737838745117
2015-07-14,49.40731048583984
2015-07-15,49.40731048583984
2015-07-16,49.48523712158203
2015-07-17,49.35167694091797
2015-07-20,49.12350845336914
2015-07-21,49.03450393676758
2015-07-22,48.717308044433594
2015-07-23,48.68950271606445
2015-07-24,48.55039978027344
2015-07-27,48.34450149536133
2015-07-28,48.606056213378906
2015-07-29,48.88981628417969
2015-07-30,49.03450393676758
2015-07-31,48.95104217529297
2015-08-03,48.85935974121094
2015-08-04,48.88731384277344
2015-08-05,48.82024765014648
2015-08-06,48.6190071105957
2015-08-07,48.46810150146485
2015-08-10,48.60783004760742
2015-08-11,48.384239196777344
2015-08-12,48.31716537475586
2015-08-13,48.255672454833984
2015-08-14,48.28363037109375
2015-08-17,48.28363037109375
2015-08-18,48.22212600708008
2015-08-19,48.17744445800781
2015-08-20,47.942649841308594
2015-08-21,47.76935958862305
2015-08-24,47.37808990478515
2015-08-25,47.47311782836914
2015-08-26,47.87000274658203
2015-08-27,48.227725982666016
2015-08-28,48.2724494934082
2015-08-31,48.20536804199219
2015-09-01,48.04983901977539
2015-09-02,48.24635696411133
2015-09-03,48.31375503540039
2015-09-04,48.26319122314453
2015-09-08,48.52707290649414
2015-09-09,48.46531295776367
2015-09-10,48.583248138427734
2015-09-11,48.56637954711914
2015-09-14,48.48217010498047
2015-09-15,48.470943450927734
2015-09-16,48.296875
2015-09-17,48.33618927001953
2015-09-18,48.20145034790039
2015-09-21,48.11162185668945
2015-09-22,47.76352310180664
2015-09-23,47.67927169799805
2015-09-24,47.44346237182617
2015-09-25,47.20204544067383
2015-09-28,46.47776412963867
2015-09-29,46.47212600708008
2015-09-30,46.76408386230469
2015-10-01,46.4639892578125
2015-10-02,46.50910568237305
2015-10-05,47.067623138427734
2015-10-06,47.32715606689453
2015-10-07,47.81229782104492
2015-10-08,48.00975036621094
2015-10-09,48.0153923034668
2015-10-12,47.925148010253906
2015-10-13,47.81229782104492
2015-10-14,47.778472900390625
2015-10-15,47.89127349853515
2015-10-16,48.1113166809082
2015-10-19,48.241065979003906
2015-10-20,48.28618621826172
2015-10-21,48.23540496826172
2015-10-22,48.25236129760742
2015-10-23,48.42159652709961
2015-10-26,48.37080001831055
2015-10-27,48.21283721923828
2015-10-28,48.34262466430664
2015-10-29,48.21848678588867
2015-10-30,48.27490997314453
2015-11-02,48.424556732177734
2015-11-03,48.475563049316406
2015-11-04,48.333866119384766
2015-11-05,48.14684295654297
2015-11-06,47.91445541381836
2015-11-09,47.716068267822266
2015-11-10,47.60840606689453
2015-11-11,47.495025634765625
2015-11-12,47.177635192871094
2015-11-13,47.041648864746094
2015-11-16,47.26266860961914
2015-11-17,47.29669952392578
2015-11-18,47.38735580444336
2015-11-19,46.962276458740234
2015-11-20,46.950923919677734
2015-11-23,46.9112548828125
2015-11-24,46.9736213684082
2015-11-25,47.024662017822266
2015-11-27,47.09831237792969
2015-11-30,47.069969177246094
2015-12-01,47.404808044433594
2015-12-02,47.30804061889648
2015-12-03,47.1827507019043
2015-12-04,47.07450866699219
2015-12-07,46.74422073364258
2015-12-08,46.1633186340332
2015-12-09,46.40251541137695
2015-12-10,46.20888137817383
2015-12-11,45.28629302978515
2015-12-14,44.89337539672851
2015-12-15,45.62799835205078
2015-12-16,45.975379943847656
2015-12-17,45.462852478027344
2015-12-18,45.29201889038086
2015-12-21,45.149635314941406
2015-12-22,45.69633483886719
2015-12-23,45.986793518066406
2015-12-24,46.080684661865234
2015-12-28,45.805885314941406
2015-12-29,46.069236755371094
2015-12-30,46.103572845458984
2015-12-31,46.132198333740234
2016-01-04,45.857398986816406
2016-01-05,45.943267822265625
2016-01-06,45.943267822265625
2016-01-07,45.64554977416992
2016-01-08,45.525333404541016
2016-01-11,45.45664978027344
2016-01-12,45.50244903564453
2016-01-13,44.9986572265625
2016-01-14,45.19902038574219
2016-01-15,44.603633880615234
2016-01-19,44.44904708862305
2016-01-20,44.151344299316406
2016-01-21,44.44904708862305
2016-01-22,45.13034439086914
2016-01-25,44.68379211425781
2016-01-26,45.08452606201172
2016-01-27,45.015811920166016
2016-01-28,45.24480819702149
2016-01-29,45.39365768432617
2016-02-01,45.12385559082031
2016-02-02,44.80166244506836
2016-02-03,45.020259857177734
2016-02-04,44.87644958496094
2016-02-05,44.53125
2016-02-08,44.01344680786133
2016-02-09,43.84659194946289
2016-02-10,43.78328323364258
2016-02-11,43.48988723754883
2016-02-12,44.14002227783203
2016-02-16,44.18031692504883
2016-02-17,44.54275894165039
2016-02-18,44.58302688598633
2016-02-19,44.669315338134766
2016-02-22,45.05478286743164
2016-02-23,44.962745666503906
2016-02-24,45.03752899169922
2016-02-25,45.27918243408203
2016-02-26,45.58412170410156
2016-02-29,46.073184967041016
2016-03-01,46.80130386352539
2016-03-02,46.48318862915039
2016-03-03,46.639373779296875
2016-03-04,46.77239227294922
2016-03-07,46.83024215698242
2016-03-08,46.50052261352539
2016-03-09,46.6162223815918
2016-03-10,46.94011688232422
2016-03-11,47.50693893432617
2016-03-14,47.373905181884766
2016-03-15,46.9343376159668
2016-03-16,47.24666213989258
2016-03-17,47.54740905761719
2016-03-18,47.65727615356445
2016-03-21,47.60523986816406
2016-03-22,47.47798156738281
2016-03-23,47.25823211669922
2016-03-24,47.050018310546875
2016-03-28,46.83601379394531
2016-03-29,47.01531219482422
2016-03-30,47.18302917480469
2016-03-31,47.24666213989258
2016-04-01,47.28094100952149
2016-04-04,47.16474151611328
2016-04-05,46.99039077758789
2016-04-06,47.38554382324219
2016-04-07,47.153106689453125
2016-04-08,47.36809921264648
2016-04-11,47.4320068359375
2016-04-12,47.71094512939453
2016-04-13,48.02467727661133
2016-04-14,48.00725555419922
2016-04-15,47.93173599243164
2016-04-18,48.204811096191406
2016-04-19,48.408199310302734
2016-04-20,48.501190185546875
2016-04-21,48.3500862121582
2016-04-22,48.460479736328125
2016-04-25,48.274566650390625
2016-04-26,48.437255859375
2016-04-27,48.721954345703125
2016-04-28,48.6406135559082
2016-04-29,48.721954345703125
2016-05-02,48.740665435791016
2016-05-03,48.42543411254883
2016-05-04,48.244483947753906
2016-05-05,48.20363235473633
2016-05-06,48.174442291259766
2016-05-09,48.08687210083008
2016-05-10,48.49549102783203
2016-05-11,48.460472106933594
2016-05-12,48.536373138427734
2016-05-13,48.32036590576172
2016-05-16,48.58884811401367
2016-05-17,48.48966217041016
2016-05-18,48.49549102783203
2016-05-19,48.361236572265625
2016-05-20,48.53049087524414
2016-05-23,48.54219055175781
2016-05-24,48.83403778076172
2016-05-25,48.9099235534668
2016-05-26,48.76982879638672
2016-05-27,48.85155487060547
2016-05-31,48.80485534667969
2016-06-01,48.882266998291016
2016-06-02,48.8940315246582
2016-06-03,48.98200607299805
2016-06-06,49.19900131225586
2016-06-07,49.41602325439453
2016-06-08,49.603729248046875
2016-06-09,49.41014862060547
2016-06-10,49.169708251953125
2016-06-13,48.84121322631836
2016-06-14,48.67695999145508
2016-06-15,48.70043182373047
2016-06-16,48.72980117797851
2016-06-17,48.75910568237305
2016-06-20,49.04651641845703
2016-06-21,49.23421478271485
2016-06-22,49.28114700317383
2016-06-23,49.6447868347168
2016-06-24,48.82950973510742
2016-06-27,48.12563705444336
2016-06-28,48.72980117797851
2016-06-29,49.34565734863281
2016-06-30,49.67995071411133
2016-07-01,49.77840042114258
2016-07-05,49.49554443359375
2016-07-06,49.71355056762695
2016-07-07,49.77840042114258
2016-07-08,50.438377380371094
2016-07-11,50.467864990234375
2016-07-12,50.60931396484375
2016-07-13,50.46199035644531
2016-07-14,50.562164306640625
2016-07-15,50.46199035644531
2016-07-18,50.63286590576172
2016-07-19,50.49734115600586
2016-07-20,50.6269645690918
2016-07-21,50.55628967285156
2016-07-22,50.78017807006836
2016-07-25,50.53856658935547
2016-07-26,50.3441047668457
2016-07-27,50.49734115600586
2016-07-28,50.28516387939453
2016-07-29,50.332366943359375
2016-08-01,50.049957275390625
2016-08-02,49.978946685791016
2016-08-03,50.2038688659668
2016-08-04,50.5235481262207
2016-08-05,50.63601303100586
2016-08-08,50.84319686889648
2016-08-09,51.020782470703125
2016-08-10,50.926063537597656
2016-08-11,51.05036163330078
2016-08-12,51.091793060302734
2016-08-15,51.245697021484375
2016-08-16,51.139183044433594
2016-08-17,51.21023178100586
2016-08-18,51.411468505859375
2016-08-19,51.2575569152832
2016-08-22,51.17470169067383
2016-08-23,51.34635543823242
2016-08-24,51.20426940917969
2016-08-25,51.29900360107422
2016-08-26,51.23979187011719
2016-08-29,51.494346618652344
2016-08-30,51.523929595947266
2016-08-31,51.32269287109375
2016-09-01,51.42434310913086
2016-09-02,51.662147521972656
2016-09-06,51.7215690612793
2016-09-07,51.57889938354492
2016-09-08,51.48377990722656
2016-09-09,50.9903564453125
2016-09-12,51.16871643066406
2016-09-13,50.77634048461914
2016-09-14,50.76445388793945
2016-09-15,51.06171417236328
2016-09-16,51.07355117797851
2016-09-19,51.10331726074219
2016-09-20,51.04386520385742
2016-09-21,51.46595001220703
2016-09-22,51.63834762573242
2016-09-23,51.57889938354492
2016-09-26,51.352989196777344
2016-09-27,51.5015869140625
2016-09-28,51.84642791748047
2016-09-29,51.65024185180664
2016-09-30,51.87614822387695
2016-10-03,51.84387969970703
2016-10-04,51.75432586669922
2016-10-05,51.89167785644531
2016-10-06,51.921531677246094
2016-10-07,52.040985107421875
2016-10-10,52.19024658203125
2016-10-11,51.89765167236328
2016-10-12,51.87973403930664
2016-10-13,51.74835586547851
2016-10-14,51.8677978515625
2016-10-17,51.796138763427734
2016-10-18,52.00515365600586
2016-10-19,52.1544303894043
2016-10-20,52.16038513183594
2016-10-21,52.17233657836914
2016-10-24,52.20220184326172
2016-10-25,52.17233657836914
2016-10-26,51.963340759277344
2016-10-27,51.772254943847656
2016-10-28,51.521446228027344
2016-10-31,51.36619567871094
2016-11-01,51.16585540771485
2016-11-02,50.93790817260742
2016-11-03,50.949913024902344
2016-11-04,50.97390365600586
2016-11-07,51.687705993652344
2016-11-08,51.57373046875
2016-11-09,51.213836669921875
2016-11-10,50.54203796386719
2016-11-11,50.068153381347656
2016-11-14,50.4400749206543
2016-11-15,51.10587692260742
2016-11-16,50.90192031860352
2016-11-17,50.76398468017578
2016-11-18,50.76398468017578
2016-11-21,51.1718635559082
2016-11-22,51.549747467041016
2016-11-23,51.357791900634766
2016-11-25,51.42376708984375
2016-11-28,51.41778564453125
2016-11-29,51.3518180847168
2016-11-30,51.37580490112305
2016-12-01,51.135398864746094
2016-12-02,51.44267272949219
2016-12-05,51.575225830078125
2016-12-06,51.83432388305664
2016-12-07,52.09339904785156
2016-12-08,52.08736038208008
2016-12-09,52.11146545410156
2016-12-12,52.039188385009766
2016-12-13,52.165679931640625
2016-12-14,51.7740592956543
2016-12-15,51.79814910888672
2016-12-16,51.84636306762695
2016-12-19,51.978904724121094
2016-12-20,52.05122756958008
2016-12-21,52.14156723022461
2016-12-22,52.25401306152344
2016-12-23,52.35074234008789
2016-12-27,52.30238342285156
2016-12-28,52.22987365722656
2016-12-29,52.30238342285156
2016-12-30,52.32052230834961
2017-01-03,52.53816223144531
2017-01-04,52.82225799560547
2017-01-05,52.74367904663086
2017-01-06,52.73160934448242
2017-01-09,52.7194938659668
2017-01-10,52.72554397583008
2017-01-11,52.755767822265625
2017-01-12,52.76787567138672
2017-01-13,52.785980224609375
2017-01-17,52.73160934448242
2017-01-18,52.77995681762695
2017-01-19,52.61066436767578
2017-01-20,52.71344757080078
2017-01-23,52.71344757080078
2017-01-24,52.749732971191406
2017-01-25,52.93711471557617
2017-01-26,52.91293716430664
2017-01-27,52.96131134033203
2017-01-30,52.852508544921875
2017-01-31,52.79808807373047
2017-02-01,52.993595123291016
2017-02-02,53.02394485473633
2017-02-03,53.11503219604492
2017-02-06,53.078575134277344
2017-02-07,52.99968338012695
2017-02-08,53.03610610961914
2017-02-09,53.108978271484375
2017-02-10,53.14540100097656
2017-02-13,53.224308013916016
2017-02-14,53.26076126098633
2017-02-15,53.278995513916016
2017-02-16,53.236446380615234
2017-02-17,53.291107177734375
2017-02-21,53.4671745300293
2017-02-22,53.49147415161133
2017-02-23,53.5400505065918
2017-02-24,53.58253860473633
2017-02-27,53.649322509765625
2017-02-28,53.60684585571289
2017-03-01,53.804420471191406
2017-03-02,53.63368606567383
2017-03-03,53.65807342529297
2017-03-06,53.48731231689453
2017-03-07,53.139739990234375
2017-03-08,52.78602600097656
2017-03-09,52.645782470703125
2017-03-10,52.62745666503906
2017-03-13,52.67013931274414
2017-03-14,52.5115966796875
2017-03-15,53.237281799316406
2017-03-16,53.0848388671875
2017-03-17,53.10312271118164
2017-03-20,52.999473571777344
2017-03-21,52.621368408203125
2017-03-22,52.74940490722656
2017-03-23,52.76770782470703
2017-03-24,52.95067596435547
2017-03-27,52.89580154418945
2017-03-28,53.18851089477539
2017-03-29,53.29825973510742
2017-03-30,53.54829406738281
2017-03-31,53.5300178527832
2017-04-03,53.501224517822266
2017-04-04,53.51958465576172
2017-04-05,53.47671127319336
2017-04-06,53.54410934448242
2017-04-07,53.51958465576172
2017-04-10,53.593116760253906
2017-04-11,53.488975524902344
2017-04-12,53.52570724487305
2017-04-13,53.415489196777344
2017-04-17,53.57471466064453
2017-04-18,53.56246566772461
2017-04-19,53.51346206665039
2017-04-20,53.6910514831543
2017-04-21,53.64823532104492
2017-04-24,53.8992919921875
2017-04-25,53.99728012084961
2017-04-26,53.948280334472656
2017-04-27,53.98502731323242
2017-04-28,53.9666748046875
2017-05-01,53.99435043334961
2017-05-02,54.01279067993164
2017-05-03,54.06199645996094
2017-05-04,53.772945404052734
2017-05-05,53.865177154541016
2017-05-08,53.926666259765625
2017-05-09,53.88978958129883
2017-05-10,54.12348175048828
2017-05-11,54.12965774536133
2017-05-12,54.111183166503906
2017-05-15,54.234222412109375
2017-05-16,54.31414794921875
2017-05-17,54.07428741455078
2017-05-18,54.13576889038086
2017-05-19,54.234222412109375
2017-05-22,54.40024948120117
2017-05-23,54.39412307739258
2017-05-24,54.486366271972656
2017-05-25,54.44330978393555
2017-05-26,54.47404861450195
2017-05-30,54.52940368652344
2017-05-31,54.52327346801758
2017-06-01,54.682010650634766
2017-06-02,54.712890625
2017-06-05,54.663482666015625
2017-06-06,54.57698822021485
2017-06-07,54.46583557128906
2017-06-08,54.50904083251953
2017-06-09,54.552337646484375
2017-06-12,54.64494705200195
2017-06-13,54.743778228759766
2017-06-14,54.7499885559082
2017-06-15,54.53994369506836
2017-06-16,54.44727325439453
2017-06-19,54.61404800415039
2017-06-20,54.42261505126953
2017-06-21,54.10757827758789
2017-06-22,54.25579071044922
2017-06-23,54.47818756103515
2017-06-26,54.552337646484375
2017-06-27,54.37934494018555
2017-06-28,54.60172653198242
2017-06-29,54.46583557128906
2017-06-30,54.59554290771485
2017-07-03,54.56887435913086
2017-07-05,54.52545547485352
2017-07-06,54.38898468017578
2017-07-07,54.339332580566406
2017-07-10,54.401371002197266
2017-07-11,54.36415481567383
2017-07-12,54.717742919921875
2017-07-13,54.76116180419922
2017-07-14,54.916221618652344
2017-07-17,54.934871673583984
2017-07-18,54.95963287353515
2017-07-19,55.05269241333008
2017-07-20,55.08369827270508
2017-07-21,55.040283203125
2017-07-24,55.08369827270508
2017-07-25,55.108543395996094
2017-07-26,55.189170837402344
2017-07-27,55.14573669433594
2017-07-28,55.1519660949707
2017-07-31,55.1519660949707
2017-08-01,55.20676803588867
2017-08-02,55.21925735473633
2017-08-03,55.113338470458984
2017-08-04,55.125789642333984
2017-08-07,55.10087966918945
2017-08-08,54.864158630371094
2017-08-09,54.65238952636719
2017-08-10,54.303558349609375
2017-08-11,54.39702224731445
2017-08-14,54.683536529541016
2017-08-15,54.70224380493164
2017-08-16,54.70844650268555
2017-08-17,54.40323638916016
2017-08-18,54.48421859741211
2017-08-21,54.540279388427734
2017-08-22,54.7645149230957
2017-08-23,54.77073669433594
2017-08-24,54.85173797607422
2017-08-25,54.951377868652344
2017-08-28,54.95761489868164
2017-08-29,54.88911056518555
2017-08-30,55.038578033447266
2017-08-31,55.18806076049805
2017-09-01,55.24439239501953
2017-09-05,55.11928176879883
2017-09-06,55.081748962402344
2017-09-07,55.08802032470703
2017-09-08,54.912845611572266
2017-09-11,55.08802032470703
2017-09-12,55.15680313110352
2017-09-13,55.17558288574219
2017-09-14,55.250606536865234
2017-09-15,55.300662994384766
2017-09-18,55.275657653808594
2017-09-19,55.33195495605469
2017-09-20,55.32566452026367
2017-09-21,55.25688171386719
2017-09-22,55.313194274902344
2017-09-25,55.34445571899414
2017-09-26,55.41323471069336
2017-09-27,55.43826675415039
2017-09-28,55.43826675415039
2017-09-29,55.519588470458984
2017-10-02,55.49132537841797
2017-10-03,55.59182357788086
2017-10-04,55.535301208496094
2017-10-05,55.60440444946289
2017-10-06,55.52272415161133
2017-10-09,55.529022216796875
2017-10-10,55.572975158691406
2017-10-11,55.516456604003906
2017-10-12,55.45366668701172
2017-10-13,55.47877502441406
2017-10-16,55.51018142700195
2017-10-17,55.59182357788086
2017-10-18,55.64834976196289
2017-10-19,55.65463638305664
2017-10-20,55.70489883422851
2017-10-23,55.64207458496094
2017-10-24,55.64207458496094
2017-10-25,55.48502731323242
2017-10-26,55.415977478027344
2017-10-27,55.56669235229492
2017-10-30,55.554141998291016
2017-10-31,55.56669235229492
2017-11-01,55.51372528076172
2017-11-02,55.48219680786133
2017-11-03,55.488494873046875
2017-11-06,55.49479675292969
2017-11-07,55.337135314941406
2017-11-08,55.091156005859375
2017-11-09,54.81998825073242
2017-11-10,54.93979263305664
2017-11-13,54.901973724365234
2017-11-14,54.6685905456543
2017-11-15,54.6685905456543
2017-11-16,55.20467758178711
2017-11-17,55.16683197021485
2017-11-20,55.17945861816406
2017-11-21,55.29297637939453
2017-11-22,55.38127517700195
2017-11-24,55.419132232666016
2017-11-27,55.24882507324219
2017-11-28,55.419132232666016
2017-11-29,55.34973907470703
2017-11-30,55.36235046386719
2017-12-01,55.34461975097656
2017-12-04,55.32562255859375
2017-12-05,55.2939453125
2017-12-06,55.2432746887207
2017-12-07,55.26863479614258
2017-12-08,55.32562255859375
2017-12-11,55.3382682800293
2017-12-12,55.31293487548828
2017-12-13,55.34461975097656
2017-12-14,55.23059844970703
2017-12-15,55.2369499206543
2017-12-18,55.2939453125
2017-12-19,55.179931640625
2017-12-20,55.22427749633789
2017-12-21,55.28217697143555
2017-12-22,55.33303451538086
2017-12-26,55.41571807861328
2017-12-27,55.441158294677734
2017-12-28,55.41571807861328
2017-12-29,55.498416900634766
2018-01-02,55.54926681518555
2018-01-03,55.81639099121094
2018-01-04,55.91180038452149
2018-01-05,55.9499626159668
2018-01-08,55.905479431152344
2018-01-09,55.733699798583984
2018-01-10,55.61287307739258
2018-01-11,55.79734420776367
2018-01-12,55.70192337036133
2018-01-16,55.67011260986328
2018-01-17,55.676483154296875
2018-01-18,55.61922836303711
2018-01-19,55.676483154296875
2018-01-22,55.72738265991211
2018-01-23,55.89271926879883
2018-01-24,55.8100471496582
2018-01-25,55.77188491821289
2018-01-26,55.81639099121094
2018-01-29,55.61922836303711
2018-01-30,55.42847442626953
2018-01-31,55.52384185791016
2018-02-01,55.41908645629883
2018-02-02,55.06782531738281
2018-02-05,54.761234283447266
2018-02-06,55.093353271484375
2018-02-07,54.88896179199219
2018-02-08,54.40998840332031
2018-02-09,54.25667572021485
2018-02-12,54.62712478637695
2018-02-13,54.45466232299805
2018-02-14,54.55046081542969
2018-02-15,54.99115753173828
2018-02-16,55.2147102355957
2018-02-20,55.02312469482422
2018-02-21,54.77404022216797
2018-02-22,54.81233215332031
2018-02-23,55.1764030456543
2018-02-26,55.27219772338867
2018-02-27,55.12529754638672
2018-02-28,55.042274475097656
2018-03-01,54.67739486694336
2018-03-02,54.98519134521485
2018-03-05,54.98519134521485
2018-03-06,55.06214141845703
2018-03-07,54.927494049072266
2018-03-08,54.99161148071289
2018-03-09,55.19037628173828
2018-03-12,55.10062026977539
2018-03-13,54.927494049072266
2018-03-14,54.86334991455078
2018-03-15,54.90184783935547
2018-03-16,55.01723861694336
2018-03-19,54.79283905029297
2018-03-20,54.90184783935547
2018-03-21,54.92107391357422
2018-03-22,54.59404754638672
2018-03-23,54.452972412109375
2018-03-26,54.8056526184082
2018-03-27,54.75435256958008
2018-03-28,54.72872543334961
2018-03-29,54.914649963378906
2018-04-02,54.70155334472656
2018-04-03,54.85607147216797
2018-04-04,54.978416442871094
2018-04-05,55.02347183227539
2018-04-06,54.901123046875
2018-04-09,55.10715866088867
2018-04-10,55.3067626953125
2018-04-11,55.32608795166016
2018-04-12,55.52568054199219
2018-04-13,55.55787658691406
2018-04-16,55.64155960083008
2018-04-17,55.66732406616211
2018-04-18,55.609375
2018-04-19,55.435516357421875
2018-04-20,55.30032730102539
2018-04-23,55.15224838256836
2018-04-24,55.04277801513672
2018-04-25,55.04924011230469
2018-04-26,55.24236679077149
2018-04-27,55.21661376953125
2018-04-30,55.177982330322266
2018-05-01,55.21875
2018-05-02,55.19935989379883
2018-05-03,55.1928596496582
2018-05-04,55.23164367675781
2018-05-07,55.28340530395508
2018-05-08,55.19935989379883
2018-05-09,55.28985977172851
2018-05-10,55.45151901245117
2018-05-11,55.43210220336914
2018-05-14,55.44506072998047
2018-05-15,55.17348098754883
2018-05-16,55.24458312988281
2018-05-17,55.276912689208984
2018-05-18,55.21875
2018-05-21,55.29633712768555
2018-05-22,55.33514404296875
2018-05-23,55.3803825378418
2018-05-24,55.41269302368164
2018-05-25,55.32217025756836
2018-05-29,55.08940124511719
2018-05-30,55.25755310058594
2018-05-31,55.2057991027832
2018-06-01,55.331825256347656
2018-06-04,55.4487419128418
2018-06-05,55.51365661621094
2018-06-06,55.650047302246094
2018-06-07,55.669551849365234
2018-06-08,55.63706970214844
2018-06-11,55.741004943847656
2018-06-12,55.78647232055664
2018-06-13,55.80595397949219
2018-06-14,55.96834182739258
2018-06-15,55.93585205078125
2018-06-18,55.92937469482422
2018-06-19,55.85141372680664
2018-06-20,55.909854888916016
2018-06-21,55.79295349121094
2018-06-22,55.79945755004883
2018-06-25,55.669551849365234
2018-06-26,55.66305160522461
2018-06-27,55.54616165161133
2018-06-28,55.39025115966797
2018-06-29,55.26036071777344
2018-07-02,55.3132209777832
2018-07-03,55.31974029541016
2018-07-05,55.528560638427734
2018-07-06,55.67204666137695
2018-07-09,55.756858825683594
2018-07-10,55.763389587402344
2018-07-11,55.67856979370117
2018-07-12,55.8547248840332
2018-07-13,55.8547248840332
2018-07-16,55.81558609008789
2018-07-17,55.83514022827149
2018-07-18,55.86126327514648
2018-07-19,55.83514022827149
2018-07-20,55.86126327514648
2018-07-23,55.8416633605957
2018-07-24,55.959129333496094
2018-07-25,56.063499450683594
2018-07-26,56.07000732421875
2018-07-27,56.05045700073242
2018-07-30,56.07000732421875
2018-07-31,56.18745803833008
2018-08-01,56.237911224365234
2018-08-02,56.27066802978515
2018-08-03,56.316551208496094
2018-08-06,56.421382904052734
2018-08-07,56.44756317138672
2018-08-08,56.414825439453125
2018-08-09,56.37553024291992
2018-08-10,56.27724838256836
2018-08-13,56.237911224365234
2018-08-14,56.33622360229492
2018-08-15,56.237911224365234
2018-08-16,56.31001281738281
2018-08-17,56.37553024291992
2018-08-20,56.40171813964844
2018-08-21,56.48693084716797
2018-08-22,56.50654220581055
2018-08-23,56.500003814697266
2018-08-24,56.5982780456543
2018-08-27,56.61796188354492
2018-08-28,56.59172439575195
2018-08-29,56.55897521972656
2018-08-30,56.51309967041016
2018-08-31,56.58518981933594
2018-09-04,56.4674072265625
2018-09-05,56.408172607421875
2018-09-06,56.4542350769043
2018-09-07,56.39501190185547
2018-09-10,56.506858825683594
2018-09-11,56.520023345947266
2018-09-12,56.65165328979492
2018-09-13,56.756935119628906
2018-09-14,56.80959701538086
2018-09-17,56.77010345458984
2018-09-18,56.76350784301758
2018-09-19,56.65821075439453
2018-09-20,56.737213134765625
2018-09-21,56.75034713745117
2018-09-24,56.72403335571289
2018-09-25,56.677974700927734
2018-09-26,56.737213134765625
2018-09-27,56.84246826171875
2018-09-28,56.88198471069336
2018-10-01,57.04658126831055
2018-10-02,57.000301361083984
2018-10-03,56.848270416259766
2018-10-04,56.63669967651367
2018-10-05,56.38557052612305
2018-10-08,56.25996017456055
2018-10-09,56.34587478637695
2018-10-10,55.94265365600586
2018-10-11,55.988922119140625
2018-10-12,56.286407470703125
2018-10-15,56.2467155456543
2018-10-16,56.43840408325195
2018-10-17,56.32607650756836
2018-10-18,56.088104248046875
2018-10-19,56.121131896972656
2018-10-22,56.14756393432617
2018-10-23,56.094688415527344
2018-10-24,55.81705856323242
2018-10-25,55.929420471191406
2018-10-26,55.678253173828125
2018-10-29,55.625362396240234
2018-10-30,55.75754165649414
2018-10-31,55.75754165649414
2018-11-01,56.01331329345703
2018-11-02,55.98011779785156
2018-11-05,56.0265998840332
2018-11-06,56.17276382446289
2018-11-07,56.49824905395508
2018-11-08,56.35874938964844
2018-11-09,56.03989028930664
2018-11-12,55.694435119628906
2018-11-13,55.60142135620117
2018-11-14,55.49517822265625
2018-11-15,55.481876373291016
2018-11-16,55.31580352783203
2018-11-19,55.143104553222656
2018-11-20,54.97037124633789
2018-11-21,55.249385833740234
2018-11-23,54.943790435791016
2018-11-26,55.20286560058594
2018-11-27,55.176326751708984
2018-11-28,55.63466262817383
2018-11-29,55.64796447753906
2018-11-30,55.5350227355957
2018-12-03,55.91939163208008
2018-12-04,55.57240676879883
2018-12-06,55.37888717651367
2018-12-07,55.272117614746094
2018-12-10,55.312137603759766
2018-12-11,55.41223907470703
2018-12-12,55.5924072265625
2018-12-13,55.72585678100586
2018-12-14,55.49231719970703
2018-12-17,55.13196563720703
2018-12-18,55.0321044921875
2018-12-19,54.53593063354492
2018-12-20,54.05989074707031
2018-12-21,53.79171371459961
2018-12-24,53.38945007324219
2018-12-26,54.28784942626953
2018-12-27,54.25434494018555
2018-12-28,54.33479309082031
2018-12-31,54.37503433227539
2019-01-02,54.30126190185547
2019-01-03,54.328067779541016
2019-01-04,55.23992156982422
2019-01-07,55.77629852294922
2019-01-08,56.13835906982422
2019-01-09,56.20538330078125
2019-01-10,56.426658630371094
2019-01-11,56.24562072753906
2019-01-14,56.064579010009766
2019-01-15,56.2523307800293
2019-01-16,56.339500427246094
2019-01-17,56.493690490722656
2019-01-18,56.65460968017578
2019-01-22,56.27913284301758
2019-01-23,56.39311981201172
2019-01-24,56.45346450805664
2019-01-25,56.594295501708984
2019-01-28,56.50712585449219
2019-01-29,56.47358322143555
2019-01-30,56.92279815673828
2019-01-31,57.06361770629883
2019-02-01,57.03598403930664
2019-02-04,57.17070007324219
2019-02-05,57.37272262573242
2019-02-06,57.3188591003418
2019-02-07,57.12352752685547
2019-02-08,57.110076904296875
2019-02-11,57.137001037597656
2019-02-12,57.41315078735352
2019-02-13,57.33234405517578
2019-02-14,57.33907699584961
2019-02-15,57.52090835571289
2019-02-19,57.5411491394043
2019-02-20,57.588287353515625
2019-02-21,57.534393310546875
2019-02-22,57.648902893066406
2019-02-25,57.696041107177734
2019-02-26,57.77015686035156
2019-02-27,57.790374755859375
2019-02-28,57.75667190551758
2019-03-01,57.92043685913086
2019-03-04,57.83245468139648
2019-03-05,57.80541229248047
2019-03-06,57.71066665649414
2019-03-07,57.6700553894043
2019-03-08,57.57537078857422
2019-03-11,57.764793395996094
2019-03-12,57.86626052856445
2019-03-13,58.02189254760742
2019-03-14,57.98127365112305
2019-03-15,58.03541946411133
2019-03-18,58.015113830566406
2019-03-19,58.04895782470703
2019-03-20,58.29928970336914
2019-03-21,58.285743713378906
2019-03-22,58.07602310180664
2019-03-25,58.05571365356445
2019-03-26,58.197784423828125
2019-03-27,58.23838424682617
2019-03-28,58.35337829589844
2019-03-29,58.502235412597656
2019-04-01,58.48799133300781
2019-04-02,58.51514434814453
2019-04-03,58.535518646240234
2019-04-04,58.6238899230957
2019-04-05,58.732608795166016
2019-04-08,58.69862365722656
2019-04-09,58.65784454345703
2019-04-10,58.91608810424805
2019-04-11,59.00444030761719
2019-04-12,59.092750549316406
2019-04-15,59.0520133972168
2019-04-16,59.01799392700195
2019-04-17,58.87531661987305
2019-04-18,58.90251159667969
2019-04-22,58.80054473876953
2019-04-23,59.00444030761719
2019-04-24,58.92287063598633
2019-04-25,58.95006561279297
2019-04-26,59.09956359863281
2019-04-29,59.072364807128906
2019-04-30,59.07917785644531
2019-05-01,58.88536071777344
2019-05-02,58.92631912231445
2019-05-03,59.0764045715332
2019-05-06,59.1037483215332
2019-05-07,58.748870849609375
2019-05-08,58.76935577392578
2019-05-09,58.68062973022461
2019-05-10,58.84444046020508
2019-05-13,58.30533218383789
2019-05-14,58.434959411621094
2019-05-15,58.48958206176758
2019-05-16,58.66697692871094
2019-05-17,58.64649963378906
2019-05-20,58.59194564819336
2019-05-21,58.77618789672851
2019-05-22,58.82395935058594
2019-05-23,58.530517578125
2019-05-24,58.44859313964844
2019-05-28,58.39402770996094
2019-05-29,58.23708724975586
2019-05-30,58.35992431640625
2019-05-31,57.93680953979492
2019-06-03,58.03007125854492
2019-06-04,58.61275100708008
2019-06-05,58.7498779296875
2019-06-06,58.87322998046875
2019-06-07,59.024078369140625
2019-06-10,59.11316680908203
2019-06-11,59.19544219970703
2019-06-12,59.05832290649414
2019-06-13,59.19544219970703
2019-06-14,59.1543083190918
2019-06-17,59.065189361572266
2019-06-18,59.476505279541016
2019-06-19,59.757568359375
2019-06-20,60.0591926574707
2019-06-21,59.86729049682617
2019-06-24,59.860408782958984
2019-06-25,59.60676956176758
2019-06-26,59.57936477661133
2019-06-27,59.743873596191406
2019-06-28,59.764442443847656
2019-07-01,59.78232955932617
2019-07-02,59.91315078735352
2019-07-03,60.14041519165039
2019-07-05,59.89939880371094
2019-07-08,59.78232955932617
2019-07-09,59.7134895324707
2019-07-10,59.87874603271485
2019-07-11,59.76167297363281
2019-07-12,59.85807037353515
2019-07-15,59.89939880371094
2019-07-16,59.77544021606445
2019-07-17,59.699710845947266
2019-07-18,59.72725296020508
2019-07-19,59.62397003173828
2019-07-22,59.82365036010742
2019-07-23,59.92693328857422
2019-07-24,59.97515106201172
2019-07-25,59.89250564575195
2019-07-26,60.023319244384766
2019-07-29,59.933837890625
2019-07-30,59.96137619018555
2019-07-31,59.85807037353515
2019-08-01,59.82834243774414
2019-08-02,59.73843765258789
2019-08-05,59.11611557006836
2019-08-06,59.4964485168457
2019-08-07,59.48951721191406
2019-08-08,59.7246208190918
2019-08-09,59.64162063598633
2019-08-12,59.43422317504883
2019-08-13,59.69697952270508
2019-08-14,59.164520263671875
2019-08-15,59.3373908996582
2019-08-16,59.53790283203125
2019-08-19,59.71080017089844
2019-08-20,59.75918960571289
2019-08-21,60.01506423950195
2019-08-22,60.12569046020508
2019-08-23,59.849124908447266
2019-08-26,60.146453857421875
2019-08-27,60.11878204345703
2019-08-28,60.263973236083984
2019-08-29,60.32622528076172
2019-08-30,60.27091598510742
2019-09-03,60.09798049926758
2019-09-04,60.222999572753906
2019-09-05,60.459102630615234
2019-09-06,60.51464080810547
2019-09-09,60.5771598815918
2019-09-10,60.61189270019531
2019-09-11,60.60495376586914
2019-09-12,60.63966369628906
2019-09-13,60.52854537963867
2019-09-16,60.74381637573242
2019-09-17,60.778564453125
2019-09-18,60.74381637573242
2019-09-19,60.67437744140625
2019-09-20,60.750770568847656
2019-09-23,60.7230110168457
2019-09-24,60.63966369628906
2019-09-25,60.5771598815918
2019-09-26,60.53550338745117
2019-09-27,60.466033935546875
2019-09-30,60.53550338745117
2019-10-01,60.3960075378418
2019-10-02,60.04044342041016
2019-10-03,60.07533264160156
2019-10-04,60.26355743408203
2019-10-07,60.21474075317383
2019-10-08,59.99165725708008
2019-10-09,60.17293167114258
2019-10-10,60.2496452331543
2019-10-11,60.500633239746094
2019-10-14,60.54245376586914
2019-10-15,60.674957275390625
2019-10-16,60.626129150390625
2019-10-17,60.70980453491211
2019-10-18,60.7237548828125
2019-10-21,60.74467468261719
2019-10-22,60.758602142333984
2019-10-23,60.81440734863281
2019-10-24,60.88412857055664
2019-10-25,60.93294525146485
2019-10-28,60.92592239379883
2019-10-29,60.81440734863281
2019-10-30,60.73771286010742
2019-10-31,60.528507232666016
2019-11-01,60.78826904296875
2019-11-04,60.91434097290039
2019-11-05,60.851318359375
2019-11-06,60.78129959106445
2019-11-07,60.7532844543457
2019-11-08,60.80928421020508
2019-11-11,60.7742919921875
2019-11-12,60.78826904296875
2019-11-13,60.725284576416016
2019-11-14,60.69025802612305
2019-11-15,60.87230682373047
2019-11-18,60.79530715942383
2019-11-19,60.57825469970703
2019-11-20,60.452186584472656
2019-11-21,60.46619415283203
2019-11-22,60.697261810302734
2019-11-25,60.85829544067383
2019-11-26,60.92831039428711
2019-11-27,61.005348205566406
2019-11-29,60.87230682373047
2019-12-02,60.83085250854492
2019-12-03,60.74647903442383
2019-12-04,60.92924880981445
2019-12-05,61.0206413269043
2019-12-06,61.10496520996094
2019-12-09,61.10496520996094
2019-12-10,61.252586364746094
2019-12-11,61.379127502441406
2019-12-12,61.51968765258789
2019-12-13,61.582969665527344
2019-12-16,61.70244598388672
2019-12-17,61.89223098754883
2019-12-18,62.00468444824219
2019-12-19,61.97226333618164
2019-12-20,61.88055038452149
2019-12-23,61.90876770019531
2019-12-24,61.95817184448242
2019-12-26,62.04983901977539
2019-12-27,62.02164459228515
2019-12-30,61.97929000854492
2019-12-31,62.0357780456543
2020-01-02,62.29673385620117
2020-01-03,62.233280181884766
2020-01-06,62.16976547241211
2020-01-07,62.11334228515625
2020-01-08,62.16976547241211
2020-01-09,62.33203887939453
2020-01-10,62.353214263916016
2020-01-13,62.353214263916016
2020-01-14,62.34617233276367
2020-01-15,62.360252380371094
2020-01-16,62.38141632080078
2020-01-17,62.33203887939453
2020-01-21,62.1980094909668
2020-01-22,62.31087493896485
2020-01-23,62.120365142822266
2020-01-24,61.85940170288086
2020-01-27,61.44316864013672
2020-01-28,61.97226333618164
2020-01-29,61.937007904052734
2020-01-30,62.0004768371582
2020-01-31,61.74650955200195
2020-02-03,61.73661422729492
2020-02-04,62.104984283447266
2020-02-05,62.359989166259766
2020-02-06,62.40957260131836
2020-02-07,62.3174934387207
2020-02-10,62.40251159667969
2020-02-11,62.44502258300781
2020-02-12,62.60795211791992
2020-02-13,62.62921142578125
2020-02-14,62.622108459472656
2020-02-18,62.49458694458008
2020-02-19,62.52293014526367
2020-02-20,62.62921142578125
2020-02-21,62.57252502441406
2020-02-24,61.8995475769043
2020-02-25,61.46743392944336
2020-02-26,61.53116226196289
2020-02-27,60.70236587524414
2020-02-28,60.950286865234375
2020-03-02,61.412811279296875
2020-03-03,61.149513244628906
2020-03-04,61.98915481567383
2020-03-05,61.2064323425293
2020-03-06,60.51626205444336
2020-03-09,57.91200637817383
2020-03-10,58.80144500732422
2020-03-11,57.52064895629883
2020-03-12,55.222408294677734
2020-03-13,56.95856094360352
2020-03-16,53.827789306640625
2020-03-17,54.33300018310547
2020-03-18,51.93510818481445
2020-03-19,50.76815414428711
2020-03-20,49.629737854003906
2020-03-23,48.832801818847656
2020-03-24,50.84648513793945
2020-03-25,52.276641845703125
2020-03-26,54.66739654541016
2020-03-27,54.80973052978515
2020-03-30,55.27934265136719
2020-03-31,54.838191986083984
2020-04-01,53.332862854003906
2020-04-02,53.74764633178711
2020-04-03,52.596309661865234
2020-04-06,53.876338958740234
2020-04-07,53.876338958740234
2020-04-08,55.27796936035156
2020-04-09,58.89643478393555
2020-04-13,58.05259704589844
2020-04-14,58.295753479003906
2020-04-15,57.75224304199219
2020-04-16,57.695030212402344
2020-04-17,57.98821640014648
2020-04-20,57.11581039428711
2020-04-21,56.07175827026367
2020-04-22,56.56513977050781
2020-04-23,56.536582946777344
2020-04-24,56.00739288330078
2020-04-27,56.2361946105957
2020-04-28,56.40786361694336
2020-04-29,57.4018440246582
2020-04-30,57.51626968383789
2020-05-01,56.52416229248047
2020-05-04,56.44514846801758
2020-05-05,56.93365478515625
2020-05-06,56.61035919189453
2020-05-07,56.75403594970703
2020-05-08,57.29286575317383
2020-05-11,57.03421401977539
2020-05-12,56.96238708496094
2020-05-13,56.660640716552734
2020-05-14,56.466678619384766
2020-05-15,56.545692443847656
2020-05-18,57.54429244995117
2020-05-19,57.61613464355469
2020-05-20,58.22677993774414
2020-05-21,58.212398529052734
2020-05-22,58.3560905456543
2020-05-26,58.7943115234375
2020-05-27,58.91643524169922
2020-05-28,58.973907470703125
2020-05-29,59.21098327636719
2020-06-01,59.65886688232422
2020-06-02,60.25025939941406
2020-06-03,60.53154754638672
2020-06-04,60.344017028808594
2020-06-05,60.91380310058594
2020-06-08,60.98588943481445
2020-06-09,60.509883880615234
2020-06-10,60.42335510253906
2020-06-11,58.87273788452149
2020-06-12,59.4569206237793
2020-06-15,60.03388977050781
2020-06-16,60.27911758422851
2020-06-17,59.997859954833984
2020-06-18,59.97618103027344
2020-06-19,59.774227142333984
2020-06-22,59.73097610473633
2020-06-23,59.81753921508789
2020-06-24,59.204498291015625
2020-06-25,59.22613525390625
2020-06-26,58.66358184814453
2020-06-29,58.33180236816406
2020-06-30,58.865516662597656
2020-07-01,59.04877853393555
2020-07-02,59.48331832885742
2020-07-06,59.910640716552734
2020-07-07,59.51230239868164
2020-07-08,59.6716194152832
2020-07-09,59.541259765625
2020-07-10,59.74400329589844
2020-07-13,59.41811752319336
2020-07-14,59.92509841918945
2020-07-15,60.26553726196289
2020-07-16,60.32344055175781
2020-07-17,60.49003601074219
2020-07-20,60.85214614868164
2020-07-21,61.134647369384766
2020-07-22,61.257755279541016
2020-07-23,61.21426010131836
2020-07-24,61.27223205566406
2020-07-27,61.417091369628906
2020-07-28,61.257755279541016
2020-07-29,61.598167419433594
2020-07-30,61.728546142578125
2020-07-31,61.84441375732422
2020-08-03,61.859676361083984
2020-08-04,61.83787536621094
2020-08-05,61.9468994140625
2020-08-06,62.08510971069336
2020-08-07,61.932373046875
2020-08-10,61.96149063110352
2020-08-11,61.40154647827149
2020-08-12,61.41608428955078
2020-08-13,61.24886703491211
2020-08-14,61.1397705078125
2020-08-17,61.50339889526367
2020-08-18,61.59789276123047
2020-08-19,61.423397064208984
2020-08-20,61.6269645690918
2020-08-21,61.61970901489258
2020-08-24,61.903289794921875
2020-08-25,61.96874237060547
2020-08-26,61.96149063110352
2020-08-27,61.866943359375
2020-08-28,61.91786193847656
2020-08-31,61.83058166503906
2020-09-01,62.16716384887695
2020-09-02,62.24016952514648
2020-09-03,61.853214263916016
2020-09-04,61.68528366088867
2020-09-08,61.34215545654297
2020-09-09,61.824012756347656
2020-09-10,61.531959533691406
2020-09-11,61.65608215332031
2020-09-14,61.59040069580078
2020-09-15,61.75830841064453
2020-09-16,61.75830841064453
2020-09-17,61.6926155090332
2020-09-18,61.53929138183594
2020-09-21,61.04281234741211
2020-09-22,61.254547119140625
2020-09-23,60.63397216796875
2020-09-24,60.67046356201172
2020-09-25,60.560943603515625
2020-09-28,60.955204010009766
2020-09-29,61.00632858276367
2020-09-30,61.254547119140625
2020-10-01,61.4649772644043
2020-10-02,61.4649772644043
2020-10-05,61.92692565917969
2020-10-06,61.787567138671875
2020-10-07,62.0075569152832
2020-10-08,62.14685821533203
2020-10-09,62.28614044189453
2020-10-12,62.601436614990234
2020-10-13,62.32283020019531
2020-10-14,62.16883850097656
2020-10-15,62.12485885620117
2020-10-16,62.051536560058594
2020-10-19,61.83155822753906
2020-10-20,62.051536560058594
2020-10-21,62.04421615600586
2020-10-22,62.1541633605957
2020-10-23,62.22750473022461
2020-10-26,61.677635192871094
2020-10-27,61.70695114135742
2020-10-28,61.19367218017578
2020-10-29,61.369667053222656
2020-10-30,61.50163650512695
2020-11-02,61.64814758300781
2020-11-03,62.178340911865234
2020-11-04,62.76008605957031
2020-11-05,62.980987548828125
2020-11-06,62.76008605957031
2020-11-09,63.23869323730469
2020-11-10,63.15034484863281
2020-11-11,63.12825775146485
2020-11-12,62.701171875
2020-11-13,62.91469955444336
2020-11-16,63.26815414428711
2020-11-17,63.29024887084961
2020-11-18,63.17243576049805
2020-11-19,63.38600158691406
2020-11-20,63.26815414428711
2020-11-23,63.36387634277344
2020-11-24,63.55533599853515
2020-11-25,63.525875091552734
2020-11-27,63.62896728515625
2020-11-30,63.56270217895508
2020-12-01,63.72607421875
2020-12-02,63.90350341796875
2020-12-03,63.940467834472656
2020-12-04,64.20662689208984
2020-12-07,64.17704772949219
2020-12-08,64.12529754638672
2020-12-09,64.02918243408203
2020-12-10,64.14747619628906
2020-12-11,64.0809555053711
2020-12-14,64.0957260131836
2020-12-15,64.29535675048828
2020-12-16,64.19922637939453
2020-12-17,64.29500579833984
2020-12-18,64.34696197509766
2020-12-21,64.11686706542969
2020-12-22,64.19849395751953
2020-12-23,64.48802185058594
2020-12-24,64.62165069580078
2020-12-28,64.70330810546875
2020-12-29,64.62165069580078
2020-12-30,64.7552490234375
2020-12-31,64.80721282958984
2021-01-04,64.6736068725586
2021-01-05,64.69587707519531
2021-01-06,64.57707977294922
2021-01-07,64.76266479492188
2021-01-08,64.85917663574219
2021-01-11,64.51028442382812
2021-01-12,64.5919418334961
2021-01-13,64.78494262695312
2021-01-14,64.77007293701172
2021-01-15,64.66616821289062
2021-01-19,64.85175323486328
2021-01-20,64.97051239013672
2021-01-21,64.93343353271484
2021-01-22,64.80721282958984
2021-01-25,64.82206726074219
2021-01-26,64.7255630493164
2021-01-27,64.53998565673828
2021-01-28,64.73297119140625
2021-01-29,64.56224822998047
2021-02-01,64.76940155029297
2021-02-02,64.92582702636719
2021-02-03,64.97802734375
2021-02-04,65.11209106445312
2021-02-05,65.20893096923828
2021-02-08,65.40266418457031
2021-02-09,65.28347778320312
2021-02-10,65.2685775756836
2021-02-11,65.29838562011719
2021-02-12,65.40266418457031
2021-02-16,65.29838562011719
2021-02-17,65.27601623535156
2021-02-18,65.1866226196289
2021-02-19,65.19402313232422
2021-02-22,64.99288177490234
2021-02-23,65.14936065673828
2021-02-24,65.21641540527344
2021-02-25,64.59800720214844
2021-02-26,64.40428924560547
2021-03-01,65.12736511230469
2021-03-02,65.03012084960938
2021-03-03,64.8207778930664
2021-03-04,64.57403564453125
2021-03-05,64.76841735839844
2021-03-08,64.29737854003906
2021-03-09,64.3870849609375
2021-03-10,64.5889663696289
2021-03-11,64.8282241821289
2021-03-12,64.64877319335938
2021-03-15,64.65625
2021-03-16,64.50674438476562
2021-03-17,64.5964584350586
2021-03-18,64.10296630859375
2021-03-19,64.34968566894531
2021-03-22,64.5815200805664
2021-03-23,64.64877319335938
2021-03-24,64.6861801147461
2021-03-25,64.79835510253906
2021-03-26,64.99275970458984
2021-03-29,65.03012084960938
2021-03-30,64.87312316894531
2021-03-31,65.18717193603516
2021-04-01,65.32520294189453
2021-04-05,65.3552017211914
2021-04-06,65.46774291992188
2021-04-07,65.44525146484375
2021-04-08,65.46774291992188
2021-04-09,65.4227294921875
2021-04-12,65.3552017211914
2021-04-13,65.40026092529297
2021-04-14,65.3702163696289
2021-04-15,65.6327896118164
2021-04-16,65.49774932861328
2021-04-19,65.39274597167969
2021-04-20,65.28020477294922
2021-04-21,65.49774932861328
2021-04-22,65.37775421142578
2021-04-23,65.5502700805664
2021-04-26,65.52029418945312
2021-04-27,65.43022918701172
2021-04-28,65.55780029296875
2021-04-29,65.6327896118164
2021-04-30,65.6028060913086
2021-05-03,65.62841796875
2021-05-04,65.59075927734375
2021-05-05,65.71871948242188
2021-05-06,65.69615173339844
2021-05-07,65.7413330078125
2021-05-10,65.59075927734375
2021-05-11,65.52300262451172
2021-05-12,65.20682525634766
2021-05-13,65.44019317626953
2021-05-14,65.65098571777344
2021-05-17,65.53054809570312
2021-05-18,65.37242889404297
2021-05-19,65.19927215576172
2021-05-20,65.47784423828125
2021-05-21,65.57568359375
2021-05-24,65.65098571777344
2021-05-25,65.65850830078125
2021-05-26,65.68109130859375
2021-05-27,65.65098571777344
2021-05-28,65.62841796875
2021-06-01,65.82553100585938
2021-06-02,65.90861511230469
2021-06-03,65.77266693115234
2021-06-04,65.9161605834961
2021-06-07,65.9388427734375
2021-06-08,65.98416137695312
2021-06-09,66.03702545166016
2021-06-10,66.15786743164062
2021-06-11,66.1805191040039
2021-06-14,66.1201171875
2021-06-15,66.11253356933594
2021-06-16,66.02189636230469
2021-06-17,66.06723022460938
2021-06-18,66.03702545166016
2021-06-21,66.16543579101562
2021-06-22,66.21072387695312
2021-06-23,66.14275360107422
2021-06-24,66.3466796875
2021-06-25,66.41466522216797
2021-06-28,66.40714263916016
2021-06-29,66.49018096923828
2021-06-30,66.49777221679688
2021-07-01,66.62808990478516
2021-07-02,66.73420715332031
2021-07-06,66.69634246826172
2021-07-07,66.71904754638672
2021-07-08,66.57506561279297
2021-07-09,66.68875122070312
2021-07-12,66.666015625
2021-07-13,66.46895599365234
2021-07-14,66.57506561279297
2021-07-15,66.52960205078125
2021-07-16,66.43865966796875
2021-07-19,65.99153900146484
2021-07-20,66.3249740600586
2021-07-21,66.48413848876953
2021-07-22,66.52201843261719
2021-07-23,66.65081787109375
2021-07-26,66.55233001708984
2021-07-27,66.46138763427734
2021-07-28,66.51443481445312
2021-07-29,66.65840148925781
2021-07-30,66.56744384765625
2021-08-02,66.4024887084961
2021-08-03,66.47854614257812
2021-08-04,66.35688781738281
2021-08-05,66.5089340209961
2021-08-06,66.43292999267578
2021-08-09,66.28087615966797
2021-08-10,66.12879180908203
2021-08-11,66.23523712158203
2021-08-12,66.34927368164062
2021-08-13,66.4937515258789
2021-08-16,66.51654815673828
2021-08-17,66.3644790649414
2021-08-18,66.21241760253906
2021-08-19,66.20481872558594
2021-08-20,66.3644790649414
2021-08-23,66.56977081298828
2021-08-24,66.6609878540039
2021-08-25,66.72941589355469
2021-08-26,66.69139862060547
2021-08-27,66.87387084960938
2021-08-30,66.95751953125
2021-08-31,66.9726791381836
2021-09-01,67.0299301147461
2021-09-02,67.11377716064453
2021-09-03,67.12142944335938
2021-09-07,66.946044921875
2021-09-08,67.0222396850586
2021-09-09,67.08329010009766
2021-09-10,66.98414611816406
2021-09-13,67.15190887451172
2021-09-14,67.12142944335938
2021-09-15,67.22056579589844
2021-09-16,67.19766998291016
2021-09-17,67.11377716064453
2021-09-20,66.87739562988281
2021-09-21,66.99177551269531
2021-09-22,67.11377716064453
2021-09-23,67.14429473876953
2021-09-24,67.045166015625
2021-09-27,66.98414611816406
2021-09-28,66.6791000366211
2021-09-29,66.80108642578125
2021-09-30,66.72484588623047
2021-10-01,66.88475799560547
2021-10-04,66.6475601196289
2021-10-05,66.61695861816406
2021-10-06,66.57869720458984
2021-10-07,66.58634185791016
2021-10-08,66.38738250732422
2021-10-11,66.18079376220703
2021-10-12,66.3032455444336
2021-10-13,66.47924041748047
2021-10-14,66.85414123535156
2021-10-15,66.73937225341797
2021-10-18,66.70877838134766
2021-10-19,66.75469970703125
2021-10-20,66.77762603759766
2021-10-21,66.60931396484375
2021-10-22,66.4486083984375
2021-10-25,66.56341552734375
2021-10-26,66.57869720458984
2021-10-27,66.525146484375
2021-10-28,66.69347381591797
2021-10-29,66.51744842529297
2021-11-01,66.44610595703125
2021-11-02,66.60726928710938
2021-11-03,66.73779296875
2021-11-04,66.9143295288086
2021-11-05,67.16765594482422
2021-11-08,67.08321380615234
2021-11-09,67.13695526123047
2021-11-10,66.76082611083984
2021-11-11,66.64568328857422
2021-11-12,66.66870880126953
2021-11-15,66.5919189453125
2021-11-16,66.6226577758789
2021-11-17,66.55357360839844
2021-11-18,66.49981689453125
2021-11-19,66.44610595703125
2021-11-22,66.19277954101562
2021-11-23,66.10064697265625
2021-11-24,66.08528900146484
2021-11-26,65.6093521118164
2021-11-29,66.0162353515625
2021-11-30,65.73987579345703
2021-12-01,65.74909210205078
2021-12-02,66.23429870605469
2021-12-03,66.23429870605469
2021-12-06,66.5269775390625
2021-12-07,66.88121795654297
2021-12-08,66.8658447265625
2021-12-09,66.56549072265625
2021-12-10,66.7195053100586
2021-12-13,66.7195053100586
2021-12-14,66.60399627685547
2021-12-15,66.85812377929688
2021-12-16,66.80868530273438
2021-12-17,66.74685668945312
2021-12-20,66.63095092773438
2021-12-21,66.98641967773438
2021-12-22,67.16417694091797
2021-12-23,67.35735321044922
2021-12-27,67.42695617675781
2021-12-28,67.39602661132812
2021-12-29,67.28779602050781
2021-12-30,67.25689697265625
2021-12-31,67.24146270751953
2022-01-03,67.21055603027344
2022-01-04,67.04055786132812
2022-01-05,66.52276611328125
2022-01-06,66.53047943115234
2022-01-07,66.36043548583984
2022-01-10,66.41456604003906
2022-01-11,66.72366333007812
2022-01-12,66.8318862915039
2022-01-13,66.5923080444336
2022-01-14,66.53047943115234
2022-01-18,66.20590209960938
2022-01-19,66.14408874511719
2022-01-20,66.02046203613281
2022-01-21,66.02816772460938
2022-01-24,65.95861053466797
2022-01-25,65.76541137695312
2022-01-26,65.5412826538086
2022-01-27,65.25536346435547
2022-01-28,65.4408187866211
2022-01-31,65.45629119873047
2022-02-01,65.71610260009766
2022-02-02,65.81692504882812
2022-02-03,65.22748565673828
2022-02-04,64.97154235839844
2022-02-07,64.92501831054688
2022-02-08,64.85519409179688
2022-02-09,65.19648742675781
2022-02-10,64.33553314208984
2022-02-11,64.11063385009766
2022-02-14,64.0020523071289
2022-02-15,64.11063385009766
2022-02-16,64.4674301147461
2022-02-17,64.19593811035156
2022-02-18,64.28899383544922
2022-02-22,64.14166259765625
2022-02-23,64.02529907226562
2022-02-24,64.48296356201172
2022-02-25,64.8474349975586
2022-02-28,64.89398956298828
2022-03-01,64.71257781982422
2022-03-02,64.8683090209961
2022-03-03,64.67367553710938
2022-03-04,64.25332641601562
2022-03-07,63.692832946777344
2022-03-08,63.467079162597656
2022-03-09,63.996429443359375
2022-03-10,63.459320068359375
2022-03-11,63.00001525878906
2022-03-14,62.252689361572266
2022-03-15,62.719749450683594
2022-03-16,63.59943008422851
2022-03-17,64.03533935546875
2022-03-18,64.24554443359375
2022-03-21,63.506011962890625
2022-03-22,63.83293914794922
2022-03-23,63.63056945800781
2022-03-24,63.76289749145508
2022-03-25,63.3036003112793
2022-03-28,63.700626373291016
2022-03-29,64.4868392944336
2022-03-30,64.29224395751953
2022-03-31,64.05870819091797
2022-04-01,64.05403900146484
2022-04-04,64.53861236572266
2022-04-05,63.70230484008789
2022-04-06,63.2020378112793
2022-04-07,63.10042953491211
2022-04-08,62.717437744140625
2022-04-11,62.28756332397461
2022-04-12,62.76436233520508
2022-04-13,63.139503479003906
2022-04-14,62.717437744140625
2022-04-18,62.61585998535156
2022-04-19,62.56110382080078
2022-04-20,62.75652313232422
2022-04-21,62.326656341552734
2022-04-22,61.95143127441406
2022-04-25,62.47515106201172
2022-04-26,62.10776138305664
2022-04-27,61.802940368652344
2022-04-28,62.14684295654297
2022-04-29,61.38084411621094
2022-05-02,61.38478469848633
2022-05-03,61.706485748291016
2022-05-04,62.3342399597168
2022-05-05,61.22786712646485
2022-05-06,60.88258743286133
2022-05-09,60.23917007446289
2022-05-10,60.58442687988281
2022-05-11,60.22347640991211
2022-05-12,60.1999397277832
2022-05-13,60.27053451538086
2022-05-16,60.18422317504883
2022-05-17,60.12931060791016
2022-05-18,59.634971618652344
2022-05-19,60.0351448059082
2022-05-20,59.99591827392578
2022-05-23,60.2313232421875
2022-05-24,60.59226989746094
2022-05-25,61.51032638549805
2022-05-26,62.3656120300293
2022-05-27,62.9227294921875
2022-05-31,62.3813362121582
2022-06-01,62.15050506591797
2022-06-02,62.41049575805664
2022-06-03,61.945709228515625
2022-06-06,61.48099136352539
2022-06-07,61.62274169921875
2022-06-08,61.09498596191406
2022-06-09,60.606597900390625
2022-06-10,59.57468795776367
2022-06-13,57.581787109375
2022-06-14,57.95989608764648
2022-06-15,59.08631896972656
2022-06-16,58.14893341064453
2022-06-17,58.330101013183594
2022-06-21,58.29072570800781
2022-06-22,58.27496719360352
2022-06-23,58.69247055053711
2022-06-24,59.10994338989258
2022-06-27,58.74758529663086
2022-06-28,58.10167694091797
2022-06-29,58.01504135131836
2022-06-30,57.983524322509766
2022-07-01,58.53659439086914
2022-07-05,58.481224060058594
2022-07-06,58.259666442871094
2022-07-07,59.20916366577149
2022-07-08,59.25665664672851
2022-07-11,58.92430877685547
2022-07-12,59.16168594360352
2022-07-13,59.09840393066406
2022-07-14,58.98762130737305
2022-07-15,59.7392692565918
2022-07-18,59.16168594360352
2022-07-19,59.94502639770508
2022-07-20,60.20613098144531
2022-07-21,60.91828155517578
2022-07-22,60.839141845703125
2022-07-25,60.82331085205078
2022-07-26,60.39604187011719
2022-07-27,61.060665130615234
2022-07-28,61.685760498046875
2022-07-29,61.86776351928711
2022-08-01,61.88682556152344
2022-08-02,61.60087585449219
2022-08-03,62.1410026550293
2022-08-04,62.307830810546875
2022-08-05,61.99008560180664
2022-08-08,62.04568099975586
2022-08-09,61.58497619628906
2022-08-10,62.50639724731445
2022-08-11,62.14896774291992
2022-08-12,62.705020904541016
2022-08-15,62.593772888183594
2022-08-16,62.29985427856445
2022-08-17,61.656471252441406
2022-08-18,61.75177001953125
2022-08-19,61.124237060546875
2022-08-22,60.43318557739258
2022-08-23,60.584129333496094
2022-08-24,60.65560150146485
2022-08-25,61.22751998901367
2022-08-26,60.218727111816406
2022-08-29,59.98834991455078
2022-08-30,59.52763366699219
2022-08-31,59.20198059082031
2022-09-01,59.35843276977539
2022-09-02,59.31850051879883
2022-09-06,59.15885925292969
2022-09-07,60.012969970703125
2022-09-08,60.276424407958984
2022-09-09,60.51590347290039
2022-09-12,60.699485778808594
2022-09-13,59.31850051879883
2022-09-14,59.40632629394531
2022-09-15,59.03112030029297
2022-09-16,59.230712890625
2022-09-19,59.45423126220703
2022-09-20,58.847537994384766
2022-09-21,58.67192077636719
2022-09-22,58.32067108154297
2022-09-23,57.57830429077149
2022-09-26,56.8997802734375
2022-09-27,56.780052185058594
2022-09-28,57.7938346862793
2022-09-29,57.25102615356445
2022-09-30,56.98759841918945
2022-10-03,57.73445892333984
2022-10-04,58.97785949707031
2022-10-05,58.74521255493164
2022-10-06,58.56876373291016
2022-10-07,57.85478210449219
2022-10-10,57.148826599121094
2022-10-11,57.32533645629883
2022-10-12,57.421592712402344
2022-10-13,57.54994583129883
2022-10-14,57.36543655395508
2022-10-17,58.07135391235352
2022-10-18,58.48050308227539
2022-10-19,57.918949127197266
2022-10-20,57.59807968139648
2022-10-21,58.1515998840332
2022-10-24,58.19171905517578
2022-10-25,58.753265380859375
2022-10-26,58.91370391845703
2022-10-27,59.34687423706055
2022-10-28,59.80411911010742
2022-10-31,58.90567398071289
2022-11-01,59.259971618652344
2022-11-02,58.72044372558594
2022-11-03,58.301700592041016
2022-11-04,58.70433807373047
2022-11-07,58.6962890625
2022-11-08,58.639923095703125
2022-11-09,57.9393424987793
2022-11-10,59.743160247802734
2022-11-11,59.9525146484375
2022-11-14,59.509613037109375
2022-11-15,60.03303527832031
2022-11-16,59.90419006347656
2022-11-17,59.646522521972656
2022-11-18,59.775352478027344
2022-11-21,59.751197814941406
2022-11-22,60.1860237121582
2022-11-23,60.52425765991211
2022-11-25,60.403446197509766
2022-11-28,59.76730728149414
2022-11-29,60.02499771118164
2022-11-30,60.926883697509766
2022-12-01,61.15253829956055
2022-12-02,61.104000091552734
2022-12-05,60.521759033203125
2022-12-06,60.30342102050781
2022-12-07,60.63497543334961
2022-12-08,60.68348693847656
2022-12-09,60.68348693847656
2022-12-12,60.917991638183594
2022-12-13,61.54874801635742
2022-12-14,61.201045989990234
2022-12-15,60.97017288208008
2022-12-16,60.64497756958008
2022-12-19,60.3360710144043
2022-12-20,60.18163299560547
2022-12-21,60.69378662109375
2022-12-22,60.3198127746582
2022-12-23,60.47428131103515
2022-12-27,59.84833908081055
2022-12-28,59.04349899291992
2022-12-29,59.80767059326172
2022-12-30,59.8564453125
2023-01-03,59.97025680541992
2023-01-04,60.66126251220703
2023-01-05,60.539310455322266
2023-01-06,61.4010124206543
2023-01-09,61.62052154541016
2023-01-10,61.54733657836914
2023-01-11,61.953800201416016
2023-01-12,62.30340194702149
2023-01-13,62.30340194702149
2023-01-17,62.09202575683594
2023-01-18,62.16519927978515
2023-01-19,61.79936981201172
2023-01-20,61.921295166015625
2023-01-23,61.91316986083984
2023-01-24,61.953800201416016
2023-01-25,61.9456901550293
2023-01-26,62.10016250610352
2023-01-27,61.91316986083984
2023-01-30,61.57173538208008
2023-01-31,62.05137252807617
2023-02-01,62.703243255615234
2023-02-02,63.06267166137695
2023-02-03,62.40099334716797
2023-02-06,62.00074768066406
2023-02-07,62.22128677368164
2023-02-08,61.959861755371094
2023-02-09,61.55961990356445
2023-02-10,61.08580780029297
2023-02-13,61.24103546142578
2023-02-14,61.25737762451172
2023-02-15,61.15935134887695
2023-02-16,60.66920852661133
2023-02-17,60.9061279296875
2023-02-21,59.96672058105469
2023-02-22,60.358795166015625
2023-02-23,60.955116271972656
2023-02-24,60.58753204345703
2023-02-27,60.9959716796875
2023-02-28,60.88161087036133
2023-03-01,60.70902633666992
2023-03-02,60.78300094604492
2023-03-03,61.407596588134766
2023-03-06,61.407596588134766
2023-03-07,60.972015380859375
2023-03-08,60.68434524536133
2023-03-09,60.347412109375
2023-03-10,60.35564041137695
2023-03-13,60.02691650390625
2023-03-14,60.46247482299805
2023-03-15,60.2652473449707
2023-03-16,60.659725189208984
2023-03-17,60.2980842590332
2023-03-20,60.13370513916016
2023-03-21,60.79121398925781
2023-03-22,60.84872817993164
2023-03-23,60.61039733886719
2023-03-24,60.48713684082031
2023-03-27,60.33919525146485
2023-03-28,60.30634689331055
2023-03-29,61.062408447265625
2023-03-30,61.42401885986328
2023-03-31,62.089698791503906
2023-04-03,62.04182052612305
2023-04-04,61.8602294921875
2023-04-05,61.51346206665039
2023-04-06,61.78587341308594
2023-04-10,61.72808837890625
2023-04-11,61.8602294921875
2023-04-12,61.84367370605469
2023-04-13,62.264739990234375
2023-04-14,62.14913558959961
2023-04-17,61.9840202331543
2023-04-18,62.02530288696289
2023-04-19,61.77763366699219
2023-04-20,61.71982955932617
2023-04-21,61.90973281860352
2023-04-24,62.083099365234375
2023-04-25,61.9840202331543
2023-04-26,61.74461364746094
2023-04-27,61.951019287109375
2023-04-28,62.215187072753906
2023-05-01,61.92997360229492
2023-05-02,61.87193298339844
2023-05-03,61.8387565612793
2023-05-04,61.65634536743164
2023-05-05,61.98798370361328
2023-05-08,61.81391525268555
2023-05-09,61.65634536743164
2023-05-10,62.02946090698242
2023-05-11,61.92997360229492
2023-05-12,61.706092834472656
2023-05-15,61.68950271606445
2023-05-16,61.25833511352539
2023-05-17,61.42417907714844
2023-05-18,61.45735549926758
2023-05-19,61.52368927001953
2023-05-22,61.79729843139648
2023-05-23,61.47391128540039
2023-05-24,61.04275894165039
2023-05-25,61.001319885253906
2023-05-26,61.37443542480469
2023-05-30,61.639747619628906
2023-05-31,61.44905471801758
2023-06-01,61.818145751953125
2023-06-02,62.134727478027344
2023-06-05,62.084716796875
2023-06-06,62.1846923828125
2023-06-07,61.8431282043457
2023-06-08,62.23468780517578
2023-06-09,62.25136184692383
2023-06-12,62.1846923828125
2023-06-13,62.25970077514648
2023-06-14,62.28466033935547
2023-06-15,62.584617614746094
2023-06-16,62.42630386352539
2023-06-20,62.25970077514648
2023-06-21,62.101409912109375
2023-06-22,61.918121337890625
2023-06-23,61.8098030090332
2023-06-26,61.8431282043457
2023-06-27,62.051395416259766
2023-06-28,62.4096565246582
2023-06-29,62.243011474609375
2023-06-30,62.54295349121094
2023-07-03,62.444942474365234
2023-07-05,62.2523078918457
2023-07-06,61.79997634887695
2023-07-07,61.85859680175781
2023-07-10,62.16853332519531
2023-07-11,62.503570556640625
2023-07-12,62.989402770996094
2023-07-13,63.3663330078125
2023-07-14,62.9056396484375
2023-07-17,63.02289581298828
2023-07-18,63.19881057739258
2023-07-19,63.24906539916992
2023-07-20,62.972652435302734
2023-07-21,63.13180160522461
2023-07-24,63.02289581298828
2023-07-25,62.98102569580078
2023-07-26,63.23231887817383
2023-07-27,62.729736328125
2023-07-28,63.08991241455078
2023-07-31,63.240684509277344
2023-08-01,62.92762756347656
2023-08-02,62.65827941894531
2023-08-03,62.45630645751953
2023-08-04,62.826622009277344
2023-08-07,62.944454193115234
2023-08-08,63.07910919189453
2023-08-09,63.087520599365234
2023-08-10,63.07068634033203
2023-08-11,62.97809600830078
2023-08-14,62.96969985961914
2023-08-15,62.7677001953125
2023-08-16,62.57414627075195
2023-08-17,62.313236236572266
2023-08-18,62.35530471801758
2023-08-21,62.33848190307617
2023-08-22,62.37215042114258
2023-08-23,62.87712478637695
2023-08-24,62.53207015991211
2023-08-25,62.79296112060547
2023-08-28,63.02861404418945
2023-08-29,63.424163818359375
2023-08-30,63.39889907836914
2023-08-31,63.35683059692383
2023-09-01,63.47604751586914
2023-09-05,63.06175231933594
2023-09-06,62.90952682495117
2023-09-07,63.12093734741211
2023-09-08,63.09554290771485
2023-09-11,63.20547866821289
2023-09-12,63.10399627685547
2023-09-13,63.273136138916016
2023-09-14,63.34921646118164
2023-09-15,63.112457275390625
2023-09-18,63.15475082397461
2023-09-19,62.96027755737305
2023-09-20,62.90952682495117
2023-09-21,62.46140670776367
2023-09-22,62.57130813598633
2023-09-25,62.48676681518555
2023-09-26,62.21620559692383
2023-09-27,62.13164520263672
2023-09-28,62.427547454833984
2023-09-29,62.33455657958984
2023-10-02,61.956302642822266
2023-10-03,61.32729721069336
2023-10-04,61.64179611206055
2023-10-05,61.7013053894043
2023-10-06,61.78630447387695
2023-10-09,62.24531173706055
2023-10-10,62.228294372558594
2023-10-11,62.21977615356445
2023-10-12,61.888282775878906
2023-10-13,61.83729553222656
2023-10-16,61.82032012939453
2023-10-17,61.53130340576172
2023-10-18,61.23381423950195
2023-10-19,61.0128059387207
2023-10-20,61.14031982421875
2023-10-23,61.386817932128906
2023-10-24,61.7013053894043
2023-10-25,61.36980438232422
2023-10-26,61.58230209350586
2023-10-27,61.50581741333008
2023-10-30,61.52280807495117
2023-10-31,61.68430709838867
2023-11-01,62.27224349975586
2023-11-02,62.97298812866211
2023-11-03,63.58826446533203
2023-11-06,63.33191680908203
2023-11-07,63.34047317504883
2023-11-08,63.3746452331543
2023-11-09,62.98153305053711
2023-11-10,63.28917694091797
2023-11-13,63.22936248779297
2023-11-14,63.87027359008789
2023-11-15,63.66519927978515
2023-11-16,63.75062561035156
2023-11-17,63.89593124389648
2023-11-20,63.96427536010742
2023-11-21,64.04974365234375
2023-11-22,64.16085815429688
2023-11-24,64.09247589111328
2023-11-27,64.18648529052734
2023-11-28,64.4684829711914
2023-11-29,64.81885528564453
2023-11-30,64.69921112060547
2023-12-01,65.23489379882812
2023-12-04,65.07181549072266
2023-12-05,65.13188934326172
2023-12-06,65.14046478271484
2023-12-07,65.25208282470703
2023-12-08,65.12329864501953
2023-12-11,65.08038330078125
2023-12-12,65.22632598876953
2023-12-13,66.22215270996094
2023-12-14,66.51457977294922
2023-12-15,66.36795043945312
2023-12-18,66.41107940673828
2023-12-19,66.60087585449219
2023-12-20,66.6094970703125
2023-12-21,66.91142272949219
2023-12-22,66.83377838134766
2023-12-26,66.96320343017578
2023-12-27,67.23925018310547
2023-12-28,67.02360534667969
2023-12-29,66.76477813720703
2024-01-02,66.54046630859375
2024-01-03,66.35930633544922
2024-01-04,66.10047912597656
2024-01-05,66.15225219726562
2024-01-08,66.52320861816406
2024-01-09,66.62674713134766
2024-01-10,66.74750518798828
2024-01-11,66.96320343017578
2024-01-12,67.03221130371094
2024-01-16,66.6094741821289
2024-01-17,66.32479095458984
2024-01-18,66.46284484863281
2024-01-19,66.57501220703125
2024-01-22,66.62674713134766
2024-01-23,66.5490951538086
2024-01-24,66.51459503173828
2024-01-25,67.02359008789062
2024-01-26,66.97181701660156
2024-01-29,67.1185073852539
2024-01-30,67.03221130371094
2024-01-31,66.84241485595703
2024-02-01,67.22736358642578
2024-02-02,66.9239273071289
2024-02-05,66.6117935180664
2024-02-06,66.85454559326172
2024-02-07,66.96727752685547
2024-02-08,66.93257904052734
2024-02-09,67.0713119506836
2024-02-12,66.9239273071289
2024-02-13,66.38639831542969
2024-02-14,66.64649963378906
2024-02-15,66.88056182861328
2024-02-16,66.68118286132812
2024-02-20,66.81986999511719
2024-02-21,66.69851684570312
2024-02-22,67.01929473876953
2024-02-23,67.06262969970703
2024-02-26,66.84587860107422
2024-02-27,66.93257904052734
2024-02-28,66.9239273071289
2024-02-29,67.0452880859375
2024-03-01,67.29643249511719
2024-03-04,67.27899169921875
2024-03-05,67.22666931152344
2024-03-06,67.39232635498047
2024-03-07,67.47080993652344
2024-03-08,67.48826599121094
2024-03-11,67.4795150756836
2024-03-12,67.5405502319336
2024-03-13,67.56673431396484
2024-03-14,67.24410247802734
2024-03-15,67.20049285888672
2024-03-18,67.35745239257812
2024-03-19,67.62774658203125
2024-03-20,67.85445404052734
2024-03-21,67.81959533691406
2024-03-22,67.74983978271484
2024-03-25,67.64519500732422
2024-03-26,67.56673431396484
2024-03-27,67.92422485351562
2024-03-28,67.77599334716797
2024-04-01,67.49993133544922
2024-04-02,67.385986328125
2024-04-03,67.43856811523438
2024-04-04,67.385986328125
2024-04-05,67.32464599609375
2024-04-08,67.48238372802734
2024-04-09,67.62262725830078
2024-04-10,67.02665710449219
2024-04-11,66.96531677246094
2024-04-12,66.93026733398438
2024-04-15,66.54464721679688
2024-04-16,66.32556915283203
2024-04-17,66.41319274902344
2024-04-18,66.46578979492188
2024-04-19,66.58847045898438
2024-04-22,66.95658111572266
2024-04-23,67.2282485961914
2024-04-24,67.07926940917969
2024-04-25,66.93903350830078
2024-04-26,67.14937591552734
2024-04-29,67.35094451904297
2024-04-30,66.86014556884766
2024-05-01,67.21257019042969
2024-05-02,67.62663269042969
2024-05-03,67.9085693359375
2024-05-06,67.98786163330078
2024-05-07,67.99667358398438
2024-05-08,67.83808135986328
2024-05-09,67.85569763183594
2024-05-10,67.74996185302734
2024-05-13,67.73235321044922
2024-05-14,67.83808135986328
2024-05-15,68.23453521728516
2024-05-16,68.07596588134766
2024-05-17,68.08476257324219
2024-05-20,68.12000274658203
2024-05-21,68.06714630126953
2024-05-22,67.91735076904297
2024-05-23,67.67951202392578
2024-05-24,67.91735076904297
2024-05-28,67.6442642211914
2024-05-29,67.44163513183594
2024-05-30,67.71473693847656
2024-05-31,67.95260620117188
2024-06-03,68.16326904296875
2024-06-04,68.12787628173828
2024-06-05,68.34913635253906
2024-06-06,68.23406219482422
2024-06-07,68.05705261230469
2024-06-10,68.11902618408203
2024-06-11,68.20751953125
2024-06-12,68.48191833496094
2024-06-13,68.47306060791016
2024-06-14,68.20751953125
2024-06-17,68.25179290771484
2024-06-18,68.46420288085938
2024-06-20,68.41995239257812
2024-06-21,68.4996109008789
2024-06-24,68.42878723144531
2024-06-25,68.5173110961914
2024-06-26,68.36685180664062
2024-06-27,68.4465103149414
2024-06-28,68.2783432006836
2024-07-01,68.26498413085938
2024-07-02,68.45186614990234
2024-07-03,68.69209289550781
2024-07-05,68.89674377441406
2024-07-08,68.87894439697266
2024-07-09,68.7988510131836
2024-07-10,68.95904541015625
2024-07-11,69.20816802978516
2024-07-12,69.38612365722656
2024-07-15,69.39502716064453
2024-07-16,69.6619644165039
2024-07-17,69.58187866210938
2024-07-18,69.43949890136719
2024-07-19,69.38612365722656
2024-07-22,69.6441650390625
2024-07-23,69.65308380126953
2024-07-24,69.43061065673828
2024-07-25,69.43949890136719
2024-07-26,69.6619644165039
2024-07-29,69.59970092773438
2024-07-30,69.63528442382812
2024-07-31,69.88440704345703
2024-08-01,69.73146057128906
2024-08-02,69.4989242553711
2024-08-05,69.06956481933594
2024-08-06,69.32898712158203
2024-08-07,69.46312713623047
2024-08-08,69.74935913085938
2024-08-09,69.74042510986328
2024-08-12,69.7851333618164
2024-08-13,70.10713958740234
2024-08-14,70.23236083984375
2024-08-15,70.29496765136719
2024-08-16,70.51856994628906
2024-08-19,70.63488006591797
2024-08-20,70.5722427368164
2024-08-21,70.73326873779297
2024-08-22,70.64381408691406
2024-08-23,71.01947784423828
2024-08-26,70.8763656616211
2024-08-27,70.92108917236328
2024-08-28,70.88529205322266
2024-08-29,70.95686340332031
2024-08-30,70.9657974243164
2024-09-03,70.71415710449219
2024-09-04,70.97480773925781
2024-09-05,71.21747589111328
2024-09-06,71.12757873535156
2024-09-09,71.29833984375
2024-09-10,71.16354370117188
2024-09-11,71.27140808105469
2024-09-12,71.37027740478516
2024-09-13,71.56797790527344
2024-09-16,71.74773406982422
2024-09-17,71.76571655273438
2024-09-18,71.82862091064453
2024-09-19,72.04430389404297
2024-09-20,72.13419342041016
2024-09-23,71.9993896484375
2024-09-24,72.00836181640625
2024-09-25,71.92748260498047
2024-09-26,72.04430389404297
2024-09-27,72.22406005859375
2024-09-30,72.17013549804688
2024-10-01,72.13401794433594
2024-10-02,72.14305114746094
2024-10-03,71.97144317626953
2024-10-04,71.89018249511719
2024-10-07,71.58309936523438
2024-10-08,71.75468444824219
2024-10-09,71.70954132080078
2024-10-10,71.67339324951172
2024-10-11,71.86307525634766
2024-10-14,71.8991928100586
2024-10-15,71.88114166259766
2024-10-16,72.00757598876953
2024-10-17,71.8991928100586
2024-10-18,72.07079315185547
2024-10-21,71.78179168701172
2024-10-22,71.68244934082031
2024-10-23,71.46570587158203
2024-10-24,71.67339324951172
2024-10-25,71.60118103027344
2024-10-28,71.78179168701172
2024-10-29,71.79984283447266
2024-10-30,71.67339324951172
2024-10-31,71.47472381591797
2024-11-01,71.47926330566406
2024-11-04,71.678955078125
2024-11-05,71.8786392211914
2024-11-06,72.00570678710938
2024-11-07,72.31431579589844
2024-11-08,72.43231964111328
2024-11-11,72.35062408447266
2024-11-12,72.0601806640625
2024-11-13,72.0783462524414
2024-11-14,71.92401885986328
2024-11-15,71.91495513916016
2024-11-18,72.05110168457031
2024-11-19,72.16000366210938
2024-11-20,72.141845703125
2024-11-21,72.1690902709961
2024-11-22,72.15094757080078
2024-11-25,72.42325592041016
2024-11-26,72.28710174560547
2024-11-27,72.50492858886719
2024-11-29,72.65017700195312
2024-12-02,72.62371826171875
2024-12-03,72.62371826171875
2024-12-04,72.79695892333984
2024-12-05,72.73314666748047
2024-12-06,72.8516616821289
2024-12-09,72.76048278808594
2024-12-10,72.79695892333984
2024-12-11,72.81521606445312
2024-12-12,72.61460876464844
2024-12-13,72.4049072265625
2024-12-16,72.5416488647461
2024-12-17,72.38665771484375
2024-12-18,71.64334869384766
2024-12-19,71.57005310058594
2024-12-20,72.01914978027344
2024-12-23,71.82667541503906
2024-12-24,72.05579376220703
2024-12-26,72.23909759521484
2024-12-27,71.99166107177734
2024-12-30,72.09246063232422
2024-12-31,72.08329010009766
2025-01-02,72.25743103027344
2025-01-03,72.3674087524414
2025-01-06,72.49571990966797
2025-01-07,72.25743103027344
2025-01-08,72.34909057617188
2025-01-10,71.97331237792969
2025-01-13,71.9549789428711
2025-01-14,72.04662322998047
2025-01-15,72.67902374267578
2025-01-16,72.76152038574219
2025-01-17,72.8256607055664
2025-01-21,73.01812744140625
2025-01-22,72.91731262207031
2025-01-23,73.00897216796875
2025-01-24,73.09144592285156
2025-01-27,73.14643859863281
2025-01-28,73.11892700195312
2025-01-29,73.07311248779297
2025-01-30,73.2105941772461
2025-01-31,73.06394958496094
2025-02-03,72.97187042236328
2025-02-04,73.20206451416016
2025-02-05,73.39540100097656
2025-02-06,73.28492736816406
2025-02-07,73.05474090576172
2025-02-10,73.20206451416016
2025-02-11,73.17442321777344
2025-02-12,73.01792907714844
2025-02-13,73.349365234375
2025-02-14,73.43221282958984
2025-02-18,73.3677749633789
2025-02-19,73.42302703857422
2025-02-20,73.46904754638672
2025-02-21,73.3309326171875
2025-02-24,73.42302703857422
2025-02-25,73.60713958740234
2025-02-26,73.70842742919922
2025-02-27,73.57032012939453
2025-02-28,73.77287292480469
2025-03-03,73.61933135986328
2025-03-04,73.61006164550781
2025-03-05,73.6470718383789
2025-03-06,73.36958312988281
2025-03-07,73.48981475830078
2025-03-10,73.21234130859375
2025-03-11,72.9533462524414
2025-03-12,73.03658294677734
2025-03-13,72.62959289550781
2025-03-14,72.96257781982422
2025-03-17,73.13832092285156
2025-03-18,73.00883483886719
2025-03-19,73.48981475830078
2025-03-20,73.38806915283203
2025-03-21,73.27706909179688
2025-03-24,73.48981475830078
2025-03-25,73.45283508300781
2025-03-26,73.15682983398438
2025-03-27,73.01808166503906
2025-03-28,72.88859558105469
2025-03-31,72.97183227539062
2025-04-01,73.1410140991211
2025-04-02,73.28971862792969
2025-04-03,72.37882995605469
2025-04-04,71.34709167480469
2025-04-07,70.733642578125
2025-04-08,70.4083251953125
2025-04-09,72.29517364501953
2025-04-10,71.11471557617188
2025-04-11,71.3284912109375
2025-04-14,71.68172454833984
2025-04-15,71.87690734863281
2025-04-16,71.86759948730469
2025-04-17,72.28587341308594
2025-04-21,71.85829162597656
2025-04-22,72.13716888427734
2025-04-23,72.4996566772461
2025-04-24,73.1502914428711
2025-04-25,73.21534729003906
2025-04-28,73.25252532958984
2025-04-29,73.44773864746094
2025-04-30,73.0573501586914
2025-05-01,73.15170288085938
2025-05-02,73.37592315673828
2025-05-05,73.347900390625
2025-05-06,73.29183197021484
2025-05-07,73.35723114013672
2025-05-08,73.33853912353516
2025-05-09,73.38526153564453
2025-05-12,74.1139907836914
2025-05-13,74.2447738647461
2025-05-14,73.97384643554688
2025-05-15,74.1139907836914
2025-05-16,74.19807434082031
2025-05-19,74.16068267822266
2025-05-20,74.12333679199219
2025-05-21,73.628173828125
2025-05-22,73.77764892578125
2025-05-23,73.75895690917969
2025-05-27,74.20741271972656
2025-05-28,74.16068267822266
2025-05-29,74.27279663085938
2025-05-30,74.33820343017578
2025-06-02,74.32506561279297
2025-06-03,74.46586608886719
2025-06-04,74.6066665649414
2025-06-05,74.44709777832031
2025-06-06,74.43769836425781
2025-06-09,74.47523498535156
2025-06-10,74.65360260009766
2025-06-11,74.63482666015625
2025-06-12,74.71929168701172
2025-06-13,74.4940185546875
2025-06-16,74.64420318603516
2025-06-17,74.55974578857422
2025-06-18,74.67237091064453
2025-06-20,74.90705108642578
2025-06-23,75.04784393310547
2025-06-24,75.25435638427734
2025-06-25,75.23558044433594
2025-06-26,75.45146942138672
2025-06-27,75.41393280029297
2025-06-30,75.7049331665039
2025-07-01,75.60966491699219
2025-07-02,75.75115203857422
2025-07-03,75.79829406738281
2025-07-07,75.54364776611328
2025-07-08,75.43991088867188
2025-07-09,75.64739227294922
2025-07-10,75.57194519042969
2025-07-11,75.47763061523438
2025-07-14,75.53421020507812
2025-07-15,75.30786895751953
2025-07-16,75.50592803955078
2025-07-17,75.58137512207031
2025-07-18,75.68511962890625
2025-07-21,75.78885650634766
2025-07-22,75.92089080810547
2025-07-23,75.95862579345703
2025-07-24,75.86430358886719
2025-07-25,75.91146087646484
2025-07-28,75.87374114990234
2025-07-29,75.92089080810547
2025-07-30,75.76056671142578
2025-07-31,75.80772399902344
2025-08-01,75.81151580810547
2025-08-04,76.06744384765625
2025-08-05,76.02952575683594
2025-08-06,76.10535430908203
2025-08-07,76.02952575683594
2025-08-08,76.03900909423828
2025-08-11,76.03900909423828
2025-08-12,76.20962524414062
2025-08-13,76.40868377685547
2025-08-14,76.20962524414062
2025-08-15,76.26649475097656
2025-08-18,76.20962524414062
2025-08-19,76.19065856933594
2025-08-20,76.16221618652344
2025-08-21,76.02003479003906
2025-08-22,76.63616180419922
2025-08-25,76.48451232910156
2025-08-26,76.65514373779297
2025-08-27,76.74991607666016
2025-08-28,76.78783416748047
2025-08-29,76.64564514160156
2025-09-02,76.56278991699219
2025-09-03,76.77232360839844
2025-09-04,76.98184204101562
2025-09-05,77.01995849609375
2025-09-08,77.01995849609375
2025-09-09,76.9342269897461
2025-09-10,76.9913558959961
2025-09-11,77.18185424804688
2025-09-12,77.10566711425781
2025-09-15,77.32469940185547
2025-09-16,77.26754760742188
2025-09-17,77.19137573242188
2025-09-18,77.3628158569336
2025-09-19,77.3913803100586
2025-09-22,77.44851684570312
2025-09-23,77.3913803100586
2025-09-24,77.28662109375
2025-09-25,77.06755828857422
2025-09-26,77.21994018554688
2025-09-29,77.35327911376953
2025-09-30,77.32469940185547
2025-10-01,77.46919250488281
2025-10-02,77.44048309326172
2025-10-03,77.35435485839844
2025-10-06,77.3735122680664
2025-10-07,77.28736877441406
2025-10-08,77.17256164550781
2025-10-09,76.95247650146484
2025-10-10,76.50273895263672
2025-10-13,76.9811782836914
2025-10-14,77.06730651855469
2025-10-15,77.31608581542969
2025-10-16,77.0385971069336
2025-10-17,77.23954772949219
2025-10-20,77.39263916015625
2025-10-21,77.27782440185547
2025-10-22,77.20126342773438
2025-10-23,77.3735122680664
2025-10-24,77.58401489257812
2025-10-27,77.7754135131836
2025-10-28,77.6988296508789
2025-10-29,77.4596176147461
2025-10-30,77.31608581542969
2025-10-31,77.31608581542969
2025-11-03,77.07565307617188
2025-11-04,77.08527374267578
2025-11-05,77.1622085571289
2025-11-06,77.19107055664062
2025-11-07,77.25838470458984
2025-11-10,77.51805877685547
2025-11-11,77.60462188720703
2025-11-12,77.45073699951172
2025-11-13,77.13334655761719
2025-11-14,77.152587890625
2025-11-17,77.02755737304688
2025-11-18,77.04679870605469
2025-11-19,77.08527374267578
2025-11-20,77.03718566894531
2025-11-21,77.2968521118164
2025-11-24,77.5084457397461
2025-11-25,77.7777328491211
2025-11-26,77.85466766357422
2025-11-28,77.89313507080078
2025-12-01,77.75304412841797
2025-12-02,77.89797973632812
2025-12-03,77.96562957763672
2025-12-04,78.0235824584961
2025-12-05,78.0235824584961
2025-12-08,77.83033752441406
2025-12-09,77.7433853149414
2025-12-10,78.00426483154297
2025-12-11,77.99459838867188
2025-12-12,77.84967041015625
2025-12-15,77.88832092285156
2025-12-16,77.9366455078125
2025-12-17,77.83999633789062
2025-12-18,78.05257415771484
2025-12-19,78.01471710205078
2025-12-22,78.08267974853516
2025-12-23,78.14093017578125
2025-12-24,78.28654479980469
2025-12-26,78.24771881103516
2025-12-29,78.2768325805664
2025-12-30,78.35450744628906
2025-12-31,78.2768325805664
2026-01-02,78.31565856933594
2026-01-05,78.51953125
2026-01-06,78.5389633178711
2026-01-07,78.51953125
2026-01-08,78.57778930664062
2026-01-09,78.63603973388672
2026-01-12,78.67487335205078
2026-01-13,78.67487335205078
2026-01-14,78.67487335205078
2026-01-15,78.67487335205078
2026-01-16,78.7234115600586
2026-01-20,78.51953125
2026-01-21,78.7525405883789
2026-01-22,78.81078338623047
2026-01-23,78.7719497680664
2026-01-26,78.81078338623047
2026-01-27,78.80107116699219
2026-01-28,78.67487335205078
2026-01-29,78.6651611328125
2026-01-30,78.7525405883789
2026-02-02,78.80034637451172
2026-02-03,78.75155639648438
2026-02-04,78.65399932861328
2026-02-05,78.5661849975586
2026-02-06,78.83936309814453
2026-02-09,78.9466781616211
2026-02-10,78.86862182617188
2026-02-11,78.85887908935547
2026-02-12,78.8198471069336
2026-02-13,78.87837982177734
2026-02-17,78.83936309814453
2026-02-18,78.93693542480469
2026-02-19,78.96619415283203
2026-02-20,79.02473449707031
2026-02-23,78.89791107177734
2026-02-24,78.83936309814453
2026-02-25,78.9466781616211
2026-02-26,78.87837982177734
2026-02-27,78.75155639648438
2026-03-02,78.70646667480469
2026-03-03,78.54959869384766
2026-03-04,78.82411193847656
2026-03-05,78.51038360595703
2026-03-06,78.1280288696289
2026-03-09,78.5986099243164
2026-03-10,78.4711685180664
2026-03-11,78.29469299316406
2026-03-12,77.79469299316406
2026-03-13,77.64762878417969
2026-03-16,77.89273071289062
2026-03-17,78.24567413330078
2026-03-18,77.84371185302734
2026-03-19,78.09861755371094
2026-03-20,77.37311553955078
2026-03-23,77.8829345703125
2026-03-24,77.61821746826172
2026-03-25,77.86331176757812
2026-03-26,77.37311553955078
2026-03-27,77.17704010009766
2026-03-30,77.26527404785156
2026-03-31,78.00057220458984
2026-04-01,78.19169616699219
2026-04-02,78.37886810302734
2026-04-06,78.51679229736328
2026-04-07,78.5364990234375
2026-04-08,78.99952697753906
2026-04-09,79.08818817138672
2026-04-10,78.77293395996094
2026-04-13,79.0684814453125
2026-04-14,79.30491638183594
2026-04-15,79.26551055908203
2026-04-16,79.15714263916016
2026-04-17,79.45269775390625
2026-04-20,79.38373565673828
2026-04-21,79.17684936523438
2026-04-22,79.30491638183594
2026-04-23,79.17684936523438
2026-04-24,79.28521728515625
2026-04-27,79.31476593017578
2026-04-28,79.20640563964844
2026-04-29,78.94041442871094
2026-04-30,79.18669891357422
2026-05-01,79.28474426269531
2026-05-04,79.02725982666016
2026-05-05,79.1460952758789
2026-05-06,79.38377380371094
2026-05-07,79.08667755126953
2026-05-08,79.36396026611328
2026-05-11,79.20552062988281
2026-05-12,79.09658813476562
2026-05-13,79.13619995117188
2026-05-14,79.07677459716797
2026-05-15,78.6905517578125
2026-05-18,78.769775390625
2026-05-19,78.58161926269531
2026-05-20,79.08667755126953
2026-05-21,79.12629699707031
2026-05-22,79.13619995117188
2026-05-26,79.40357971191406
2026-05-27,79.35405731201172
2026-05-28,79.45309448242188
2026-05-29,79.53231811523438
2026-06-01,79.47159576416016
2026-06-02,79.53132629394531
2026-06-03,79.31233978271484
2026-06-04,79.4616470336914
2026-06-05,79.06349182128906
2026-06-08,79.17298126220703
2026-06-09,79.25261688232422
2026-06-10,79.10330963134766
2026-06-11,79.5711441040039
2026-06-12,79.5711441040039
2026-06-15,79.6706771850586
2026-06-16,79.66072082519531
2026-06-17,79.36211395263672
2026-06-18,79.64081573486328
2026-06-22,79.5711441040039
2026-06-23,79.50146484375
2026-06-24,79.48155212402344
2026-06-25,79.51141357421875
2026-06-26,79.4616470336914
2026-06-29,79.64081573486328
2026-06-30,79.60099792480469
2026-07-01,79.58999633789062
2026-07-02,79.70999908447266
2026-07-06,79.875
2026-07-07,79.80999755859375
2026-07-08,79.6449966430664
2026-07-09,79.82499694824219
2026-07-10,79.70999908447266
