date,adj close
2012-10-24,31.834896087646484
2012-10-25,31.834896087646484
2012-10-26,32.04248046875
2012-10-31,31.975522994995117
2012-11-01,32.25677490234375
2012-11-02,32.00898742675781
2012-11-05,31.91524887084961
2012-11-06,32.10944747924805
2012-11-07,31.781322479248047
2012-11-08,31.526859283447266
2012-11-09,31.392925262451172
2012-11-12,31.392925262451172
2012-11-13,31.392925262451172
2012-11-14,31.171945571899414
2012-11-15,30.99112892150879
2012-11-16,31.031314849853516
2012-11-19,31.60051155090332
2012-11-20,31.66748046875
2012-11-21,31.788013458251953
2012-11-23,32.33042526245117
2012-11-26,32.350521087646484
2012-11-27,32.26346206665039
2012-11-28,32.44426727294922
2012-11-29,32.72551345825195
2012-11-30,32.7924919128418
2012-12-03,32.698734283447266
2012-12-04,32.89962387084961
2012-12-05,33.02015686035156
2012-12-06,33.00007247924805
2012-12-07,33.00676727294922
2012-12-10,33.07374572753906
2012-12-11,33.24783706665039
2012-12-12,33.38846206665039
2012-12-13,33.22105407714844
2012-12-14,33.38176727294922
2012-12-17,33.43534851074219
2012-12-18,33.88621139526367
2012-12-19,34.04076385498047
2012-12-20,34.16843795776367
2012-12-21,33.866065979003906
2012-12-24,33.85261535644531
2012-12-26,33.83246612548828
2012-12-27,34.027313232421875
2012-12-28,33.677921295166016
2012-12-31,34.16843795776367
2013-01-02,34.705989837646484
2013-01-03,34.34986114501953
2013-01-04,34.598480224609375
2013-01-07,34.46409225463867
2013-01-08,34.262508392333984
2013-01-09,34.417057037353516
2013-01-10,34.860538482666016
2013-01-11,34.9075813293457
2013-01-14,34.91429901123047
2013-01-15,34.87398147583008
2013-01-16,34.679115295410156
2013-01-17,34.98149108886719
2013-01-18,34.974769592285156
2013-01-22,34.94118118286133
2013-01-23,34.9344596862793
2013-01-24,35.10915756225586
2013-01-25,35.42497253417969
2013-01-28,35.27714920043945
2013-01-29,35.512325286865234
2013-01-30,35.5324821472168
2013-01-31,35.39809799194336
2013-02-01,35.74079132080078
2013-02-04,35.0822868347168
2013-02-05,35.23683547973633
2013-02-06,35.28386688232422
2013-02-07,34.961334228515625
2013-02-08,35.18307876586914
2013-02-11,35.16964340209961
2013-02-12,35.330909729003906
2013-02-13,35.44513702392578
2013-02-14,35.24354934692383
2013-02-15,35.14947509765625
2013-02-19,35.5391960144043
2013-02-20,35.23011016845703
2013-02-21,34.73286819458008
2013-02-22,35.189796447753906
2013-02-25,34.57831954956055
2013-02-26,34.71271896362305
2013-02-27,35.0890007019043
2013-02-28,35.041961669921875
2013-03-01,35.02180099487305
2013-03-04,35.156192779541016
2013-03-05,35.49217224121094
2013-03-06,35.51904296875
2013-03-07,35.68703842163086
2013-03-08,35.69375228881836
2013-03-11,35.6735954284668
2013-03-12,35.63327407836914
2013-03-13,35.59967803955078
2013-03-14,35.96253204345703
2013-03-15,35.93565368652344
2013-03-18,35.639991760253906
2013-03-19,35.52576446533203
2013-03-20,35.781105041503906
2013-03-21,35.458580017089844
2013-03-22,35.80797576904297
2013-03-25,35.377933502197266
2013-03-26,35.57279968261719
2013-03-27,35.418251037597656
2013-03-28,35.59296417236328
2013-04-01,35.14947509765625
2013-04-02,35.47872543334961
2013-04-03,35.324180603027344
2013-04-04,35.56608200073242
2013-04-05,35.411537170410156
2013-04-08,35.56608200073242
2013-04-09,35.72063064575195
2013-04-10,36.21115493774414
2013-04-11,36.48664474487305
2013-04-12,36.426177978515625
2013-04-15,35.6467170715332
2013-04-16,36.177547454833984
2013-04-17,35.43169021606445
2013-04-18,35.33762741088867
2013-04-19,35.619834899902344
2013-04-22,35.75422668457031
2013-04-23,36.238033294677734
2013-04-24,36.520240783691406
2013-04-25,36.70838928222656
2013-04-26,36.76214599609375
2013-04-29,37.205631256103516
2013-04-30,37.29298400878906
2013-05-01,36.9906005859375
2013-05-02,37.17876434326172
2013-05-03,37.5751953125
2013-05-06,37.541595458984375
2013-05-07,37.62223815917969
2013-05-08,38.011959075927734
2013-05-09,37.649105072021484
2013-05-10,37.7230339050293
2013-05-13,37.6961555480957
2013-05-14,37.783504486083984
2013-05-15,37.89773941040039
2013-05-16,37.60208511352539
2013-05-17,37.8775749206543
2013-05-20,38.03884506225586
2013-05-21,38.13963317871094
2013-05-22,37.7095832824707
2013-05-23,37.225791931152344
2013-05-24,36.86964797973633
2013-05-28,36.92341232299805
2013-05-29,36.67479705810547
2013-05-30,36.82261657714844
2013-05-31,36.090206146240234
2013-06-03,36.318660736083984
2013-06-04,36.4127311706543
2013-06-05,35.61311721801758
2013-06-06,35.814697265625
2013-06-07,36.25818634033203
2013-06-10,36.318660736083984
2013-06-11,35.83486557006836
2013-06-12,35.814697265625
2013-06-13,36.39257049560547
2013-06-14,35.9692497253418
2013-06-17,36.446327209472656
2013-06-18,36.688232421875
2013-06-19,35.97597122192383
2013-06-20,34.7933464050293
2013-06-21,34.921016693115234
2013-06-24,34.302818298339844
2013-06-25,34.71943664550781
2013-06-26,34.887413024902344
2013-06-27,35.239410400390625
2013-06-28,35.102962493896484
2013-07-01,35.4304084777832
2013-07-02,35.32126235961914
2013-07-03,35.32126235961914
2013-07-05,35.553184509277344
2013-07-08,35.71689987182617
2013-07-09,35.87379455566406
2013-07-10,35.98976135253906
2013-07-11,36.93793487548828
2013-07-12,36.71282958984375
2013-07-15,36.94474411010742
2013-07-16,36.92429733276367
2013-07-17,37.067543029785156
2013-07-18,37.299476623535156
2013-07-19,37.265357971191406
2013-07-22,37.46317672729492
2013-07-23,37.53139114379883
2013-07-24,37.470008850097656
2013-07-25,37.49046325683594
2013-07-26,37.27899932861328
2013-07-29,36.94474411010742
2013-07-30,36.93793487548828
2013-07-31,37.06071853637695
2013-08-01,37.53139114379883
2013-08-02,37.81107711791992
2013-08-05,37.79743576049805
2013-08-06,37.73603820800781
2013-08-07,37.572330474853516
2013-08-08,37.89292526245117
2013-08-09,37.95431900024414
2013-08-12,37.87928771972656
2013-08-13,38.09075927734375
2013-08-14,38.104393005371094
2013-08-15,37.79743576049805
2013-08-16,37.89292526245117
2013-08-19,37.64053726196289
2013-08-20,37.572330474853516
2013-08-21,37.17667770385742
2013-08-22,37.55186080932617
2013-08-23,37.83836364746094
2013-08-26,37.57914352416992
2013-08-27,36.90381622314453
2013-08-28,36.88336181640625
2013-08-29,36.86289978027344
2013-08-30,36.439971923828125
2013-09-03,37.08799743652344
2013-09-04,37.40861129760742
2013-09-05,37.381317138671875
2013-09-06,37.572330474853516
2013-09-09,38.13167953491211
2013-09-10,38.561424255371094
2013-09-11,38.65693283081055
2013-09-12,38.46593475341797
2013-09-13,38.643280029296875
2013-09-16,38.9229621887207
2013-09-17,38.9775390625
2013-09-18,40.021209716796875
2013-09-19,39.79609298706055
2013-09-20,39.52324676513672
2013-09-23,39.48914337158203
2013-09-24,39.46867370605469
2013-09-25,39.51642608642578
2013-09-26,39.707420349121094
2013-09-27,39.5982780456543
2013-09-30,39.318603515625
2013-10-01,39.57099533081055
2013-10-02,39.536888122558594
2013-10-03,39.29813766479492
2013-10-04,39.332244873046875
2013-10-07,38.96389389038086
2013-10-08,38.65009689331055
2013-10-09,38.81381607055664
2013-10-10,39.50960922241211
2013-10-11,39.74152755737305
2013-10-14,39.86431121826172
2013-10-15,39.65285110473633
2013-10-16,39.98028564453125
2013-10-17,40.48507308959961
2013-10-18,40.73063659667969
2013-10-21,40.79884719848633
2013-10-22,41.20813751220703
2013-10-23,40.79884719848633
2013-10-24,41.07169723510742
2013-10-25,40.969390869140625
2013-10-28,40.86708068847656
2013-10-29,40.92845916748047
2013-10-30,40.819313049316406
2013-10-31,40.64878463745117
2013-11-01,40.39639663696289
2013-11-04,40.57374954223633
2013-11-05,40.253135681152344
2013-11-06,40.64195251464844
2013-11-07,40.00075149536133
2013-11-08,40.205387115478516
2013-11-11,40.27359390258789
2013-11-12,40.17127990722656
2013-11-13,40.26677322387695
2013-11-14,40.48507308959961
2013-11-15,40.785213470458984
2013-11-18,40.79884719848633
2013-11-19,40.69652557373047
2013-11-20,40.38275146484375
2013-11-21,40.628318786621094
2013-11-22,40.785213470458984
2013-11-25,40.62149429321289
2013-11-26,40.65560531616211
2013-11-27,40.771568298339844
2013-11-29,40.8738899230957
2013-12-02,40.55328369140625
2013-12-03,40.294071197509766
2013-12-04,40.07577896118164
2013-12-05,39.87113952636719
2013-12-06,40.348636627197266
2013-12-09,40.32135009765625
2013-12-10,40.2326774597168
2013-12-11,39.8847770690918
2013-12-12,39.58464431762695
2013-12-13,39.55052947998047
2013-12-16,39.8916015625
2013-12-17,39.68014144897461
2013-12-18,40.278465270996094
2013-12-19,40.292236328125
2013-12-20,40.505672454833984
2013-12-23,40.87059020996094
2013-12-24,40.932559967041016
2013-12-26,41.19420623779297
2013-12-27,41.435176849365234
2013-12-30,41.65549850463867
2013-12-31,41.841407775878906
2014-01-02,41.07026672363281
2014-01-03,41.11846160888672
2014-01-06,41.111572265625
2014-01-07,41.32502365112305
2014-01-08,41.26304626464844
2014-01-09,41.256168365478516
2014-01-10,41.65549850463867
2014-01-13,41.345672607421875
2014-01-14,41.683048248291016
2014-01-15,41.83451843261719
2014-01-16,41.800086975097656
2014-01-17,41.64862060546875
2014-01-21,41.882713317871094
2014-01-22,41.85517120361328
2014-01-23,41.58665466308594
2014-01-24,40.4643669128418
2014-01-27,40.25780487060547
2014-01-28,40.65715408325195
2014-01-29,40.23027038574219
2014-01-30,40.42304992675781
2014-01-31,39.80339050292969
2014-02-03,39.059783935546875
2014-02-04,39.348968505859375
2014-02-05,39.452247619628906
2014-02-06,40.17517852783203
2014-02-07,40.595176696777344
2014-02-10,40.54698181152344
2014-02-11,41.1460075378418
2014-02-12,41.18730545043945
2014-02-13,41.331905364990234
2014-02-14,41.5040283203125
2014-02-18,41.827640533447266
2014-02-19,41.54534149169922
2014-02-20,41.71746826171875
2014-02-21,41.83451843261719
2014-02-24,42.20633316040039
2014-02-25,42.096160888671875
2014-02-26,41.92402648925781
2014-02-27,42.06861114501953
2014-02-28,42.22697448730469
2014-03-03,41.30436706542969
2014-03-04,42.10304260253906
2014-03-05,42.07550048828125
2014-03-06,42.52304458618164
2014-03-07,42.2889404296875
2014-03-10,42.06861114501953
2014-03-11,41.7450065612793
2014-03-12,41.56599044799805
2014-03-13,40.8223991394043
2014-03-14,40.705345153808594
2014-03-17,41.2286262512207
2014-03-18,41.5040283203125
2014-03-19,40.99454116821289
2014-03-20,40.829280853271484
2014-03-21,40.75354766845703
2014-03-24,40.829280853271484
2014-03-25,41.2837028503418
2014-03-26,41.276817321777344
2014-03-27,41.47648620605469
2014-03-28,41.78633117675781
2014-03-31,42.04796600341797
2014-04-01,42.28205490112305
2014-04-02,42.37156295776367
2014-04-03,42.24763107299805
2014-04-04,42.06861114501953
2014-04-07,41.896480560302734
2014-04-08,41.78633117675781
2014-04-09,42.37156295776367
2014-04-10,41.6073112487793
2014-04-11,41.33879852294922
2014-04-14,41.51780319213867
2014-04-15,41.40763473510742
2014-04-16,41.90336990356445
2014-04-17,42.054840087890625
2014-04-21,42.171897888183594
2014-04-22,42.309600830078125
2014-04-23,42.22697448730469
2014-04-24,42.23386001586914
2014-04-25,42.06173324584961
2014-04-28,42.15812301635742
2014-04-29,42.35090637207031
2014-04-30,42.543697357177734
2014-05-01,42.69517135620117
2014-05-02,42.64697265625
2014-05-05,42.61943054199219
2014-05-06,42.55058288574219
2014-05-07,42.58501052856445
2014-05-08,42.56435012817383
2014-05-09,42.52304458618164
2014-05-12,42.812217712402344
2014-05-13,42.83287811279297
2014-05-14,42.72960662841797
2014-05-15,42.529930114746094
2014-05-16,42.57124328613281
2014-05-19,42.48861312866211
2014-05-20,42.23386001586914
2014-05-21,42.57124328613281
2014-05-22,42.660743713378906
2014-05-23,42.757144927978516
2014-05-27,43.10829162597656
2014-05-28,42.96369171142578
2014-05-29,43.156490325927734
2014-05-30,43.22533416748047
2014-06-02,43.35615539550781
2014-06-03,43.22533416748047
2014-06-04,43.23910140991211
2014-06-05,43.493858337402344
2014-06-06,43.74860763549805
2014-06-09,43.721065521240234
2014-06-10,43.597129821777344
2014-06-11,43.397457122802734
2014-06-12,43.41123962402344
2014-06-13,43.41123962402344
2014-06-16,43.42500686645508
2014-06-17,43.35615539550781
2014-06-18,43.72795486450195
2014-06-19,43.9758186340332
2014-06-20,43.9069709777832
2014-06-23,43.81057357788086
2014-06-24,43.50763702392578
2014-06-25,43.47886657714844
2014-06-26,43.44379806518555
2014-06-27,43.57707214355469
2014-06-30,43.64021301269531
2014-07-01,44.033042907714844
2014-07-02,44.0961799621582
2014-07-03,44.21543502807617
2014-07-07,43.843658447265625
2014-07-08,43.41572570800781
2014-07-09,43.541996002197266
2014-07-10,43.001861572265625
2014-07-11,43.071998596191406
2014-07-14,43.38066482543945
2014-07-15,43.26841735839844
2014-07-16,43.52796936035156
2014-07-17,43.00886535644531
2014-07-18,43.3175163269043
2014-07-21,43.17020034790039
2014-07-22,43.38066482543945
2014-07-23,43.499908447265625
2014-07-24,43.563053131103516
2014-07-25,43.38066482543945
2014-07-28,43.41572570800781
2014-07-29,43.289459228515625
2014-07-30,43.26841735839844
2014-07-31,42.51781463623047
2014-08-01,42.25825500488281
2014-08-04,42.39154815673828
2014-08-05,41.8864631652832
2014-08-06,41.809303283691406
2014-08-07,41.43049621582031
2014-08-08,41.704078674316406
2014-08-11,41.85840606689453
2014-08-12,41.84437942504883
2014-08-13,42.019752502441406
2014-08-14,42.25825500488281
2014-08-15,42.216163635253906
2014-08-18,42.51781463623047
2014-08-19,42.61602783203125
2014-08-20,42.45467758178711
2014-08-21,42.66513442993164
2014-08-22,42.447662353515625
2014-08-25,42.728271484375
2014-08-26,42.728271484375
2014-08-27,42.82646560668945
2014-08-28,42.64407730102539
2014-08-29,42.60198974609375
2014-09-02,42.66513442993164
2014-09-03,42.91766357421875
2014-09-04,42.658119201660156
2014-09-05,42.74229049682617
2014-09-08,42.279296875
2014-09-09,42.13199234008789
2014-09-10,42.356468200683594
2014-09-11,42.12497329711914
2014-09-12,42.06184387207031
2014-09-15,41.9916877746582
2014-09-16,42.139007568359375
2014-09-17,41.85138702392578
2014-09-18,42.1600456237793
2014-09-19,41.97765350341797
2014-09-22,41.830352783203125
2014-09-23,41.4655647277832
2014-09-24,41.704078674316406
2014-09-25,41.07271957397461
2014-09-26,41.25511932373047
2014-09-29,40.918399810791016
2014-09-30,40.85526657104492
2014-10-01,40.357200622558594
2014-10-02,39.95734405517578
2014-10-03,39.964359283447266
2014-10-06,40.23093032836914
2014-10-07,39.53645324707031
2014-10-08,40.16078186035156
2014-10-09,39.080467224121094
2014-10-10,38.49822235107422
2014-10-13,38.38599395751953
2014-10-14,38.5192756652832
2014-10-15,38.30882263183594
2014-10-16,38.00016403198242
2014-10-17,38.62449264526367
2014-10-20,38.954200744628906
2014-10-21,39.382118225097656
2014-10-22,39.10152816772461
2014-10-23,39.501380920410156
2014-10-24,39.66971969604492
2014-10-27,39.543460845947266
2014-10-28,40.034507751464844
2014-10-29,39.72584915161133
2014-10-30,40.02047348022461
2014-10-31,40.73601150512695
2014-11-03,40.47645950317383
2014-11-04,40.181827545166016
2014-11-05,40.23093032836914
2014-11-06,39.99943923950195
2014-11-07,40.01346206665039
2014-11-10,40.20287322998047
2014-11-11,40.434364318847656
2014-11-12,40.10466766357422
2014-11-13,40.287044525146484
2014-11-14,40.336151123046875
2014-11-17,40.15376281738281
2014-11-18,40.609737396240234
2014-11-19,40.46242141723633
2014-11-20,40.23794174194336
2014-11-21,40.57466125488281
2014-11-24,40.79914093017578
2014-11-25,40.87630844116211
2014-11-26,41.02362060546875
2014-11-28,40.72898864746094
2014-12-01,40.69391632080078
2014-12-02,40.78511047363281
2014-12-03,40.764068603515625
2014-12-04,40.65884017944336
2014-12-05,40.7149658203125
2014-12-08,40.39928436279297
2014-12-09,40.16078186035156
2014-12-10,39.71181869506836
2014-12-11,39.662715911865234
2014-12-12,38.93315887451172
2014-12-15,38.329864501953125
2014-12-16,38.60344696044922
2014-12-17,38.96905517578125
2014-12-18,39.7130126953125
2014-12-19,39.74134826660156
2014-12-22,39.91848373413086
2014-12-23,39.79093933105469
2014-12-24,39.98224639892578
2014-12-26,40.08852005004883
2014-12-29,39.81929397583008
2014-12-30,39.48628234863281
2014-12-31,39.19578170776367
2015-01-02,39.11784362792969
2015-01-05,38.23927307128906
2015-01-06,37.84249496459961
2015-01-07,38.23218536376953
2015-01-08,38.721065521240234
2015-01-09,38.54393768310547
2015-01-12,38.480167388916016
2015-01-13,38.63604736328125
2015-01-14,38.5722770690918
2015-01-15,38.784828186035156
2015-01-16,39.24538040161133
2015-01-20,39.38707733154297
2015-01-21,39.656333923339844
2015-01-22,39.76969528198242
2015-01-23,39.550045013427734
2015-01-26,40.09561538696289
2015-01-27,40.10270309448242
2015-01-28,39.58546829223633
2015-01-29,40.13103485107422
2015-01-30,39.528785705566406
2015-02-02,40.01767349243164
2015-02-03,40.62700653076172
2015-02-04,40.29399108886719
2015-02-05,40.81831359863281
2015-02-06,40.30107498168945
2015-02-09,40.11687088012695
2015-02-10,40.49238967895508
2015-02-11,40.26565170288086
2015-02-12,40.89624786376953
2015-02-13,41.172576904296875
2015-02-17,41.264686584472656
2015-02-18,41.548099517822266
2015-02-19,41.56935119628906
2015-02-20,42.00864028930664
2015-02-23,41.831504821777344
2015-02-24,42.07240676879883
2015-02-25,42.0653190612793
2015-02-26,41.987396240234375
2015-02-27,42.01573181152344
2015-03-02,42.08657455444336
2015-03-03,41.831504821777344
2015-03-04,41.633113861083984
2015-03-05,41.74647903442383
2015-03-06,41.19383239746094
2015-03-09,41.22216796875
2015-03-10,40.37194061279297
2015-03-11,40.471134185791016
2015-03-12,40.98126983642578
2015-03-13,40.76872253417969
2015-03-16,41.200923919677734
2015-03-17,41.08047103881836
2015-03-18,41.92361831665039
2015-03-19,41.420562744140625
2015-03-20,42.34873580932617
2015-03-23,42.56837463378906
2015-03-24,42.5187873840332
2015-03-25,42.306217193603516
2015-03-26,41.93779754638672
2015-03-27,42.01573181152344
2015-03-30,42.07240676879883
2015-03-31,41.441810607910156
2015-04-01,41.718135833740234
2015-04-02,42.0440673828125
2015-04-06,42.511695861816406
2015-04-07,42.462093353271484
2015-04-08,42.66756820678711
2015-04-09,42.717166900634766
2015-04-10,42.80927276611328
2015-04-13,42.532955169677734
2015-04-14,42.8588752746582
2015-04-15,43.05725860595703
2015-04-16,43.170623779296875
2015-04-17,42.58254623413086
2015-04-20,42.67464828491211
2015-04-21,43.02183151245117
2015-04-22,43.11393737792969
2015-04-23,43.262733459472656
2015-04-24,43.48945999145508
2015-04-27,43.75161361694336
2015-04-28,43.79412841796875
2015-04-29,43.43278884887695
2015-04-30,42.98640823364258
2015-05-01,43.376102447509766
2015-05-04,43.40443801879883
2015-05-05,42.78092956542969
2015-05-06,42.873043060302734
2015-05-07,42.73843002319336
2015-05-08,43.737449645996094
2015-05-11,43.411529541015625
2015-05-12,43.383182525634766
2015-05-13,43.71619415283203
2015-05-14,44.247589111328125
2015-05-15,44.31843566894531
2015-05-18,44.18381881713867
2015-05-19,43.99252700805664
2015-05-20,44.06337356567383
2015-05-21,44.25467300415039
2015-05-22,44.00668716430664
2015-05-26,43.206050872802734
2015-05-27,43.659507751464844
2015-05-28,43.517799377441406
2015-05-29,43.12102508544922
2015-06-01,43.08560562133789
2015-06-02,43.30524826049805
2015-06-03,43.58156967163086
2015-06-04,43.07143020629883
2015-06-05,42.58254623413086
2015-06-08,42.469181060791016
2015-06-09,42.263710021972656
2015-06-10,43.13520050048828
2015-06-11,43.26982116699219
2015-06-12,42.96513748168945
2015-06-15,42.653404235839844
2015-06-16,42.66047668457031
2015-06-17,42.58963394165039
2015-06-18,42.95097732543945
2015-06-19,42.81636428833008
2015-06-22,43.624088287353516
2015-06-23,43.70911407470703
2015-06-24,43.36193084716797
2015-06-25,43.35400390625
2015-06-26,43.375614166259766
2015-06-29,42.086299896240234
2015-06-30,41.99265670776367
2015-07-01,42.28078842163086
2015-07-02,42.3023796081543
2015-07-06,41.43084716796875
2015-07-07,41.452457427978516
2015-07-08,40.46566390991211
2015-07-09,41.10670852661133
2015-07-10,42.38161849975586
2015-07-13,42.54009246826172
2015-07-14,42.89301300048828
2015-07-15,42.73455810546875
2015-07-16,43.087501525878906
2015-07-17,43.015472412109375
2015-07-20,43.13791275024414
2015-07-21,43.008262634277344
2015-07-22,42.705753326416016
2015-07-23,42.57609939575195
2015-07-24,42.15833282470703
2015-07-27,41.848602294921875
2015-07-28,42.36721420288086
2015-07-29,42.49687576293945
2015-07-30,42.44644546508789
2015-07-31,42.676937103271484
2015-08-03,42.655330657958984
2015-08-04,42.60491180419922
2015-08-05,42.86420440673828
2015-08-06,42.676937103271484
2015-08-07,42.59770584106445
2015-08-10,43.1307258605957
2015-08-11,42.482460021972656
2015-08-12,42.22315216064453
2015-08-13,42.230350494384766
2015-08-14,42.3023796081543
2015-08-17,42.23755645751953
2015-08-18,41.920631408691406
2015-08-19,41.58930206298828
2015-08-20,40.58810806274414
2015-08-21,39.658939361572266
2015-08-24,38.312007904052734
2015-08-25,38.69375228881836
2015-08-26,39.6229248046875
2015-08-27,40.091102600097656
2015-08-28,40.055091857910156
2015-08-31,39.73097229003906
2015-09-01,38.441650390625
2015-09-02,38.996273040771484
2015-09-03,39.03949737548828
2015-09-04,38.182342529296875
2015-09-08,39.27718734741211
2015-09-09,39.10432052612305
2015-09-10,39.370819091796875
2015-09-11,39.406829833984375
2015-09-14,39.089908599853516
2015-09-15,39.35641860961914
2015-09-16,39.882232666015625
2015-09-17,39.91824722290039
2015-09-18,39.02508544921875
2015-09-21,38.96746063232422
2015-09-22,38.02389144897461
2015-09-23,37.89423751831055
2015-09-24,37.78619384765625
2015-09-25,38.11032485961914
2015-09-28,37.390045166015625
2015-09-29,37.325218200683594
2015-09-30,38.038299560546875
2015-10-01,38.153541564941406
2015-10-02,38.78738784790039
2015-10-05,39.53648376464844
2015-10-06,39.608516693115234
2015-10-07,40.040687561035156
2015-10-08,40.33600997924805
2015-10-09,40.40083694458008
2015-10-12,40.29999923706055
2015-10-13,39.853416442871094
2015-10-14,39.91824722290039
2015-10-15,40.624114990234375
2015-10-16,40.595306396484375
2015-10-19,40.45845031738281
2015-10-20,40.30719757080078
2015-10-21,40.249568939208984
2015-10-22,40.73216247558594
2015-10-23,41.07069396972656
2015-10-26,40.926639556884766
2015-10-27,40.595306396484375
2015-10-28,40.80419158935547
2015-10-29,40.530487060546875
2015-10-30,40.46566390991211
2015-11-02,40.876220703125
2015-11-03,40.869014739990234
2015-11-04,40.60251235961914
2015-11-05,40.530487060546875
2015-11-06,40.35761260986328
2015-11-09,39.93265151977539
2015-11-10,39.92544174194336
2015-11-11,40.14152908325195
2015-11-12,39.6373291015625
2015-11-13,39.35641860961914
2015-11-16,39.839012145996094
2015-11-17,39.91824722290039
2015-11-18,40.27117919921875
2015-11-19,40.487266540527344
2015-11-20,40.38642501831055
2015-11-23,40.14152908325195
2015-11-24,40.13432693481445
2015-11-25,40.220760345458984
2015-11-27,40.249568939208984
2015-11-30,40.220760345458984
2015-12-01,40.67454147338867
2015-12-02,40.25677490234375
2015-12-03,40.04789733886719
2015-12-04,40.41523742675781
2015-12-07,40.18473815917969
2015-12-08,39.594112396240234
2015-12-09,39.42845153808594
2015-12-10,39.38523483276367
2015-12-11,38.722564697265625
2015-12-14,38.808998107910156
2015-12-15,38.94585037231445
2015-12-16,39.69495391845703
2015-12-17,39.219566345214844
2015-12-18,38.83060836791992
2015-12-21,39.04916763305664
2015-12-22,39.31055450439453
2015-12-23,39.94951629638672
2015-12-24,39.85511779785156
2015-12-28,39.78251647949219
2015-12-29,40.239959716796875
2015-12-30,39.97129440307617
2015-12-31,39.48481369018555
2016-01-04,38.90394973754883
2016-01-05,38.838600158691406
2016-01-06,38.15607833862305
2016-01-07,37.42997741699219
2016-01-08,36.95076370239258
2016-01-11,37.081459045410156
2016-01-12,37.255714416503906
2016-01-13,36.645809173583984
2016-01-14,37.103240966796875
2016-01-15,35.78901672363281
2016-01-19,36.10123062133789
2016-01-20,35.22992706298828
2016-01-21,35.476810455322266
2016-01-22,36.53689193725586
2016-01-25,36.050411224365234
2016-01-26,36.68936538696289
2016-01-27,36.44975662231445
2016-01-28,36.57320022583008
2016-01-29,37.23393249511719
2016-02-01,37.21215057373047
2016-02-02,36.333587646484375
2016-02-03,36.645809173583984
2016-02-04,36.653072357177734
2016-02-05,36.093971252441406
2016-02-08,35.447750091552734
2016-02-09,35.02663040161133
2016-02-10,34.99757385253906
2016-02-11,34.54013442993164
2016-02-12,35.048397064208984
2016-02-16,35.730926513671875
2016-02-17,36.38440704345703
2016-02-18,36.26823043823242
2016-02-19,36.210140228271484
2016-02-22,36.616756439208984
2016-02-23,36.01411056518555
2016-02-24,35.95600891113281
2016-02-25,36.40618896484375
2016-02-26,36.26823043823242
2016-02-29,36.05767059326172
2016-03-01,37.0306282043457
2016-03-02,37.26298522949219
2016-03-03,37.611507415771484
2016-03-04,37.91647720336914
2016-03-07,37.87289810180664
2016-03-08,37.43724060058594
2016-03-09,37.6042366027832
2016-03-10,37.55341720581055
2016-03-11,38.52637481689453
2016-03-14,38.46103286743164
2016-03-15,38.090721130371094
2016-03-16,38.47555923461914
2016-03-17,38.78776550292969
2016-03-18,38.7078971862793
2016-03-21,38.63528823852539
2016-03-22,38.56993865966797
2016-03-23,38.177860260009766
2016-03-24,37.95276641845703
2016-03-28,38.177860260009766
2016-03-29,38.5844612121582
2016-03-30,38.882164001464844
2016-03-31,38.5844612121582
2016-04-01,38.12702560424805
2016-04-04,38.097984313964844
2016-04-05,37.32832717895508
2016-04-06,37.90920639038086
2016-04-07,37.37915802001953
2016-04-08,38.119773864746094
2016-04-11,38.14155197143555
2016-04-12,38.69337463378906
2016-04-13,39.28150939941406
2016-04-14,39.339599609375
2016-04-15,39.23794937133789
2016-04-18,39.57921600341797
2016-04-19,40.27626419067383
2016-04-20,40.26173782348633
2016-04-21,40.01486587524414
2016-04-22,40.02212905883789
2016-04-25,39.85511779785156
2016-04-26,39.97856140136719
2016-04-27,40.036643981933594
2016-04-28,39.51385498046875
2016-04-29,39.3541259765625
2016-05-02,39.7462158203125
2016-05-03,39.10725402832031
2016-05-04,38.65707778930664
2016-05-05,38.628028869628906
2016-05-06,38.72968673706055
2016-05-09,38.642555236816406
2016-05-10,39.18711853027344
2016-05-11,38.85311508178711
2016-05-12,38.838600158691406
2016-05-13,38.41746520996094
2016-05-16,38.87489700317383
2016-05-17,38.628028869628906
2016-05-18,38.63528823852539
2016-05-19,38.41746520996094
2016-05-20,38.70063781738281
2016-05-23,38.62077331542969
2016-05-24,39.16533279418945
2016-05-25,39.528385162353516
2016-05-26,39.608253479003906
2016-05-27,39.542903900146484
2016-05-31,39.404945373535156
2016-06-01,39.3541259765625
2016-06-02,39.39042663574219
2016-06-03,39.65908432006836
2016-06-06,39.869651794433594
2016-06-07,40.14556121826172
2016-06-08,40.254478454589844
2016-06-09,39.75346755981445
2016-06-10,38.642555236816406
2016-06-13,38.06167221069336
2016-06-14,37.488067626953125
2016-06-15,37.7421989440918
2016-06-16,37.77849578857422
2016-06-17,38.15607833862305
2016-06-20,39.070953369140625
2016-06-21,39.3831672668457
2016-06-22,39.335086822509766
2016-06-23,40.41498947143555
2016-06-24,36.93119812011719
2016-06-27,36.17673873901367
2016-06-28,37.16788864135742
2016-06-29,37.818790435791016
2016-06-30,38.38092803955078
2016-07-01,38.4253044128418
2016-07-05,37.57469940185547
2016-07-06,37.5377197265625
2016-07-07,37.434165954589844
2016-07-08,37.99629592895508
2016-07-11,38.55845260620117
2016-07-12,39.06141662597656
2016-07-13,39.031837463378906
2016-07-14,39.357276916503906
2016-07-15,39.12798309326172
2016-07-18,39.2241325378418
2016-07-19,38.92827606201172
2016-07-20,39.2611198425293
2016-07-21,39.1353874206543
2016-07-22,39.172359466552734
2016-07-25,39.157569885253906
2016-07-26,39.32029724121094
2016-07-27,39.51260757446289
2016-07-28,39.49781036376953
2016-07-29,39.985992431640625
2016-08-01,39.69752883911133
2016-08-02,39.534793853759766
2016-08-03,39.37946701049805
2016-08-04,39.6087646484375
2016-08-05,39.756690979003906
2016-08-08,39.83805465698242
2016-08-09,40.15611267089844
2016-08-10,40.29663848876953
2016-08-11,40.59989547729492
2016-08-12,40.503746032714844
2016-08-15,40.65167999267578
2016-08-16,40.56293487548828
2016-08-17,40.56293487548828
2016-08-18,40.76263427734375
2016-08-19,40.451969146728516
2016-08-22,40.51115036010742
2016-08-23,40.6960563659668
2016-08-24,40.6072998046875
2016-08-25,40.429779052734375
2016-08-26,40.17091369628906
2016-08-29,40.31142807006836
2016-08-30,40.23007583618164
2016-08-31,40.14131546020508
2016-09-01,40.444580078125
2016-09-02,40.866180419921875
2016-09-06,41.20642852783203
2016-09-07,41.25820541381836
2016-09-08,41.147254943847656
2016-09-09,40.33362579345703
2016-09-12,40.681270599365234
2016-09-13,39.867637634277344
2016-09-14,39.82326126098633
2016-09-15,40.185707092285156
2016-09-16,39.67532730102539
2016-09-19,39.89722442626953
2016-09-20,40.08954620361328
2016-09-21,40.7922248840332
2016-09-22,41.2286262512207
2016-09-23,40.873573303222656
2016-09-26,40.51115036010742
2016-09-27,40.681270599365234
2016-09-28,41.02891159057617
2016-09-29,40.51115036010742
2016-09-30,40.78481674194336
2016-10-03,40.7330436706543
2016-10-04,40.688663482666016
2016-10-05,40.85879135131836
2016-10-06,40.63688278198242
2016-10-07,40.39280319213867
2016-10-10,40.481563568115234
2016-10-11,39.912017822265625
2016-10-12,39.86024475097656
2016-10-13,39.71969985961914
2016-10-14,39.749298095703125
2016-10-17,39.653141021728516
2016-10-18,40.0599479675293
2016-10-19,40.185707092285156
2016-10-20,40.23747253417969
2016-10-21,40.14131546020508
2016-10-24,40.1191291809082
2016-10-25,40.082149505615234
2016-10-26,39.875038146972656
2016-10-27,39.83805465698242
2016-10-28,39.83065414428711
2016-10-31,39.82326126098633
2016-11-01,39.71969985961914
2016-11-02,39.43864059448242
2016-11-03,39.43124008178711
2016-11-04,39.06141662597656
2016-11-07,39.59397506713867
2016-11-08,39.67532730102539
2016-11-09,39.64574432373047
2016-11-10,39.534793853759766
2016-11-11,39.2611198425293
2016-11-14,39.046627044677734
2016-11-15,39.23154067993164
2016-11-16,38.82472229003906
2016-11-17,39.09100341796875
2016-11-18,38.69898223876953
2016-11-21,39.01704025268555
2016-11-22,39.12798309326172
2016-11-23,38.98006057739258
2016-11-25,39.10578918457031
2016-11-28,38.90608215332031
2016-11-29,39.150177001953125
2016-11-30,39.09839630126953
2016-12-01,38.972660064697266
2016-12-02,39.031837463378906
2016-12-05,39.40165328979492
2016-12-06,39.66053009033203
2016-12-07,40.20787811279297
2016-12-08,40.16350173950195
2016-12-09,40.31142807006836
2016-12-12,40.148704528808594
2016-12-13,40.59251022338867
2016-12-14,39.985992431640625
2016-12-15,39.86024475097656
2016-12-16,39.89722442626953
2016-12-19,39.867637634277344
2016-12-20,39.985992431640625
2016-12-21,40.003936767578125
2016-12-22,39.92167282104492
2016-12-23,40.018898010253906
2016-12-27,40.003936767578125
2016-12-28,39.88426971435547
2016-12-29,39.996463775634766
2016-12-30,40.108638763427734
2017-01-03,40.347957611083984
2017-01-04,40.78172302246094
2017-01-05,41.17061996459961
2017-01-06,41.01357650756836
2017-01-09,40.95374298095703
2017-01-10,40.94626998901367
2017-01-11,41.20801544189453
2017-01-12,41.22298049926758
2017-01-13,41.39498519897461
2017-01-17,41.25288772583008
2017-01-18,41.140708923339844
2017-01-19,41.05096435546875
2017-01-20,41.30524444580078
2017-01-23,41.35758972167969
2017-01-24,41.46977615356445
2017-01-25,41.91850662231445
2017-01-26,41.731536865234375
2017-01-27,41.649269104003906
2017-01-30,41.417423248291016
2017-01-31,41.46229553222656
2017-02-01,41.64178466796875
2017-02-02,41.649269104003906
2017-02-03,41.81380081176758
2017-02-06,41.514652252197266
2017-02-07,41.514652252197266
2017-02-08,41.611873626708984
2017-02-09,41.731536865234375
2017-02-10,41.851192474365234
2017-02-13,42.00825119018555
2017-02-14,41.94841766357422
2017-02-15,42.12042999267578
2017-02-16,42.232608795166016
2017-02-17,42.10546112060547
2017-02-21,42.2475700378418
2017-02-22,42.25505065917969
2017-02-23,42.31488037109375
2017-02-24,42.015724182128906
2017-02-27,42.038169860839844
2017-02-28,42.000770568847656
2017-03-01,42.442020416259766
2017-03-02,42.16530227661133
2017-03-03,42.39714431762695
2017-03-06,42.232608795166016
2017-03-07,42.09799575805664
2017-03-08,41.92598342895508
2017-03-09,42.11295700073242
2017-03-10,42.486881256103516
2017-03-13,42.67386245727539
2017-03-14,42.35974884033203
2017-03-15,42.93561935424805
2017-03-16,43.16745376586914
2017-03-17,43.27216339111328
2017-03-20,43.21980667114258
2017-03-21,43.025367736816406
2017-03-22,43.04780197143555
2017-03-23,43.130069732666016
2017-03-24,43.264686584472656
2017-03-27,43.38433837890625
2017-03-28,43.57131576538086
2017-03-29,43.55635452270508
2017-03-30,43.391822814941406
2017-03-31,43.33946990966797
2017-04-03,43.294593811035156
2017-04-04,43.27963638305664
2017-04-05,43.07771682739258
2017-04-06,43.092674255371094
2017-04-07,43.055267333984375
2017-04-10,43.01039505004883
2017-04-11,43.24972915649414
2017-04-12,43.18242645263672
2017-04-13,42.928138732910156
2017-04-17,43.20484924316406
2017-04-18,43.0029182434082
2017-04-19,42.88326644897461
2017-04-20,43.2272834777832
2017-04-21,43.242244720458984
2017-04-24,44.304229736328125
2017-04-25,44.59590530395508
2017-04-26,44.491188049316406
2017-04-27,44.58842849731445
2017-04-28,44.51363754272461
2017-05-01,44.7155647277832
2017-05-02,44.96984100341797
2017-05-03,44.82026672363281
2017-05-04,45.24655532836914
2017-05-05,45.71772003173828
2017-05-08,45.38865280151367
2017-05-09,45.29890060424805
2017-05-10,45.35873794555664
2017-05-11,45.26152038574219
2017-05-12,45.463443756103516
2017-05-15,45.67284393310547
2017-05-16,45.964515686035156
2017-05-17,45.463443756103516
2017-05-18,45.5307502746582
2017-05-19,46.054256439208984
2017-05-22,46.15147399902344
2017-05-23,46.166446685791016
2017-05-24,46.19636154174805
2017-05-25,46.20384216308594
2017-05-26,46.06174087524414
2017-05-30,46.024349212646484
2017-05-31,46.08417892456055
2017-06-01,46.44315719604492
2017-06-02,46.93675994873047
2017-06-05,46.7123908996582
2017-06-06,46.54037857055664
2017-06-07,46.58525466918945
2017-06-08,46.488033294677734
2017-06-09,46.263671875
2017-06-12,46.10661315917969
2017-06-13,46.488033294677734
2017-06-14,46.47307205200195
2017-06-15,45.97199630737305
2017-06-16,46.3758430480957
2017-06-19,46.52542495727539
2017-06-20,46.14179611206055
2017-06-21,46.07342529296875
2017-06-22,46.103816986083984
2017-06-23,46.194969177246094
2017-06-26,46.278533935546875
2017-06-27,46.301326751708984
2017-06-28,46.65836715698242
2017-06-29,46.23295211791992
2017-06-30,46.25574493408203
2017-07-03,46.21015930175781
2017-07-05,46.187381744384766
2017-07-06,45.95188522338867
2017-07-07,46.00505447387695
2017-07-10,46.081024169921875
2017-07-11,46.202571868896484
2017-07-12,46.5520133972168
2017-07-13,46.711544036865234
2017-07-14,47.0381965637207
2017-07-17,46.95463943481445
2017-07-18,47.015403747558594
2017-07-19,47.212921142578125
2017-07-20,47.40283203125
2017-07-21,47.24330139160156
2017-07-24,47.13694763183594
2017-07-25,47.19773483276367
2017-07-26,47.48639678955078
2017-07-27,47.38764190673828
2017-07-28,47.44082260131836
2017-07-31,47.55476760864258
2017-08-01,47.8282470703125
2017-08-02,47.820640563964844
2017-08-03,47.8586311340332
2017-08-04,47.91939926147461
2017-08-07,47.926998138427734
2017-08-08,47.72188949584961
2017-08-09,47.63072967529297
2017-08-10,46.98502731323242
2017-08-11,46.90145492553711
2017-08-14,47.25849533081055
2017-08-15,47.16733932495117
2017-08-16,47.47121047973633
2017-08-17,46.95463943481445
2017-08-18,47.076175689697266
2017-08-21,47.083778381347656
2017-08-22,47.28129959106445
2017-08-23,47.28887939453125
2017-08-24,47.174930572509766
2017-08-25,47.48639678955078
2017-08-28,47.493995666503906
2017-08-29,47.31926727294922
2017-08-30,47.24330139160156
2017-08-31,47.60794448852539
2017-09-01,47.699100494384766
2017-09-05,47.40283203125
2017-09-06,47.66871643066406
2017-09-07,48.06373977661133
2017-09-08,48.08653259277344
2017-09-11,48.42837905883789
2017-09-12,48.56511688232422
2017-09-13,48.314422607421875
2017-09-14,48.41318130493164
2017-09-15,48.41318130493164
2017-09-18,48.511940002441406
2017-09-19,48.73225021362305
2017-09-20,48.633487701416016
2017-09-21,48.51953125
2017-09-22,48.648681640625
2017-09-25,48.41318130493164
2017-09-26,48.284034729003906
2017-09-27,48.34481430053711
2017-09-28,48.481544494628906
2017-09-29,48.7474250793457
2017-10-02,48.686649322509766
2017-10-03,48.868980407714844
2017-10-04,48.800601959228516
2017-10-05,48.7474250793457
2017-10-06,48.7170524597168
2017-10-09,48.70945739746094
2017-10-10,49.18043518066406
2017-10-11,49.28679275512695
2017-10-12,49.29438018798828
2017-10-13,49.552677154541016
2017-10-16,49.52229309082031
2017-10-17,49.36276626586914
2017-10-18,49.49949645996094
2017-10-19,49.38555145263672
2017-10-20,49.317176818847656
2017-10-23,49.21082305908203
2017-10-24,49.332366943359375
2017-10-25,49.15005111694336
2017-10-26,49.13486099243164
2017-10-27,49.23361587524414
2017-10-30,49.3703498840332
2017-10-31,49.56786346435547
2017-11-01,49.643836975097656
2017-11-02,49.74259567260742
2017-11-03,49.69700241088867
2017-11-06,49.78056335449219
2017-11-07,49.59825897216797
2017-11-08,49.765384674072266
2017-11-09,49.431129455566406
2017-11-10,49.3095817565918
2017-11-13,49.09687805175781
2017-11-14,49.0740852355957
2017-11-15,48.808204650878906
2017-11-16,49.263999938964844
2017-11-17,49.08168411254883
2017-11-20,49.218421936035156
2017-11-21,49.58306121826172
2017-11-22,49.74259567260742
2017-11-24,50.092041015625
2017-11-27,49.82614517211914
2017-11-28,50.10722351074219
2017-11-29,49.91730880737305
2017-11-30,50.00847244262695
2017-12-01,49.841346740722656
2017-12-04,49.59825897216797
2017-12-05,49.514686584472656
2017-12-06,49.38555145263672
2017-12-07,49.49949645996094
2017-12-08,49.80335998535156
2017-12-11,49.88692092895508
2017-12-12,49.947696685791016
2017-12-13,50.1300163269043
2017-12-14,49.88692092895508
2017-12-15,49.88692092895508
2017-12-18,50.471858978271484
2017-12-19,50.29597091674805
2017-12-20,50.203792572021484
2017-12-21,50.41117858886719
2017-12-22,50.54176712036133
2017-12-26,50.518714904785156
2017-12-27,50.64161682128906
2017-12-28,50.69538116455078
2017-12-29,50.76451110839844
2018-01-02,51.133209228515625
2018-01-03,51.47117614746094
2018-01-04,51.97813415527344
2018-01-05,52.2469596862793
2018-01-08,52.20856857299805
2018-01-09,52.30841827392578
2018-01-10,52.21624755859375
2018-01-11,52.561893463134766
2018-01-12,53.08420944213867
2018-01-16,52.999725341796875
2018-01-17,53.33000183105469
2018-01-18,53.23015594482422
2018-01-19,53.51436233520508
2018-01-22,53.829288482666016
2018-01-23,53.98290252685547
2018-01-24,54.13652801513672
2018-01-25,53.92145538330078
2018-01-26,54.41305160522461
2018-01-29,53.90608596801758
2018-01-30,53.552757263183594
2018-01-31,53.40681838989258
2018-02-01,53.60652160644531
2018-02-02,52.469730377197266
2018-02-05,50.303646087646484
2018-02-06,51.33292007446289
2018-02-07,50.6493034362793
2018-02-08,49.41263961791992
2018-02-09,49.61235046386719
2018-02-12,50.37278747558594
2018-02-13,50.203792572021484
2018-02-14,51.12553405761719
2018-02-15,51.44813919067383
2018-02-16,51.62480545043945
2018-02-20,51.21769714355469
2018-02-21,50.956539154052734
2018-02-22,51.23306655883789
2018-02-23,51.6632080078125
2018-02-26,52.085670471191406
2018-02-27,51.34828186035156
2018-02-28,50.802913665771484
2018-03-01,50.0578498840332
2018-03-02,50.249874114990234
2018-03-05,50.55712127685547
2018-03-06,50.91046142578125
2018-03-07,50.83363723754883
2018-03-08,51.01798629760742
2018-03-09,51.309879302978516
2018-03-12,51.43276596069336
2018-03-13,51.05640411376953
2018-03-14,51.20234298706055
2018-03-15,51.17161560058594
2018-03-16,51.064090728759766
2018-03-19,50.687705993652344
2018-03-20,50.68002700805664
2018-03-21,50.77988052368164
2018-03-22,49.8581428527832
2018-03-23,49.297428131103516
2018-03-26,50.19611358642578
2018-03-27,49.81205368041992
2018-03-28,50.0501708984375
2018-03-29,50.60320281982422
2018-04-02,49.827423095703125
2018-04-03,50.18075180053711
2018-04-04,50.311336517333984
2018-04-05,50.65697479248047
2018-04-06,50.26523971557617
2018-04-09,50.733795166015625
2018-04-10,51.30219650268555
2018-04-11,51.05640411376953
2018-04-12,51.279151916503906
2018-04-13,51.29450607299805
2018-04-16,51.37132263183594
2018-04-17,51.67856216430664
2018-04-18,51.932037353515625
2018-04-19,51.74769973754883
2018-04-20,51.486541748046875
2018-04-23,51.409732818603516
2018-04-24,51.19465637207031
2018-04-25,51.07943344116211
2018-04-26,51.34828186035156
2018-04-27,51.409732818603516
2018-04-30,51.18697738647461
2018-05-01,51.10248565673828
2018-05-02,51.0717658996582
2018-05-03,51.22537612915039
2018-05-04,51.38667678833008
2018-05-07,51.417415618896484
2018-05-08,51.43276596069336
2018-05-09,51.540306091308594
2018-05-10,51.847557067871094
2018-05-11,52.00885772705078
2018-05-14,52.0703010559082
2018-05-15,51.6555290222168
2018-05-16,51.770751953125
2018-05-17,51.847557067871094
2018-05-18,51.6555290222168
2018-05-21,51.97813415527344
2018-05-22,51.92435836791992
2018-05-23,51.37900924682617
2018-05-24,51.22537612915039
2018-05-25,50.91046142578125
2018-05-29,49.83510208129883
2018-05-30,50.63393020629883
2018-05-31,50.41117858886719
2018-06-01,50.74147415161133
2018-06-04,50.941184997558594
2018-06-05,50.879730224609375
2018-06-06,51.340599060058594
2018-06-07,51.01798629760742
2018-06-08,51.12553405761719
2018-06-11,51.4788703918457
2018-06-12,51.12553405761719
2018-06-13,51.17929458618164
2018-06-14,51.064090728759766
2018-06-15,50.77219772338867
2018-06-18,50.380455017089844
2018-06-19,49.94340896606445
2018-06-20,49.91213607788086
2018-06-21,49.59159469604492
2018-06-22,50.15450668334961
2018-06-25,49.43522262573242
2018-06-26,49.49776840209961
2018-06-27,49.052127838134766
2018-06-28,49.18503189086914
2018-06-29,49.544677734375
2018-07-02,49.04430389404297
2018-07-03,49.16940689086914
2018-07-05,49.583770751953125
2018-07-06,49.8886833190918
2018-07-09,50.32651901245117
2018-07-10,50.31869888305664
2018-07-11,49.466495513916016
2018-07-12,49.849586486816406
2018-07-13,50.037235260009766
2018-07-16,50.04505157470703
2018-07-17,50.09977340698242
2018-07-18,50.115421295166016
2018-07-19,49.99032211303711
2018-07-20,50.248329162597656
2018-07-23,50.240509033203125
2018-07-24,50.51415252685547
2018-07-25,50.944156646728516
2018-07-26,50.6783332824707
2018-07-27,50.80342483520508
2018-07-30,50.79561233520508
2018-07-31,50.75651550292969
2018-08-01,50.60015869140625
2018-08-02,50.201412200927734
2018-08-03,50.26397705078125
2018-08-06,50.02941131591797
2018-08-07,50.38905715942383
2018-08-08,50.35779571533203
2018-08-09,50.209251403808594
2018-08-10,49.24757766723633
2018-08-13,49.01303482055664
2018-08-14,49.04430389404297
2018-08-15,48.332847595214844
2018-08-16,48.64558410644531
2018-08-17,48.93484878540039
2018-08-20,49.2006721496582
2018-08-21,49.53685760498047
2018-08-22,49.7166862487793
2018-08-23,49.3804931640625
2018-08-24,49.69322967529297
2018-08-27,50.35779571533203
2018-08-28,50.27959060668945
2018-08-29,50.56888198852539
2018-08-30,50.13105392456055
2018-08-31,49.81049728393555
2018-09-04,49.3726806640625
2018-09-05,48.91921615600586
2018-09-06,48.762847900390625
2018-09-07,48.340667724609375
2018-09-10,48.653385162353516
2018-09-11,48.715938568115234
2018-09-12,48.89575958251953
2018-09-13,49.26321792602539
2018-09-14,49.29449462890625
2018-09-17,49.38831329345703
2018-09-18,49.904327392578125
2018-09-19,50.05286407470703
2018-09-20,50.639244079589844
2018-09-21,50.623600006103516
2018-09-24,50.39687728881836
2018-09-25,50.6783332824707
2018-09-26,50.70960235595703
2018-09-27,50.51415252685547
2018-09-28,50.09977340698242
2018-10-01,50.18578338623047
2018-10-02,49.91995620727539
2018-10-03,49.865230560302734
2018-10-04,49.26321792602539
2018-10-05,48.95049285888672
2018-10-08,48.684669494628906
2018-10-09,48.49702453613281
2018-10-10,47.418094635009766
2018-10-11,46.86299514770508
2018-10-12,46.98027038574219
2018-10-15,46.925540924072266
2018-10-16,47.69955825805664
2018-10-17,47.402469635009766
2018-10-18,46.714447021484375
2018-10-19,46.956825256347656
2018-10-22,46.66754150390625
2018-10-23,46.221893310546875
2018-10-24,44.9240608215332
2018-10-25,45.4478874206543
2018-10-26,45.1116943359375
2018-10-29,45.00223922729492
2018-10-30,45.53388595581055
2018-10-31,45.95607376098633
2018-11-01,46.51116943359375
2018-11-02,46.62843322753906
2018-11-05,46.61280822753906
2018-11-06,46.77699661254883
2018-11-07,47.3946418762207
2018-11-08,46.956825256347656
2018-11-09,46.65190505981445
2018-11-12,45.80752182006836
2018-11-13,46.00297927856445
2018-11-14,46.02643585205078
2018-11-15,46.15934753417969
2018-11-16,46.19062423706055
2018-11-19,45.799705505371094
2018-11-20,44.939693450927734
2018-11-21,45.57297897338867
2018-11-23,45.29932403564453
2018-11-26,45.99515914916992
2018-11-27,45.838802337646484
2018-11-28,46.51116943359375
2018-11-29,46.260986328125
2018-11-30,46.11243438720703
2018-12-03,46.69099426269531
2018-12-04,45.4556999206543
2018-12-06,45.04133224487305
2018-12-07,44.59568405151367
2018-12-10,44.157859802246094
2018-12-11,44.33768081665039
2018-12-12,44.97878646850586
2018-12-13,44.877140045166016
2018-12-14,44.290771484375
2018-12-17,43.93112564086914
2018-12-18,43.980255126953125
2018-12-19,43.55234146118164
2018-12-20,43.322532653808594
2018-12-21,42.53801727294922
2018-12-24,42.04670715332031
2018-12-26,43.07687759399414
2018-12-27,43.164058685302734
2018-12-28,43.43347930908203
2018-12-31,43.58403396606445
2019-01-02,43.42555236816406
2019-01-03,43.14027404785156
2019-01-04,44.447792053222656
2019-01-07,44.6617546081543
2019-01-08,44.97872543334961
2019-01-09,45.46210861206055
2019-01-10,45.6047477722168
2019-01-11,45.303619384765625
2019-01-14,45.09759521484375
2019-01-15,45.31155776977539
2019-01-16,45.40664291381836
2019-01-17,45.58890914916992
2019-01-18,46.04852294921875
2019-01-22,45.38287353515625
2019-01-23,45.58890914916992
2019-01-24,45.66022491455078
2019-01-25,46.17530822753906
2019-01-28,45.96134948730469
2019-01-29,46.04852294921875
2019-01-30,46.508140563964844
2019-01-31,46.50021743774414
2019-02-01,46.52397918701172
2019-02-04,46.69831466674805
2019-02-05,47.07868576049805
2019-02-06,46.79340744018555
2019-02-07,46.16737747192383
2019-02-08,46.024749755859375
2019-02-11,45.93757247924805
2019-02-12,46.53982925415039
2019-02-13,46.54774856567383
2019-02-14,46.53190231323242
2019-02-15,47.20547866821289
2019-02-19,47.40357971191406
2019-02-20,47.56999588012695
2019-02-21,47.44320297241211
2019-02-22,47.625457763671875
2019-02-25,47.76017379760742
2019-02-26,48.01376724243164
2019-02-27,47.83149719238281
2019-02-28,47.776031494140625
2019-03-01,48.03752899169922
2019-03-04,47.847354888916016
2019-03-05,47.8948860168457
2019-03-06,47.776031494140625
2019-03-07,47.11038589477539
2019-03-08,47.09454345703125
2019-03-11,47.53038024902344
2019-03-12,47.49867248535156
2019-03-13,47.91867446899414
2019-03-14,47.910743713378906
2019-03-15,48.386207580566406
2019-03-18,48.59224319458008
2019-03-19,48.67940902709961
2019-03-20,48.67940902709961
2019-03-21,48.703182220458984
2019-03-22,47.75225830078125
2019-03-25,47.768104553222656
2019-03-26,48.07715606689453
2019-03-27,48.03752899169922
2019-03-28,47.96621322631836
2019-03-29,48.15639877319336
2019-04-01,48.75865936279297
2019-04-02,48.822044372558594
2019-04-03,49.178653717041016
2019-04-04,49.07563400268555
2019-04-05,49.170719146728516
2019-04-08,49.18657302856445
2019-04-09,48.90128707885742
2019-04-10,49.06769943237305
2019-04-11,49.02015686035156
2019-04-12,49.33713150024414
2019-04-15,49.392601013183594
2019-04-16,49.46391677856445
2019-04-17,49.56694030761719
2019-04-18,49.49562454223633
2019-04-22,49.45599365234375
2019-04-23,49.55901336669922
2019-04-24,49.170719146728516
2019-04-25,49.139015197753906
2019-04-26,49.32128143310547
2019-04-29,49.53523635864258
2019-04-30,49.574867248535156
2019-05-01,49.273738861083984
2019-05-02,49.18657302856445
2019-05-03,49.70957565307617
2019-05-06,49.19449234008789
2019-05-07,48.35450744628906
2019-05-08,48.41790771484375
2019-05-09,48.11677169799805
2019-05-10,48.48129653930664
2019-05-13,47.3401985168457
2019-05-14,47.83149719238281
2019-05-15,48.03752899169922
2019-05-16,48.34658432006836
2019-05-17,48.06922912597656
2019-05-20,47.82357406616211
2019-05-21,48.180171966552734
2019-05-22,47.9820671081543
2019-05-23,47.53038024902344
2019-05-24,48.02960968017578
2019-05-28,47.56999588012695
2019-05-29,47.26887130737305
2019-05-30,47.45905303955078
2019-05-31,47.062828063964844
2019-06-03,47.2371711730957
2019-06-04,47.82357406616211
2019-06-05,47.83149719238281
2019-06-06,47.9820671081543
2019-06-07,48.584320068359375
2019-06-10,48.734886169433594
2019-06-11,48.94883346557617
2019-06-12,48.59224319458008
2019-06-13,48.61601638793945
2019-06-14,48.25149154663086
2019-06-17,48.24907302856445
2019-06-18,48.85531234741211
2019-06-19,49.17864990234375
2019-06-20,49.61514663696289
2019-06-21,49.453468322753906
2019-06-24,49.49388885498047
2019-06-25,49.26755905151367
2019-06-26,49.25139617919922
2019-06-27,49.39689254760742
2019-06-28,49.63130569458008
2019-07-01,49.946556091308594
2019-07-02,50.10013961791992
2019-07-03,50.4557991027832
2019-07-05,50.05164337158203
2019-07-08,49.809139251708984
2019-07-09,49.51814270019531
2019-07-10,49.69597244262695
2019-07-11,49.728309631347656
2019-07-12,49.76872253417969
2019-07-15,49.83339309692383
2019-07-16,49.623226165771484
2019-07-17,49.55855941772461
2019-07-18,49.69597244262695
2019-07-19,49.590885162353516
2019-07-22,49.63130569458008
2019-07-23,49.946556091308594
2019-07-24,49.986976623535156
2019-07-25,49.47772216796875
2019-07-26,49.582801818847656
2019-07-29,49.63938903808594
2019-07-30,49.06547927856445
2019-07-31,48.798728942871094
2019-08-01,48.604736328125
2019-08-02,48.23290252685547
2019-08-05,47.04465866088867
2019-08-06,47.35182571411133
2019-08-07,47.553916931152344
2019-08-08,48.022727966308594
2019-08-09,47.66706848144531
2019-08-12,47.262908935546875
2019-08-13,47.69132995605469
2019-08-14,46.430328369140625
2019-08-15,46.56775665283203
2019-08-16,47.141658782958984
2019-08-19,47.392242431640625
2019-08-20,47.23865509033203
2019-08-21,47.60240173339844
2019-08-22,47.529659271240234
2019-08-23,46.95574188232422
2019-08-26,47.31949996948242
2019-08-27,47.29523468017578
2019-08-28,47.27098846435547
2019-08-29,47.69132995605469
2019-08-30,47.95806884765625
2019-09-03,47.73981857299805
2019-09-04,48.41073989868164
2019-09-05,48.73406982421875
2019-09-06,48.84723663330078
2019-09-09,48.99272537231445
2019-09-10,49.06547927856445
2019-09-11,49.38072967529297
2019-09-12,49.63130569458008
2019-09-13,49.92230224609375
2019-09-16,49.51005172729492
2019-09-17,49.679805755615234
2019-09-18,49.61514663696289
2019-09-19,49.817222595214844
2019-09-20,49.64748001098633
2019-09-23,49.542388916015625
2019-09-24,49.3888053894043
2019-09-25,49.25947952270508
2019-09-26,49.42922592163086
2019-09-27,49.235233306884766
2019-09-30,49.36455535888672
2019-10-01,48.968482971191406
2019-10-02,47.98232650756836
2019-10-03,48.305660247802734
2019-10-04,48.73406982421875
2019-10-07,48.637062072753906
2019-10-08,48.16823196411133
2019-10-09,48.5643196105957
2019-10-10,48.84723663330078
2019-10-11,49.74447250366211
2019-10-14,49.52622604370117
2019-10-15,50.14055252075195
2019-10-16,50.20521926879883
2019-10-17,50.31838607788086
2019-10-18,50.29413986206055
2019-10-21,50.6093864440918
2019-10-22,50.44771194458008
2019-10-23,50.714473724365234
2019-10-24,50.7952995300293
2019-10-25,50.81955337524414
2019-10-28,51.03779983520508
2019-10-29,51.04588317871094
2019-10-30,51.264129638671875
2019-10-31,51.11054229736328
2019-11-01,51.61170959472656
2019-11-04,51.886539459228516
2019-11-05,51.80570602416992
2019-11-06,51.757205963134766
2019-11-07,51.93504333496094
2019-11-08,51.85420608520508
2019-11-11,51.80570602416992
2019-11-12,51.82188034057617
2019-11-13,51.62787628173828
2019-11-14,51.522796630859375
2019-11-15,51.838035583496094
2019-11-18,51.91079330444336
2019-11-19,51.878456115722656
2019-11-20,51.53896713256836
2019-11-21,51.4904670715332
2019-11-22,51.595550537109375
2019-11-25,52.015869140625
2019-11-26,52.02396011352539
2019-11-27,52.18562316894531
2019-11-29,51.587459564208984
2019-12-02,51.55512237548828
2019-12-03,51.37730026245117
2019-12-04,51.8622932434082
2019-12-05,51.781455993652344
2019-12-06,52.25028991699219
2019-12-09,51.99162673950195
2019-12-10,52.040122985839844
2019-12-11,52.25838088989258
2019-12-12,52.597869873046875
2019-12-13,52.95353698730469
2019-12-16,53.51067352294922
2019-12-17,53.223915100097656
2019-12-18,53.1337776184082
2019-12-19,53.1337776184082
2019-12-20,53.191131591796875
2019-12-23,53.31403732299805
2019-12-24,53.2648811340332
2019-12-26,53.4779052734375
2019-12-27,53.6089973449707
2019-12-30,53.21571350097656
2019-12-31,53.45332336425781
2020-01-02,54.0186653137207
2020-01-03,53.3468132019043
2020-01-06,53.53525924682617
2020-01-07,53.41236114501953
2020-01-08,53.53525924682617
2020-01-09,53.682743072509766
2020-01-10,53.42874526977539
2020-01-13,53.7564811706543
2020-01-14,53.81383514404297
2020-01-15,53.76466751098633
2020-01-16,53.99408721923828
2020-01-17,54.174339294433594
2020-01-21,53.748291015625
2020-01-22,53.854801177978516
2020-01-23,53.715511322021484
2020-01-24,53.4779052734375
2020-01-27,52.36361312866211
2020-01-28,52.83882522583008
2020-01-29,52.85521697998047
2020-01-30,52.7978630065918
2020-01-31,51.986717224121094
2020-02-03,52.060462951660156
2020-02-04,52.94533920288086
2020-02-05,53.42874526977539
2020-02-06,53.543453216552734
2020-02-07,53.04365921020508
2020-02-10,53.15835952758789
2020-02-11,53.51887512207031
2020-02-12,53.72370147705078
2020-02-13,53.32223129272461
2020-02-14,53.24029541015625
2020-02-18,52.879791259765625
2020-02-19,53.10920715332031
2020-02-20,52.77328872680664
2020-02-21,52.51927947998047
2020-02-24,50.413597106933594
2020-02-25,49.60245895385742
2020-02-26,49.667999267578125
2020-02-27,48.111270904541016
2020-02-28,47.88185501098633
2020-03-02,48.49635696411133
2020-03-03,48.12765884399414
2020-03-04,49.495948791503906
2020-03-05,48.12765884399414
2020-03-06,47.44761657714844
2020-03-09,43.662288665771484
2020-03-10,45.33373260498047
2020-03-11,42.95766067504883
2020-03-12,38.295654296875
2020-03-13,40.47508239746094
2020-03-16,36.26370620727539
2020-03-17,37.93514633178711
2020-03-18,35.66558837890625
2020-03-19,36.18177032470703
2020-03-20,35.83765411376953
2020-03-23,35.48534393310547
2020-03-24,38.47590255737305
2020-03-25,39.87696838378906
2020-03-26,41.556602478027344
2020-03-27,40.327606201171875
2020-03-30,41.17151641845703
2020-03-31,40.876556396484375
2020-04-01,38.99208450317383
2020-04-02,39.73767852783203
2020-04-03,38.860992431640625
2020-04-06,40.93390655517578
2020-04-07,41.13054656982422
2020-04-08,41.556602478027344
2020-04-09,42.466060638427734
2020-04-13,42.09735870361328
2020-04-14,42.859344482421875
2020-04-15,41.49925231933594
2020-04-16,41.49925231933594
2020-04-17,42.5971565246582
2020-04-20,41.98265838623047
2020-04-21,41.146942138671875
2020-04-22,41.86794662475586
2020-04-23,41.769630432128906
2020-04-24,42.294002532958984
2020-04-27,42.81837463378906
2020-04-28,43.187076568603516
2020-04-29,44.260398864746094
2020-04-30,43.44926071166992
2020-05-01,42.482452392578125
2020-05-04,42.47425842285156
2020-05-05,42.547996520996094
2020-05-06,42.25303649902344
2020-05-07,42.97405242919922
2020-05-08,43.64590072631836
2020-05-11,43.65409851074219
2020-05-12,43.072364807128906
2020-05-13,42.744632720947266
2020-05-14,42.31038284301758
2020-05-15,42.37593460083008
2020-05-18,44.088340759277344
2020-05-19,43.539390563964844
2020-05-20,44.41607666015625
2020-05-21,43.940860748291016
2020-05-22,43.85892868041992
2020-05-26,45.096126556396484
2020-05-27,45.63688278198242
2020-05-28,46.06293869018555
2020-05-29,45.90726852416992
2020-06-01,46.9724006652832
2020-06-02,47.44761657714844
2020-06-03,48.52913284301758
2020-06-04,48.299720764160156
2020-06-05,49.12724304199219
2020-06-08,49.77452087402344
2020-06-09,49.07809066772461
2020-06-10,48.930606842041016
2020-06-11,46.25138473510742
2020-06-12,47.119873046875
2020-06-15,47.31893539428711
2020-06-16,47.91613006591797
2020-06-17,48.08201599121094
2020-06-18,47.82489013671875
2020-06-19,47.584354400634766
2020-06-22,48.206424713134766
2020-06-23,48.44696807861328
2020-06-24,47.23599624633789
2020-06-25,47.874664306640625
2020-06-26,47.153053283691406
2020-06-29,47.584354400634766
2020-06-30,47.410179138183594
2020-07-01,47.634124755859375
2020-07-02,48.164955139160156
2020-07-06,48.952919006347656
2020-07-07,48.247901916503906
2020-07-08,48.646018981933594
2020-07-09,48.04054260253906
2020-07-10,48.538204193115234
2020-07-13,48.2396125793457
2020-07-14,48.886558532714844
2020-07-15,49.458866119384766
2020-07-16,49.18516159057617
2020-07-17,49.433990478515625
2020-07-20,49.68281555175781
2020-07-21,49.86528778076172
2020-07-22,49.964820861816406
2020-07-23,49.56669616699219
2020-07-24,49.3178596496582
2020-07-27,49.9482307434082
2020-07-28,49.699398040771484
2020-07-29,50.14729309082031
2020-07-30,49.492042541503906
2020-07-31,48.40549087524414
2020-08-03,49.37592315673828
2020-08-04,49.649635314941406
2020-08-05,49.87358856201172
2020-08-06,49.9482307434082
2020-08-07,49.74916458129883
2020-08-10,49.9150505065918
2020-08-11,50.130699157714844
2020-08-12,51.19237518310547
2020-08-13,50.93524932861328
2020-08-14,50.611778259277344
2020-08-17,51.00989532470703
2020-08-18,51.05137634277344
2020-08-19,50.79425048828125
2020-08-20,50.67812728881836
2020-08-21,50.404422760009766
2020-08-24,51.08455276489258
2020-08-25,51.076255798339844
2020-08-26,51.44120407104492
2020-08-27,50.89377975463867
2020-08-28,51.291908264160156
2020-08-31,50.951839447021484
2020-09-01,50.98501968383789
2020-09-02,51.656856536865234
2020-09-03,50.44589614868164
2020-09-04,50.562007904052734
2020-09-08,49.923343658447266
2020-09-09,50.81083679199219
2020-09-10,50.23023223876953
2020-09-11,50.761077880859375
2020-09-14,51.026493072509766
2020-09-15,51.366554260253906
2020-09-16,51.41632843017578
2020-09-17,51.51585388183594
2020-09-18,51.12601852416992
2020-09-21,49.84040451049805
2020-09-22,49.81552505493164
2020-09-23,49.36763000488281
2020-09-24,49.3178596496582
2020-09-25,49.508636474609375
2020-09-28,50.288299560546875
2020-09-29,50.20534896850586
2020-09-30,49.99799346923828
2020-10-01,50.31318283081055
2020-10-02,50.246826171875
2020-10-05,51.00989532470703
2020-10-06,50.48735809326172
2020-10-07,50.8606071472168
2020-10-08,51.22555160522461
2020-10-09,51.573909759521484
2020-10-12,51.847625732421875
2020-10-13,51.291908264160156
2020-10-14,51.20896911621094
2020-10-15,50.5786018371582
2020-10-16,50.827430725097656
2020-10-19,50.644954681396484
2020-10-20,50.868900299072266
2020-10-21,50.644954681396484
2020-10-22,50.686424255371094
2020-10-23,50.98501968383789
2020-10-26,50.039466857910156
2020-10-27,49.666229248046875
2020-10-28,48.2147216796875
2020-10-29,48.40549087524414
2020-10-30,48.2396125793457
2020-11-02,48.77873229980469
2020-11-03,50.039466857910156
2020-11-04,50.537132263183594
2020-11-05,51.76468276977539
2020-11-06,51.91398239135742
2020-11-09,53.398651123046875
2020-11-10,53.81336975097656
2020-11-11,54.21149826049805
2020-11-12,53.45671844482422
2020-11-13,54.236385345458984
2020-11-16,54.85845184326172
2020-11-17,54.808685302734375
2020-11-18,54.493499755859375
2020-11-19,54.89162826538086
2020-11-20,55.06580352783203
2020-11-23,55.05751419067383
2020-11-24,55.862056732177734
2020-11-25,55.77912139892578
2020-11-27,56.14406967163086
2020-11-30,54.941402435302734
2020-12-01,56.27678298950195
2020-12-02,56.21042251586914
2020-12-03,56.384605407714844
2020-12-04,56.81591033935547
2020-12-07,56.334835052490234
2020-12-08,56.50901794433594
2020-12-09,56.567073822021484
2020-12-10,56.60854721069336
2020-12-11,56.467552185058594
2020-12-14,56.561283111572266
2020-12-15,57.22248458862305
2020-12-16,57.41497802734375
2020-12-17,57.833457946777344
2020-12-18,57.557254791259766
2020-12-21,56.86259078979492
2020-12-22,56.728675842285156
2020-12-23,57.364768981933594
2020-12-24,57.40660858154297
2020-12-28,57.850196838378906
2020-12-29,58.25193405151367
2020-12-30,58.34400177001953
2020-12-31,57.82508087158203
2021-01-04,58.15985870361328
2021-01-05,58.81269073486328
2021-01-06,59.53246307373047
2021-01-07,59.53246307373047
2021-01-08,60.0513801574707
2021-01-11,59.21442794799805
2021-01-12,59.49898147583008
2021-01-13,59.406925201416016
2021-01-14,59.858882904052734
2021-01-15,58.904747009277344
2021-01-19,59.35670471191406
2021-01-20,59.77518844604492
2021-01-21,59.90073013305664
2021-01-22,59.58268356323242
2021-01-25,59.41529083251953
2021-01-26,59.58268356323242
2021-01-27,58.1515007019043
2021-01-28,58.66203308105469
2021-01-29,57.39824676513672
2021-02-01,58.168243408203125
2021-02-02,58.770843505859375
2021-02-03,58.904747009277344
2021-02-04,58.99681854248047
2021-02-05,59.406925201416016
2021-02-08,59.78356170654297
2021-02-09,60.101593017578125
2021-02-10,59.94258117675781
2021-02-11,60.29410171508789
2021-02-12,60.63724899291992
2021-02-16,61.080841064453125
2021-02-17,60.704193115234375
2021-02-18,60.39453887939453
2021-02-19,60.59539031982422
2021-02-22,60.419639587402344
2021-02-23,60.50333786010742
2021-02-24,60.720947265625
2021-02-25,59.65800094604492
2021-02-26,58.86290740966797
2021-03-01,59.96768569946289
2021-03-02,59.90909957885742
2021-03-03,59.52409362792969
2021-03-04,58.954978942871094
2021-03-05,59.34833908081055
2021-03-08,59.08051300048828
2021-03-09,59.90073013305664
2021-03-10,60.2020378112793
2021-03-11,60.5284423828125
2021-03-12,60.71257781982422
2021-03-15,60.7795295715332
2021-03-16,60.87158203125
2021-03-17,61.19801712036133
2021-03-18,60.695831298828125
2021-03-19,60.84648895263672
2021-03-22,60.87995529174805
2021-03-23,60.00116729736328
2021-03-24,59.716609954833984
2021-03-25,60.1434440612793
2021-03-26,60.93018341064453
2021-03-29,60.653987884521484
2021-03-30,60.59539031982422
2021-03-31,60.30246353149414
2021-04-01,61.18963623046875
2021-04-05,62.05169677734375
2021-04-06,61.39051055908203
2021-04-07,61.583011627197266
2021-04-08,61.95125198364258
2021-04-09,62.10190963745117
2021-04-12,61.78386688232422
2021-04-13,62.143768310546875
2021-04-14,62.19398880004883
2021-04-15,62.696163177490234
2021-04-16,63.14811325073242
2021-04-19,63.07278823852539
2021-04-20,61.94288635253906
2021-04-21,62.545501708984375
2021-04-22,62.344635009765625
2021-04-23,62.98908615112305
2021-04-26,63.04767608642578
2021-04-27,62.863548278808594
2021-04-28,63.005821228027344
2021-04-29,63.022560119628906
2021-04-30,62.19398880004883
2021-05-03,62.95560073852539
2021-05-04,62.00148010253906
2021-05-05,62.81332778930664
2021-05-06,63.25690460205078
2021-05-07,64.01853942871094
2021-05-10,63.62516403198242
2021-05-11,62.83842468261719
2021-05-12,61.750396728515625
2021-05-13,62.160499572753906
2021-05-14,63.223426818847656
2021-05-17,63.09788513183594
2021-05-18,63.29038619995117
2021-05-19,62.696163177490234
2021-05-20,63.58332443237305
2021-05-21,63.6502799987793
2021-05-24,64.01016998291016
2021-05-25,64.01016998291016
2021-05-26,63.993431091308594
2021-05-27,64.11897277832031
2021-05-28,64.27799224853516
2021-06-01,64.4955825805664
2021-06-02,64.74669647216797
2021-06-03,64.38680267333984
2021-06-04,64.98939514160156
2021-06-07,65.18190002441406
2021-06-08,65.13168334960938
2021-06-09,64.93917846679688
2021-06-10,65.13272857666016
2021-06-11,65.30249786376953
2021-06-14,65.3958740234375
2021-06-15,65.4298324584961
2021-06-16,64.96295166015625
2021-06-17,64.47059631347656
2021-06-18,63.18035125732422
2021-06-21,64.00374603271484
2021-06-22,64.07166290283203
2021-06-23,63.6641960144043
2021-06-24,64.24991607666016
2021-06-25,64.40269470214844
2021-06-28,64.02071380615234
2021-06-29,64.02922058105469
2021-06-30,63.54535675048828
2021-07-01,63.68118667602539
2021-07-02,63.986751556396484
2021-07-06,63.570831298828125
2021-07-07,63.89338684082031
2021-07-08,63.03604507446289
2021-07-09,64.17350769042969
2021-07-12,64.45362854003906
2021-07-13,64.08863830566406
2021-07-14,64.24141693115234
2021-07-15,63.58781814575195
2021-07-16,63.11244583129883
2021-07-19,61.949520111083984
2021-07-20,62.416385650634766
2021-07-21,63.401058197021484
2021-07-22,63.46048355102539
2021-07-23,63.92735290527344
2021-07-26,64.01224517822266
2021-07-27,63.78304672241211
2021-07-28,64.06317138671875
2021-07-29,64.50456237792969
2021-07-30,64.1310806274414
2021-08-02,64.4366683959961
2021-08-03,64.9120101928711
2021-08-04,64.68283081054688
2021-08-05,65.0053939819336
2021-08-06,64.75922393798828
2021-08-09,64.68283081054688
2021-08-10,64.84410858154297
2021-08-11,65.30249786376953
2021-08-12,65.24308013916016
2021-08-13,65.6675033569336
2021-08-16,65.28550720214844
2021-08-17,64.64888000488281
2021-08-18,64.47059631347656
2021-08-19,63.82548522949219
2021-08-20,64.04618072509766
2021-08-23,64.64039611816406
2021-08-24,64.86109924316406
2021-08-25,64.90353393554688
2021-08-26,64.57249450683594
2021-08-27,65.18365478515625
2021-08-30,65.22610473632812
2021-08-31,65.14968872070312
2021-09-01,65.75239562988281
2021-09-02,66.06645965576172
2021-09-03,66.38053894042969
2021-09-07,66.3720474243164
2021-09-08,65.82879638671875
2021-09-09,65.79483032226562
2021-09-10,65.65052795410156
2021-09-13,66.14285278320312
2021-09-14,65.854248046875
2021-09-15,66.00704193115234
2021-09-16,65.90518188476562
2021-09-17,65.12423706054688
2021-09-20,63.88490295410156
2021-09-21,64.49607849121094
2021-09-22,64.8101577758789
2021-09-23,65.54866790771484
2021-09-24,64.9120101928711
2021-09-27,64.84410858154297
2021-09-28,63.401058197021484
2021-09-29,63.222808837890625
2021-09-30,63.02756118774414
2021-10-01,63.129417419433594
2021-10-04,62.52672576904297
2021-10-05,62.88325500488281
2021-10-06,62.441837310791016
2021-10-07,62.89173889160156
2021-10-08,62.87476348876953
2021-10-11,62.671043395996094
2021-10-12,62.71348571777344
2021-10-13,63.3755989074707
2021-10-14,64.03770446777344
2021-10-15,64.530029296875
2021-10-18,64.27537536621094
2021-10-19,64.69132232666016
2021-10-20,64.8780746459961
2021-10-21,64.58096313476562
2021-10-22,64.92051696777344
2021-10-25,64.8016586303711
2021-10-26,64.94598388671875
2021-10-27,64.64888000488281
2021-10-28,65.32794952392578
2021-10-29,64.94598388671875
2021-11-01,65.56562042236328
2021-11-02,65.37042236328125
2021-11-03,65.90518188476562
2021-11-04,65.854248046875
2021-11-05,65.964599609375
2021-11-08,66.00704193115234
2021-11-09,65.82030487060547
2021-11-10,64.99690246582031
2021-11-11,65.21762084960938
2021-11-12,65.61656188964844
2021-11-15,65.46377563476562
2021-11-16,65.28550720214844
2021-11-17,65.22610473632812
2021-11-18,65.31097412109375
2021-11-19,64.72527313232422
2021-11-22,64.31781768798828
2021-11-23,64.22445678710938
2021-11-24,63.74908447265625
2021-11-26,62.09382247924805
2021-11-29,62.416385650634766
2021-11-30,61.949520111083984
2021-12-01,61.5165901184082
2021-12-02,62.272064208984375
2021-12-03,61.991939544677734
2021-12-06,62.53522872924805
2021-12-07,63.85945510864258
2021-12-08,63.97828674316406
2021-12-09,63.46048355102539
2021-12-10,63.570831298828125
2021-12-13,62.91191864013672
2021-12-14,62.57511901855469
2021-12-15,63.4041633605957
2021-12-16,63.43006134033203
2021-12-17,62.62693405151367
2021-12-20,62.488765716552734
2021-12-21,63.170997619628906
2021-12-22,63.80141067504883
2021-12-23,64.17274475097656
2021-12-27,64.64771270751953
2021-12-28,64.73407745361328
2021-12-29,64.74271392822266
2021-12-30,64.57838439941406
2021-12-31,64.55243682861328
2022-01-03,64.91567993164062
2022-01-04,65.2789306640625
2022-01-05,64.75135803222656
2022-01-06,64.33622741699219
2022-01-07,64.5265121459961
2022-01-10,63.86920928955078
2022-01-11,64.56974792480469
2022-01-12,65.26160430908203
2022-01-13,64.76000213623047
2022-01-14,64.68216705322266
2022-01-18,63.69624710083008
2022-01-19,63.59245681762695
2022-01-20,63.24650573730469
2022-01-21,62.41625213623047
2022-01-24,61.741668701171875
2022-01-25,61.37844467163086
2022-01-26,61.21411895751953
2022-01-27,60.77304458618164
2022-01-28,61.01520538330078
2022-01-31,61.93194580078125
2022-02-01,62.545989990234375
2022-02-02,63.073551177978516
2022-02-03,62.035728454589844
2022-02-04,62.14815902709961
2022-02-07,62.23463821411133
2022-02-08,62.56328582763672
2022-02-09,63.57516098022461
2022-02-10,62.77949523925781
2022-02-11,61.84546661376953
2022-02-14,61.44763946533203
2022-02-15,62.60654067993164
2022-02-16,62.822750091552734
2022-02-17,61.84546661376953
2022-02-18,61.516807556152344
2022-02-22,60.77304458618164
2022-02-23,60.297386169433594
2022-02-24,59.47576904296875
2022-02-25,60.97196960449219
2022-02-28,59.92548751831055
2022-03-01,58.645511627197266
2022-03-02,59.35469055175781
2022-03-03,58.2476806640625
2022-03-04,56.552574157714844
2022-03-07,54.7104377746582
2022-03-08,55.24665451049805
2022-03-09,57.52985763549805
2022-03-10,56.78609085083008
2022-03-11,56.24122619628906
2022-03-14,56.777435302734375
2022-03-15,57.31364059448242
2022-03-16,59.30279541015625
2022-03-17,59.752525329589844
2022-03-18,60.375221252441406
2022-03-21,59.97737503051758
2022-03-22,60.5914192199707
2022-03-23,59.7352180480957
2022-03-24,60.228187561035156
2022-03-25,60.28007888793945
2022-03-28,60.11575698852539
2022-03-29,61.42168045043945
2022-03-30,61.13628387451172
2022-03-31,60.11575698852539
2022-04-01,60.71250915527344
2022-04-04,60.9373664855957
2022-04-05,60.17630386352539
2022-04-06,59.37199020385742
2022-04-07,59.49306869506836
2022-04-08,59.45846176147461
2022-04-11,58.82712173461914
2022-04-12,58.39470672607422
2022-04-13,59.08658981323242
2022-04-14,58.85308837890625
2022-04-18,58.49849319458008
2022-04-19,58.7579460144043
2022-04-20,59.12118148803711
2022-04-21,58.54174041748047
2022-04-22,57.547149658203125
2022-04-25,57.27040481567383
2022-04-26,55.68772888183594
2022-04-27,55.92123794555664
2022-04-28,56.76878356933594
2022-04-29,56.050960540771484
2022-05-02,55.860694885253906
2022-05-03,56.293113708496094
2022-05-04,57.20986557006836
2022-05-05,55.38502883911133
2022-05-06,54.80556869506836
2022-05-09,53.12776184082031
2022-05-10,53.49966049194336
2022-05-11,53.18830490112305
2022-05-12,53.05857467651367
2022-05-13,54.554771423339844
2022-05-16,54.5893669128418
2022-05-17,55.62718200683594
2022-05-18,54.338558197021484
2022-05-19,54.87476348876953
2022-05-20,55.22935485839844
2022-05-23,56.15474319458008
2022-05-24,56.01636505126953
2022-05-25,56.01636505126953
2022-05-26,56.67365646362305
2022-05-27,57.322288513183594
2022-05-31,56.99364471435547
2022-06-01,56.42283630371094
2022-06-02,57.59039306640625
2022-06-03,56.71689987182617
2022-06-06,56.98500061035156
2022-06-07,57.11473083496094
2022-06-08,56.32770919799805
2022-06-09,55.15521240234375
2022-06-10,53.81319808959961
2022-06-13,52.01206588745117
2022-06-14,51.49114990234375
2022-06-15,52.462345123291016
2022-06-16,51.33222579956055
2022-06-17,51.12915802001953
2022-06-21,51.89728927612305
2022-06-22,51.58826446533203
2022-06-23,51.50880813598633
2022-06-24,53.000919342041016
2022-06-27,52.789024353027344
2022-06-28,52.41819763183594
2022-06-29,52.1798210144043
2022-06-30,51.95908737182617
2022-07-01,52.029720306396484
2022-07-05,50.94374465942383
2022-07-06,50.99672317504883
2022-07-07,51.76485061645508
2022-07-08,51.88846206665039
2022-07-11,51.00555419921875
2022-07-12,51.00555419921875
2022-07-13,50.979068756103516
2022-07-14,50.26390838623047
2022-07-15,51.04969024658203
2022-07-18,51.33222579956055
2022-07-19,52.656585693359375
2022-07-20,52.33873748779297
2022-07-21,52.98325729370117
2022-07-22,52.85965347290039
2022-07-25,53.23047637939453
2022-07-26,52.50649642944336
2022-07-27,53.70724868774414
2022-07-28,54.0604133605957
2022-07-29,54.78438949584961
2022-08-01,54.846187591552734
2022-08-02,53.963287353515625
2022-08-03,54.33411407470703
2022-08-04,54.63429641723633
2022-08-05,54.2016716003418
2022-08-08,54.342933654785156
2022-08-09,54.042755126953125
2022-08-10,55.3053092956543
2022-08-11,55.3053092956543
2022-08-12,55.71144485473633
2022-08-15,55.34945297241211
2022-08-16,55.34945297241211
2022-08-17,54.86384963989258
2022-08-18,54.678443908691406
2022-08-19,53.90148162841797
2022-08-22,52.94794464111328
2022-08-23,53.000919342041016
2022-08-24,53.089210510253906
2022-08-25,53.66310119628906
2022-08-26,52.232791900634766
2022-08-29,52.144500732421875
2022-08-30,51.81782150268555
2022-08-31,51.46466064453125
2022-09-01,50.74067687988281
2022-09-02,50.39634704589844
2022-09-06,50.24625015258789
2022-09-07,50.67887496948242
2022-09-08,50.758338928222656
2022-09-09,52.07386779785156
2022-09-12,52.75370788574219
2022-09-13,50.926090240478516
2022-09-14,51.10266876220703
2022-09-15,50.64356231689453
2022-09-16,50.361026763916016
2022-09-19,50.49346160888672
2022-09-20,49.619388580322266
2022-09-21,48.992523193359375
2022-09-22,48.84242630004883
2022-09-23,47.24436569213867
2022-09-26,46.51155090332031
2022-09-27,46.19370651245117
2022-09-28,47.27968215942383
2022-09-29,46.6528205871582
2022-09-30,46.502723693847656
2022-10-03,47.44743728637695
2022-10-04,49.398658752441406
2022-10-05,48.77180099487305
2022-10-06,47.95951461791992
2022-10-07,47.21788024902344
2022-10-10,46.90885925292969
2022-10-11,46.39677429199219
2022-10-12,46.220191955566406
2022-10-13,47.20021438598633
2022-10-14,46.47623062133789
2022-10-17,47.62401580810547
2022-10-18,47.96834945678711
2022-10-19,47.33265686035156
2022-10-20,47.26202392578125
2022-10-21,48.10078430175781
2022-10-24,48.065467834472656
2022-10-25,49.1602783203125
2022-10-26,49.628211975097656
2022-10-27,49.20441818237305
2022-10-28,49.66352844238281
2022-10-31,49.19559097290039
2022-11-01,49.628211975097656
2022-11-02,48.92189025878906
2022-11-03,48.48926544189453
2022-11-04,50.361026763916016
2022-11-07,50.57292175292969
2022-11-08,51.182132720947266
2022-11-09,50.44048309326172
2022-11-10,53.283447265625
2022-11-11,54.360595703125
2022-11-14,53.75139617919922
2022-11-15,54.11338424682617
2022-11-16,53.963287353515625
2022-11-17,53.936805725097656
2022-11-18,54.0339241027832
2022-11-21,53.645442962646484
2022-11-22,54.387088775634766
2022-11-23,55.013946533203125
2022-11-25,55.314144134521484
2022-11-28,54.56366729736328
2022-11-29,54.71376419067383
2022-11-30,55.667301177978516
2022-12-01,56.18821716308594
2022-12-02,56.197052001953125
2022-12-05,55.428916931152344
2022-12-06,55.14638137817383
2022-12-07,55.13755416870117
2022-12-08,55.428916931152344
2022-12-09,55.490718841552734
2022-12-12,55.58784484863281
2022-12-13,56.43553161621094
2022-12-14,56.37339401245117
2022-12-15,54.953182220458984
2022-12-16,54.518245697021484
2022-12-19,54.376224517822266
2022-12-20,54.571510314941406
2022-12-21,55.10408020019531
2022-12-22,54.704647064208984
2022-12-23,54.90880584716797
2022-12-27,54.98868942260742
2022-12-28,54.39397430419922
2022-12-29,55.28160095214844
2022-12-30,54.71352767944336
2023-01-03,55.183963775634766
2023-01-04,55.89406967163086
2023-01-05,55.30823516845703
2023-01-06,56.72844696044922
2023-01-09,56.97698211669922
2023-01-10,57.10124969482422
2023-01-11,57.56281280517578
2023-01-12,58.42382049560547
2023-01-13,58.69010925292969
2023-01-17,58.903141021728516
2023-01-18,58.6989860534668
2023-01-19,58.574710845947266
2023-01-20,59.12504577636719
2023-01-23,59.346954345703125
2023-01-24,59.329200744628906
2023-01-25,59.69313049316406
2023-01-26,59.72863006591797
2023-01-27,59.62211608886719
2023-01-30,59.222679138183594
2023-01-31,59.53335189819336
2023-02-01,60.092559814453125
2023-02-02,60.092559814453125
2023-02-03,59.4445915222168
2023-02-06,58.83212661743164
2023-02-07,59.32032775878906
2023-02-08,58.965274810791016
2023-02-09,59.089534759521484
2023-02-10,58.77000045776367
2023-02-13,59.35582733154297
2023-02-14,59.462337493896484
2023-02-15,59.178306579589844
2023-02-16,58.9208869934082
2023-02-17,59.0717887878418
2023-02-21,58.40606689453125
2023-02-22,58.068763732910156
2023-02-23,58.397186279296875
2023-02-24,57.447425842285156
2023-02-27,58.14865493774414
2023-02-28,57.72257995605469
2023-03-01,58.05989074707031
2023-03-02,58.130897521972656
2023-03-03,58.98302459716797
2023-03-06,58.86763381958008
2023-03-07,57.8646125793457
2023-03-08,58.16640090942383
2023-03-09,57.731468200683594
2023-03-10,57.12788009643555
2023-03-13,56.71068572998047
2023-03-14,57.46517562866211
2023-03-15,55.716548919677734
2023-03-16,56.50653839111328
2023-03-17,55.84968948364258
2023-03-20,56.73731994628906
2023-03-21,57.536190032958984
2023-03-22,57.305397033691406
2023-03-23,57.36753463745117
2023-03-24,57.12788009643555
2023-03-27,57.651573181152344
2023-03-28,57.695960998535156
2023-03-29,58.38831329345703
2023-03-30,59.06290817260742
2023-03-31,59.33807373046875
2023-04-03,59.8262825012207
2023-04-04,59.8173942565918
2023-04-05,59.38246154785156
2023-04-06,59.62211608886719
2023-04-10,59.57773971557617
2023-04-11,59.781890869140625
2023-04-12,60.18132019042969
2023-04-13,60.989070892333984
2023-04-14,60.713905334472656
2023-04-17,60.65176773071289
2023-04-18,60.93581008911133
2023-04-19,60.713905334472656
2023-04-20,60.76716232299805
2023-04-21,61.02457046508789
2023-04-24,61.20209884643555
2023-04-25,60.3144645690918
2023-04-26,60.3144645690918
2023-04-27,61.0689582824707
2023-04-28,61.04231643676758
2023-05-01,60.980194091796875
2023-05-02,60.358848571777344
2023-05-03,60.527496337890625
2023-05-04,60.420982360839844
2023-05-05,61.29087448120117
2023-05-08,61.33524703979492
2023-05-09,61.0689582824707
2023-05-10,60.971317291259766
2023-05-11,60.793785095214844
2023-05-12,60.68728256225586
2023-05-15,61.166595458984375
2023-05-16,60.598506927490234
2023-05-17,60.838172912597656
2023-05-18,60.722782135009766
2023-05-19,61.07783126831055
2023-05-22,61.086708068847656
2023-05-23,60.20795822143555
2023-05-24,59.32032775878906
2023-05-25,59.2315559387207
2023-05-26,59.773014068603516
2023-05-30,59.19606018066406
2023-05-31,58.61021423339844
2023-06-01,59.47122573852539
2023-06-02,60.2523307800293
2023-06-05,59.89728927612305
2023-06-06,60.412105560302734
2023-06-07,59.81863021850586
2023-06-08,60.442867279052734
2023-06-09,60.40667724609375
2023-06-12,60.71427536010742
2023-06-13,61.266143798828125
2023-06-14,61.47421646118164
2023-06-15,62.07132339477539
2023-06-16,61.95371627807617
2023-06-20,61.130435943603516
2023-06-21,61.22090530395508
2023-06-22,60.8499870300293
2023-06-23,59.85481262207031
2023-06-26,59.89100646972656
2023-06-27,60.38858413696289
2023-06-28,60.47001266479492
2023-06-29,60.37049102783203
2023-06-30,61.067115783691406
2023-07-03,61.103294372558594
2023-07-05,60.41572952270508
2023-07-06,59.384376525878906
2023-07-07,59.91814422607422
2023-07-10,60.09002685546875
2023-07-11,60.65999984741211
2023-07-12,61.81800842285156
2023-07-13,62.78602981567383
2023-07-14,62.41511154174805
2023-07-17,62.36082458496094
2023-07-18,62.75890350341797
2023-07-19,62.79507827758789
2023-07-20,62.4422492980957
2023-07-21,62.52367401123047
2023-07-24,62.36082458496094
2023-07-25,62.49653244018555
2023-07-26,62.67747116088867
2023-07-27,62.53271484375
2023-07-28,62.94887161254883
2023-07-31,62.92174530029297
2023-08-01,62.20703125
2023-08-02,61.067115783691406
2023-08-03,60.88616943359375
2023-08-04,61.085205078125
2023-08-07,61.59183883666992
2023-08-08,61.19375991821289
2023-08-09,61.202816009521484
2023-08-10,61.410888671875
2023-08-11,60.99473190307617
2023-08-14,60.759517669677734
2023-08-15,59.99051284790039
2023-08-16,59.53816604614258
2023-08-17,59.12200164794922
2023-08-18,59.07677459716797
2023-08-21,59.28485107421875
2023-08-22,59.19438171386719
2023-08-23,59.81863021850586
2023-08-24,59.004398345947266
2023-08-25,59.4024658203125
2023-08-28,60.01765060424805
2023-08-29,60.768558502197266
2023-08-30,60.750465393066406
2023-08-31,60.5333366394043
2023-09-01,60.524295806884766
2023-09-05,59.99051284790039
2023-09-06,59.84576416015625
2023-09-07,59.6376838684082
2023-09-08,59.53816604614258
2023-09-11,60.17146682739258
2023-09-12,59.909095764160156
2023-09-13,59.701011657714844
2023-09-14,60.488101959228516
2023-09-15,60.31621170043945
2023-09-18,60.062896728515625
2023-09-19,60.14432144165039
2023-09-20,59.98147201538086
2023-09-21,59.049625396728516
2023-09-22,59.07677459716797
2023-09-25,58.814414978027344
2023-09-26,58.036376953125
2023-09-27,57.936859130859375
2023-09-28,58.40729522705078
2023-09-29,58.21731185913086
2023-10-02,57.35784912109375
2023-10-03,56.62504196166992
2023-10-04,56.68836975097656
2023-10-05,57.24024200439453
2023-10-06,57.855438232421875
2023-10-09,57.70163345336914
2023-10-10,58.54300308227539
2023-10-11,58.73299026489258
2023-10-12,58.22636032104492
2023-10-13,57.656402587890625
2023-10-16,58.08160400390625
2023-10-17,58.1087532043457
2023-10-18,57.08643341064453
2023-10-19,56.615997314453125
2023-10-20,56.08222579956055
2023-10-23,56.10936737060547
2023-10-24,56.453155517578125
2023-10-25,55.955570220947266
2023-10-26,55.611785888671875
2023-10-27,55.45798110961914
2023-10-30,56.1907844543457
2023-10-31,56.416961669921875
2023-11-01,56.941688537597656
2023-11-02,58.11779022216797
2023-11-03,58.80536651611328
2023-11-06,58.49776840209961
2023-11-07,58.1087532043457
2023-11-08,58.00923156738281
2023-11-09,58.00923156738281
2023-11-10,58.298736572265625
2023-11-13,58.44348907470703
2023-11-14,59.98147201538086
2023-11-15,59.927188873291016
2023-11-16,59.77339172363281
2023-11-17,60.605709075927734
2023-11-20,60.840938568115234
2023-11-21,60.605709075927734
2023-11-22,60.74142074584961
2023-11-24,61.22090530395508
2023-11-27,61.0128288269043
2023-11-28,61.04901885986328
2023-11-29,61.19375991821289
2023-11-30,61.11234664916992
2023-12-01,61.754676818847656
2023-12-04,61.25709533691406
2023-12-05,61.07616424560547
2023-12-06,61.266143798828125
2023-12-07,61.564693450927734
2023-12-08,61.74562454223633
2023-12-11,61.83610153198242
2023-12-12,61.91752624511719
2023-12-13,62.85841369628906
2023-12-14,63.40122985839844
2023-12-15,62.7769889831543
2023-12-18,62.939823150634766
2023-12-19,63.50075149536133
2023-12-20,62.8751220703125
2023-12-21,63.96676254272461
2023-12-22,64.03097534179688
2023-12-26,64.28783416748047
2023-12-27,64.64559936523438
2023-12-28,64.51717376708984
2023-12-29,64.53551483154297
2024-01-02,63.82915115356445
2024-01-03,63.30626678466797
2024-01-04,63.47139358520508
2024-01-05,63.48056411743164
2024-01-08,64.17774963378906
2024-01-09,63.64568328857422
2024-01-10,64.00345611572266
2024-01-11,63.97593307495117
2024-01-12,64.24195861816406
2024-01-16,63.11363220214844
2024-01-17,62.5081787109375
2024-01-18,63.06775665283203
2024-01-19,63.19618606567383
2024-01-22,63.416343688964844
2024-01-23,63.251224517822266
2024-01-24,63.70989990234375
2024-01-25,63.87501907348633
2024-01-26,64.15941619873047
2024-01-29,64.50800323486328
2024-01-30,64.4070816040039
2024-01-31,64.0951919555664
2024-02-01,64.71898651123047
2024-02-02,64.19610595703125
2024-02-05,63.81997299194336
2024-02-06,64.21444702148438
2024-02-07,64.17774963378906
2024-02-08,64.07684326171875
2024-02-09,64.31535339355469
2024-02-12,64.41625213623047
2024-02-13,63.40717315673828
2024-02-14,64.13188934326172
2024-02-15,64.83824157714844
2024-02-16,64.9207992553711
2024-02-20,65.17767333984375
2024-02-21,65.20518493652344
2024-02-22,65.91154479980469
2024-02-23,65.98493194580078
2024-02-26,65.90235900878906
2024-02-27,66.07666015625
2024-02-28,65.68218994140625
2024-02-29,65.86566925048828
2024-03-01,66.50782012939453
2024-03-04,66.3335189819336
2024-03-05,66.1959228515625
2024-03-06,67.03070831298828
2024-03-07,67.7921142578125
2024-03-08,67.59028625488281
2024-03-11,67.17748260498047
2024-03-12,67.70954132080078
2024-03-13,67.68202209472656
2024-03-14,67.20500946044922
2024-03-15,67.24169921875
2024-03-18,67.23252868652344
2024-03-19,67.33343505859375
2024-03-20,68.04896545410156
2024-03-21,68.039794921875
2024-03-22,67.86549377441406
2024-03-25,67.737060546875
2024-03-26,67.84715270996094
2024-03-27,68.2782974243164
2024-03-28,68.08566284179688
2024-04-01,67.7829360961914
2024-04-02,67.305908203125
2024-04-03,67.70037841796875
2024-04-04,67.13160705566406
2024-04-05,67.37012481689453
2024-04-08,67.72789001464844
2024-04-09,67.71871185302734
2024-04-10,66.8197250366211
2024-04-11,67.02153778076172
2024-04-12,65.92071533203125
2024-04-15,65.7188949584961
2024-04-16,65.04923248291016
2024-04-17,65.08592987060547
2024-04-18,64.9207992553711
2024-04-19,64.92997741699219
2024-04-22,65.6546859741211
2024-04-23,66.34269714355469
2024-04-24,66.1959228515625
2024-04-25,65.86566925048828
2024-04-26,66.37939453125
2024-04-29,66.72798156738281
2024-04-30,65.86566925048828
2024-05-01,65.7188949584961
2024-05-02,66.64541625976562
2024-05-03,67.305908203125
2024-05-06,67.7829360961914
2024-05-07,67.9297103881836
2024-05-08,67.86549377441406
2024-05-09,68.38839721679688
2024-05-10,68.49845886230469
2024-05-13,68.49845886230469
2024-05-14,68.98465728759766
2024-05-15,69.70936584472656
2024-05-16,69.35160064697266
2024-05-17,69.5809326171875
2024-05-20,69.61763000488281
2024-05-21,69.51671600341797
2024-05-22,68.8470687866211
2024-05-23,68.50764465332031
2024-05-24,69.06723022460938
2024-05-28,69.08556365966797
2024-05-29,67.9297103881836
2024-05-30,68.5810317993164
2024-05-31,69.21399688720703
2024-06-03,69.43416595458984
2024-06-04,69.29655456542969
2024-06-05,69.70020294189453
2024-06-06,69.89283752441406
2024-06-07,69.10391998291016
2024-06-10,69.10391998291016
2024-06-11,68.29170227050781
2024-06-12,69.15992736816406
2024-06-13,68.14232635498047
2024-06-14,67.45147705078125
2024-06-17,67.72220611572266
2024-06-18,67.9649429321289
2024-06-20,67.99295806884766
2024-06-21,67.48880767822266
2024-06-24,68.06764221191406
2024-06-25,68.18900299072266
2024-06-26,67.6568603515625
2024-06-27,67.75021362304688
2024-06-28,67.81556701660156
2024-07-01,67.90892791748047
2024-07-02,68.07697296142578
2024-07-03,68.87985229492188
2024-07-05,69.32797241210938
2024-07-08,68.99188995361328
2024-07-09,68.73981475830078
2024-07-10,69.66407012939453
2024-07-11,69.91613006591797
2024-07-12,70.69100952148438
2024-07-15,70.12152099609375
2024-07-16,70.47628784179688
2024-07-17,70.12152099609375
2024-07-18,69.45867919921875
2024-07-19,69.06657409667969
2024-07-22,69.7574234008789
2024-07-23,69.35598754882812
2024-07-24,68.50641632080078
2024-07-25,68.07697296142578
2024-07-26,68.97321319580078
2024-07-29,68.65579986572266
2024-07-30,68.84251403808594
2024-07-31,69.81343841552734
2024-08-01,67.9836196899414
2024-08-02,66.9006576538086
2024-08-05,65.43492126464844
2024-08-06,65.54695129394531
2024-08-07,65.82704162597656
2024-08-08,66.96601104736328
2024-08-09,67.21807098388672
2024-08-12,67.17139434814453
2024-08-13,68.30104064941406
2024-08-14,68.56243896484375
2024-08-15,69.38398742675781
2024-08-16,69.7574234008789
2024-08-19,70.61631774902344
2024-08-20,70.42961120605469
2024-08-21,71.07376861572266
2024-08-22,70.62566375732422
2024-08-23,71.9420166015625
2024-08-26,71.63392639160156
2024-08-27,71.96068572998047
2024-08-28,71.63392639160156
2024-08-29,71.88599395751953
2024-08-30,72.06338500976562
2024-09-03,70.84037780761719
2024-09-04,70.62566375732422
2024-09-05,70.7190170288086
2024-09-06,69.34664916992188
2024-09-09,70.07484436035156
2024-09-10,69.82278442382812
2024-09-11,70.18687438964844
2024-09-12,70.78437042236328
2024-09-13,70.96175384521484
2024-09-16,71.54057312011719
2024-09-17,71.11112213134766
2024-09-18,70.91506958007812
2024-09-19,72.3154525756836
2024-09-20,71.60592651367188
2024-09-23,71.89533996582031
2024-09-24,72.27809143066406
2024-09-25,71.87665557861328
2024-09-26,73.51042938232422
2024-09-27,73.052978515625
2024-09-30,72.86625671386719
2024-10-01,72.27809143066406
2024-10-02,72.11939239501953
2024-10-03,71.41920471191406
2024-10-04,71.92333984375
2024-10-07,71.49388885498047
2024-10-08,71.31651306152344
2024-10-09,71.34451293945312
2024-10-10,71.21380615234375
2024-10-11,71.63392639160156
2024-10-14,71.7459487915039
2024-10-15,70.70034790039062
2024-10-16,70.87772369384766
2024-10-17,70.84037780761719
2024-10-18,71.29783630371094
2024-10-21,70.42027282714844
2024-10-22,70.04683685302734
2024-10-23,69.29997253417969
2024-10-24,69.69207000732422
2024-10-25,69.45867919921875
2024-10-28,69.98148345947266
2024-10-29,69.6827392578125
2024-10-30,69.31863403320312
2024-10-31,68.87985229492188
2024-11-01,69.04789733886719
2024-11-04,69.0759048461914
2024-11-05,69.74808502197266
2024-11-06,68.76782989501953
2024-11-07,69.85077667236328
2024-11-08,68.9078598022461
2024-11-11,68.91719818115234
2024-11-12,67.66619110107422
2024-11-13,67.2274169921875
2024-11-14,67.33943939208984
2024-11-15,67.09671783447266
2024-11-18,67.47014617919922
2024-11-19,67.40479278564453
2024-11-20,67.15272521972656
2024-11-21,67.19007110595703
2024-11-22,67.48880767822266
2024-11-25,67.76889038085938
2024-11-26,67.40479278564453
2024-11-27,67.75955963134766
2024-11-29,68.75849151611328
2024-12-02,68.87985229492188
2024-12-03,69.25328063964844
2024-12-04,69.31863403320312
2024-12-05,69.65473175048828
2024-12-06,69.65473175048828
2024-12-09,69.57070922851562
2024-12-10,69.01055908203125
2024-12-11,69.43067169189453
2024-12-12,68.79583740234375
2024-12-13,68.58110046386719
2024-12-16,68.33837127685547
2024-12-17,68.17718505859375
2024-12-18,66.53675079345703
2024-12-19,66.43245697021484
2024-12-20,66.2522964477539
2024-12-23,66.64105224609375
2024-12-24,66.92552185058594
2024-12-26,67.26689147949219
2024-12-27,67.1246566772461
2024-12-30,66.67899322509766
2024-12-31,66.64105224609375
2025-01-02,66.49882507324219
2025-01-03,66.8307113647461
2025-01-06,67.42808532714844
2025-01-07,67.31430053710938
2025-01-08,67.16258239746094
2025-01-10,66.13850402832031
2025-01-13,65.96781921386719
2025-01-14,66.16694641113281
2025-01-15,67.01087188720703
2025-01-16,67.35222625732422
2025-01-17,67.66514587402344
2025-01-21,69.03057861328125
2025-01-22,68.7840347290039
2025-01-23,69.35297393798828
2025-01-24,69.73226928710938
2025-01-27,69.75122833251953
2025-01-28,69.65640258789062
2025-01-29,69.67537689208984
2025-01-30,70.45291900634766
2025-01-31,69.77020263671875
2025-02-03,69.0210952758789
2025-02-04,69.8081283569336
2025-02-05,70.48136138916016
2025-02-06,70.83219909667969
2025-02-07,70.14949035644531
2025-02-10,70.6141128540039
2025-02-11,70.94598388671875
2025-02-12,71.12615203857422
2025-02-13,71.9890365600586
2025-02-14,72.06489562988281
2025-02-18,72.54849243164062
2025-02-19,71.77095031738281
2025-02-20,72.15970611572266
2025-02-21,71.70457458496094
2025-02-24,71.63819885253906
2025-02-25,72.28298950195312
2025-02-26,72.32090759277344
2025-02-27,71.53388977050781
2025-02-28,71.47698974609375
2025-03-03,72.40625
2025-03-04,72.29246520996094
2025-03-05,74.05615997314453
2025-03-06,73.3734359741211
2025-03-07,74.11305236816406
2025-03-10,72.45366668701172
2025-03-11,72.21661376953125
2025-03-12,72.72864532470703
2025-03-13,72.25453186035156
2025-03-14,73.5915298461914
2025-03-17,74.3785629272461
2025-03-18,74.39752197265625
2025-03-19,74.57768249511719
2025-03-20,73.98978424072266
2025-03-21,73.54412078857422
2025-03-24,73.49671173095703
2025-03-25,73.9328842163086
2025-03-26,72.99414825439453
2025-03-27,73.1079330444336
2025-03-28,72.44417572021484
2025-03-31,71.73301696777344
2025-04-01,71.91317749023438
2025-04-02,72.07437133789062
2025-04-03,70.54773712158203
2025-04-04,65.95834350585938
2025-04-07,64.46015167236328
2025-04-08,64.31791687011719
2025-04-09,69.32452392578125
2025-04-10,67.84530639648438
2025-04-11,69.5710678100586
2025-04-14,70.35809326171875
2025-04-15,70.94598388671875
2025-04-16,70.6615219116211
2025-04-17,71.4580307006836
2025-04-21,71.14511108398438
2025-04-22,72.63381958007812
2025-04-23,72.82347106933594
2025-04-24,73.74324035644531
2025-04-25,74.03719329833984
2025-04-28,74.54923248291016
2025-04-29,74.73887634277344
2025-04-30,74.63457489013672
2025-05-01,74.42596435546875
2025-05-02,75.75347137451172
2025-05-05,75.93363952636719
2025-05-06,75.87673950195312
2025-05-07,75.59227752685547
2025-05-08,75.36471557617188
2025-05-09,75.7629623413086
2025-05-12,76.14225006103516
2025-05-13,76.21810150146484
2025-05-14,75.88622283935547
2025-05-15,76.711181640625
2025-05-16,76.88186645507812
2025-05-19,77.58354949951172
2025-05-20,77.97232055664062
2025-05-21,77.51717376708984
2025-05-22,77.46028137207031
2025-05-23,77.64043426513672
2025-05-27,78.75933837890625
2025-05-28,77.84904479980469
2025-05-29,78.19989013671875
2025-05-30,78.28522491455078
2025-06-02,79.17655944824219
2025-06-03,78.53176879882812
2025-06-04,78.93001556396484
2025-06-05,78.86363983154297
2025-06-06,79.10070037841797
2025-06-09,79.09121704101562
2025-06-10,79.23344421386719
2025-06-11,79.1575927734375
2025-06-12,79.73600769042969
2025-06-13,78.73088836669922
2025-06-16,79.07550048828125
2025-06-17,78.10057067871094
2025-06-18,78.2743148803711
2025-06-20,77.5889663696289
2025-06-23,78.19709777832031
2025-06-24,79.10444641113281
2025-06-25,78.72799682617188
2025-06-26,79.66431427001953
2025-06-27,80.41722869873047
2025-06-30,80.58132934570312
2025-07-01,80.41722869873047
2025-07-02,80.62959289550781
2025-07-03,80.66820526123047
2025-07-07,79.77050018310547
2025-07-08,80.38827514648438
2025-07-09,80.94813537597656
2025-07-10,80.94813537597656
2025-07-11,80.1855697631836
2025-07-14,80.166259765625
2025-07-15,79.31681823730469
2025-07-16,79.73188018798828
2025-07-17,79.86702728271484
2025-07-18,79.69327545166016
2025-07-21,80.15660858154297
2025-07-22,80.59098052978516
2025-07-23,82.54084777832031
2025-07-24,81.9230728149414
2025-07-25,81.81688690185547
2025-07-28,80.51376342773438
2025-07-29,80.31105041503906
2025-07-30,79.77050018310547
2025-07-31,79.02723693847656
2025-08-01,78.86312866210938
2025-08-04,79.94425201416016
2025-08-05,79.94425201416016
2025-08-06,80.48479461669922
2025-08-07,81.189453125
2025-08-08,81.63348388671875
2025-08-11,81.29563903808594
2025-08-12,82.25125885009766
2025-08-13,82.66632843017578
2025-08-14,82.62771606445312
2025-08-15,83.13931274414062
2025-08-18,83.05244445800781
2025-08-19,83.06209564208984
2025-08-20,83.31306457519531
2025-08-21,82.78216552734375
2025-08-22,84.08528900146484
2025-08-25,83.0041732788086
2025-08-26,82.93659973144531
2025-08-27,82.74354553222656
2025-08-28,83.05244445800781
2025-08-29,82.54084777832031
2025-09-02,81.77828216552734
2025-09-03,81.91341400146484
2025-09-04,82.43466186523438
2025-09-05,82.86903381347656
2025-09-08,83.72813415527344
2025-09-09,83.42889404296875
2025-09-10,83.42889404296875
2025-09-11,84.31694793701172
2025-09-12,83.94049072265625
2025-09-15,84.4906997680664
2025-09-16,84.31694793701172
2025-09-17,83.99840545654297
2025-09-18,84.29764556884766
2025-09-19,83.8536148071289
2025-09-22,84.17215728759766
2025-09-23,84.0273666381836
2025-09-24,83.49646759033203
2025-09-25,82.92695617675781
2025-09-26,83.52542114257812
2025-09-29,83.88257598876953
2025-09-30,84.2783432006836
2025-10-01,84.84785461425781
2025-10-02,84.99264526367188
2025-10-03,85.75521087646484
2025-10-06,85.90000915527344
2025-10-07,85.12779235839844
2025-10-08,85.39806365966797
2025-10-09,84.70306396484375
2025-10-10,83.10070037841797
2025-10-13,83.79570007324219
2025-10-14,84.19146728515625
2025-10-15,84.56792449951172
2025-10-16,84.96368408203125
2025-10-17,85.05056762695312
2025-10-20,85.74556732177734
2025-10-21,85.12779235839844
2025-10-22,85.05056762695312
2025-10-23,85.48493957519531
2025-10-24,85.62007141113281
2025-10-27,86.21854400634766
2025-10-28,86.09307098388672
2025-10-29,85.57181549072266
2025-10-30,85.23397064208984
2025-10-31,85.03125762939453
2025-11-03,85.04090881347656
2025-11-04,84.19146728515625
2025-11-05,84.70306396484375
2025-11-06,84.48104095458984
2025-11-07,84.7706298828125
2025-11-10,85.69729614257812
2025-11-11,86.25716400146484
2025-11-12,86.75910186767578
2025-11-13,85.82279205322266
2025-11-14,85.6683349609375
2025-11-17,84.51966094970703
2025-11-18,83.48681640625
2025-11-19,83.24549865722656
2025-11-20,82.1064682006836
2025-11-21,83.361328125
2025-11-24,83.53507995605469
2025-11-25,84.50035858154297
2025-11-26,85.38841247558594
2025-11-28,85.75521087646484
2025-12-01,85.31118774414062
2025-12-02,85.56216430664062
2025-12-03,85.96757507324219
2025-12-04,86.18959045410156
2025-12-05,86.21854400634766
2025-12-08,85.97722625732422
2025-12-09,85.85174560546875
2025-12-10,86.7977066040039
2025-12-11,87.24173736572266
2025-12-12,86.77841186523438
2025-12-15,87.29000854492188
2025-12-16,86.91710662841797
2025-12-17,86.2480697631836
2025-12-18,86.87776184082031
2025-12-19,87.41889190673828
2025-12-22,87.7337417602539
2025-12-23,88.30439758300781
2025-12-24,88.35359954833984
2025-12-26,88.49134063720703
2025-12-29,88.28472900390625
2025-12-30,88.42247009277344
2025-12-31,88.01907348632812
2026-01-02,88.89473724365234
2026-01-05,89.94750213623047
2026-01-06,90.08524322509766
2026-01-07,89.82943725585938
2026-01-08,89.86878967285156
2026-01-09,90.6559066772461
2026-01-12,91.1773681640625
2026-01-13,90.59687042236328
2026-01-14,91.02977752685547
2026-01-15,91.0101089477539
2026-01-16,91.2560806274414
2026-01-20,89.94750213623047
2026-01-21,90.94123077392578
2026-01-22,91.31510925292969
2026-01-23,91.82673645019531
2026-01-26,92.33836364746094
2026-01-27,93.79452514648438
2026-01-28,92.84014892578125
2026-01-29,93.37145233154297
2026-01-30,92.53514099121094
2026-02-02,93.01725006103516
2026-02-03,93.08612060546875
2026-02-04,93.41080474853516
2026-02-05,92.07271575927734
2026-02-06,94.11920928955078
2026-02-09,95.4572982788086
2026-02-10,95.8115005493164
2026-02-11,96.33296966552734
2026-02-12,95.6343994140625
2026-02-13,95.7131118774414
2026-02-17,95.7131118774414
2026-02-18,95.77214813232422
2026-02-19,95.48682403564453
2026-02-20,96.35264587402344
2026-02-23,95.88037109375
2026-02-24,96.04763793945312
2026-02-25,96.97249603271484
2026-02-26,96.84458923339844
2026-02-27,96.73636627197266
2026-03-02,94.8669662475586
2026-03-03,91.97432708740234
2026-03-04,93.09596252441406
2026-03-05,91.1478500366211
2026-03-06,90.3902587890625
2026-03-09,90.9510726928711
2026-03-10,91.10848999023438
2026-03-11,90.8822021484375
2026-03-12,89.43587493896484
2026-03-13,88.33391571044922
2026-03-16,89.96717834472656
2026-03-17,90.2131576538086
2026-03-18,88.74714660644531
2026-03-19,88.58972930908203
2026-03-20,85.82498931884766
2026-03-23,87.96987915039062
2026-03-24,87.35002136230469
2026-03-25,88.68811798095703
2026-03-26,86.90727233886719
2026-03-27,86.06112670898438
2026-03-30,86.27758026123047
2026-03-31,89.07183837890625
2026-04-01,90.42961120605469
2026-04-02,89.93766784667969
2026-04-06,90.40992736816406
2026-04-07,90.27218627929688
2026-04-08,93.88307189941406
2026-04-09,93.60758209228516
2026-04-10,93.78468322753906
2026-04-13,94.36518096923828
2026-04-14,95.1719741821289
2026-04-15,94.8768081665039
2026-04-16,94.63082885742188
2026-04-17,95.91973114013672
2026-04-20,95.47698211669922
2026-04-21,93.40096282958984
2026-04-22,93.70597076416016
2026-04-23,92.95821380615234
2026-04-24,93.39112854003906
2026-04-27,93.13531494140625
2026-04-28,92.76143646240234
2026-04-29,91.88577270507812
2026-04-30,94.00114440917969
2026-05-01,93.85355377197266
2026-05-04,92.63352966308594
2026-05-05,93.89291381835938
2026-05-06,96.34280395507812
2026-05-07,94.72921752929688
2026-05-08,95.73279571533203
2026-05-11,95.52616882324219
2026-05-12,94.9653549194336
2026-05-13,95.57537078857422
2026-05-14,95.34907531738281
2026-05-15,93.67645263671875
2026-05-18,94.55211639404297
2026-05-19,93.8338851928711
2026-05-20,95.34907531738281
2026-05-21,95.73279571533203
2026-05-22,95.65408325195312
2026-05-26,96.73636627197266
2026-05-27,96.36248779296875
2026-05-28,96.37232208251953
2026-05-29,96.44119262695312
2026-06-01,96.0574722290039
2026-06-02,96.56909942626953
2026-06-03,95.8115005493164
2026-06-04,96.52974700927734
2026-06-05,94.02081298828125
2026-06-08,94.61116027832031
2026-06-09,94.6209945678711
2026-06-10,93.34193420410156
2026-06-11,96.21490478515625
2026-06-12,96.39199829101562
2026-06-15,96.9800033569336
2026-06-16,97.29000091552734
2026-06-17,96.80999755859375
2026-06-18,97.29000091552734
2026-06-22,97.38999938964844
2026-06-23,95.47000122070312
2026-06-24,95.33000183105469
2026-06-25,96.02999877929688
2026-06-26,95.48999786376953
2026-06-29,96.31999969482422
2026-06-30,96.58000183105469
2026-07-01,96.08000183105469
2026-07-02,97.30000305175781
2026-07-06,98.30999755859375
2026-07-07,97.01000213623047
2026-07-08,96.30999755859375
2026-07-09,96.7300033569336
2026-07-10,97.22000122070312
2026-07-13,96.1500015258789
