date,adj close
2000-05-26,6.4506330490112305
2000-05-30,6.702128887176514
2000-05-31,6.691102504730225
2000-06-01,6.812435150146484
2000-06-02,7.077166557312012
2000-06-05,7.0231194496154785
2000-06-06,6.980102062225342
2000-06-07,6.972375869750977
2000-06-08,6.940389156341553
2000-06-09,7.007675647735596
2000-06-12,6.890747547149658
2000-06-13,6.906196117401123
2000-06-14,6.9183268547058105
2000-06-15,7.02421760559082
2000-06-16,6.997747421264648
2000-06-19,7.114669322967529
2000-06-20,7.157688617706299
2000-06-21,7.140418529510498
2000-06-22,6.945046424865723
2000-06-23,6.8876471519470215
2000-06-26,6.921869277954102
2000-06-27,6.878820896148682
2000-06-28,6.956085205078125
2000-06-29,6.989202976226807
2000-06-30,6.854537010192871
2000-07-03,6.946148872375488
2000-07-05,6.858953475952148
2000-07-06,6.93290376663208
2000-07-07,7.0245184898376465
2000-07-10,7.11834192276001
2000-07-11,7.163597106933594
2000-07-12,7.262938022613525
2000-07-13,7.272871494293213
2000-07-14,7.317024230957031
2000-07-17,7.320333480834961
2000-07-18,7.229824066162109
2000-07-19,7.152560710906982
2000-07-20,7.230926513671875
2000-07-21,7.134896755218506
2000-07-24,7.073081970214844
2000-07-25,7.0377655029296875
2000-07-26,7.011273384094238
2000-07-27,6.93290376663208
2000-07-28,6.845705509185791
2000-07-31,6.914139270782471
2000-08-01,6.943945407867432
2000-08-02,7.047699928283691
2000-08-03,7.004652976989746
2000-08-04,7.128274917602539
2000-08-07,7.222096920013428
2000-08-08,7.249695301055908
2000-08-09,7.168010234832764
2000-08-10,7.141520977020264
2000-08-11,7.264041900634766
2000-08-14,7.333582878112793
2000-08-15,7.286120891571045
2000-08-16,7.298257827758789
2000-08-17,7.377734661102295
2000-08-18,7.41305685043335
2000-08-21,7.414159297943115
2000-08-22,7.419676780700684
2000-08-23,7.443958759307861
2000-08-24,7.51129150390625
2000-08-25,7.528956413269043
2000-08-28,7.56427526473999
2000-08-29,7.5819292068481445
2000-08-30,7.585245609283447
2000-08-31,7.6923112869262695
2000-09-01,7.761852741241455
2000-09-05,7.6867899894714355
2000-09-06,7.653680324554443
2000-09-07,7.7806172370910645
2000-09-08,7.724323272705078
2000-09-11,7.718802452087402
2000-09-12,7.680167198181152
2000-09-13,7.649260997772217
2000-09-14,7.7232208251953125
2000-09-15,7.658098220825195
2000-09-18,7.435130596160889
2000-09-19,7.532262802124023
2000-09-20,7.535638332366943
2000-09-21,7.423945426940918
2000-09-22,7.431685447692871
2000-09-25,7.5046772956848145
2000-09-26,7.463759899139404
2000-09-27,7.489192485809326
2000-09-28,7.692681312561035
2000-09-29,7.607528209686279
2000-10-02,7.531222343444824
2000-10-03,7.3940863609313965
2000-10-04,7.404043197631836
2000-10-05,7.41841459274292
2000-10-06,7.263591766357422
2000-10-09,7.2525315284729
2000-10-10,7.086641788482666
2000-10-11,7.040195465087891
2000-10-12,6.868783950805664
2000-10-13,7.086641788482666
2000-10-16,7.139730453491211
2000-10-17,6.97715950012207
2000-10-18,7.011443138122559
2000-10-19,7.201658725738525
2000-10-20,7.323307514190674
2000-10-23,7.325520992279053
2000-10-24,7.239255905151367
2000-10-25,7.032456874847412
2000-10-26,7.105446815490723
2000-10-27,7.1496806144714355
2000-10-30,7.187281608581543
2000-10-31,7.360910892486572
2000-11-01,7.3896636962890625
2000-11-02,7.515737533569336
2000-11-03,7.5068888664245605
2000-11-06,7.517947673797607
2000-11-07,7.494723796844482
2000-11-08,7.371968746185303
2000-11-09,7.281285285949707
2000-11-10,7.1297736167907715
2000-11-13,7.007021903991699
2000-11-14,7.1485724449157715
2000-11-15,7.273543834686279
2000-11-16,7.168481826782227
2000-11-17,7.1529998779296875
2000-11-20,7.019186496734619
2000-11-21,6.999279022216797
2000-11-22,6.900857448577881
2000-11-24,7.077797889709473
2000-11-27,7.133090972900391
2000-11-28,6.9915361404418945
2000-11-29,6.936241626739502
2000-11-30,6.847767353057861
2000-12-01,6.940664768218994
2000-12-04,6.939558506011963
2000-12-05,7.188387870788574
2000-12-06,7.136409759521484
2000-12-07,7.15742301940918
2000-12-08,7.416207313537598
2000-12-11,7.565504550933838
2000-12-12,7.356483459472656
2000-12-13,7.213136196136475
2000-12-14,7.102009296417236
2000-12-15,7.029781818389893
2000-12-18,7.105344295501709
2000-12-19,7.043114185333252
2000-12-20,6.8164167404174805
2000-12-21,6.8597517013549805
2000-12-22,7.114232063293457
2000-12-26,7.194242000579834
2000-12-27,7.3187055587768555
2000-12-28,7.487613677978516
2000-12-29,7.345371723175049
2001-01-02,7.0120038986206055
2001-01-03,7.280916690826416
2001-01-04,7.138682842254639
2001-01-05,6.943100929260254
2001-01-08,6.947544097900391
2001-01-09,6.931986331939697
2001-01-10,7.10312032699585
2001-01-11,7.192021369934082
2001-01-12,7.223135471343994
2001-01-16,7.194242000579834
2001-01-17,7.227579116821289
2001-01-18,7.227579116821289
2001-01-19,7.172018527984619
2001-01-22,7.1964640617370605
2001-01-23,7.390937328338623
2001-01-24,7.399825096130371
2001-01-25,7.343150615692139
2001-01-26,7.3653764724731445
2001-01-29,7.483257293701172
2001-01-30,7.528772354125977
2001-01-31,7.4676103591918945
2001-02-01,7.461215019226074
2001-02-02,7.346705913543701
2001-02-05,7.378708839416504
2001-02-06,7.4590744972229
2001-02-07,7.4597883224487305
2001-02-08,7.414271354675293
2001-02-09,7.371597766876221
2001-02-12,7.469029903411865
2001-02-13,7.452677249908447
2001-02-14,7.4206695556640625
2001-02-15,7.5095720291137695
2001-02-16,7.382266044616699
2001-02-20,7.2542500495910645
2001-02-21,7.137612342834473
2001-02-22,7.076451301574707
2001-02-23,7.077163219451904
2001-02-26,7.259230613708496
2001-02-27,7.134059429168701
2001-02-28,7.0444440841674805
2001-03-01,7.052270412445068
2001-03-02,7.122678279876709
2001-03-05,7.119833469390869
2001-03-06,7.210155487060547
2001-03-07,7.267764091491699
2001-03-08,7.21655797958374
2001-03-09,7.058671474456787
2001-03-12,6.790969371795654
2001-03-13,6.8551154136657715
2001-03-14,6.736799240112305
2001-03-15,6.689045429229736
2001-03-16,6.534379005432129
2001-03-19,6.710424900054932
2001-03-20,6.570015907287598
2001-03-21,6.413217544555664
2001-03-22,6.350493431091309
2001-03-23,6.51513671875
2001-03-26,6.567877292633057
2001-03-27,6.653407096862793
2001-03-28,6.529391288757324
2001-03-29,6.480212211608887
2001-03-30,6.534379005432129
2001-04-02,6.393258571624756
2001-04-03,6.200817584991455
2001-04-04,6.165894508361816
2001-04-05,6.472371578216553
2001-04-06,6.3576250076293945
2001-04-09,6.450990676879883
2001-04-10,6.650557518005371
2001-04-11,6.6448540687561035
2001-04-12,6.762457370758057
2001-04-16,6.637727737426758
2001-04-17,6.757467746734619
2001-04-18,7.015479564666748
2001-04-19,7.084613800048828
2001-04-20,7.004789352416992
2001-04-23,6.917122840881348
2001-04-24,6.866517543792725
2001-04-25,7.033299922943115
2001-04-26,7.120250701904297
2001-04-27,7.220745086669922
2001-04-30,7.273492336273193
2001-05-01,7.3419108390808105
2001-05-02,7.306275367736816
2001-05-03,7.1929473876953125
2001-05-04,7.305565357208252
2001-05-07,7.298434734344482
2001-05-08,7.30342435836792
2001-05-09,7.282755374908447
2001-05-10,7.2770514488220215
2001-05-11,7.244979381561279
2001-05-14,7.239990711212158
2001-05-15,7.2813310623168945
2001-05-16,7.465930461883545
2001-05-17,7.5707011222839355
2001-05-18,7.587095260620117
2001-05-21,7.765281677246094
2001-05-22,7.758151531219482
2001-05-23,7.590656757354736
2001-05-24,7.615607738494873
2001-05-25,7.606339454650879
2001-05-29,7.493011474609375
2001-05-30,7.334072589874268
2001-05-31,7.433858394622803
2001-06-01,7.527936935424805
2001-06-04,7.5707011222839355
2001-06-05,7.702557563781738
2001-06-06,7.603490829467773
2001-06-07,7.647678375244141
2001-06-08,7.582818984985352
2001-06-11,7.4945149421691895
2001-06-12,7.4916605949401855
2001-06-13,7.416711807250977
2001-06-14,7.248958110809326
2001-06-15,7.252525329589844
2001-06-18,7.2168378829956055
2001-06-19,7.189711093902588
2001-06-20,7.303211212158203
2001-06-21,7.313202857971191
2001-06-22,7.202560901641846
2001-06-25,7.1825714111328125
2001-06-26,7.208985328674316
2001-06-27,7.241822719573975
2001-06-28,7.3139166831970215
2001-06-29,7.405288219451904
2001-07-02,7.348894119262695
2001-07-03,7.373879909515381
2001-07-05,7.311062812805176
2001-07-06,7.2132649421691895
2001-07-09,7.167581081390381
2001-07-10,7.09691047668457
2001-07-11,7.076212406158447
2001-07-12,7.238251686096191
2001-07-13,7.268948078155518
2001-07-16,7.164728164672852
2001-07-17,7.255385875701904
2001-07-18,7.21469783782959
2001-07-19,7.254667282104492
2001-07-20,7.275369167327881
2001-07-23,7.195423126220703
2001-07-24,7.055510520935059
2001-07-25,7.129035472869873
2001-07-26,7.2139787673950195
2001-07-27,7.297496795654297
2001-07-30,7.268233299255371
2001-07-31,7.261096000671387
2001-08-01,7.326052665710449
2001-08-02,7.323195934295654
2001-08-03,7.327480316162109
2001-08-06,7.209699630737305
2001-08-07,7.195423126220703
2001-08-08,7.096197128295898
2001-08-09,7.076212406158447
2001-08-10,7.131175518035889
2001-08-13,7.181855201721191
2001-08-14,7.205418109893799
2001-08-15,7.1790032386779785
2001-08-16,7.1861419677734375
2001-08-17,7.054794788360596
2001-08-20,7.103336334228516
2001-08-21,7.0419464111328125
2001-08-22,7.112617015838623
2001-08-23,7.107625484466553
2001-08-24,7.183285236358643
2001-08-27,7.203989505767822
2001-08-28,7.109049320220947
2001-08-29,7.079067707061768
2001-08-30,6.996260643005371
2001-08-31,7.061222553253174
2001-09-04,7.029099941253662
2001-09-05,6.946294784545898
2001-09-06,6.827084541320801
2001-09-07,6.725005626678467
2001-09-10,6.670042514801025
2001-09-17,6.374515533447266
2001-09-18,6.260303974151611
2001-09-19,6.042583465576172
2001-09-20,5.909100532531738
2001-09-21,5.7856059074401855
2001-09-24,5.9604949951171875
2001-09-25,5.99118709564209
2001-09-26,5.939079284667969
2001-09-27,6.0390119552612305
2001-09-28,6.185351371765137
2001-10-01,6.054720878601074
2001-10-02,6.132583141326904
2001-10-03,6.31078577041626
2001-10-04,6.345852375030518
2001-10-05,6.3086395263671875
2001-10-08,6.244229793548584
2001-10-09,6.261405944824219
2001-10-10,6.419567584991455
2001-10-11,6.563417434692383
2001-10-12,6.509029388427734
2001-10-15,6.496858596801758
2001-10-16,6.564133167266846
2001-10-17,6.389512062072754
2001-10-18,6.335834503173828
2001-10-19,6.415989875793457
2001-10-22,6.5233378410339355
2001-10-23,6.504732608795166
2001-10-24,6.520474910736084
2001-10-25,6.6256818771362305
2001-10-26,6.656453609466553
2001-10-29,6.541231632232666
2001-10-30,6.411693096160889
2001-10-31,6.452488422393799
2001-11-01,6.550538539886475
2001-11-02,6.599201202392578
2001-11-05,6.665759563446045
2001-11-06,6.7494940757751465
2001-11-07,6.753070831298828
2001-11-08,6.715140342712402
2001-11-09,6.712276458740234
2001-11-12,6.748062610626221
2001-11-13,6.856841564178467
2001-11-14,6.873301982879639
2001-11-15,6.828214645385742
2001-11-16,6.83680534362793
2001-11-19,6.908369541168213
2001-11-20,6.874733924865723
2001-11-21,6.83680534362793
2001-11-23,6.930557727813721
2001-11-26,7.003551959991455
2001-11-27,6.982799053192139
2001-11-28,6.875451564788818
2001-11-29,6.988528251647949
2001-11-30,6.922685623168945
2001-12-03,6.8990678787231445
2001-12-04,7.01572322845459
2001-12-05,7.212532043457031
2001-12-06,7.249027729034424
2001-12-07,7.228276252746582
2001-12-10,7.086572647094727
2001-12-11,7.113769054412842
2001-12-12,7.106613636016846
2001-12-13,6.997830390930176
2001-12-14,7.037193298339844
2001-12-17,7.119023323059082
2001-12-18,7.2129645347595215
2001-12-19,7.214397430419922
2001-12-20,7.119023323059082
2001-12-21,7.195034980773926
2001-12-24,7.214397430419922
2001-12-26,7.281090259552002
2001-12-27,7.321248531341553
2001-12-28,7.343480587005615
2001-12-31,7.253836631774902
2002-01-02,7.243081569671631
2002-01-03,7.330574035644531
2002-01-04,7.420217037200928
2002-01-07,7.3492231369018555
2002-01-08,7.324837684631348
2002-01-09,7.339892864227295
2002-01-10,7.374317169189453
2002-01-11,7.295430660247803
2002-01-14,7.167783260345459
2002-01-15,7.2237229347229
2002-01-16,7.0996575355529785
2002-01-17,7.207942962646484
2002-01-18,7.1319260597229
2002-01-22,7.078141212463379
2002-01-23,7.1785383224487305
2002-01-24,7.25025749206543
2002-01-25,7.2595720291137695
2002-01-28,7.288977146148682
2002-01-29,7.145551681518555
2002-01-30,7.207225799560547
2002-01-31,7.258139133453369
2002-02-01,7.229458332061768
2002-02-04,7.0745530128479
2002-02-05,7.053043365478516
2002-02-06,6.995671272277832
2002-02-07,6.962681293487549
2002-02-08,7.106106758117676
2002-02-11,7.210809707641602
2002-02-12,7.188579082489014
2002-02-13,7.264596939086914
2002-02-14,7.255272388458252
2002-02-15,7.177823066711426
2002-02-19,7.038696765899658
2002-02-20,7.154874324798584
2002-02-21,7.032960891723633
2002-02-22,7.121170997619629
2002-02-25,7.217983722686768
2002-02-26,7.276069164276123
2002-02-27,7.2925639152526855
2002-02-28,7.228736400604248
2002-03-01,7.400850772857666
2002-03-04,7.580132961273193
2002-03-05,7.576549530029297
2002-03-06,7.686276435852051
2002-03-07,7.66188907623291
2002-03-08,7.710652828216553
2002-03-11,7.726385116577148
2002-03-12,7.691188812255859
2002-03-13,7.642349720001221
2002-03-14,7.650967121124268
2002-03-15,7.705557823181152
2002-03-18,7.778820991516113
2002-03-19,7.800367832183838
2002-03-20,7.696218967437744
2002-03-21,7.7536797523498535
2002-03-22,7.706272125244141
2002-03-25,7.572678089141846
2002-03-26,7.660304069519043
2002-03-27,7.732131004333496
2002-03-28,7.7536797523498535
2002-04-01,7.771633148193359
2002-04-02,7.705557823181152
2002-04-03,7.579136371612549
2002-04-04,7.627261161804199
2002-04-05,7.628698825836182
2002-04-08,7.70339822769165
2002-04-09,7.68688440322876
2002-04-10,7.811143398284912
2002-04-11,7.709865093231201
2002-04-12,7.788154602050781
2002-04-15,7.7802557945251465
2002-04-16,7.904512882232666
2002-04-17,7.916012287139893
2002-04-18,7.862856864929199
2002-04-19,7.89374303817749
2002-04-22,7.785999298095703
2002-04-23,7.789591312408447
2002-04-24,7.70339822769165
2002-04-25,7.745059967041016
2002-04-26,7.62151575088501
2002-04-29,7.610029220581055
2002-04-30,7.733565807342529
2002-05-01,7.750804424285889
2002-05-02,7.760139465332031
2002-05-03,7.69047212600708
2002-05-06,7.559744834899902
2002-05-07,7.552566051483154
2002-05-08,7.750089645385742
2002-05-09,7.647375583648682
2002-05-10,7.559744834899902
2002-05-13,7.677543640136719
2002-05-14,7.861413955688477
2002-05-15,7.812580108642578
2002-05-16,7.796051979064941
2002-05-17,7.843459606170654
2002-05-20,7.750089645385742
2002-05-21,7.648811340332031
2002-05-22,7.642349720001221
2002-05-23,7.751523971557617
2002-05-24,7.66317892074585
2002-05-28,7.643064975738525
2002-05-29,7.570520401000977
2002-05-30,7.584886074066162
2002-05-31,7.59278678894043
2002-06-03,7.398138999938965
2002-06-04,7.344266414642334
2002-06-05,7.393829345703125
2002-06-06,7.255201816558838
2002-06-07,7.315537929534912
2002-06-10,7.334211826324463
2002-06-11,7.175474643707275
2002-06-12,7.1682891845703125
2002-06-13,7.071324825286865
2002-06-14,7.137406826019287
2002-06-17,7.3417534828186035
2002-06-18,7.334554195404053
2002-06-19,7.2373809814453125
2002-06-20,7.150290489196777
2002-06-21,7.037282466888428
2002-06-24,7.023611545562744
2002-06-25,6.91204309463501
2002-06-26,6.920679092407227
2002-06-27,6.978265285491943
2002-06-28,7.035846710205078
2002-07-01,6.8731770515441895
2002-07-02,6.671636581420898
2002-07-03,6.661559581756592
2002-07-05,6.860219478607178
2002-07-08,6.765927791595459
2002-07-09,6.628453731536865
2002-07-10,6.426910877227783
2002-07-11,6.425471305847168
2002-07-12,6.398838996887207
2002-07-15,6.355654239654541
2002-07-16,6.3484601974487305
2002-07-17,6.372931480407715
2002-07-18,6.231134414672852
2002-07-19,6.076377868652344
2002-07-22,5.873401165008545
2002-07-23,5.6790618896484375
2002-07-24,5.9813690185546875
2002-07-25,5.927384376525879
2002-07-26,5.987844944000244
2002-07-29,6.323262691497803
2002-07-30,6.359253883361816
2002-07-31,6.362852573394775
2002-08-01,6.222495079040527
2002-08-02,6.050467014312744
2002-08-05,5.84244966506958
2002-08-06,6.058386325836182
2002-08-07,6.127484321594238
2002-08-08,6.278636932373047
2002-08-09,6.283675670623779
2002-08-12,6.301671981811523
2002-08-13,6.141882419586182
2002-08-14,6.344860553741455
2002-08-15,6.4456257820129395
2002-08-16,6.498889923095703
2002-08-19,6.578786849975586
2002-08-20,6.510406017303467
2002-08-21,6.627735614776611
2002-08-22,6.72490119934082
2002-08-23,6.544236183166504
2002-08-26,6.616217613220215
2002-08-27,6.503927707672119
2002-08-28,6.362852573394775
2002-08-29,6.416837692260742
2002-08-30,6.404599189758301
2002-09-03,6.197300434112549
2002-09-04,6.304549217224121
2002-09-05,6.195864677429199
2002-09-06,6.372931480407715
2002-09-09,6.421154022216797
2002-09-10,6.409637928009033
2002-09-11,6.413234233856201
2002-09-12,6.271442413330078
2002-09-13,6.3239827156066895
2002-09-16,6.290940761566162
2002-09-17,6.154592990875244
2002-09-18,6.14881706237793
2002-09-19,5.9800004959106445
2002-09-20,5.959081649780273
2002-09-23,5.886214256286621
2002-09-24,5.793150901794434
2002-09-25,5.959802150726318
2002-09-26,6.093987941741943
2002-09-27,5.9302263259887695
2002-09-30,5.876114368438721
2002-10-01,5.983613967895508
2002-10-02,5.848699569702148
2002-10-03,5.760684490203857
2002-10-04,5.618563175201416
2002-10-07,5.467782497406006
2002-10-08,5.575994968414307
2002-10-09,5.387701988220215
2002-10-10,5.591146945953369
2002-10-11,5.796755790710449
2002-10-14,5.861686706542969
2002-10-15,6.105532169342041
2002-10-16,5.9064178466796875
2002-10-17,6.0889387130737305
2002-10-18,6.116353988647461
2002-10-21,6.218076705932617
2002-10-22,6.083888053894043
2002-10-23,6.1913838386535645
2002-10-24,6.092547416687012
2002-10-25,6.170461177825928
2002-10-28,6.117075443267822
2002-10-29,6.060802936553955
2002-10-30,6.146655082702637
2002-10-31,6.130782604217529
2002-11-01,6.235391616821289
2002-11-04,6.26352596282959
2002-11-05,6.276514530181885
2002-11-06,6.351541042327881
2002-11-07,6.183443546295166
2002-11-08,6.103365421295166
2002-11-11,5.988657474517822
2002-11-12,6.03916072845459
2002-11-13,6.026895046234131
2002-11-14,6.197158336639404
2002-11-15,6.244045734405518
2002-11-18,6.204370021820068
2002-11-19,6.1372761726379395
2002-11-20,6.269299507141113
2002-11-21,6.425849914550781
2002-11-22,6.4417219161987305
2002-11-25,6.46336555480957
2002-11-26,6.334228992462158
2002-11-27,6.500157833099365
2002-11-29,6.4922261238098145
2002-12-02,6.496552467346191
2002-12-03,6.410700798034668
2002-12-04,6.372463226318359
2002-12-05,6.3371148109436035
2002-12-06,6.3436055183410645
2002-12-09,6.20797872543335
2002-12-10,6.301041603088379
2002-12-11,6.316193580627441
2002-12-12,6.348657131195068
2002-12-13,6.239720344543457
2002-12-16,6.361412525177002
2002-12-17,6.301433086395264
2002-12-18,6.216165065765381
2002-12-19,6.1923136711120605
2002-12-20,6.245790481567383
2002-12-23,6.2855377197265625
2002-12-24,6.268190860748291
2002-12-26,6.252293586730957
2002-12-27,6.180753231048584
2002-12-30,6.164856910705566
2002-12-31,6.223390102386475
2003-01-02,6.389595985412598
2003-01-03,6.358521938323975
2003-01-06,6.460414886474609
2003-01-07,6.404048919677734
2003-01-08,6.310827732086182
2003-01-09,6.3982696533203125
2003-01-10,6.413443088531494
2003-01-13,6.39538049697876
2003-01-14,6.365026473999023
2003-01-15,6.359246253967285
2003-01-16,6.352019786834717
2003-01-17,6.253738880157471
2003-01-21,6.161963939666748
2003-01-22,6.133782386779785
2003-01-23,6.16774320602417
2003-01-24,6.0369462966918945
2003-01-27,5.9473395347595215
2003-01-28,5.983470916748047
2003-01-29,6.0239410400390625
2003-01-30,5.943728446960449
2003-01-31,6.021047592163086
2003-02-03,6.019602298736572
2003-02-04,5.977692127227783
2003-02-05,5.970462322235107
2003-02-06,5.900367259979248
2003-02-07,5.842557430267334
2003-02-10,5.851227283477783
2003-02-11,5.849782943725586
2003-02-12,5.742832660675049
2003-02-13,5.713929176330566
2003-02-14,5.764510631561279
2003-02-18,5.914821147918701
2003-02-19,5.867128372192383
2003-02-20,5.849782943725586
2003-02-21,5.939389705657959
2003-02-24,5.835331916809082
2003-02-25,5.877964973449707
2003-02-26,5.820877552032471
2003-02-27,5.877964973449707
2003-02-28,5.885190963745117
2003-03-03,5.865678787231445
2003-03-04,5.7876362800598145
2003-03-05,5.782574653625488
2003-03-06,5.734883785247803
2003-03-07,5.786914348602295
2003-03-10,5.660505771636963
2003-03-11,5.578648567199707
2003-03-12,5.595308780670166
2003-03-13,5.761919021606445
2003-03-14,5.765542984008789
2003-03-17,5.92201566696167
2003-03-18,5.972723960876465
2003-03-19,5.9748969078063965
2003-03-20,6.037196159362793
2003-03-21,6.119051933288574
2003-03-24,5.957510948181152
2003-03-25,6.027777671813965
2003-03-26,6.003873825073242
2003-03-27,6.012566566467285
2003-03-28,6.010393142700195
2003-03-31,5.944471836090088
2003-04-01,5.975620746612549
2003-04-02,6.103118419647217
2003-04-03,6.062551498413086
2003-04-04,6.053857803344727
2003-04-07,6.040090560913086
2003-04-08,6.003873825073242
2003-04-09,5.964029788970947
2003-04-10,5.970547676086426
2003-04-11,5.970547676086426
2003-04-14,6.075588226318359
2003-04-15,6.108911514282227
2003-04-16,6.044439315795898
2003-04-17,6.114706993103027
2003-04-21,6.151650905609131
2003-04-22,6.258866786956787
2003-04-23,6.3305792808532715
2003-04-24,6.284940719604492
2003-04-25,6.218297004699707
2003-04-28,6.307398319244385
2003-04-29,6.339273452758789
2003-04-30,6.353761672973633
2003-05-01,6.357382297515869
2003-05-02,6.455178737640381
2003-05-05,6.471837043762207
2003-05-06,6.523996353149414
2003-05-07,6.508057117462158
2003-05-08,6.461697578430176
2003-05-09,6.529791355133057
2003-05-12,6.60658073425293
2003-05-13,6.602953910827637
2003-05-14,6.59426212310791
2003-05-15,6.626861572265625
2003-05-16,6.59426212310791
2003-05-19,6.447934150695801
2003-05-20,6.449382781982422
2003-05-21,6.497915267944336
2003-05-22,6.566013813018799
2003-05-23,6.608750820159912
2003-05-27,6.723934173583984
2003-05-28,6.744942665100098
2003-05-29,6.722485065460205
2003-05-30,6.881847858428955
2003-06-02,6.920970439910889
2003-06-03,6.905033111572266
2003-06-04,7.026732444763184
2003-06-05,7.066579341888428
2003-06-06,7.01948881149292
2003-06-09,6.910830020904541
2003-06-10,6.989789962768555
2003-06-11,7.083234786987305
2003-06-12,7.102794170379639
2003-06-13,7.027457237243652
2003-06-16,7.143995761871338
2003-06-17,7.149801731109619
2003-06-18,7.125115871429443
2003-06-19,7.046699523925781
2003-06-20,7.040890216827393
2003-06-23,6.929797172546387
2003-06-24,6.939964294433594
2003-06-25,6.946497917175293
2003-06-26,7.022735118865967
2003-06-27,7.006763458251953
2003-06-30,6.970458030700684
2003-07-01,7.0183796882629395
2003-07-02,7.0938920974731445
2003-07-03,7.097524642944336
2003-07-07,7.202805995941162
2003-07-08,7.271060466766357
2003-07-09,7.287760257720947
2003-07-10,7.164327144622803
2003-07-11,7.214425563812256
2003-07-14,7.304464340209961
2003-07-15,7.294293403625488
2003-07-16,7.244194507598877
2003-07-17,7.090267181396484
2003-07-18,7.186110496520996
2003-07-21,7.09970235824585
2003-07-22,7.158516883850098
2003-07-23,7.159242153167725
2003-07-24,7.112773895263672
2003-07-25,7.170132637023926
2003-07-28,7.234030246734619
2003-07-29,7.220235347747803
2003-07-30,7.210068702697754
2003-07-31,7.224591255187988
2003-08-01,7.165777683258057
2003-08-04,7.147624492645264
2003-08-05,7.006763458251953
2003-08-06,6.998051643371582
2003-08-07,7.024184703826904
2003-08-08,7.045977592468262
2003-08-11,7.085184097290039
2003-08-12,7.181023120880127
2003-08-13,7.166502952575684
2003-08-14,7.192644119262695
2003-08-15,7.25363302230835
2003-08-18,7.333505153656006
2003-08-19,7.387960433959961
2003-08-20,7.377067565917969
2003-08-21,7.485257625579834
2003-08-22,7.392317771911621
2003-08-25,7.364728927612305
2003-08-26,7.379972457885742
2003-08-27,7.399575710296631
2003-08-28,7.499777793884277
2003-08-29,7.551333904266357
2003-09-02,7.639191627502441
2003-09-03,7.657336711883545
2003-09-04,7.666053295135498
2003-09-05,7.6203083992004395
2003-09-08,7.696544647216797
2003-09-09,7.658066749572754
2003-09-10,7.521559238433838
2003-09-11,7.552783012390137
2003-09-12,7.578927993774414
2003-09-15,7.574192047119141
2003-09-16,7.668803691864014
2003-09-17,7.657165050506592
2003-09-18,7.737219333648682
2003-09-19,7.707379341125488
2003-09-22,7.672445774078369
2003-09-23,7.695736408233643
2003-09-24,7.593838214874268
2003-09-25,7.4715752601623535
2003-09-26,7.4228129386901855
2003-09-29,7.5014119148254395
2003-09-30,7.427905082702637
2003-10-01,7.6047587394714355
2003-10-02,7.6396942138671875
2003-10-03,7.74959135055542
2003-10-06,7.767785549163818
2003-10-07,7.809272766113281
2003-10-08,7.809272766113281
2003-10-09,7.80708646774292
2003-10-10,7.84566068649292
2003-10-13,7.9213547706604
2003-10-14,7.949734210968018
2003-10-15,7.877681255340576
2003-10-16,7.91843843460083
2003-10-17,7.801990985870361
2003-10-20,7.859488487243652
2003-10-21,7.878411293029785
2003-10-22,7.780160427093506
2003-10-23,7.758327007293701
2003-10-24,7.777245998382568
2003-10-27,7.826013565063477
2003-10-28,7.961379051208496
2003-10-29,7.994860649108887
2003-10-30,7.973029136657715
2003-10-31,8.013053894042969
2003-11-03,8.078557968139648
2003-11-04,8.087289810180664
2003-11-05,8.113487243652344
2003-11-06,8.176081657409668
2003-11-07,8.166614532470703
2003-11-10,8.077826499938965
2003-11-11,8.05963134765625
2003-11-12,8.202284812927246
2003-11-13,8.221202850341797
2003-11-14,8.107669830322266
2003-11-17,8.043622016906738
2003-11-18,7.958470344543457
2003-11-19,8.03052043914795
2003-11-20,7.973029136657715
2003-11-21,8.022512435913086
2003-11-24,8.168076515197754
2003-11-25,8.223388671875
2003-11-26,8.256871223449707
2003-11-28,8.27651596069336
2003-12-01,8.402425765991211
2003-12-02,8.392236709594727
2003-12-03,8.310718536376953
2003-12-04,8.286704063415527
2003-12-05,8.216106414794922
2003-12-08,8.272151947021484
2003-12-09,8.151336669921875
2003-12-10,8.104757308959961
2003-12-11,8.243766784667969
2003-12-12,8.26705551147461
2003-12-15,8.160380363464355
2003-12-16,8.182528495788574
2003-12-17,8.202266693115234
2003-12-18,8.311910629272461
2003-12-19,8.297290802001953
2003-12-22,8.35796070098877
2003-12-23,8.358692169189453
2003-12-24,8.376969337463379
2003-12-26,8.390863418579102
2003-12-29,8.493202209472656
2003-12-30,8.482233047485352
2003-12-31,8.414007186889648
2004-01-02,8.43593978881836
2004-01-05,8.50614070892334
2004-01-06,8.522226333618164
2004-01-07,8.563183784484863
2004-01-08,8.565375328063965
2004-01-09,8.563183784484863
2004-01-12,8.621682167053223
2004-01-13,8.561715126037598
2004-01-14,8.628994941711426
2004-01-15,8.654594421386719
2004-01-16,8.703584671020508
2004-01-20,8.781831741333008
2004-01-21,8.778902053833008
2004-01-22,8.77086067199707
2004-01-23,8.768667221069336
2004-01-26,8.833749771118164
2004-01-27,8.75403881072998
2004-01-28,8.643622398376465
2004-01-29,8.596088409423828
2004-01-30,8.58804702758789
2004-02-02,8.613640785217285
2004-02-03,8.620944023132324
2004-02-04,8.501753807067871
2004-02-05,8.542702674865723
2004-02-06,8.713089942932129
2004-02-09,8.740880012512207
2004-02-10,8.797192573547363
2004-02-11,8.8783597946167
2004-02-12,8.86957836151123
2004-02-13,8.827903747558594
2004-02-17,8.913457870483398
2004-02-18,8.884208679199219
2004-02-19,8.767938613891602
2004-02-20,8.737221717834473
2004-02-23,8.650202751159668
2004-02-24,8.646549224853516
2004-02-25,8.695540428161621
2004-02-26,8.773053169250488
2004-02-27,8.808886528015137
2004-03-01,8.960262298583984
2004-03-02,8.928815841674805
2004-03-03,8.91638469696045
2004-03-04,8.974885940551758
2004-03-05,9.03119945526123
2004-03-08,8.921500205993652
2004-03-09,8.884208679199219
2004-03-10,8.691153526306152
2004-03-11,8.610713005065918
2004-03-12,8.759160995483398
2004-03-15,8.618025779724121
2004-03-16,8.627534866333008
2004-03-17,8.744536399841309
2004-03-18,8.705779075622559
2004-03-19,8.603403091430664
2004-03-22,8.490053176879883
2004-03-23,8.519305229187012
2004-03-24,8.492244720458984
2004-03-25,8.634840965270996
2004-03-26,8.64727783203125
2004-03-29,8.775074005126953
2004-03-30,8.800721168518066
2004-03-31,8.863011360168457
2004-04-01,8.916498184204102
2004-04-02,8.976591110229492
2004-04-05,9.04840087890625
2004-04-06,8.997106552124023
2004-04-07,9.002972602844238
2004-04-08,8.963400840759277
2004-04-12,8.982450485229492
2004-04-13,8.828566551208496
2004-04-14,8.779473304748535
2004-04-15,8.778005599975586
2004-04-16,8.825637817382812
2004-04-19,8.834429740905762
2004-04-20,8.705455780029297
2004-04-21,8.801457405090332
2004-04-22,8.94361686706543
2004-04-23,8.93115520477295
2004-04-26,8.905508041381836
2004-04-27,8.897451400756836
2004-04-28,8.757486343383789
2004-04-29,8.63730525970459
2004-04-30,8.544978141784668
2004-05-03,8.621923446655273
2004-05-04,8.65416145324707
2004-05-05,8.709859848022461
2004-05-06,8.604336738586426
2004-05-07,8.396958351135254
2004-05-10,8.28117561340332
2004-05-11,8.375707626342773
2004-05-12,8.357385635375977
2004-05-13,8.37863826751709
2004-05-14,8.344931602478027
2004-05-17,8.243804931640625
2004-05-18,8.307557106018066
2004-05-19,8.287040710449219
2004-05-20,8.298028945922852
2004-05-21,8.352255821228027
2004-05-24,8.437261581420898
2004-05-25,8.601401329040527
2004-05-26,8.64024543762207
2004-05-27,8.687871932983398
2004-05-28,8.736971855163574
2004-06-01,8.792658805847168
2004-06-02,8.761883735656738
2004-06-03,8.628517150878906
2004-06-04,8.715716361999512
2004-06-07,8.85201644897461
2004-06-08,8.840290069580078
2004-06-09,8.715716361999512
2004-06-10,8.749422073364258
2004-06-14,8.64024543762207
2004-06-15,8.754555702209473
2004-06-16,8.751626968383789
2004-06-17,8.751626968383789
2004-06-18,8.717917442321777
2004-06-21,8.731104850769043
2004-06-22,8.77140998840332
2004-06-23,8.867400169372559
2004-06-24,8.838094711303711
2004-06-25,8.855685234069824
2004-06-28,8.81814956665039
2004-06-29,8.853399276733398
2004-06-30,8.93126106262207
2004-07-01,8.81594181060791
2004-07-02,8.810070991516113
2004-07-06,8.686677932739258
2004-07-07,8.710914611816406
2004-07-08,8.601476669311523
2004-07-09,8.652892112731934
2004-07-12,8.615425109863281
2004-07-13,8.625709533691406
2004-07-14,8.604413986206055
2004-07-15,8.61837100982666
2004-07-16,8.575039863586426
2004-07-19,8.595602989196777
2004-07-20,8.69549560546875
2004-07-21,8.500855445861816
2004-07-22,8.512604713439941
2004-07-23,8.400964736938477
2004-07-26,8.317967414855957
2004-07-27,8.436957359313965
2004-07-28,8.41565227508545
2004-07-29,8.519956588745117
2004-07-30,8.508197784423828
2004-08-02,8.50967025756836
2004-08-03,8.413447380065918
2004-08-04,8.406841278076172
2004-08-05,8.234241485595703
2004-08-06,8.113049507141113
2004-08-09,8.140959739685059
2004-08-10,8.249661445617676
2004-08-11,8.210736274719238
2004-08-12,8.079262733459473
2004-08-13,8.099831581115723
2004-08-16,8.216608047485352
2004-08-17,8.267290115356445
2004-08-18,8.390679359436035
2004-08-19,8.333393096923828
2004-08-20,8.424468040466309
2004-08-23,8.391416549682617
2004-08-24,8.402432441711426
2004-08-25,8.48763370513916
2004-08-26,8.475879669189453
2004-08-27,8.512604713439941
2004-08-30,8.41785717010498
2004-08-31,8.512604713439941
2004-09-01,8.553735733032227
2004-09-02,8.641871452331543
2004-09-03,8.602949142456055
2004-09-07,8.665382385253906
2004-09-08,8.588991165161133
2004-09-09,8.627182006835938
2004-09-10,8.680802345275879
2004-09-13,8.721193313598633
2004-09-14,8.712385177612305
2004-09-15,8.664641380310059
2004-09-16,8.724139213562012
2004-09-17,8.710914611816406
2004-09-20,8.681537628173828
2004-09-21,8.749109268188477
2004-09-22,8.644816398620605
2004-09-23,8.636730194091797
2004-09-24,8.660238265991211
2004-09-27,8.613855361938477
2004-09-28,8.657288551330566
2004-09-29,8.676436424255371
2004-09-30,8.74931526184082
2004-10-01,8.859015464782715
2004-10-04,8.898035049438477
2004-10-05,8.869318962097168
2004-10-06,8.92527961730957
2004-10-07,8.830304145812988
2004-10-08,8.756681442260742
2004-10-11,8.75815200805664
2004-10-12,8.72060775756836
2004-10-13,8.639619827270508
2004-10-14,8.60943603515625
2004-10-15,8.62563419342041
2004-10-18,8.674222946166992
2004-10-19,8.612380981445312
2004-10-20,8.643304824829102
2004-10-21,8.724286079406738
2004-10-22,8.64698314666748
2004-10-25,8.679376602172852
2004-10-26,8.771408081054688
2004-10-27,8.867851257324219
2004-10-28,8.847970008850098
2004-10-29,8.86711597442627
2004-11-01,8.882577896118164
2004-11-02,8.874473571777344
2004-11-03,8.990068435668945
2004-11-04,9.118169784545898
2004-11-05,9.151297569274902
2004-11-08,9.128477096557617
2004-11-09,9.14099407196045
2004-11-10,9.157917976379395
2004-11-11,9.249951362609863
2004-11-12,9.350081443786621
2004-11-15,9.361124038696289
2004-11-16,9.31621265411377
2004-11-17,9.350081443786621
2004-11-18,9.35376262664795
2004-11-19,9.247739791870117
2004-11-22,9.32431411743164
2004-11-23,9.359650611877441
2004-11-24,9.440640449523926
2004-11-26,9.442842483520508
2004-11-29,9.394250869750977
2004-11-30,9.401619911193848
2004-12-01,9.501006126403809
2004-12-02,9.490701675415039
2004-12-03,9.531929016113281
2004-12-06,9.46640682220459
2004-12-07,9.361858367919922
2004-12-08,9.414131164550781
2004-12-09,9.450204849243164
2004-12-10,9.475235939025879
2004-12-13,9.535609245300293
2004-12-14,9.619536399841309
2004-12-15,9.679908752441406
2004-12-16,9.626163482666016
2004-12-17,9.611440658569336
2004-12-20,9.581992149353027
2004-12-21,9.679171562194824
2004-12-22,9.71893310546875
2004-12-23,9.731449127197266
2004-12-27,9.653641700744629
2004-12-28,9.780606269836426
2004-12-29,9.802748680114746
2004-12-30,9.779870986938477
2004-12-31,9.767319679260254
2005-01-03,9.632976531982422
2005-01-04,9.476485252380371
2005-01-05,9.381996154785156
2005-01-06,9.424818992614746
2005-01-07,9.387907981872559
2005-01-10,9.428506851196289
2005-01-11,9.356905937194824
2005-01-12,9.386432647705078
2005-01-13,9.378311157226562
2005-01-14,9.441055297851562
2005-01-18,9.544394493103027
2005-01-19,9.466150283813477
2005-01-20,9.40340805053711
2005-01-21,9.3687162399292
2005-01-24,9.309660911560059
2005-01-25,9.32295036315918
2005-01-26,9.433671951293945
2005-01-27,9.44548511505127
2005-01-28,9.411530494689941
2005-01-31,9.539227485656738
2005-02-01,9.618948936462402
2005-02-02,9.660284996032715
2005-02-03,9.650693893432617
2005-02-04,9.773225784301758
2005-02-07,9.76953125
2005-02-08,9.787247657775879
2005-02-09,9.666191101074219
2005-02-10,9.70162296295166
2005-02-11,9.795374870300293
2005-02-14,9.802748680114746
2005-02-15,9.83375358581543
2005-02-16,9.841876983642578
2005-02-17,9.786515235900879
2005-02-18,9.782821655273438
2005-02-22,9.625595092773438
2005-02-23,9.674311637878418
2005-02-24,9.790203094482422
2005-02-25,9.911999702453613
2005-02-28,9.855162620544434
2005-03-01,9.954075813293457
2005-03-02,9.93709659576416
2005-03-03,9.940046310424805
2005-03-04,10.055198669433594
2005-03-07,10.093585014343262
2005-03-08,10.024200439453125
2005-03-09,9.898715019226074
2005-03-10,9.898715019226074
2005-03-11,9.898715019226074
2005-03-14,9.971792221069336
2005-03-15,9.915684700012207
2005-03-16,9.846305847167969
2005-03-17,9.854424476623535
2005-03-18,9.758465766906738
2005-03-21,9.798321723937988
2005-03-22,9.743697166442871
2005-03-23,9.65512466430664
2005-03-24,9.702362060546875
2005-03-28,9.729472160339355
2005-03-29,9.598362922668457
2005-03-30,9.70725154876709
2005-03-31,9.739099502563477
2005-04-01,9.725028991699219
2005-04-04,9.740585327148438
2005-04-05,9.771697998046875
2005-04-06,9.780583381652832
2005-04-07,9.812435150146484
2005-04-08,9.70725154876709
2005-04-11,9.666510581970215
2005-04-12,9.72206974029541
2005-04-13,9.602067947387695
2005-04-14,9.408737182617188
2005-04-15,9.28503704071045
2005-04-18,9.34058952331543
2005-04-19,9.465031623840332
2005-04-20,9.318368911743164
2005-04-21,9.477628707885742
2005-04-22,9.40651798248291
2005-04-25,9.519109725952148
2005-04-26,9.41466236114502
2005-04-27,9.426511764526367
2005-04-28,9.302809715270996
2005-04-29,9.388740539550781
2005-05-02,9.440587043762207
2005-05-03,9.436882019042969
2005-05-04,9.533918380737305
2005-05-05,9.566513061523438
2005-05-06,9.594660758972168
2005-05-09,9.640584945678711
2005-05-10,9.5842924118042
2005-05-11,9.608735084533691
2005-05-12,9.475404739379883
2005-05-13,9.455406188964844
2005-05-16,9.539844512939453
2005-05-17,9.633180618286133
2005-05-18,9.804288864135742
2005-05-19,9.819103240966797
2005-05-20,9.83687686920166
2005-05-23,9.91094970703125
2005-05-24,9.881321907043457
2005-05-25,9.818363189697266
2005-05-26,9.903544425964355
2005-05-27,9.94428539276123
2005-05-31,9.925765991210938
2005-06-01,10.013911247253418
2005-06-02,10.045023918151855
2005-06-03,10.010953903198242
2005-06-06,10.042060852050781
2005-06-07,10.050950050354004
2005-06-08,9.99984073638916
2005-06-09,10.081317901611328
2005-06-10,10.096135139465332
2005-06-13,10.106501579284668
2005-06-14,10.177613258361816
2005-06-15,10.19835376739502
2005-06-16,10.288724899291992
2005-06-17,10.288724899291992
2005-06-20,10.248725891113281
2005-06-21,10.267281532287598
2005-06-22,10.274706840515137
2005-06-23,10.145532608032227
2005-06-24,10.037142753601074
2005-06-27,10.080201148986816
2005-06-28,10.21382999420166
2005-06-29,10.236101150512695
2005-06-30,10.170774459838867
2005-07-01,10.261348724365234
2005-07-05,10.360822677612305
2005-07-06,10.276195526123047
2005-07-07,10.341525077819824
2005-07-08,10.438035011291504
2005-07-11,10.555330276489258
2005-07-12,10.55681324005127
2005-07-13,10.539002418518066
2005-07-14,10.478124618530273
2005-07-15,10.513757705688477
2005-07-18,10.509305953979492
2005-07-19,10.596904754638672
2005-07-20,10.648871421813965
2005-07-21,10.56275749206543
2005-07-22,10.623631477355957
2005-07-25,10.616209030151367
2005-07-26,10.616209030151367
2005-07-27,10.666692733764648
2005-07-28,10.721628189086914
2005-07-29,10.729048728942871
2005-08-01,10.71420669555664
2005-08-02,10.78101921081543
2005-08-03,10.730537414550781
2005-08-04,10.660751342773438
2005-08-05,10.540487289428711
2005-08-08,10.488516807556152
2005-08-09,10.547914505004883
2005-08-10,10.539002418518066
2005-08-11,10.620665550231934
2005-08-12,10.58354663848877
2005-08-15,10.625116348266602
2005-08-16,10.460310935974121
2005-08-17,10.4573335647583
2005-08-18,10.426156044006348
2005-08-19,10.482577323913574
2005-08-22,10.507819175720215
2005-08-23,10.495939254760742
2005-08-24,10.451396942138672
2005-08-25,10.5122709274292
2005-08-26,10.40685749053955
2005-08-29,10.46178913116455
2005-08-30,10.403884887695312
2005-08-31,10.625116348266602
2005-09-01,10.574637413024902
2005-09-02,10.546420097351074
2005-09-06,10.660751342773438
2005-09-07,10.708263397216797
2005-09-08,10.635512351989746
2005-09-09,10.740930557250977
2005-09-12,10.74538516998291
2005-09-13,10.66966438293457
2005-09-14,10.6072998046875
2005-09-15,10.625116348266602
2005-09-16,10.654813766479492
2005-09-19,10.598393440246582
2005-09-20,10.504854202270508
2005-09-21,10.353403091430664
2005-09-22,10.393488883972168
2005-09-23,10.451396942138672
2005-09-26,10.4921875
2005-09-27,10.490699768066406
2005-09-28,10.49814224243164
2005-09-29,10.599370956420898
2005-09-30,10.691671371459961
2005-10-03,10.751221656799316
2005-10-04,10.597885131835938
2005-10-05,10.386490821838379
2005-10-06,10.279308319091797
2005-10-07,10.315034866333008
2005-10-10,10.255485534667969
2005-10-11,10.170628547668457
2005-10-12,10.05600357055664
2005-10-13,9.975617408752441
2005-10-14,10.139372825622559
2005-10-17,10.212316513061523
2005-10-18,10.072379112243652
2005-10-19,10.21976089477539
2005-10-20,10.088752746582031
2005-10-21,10.163189888000488
2005-10-24,10.368626594543457
2005-10-25,10.349272727966309
2005-10-26,10.295685768127441
2005-10-27,10.111084938049316
2005-10-28,10.279308319091797
2005-10-31,10.36415958404541
2005-11-01,10.46390151977539
2005-11-02,10.602350234985352
2005-11-03,10.673805236816406
2005-11-04,10.667855262756348
2005-11-07,10.6410551071167
2005-11-08,10.632121086120605
2005-11-09,10.63658618927002
2005-11-10,10.696131706237793
2005-11-11,10.746748924255371
2005-11-14,10.773548126220703
2005-11-15,10.676782608032227
2005-11-16,10.718462944030762
2005-11-17,10.824159622192383
2005-11-18,10.882222175598145
2005-11-21,10.9760103225708
2005-11-22,11.02364730834961
2005-11-23,11.071280479431152
2005-11-25,11.071280479431152
2005-11-28,10.910507202148438
2005-11-29,10.953675270080566
2005-11-30,10.955164909362793
2005-12-01,11.105524063110352
2005-12-02,11.135295867919922
2005-12-05,11.08169937133789
2005-12-06,11.068306922912598
2005-12-07,11.029595375061035
2005-12-08,11.05639362335205
2005-12-09,11.112961769104004
2005-12-12,11.127852439880371
2005-12-13,11.154648780822754
2005-12-14,11.185908317565918
2005-12-15,11.1367826461792
2005-12-16,11.060860633850098
2005-12-19,10.964092254638672
2005-12-20,10.998342514038086
2005-12-21,11.066819190979004
2005-12-22,11.14571475982666
2005-12-23,11.181120872497559
2005-12-27,11.06010913848877
2005-12-28,11.118376731872559
2005-12-29,11.06010913848877
2005-12-30,11.025750160217285
2006-01-03,11.19607162475586
2006-01-04,11.26628303527832
2006-01-05,11.282718658447266
2006-01-06,11.403731346130371
2006-01-09,11.461999893188477
2006-01-10,11.515783309936523
2006-01-11,11.538192749023438
2006-01-12,11.459006309509277
2006-01-13,11.450043678283691
2006-01-17,11.40821361541748
2006-01-18,11.393274307250977
2006-01-19,11.506814002990723
2006-01-20,11.330520629882812
2006-01-23,11.367878913879395
2006-01-24,11.457515716552734
2006-01-25,11.418668746948242
2006-01-26,11.518768310546875
2006-01-27,11.606915473937988
2006-01-30,11.602433204650879
2006-01-31,11.626340866088867
2006-02-01,11.699543952941895
2006-02-02,11.574048042297363
2006-02-03,11.548652648925781
2006-02-06,11.614386558532715
2006-02-07,11.444067001342773
2006-02-08,11.494863510131836
2006-02-09,11.447056770324707
2006-02-10,11.450043678283691
2006-02-13,11.378332138061523
2006-02-14,11.457515716552734
2006-02-15,11.511300086975098
2006-02-16,11.611398696899414
2006-02-17,11.591972351074219
2006-02-21,11.563584327697754
2006-02-22,11.660697937011719
2006-02-23,11.644266128540039
2006-02-24,11.701035499572754
2006-02-27,11.69057846069336
2006-02-28,11.580021858215332
2006-03-01,11.745858192443848
2006-03-02,11.727928161621094
2006-03-03,11.645757675170898
2006-03-06,11.553130149841309
2006-03-07,11.418668746948242
2006-03-08,11.456021308898926
2006-03-09,11.37684154510498
2006-03-10,11.47842788696289
2006-03-13,11.533708572387695
2006-03-14,11.653231620788574
2006-03-15,11.727928161621094
2006-03-16,11.704018592834473
2006-03-17,11.733905792236328
2006-03-20,11.71298885345459
2006-03-21,11.617371559143066
2006-03-22,11.675638198852539
2006-03-23,11.732415199279785
2006-03-24,11.79067611694336
2006-03-27,11.774500846862793
2006-03-28,11.731061935424805
2006-03-29,11.855384826660156
2006-03-30,11.867366790771484
2006-03-31,11.87485408782959
2006-04-03,11.86137866973877
2006-04-04,11.882343292236328
2006-04-05,11.973711013793945
2006-04-06,11.984197616577148
2006-04-07,11.864372253417969
2006-04-10,11.831418991088867
2006-04-11,11.711592674255371
2006-04-12,11.767007827758789
2006-04-13,11.74005126953125
2006-04-17,11.752032279968262
2006-04-18,12.02314281463623
2006-04-19,12.096536636352539
2006-04-20,12.13847541809082
2006-04-21,12.108521461486816
2006-04-24,12.047107696533203
2006-04-25,12.051602363586426
2006-04-26,11.985695838928223
2006-04-27,11.958742141723633
2006-04-28,12.048604011535645
2006-05-01,11.982698440551758
2006-05-02,12.077062606811523
2006-05-03,12.03962230682373
2006-05-04,12.124999046325684
2006-05-05,12.23283863067627
2006-05-08,12.24931526184082
2006-05-09,12.22984504699707
2006-05-10,12.216361999511719
2006-05-11,12.077062606811523
2006-05-12,11.84040641784668
2006-05-15,11.752032279968262
2006-05-16,11.744542121887207
2006-05-17,11.497395515441895
2006-05-18,11.425503730773926
2006-05-19,11.464448928833008
2006-05-22,11.323649406433105
2006-05-23,11.233781814575195
2006-05-24,11.289203643798828
2006-05-25,11.427002906799316
2006-05-26,11.486917495727539
2006-05-30,11.299691200256348
2006-05-31,11.503392219543457
2006-06-01,11.663662910461426
2006-06-02,11.722076416015625
2006-06-05,11.456960678100586
2006-06-06,11.370080947875977
2006-06-07,11.260741233825684
2006-06-08,11.19483757019043
2006-06-09,11.179856300354004
2006-06-12,10.914749145507812
2006-06-13,10.708038330078125
2006-06-14,10.806900978088379
2006-06-15,11.167878150939941
2006-06-16,11.081003189086914
2006-06-19,10.922229766845703
2006-06-20,10.910249710083008
2006-06-21,11.083995819091797
2006-06-22,11.037568092346191
2006-06-23,11.109781265258789
2006-06-26,11.160724639892578
2006-06-27,11.054339408874512
2006-06-28,11.09030818939209
2006-06-29,11.40644359588623
2006-06-30,11.4468994140625
2006-07-03,11.536798477172852
2006-07-05,11.348011016845703
2006-07-06,11.407941818237305
2006-07-07,11.292574882507324
2006-07-10,11.265602111816406
2006-07-11,11.300064086914062
2006-07-12,11.195184707641602
2006-07-13,10.967440605163574
2006-07-14,10.880545616149902
2006-07-17,10.816118240356445
2006-07-18,10.822113037109375
2006-07-19,11.072321891784668
2006-07-20,10.807130813598633
2006-07-21,10.673784255981445
2006-07-24,10.937480926513672
2006-07-25,11.033369064331055
2006-07-26,11.028873443603516
2006-07-27,10.92249584197998
2006-07-28,11.099295616149902
2006-07-31,11.097798347473145
2006-08-01,11.036372184753418
2006-08-02,11.14724063873291
2006-08-03,11.195184707641602
2006-08-04,11.14724063873291
2006-08-07,11.060338973999023
2006-08-08,10.964446067810059
2006-08-09,10.886537551879883
2006-08-10,10.959954261779785
2006-08-11,10.87755298614502
2006-08-14,10.883543014526367
2006-08-15,11.084312438964844
2006-08-16,11.235638618469238
2006-08-17,11.220654487609863
2006-08-18,11.253616333007812
2006-08-21,11.159225463867188
2006-08-22,11.180196762084961
2006-08-23,11.081315040588379
2006-08-24,11.034869194030762
2006-08-25,11.019883155822754
2006-08-28,11.130759239196777
2006-08-29,11.171215057373047
2006-08-30,11.211664199829102
2006-08-31,11.23414134979248
2006-09-01,11.306059837341309
2006-09-05,11.342018127441406
2006-09-06,11.166716575622559
2006-09-07,11.093301773071289
2006-09-08,11.091805458068848
2006-09-11,11.093301773071289
2006-09-12,11.268601417541504
2006-09-13,11.367484092712402
2006-09-14,11.301563262939453
2006-09-15,11.262601852416992
2006-09-18,11.30306339263916
2006-09-19,11.23414134979248
2006-09-20,11.315042495727539
2006-09-21,11.232641220092773
2006-09-22,11.145740509033203
2006-09-25,11.2641019821167
2006-09-26,11.345015525817871
2006-09-27,11.419547080993652
2006-09-28,11.392502784729004
2006-09-29,11.33690071105957
2006-10-02,11.240721702575684
2006-10-03,11.227195739746094
2006-10-04,11.404524803161621
2006-10-05,11.541274070739746
2006-10-06,11.464632034301758
2006-10-09,11.542778968811035
2006-10-10,11.590866088867188
2006-10-11,11.559308052062988
2006-10-12,11.727615356445312
2006-10-13,11.813277244567871
2006-10-16,11.874889373779297
2006-10-17,11.769693374633789
2006-10-18,11.759178161621094
2006-10-19,11.811773300170898
2006-10-20,11.703573226928711
2006-10-23,11.766690254211426
2006-10-24,11.811773300170898
2006-10-25,11.873384475708008
2006-10-26,11.941011428833008
2006-10-27,11.816283226013184
2006-10-30,11.84032917022705
2006-10-31,11.819289207458496
2006-11-01,11.626931190490723
2006-11-02,11.623929023742676
2006-11-03,11.66600227355957
2006-11-06,11.777203559875488
2006-11-07,11.829806327819824
2006-11-08,11.9034423828125
2006-11-09,11.84483528137207
2006-11-10,11.909453392028809
2006-11-13,11.922980308532715
2006-11-14,12.049205780029297
2006-11-15,12.118339538574219
2006-11-16,12.131865501403809
2006-11-17,12.118339538574219
2006-11-20,12.134868621826172
2006-11-21,12.143882751464844
2006-11-22,12.217522621154785
2006-11-24,12.185964584350586
2006-11-27,11.956040382385254
2006-11-28,11.995113372802734
2006-11-29,12.139378547668457
2006-11-30,12.179951667785645
2006-12-01,12.161921501159668
2006-12-04,12.289656639099121
2006-12-05,12.32571792602539
2006-12-06,12.32421588897705
2006-12-07,12.27914047241211
2006-12-08,12.25058364868164
2006-12-11,12.271623611450195
2006-12-12,12.182954788208008
2006-12-13,12.225034713745117
2006-12-14,12.30318546295166
2006-12-15,12.255087852478027
2006-12-18,12.15591049194336
2006-12-19,12.148396492004395
2006-12-20,12.181452751159668
2006-12-21,12.129571914672852
2006-12-22,12.060189247131348
2006-12-26,12.12806224822998
2006-12-27,12.218558311462402
2006-12-28,12.18839168548584
2006-12-29,12.091862678527832
2007-01-03,12.17180347442627
2007-01-04,12.158228874206543
2007-01-05,12.020976066589355
2007-01-08,12.04208755493164
2007-01-09,12.094878196716309
2007-01-10,12.162749290466309
2007-01-11,12.263811111450195
2007-01-12,12.385979652404785
2007-01-16,12.328661918640137
2007-01-17,12.340730667114258
2007-01-18,12.212526321411133
2007-01-19,12.292463302612305
2007-01-22,12.253251075744629
2007-01-23,12.31810188293457
2007-01-24,12.440277099609375
2007-01-25,12.313578605651855
2007-01-26,12.337712287902832
2007-01-29,12.396535873413086
2007-01-30,12.441784858703613
2007-01-31,12.542839050292969
2007-02-01,12.651435852050781
2007-02-02,12.684618949890137
2007-02-05,12.701208114624023
2007-02-06,12.773603439331055
2007-02-07,12.811311721801758
2007-02-08,12.814330101013184
2007-02-09,12.764557838439941
2007-02-12,12.711764335632324
2007-02-13,12.820357322692871
2007-02-14,12.891251564025879
2007-02-15,12.92594051361084
2007-02-16,12.928955078125
2007-02-20,13.0179443359375
2007-02-21,13.061685562133789
2007-02-22,13.091854095458984
2007-02-23,13.072244644165039
2007-02-26,13.043587684631348
2007-02-27,12.551888465881348
2007-02-28,12.652939796447754
2007-03-01,12.612217903137207
2007-03-02,12.395027160644531
2007-03-05,12.125044822692871
2007-03-06,12.388997077941895
2007-03-07,12.426702499389648
2007-03-08,12.550374031066895
2007-03-09,12.585071563720703
2007-03-12,12.601662635803223
2007-03-13,12.373909950256348
2007-03-14,12.413128852844238
2007-03-15,12.496082305908203
2007-03-16,12.426702499389648
2007-03-19,12.559432983398438
2007-03-20,12.665006637573242
2007-03-21,12.844497680664062
2007-03-22,12.897283554077148
2007-03-23,12.915383338928223
2007-03-26,12.882038116455078
2007-03-27,12.866889953613281
2007-03-28,12.800204277038574
2007-03-29,12.774441719055176
2007-03-30,12.821417808532715
2007-04-02,12.856277465820312
2007-04-03,12.947210311889648
2007-04-04,12.959334373474121
2007-04-05,12.988122940063477
2007-04-09,13.029047966003418
2007-04-10,13.0548095703125
2007-04-11,12.986618041992188
2007-04-12,13.065424919128418
2007-04-13,13.107860565185547
2007-04-16,13.23061466217041
2007-04-17,13.233647346496582
2007-04-18,13.20181941986084
2007-04-19,13.15029239654541
2007-04-20,13.303367614746094
2007-04-23,13.30488109588623
2007-04-24,13.30488109588623
2007-04-25,13.391258239746094
2007-04-26,13.45036506652832
2007-04-27,13.391258239746094
2007-04-30,13.182119369506836
2007-05-01,13.22606372833252
2007-05-02,13.382166862487793
2007-05-03,13.407927513122559
2007-05-04,13.497345924377441
2007-05-07,13.473099708557129
2007-05-08,13.445816040039062
2007-05-09,13.535235404968262
2007-05-10,13.424602508544922
2007-05-11,13.497345924377441
2007-05-14,13.45642375946045
2007-05-15,13.406413078308105
2007-05-16,13.468550682067871
2007-05-17,13.477654457092285
2007-05-18,13.560999870300293
2007-05-21,13.67921257019043
2007-05-22,13.682243347167969
2007-05-23,13.656476020812988
2007-05-24,13.468550682067871
2007-05-25,13.548880577087402
2007-05-29,13.624655723571777
2007-05-30,13.783785820007324
2007-05-31,13.841376304626465
2007-06-01,13.924729347229004
2007-06-04,13.977764129638672
2007-06-05,13.918661117553711
2007-06-06,13.69739818572998
2007-06-07,13.41247844696045
2007-06-08,13.579185485839844
2007-06-11,13.61100959777832
2007-06-12,13.415512084960938
2007-06-13,13.571616172790527
2007-06-14,13.691340446472168
2007-06-15,13.789846420288086
2007-06-18,13.736804962158203
2007-06-19,13.727713584899902
2007-06-20,13.591312408447266
2007-06-21,13.689827919006348
2007-06-22,13.591312408447266
2007-06-25,13.465523719787598
2007-06-26,13.354887008666992
2007-06-27,13.55797290802002
2007-06-28,13.565546035766602
2007-06-29,13.561899185180664
2007-07-02,13.716843605041504
2007-07-03,13.789761543273926
2007-07-05,13.750258445739746
2007-07-06,13.847480773925781
2007-07-09,13.856589317321777
2007-07-10,13.6591157913208
2007-07-11,13.770010948181152
2007-07-12,13.940143585205078
2007-07-13,13.975079536437988
2007-07-16,13.917354583740234
2007-07-17,13.932552337646484
2007-07-18,13.9036865234375
2007-07-19,13.959885597229004
2007-07-20,13.820138931274414
2007-07-23,13.818623542785645
2007-07-24,13.499619483947754
2007-07-25,13.443416595458984
2007-07-26,13.121386528015137
2007-07-27,12.901118278503418
2007-07-30,13.084920883178711
2007-07-31,12.895044326782227
2007-08-01,12.980111122131348
2007-08-02,13.109227180480957
2007-08-03,12.706685066223145
2007-08-06,12.844922065734863
2007-08-07,12.9846773147583
2007-08-08,13.211005210876465
2007-08-09,12.82821273803711
2007-08-10,12.911752700805664
2007-08-13,12.910238265991211
2007-08-14,12.693016052246094
2007-08-15,12.415030479431152
2007-08-16,12.416550636291504
2007-08-17,12.715803146362305
2007-08-20,12.730990409851074
2007-08-21,12.759854316711426
2007-08-22,12.929984092712402
2007-08-23,12.896568298339844
2007-08-24,13.09100341796875
2007-08-27,12.937575340270996
2007-08-28,12.639846801757812
2007-08-29,12.952770233154297
2007-08-30,12.87834358215332
2007-08-31,13.08036994934082
2007-09-04,13.197336196899414
2007-09-05,13.112265586853027
2007-09-06,13.16999340057373
2007-09-07,12.96340560913086
2007-09-10,12.831245422363281
2007-09-11,12.992265701293945
2007-09-12,13.007454872131348
2007-09-13,13.019606590270996
2007-09-14,13.057586669921875
2007-09-17,12.99074649810791
2007-09-18,13.344681739807129
2007-09-19,13.417590141296387
2007-09-20,13.33708381652832
2007-09-21,13.317338943481445
2007-09-24,13.276325225830078
2007-09-25,13.261130332946777
2007-09-26,13.351580619812012
2007-09-27,13.459693908691406
2007-09-28,13.427719116210938
2007-10-01,13.581523895263672
2007-10-02,13.616549491882324
2007-10-03,13.65766716003418
2007-10-04,13.627202033996582
2007-10-05,13.864753723144531
2007-10-08,13.767298698425293
2007-10-09,13.905875205993652
2007-10-10,13.878460884094238
2007-10-11,13.803847312927246
2007-10-12,13.829731941223145
2007-10-15,13.747505187988281
2007-10-16,13.590654373168945
2007-10-17,13.650047302246094
2007-10-18,13.65613842010498
2007-10-19,13.244994163513184
2007-10-22,13.38660717010498
2007-10-23,13.500816345214844
2007-10-24,13.464264869689941
2007-10-25,13.439902305603027
2007-10-26,13.56476879119873
2007-10-29,13.613505363464355
2007-10-30,13.52975082397461
2007-10-31,13.761208534240723
2007-11-01,13.438386917114258
2007-11-02,13.426203727722168
2007-11-05,13.324175834655762
2007-11-06,13.484064102172852
2007-11-07,13.216056823730469
2007-11-08,13.251079559326172
2007-11-09,13.059212684631348
2007-11-12,12.817094802856445
2007-11-13,13.149056434631348
2007-11-14,13.129262924194336
2007-11-15,12.92978286743164
2007-11-16,12.923687934875488
2007-11-19,12.667864799499512
2007-11-20,12.693746566772461
2007-11-21,12.488179206848145
2007-11-23,12.638934135437012
2007-11-26,12.445540428161621
2007-11-27,12.581066131591797
2007-11-28,12.960233688354492
2007-11-29,12.99374008178711
2007-11-30,13.09728717803955
2007-12-03,13.018096923828125
2007-12-04,12.987641334533691
2007-12-05,13.158191680908203
2007-12-06,13.412495613098145
2007-12-07,13.450563430786133
2007-12-10,13.560200691223145
2007-12-11,13.130786895751953
2007-12-12,13.238900184631348
2007-12-13,13.211493492126465
2007-12-14,12.980036735534668
2007-12-17,12.77902603149414
2007-12-18,12.858213424682617
2007-12-19,12.884101867675781
2007-12-20,13.077484130859375
2007-12-21,13.255654335021973
2007-12-24,13.345494270324707
2007-12-26,13.330267906188965
2007-12-27,13.122380256652832
2007-12-28,13.120855331420898
2007-12-31,12.97421646118164
2008-01-02,12.891729354858398
2008-01-03,12.787867546081543
2008-01-04,12.422807693481445
2008-01-07,12.390728950500488
2008-01-08,12.109678268432617
2008-01-09,12.178412437438965
2008-01-10,12.289916038513184
2008-01-11,12.118843078613281
2008-01-14,12.250201225280762
2008-01-15,11.970678329467773
2008-01-16,11.883611679077148
2008-01-17,11.542987823486328
2008-01-18,11.504806518554688
2008-01-22,11.446760177612305
2008-01-23,11.711009979248047
2008-01-24,11.846953392028809
2008-01-25,11.755309104919434
2008-01-28,11.993587493896484
2008-01-29,12.092873573303223
2008-01-30,11.979839324951172
2008-01-31,12.2333984375
2008-02-01,12.51750659942627
2008-02-04,12.427387237548828
2008-02-05,12.07912826538086
2008-02-06,11.937070846557617
2008-02-07,12.050102233886719
2008-02-08,12.07912826538086
2008-02-11,12.135642051696777
2008-02-12,12.173828125
2008-02-13,12.320464134216309
2008-02-14,12.146337509155273
2008-02-15,12.126476287841797
2008-02-19,12.129535675048828
2008-02-20,12.277697563171387
2008-02-21,12.137168884277344
2008-02-22,12.198267936706543
2008-02-25,12.436551094055176
2008-02-26,12.560275077819824
2008-02-27,12.51445484161377
2008-02-28,12.392255783081055
2008-02-29,12.011920928955078
2008-03-03,12.024138450622559
2008-03-04,11.973735809326172
2008-03-05,12.045523643493652
2008-03-06,11.706425666809082
2008-03-07,11.588814735412598
2008-03-10,11.378023147583008
2008-03-11,11.732396125793457
2008-03-12,11.659073829650879
2008-03-13,11.817927360534668
2008-03-14,11.628524780273438
2008-03-17,11.350530624389648
2008-03-18,11.80876636505127
2008-03-19,11.517021179199219
2008-03-20,11.669769287109375
2008-03-24,12.027191162109375
2008-03-25,12.13343620300293
2008-03-26,11.984939575195312
2008-03-27,11.888494491577148
2008-03-28,11.779809951782227
2008-03-31,11.900744438171387
2008-04-01,12.26508617401123
2008-04-02,12.340097427368164
2008-04-03,12.384493827819824
2008-04-04,12.445723533630371
2008-04-07,12.476340293884277
2008-04-08,12.479400634765625
2008-04-09,12.263553619384766
2008-04-10,12.430414199829102
2008-04-11,12.2069091796875
2008-04-14,12.190070152282715
2008-04-15,12.232938766479492
2008-04-16,12.560535430908203
2008-04-17,12.54063892364502
2008-04-18,12.713621139526367
2008-04-21,12.744237899780273
2008-04-22,12.569723129272461
2008-04-23,12.61565113067627
2008-04-24,12.686062812805176
2008-04-25,12.869767189025879
2008-04-28,12.91109561920166
2008-04-29,12.837613105773926
2008-04-30,12.791693687438965
2008-05-01,12.973861694335938
2008-05-02,12.969273567199707
2008-05-05,12.98611068725586
2008-05-06,13.07490348815918
2008-05-07,12.940186500549316
2008-05-08,13.025912284851074
2008-05-09,13.03357219696045
2008-05-12,13.189712524414062
2008-05-13,13.26624870300293
2008-05-14,13.284628868103027
2008-05-15,13.454547882080078
2008-05-16,13.506601333618164
2008-05-19,13.456079483032227
2008-05-20,13.440766334533691
2008-05-21,13.240239143371582
2008-05-22,13.272378921508789
2008-05-23,13.117761611938477
2008-05-27,13.229511260986328
2008-05-28,13.321362495422363
2008-05-29,13.3734130859375
2008-05-30,13.477508544921875
2008-06-02,13.374945640563965
2008-06-03,13.356576919555664
2008-06-04,13.410150527954102
2008-06-05,13.717859268188477
2008-06-06,13.362699508666992
2008-06-09,13.356576919555664
2008-06-10,13.257068634033203
2008-06-11,13.039690971374512
2008-06-12,13.038158416748047
2008-06-13,13.237170219421387
2008-06-16,13.338205337524414
2008-06-17,13.342795372009277
2008-06-18,13.254003524780273
2008-06-19,13.296871185302734
2008-06-20,13.062654495239258
2008-06-23,13.064183235168457
2008-06-24,12.902027130126953
2008-06-25,12.988017082214355
2008-06-26,12.665545463562012
2008-06-27,12.574944496154785
2008-06-30,12.527338981628418
2008-07-01,12.547304153442383
2008-07-02,12.168010711669922
2008-07-03,12.029806137084961
2008-07-07,11.940743446350098
2008-07-08,12.21715259552002
2008-07-09,12.03594970703125
2008-07-10,12.106589317321777
2008-07-11,12.05898666381836
2008-07-14,11.939208030700684
2008-07-15,11.830183029174805
2008-07-16,12.109663963317871
2008-07-17,12.287785530090332
2008-07-18,12.24940013885498
2008-07-21,12.338460922241211
2008-07-22,12.485881805419922
2008-07-23,12.502772331237793
2008-07-24,12.144981384277344
2008-07-25,12.1802978515625
2008-07-28,12.045167922973633
2008-07-29,12.29393196105957
2008-07-30,12.465920448303223
2008-07-31,12.320035934448242
2008-08-01,12.273972511291504
2008-08-04,12.051308631896973
2008-08-05,12.292390823364258
2008-08-06,12.384531021118164
2008-08-07,12.200257301330566
2008-08-08,12.453634262084961
2008-08-11,12.596443176269531
2008-08-12,12.468985557556152
2008-08-13,12.513521194458008
2008-08-14,12.597981452941895
2008-08-15,12.597981452941895
2008-08-18,12.445955276489258
2008-08-19,12.316965103149414
2008-08-20,12.369175910949707
2008-08-21,12.37685489654541
2008-08-22,12.487419128417969
2008-08-25,12.250936508178711
2008-08-26,12.303144454956055
2008-08-27,12.435211181640625
2008-08-28,12.633296012878418
2008-08-29,12.498163223266602
2008-09-02,12.404495239257812
2008-09-03,12.3154296875
2008-09-04,12.003703117370605
2008-09-05,12.042097091674805
2008-09-08,12.218690872192383
2008-09-09,11.741120338439941
2008-09-10,11.885467529296875
2008-09-11,11.962244987487793
2008-09-12,12.121944427490234
2008-09-15,11.593698501586914
2008-09-16,11.810220718383789
2008-09-17,11.30961799621582
2008-09-18,11.831717491149902
2008-09-19,12.224828720092773
2008-09-22,11.784112930297852
2008-09-23,11.629021644592285
2008-09-24,11.544561386108398
2008-09-25,11.654900550842285
2008-09-26,11.582473754882812
2008-09-29,10.845858573913574
2008-09-30,11.150980949401855
2008-10-01,11.061596870422363
2008-10-02,10.446730613708496
2008-10-03,10.149304389953613
2008-10-06,9.788702011108398
2008-10-07,9.281697273254395
2008-10-08,9.065947532653809
2008-10-09,8.47573471069336
2008-10-10,8.435662269592285
2008-10-13,9.332555770874023
2008-10-14,9.110637664794922
2008-10-15,8.256901741027832
2008-10-16,8.572820663452148
2008-10-17,8.45724105834961
2008-10-20,8.914928436279297
2008-10-21,8.669902801513672
2008-10-22,8.173686981201172
2008-10-23,7.991846084594727
2008-10-24,7.768392086029053
2008-10-27,7.3600172996521
2008-10-28,8.0457763671875
2008-10-29,8.105879783630371
2008-10-30,8.512717247009277
2008-10-31,8.776238441467285
2008-11-03,8.75620174407959
2008-11-04,8.93188190460205
2008-11-05,8.518878936767578
2008-11-06,8.116668701171875
2008-11-07,8.29234790802002
2008-11-10,8.090469360351562
2008-11-11,7.913253307342529
2008-11-12,7.517205238342285
2008-11-13,8.110505104064941
2008-11-14,7.649734020233154
2008-11-17,7.555727005004883
2008-11-18,7.523365497589111
2008-11-19,6.987084865570068
2008-11-20,6.433852195739746
2008-11-21,6.794453144073486
2008-11-24,7.289130687713623
2008-11-25,7.450942516326904
2008-11-26,7.826953411102295
2008-11-28,7.931745529174805
2008-12-01,7.10420560836792
2008-12-02,7.427825927734375
2008-12-03,7.581930160522461
2008-12-04,7.358478546142578
2008-12-05,7.66051721572876
2008-12-08,7.979514122009277
2008-12-09,7.7930498123168945
2008-12-10,7.996469497680664
2008-12-11,7.632782459259033
2008-12-12,7.823869228363037
2008-12-15,7.655899524688721
2008-12-16,8.115124702453613
2008-12-17,8.19372272491455
2008-12-18,8.078145027160645
2008-12-19,8.064275741577148
2008-12-22,7.9255805015563965
2008-12-23,7.816164970397949
2008-12-24,7.860110282897949
2008-12-26,7.9579339027404785
2008-12-29,7.872533321380615
2008-12-30,8.114762306213379
2008-12-31,8.28091049194336
2009-01-02,8.502955436706543
2009-01-05,8.53090763092041
2009-01-06,8.633387565612793
2009-01-07,8.383392333984375
2009-01-08,8.426873207092285
2009-01-09,8.21103286743164
2009-01-12,7.97812032699585
2009-01-13,8.063520431518555
2009-01-14,7.742096424102783
2009-01-15,7.860110282897949
2009-01-16,7.993646621704102
2009-01-20,7.5169477462768555
2009-01-21,7.867873191833496
2009-01-22,7.662906646728516
2009-01-23,7.756078720092773
2009-01-26,7.807314395904541
2009-01-27,7.900476932525635
2009-01-28,8.215693473815918
2009-01-29,7.931539535522461
2009-01-30,7.721912384033203
2009-02-02,7.743651390075684
2009-02-03,7.8119730949401855
2009-02-04,7.791786193847656
2009-02-05,7.898930072784424
2009-02-06,8.220354080200195
2009-02-09,8.190850257873535
2009-02-10,7.852345943450928
2009-02-11,7.850796222686768
2009-02-12,7.908244609832764
2009-02-13,7.821293354034424
2009-02-17,7.495210647583008
2009-02-18,7.412913799285889
2009-02-19,7.299564838409424
2009-02-20,7.2436604499816895
2009-02-23,6.945528030395508
2009-02-24,7.2343430519104
2009-02-25,7.156708717346191
2009-02-26,7.043351650238037
2009-02-27,6.996771812438965
2009-03-02,6.554232120513916
2009-03-03,6.516963958740234
2009-03-04,6.706402778625488
2009-03-05,6.383426666259766
2009-03-06,6.344607830047607
2009-03-09,6.280942916870117
2009-03-10,6.7017436027526855
2009-03-11,6.739013195037842
2009-03-12,7.049562454223633
2009-03-13,7.086832046508789
2009-03-16,6.982799530029297
2009-03-17,7.252976417541504
2009-03-18,7.465705394744873
2009-03-19,7.422229766845703
2009-03-20,7.211054801940918
2009-03-23,7.752964973449707
2009-03-24,7.599244594573975
2009-03-25,7.6539716720581055
2009-03-26,7.950217247009277
2009-03-27,7.753757953643799
2009-03-30,7.50897216796875
2009-03-31,7.588487148284912
2009-04-01,7.699187755584717
2009-04-02,8.006346702575684
2009-04-03,8.160701751708984
2009-04-06,8.048443794250488
2009-04-07,7.797415256500244
2009-04-08,7.922144412994385
2009-04-09,8.332210540771484
2009-04-13,8.330655097961426
2009-04-14,8.127959251403809
2009-04-15,8.213713645935059
2009-04-16,8.446029663085938
2009-04-17,8.538021087646484
2009-04-20,8.112367630004883
2009-04-21,8.333769798278809
2009-04-22,8.34936237335205
2009-04-23,8.344687461853027
2009-04-24,8.536463737487793
2009-04-27,8.47097396850586
2009-04-28,8.495923042297363
2009-04-29,8.726685523986816
2009-04-30,8.707972526550293
2009-05-01,8.701733589172363
2009-05-04,9.05098819732666
2009-05-05,8.983943939208984
2009-05-06,9.07437515258789
2009-05-07,8.846732139587402
2009-05-08,9.114914894104004
2009-05-11,8.940285682678223
2009-05-12,8.834264755249023
2009-05-13,8.461624145507812
2009-05-14,8.56765079498291
2009-05-15,8.502161979675293
2009-05-18,8.81399154663086
2009-05-19,8.849857330322266
2009-05-20,8.779693603515625
2009-05-21,8.644046783447266
2009-05-22,8.573882102966309
2009-05-26,8.904426574707031
2009-05-27,8.75786304473877
2009-05-28,8.82802677154541
2009-05-29,8.991742134094238
2009-06-01,9.29110336303711
2009-06-02,9.339434623718262
2009-06-03,9.194432258605957
2009-06-04,9.316047668457031
2009-06-05,9.294218063354492
2009-06-08,9.238093376159668
2009-06-09,9.308252334594727
2009-06-10,9.294218063354492
2009-06-11,9.320722579956055
2009-06-12,9.322282791137695
2009-06-15,9.083733558654785
2009-06-16,8.934051513671875
2009-06-17,8.9153413772583
2009-06-18,8.982385635375977
2009-06-19,8.99797534942627
2009-06-22,8.693937301635742
2009-06-23,8.643098831176758
2009-06-24,8.761990547180176
2009-06-25,8.991950035095215
2009-06-26,9.001338958740234
2009-06-29,9.062348365783691
2009-06-30,9.040444374084473
2009-07-01,9.123357772827148
2009-07-02,8.858981132507324
2009-07-06,8.782325744628906
2009-07-07,8.56956958770752
2009-07-08,8.539846420288086
2009-07-09,8.550798416137695
2009-07-10,8.538283348083496
2009-07-13,8.755735397338867
2009-07-14,8.826125144958496
2009-07-15,9.088939666748047
2009-07-16,9.228164672851562
2009-07-17,9.198445320129395
2009-07-20,9.329848289489746
2009-07-21,9.348623275756836
2009-07-22,9.39555549621582
2009-07-23,9.650545120239258
2009-07-24,9.725632667541504
2009-07-27,9.763182640075684
2009-07-28,9.733461380004883
2009-07-29,9.674009323120117
2009-07-30,9.791337013244629
2009-07-31,9.797591209411621
2009-08-03,10.022862434387207
2009-08-04,10.096386909484863
2009-08-05,10.05414867401123
2009-08-06,9.96811294555664
2009-08-07,10.215279579162598
2009-08-10,10.179298400878906
2009-08-11,10.033812522888184
2009-08-12,10.163657188415527
2009-08-13,10.255955696105957
2009-08-14,10.102645874023438
2009-08-17,9.80854606628418
2009-08-18,9.946208000183105
2009-08-19,10.007220268249512
2009-08-20,10.112030982971191
2009-08-21,10.30757999420166
2009-08-24,10.284111976623535
2009-08-25,10.337303161621094
2009-08-26,10.31852912902832
2009-08-27,10.352944374084473
2009-08-28,10.37015151977539
2009-08-31,10.226229667663574
2009-09-01,10.022862434387207
2009-09-02,9.9618558883667
2009-09-03,10.099518775939941
2009-09-04,10.230924606323242
2009-09-08,10.367021560668945
2009-09-09,10.496861457824707
2009-09-10,10.600113868713379
2009-09-11,10.628271102905273
2009-09-14,10.761242866516113
2009-09-15,10.853541374206543
2009-09-16,11.053776741027832
2009-09-17,11.000588417053223
2009-09-18,10.984945297241211
2009-09-21,10.964608192443848
2009-09-22,11.020926475524902
2009-09-23,10.878474235534668
2009-09-24,10.687071800231934
2009-09-25,10.633731842041016
2009-09-28,10.843954086303711
2009-09-29,10.87376594543457
2009-09-30,10.817289352416992
2009-10-01,10.483122825622559
2009-10-02,10.382713317871094
2009-10-05,10.611770629882812
2009-10-06,10.763949394226074
2009-10-07,10.756102561950684
2009-10-08,10.908281326293945
2009-10-09,10.997703552246094
2009-10-12,11.016532897949219
2009-10-13,10.96475887298584
2009-10-14,11.165574073791504
2009-10-15,11.19381332397461
2009-10-16,11.0902681350708
2009-10-19,11.21420955657959
2009-10-20,11.112236976623535
2009-10-21,11.003981590270996
2009-10-22,11.126351356506348
2009-10-23,10.991429328918457
2009-10-26,10.887884140014648
2009-10-27,10.760804176330566
2009-10-28,10.410953521728516
2009-10-29,10.619611740112305
2009-10-30,10.326233863830566
2009-11-02,10.37800407409668
2009-11-03,10.495672225952148
2009-11-04,10.450172424316406
2009-11-05,10.710607528686523
2009-11-06,10.672952651977539
2009-11-09,10.945931434631348
2009-11-10,10.920830726623535
2009-11-11,11.013395309448242
2009-11-12,10.842389106750488
2009-11-13,10.953777313232422
2009-11-16,11.131057739257812
2009-11-17,11.12949275970459
2009-11-18,11.083995819091797
2009-11-19,10.856512069702148
2009-11-20,10.798462867736816
2009-11-23,10.905142784118652
2009-11-24,10.875337600708008
2009-11-25,10.944365501403809
2009-11-27,10.727865219116211
2009-11-30,10.757670402526855
2009-12-01,10.90357494354248
2009-12-02,10.986724853515625
2009-12-03,10.861213684082031
2009-12-04,11.016532897949219
2009-12-07,11.003981590270996
2009-12-08,10.912985801696777
2009-12-09,10.920830726623535
2009-12-10,10.997703552246094
2009-12-11,11.099681854248047
2009-12-14,11.25029468536377
2009-12-15,11.234601974487305
2009-12-16,11.300498008728027
2009-12-17,11.19381332397461
2009-12-18,11.242448806762695
2009-12-21,11.37580394744873
2009-12-22,11.487192153930664
2009-12-23,11.579752922058105
2009-12-24,11.632869720458984
2009-12-28,11.624981880187988
2009-12-29,11.601346015930176
2009-12-30,11.555641174316406
2009-12-31,11.412219047546387
2010-01-04,11.604501724243164
2010-01-05,11.639169692993164
2010-01-06,11.700637817382812
2010-01-07,11.758954048156738
2010-01-08,11.833023071289062
2010-01-11,11.810959815979004
2010-01-12,11.662808418273926
2010-01-13,11.809383392333984
2010-01-14,11.8440580368042
2010-01-15,11.686453819274902
2010-01-19,11.826722145080566
2010-01-20,11.741612434387207
2010-01-21,11.593466758728027
2010-01-22,11.346024513244629
2010-01-25,11.364935874938965
2010-01-26,11.327113151550293
2010-01-27,11.342872619628906
2010-01-28,11.197876930236816
2010-01-29,11.04341983795166
2010-02-01,11.207330703735352
2010-02-02,11.37124252319336
2010-02-03,11.322381973266602
2010-02-04,10.953583717346191
2010-02-05,10.980379104614258
2010-02-08,10.892121315002441
2010-02-09,11.021356582641602
2010-02-10,11.024506568908691
2010-02-11,11.172657012939453
2010-02-12,11.243581771850586
2010-02-16,11.45162296295166
2010-02-17,11.528841972351074
2010-02-18,11.613958358764648
2010-02-19,11.640748977661133
2010-02-22,11.65178108215332
2010-02-23,11.48314094543457
2010-02-24,11.601346015930176
2010-02-25,11.629714012145996
2010-02-26,11.618680000305176
2010-03-01,11.823565483093262
2010-03-02,11.907100677490234
2010-03-03,11.960688591003418
2010-03-04,11.965409278869629
2010-03-05,12.13247299194336
2010-03-08,12.160849571228027
2010-03-09,12.156120300292969
2010-03-10,12.260139465332031
2010-03-11,12.321601867675781
2010-03-12,12.346816062927246
2010-03-15,12.321601867675781
2010-03-16,12.461870193481445
2010-03-17,12.553287506103516
2010-03-18,12.491817474365234
2010-03-19,12.354700088500977
2010-03-22,12.504426956176758
2010-03-23,12.614748001098633
2010-03-24,12.504426956176758
2010-03-25,12.43127727508545
2010-03-26,12.398093223571777
2010-03-29,12.507108688354492
2010-03-30,12.527653694152832
2010-03-31,12.434433937072754
2010-04-01,12.57188892364502
2010-04-05,12.77096939086914
2010-04-06,12.840486526489258
2010-04-07,12.73936653137207
2010-04-08,12.731472969055176
2010-04-09,12.840486526489258
2010-04-12,12.868928909301758
2010-04-13,12.917901992797852
2010-04-14,13.107501983642578
2010-04-15,13.10118293762207
2010-04-16,12.938446998596191
2010-04-19,12.898942947387695
2010-04-20,13.06484317779541
2010-04-21,13.115402221679688
2010-04-22,13.263923645019531
2010-04-23,13.380840301513672
2010-04-26,13.349242210388184
2010-04-27,13.022183418273926
2010-04-28,13.05378246307373
2010-04-29,13.256025314331055
2010-04-30,12.97952938079834
2010-05-03,13.177021980285645
2010-05-04,12.813632011413574
2010-05-05,12.680912017822266
2010-05-06,12.244834899902344
2010-05-07,11.930420875549316
2010-05-10,12.56399154663086
2010-05-11,12.592430114746094
2010-05-12,12.889466285705566
2010-05-13,12.76780891418457
2010-05-14,12.466032028198242
2010-05-17,12.47551441192627
2010-05-18,12.301715850830078
2010-05-19,12.189536094665527
2010-05-20,11.671305656433105
2010-05-21,11.848260879516602
2010-05-24,11.728184700012207
2010-05-25,11.709221839904785
2010-05-26,11.740822792053223
2010-05-27,12.187959671020508
2010-05-28,12.059979438781738
2010-06-01,11.729763984680176
2010-06-02,12.0552396774292
2010-06-03,12.13265609741211
2010-06-04,11.647605895996094
2010-06-07,11.405869483947754
2010-06-08,11.461169242858887
2010-06-09,11.499086380004883
2010-06-10,11.873539924621582
2010-06-11,11.990457534790039
2010-06-14,12.042596817016602
2010-06-15,12.312775611877441
2010-06-16,12.271696090698242
2010-06-17,12.25273609161377
2010-06-18,12.244834899902344
2010-06-21,12.143715858459473
2010-06-22,11.894082069396973
2010-06-23,11.860179901123047
2010-06-24,11.663753509521484
2010-06-25,11.803152084350586
2010-06-28,11.752462387084961
2010-06-29,11.358020782470703
2010-06-30,11.266140937805176
2010-07-01,11.1774320602417
2010-07-02,11.102977752685547
2010-07-06,11.074467658996582
2010-07-07,11.457818031311035
2010-07-08,11.573455810546875
2010-07-09,11.69701862335205
2010-07-12,11.647912979125977
2010-07-13,11.917206764221191
2010-07-14,11.906121253967285
2010-07-15,11.879190444946289
2010-07-16,11.506925582885742
2010-07-19,11.56395435333252
2010-07-20,11.738201141357422
2010-07-21,11.57028865814209
2010-07-22,11.906121253967285
2010-07-23,12.069281578063965
2010-07-26,12.286303520202637
2010-07-27,12.205517768859863
2010-07-28,12.059775352478027
2010-07-29,11.999580383300781
2010-07-30,12.024930953979492
2010-08-02,12.265705108642578
2010-08-03,12.18175220489502
2010-08-04,12.302144050598145
2010-08-05,12.253039360046387
2010-08-06,12.213433265686035
2010-08-09,12.338578224182129
2010-08-10,12.184922218322754
2010-08-11,11.765132904052734
2010-08-12,11.693848609924316
2010-08-13,11.646326065063477
2010-08-16,11.663753509521484
2010-08-17,11.845924377441406
2010-08-18,11.879190444946289
2010-08-19,11.676421165466309
2010-08-20,11.676421165466309
2010-08-23,11.551280975341797
2010-08-24,11.375446319580078
2010-08-25,11.465734481811523
2010-08-26,11.399203300476074
2010-08-27,11.641576766967773
2010-08-30,11.430886268615723
2010-08-31,11.437225341796875
2010-09-01,11.820577621459961
2010-09-02,11.96789836883545
2010-09-03,12.140564918518066
2010-09-07,11.972654342651367
2010-09-08,12.05185604095459
2010-09-09,12.077200889587402
2010-09-10,12.112048149108887
2010-09-13,12.32907772064209
2010-09-14,12.343330383300781
2010-09-15,12.38927173614502
2010-09-16,12.351252555847168
2010-09-17,12.37501335144043
2010-09-20,12.579364776611328
2010-09-21,12.5223388671875
2010-09-22,12.41144847869873
2010-09-23,12.32907772064209
2010-09-24,12.618145942687988
2010-09-27,12.614969253540039
2010-09-28,12.705554962158203
2010-09-29,12.710321426391602
2010-09-30,12.726214408874512
2010-10-01,12.756407737731934
2010-10-04,12.611787796020508
2010-10-05,12.875598907470703
2010-10-06,12.789780616760254
2010-10-07,12.785011291503906
2010-10-08,12.864470481872559
2010-10-11,12.897848129272461
2010-10-12,12.93598747253418
2010-10-13,13.058355331420898
2010-10-14,13.010675430297852
2010-10-15,13.005908966064453
2010-10-18,13.053589820861816
2010-10-19,12.85970687866211
2010-10-20,13.013855934143066
2010-10-21,12.997965812683105
2010-10-22,13.088550567626953
2010-10-25,13.169591903686523
2010-10-26,13.144170761108398
2010-10-27,13.147343635559082
2010-10-28,13.120329856872559
2010-10-29,13.16006088256836
2010-11-01,13.15052318572998
2010-11-02,13.28560733795166
2010-11-03,13.333280563354492
2010-11-04,13.576433181762695
2010-11-05,13.673368453979492
2010-11-08,13.667017936706543
2010-11-09,13.523985862731934
2010-11-10,13.632054328918457
2010-11-11,13.614567756652832
2010-11-12,13.396846771240234
2010-11-15,13.446117401123047
2010-11-16,13.204559326171875
2010-11-17,13.277661323547363
2010-11-18,13.46041488647461
2010-11-19,13.50014591217041
2010-11-22,13.606616020202637
2010-11-23,13.45724105834961
2010-11-24,13.732169151306152
2010-11-26,13.662245750427246
2010-11-29,13.633636474609375
2010-11-30,13.55894947052002
2010-12-01,13.830695152282715
2010-12-02,14.008683204650879
2010-12-03,14.094508171081543
2010-12-06,14.100855827331543
2010-12-07,14.116750717163086
2010-12-08,14.088146209716797
2010-12-09,14.134233474731445
2010-12-10,14.285208702087402
2010-12-13,14.251830101013184
2010-12-14,14.23752498626709
2010-12-15,14.185087203979492
2010-12-16,14.324936866760254
2010-12-17,14.369427680969238
2010-12-20,14.367844581604004
2010-12-21,14.479089736938477
2010-12-22,14.523581504821777
2010-12-23,14.500300407409668
2010-12-27,14.50349235534668
2010-12-28,14.468409538269043
2010-12-29,14.522622108459473
2010-12-30,14.53060531616211
2010-12-31,14.462026596069336
2011-01-03,14.6262788772583
2011-01-04,14.471598625183105
2011-01-05,14.562494277954102
2011-01-06,14.527409553527832
2011-01-07,14.487546920776367
2011-01-10,14.57844352722168
2011-01-11,14.62468147277832
2011-01-12,14.726746559143066
2011-01-13,14.696444511413574
2011-01-14,14.80807113647461
2011-01-18,14.935646057128906
2011-01-19,14.717174530029297
2011-01-20,14.59598445892334
2011-01-21,14.549738883972168
2011-01-24,14.672528266906738
2011-01-25,14.696444511413574
2011-01-26,14.816048622131348
2011-01-27,14.884614944458008
2011-01-28,14.611924171447754
2011-01-31,14.723557472229004
2011-02-01,14.94202709197998
2011-02-02,14.918105125427246
2011-02-03,14.961161613464355
2011-02-04,15.050457954406738
2011-02-07,15.17006778717041
2011-02-08,15.254572868347168
2011-02-09,15.222686767578125
2011-02-10,15.292852401733398
2011-02-11,15.445939064025879
2011-02-14,15.51131820678711
2011-02-15,15.455509185791016
2011-02-16,15.568726539611816
2011-02-17,15.63570785522461
2011-02-18,15.634108543395996
2011-02-22,15.286474227905273
2011-02-23,15.064811706542969
2011-02-24,15.063216209411621
2011-02-25,15.36780071258545
2011-02-28,15.394909858703613
2011-03-01,15.141364097595215
2011-03-02,15.216307640075684
2011-03-03,15.530458450317383
2011-03-04,15.437967300415039
2011-03-07,15.23065185546875
2011-03-08,15.428393363952637
2011-03-09,15.36780071258545
2011-03-10,15.09830379486084
2011-03-11,15.195575714111328
2011-03-14,15.122221946716309
2011-03-15,15.026542663574219
2011-03-16,14.868670463562012
2011-03-17,14.948407173156738
2011-03-18,15.026542663574219
2011-03-21,15.331119537353516
2011-03-22,15.229063987731934
2011-03-23,15.206741333007812
2011-03-24,15.355046272277832
2011-03-25,15.473803520202637
2011-03-28,15.429047584533691
2011-03-29,15.548924446105957
2011-03-30,15.699172019958496
2011-03-31,15.77749252319336
2011-04-01,15.892571449279785
2011-04-04,15.900565147399902
2011-04-05,15.956510543823242
2011-04-06,15.978885650634766
2011-04-07,15.882980346679688
2011-04-08,15.759907722473145
2011-04-11,15.646424293518066
2011-04-12,15.496183395385742
2011-04-13,15.55052375793457
2011-04-14,15.54253101348877
2011-04-15,15.695968627929688
2011-04-18,15.429047584533691
2011-04-19,15.492981910705566
2011-04-20,15.787087440490723
2011-04-21,15.87178897857666
2011-04-25,15.876599311828613
2011-04-26,16.028438568115234
2011-04-27,16.135526657104492
2011-04-28,15.990069389343262
2011-04-29,16.20585823059082
2011-05-02,16.111549377441406
2011-05-03,15.945319175720215
2011-05-04,15.80626392364502
2011-05-05,15.748717308044434
2011-05-06,15.785486221313477
2011-05-09,15.94692325592041
2011-05-10,16.103559494018555
2011-05-11,15.943724632263184
2011-05-12,16.033235549926758
2011-05-13,15.878191947937012
2011-05-16,15.734338760375977
2011-05-17,15.625641822814941
2011-05-18,15.85421371459961
2011-05-19,15.88778018951416
2011-05-20,15.763113021850586
2011-05-23,15.520156860351562
2011-05-24,15.469009399414062
2011-05-25,15.588888168334961
2011-05-26,15.723146438598633
2011-05-27,15.815852165222168
2011-05-31,15.994878768920898
2011-06-01,15.598477363586426
2011-06-02,15.574501037597656
2011-06-03,15.3571195602417
2011-06-06,15.147735595703125
2011-06-07,15.198885917663574
2011-06-08,15.059823989868164
2011-06-09,15.123761177062988
2011-06-10,14.896788597106934
2011-06-13,14.860030174255371
2011-06-14,15.126951217651367
2011-06-15,14.896788597106934
2011-06-16,14.88879680633545
2011-06-17,14.914374351501465
2011-06-20,15.040639877319336
2011-06-21,15.326748847961426
2011-06-22,15.258023262023926
2011-06-23,15.251450538635254
2011-06-24,15.137681007385254
2011-06-27,15.201780319213867
2011-06-28,15.442136764526367
2011-06-29,15.567118644714355
2011-06-30,15.655255317687988
2011-07-01,15.922844886779785
2011-07-05,15.93567180633545
2011-07-06,16.035024642944336
2011-07-07,16.200056076049805
2011-07-08,16.08469009399414
2011-07-11,15.74338150024414
2011-07-12,15.687296867370605
2011-07-13,15.738576889038086
2011-07-14,15.522253036499023
2011-07-15,15.618401527404785
2011-07-18,15.410088539123535
2011-07-19,15.717743873596191
2011-07-20,15.687296867370605
2011-07-21,15.833113670349121
2011-07-22,15.876378059387207
2011-07-25,15.746590614318848
2011-07-26,15.64724349975586
2011-07-27,15.216201782226562
2011-07-28,15.13928508758545
2011-07-29,15.086410522460938
2011-08-01,15.015907287597656
2011-08-02,14.560822486877441
2011-08-03,14.615303993225098
2011-08-04,13.748418807983398
2011-08-05,13.519279479980469
2011-08-08,12.428059577941895
2011-08-09,13.17797565460205
2011-08-10,12.75975513458252
2011-08-11,13.442365646362305
2011-08-12,13.516074180603027
2011-08-15,13.873405456542969
2011-08-16,13.682723999023438
2011-08-17,13.607407569885254
2011-08-18,12.878329277038574
2011-08-19,12.636369705200195
2011-08-22,12.649187088012695
2011-08-23,13.157143592834473
2011-08-24,13.343018531799316
2011-08-25,13.051387786865234
2011-08-26,13.399103164672852
2011-08-29,13.915068626403809
2011-08-30,13.975957870483398
2011-08-31,14.030439376831055
2011-09-01,13.806107521057129
2011-09-02,13.370261192321777
2011-09-06,13.280524253845215
2011-09-07,13.75162124633789
2011-09-08,13.578572273254395
2011-09-09,13.211621284484863
2011-09-12,13.27571964263916
2011-09-13,13.463200569152832
2011-09-14,13.711566925048828
2011-09-15,13.895843505859375
2011-09-16,13.892633438110352
2011-09-19,13.705161094665527
2011-09-20,13.530501365661621
2011-09-21,13.056194305419922
2011-09-22,12.586692810058594
2011-09-23,12.735715866088867
2011-09-26,12.990144729614258
2011-09-27,13.212087631225586
2011-09-28,12.797149658203125
2011-09-29,12.914556503295898
2011-09-30,12.543047904968262
2011-10-03,11.965666770935059
2011-10-04,12.457802772521973
2011-10-05,12.713520050048828
2011-10-06,13.031961441040039
2011-10-07,12.829317092895508
2011-10-10,13.295722961425781
2011-10-11,13.305368423461914
2011-10-12,13.469417572021484
2011-10-13,13.496760368347168
2011-10-14,13.741214752197266
2011-10-17,13.350403785705566
2011-10-18,13.69779109954834
2011-10-19,13.471030235290527
2011-10-20,13.533747673034668
2011-10-21,13.816805839538574
2011-10-24,14.223706245422363
2011-10-25,13.88757610321045
2011-10-26,14.05644416809082
2011-10-27,14.672420501708984
2011-10-28,14.627385139465332
2011-10-31,14.257481575012207
2011-11-01,13.81037425994873
2011-11-02,14.09986686706543
2011-11-03,14.426346778869629
2011-11-04,14.469770431518555
2011-11-07,14.434394836425781
2011-11-08,14.590391159057617
2011-11-09,13.955121040344238
2011-11-10,14.0114107131958
2011-11-11,14.341110229492188
2011-11-14,14.18993091583252
2011-11-15,14.323417663574219
2011-11-16,14.141680717468262
2011-11-17,13.8650541305542
2011-11-18,13.848974227905273
2011-11-21,13.562703132629395
2011-11-22,13.495150566101074
2011-11-23,13.125242233276367
2011-11-25,13.068955421447754
2011-11-28,13.536965370178223
2011-11-29,13.546613693237305
2011-11-30,14.223706245422363
2011-12-01,14.1400785446167
2011-12-02,14.173850059509277
2011-12-05,14.374882698059082
2011-12-06,14.336289405822754
2011-12-07,14.292861938476562
2011-12-08,13.930999755859375
2011-12-09,14.255871772766113
2011-12-12,14.014623641967773
2011-12-13,13.736396789550781
2011-12-14,13.536965370178223
2011-12-15,13.63507080078125
2011-12-16,13.760517120361328
2011-12-19,13.535356521606445
2011-12-20,14.009807586669922
2011-12-21,14.027493476867676
2011-12-22,14.171385765075684
2011-12-23,14.260213851928711
2011-12-27,14.281207084655762
2011-12-28,14.04218864440918
2011-12-29,14.226298332214355
2011-12-30,14.14877700805664
2012-01-03,14.300588607788086
2012-01-04,14.260213851928711
2012-01-05,14.370026588439941
2012-01-06,14.358721733093262
2012-01-09,14.437862396240234
2012-01-10,14.63649845123291
2012-01-11,14.665565490722656
2012-01-12,14.697863578796387
2012-01-13,14.626810073852539
2012-01-17,14.646186828613281
2012-01-18,14.893280982971191
2012-01-19,15.016016006469727
2012-01-20,14.991789817810059
2012-01-23,14.999871253967285
2012-01-24,15.06446647644043
2012-01-25,15.211435317993164
2012-01-26,15.111299514770508
2012-01-27,15.196887016296387
2012-01-30,15.119378089904785
2012-01-31,15.083844184875488
2012-02-01,15.38907527923584
2012-02-02,15.422986030578613
2012-02-03,15.681386947631836
2012-02-06,15.650705337524414
2012-02-07,15.670077323913574
2012-02-08,15.708836555480957
2012-02-09,15.724992752075195
2012-02-10,15.553805351257324
2012-02-13,15.716917037963867
2012-02-14,15.710457801818848
2012-02-15,15.666853904724121
2012-02-16,15.901015281677246
2012-02-17,15.892948150634766
2012-02-21,15.82512092590332
2012-02-22,15.763753890991211
2012-02-23,15.891329765319824
2012-02-24,15.905868530273438
2012-02-27,15.897791862487793
2012-02-28,15.873579025268555
2012-02-29,15.766979217529297
2012-03-01,15.905868530273438
2012-03-02,15.783129692077637
2012-03-05,15.715303421020508
2012-03-06,15.413300514221191
2012-03-07,15.565106391906738
2012-03-08,15.75244426727295
2012-03-09,15.902647018432617
2012-03-12,15.846107482910156
2012-03-13,16.15296173095703
2012-03-14,16.03021812438965
2012-03-15,16.178787231445312
2012-03-16,16.157806396484375
2012-03-19,16.20787239074707
2012-03-20,16.089969635009766
2012-03-21,16.072208404541016
2012-03-22,15.905868530273438
2012-03-23,16.017301559448242
2012-03-26,16.25176239013672
2012-03-27,16.185375213623047
2012-03-28,16.097936630249023
2012-03-29,16.076881408691406
2012-03-30,16.065553665161133
2012-04-02,16.146516799926758
2012-04-03,16.193470001220703
2012-04-04,15.973259925842285
2012-04-05,15.906877517700195
2012-04-09,15.707709312438965
2012-04-10,15.341776847839355
2012-04-11,15.51988410949707
2012-04-12,15.798389434814453
2012-04-13,15.600846290588379
2012-04-16,15.610562324523926
2012-04-17,15.861536026000977
2012-04-18,15.804866790771484
2012-04-19,15.754670143127441
2012-04-20,15.782191276550293
2012-04-23,15.62190055847168
2012-04-24,15.659136772155762
2012-04-25,15.924683570861816
2012-04-26,16.084985733032227
2012-04-27,16.15785026550293
2012-04-30,16.00726318359375
2012-05-01,16.09470558166504
2012-05-02,16.128700256347656
2012-05-03,15.863155364990234
2012-05-04,15.610562324523926
2012-05-07,15.680190086364746
2012-05-08,15.652663230895996
2012-05-09,15.586272239685059
2012-05-10,15.600846290588379
2012-05-11,15.607325553894043
2012-05-14,15.434070587158203
2012-05-15,15.361210823059082
2012-05-16,15.231675148010254
2012-05-17,14.825255393981934
2012-05-18,14.640671730041504
2012-05-21,14.983940124511719
2012-05-22,15.02441692352295
2012-05-23,15.108617782592773
2012-05-24,15.170144081115723
2012-05-25,15.136141777038574
2012-05-29,15.328822135925293
2012-05-30,15.02441692352295
2012-05-31,14.982316970825195
2012-06-01,14.525707244873047
2012-06-04,14.435030937194824
2012-06-05,14.624478340148926
2012-06-06,14.941839218139648
2012-06-07,14.875449180603027
2012-06-08,15.001742362976074
2012-06-11,14.718389511108398
2012-06-12,14.862504959106445
2012-06-13,14.655247688293457
2012-06-14,14.762113571166992
2012-06-15,14.89811897277832
2012-06-18,15.042232513427734
2012-06-19,15.203522682189941
2012-06-20,15.187281608581543
2012-06-21,14.77795124053955
2012-06-22,14.851049423217773
2012-06-25,14.584660530090332
2012-06-26,14.682120323181152
2012-06-27,14.821808815002441
2012-06-28,14.8656644821167
2012-06-29,15.296110153198242
2012-07-02,15.387072563171387
2012-07-03,15.559244155883789
2012-07-05,15.565742492675781
2012-07-06,15.385449409484863
2012-07-09,15.328593254089355
2012-07-10,15.153169631958008
2012-07-11,15.112557411193848
2012-07-12,15.062207221984863
2012-07-13,15.292858123779297
2012-07-16,15.205141067504883
2012-07-17,15.294483184814453
2012-07-18,15.406560897827148
2012-07-19,15.414677619934082
2012-07-20,15.26037311553955
2012-07-23,15.065459251403809
2012-07-24,14.847795486450195
2012-07-25,14.868917465209961
2012-07-26,15.094691276550293
2012-07-27,15.401686668395996
2012-07-30,15.365954399108887
2012-07-31,15.26199722290039
2012-08-01,15.130424499511719
2012-08-02,15.037848472595215
2012-08-03,15.333464622497559
2012-08-06,15.416306495666504
2012-08-07,15.564116477966309
2012-08-08,15.585230827331543
2012-08-09,15.614473342895508
2012-08-10,15.620966911315918
2012-08-13,15.599854469299316
2012-08-14,15.580363273620605
2012-08-15,15.668072700500488
2012-08-16,15.8093900680542
2012-08-17,15.880854606628418
2012-08-20,15.830501556396484
2012-08-21,15.866236686706543
2012-08-22,15.82563591003418
2012-08-23,15.718425750732422
2012-08-24,15.763912200927734
2012-08-27,15.760663032531738
2012-08-28,15.82563591003418
2012-08-29,15.838630676269531
2012-08-30,15.715180397033691
2012-08-31,15.794766426086426
2012-09-04,15.984817504882812
2012-09-05,15.949079513549805
2012-09-06,16.25607681274414
2012-09-07,16.34541130065918
2012-09-10,16.27556610107422
2012-09-11,16.293437957763672
2012-09-12,16.382766723632812
2012-09-13,16.53220558166504
2012-09-14,16.717378616333008
2012-09-17,16.546825408935547
2012-09-18,16.439626693725586
2012-09-19,16.478605270385742
2012-09-20,16.36652183532715
2012-09-21,16.36490249633789
2012-09-24,16.340532302856445
2012-09-25,16.08879280090332
2012-09-26,15.97310733795166
2012-09-27,16.162118911743164
2012-09-28,16.079017639160156
2012-10-01,16.02035903930664
2012-10-02,16.080638885498047
2012-10-03,16.083906173706055
2012-10-04,16.230552673339844
2012-10-05,16.23707389831543
2012-10-08,16.162118911743164
2012-10-09,16.017093658447266
2012-10-10,15.933999061584473
2012-10-11,16.008956909179688
2012-10-12,15.885117530822754
2012-10-15,16.028505325317383
2012-10-16,16.20122528076172
2012-10-17,16.329938888549805
2012-10-18,16.310392379760742
2012-10-19,16.06435203552246
2012-10-22,16.051315307617188
2012-10-23,15.94051742553711
2012-10-24,15.89163589477539
2012-10-25,15.927475929260254
2012-10-26,15.885117530822754
2012-10-31,15.958444595336914
2012-11-01,16.342987060546875
2012-11-02,16.10346031188965
2012-11-05,16.196334838867188
2012-11-06,16.338090896606445
2012-11-07,15.999176025390625
2012-11-08,15.780838012695312
2012-11-09,15.813422203063965
2012-11-12,15.79713249206543
2012-11-13,15.756390571594238
2012-11-14,15.497314453125
2012-11-15,15.428881645202637
2012-11-16,15.539688110351562
2012-11-19,15.854159355163574
2012-11-20,15.90955924987793
2012-11-21,15.974732398986816
2012-11-23,16.152334213256836
2012-11-26,16.137680053710938
2012-11-27,16.105087280273438
2012-11-28,16.212627410888672
2012-11-29,16.32506561279297
2012-11-30,16.31365394592285
2012-12-03,16.28595733642578
2012-12-04,16.284324645996094
2012-12-05,16.315277099609375
2012-12-06,16.34950065612793
2012-12-07,16.362531661987305
2012-12-10,16.46356201171875
2012-12-11,16.535249710083008
2012-12-12,16.5173282623291
2012-12-13,16.416301727294922
2012-12-14,16.378826141357422
2012-12-17,16.530372619628906
2012-12-18,16.750333786010742
2012-12-19,16.729848861694336
2012-12-20,16.847841262817383
2012-12-21,16.720016479492188
2012-12-24,16.674131393432617
2012-12-26,16.551225662231445
2012-12-27,16.528284072875977
2012-12-28,16.41193389892578
2012-12-31,16.665937423706055
2013-01-02,17.14280891418457
2013-01-03,17.14936637878418
2013-01-04,17.26899528503418
2013-01-07,17.224748611450195
2013-01-08,17.175580978393555
2013-01-09,17.278833389282227
2013-01-10,17.300128936767578
2013-01-11,17.288658142089844
2013-01-14,17.329627990722656
2013-01-15,17.401729583740234
2013-01-16,17.372236251831055
2013-01-17,17.51479721069336
2013-01-18,17.541025161743164
2013-01-22,17.69342613220215
2013-01-23,17.69342613220215
2013-01-24,17.786828994750977
2013-01-25,17.949068069458008
2013-01-28,17.927766799926758
2013-01-29,17.929397583007812
2013-01-30,17.813053131103516
2013-01-31,17.878599166870117
2013-02-01,18.027729034423828
2013-02-04,17.86220932006836
2013-02-05,17.96053695678711
2013-02-06,18.060501098632812
2013-02-07,18.044116973876953
2013-02-08,18.147363662719727
2013-02-11,18.121137619018555
2013-02-12,18.199796676635742
2013-02-13,18.2587890625
2013-02-14,18.29483985900879
2013-02-15,18.26698112487793
2013-02-19,18.381690979003906
2013-02-20,18.081802368164062
2013-02-21,17.899906158447266
2013-02-22,18.081802368164062
2013-02-25,17.71636390686035
2013-02-26,17.82452392578125
2013-02-27,18.078527450561523
2013-02-28,18.031005859375
2013-03-01,17.991676330566406
2013-03-04,18.04903221130371
2013-03-05,18.298124313354492
2013-03-06,18.317781448364258
2013-03-07,18.37841796875
2013-03-08,18.535736083984375
2013-03-11,18.56031608581543
2013-03-12,18.54228973388672
2013-03-13,18.60456085205078
2013-03-14,18.747135162353516
2013-03-15,18.717636108398438
2013-03-18,18.637340545654297
2013-03-19,18.60783576965332
2013-03-20,18.77825927734375
2013-03-21,18.625864028930664
2013-03-22,18.6914119720459
2013-03-25,18.645389556884766
2013-03-26,18.762094497680664
2013-03-27,18.7933292388916
2013-03-28,18.914962768554688
2013-04-01,18.729217529296875
2013-04-02,18.64867401123047
2013-04-03,18.3593692779541
2013-04-04,18.46457862854004
2013-04-05,18.448139190673828
2013-04-08,18.592792510986328
2013-04-09,18.587858200073242
2013-04-10,18.847576141357422
2013-04-11,18.918254852294922
2013-04-12,18.849214553833008
2013-04-15,18.24595069885254
2013-04-16,18.533611297607422
2013-04-17,18.21965217590332
2013-04-18,18.129241943359375
2013-04-19,18.380735397338867
2013-04-22,18.449783325195312
2013-04-23,18.65031623840332
2013-04-24,18.719364166259766
2013-04-25,18.80483627319336
2013-04-26,18.729217529296875
2013-04-29,18.868947982788086
2013-04-30,19.02838897705078
2013-05-01,18.689773559570312
2013-05-02,18.87552261352539
2013-05-03,19.118797302246094
2013-05-06,19.215776443481445
2013-05-07,19.388376235961914
2013-05-08,19.477140426635742
2013-05-09,19.409744262695312
2013-05-10,19.53138542175293
2013-05-13,19.50344467163086
2013-05-14,19.725351333618164
2013-05-15,19.8026180267334
2013-05-16,19.71548843383789
2013-05-17,19.89630699157715
2013-05-20,19.916025161743164
2013-05-21,19.953840255737305
2013-05-22,19.61357879638672
2013-05-23,19.600427627563477
2013-05-24,19.518239974975586
2013-05-28,19.666175842285156
2013-05-29,19.49686622619629
2013-05-30,19.646451950073242
2013-05-31,19.450838088989258
2013-06-03,19.409744262695312
2013-06-04,19.270030975341797
2013-06-05,18.99880027770996
2013-06-06,19.237152099609375
2013-06-07,19.41960906982422
2013-06-10,19.429471969604492
2013-06-11,19.1993465423584
2013-06-12,19.015235900878906
2013-06-13,19.357149124145508
2013-06-14,19.286462783813477
2013-06-17,19.396595001220703
2013-06-18,19.5593318939209
2013-06-19,19.27166748046875
2013-06-20,18.77031898498535
2013-06-21,18.701274871826172
2013-06-24,18.502376556396484
2013-06-25,18.732513427734375
2013-06-26,18.87508773803711
2013-06-27,19.144075393676758
2013-06-28,19.059911727905273
2013-07-01,19.305789947509766
2013-07-02,19.269489288330078
2013-07-03,19.27938461303711
2013-07-05,19.52857208251953
2013-07-08,19.566518783569336
2013-07-09,19.7893009185791
2013-07-10,19.792606353759766
2013-07-11,20.045085906982422
2013-07-12,20.1011962890625
2013-07-15,20.182052612304688
2013-07-16,20.033531188964844
2013-07-17,20.117685317993164
2013-07-18,20.30086898803711
2013-07-19,20.3305721282959
2013-07-22,20.404823303222656
2013-07-23,20.41803550720215
2013-07-24,20.253000259399414
2013-07-25,20.338825225830078
2013-07-26,20.262910842895508
2013-07-29,20.15399932861328
2013-07-30,20.196903228759766
2013-07-31,20.30086898803711
2013-08-01,20.711761474609375
2013-08-02,20.63916015625
2013-08-05,20.64906120300293
2013-08-06,20.436187744140625
2013-08-07,20.287670135498047
2013-08-08,20.371828079223633
2013-08-09,20.391630172729492
2013-08-12,20.43949317932129
2013-08-13,20.42463493347168
2013-08-14,20.295915603637695
2013-08-15,19.93617057800293
2013-08-16,19.876760482788086
2013-08-19,19.736495971679688
2013-08-20,19.997234344482422
2013-08-21,19.83551025390625
2013-08-22,20.05003547668457
2013-08-23,20.074792861938477
2013-08-26,20.091291427612305
2013-08-27,19.672136306762695
2013-08-28,19.736495971679688
2013-08-29,19.819011688232422
2013-08-30,19.495563507080078
2013-09-03,19.502172470092773
2013-09-04,19.71009063720703
2013-09-05,19.7381534576416
2013-09-06,19.78435516357422
2013-09-09,20.089641571044922
2013-09-10,20.287670135498047
2013-09-11,20.305818557739258
2013-09-12,20.262910842895508
2013-09-13,20.29920768737793
2013-09-16,20.403186798095703
2013-09-17,20.54840087890625
2013-09-18,20.76293182373047
2013-09-19,20.715076446533203
2013-09-20,20.553348541259766
2013-09-23,20.475791931152344
2013-09-24,20.50577163696289
2013-09-25,20.510740280151367
2013-09-26,20.626678466796875
2013-09-27,20.55711555480957
2013-09-30,20.560426712036133
2013-10-01,20.830385208129883
2013-10-02,20.800573348999023
2013-10-03,20.626678466796875
2013-10-04,20.749231338500977
2013-10-07,20.523984909057617
2013-10-08,20.265607833862305
2013-10-09,20.215927124023438
2013-10-10,20.65979766845703
2013-10-11,20.845293045043945
2013-10-14,20.919822692871094
2013-10-15,20.7061710357666
2013-10-16,20.984420776367188
2013-10-17,21.143415451049805
2013-10-18,21.327253341674805
2013-10-21,21.32891082763672
2013-10-22,21.443193435668945
2013-10-23,21.290817260742188
2013-10-24,21.3421630859375
2013-10-25,21.40013313293457
2013-10-28,21.386877059936523
2013-10-29,21.486251831054688
2013-10-30,21.34051513671875
2013-10-31,21.289167404174805
2013-11-01,21.3421630859375
2013-11-04,21.481290817260742
2013-11-05,21.34878921508789
2013-11-06,21.34051513671875
2013-11-07,20.95294952392578
2013-11-08,21.280885696411133
2013-11-11,21.34051513671875
2013-11-12,21.322298049926758
2013-11-13,21.547534942626953
2013-11-14,21.622066497802734
2013-11-15,21.693286895751953
2013-11-18,21.54256820678711
2013-11-19,21.390201568603516
2013-11-20,21.34381866455078
2013-11-21,21.610471725463867
2013-11-22,21.65022087097168
2013-11-25,21.618757247924805
2013-11-26,21.627031326293945
2013-11-27,21.6717529296875
2013-11-29,21.602190017700195
2013-12-02,21.588943481445312
2013-12-03,21.51275634765625
2013-12-04,21.486251831054688
2013-12-05,21.51275634765625
2013-12-06,21.694942474365234
2013-12-09,21.716472625732422
2013-12-10,21.636974334716797
2013-12-11,21.289167404174805
2013-12-12,21.30406951904297
2013-12-13,21.368669509887695
2013-12-16,21.539262771606445
2013-12-17,21.5260066986084
2013-12-18,21.79762840270996
2013-12-19,21.61212730407715
2013-12-20,21.85724639892578
2013-12-23,22.02214813232422
2013-12-24,22.10858726501465
2013-12-26,22.1368465423584
2013-12-27,22.145158767700195
2013-12-30,22.19170570373535
2013-12-31,22.243242263793945
2014-01-02,22.000539779663086
2014-01-03,22.10858726501465
2014-01-06,21.977270126342773
2014-01-07,22.153472900390625
2014-01-08,22.18671989440918
2014-01-09,22.22162628173828
2014-01-10,22.376218795776367
2014-01-13,22.058725357055664
2014-01-14,22.329673767089844
2014-01-15,22.459333419799805
2014-01-16,22.422765731811523
2014-01-17,22.354616165161133
2014-01-21,22.434396743774414
2014-01-22,22.544111251831055
2014-01-23,22.374557495117188
2014-01-24,21.794408798217773
2014-01-27,21.594940185546875
2014-01-28,21.79608154296875
2014-01-29,21.571672439575195
2014-01-30,21.874204635620117
2014-01-31,21.75618553161621
2014-02-03,21.031423568725586
2014-02-04,21.260814666748047
2014-02-05,21.19266128540039
2014-02-06,21.476913452148438
2014-02-07,21.694677352905273
2014-02-10,21.7678165435791
2014-02-11,21.982254028320312
2014-02-12,22.11690902709961
2014-02-13,22.25986099243164
2014-02-14,22.341310501098633
2014-02-18,22.477619171142578
2014-02-19,22.337989807128906
2014-02-20,22.474292755126953
2014-02-21,22.527490615844727
2014-02-24,22.59065818786621
2014-02-25,22.602291107177734
2014-02-26,22.720319747924805
2014-02-27,22.803434371948242
2014-02-28,22.840007781982422
2014-03-03,22.71699333190918
2014-03-04,23.06773567199707
2014-03-05,23.00623893737793
2014-03-06,23.04779052734375
2014-03-07,23.087684631347656
2014-03-10,22.961349487304688
2014-03-11,22.826704025268555
2014-03-12,22.846656799316406
2014-03-13,22.613929748535156
2014-03-14,22.685405731201172
2014-03-17,22.835012435913086
2014-03-18,23.051115036010742
2014-03-19,22.906494140625
2014-03-20,22.974647521972656
2014-03-21,22.918128967285156
2014-03-24,22.770187377929688
2014-03-25,22.821887969970703
2014-03-26,22.52503776550293
2014-03-27,22.466676712036133
2014-03-28,22.5850772857666
2014-03-31,22.92527961730957
2014-04-01,23.12873077392578
2014-04-02,23.200441360473633
2014-04-03,23.08536720275879
2014-04-04,22.74850845336914
2014-04-07,22.341598510742188
2014-04-08,22.48501205444336
2014-04-09,22.70014762878418
2014-04-10,22.20818519592285
2014-04-11,21.943029403686523
2014-04-14,22.039749145507812
2014-04-15,22.18984031677246
2014-04-16,22.431652069091797
2014-04-17,22.475011825561523
2014-04-21,22.555055618286133
2014-04-22,22.720155715942383
2014-04-23,22.6684513092041
2014-04-24,22.693471908569336
2014-04-25,22.414979934692383
2014-04-28,22.33992576599121
2014-04-29,22.428314208984375
2014-04-30,22.563396453857422
2014-05-01,22.601749420166016
2014-05-02,22.661794662475586
2014-05-05,22.67012596130371
2014-05-06,22.495025634765625
2014-05-07,22.595077514648438
2014-05-08,22.490026473999023
2014-05-09,22.551729202270508
2014-05-12,22.875244140625
2014-05-13,22.786863327026367
2014-05-14,22.58674430847168
2014-05-15,22.419973373413086
2014-05-16,22.528377532958984
2014-05-19,22.646787643432617
2014-05-20,22.414979934692383
2014-05-21,22.52671241760254
2014-05-22,22.661794662475586
2014-05-23,22.816879272460938
2014-05-27,22.965299606323242
2014-05-28,22.896928787231445
2014-05-29,23.00031852722168
2014-05-30,22.95195960998535
2014-06-02,23.042016983032227
2014-06-03,23.020334243774414
2014-06-04,23.142078399658203
2014-06-05,23.367202758789062
2014-06-06,23.512290954589844
2014-06-09,23.59734344482422
2014-06-10,23.520631790161133
2014-06-11,23.45560073852539
2014-06-12,23.328845977783203
2014-06-13,23.39556312561035
2014-06-16,23.380544662475586
2014-06-17,23.600683212280273
2014-06-18,23.69239616394043
2014-06-19,23.72241973876953
2014-06-20,23.769119262695312
2014-06-23,23.765779495239258
2014-06-24,23.583168029785156
2014-06-25,23.7236385345459
2014-06-26,23.67514419555664
2014-06-27,23.820621490478516
2014-06-30,23.92597007751465
2014-07-01,24.11159324645996
2014-07-02,23.986175537109375
2014-07-03,24.099882125854492
2014-07-07,23.877477645874023
2014-07-08,23.701892852783203
2014-07-09,23.750396728515625
2014-07-10,23.603240966796875
2014-07-11,23.564773559570312
2014-07-14,23.66678237915039
2014-07-15,23.588191986083984
2014-07-16,23.558095932006836
2014-07-17,23.295551300048828
2014-07-18,23.57982635498047
2014-07-21,23.4962100982666
2014-07-22,23.608253479003906
2014-07-23,23.58985710144043
2014-07-24,23.628328323364258
2014-07-25,23.461105346679688
2014-07-28,23.414276123046875
2014-07-29,23.31060028076172
2014-07-30,23.352405548095703
2014-07-31,22.8691349029541
2014-08-01,22.86244773864746
2014-08-04,22.964454650878906
2014-08-05,22.85074806213379
2014-08-06,22.8858585357666
2014-08-07,22.800579071044922
2014-08-08,23.033016204833984
2014-08-11,23.133346557617188
2014-08-12,23.056428909301758
2014-08-13,23.245384216308594
2014-08-14,23.342365264892578
2014-08-15,23.330665588378906
2014-08-18,23.601566314697266
2014-08-19,23.7403621673584
2014-08-20,23.80390167236328
2014-08-21,23.839019775390625
2014-08-22,23.818954467773438
2014-08-25,23.90089225769043
2014-08-26,23.977811813354492
2014-08-27,23.94437026977539
2014-08-28,23.912595748901367
2014-08-29,24.022964477539062
2014-09-02,24.10322380065918
2014-09-03,24.066444396972656
2014-09-04,23.982830047607422
2014-09-05,24.07815170288086
2014-09-08,24.05473518371582
2014-09-09,23.87079429626465
2014-09-10,23.90089225769043
2014-09-11,24.009586334228516
2014-09-12,23.787179946899414
2014-09-15,23.69186782836914
2014-09-16,23.822296142578125
2014-09-17,23.80390167236328
2014-09-18,23.884172439575195
2014-09-19,23.73868751525879
2014-09-22,23.420969009399414
2014-09-23,23.228660583496094
2014-09-24,23.33888053894043
2014-09-25,23.018457412719727
2014-09-26,23.196285247802734
2014-09-29,23.139249801635742
2014-09-30,22.93961524963379
2014-10-01,22.63093376159668
2014-10-02,22.682941436767578
2014-10-03,22.82889175415039
2014-10-06,22.778554916381836
2014-10-07,22.439682006835938
2014-10-08,22.76178550720215
2014-10-09,22.22159767150879
2014-10-10,21.84580421447754
2014-10-13,21.56062126159668
2014-10-14,21.76360321044922
2014-10-15,21.761930465698242
2014-10-16,21.961563110351562
2014-10-17,22.125974655151367
2014-10-20,22.365869522094727
2014-10-21,22.889286041259766
2014-10-22,22.65945816040039
2014-10-23,22.984912872314453
2014-10-24,23.063753128051758
2014-10-27,23.067108154296875
2014-10-28,23.454631805419922
2014-10-29,23.41437339782715
2014-10-30,23.494897842407227
2014-10-31,23.75157356262207
2014-11-03,23.806934356689453
2014-11-04,23.70963478088379
2014-11-05,23.78177261352539
2014-11-06,23.961278915405273
2014-11-07,23.981407165527344
2014-11-10,24.048503875732422
2014-11-11,24.048503875732422
2014-11-12,24.107227325439453
2014-11-13,23.99986457824707
2014-11-14,23.996503829956055
2014-11-17,23.946182250976562
2014-11-18,24.088775634765625
2014-11-19,23.993152618408203
2014-11-20,24.107227325439453
2014-11-21,24.217947006225586
2014-11-24,24.38235855102539
2014-11-25,24.399127960205078
2014-11-26,24.39409637451172
2014-11-28,24.2011775970459
2014-12-01,23.89081573486328
2014-12-02,24.045162200927734
2014-12-03,24.248151779174805
2014-12-04,24.206205368041992
2014-12-05,24.244783401489258
2014-12-08,24.0703125
2014-12-09,24.197813034057617
2014-12-10,23.738157272338867
2014-12-11,23.870683670043945
2014-12-12,23.528451919555664
2014-12-15,23.365718841552734
2014-12-16,23.32546615600586
2014-12-17,23.869009017944336
2014-12-18,24.2733097076416
2014-12-19,24.350482940673828
2014-12-22,24.451133728027344
2014-12-23,24.524953842163086
2014-12-24,24.580060958862305
2014-12-26,24.64748191833496
2014-12-29,24.76207160949707
2014-12-30,24.659271240234375
2014-12-31,24.403108596801758
2015-01-02,24.367713928222656
2015-01-05,24.002004623413086
2015-01-06,23.7357234954834
2015-01-07,24.057619094848633
2015-01-08,24.428388595581055
2015-01-09,24.221086502075195
2015-01-12,24.07278823852539
2015-01-13,24.07278823852539
2015-01-14,23.986835479736328
2015-01-15,23.718873977661133
2015-01-16,24.035709381103516
2015-01-20,23.97503662109375
2015-01-21,24.141881942749023
2015-01-22,24.58175277709961
2015-01-23,24.468833923339844
2015-01-26,24.755329132080078
2015-01-27,24.575002670288086
2015-01-28,24.28681755065918
2015-01-29,24.467145919799805
2015-01-30,24.128400802612305
2015-02-02,24.337383270263672
2015-02-03,24.77556037902832
2015-02-04,24.669376373291016
2015-02-05,24.92218017578125
2015-02-06,24.83116912841797
2015-02-09,24.711519241333008
2015-02-10,24.91037940979004
2015-02-11,24.90026092529297
2015-02-12,25.12778663635254
2015-02-13,25.27440071105957
2015-02-17,25.289569854736328
2015-02-18,25.370458602905273
2015-02-19,25.328330993652344
2015-02-20,25.51202964782715
2015-02-23,25.517087936401367
2015-02-24,25.54742431640625
2015-02-25,25.517087936401367
2015-02-26,25.46989631652832
2015-02-27,25.355295181274414
2015-03-02,25.55247688293457
2015-03-03,25.424392700195312
2015-03-04,25.31822395324707
2015-03-05,25.340133666992188
2015-03-06,25.041833877563477
2015-03-09,25.136207580566406
2015-03-10,24.817686080932617
2015-03-11,24.999706268310547
2015-03-12,25.276086807250977
2015-03-13,25.122722625732422
2015-03-16,25.41427993774414
2015-03-17,25.468215942382812
2015-03-18,25.722694396972656
2015-03-19,25.653596878051758
2015-03-20,25.901336669921875
2015-03-23,25.914813995361328
2015-03-24,25.79178810119629
2015-03-25,25.37437629699707
2015-03-26,25.311826705932617
2015-03-27,25.430166244506836
2015-03-30,25.778438568115234
2015-03-31,25.693899154663086
2015-04-01,25.60767936706543
2015-04-02,25.697282791137695
2015-04-06,25.930585861206055
2015-04-07,25.697282791137695
2015-04-08,25.8342227935791
2015-04-09,25.83253288269043
2015-04-10,25.881559371948242
2015-04-13,25.79534339904785
2015-04-14,25.819013595581055
2015-04-15,25.942420959472656
2015-04-16,25.86803436279297
2015-04-17,25.565420150756836
2015-04-20,25.780126571655273
2015-04-21,25.785194396972656
2015-04-22,25.86296272277832
2015-04-23,25.98638153076172
2015-04-24,25.878177642822266
2015-04-27,25.668546676635742
2015-04-28,25.768293380737305
2015-04-29,25.619518280029297
2015-04-30,25.328733444213867
2015-05-01,25.521461486816406
2015-05-04,25.617826461791992
2015-05-05,25.311826705932617
2015-05-06,25.31351089477539
2015-05-07,25.398042678833008
2015-05-08,25.63134765625
2015-05-11,25.614444732666016
2015-05-12,25.555274963378906
2015-05-13,25.604297637939453
2015-05-14,25.86466407775879
2015-05-15,25.851133346557617
2015-05-18,26.05569076538086
2015-05-19,26.023571014404297
2015-05-20,26.025264739990234
2015-05-21,26.05400276184082
2015-05-22,26.03033447265625
2015-05-26,25.742931365966797
2015-05-27,25.97454261779785
2015-05-28,25.920440673828125
2015-05-29,25.751380920410156
2015-06-01,25.793655395507812
2015-06-02,25.815628051757812
2015-06-03,25.949182510375977
2015-06-04,25.7209529876709
2015-06-05,25.791961669921875
2015-06-08,25.627975463867188
2015-06-09,25.57217788696289
2015-06-10,25.85282325744629
2015-06-11,26.001598358154297
2015-06-12,25.888324737548828
2015-06-15,25.73616600036621
2015-06-16,25.911989212036133
2015-06-17,25.890016555786133
2015-06-18,26.10979461669922
2015-06-19,26.025264739990234
2015-06-22,26.175724029541016
2015-06-23,26.197710037231445
2015-06-24,25.948932647705078
2015-06-25,25.87092399597168
2015-06-26,25.92010498046875
2015-06-29,25.377456665039062
2015-06-30,25.433412551879883
2015-07-01,25.511417388916016
2015-07-02,25.4724178314209
2015-07-06,25.394411087036133
2015-07-07,25.51312255859375
2015-07-08,25.155303955078125
2015-07-09,25.172260284423828
2015-07-10,25.433412551879883
2015-07-13,25.662351608276367
2015-07-14,25.765785217285156
2015-07-15,25.619953155517578
2015-07-16,25.714916229248047
2015-07-17,25.50802993774414
2015-07-20,25.506332397460938
2015-07-21,25.32488441467285
2015-07-22,25.384239196777344
2015-07-23,25.21973991394043
2015-07-24,24.992507934570312
2015-07-27,24.809362411499023
2015-07-28,25.0637264251709
2015-07-29,25.348628997802734
2015-07-30,25.40797233581543
2015-07-31,25.43850326538086
2015-08-03,25.360492706298828
2015-08-04,25.3469295501709
2015-08-05,25.484285354614258
2015-08-06,25.24348258972168
2015-08-07,25.20448875427246
2015-08-10,25.586034774780273
2015-08-11,25.33336067199707
2015-08-12,25.27401351928711
2015-08-13,25.270610809326172
2015-08-14,25.43511390686035
2015-08-17,25.66404151916504
2015-08-18,25.5351619720459
2015-08-19,25.260446548461914
2015-08-20,24.692352294921875
2015-08-21,24.115787506103516
2015-08-24,23.217023849487305
2015-08-25,22.88804054260254
2015-08-26,23.5120849609375
2015-08-27,24.08696174621582
2015-08-28,24.183616638183594
2015-08-31,24.0140380859375
2015-09-01,23.334030151367188
2015-09-02,23.6850528717041
2015-09-03,23.798675537109375
2015-09-04,23.513784408569336
2015-09-08,24.08357048034668
2015-09-09,23.82071876525879
2015-09-10,23.868202209472656
2015-09-11,24.005563735961914
2015-09-14,23.90212059020996
2015-09-15,24.173442840576172
2015-09-16,24.402379989624023
2015-09-17,24.375246047973633
2015-09-18,23.976734161376953
2015-09-21,24.103919982910156
2015-09-22,23.780019760131836
2015-09-23,23.720670700073242
2015-09-24,23.610443115234375
2015-09-25,23.569421768188477
2015-09-28,22.97533416748047
2015-09-29,22.95319366455078
2015-09-30,23.254501342773438
2015-10-01,23.20343780517578
2015-10-02,23.537080764770508
2015-10-05,23.993282318115234
2015-10-06,23.906469345092773
2015-10-07,24.207765579223633
2015-10-08,24.45970344543457
2015-10-09,24.510765075683594
2015-10-12,24.493745803833008
2015-10-13,24.260536193847656
2015-10-14,24.085201263427734
2015-10-15,24.367774963378906
2015-10-16,24.37288475036621
2015-10-19,24.444381713867188
2015-10-20,24.442672729492188
2015-10-21,24.178829193115234
2015-10-22,24.35415267944336
2015-10-23,24.480121612548828
2015-10-26,24.41544532775879
2015-10-27,24.219684600830078
2015-10-28,24.716745376586914
2015-10-29,24.59077262878418
2015-10-30,24.548213958740234
2015-11-02,24.919309616088867
2015-11-03,24.941438674926758
2015-11-04,24.905689239501953
2015-11-05,24.917606353759766
2015-11-06,24.8869686126709
2015-11-09,24.663965225219727
2015-11-10,24.803552627563477
2015-11-11,24.657163619995117
2015-11-12,24.126052856445312
2015-11-13,23.91668128967285
2015-11-16,24.214570999145508
2015-11-17,24.13797378540039
2015-11-18,24.548213958740234
2015-11-19,24.51587677001953
2015-11-20,24.640140533447266
2015-11-23,24.68269157409668
2015-11-24,24.849517822265625
2015-11-25,24.93292808532715
2015-11-27,25.006120681762695
2015-11-30,24.880157470703125
2015-12-01,25.081018447875977
2015-12-02,24.798452377319336
2015-12-03,24.384796142578125
2015-12-04,24.689502716064453
2015-12-07,24.429054260253906
2015-12-08,24.277559280395508
2015-12-09,23.97966766357422
2015-12-10,24.034137725830078
2015-12-11,23.691980361938477
2015-12-14,23.555801391601562
2015-12-15,23.797521591186523
2015-12-16,24.044349670410156
2015-12-17,23.756671905517578
2015-12-18,23.417919158935547
2015-12-21,23.58814239501953
2015-12-22,23.81964874267578
2015-12-23,24.122650146484375
2015-12-24,24.145057678222656
2015-12-28,24.10913848876953
2015-12-29,24.29388427734375
2015-12-30,24.085187911987305
2015-12-31,23.832019805908203
2016-01-04,23.522396087646484
2016-01-05,23.54122543334961
2016-01-06,23.211074829101562
2016-01-07,22.610652923583984
2016-01-08,22.318147659301758
2016-01-11,22.244586944580078
2016-01-12,22.33011817932129
2016-01-13,21.738245010375977
2016-01-14,21.993125915527344
2016-01-15,21.680091857910156
2016-01-19,21.560348510742188
2016-01-20,21.409814834594727
2016-01-21,21.445735931396484
2016-01-22,21.976024627685547
2016-01-25,21.532983779907227
2016-01-26,22.006816864013672
2016-01-27,21.789575576782227
2016-01-28,21.803258895874023
2016-01-29,22.49946403503418
2016-02-01,22.47893524169922
2016-02-02,22.001684188842773
2016-02-03,22.157352447509766
2016-02-04,22.314722061157227
2016-02-05,21.83747100830078
2016-02-08,21.456005096435547
2016-02-09,21.402973175048828
2016-02-10,21.46284294128418
2016-02-11,21.160072326660156
2016-02-12,21.556926727294922
2016-02-16,22.017078399658203
2016-02-17,22.350645065307617
2016-02-18,22.319854736328125
2016-02-19,22.31130599975586
2016-02-22,22.598678588867188
2016-02-23,22.398544311523438
2016-02-24,22.549076080322266
2016-02-25,22.800533294677734
2016-02-26,22.913429260253906
2016-02-29,22.795400619506836
2016-03-01,23.306867599487305
2016-03-02,23.517276763916016
2016-03-03,23.78413200378418
2016-03-04,23.93808364868164
2016-03-07,24.039003372192383
2016-03-08,23.599384307861328
2016-03-09,23.695173263549805
2016-03-10,23.621612548828125
2016-03-11,24.078353881835938
2016-03-14,23.99110984802246
2016-03-15,23.825178146362305
2016-03-16,24.08348274230957
2016-03-17,24.329803466796875
2016-03-18,24.45467185974121
2016-03-21,24.466651916503906
2016-03-22,24.476913452148438
2016-03-23,24.177827835083008
2016-03-24,24.193283081054688
2016-03-28,24.280841827392578
2016-03-29,24.737548828125
2016-03-30,24.728960037231445
2016-03-31,24.75642967224121
2016-04-01,24.87318229675293
2016-04-04,24.631099700927734
2016-04-05,24.37012481689453
2016-04-06,24.608783721923828
2016-04-07,24.296297073364258
2016-04-08,24.443954467773438
2016-04-11,24.40962028503418
2016-04-12,24.67401885986328
2016-04-13,25.08437156677246
2016-04-14,25.000244140625
2016-04-15,25.10840606689453
2016-04-18,25.202831268310547
2016-04-19,25.300703048706055
2016-04-20,25.316152572631836
2016-04-21,25.09638214111328
2016-04-22,25.314443588256836
2016-04-25,25.171926498413086
2016-04-26,25.38826560974121
2016-04-27,25.515317916870117
2016-04-28,25.1856632232666
2016-04-29,25.038013458251953
2016-05-02,25.273229598999023
2016-05-03,24.924697875976562
2016-05-04,24.816524505615234
2016-05-05,24.797639846801758
2016-05-06,24.900659561157227
2016-05-09,24.905799865722656
2016-05-10,25.202831268310547
2016-05-11,24.95387840270996
2016-05-12,24.943580627441406
2016-05-13,24.69805908203125
2016-05-16,24.960744857788086
2016-05-17,24.68089485168457
2016-05-18,24.629379272460938
2016-05-19,24.543529510498047
2016-05-20,24.88176918029785
2016-05-23,24.825109481811523
2016-05-24,25.257781982421875
2016-05-25,25.414016723632812
2016-05-26,25.415735244750977
2016-05-27,25.62863540649414
2016-05-31,25.620058059692383
2016-06-01,25.719633102416992
2016-06-02,25.877586364746094
2016-06-03,25.74881935119629
2016-06-06,25.972015380859375
2016-06-07,26.068164825439453
2016-06-08,26.18663215637207
2016-06-09,26.124826431274414
2016-06-10,25.762554168701172
2016-06-13,25.4741153717041
2016-06-14,25.3951358795166
2016-06-15,25.4500732421875
2016-06-16,25.415735244750977
2016-06-17,25.432903289794922
2016-06-20,25.6852970123291
2016-06-21,25.693222045898438
2016-06-22,25.629438400268555
2016-06-23,26.106964111328125
2016-06-24,25.057092666625977
2016-06-27,24.34339714050293
2016-06-28,24.817472457885742
2016-06-29,25.24500274658203
2016-06-30,25.75356101989746
2016-07-01,25.8070011138916
2016-07-05,25.493249893188477
2016-07-06,25.612199783325195
2016-07-07,25.675981521606445
2016-07-08,26.143165588378906
2016-07-11,26.30694007873535
2016-07-12,26.565523147583008
2016-07-13,26.49483871459961
2016-07-14,26.556903839111328
2016-07-15,26.556903839111328
2016-07-18,26.574138641357422
2016-07-19,26.525875091552734
2016-07-20,26.667236328125
2016-07-21,26.52759552001953
2016-07-22,26.699983596801758
2016-07-25,26.61897087097168
2016-07-26,26.74825668334961
2016-07-27,26.63619613647461
2016-07-28,26.743087768554688
2016-07-29,26.82065773010254
2016-08-01,26.753433227539062
2016-08-02,26.448299407958984
2016-08-03,26.613786697387695
2016-08-04,26.622411727905273
2016-08-05,26.884449005126953
2016-08-08,26.898239135742188
2016-08-09,26.889617919921875
2016-08-10,26.79825782775879
2016-08-11,26.855144500732422
2016-08-12,26.815486907958984
2016-08-15,27.03270149230957
2016-08-16,26.762052536010742
2016-08-17,26.706886291503906
2016-08-18,26.891345977783203
2016-08-19,26.910301208496094
2016-08-22,26.92754364013672
2016-08-23,27.055116653442383
2016-08-24,26.90167999267578
2016-08-25,26.95685577392578
2016-08-26,26.862035751342773
2016-08-29,27.07752799987793
2016-08-30,27.068906784057617
2016-08-31,26.953405380249023
2016-09-01,26.94651222229004
2016-09-02,27.229228973388672
2016-09-06,27.167173385620117
2016-09-07,27.258543014526367
2016-09-08,27.141307830810547
2016-09-09,26.341413497924805
2016-09-12,26.655170440673828
2016-09-13,26.167301177978516
2016-09-14,26.09489631652832
2016-09-15,26.362104415893555
2016-09-16,26.232807159423828
2016-09-19,26.429340362548828
2016-09-20,26.30694007873535
2016-09-21,26.653438568115234
2016-09-22,26.972375869750977
2016-09-23,26.749977111816406
2016-09-26,26.614730834960938
2016-09-27,26.633779525756836
2016-09-28,26.867572784423828
2016-09-29,26.58182144165039
2016-09-30,26.793102264404297
2016-10-03,26.597412109375
2016-10-04,26.47444725036621
2016-10-05,26.600875854492188
2016-10-06,26.651090621948242
2016-10-07,26.486568450927734
2016-10-10,26.687461853027344
2016-10-11,26.257972717285156
2016-10-12,26.35495376586914
2016-10-13,26.24757194519043
2016-10-14,26.233718872070312
2016-10-17,26.219867706298828
2016-10-18,26.372276306152344
2016-10-19,26.495235443115234
2016-10-20,26.36707305908203
2016-10-21,26.374004364013672
2016-10-24,26.490032196044922
2016-10-25,26.299530029296875
2016-10-26,26.150590896606445
2016-10-27,25.935850143432617
2016-10-28,25.911602020263672
2016-10-31,26.07613182067871
2016-11-01,25.797300338745117
2016-11-02,25.553117752075195
2016-11-03,25.501161575317383
2016-11-04,25.56178092956543
2016-11-07,26.074392318725586
2016-11-08,26.148862838745117
2016-11-09,26.63551139831543
2016-11-10,26.7550106048584
2016-11-11,27.028629302978516
2016-11-14,27.470252990722656
2016-11-15,27.588016510009766
2016-11-16,27.603595733642578
2016-11-17,27.76293182373047
2016-11-18,27.783708572387695
2016-11-21,27.958620071411133
2016-11-22,28.16990852355957
2016-11-23,28.29633331298828
2016-11-25,28.377729415893555
2016-11-28,28.178573608398438
2016-11-29,28.239181518554688
2016-11-30,28.14566993713379
2016-12-01,28.091976165771484
2016-12-02,28.130075454711914
2016-12-05,28.424488067626953
2016-12-06,28.718891143798828
2016-12-07,29.046218872070312
2016-12-08,29.36659812927246
2016-12-09,29.305986404418945
2016-12-12,29.125877380371094
2016-12-13,29.18475914001465
2016-12-14,28.834930419921875
2016-12-15,28.952688217163086
2016-12-16,28.890338897705078
2016-12-19,29.053136825561523
2016-12-20,29.226320266723633
2016-12-21,29.09860610961914
2016-12-22,28.926342010498047
2016-12-23,28.975067138671875
2016-12-27,29.10382843017578
2016-12-28,28.8062801361084
2016-12-29,28.88458251953125
2016-12-30,28.769746780395508
2017-01-03,28.92460060119629
2017-01-04,29.390928268432617
2017-01-05,29.162979125976562
2017-01-06,29.133407592773438
2017-01-09,28.940261840820312
2017-01-10,29.135143280029297
2017-01-11,29.24476432800293
2017-01-12,29.08641242980957
2017-01-13,29.25346565246582
2017-01-17,28.982019424438477
2017-01-18,29.11079216003418
2017-01-19,28.901981353759766
2017-01-20,29.042926788330078
2017-01-23,28.97332191467285
2017-01-24,29.406593322753906
2017-01-25,29.655406951904297
2017-01-26,29.556236267089844
2017-01-27,29.40833282470703
2017-01-30,29.178640365600586
2017-01-31,29.26216697692871
2017-02-01,29.18038558959961
2017-02-02,29.20301628112793
2017-02-03,29.604955673217773
2017-02-06,29.474441528320312
2017-02-07,29.373523712158203
2017-02-08,29.397884368896484
2017-02-09,29.688472747802734
2017-02-10,29.841604232788086
2017-02-13,29.92685317993164
2017-02-14,30.010391235351562
2017-02-15,30.099130630493164
2017-02-16,30.074769973754883
2017-02-17,30.095632553100586
2017-02-21,30.347951889038086
2017-02-22,30.250499725341797
2017-02-23,30.100860595703125
2017-02-24,30.139144897460938
2017-02-27,30.346208572387695
2017-02-28,30.00690269470215
2017-03-01,30.521953582763672
2017-03-02,30.18612289428711
2017-03-03,30.198314666748047
2017-03-06,30.01561164855957
2017-03-07,29.839862823486328
2017-03-08,29.698915481567383
2017-03-09,29.580596923828125
2017-03-10,29.725006103515625
2017-03-13,29.773731231689453
2017-03-14,29.657154083251953
2017-03-15,30.059101104736328
2017-03-16,30.02604866027832
2017-03-17,30.053878784179688
2017-03-20,29.93207359313965
2017-03-21,29.330028533935547
2017-03-22,29.390928268432617
2017-03-23,29.472713470458984
2017-03-24,29.44024085998535
2017-03-27,29.40184211730957
2017-03-28,29.62527084350586
2017-03-29,29.731752395629883
2017-03-30,29.876630783081055
2017-03-31,29.887094497680664
2017-04-03,29.731752395629883
2017-04-04,29.677644729614258
2017-04-05,29.459449768066406
2017-04-06,29.707313537597656
2017-04-07,29.679386138916016
2017-04-10,29.738731384277344
2017-04-11,29.922016143798828
2017-04-12,29.56592559814453
2017-04-13,29.225547790527344
2017-04-17,29.572900772094727
2017-04-18,29.585124969482422
2017-04-19,29.637493133544922
2017-04-20,29.930736541748047
2017-04-21,29.857418060302734
2017-04-24,30.227466583251953
2017-04-25,30.395042419433594
2017-04-26,30.402023315429688
2017-04-27,30.42996597290039
2017-04-28,30.126243591308594
2017-05-01,30.234466552734375
2017-05-02,30.16464614868164
2017-05-03,30.0494441986084
2017-05-04,30.005794525146484
2017-05-05,30.26239585876465
2017-05-08,30.1367130279541
2017-05-09,30.07038688659668
2017-05-10,30.250167846679688
2017-05-11,30.075620651245117
2017-05-12,29.932491302490234
2017-05-15,30.134967803955078
2017-05-16,30.115772247314453
2017-05-17,29.487377166748047
2017-05-18,29.524032592773438
2017-05-19,29.8225154876709
2017-05-22,29.960418701171875
2017-05-23,30.019765853881836
2017-05-24,30.11054039001465
2017-05-25,30.152423858642578
2017-05-26,30.079113006591797
2017-05-30,29.983104705810547
2017-05-31,29.99357795715332
2017-06-01,30.47011375427246
2017-06-02,30.50851058959961
2017-06-05,30.395042419433594
2017-06-06,30.290321350097656
2017-06-07,30.26413345336914
2017-06-08,30.5277156829834
2017-06-09,30.639432907104492
2017-06-12,30.683067321777344
2017-06-13,30.87856674194336
2017-06-14,30.726703643798828
2017-06-15,30.590557098388672
2017-06-16,30.574844360351562
2017-06-19,30.772096633911133
2017-06-20,30.436954498291016
2017-06-21,30.251920700073242
2017-06-22,30.297304153442383
2017-06-23,30.415992736816406
2017-06-26,30.536447525024414
2017-06-27,30.282817840576172
2017-06-28,30.626123428344727
2017-06-29,30.438709259033203
2017-06-30,30.468482971191406
2017-07-03,30.67340850830078
2017-07-05,30.57357406616211
2017-07-06,30.188222885131836
2017-07-07,30.49650001525879
2017-07-10,30.433452606201172
2017-07-11,30.468482971191406
2017-07-12,30.669912338256836
2017-07-13,30.701435089111328
2017-07-14,30.810033798217773
2017-07-17,30.864337921142578
2017-07-18,30.771509170532227
2017-07-19,31.079769134521484
2017-07-20,31.058757781982422
2017-07-21,30.97117042541504
2017-07-24,31.03073501586914
2017-07-25,31.309221267700195
2017-07-26,31.025474548339844
2017-07-27,30.934402465820312
2017-07-28,30.776752471923828
2017-07-31,30.738229751586914
2017-08-01,30.81703758239746
2017-08-02,30.601604461669922
2017-08-03,30.50351333618164
2017-08-04,30.5945987701416
2017-08-07,30.589338302612305
2017-08-08,30.52452850341797
2017-08-09,30.316097259521484
2017-08-10,29.830907821655273
2017-08-11,29.897464752197266
2017-08-14,30.239025115966797
2017-08-15,30.079633712768555
2017-08-16,30.156696319580078
2017-08-17,29.631235122680664
2017-08-18,29.571678161621094
2017-08-21,29.57868194580078
2017-08-22,29.83966827392578
2017-08-23,29.767858505249023
2017-08-24,29.739835739135742
2017-08-25,29.888715744018555
2017-08-28,29.86594009399414
2017-08-29,29.843164443969727
2017-08-30,30.034090042114258
2017-08-31,30.2688045501709
2017-09-01,30.386152267456055
2017-09-05,30.056867599487305
2017-09-06,30.09364128112793
2017-09-07,29.986797332763672
2017-09-08,30.076133728027344
2017-09-11,30.443952560424805
2017-09-12,30.645387649536133
2017-09-13,30.612104415893555
2017-09-14,30.598106384277344
2017-09-15,30.69443702697754
2017-09-18,30.843324661254883
2017-09-19,30.83981704711914
2017-09-20,30.94490623474121
2017-09-21,30.87834930419922
2017-09-22,30.967679977416992
2017-09-25,31.03422737121582
2017-09-26,31.068336486816406
2017-09-27,31.363649368286133
2017-09-28,31.43046760559082
2017-09-29,31.448043823242188
2017-10-02,31.743366241455078
2017-10-03,31.81367301940918
2017-10-04,31.803117752075195
2017-10-05,31.892770767211914
2017-10-06,31.875186920166016
2017-10-09,31.76972770690918
2017-10-10,31.868160247802734
2017-10-11,31.889251708984375
2017-10-12,31.903310775756836
2017-10-13,31.883975982666016
2017-10-16,31.88575553894043
2017-10-17,31.831254959106445
2017-10-18,31.9384708404541
2017-10-19,31.971874237060547
2017-10-20,32.16172790527344
2017-10-23,31.994728088378906
2017-10-24,32.11249923706055
2017-10-25,31.917394638061523
2017-10-26,32.07559585571289
2017-10-27,32.23027801513672
2017-10-30,32.000003814697266
2017-10-31,32.16172790527344
2017-11-01,32.08613967895508
2017-11-02,32.10020446777344
2017-11-03,32.19512176513672
2017-11-06,32.314666748046875
2017-11-07,32.11073684692383
2017-11-08,32.1968879699707
2017-11-09,32.0298957824707
2017-11-10,32.02461624145508
2017-11-13,32.0966796875
2017-11-14,32.058013916015625
2017-11-15,31.910356521606445
2017-11-16,32.223243713378906
2017-11-17,32.3111572265625
2017-11-20,32.42715835571289
2017-11-21,32.63459777832031
2017-11-22,32.61526107788086
2017-11-24,32.62931823730469
2017-11-27,32.57482147216797
2017-11-28,33.021305084228516
2017-11-29,33.16368865966797
2017-11-30,33.360591888427734
2017-12-01,33.283233642578125
2017-12-04,33.26919174194336
2017-12-05,33.001983642578125
2017-12-06,32.87013244628906
2017-12-07,33.100425720214844
2017-12-08,33.21995544433594
2017-12-11,33.183040618896484
2017-12-12,33.100425720214844
2017-12-13,33.11448669433594
2017-12-14,32.83321762084961
2017-12-15,33.16019058227539
2017-12-18,33.50298309326172
2017-12-19,33.35368728637695
2017-12-20,33.417152404785156
2017-12-21,33.49821853637695
2017-12-22,33.492923736572266
2017-12-26,33.512306213378906
2017-12-27,33.503501892089844
2017-12-28,33.61453628540039
2017-12-29,33.447105407714844
2018-01-02,33.7625732421875
2018-01-03,33.82426071166992
2018-01-04,33.92119216918945
2018-01-05,34.053375244140625
2018-01-08,34.22256088256836
2018-01-09,34.17673873901367
2018-01-10,34.01459884643555
2018-01-11,34.49925994873047
2018-01-12,34.59795379638672
2018-01-16,34.337127685546875
2018-01-17,34.59795379638672
2018-01-18,34.458717346191406
2018-01-19,34.830596923828125
2018-01-22,35.00332260131836
2018-01-23,35.07909393310547
2018-01-24,34.98569107055664
2018-01-25,34.959251403808594
2018-01-26,35.10905838012695
2018-01-29,34.82176971435547
2018-01-30,34.458717346191406
2018-01-31,34.37413024902344
2018-02-01,34.43934631347656
2018-02-02,33.74847412109375
2018-02-05,32.50774383544922
2018-02-06,32.805580139160156
2018-02-07,32.79500961303711
2018-02-08,31.704076766967773
2018-02-09,32.07594680786133
2018-02-12,32.3737907409668
2018-02-13,32.46543884277344
2018-02-14,33.08403396606445
2018-02-15,33.42243576049805
2018-02-16,33.49821853637695
2018-02-20,33.26028823852539
2018-02-21,33.18450927734375
2018-02-22,33.13868713378906
2018-02-23,33.55990219116211
2018-02-26,33.74494171142578
2018-02-27,33.26557159423828
2018-02-28,32.861976623535156
2018-03-01,32.766807556152344
2018-03-02,33.10519027709961
2018-03-05,33.44886016845703
2018-03-06,33.80487060546875
2018-03-07,33.89122772216797
2018-03-08,33.82601547241211
2018-03-09,34.38119125366211
2018-03-12,34.418190002441406
2018-03-13,34.22256088256836
2018-03-14,34.051612854003906
2018-03-15,33.926475524902344
2018-03-16,34.13797378540039
2018-03-19,33.82954406738281
2018-03-20,33.85950469970703
2018-03-21,33.95820617675781
2018-03-22,33.110931396484375
2018-03-23,32.44938278198242
2018-03-26,33.17106628417969
2018-03-27,32.66340637207031
2018-03-28,32.727088928222656
2018-03-29,33.178138732910156
2018-04-02,32.39985656738281
2018-04-03,32.84736633300781
2018-04-04,33.137451171875
2018-04-05,33.388641357421875
2018-04-06,32.725318908691406
2018-04-09,32.7447624206543
2018-04-10,33.26834487915039
2018-04-11,33.2276725769043
2018-04-12,33.37093734741211
2018-04-13,33.26304626464844
2018-04-16,33.606204986572266
2018-04-17,33.86091995239258
2018-04-18,33.95820617675781
2018-04-19,33.79191589355469
2018-04-20,33.5814323425293
2018-04-23,33.57435989379883
2018-04-24,33.330257415771484
2018-04-25,33.355037689208984
2018-04-26,33.480613708496094
2018-04-27,33.4257926940918
2018-04-30,33.07024383544922
2018-05-01,33.19759750366211
2018-05-02,33.137451171875
2018-05-03,33.08616256713867
2018-05-04,33.53190612792969
2018-05-07,33.71763610839844
2018-05-08,33.823753356933594
2018-05-09,33.9953498840332
2018-05-10,34.2518310546875
2018-05-11,34.28012466430664
2018-05-14,34.241214752197266
2018-05-15,34.14215087890625
2018-05-16,34.38273620605469
2018-05-17,34.45347595214844
2018-05-18,34.38273620605469
2018-05-21,34.7170295715332
2018-05-22,34.47824478149414
2018-05-23,34.506534576416016
2018-05-24,34.53662109375
2018-05-25,34.44109344482422
2018-05-29,34.30843734741211
2018-05-30,34.84086227416992
2018-05-31,34.45170211791992
2018-06-01,34.651588439941406
2018-06-04,34.84792709350586
2018-06-05,34.931068420410156
2018-06-06,35.226463317871094
2018-06-07,35.242366790771484
2018-06-08,35.43341827392578
2018-06-11,35.43872833251953
2018-06-12,35.49002456665039
2018-06-13,35.2759895324707
2018-06-14,35.35912322998047
2018-06-15,35.279518127441406
2018-06-18,35.344970703125
2018-06-19,35.291908264160156
2018-06-20,35.467018127441406
2018-06-21,35.221153259277344
2018-06-22,35.245914459228516
2018-06-25,34.7347297668457
2018-06-26,34.79477310180664
2018-06-27,34.41459274291992
2018-06-28,34.56382369995117
2018-06-29,34.602901458740234
2018-07-02,34.61711502075195
2018-07-03,34.7059440612793
2018-07-05,35.01150894165039
2018-07-06,35.26731872558594
2018-07-09,35.617286682128906
2018-07-10,35.60662841796875
2018-07-11,35.302852630615234
2018-07-12,35.40943908691406
2018-07-13,35.39522933959961
2018-07-16,35.214027404785156
2018-07-17,35.370361328125
2018-07-18,35.49116897583008
2018-07-19,35.64216232299805
2018-07-20,35.421871185302734
2018-07-23,35.43430709838867
2018-07-24,35.16783142089844
2018-07-25,35.269100189208984
2018-07-26,35.43077087402344
2018-07-27,35.03459930419922
2018-07-30,34.881813049316406
2018-07-31,35.19270324707031
2018-08-01,35.096778869628906
2018-08-02,35.38279724121094
2018-08-03,35.4858283996582
2018-08-06,35.65815353393555
2018-08-07,35.74163818359375
2018-08-08,35.65637969970703
2018-08-09,35.61552047729492
2018-08-10,35.414764404296875
2018-08-13,35.23001480102539
2018-08-14,35.555118560791016
2018-08-15,35.23001480102539
2018-08-16,35.510704040527344
2018-08-17,35.69367980957031
2018-08-20,35.828697204589844
2018-08-21,36.11649703979492
2018-08-22,36.11116409301758
2018-08-23,35.98680877685547
2018-08-24,36.121829986572266
2018-08-27,36.29237365722656
2018-08-28,36.29058837890625
2018-08-29,36.41495132446289
2018-08-30,36.22663879394531
2018-08-31,36.30302429199219
2018-09-04,36.23551559448242
2018-09-05,36.21421432495117
2018-09-06,36.09695053100586
2018-09-07,36.020565032958984
2018-09-10,36.09872817993164
2018-09-11,36.15202713012695
2018-09-12,36.17868423461914
2018-09-13,36.258602142333984
2018-09-14,36.395408630371094
2018-09-17,36.05076217651367
2018-09-18,36.205318450927734
2018-09-19,36.08808517456055
2018-09-20,36.35631561279297
2018-09-21,36.255069732666016
2018-09-24,36.12715148925781
2018-09-25,36.10404968261719
2018-09-26,35.77260208129883
2018-09-27,35.79936981201172
2018-09-28,35.908180236816406
2018-10-01,35.63524627685547
2018-10-02,35.490760803222656
2018-10-03,35.63346481323242
2018-10-04,35.248146057128906
2018-10-05,34.9930419921875
2018-10-08,34.9930419921875
2018-10-09,34.79681396484375
2018-10-10,33.89238739013672
2018-10-11,33.19308090209961
2018-10-12,33.264442443847656
2018-10-15,33.40894317626953
2018-10-16,34.11893081665039
2018-10-17,34.03507614135742
2018-10-18,33.52668380737305
2018-10-19,33.309043884277344
2018-10-22,33.1359977722168
2018-10-23,32.81132125854492
2018-10-24,31.808773040771484
2018-10-25,32.28150939941406
2018-10-26,31.93008804321289
2018-10-29,31.801637649536133
2018-10-30,32.365352630615234
2018-10-31,32.475948333740234
2018-11-01,33.11994552612305
2018-11-02,33.15205764770508
2018-11-05,33.30368423461914
2018-11-06,33.49635314941406
2018-11-07,34.01011276245117
2018-11-08,33.874542236328125
2018-11-09,33.514198303222656
2018-11-12,32.98079299926758
2018-11-13,32.996864318847656
2018-11-14,32.80419921875
2018-11-15,33.19308090209961
2018-11-16,33.216278076171875
2018-11-19,32.77030563354492
2018-11-20,32.21193313598633
2018-11-21,32.5598030090332
2018-11-23,32.51520919799805
2018-11-26,32.92728805541992
2018-11-27,32.66147994995117
2018-11-28,33.310813903808594
2018-11-29,33.275146484375
2018-11-30,33.49991989135742
2018-12-03,33.792484283447266
2018-12-04,32.58299255371094
2018-12-06,32.408172607421875
2018-12-07,31.740978240966797
2018-12-10,31.542970657348633
2018-12-11,31.44307518005371
2018-12-12,31.68925666809082
2018-12-13,31.36458969116211
2018-12-14,30.923948287963867
2018-12-17,30.245149612426758
2018-12-18,30.23978042602539
2018-12-19,29.713909149169922
2018-12-20,29.35259246826172
2018-12-21,28.746213912963867
2018-12-24,27.98959732055664
2018-12-26,29.248838424682617
2018-12-27,29.415184020996094
2018-12-28,29.390155792236328
2018-12-31,29.703168869018555
2019-01-02,29.60658836364746
2019-01-03,29.125415802001953
2019-01-04,30.089529037475586
2019-01-07,30.416858673095703
2019-01-08,30.92485237121582
2019-01-09,31.227149963378906
2019-01-10,31.466829299926758
2019-01-11,31.49186897277832
2019-01-14,31.304058074951172
2019-01-15,31.495433807373047
2019-01-16,31.717239379882812
2019-01-17,32.04636764526367
2019-01-18,32.455997467041016
2019-01-22,31.978397369384766
2019-01-23,31.930095672607422
2019-01-24,32.14295959472656
2019-01-25,32.4935417175293
2019-01-28,32.452392578125
2019-01-29,32.454193115234375
2019-01-30,32.64737319946289
2019-01-31,32.76005935668945
2019-02-01,32.87095642089844
2019-02-04,33.20366287231445
2019-02-05,33.32707595825195
2019-02-06,33.310970306396484
2019-02-07,33.14999771118164
2019-02-08,33.12495803833008
2019-02-11,33.33782196044922
2019-02-12,33.6848258972168
2019-02-13,33.858333587646484
2019-02-14,33.844017028808594
2019-02-15,34.248260498046875
2019-02-19,34.294761657714844
2019-02-20,34.43428039550781
2019-02-21,34.32695770263672
2019-02-22,34.588111877441406
2019-02-25,34.593482971191406
2019-02-26,34.29655838012695
2019-02-27,34.33768844604492
2019-02-28,34.192806243896484
2019-03-01,34.45574188232422
2019-03-04,34.29298400878906
2019-03-05,34.14988327026367
2019-03-06,33.68303680419922
2019-03-07,33.39863204956055
2019-03-08,33.310970306396484
2019-03-11,33.75994873046875
2019-03-12,33.815399169921875
2019-03-13,33.945980072021484
2019-03-14,33.908424377441406
2019-03-15,33.93701934814453
2019-03-18,34.207122802734375
2019-03-19,34.02647018432617
2019-03-20,33.744781494140625
2019-03-21,34.20079803466797
2019-03-22,33.22053527832031
2019-03-25,33.28876876831055
2019-03-26,33.62269592285156
2019-03-27,33.59935760498047
2019-03-28,33.88481903076172
2019-03-29,34.00331115722656
2019-04-01,34.464691162109375
2019-04-02,34.33184814453125
2019-04-03,34.50419998168945
2019-04-04,34.68731689453125
2019-04-05,34.95301818847656
2019-04-08,34.95301818847656
2019-04-09,34.57063293457031
2019-04-10,34.87762451171875
2019-04-11,34.981754302978516
2019-04-12,35.25463104248047
2019-04-15,35.193603515625
2019-04-16,35.21335220336914
2019-04-17,34.961997985839844
2019-04-18,35.03022003173828
2019-04-22,34.91891098022461
2019-04-23,35.355186462402344
2019-04-24,35.468284606933594
2019-04-25,35.04998016357422
2019-04-26,35.3946647644043
2019-04-29,35.41082763671875
2019-04-30,35.347991943359375
2019-05-01,34.95123291015625
2019-05-02,35.04099655151367
2019-05-03,35.547271728515625
2019-05-06,35.49341583251953
2019-05-07,34.784271240234375
2019-05-08,34.685523986816406
2019-05-09,34.58498764038086
2019-05-10,34.69987487792969
2019-05-13,33.68552780151367
2019-05-14,34.02485275268555
2019-05-15,34.11461639404297
2019-05-16,34.31747817993164
2019-05-17,33.93687057495117
2019-05-20,33.68194580078125
2019-05-21,34.12179183959961
2019-05-22,33.84711837768555
2019-05-23,33.28337860107422
2019-05-24,33.47188186645508
2019-05-28,33.112823486328125
2019-05-29,32.91175079345703
2019-05-30,32.852508544921875
2019-05-31,32.520362854003906
2019-06-03,32.73401641845703
2019-06-04,33.57242202758789
2019-06-05,33.69092559814453
2019-06-06,33.83634567260742
2019-06-07,34.00150680541992
2019-06-10,34.18463134765625
2019-06-11,34.21514892578125
2019-06-12,34.19002151489258
2019-06-13,34.40903854370117
2019-06-14,34.17744064331055
2019-06-17,34.1877326965332
2019-06-18,34.571903228759766
2019-06-19,34.674713134765625
2019-06-20,34.883934020996094
2019-06-21,34.67291259765625
2019-06-24,34.409584045410156
2019-06-25,34.212974548339844
2019-06-26,34.15526580810547
2019-06-27,34.5953483581543
2019-06-28,35.03723907470703
2019-07-01,35.136436462402344
2019-07-02,35.035430908203125
2019-07-03,35.3600959777832
2019-07-05,35.38534164428711
2019-07-08,35.04264450073242
2019-07-09,35.05345916748047
2019-07-10,35.031829833984375
2019-07-11,34.95607376098633
2019-07-12,35.31498718261719
2019-07-15,35.132835388183594
2019-07-16,35.143653869628906
2019-07-17,34.87671661376953
2019-07-18,35.01017761230469
2019-07-19,34.88212585449219
2019-07-22,34.86769104003906
2019-07-23,35.2374382019043
2019-07-24,35.74786376953125
2019-07-25,35.394351959228516
2019-07-26,35.740657806396484
2019-07-29,35.5675048828125
2019-07-30,35.80558395385742
2019-07-31,35.39796447753906
2019-08-01,34.8460578918457
2019-08-02,34.497947692871094
2019-08-05,33.522186279296875
2019-08-06,33.93521499633789
2019-08-07,34.018184661865234
2019-08-08,34.7252082824707
2019-08-09,34.26890182495117
2019-08-12,33.75846862792969
2019-08-13,34.1390380859375
2019-08-14,33.14704513549805
2019-08-15,33.08932876586914
2019-08-16,33.79453659057617
2019-08-19,34.10295867919922
2019-08-20,33.83962631225586
2019-08-21,34.02901077270508
2019-08-22,34.06869125366211
2019-08-23,33.14342498779297
2019-08-26,33.42299270629883
2019-08-27,33.03700637817383
2019-08-28,33.361671447753906
2019-08-29,33.884735107421875
2019-08-30,33.93882369995117
2019-09-03,33.522186279296875
2019-09-04,33.947853088378906
2019-09-05,34.53582763671875
2019-09-06,34.50335693359375
2019-09-09,34.79194641113281
2019-09-10,34.999359130859375
2019-09-11,35.462890625
2019-09-12,35.45026779174805
2019-09-13,35.47372055053711
2019-09-16,35.50618362426758
2019-09-17,35.379920959472656
2019-09-18,35.30778884887695
2019-09-19,35.23382568359375
2019-09-20,35.10578536987305
2019-09-23,35.179725646972656
2019-09-24,34.80255889892578
2019-09-25,35.20652389526367
2019-09-26,35.00001907348633
2019-09-27,34.75182342529297
2019-09-30,35.005455017089844
2019-10-01,34.346031188964844
2019-10-02,33.88950729370117
2019-10-03,34.08335494995117
2019-10-04,34.42393112182617
2019-10-07,34.251827239990234
2019-10-08,33.655799865722656
2019-10-09,33.87500762939453
2019-10-10,34.079734802246094
2019-10-11,34.655799865722656
2019-10-14,34.52899932861328
2019-10-15,34.79530715942383
2019-10-16,34.75907516479492
2019-10-17,35.05254364013672
2019-10-18,35.021751403808594
2019-10-21,35.22465896606445
2019-10-22,35.213783264160156
2019-10-23,35.24639892578125
2019-10-24,35.255455017089844
2019-10-25,35.442047119140625
2019-10-28,35.64677047729492
2019-10-29,35.74276351928711
2019-10-30,35.65761947631836
2019-10-31,35.382259368896484
2019-11-01,35.90218734741211
2019-11-04,36.09061050415039
2019-11-05,36.179351806640625
2019-11-06,36.02901077270508
2019-11-07,36.08333969116211
2019-11-08,36.18117141723633
2019-11-11,36.11958312988281
2019-11-12,36.052547454833984
2019-11-13,35.99277114868164
2019-11-14,36.06341552734375
2019-11-15,36.240962982177734
2019-11-18,36.18299102783203
2019-11-19,36.255455017089844
2019-11-20,36.14494323730469
2019-11-21,35.891319274902344
2019-11-22,35.98552703857422
2019-11-25,36.42755126953125
2019-11-26,36.557979583740234
2019-11-27,36.817047119140625
2019-11-29,36.43117904663086
2019-12-02,36.18117141723633
2019-12-03,35.974647521972656
2019-12-04,36.26450729370117
2019-12-05,36.32066345214844
2019-12-06,36.693851470947266
2019-12-09,36.521766662597656
2019-12-10,36.4909553527832
2019-12-11,36.54892349243164
2019-12-12,36.954734802246094
2019-12-13,36.742767333984375
2019-12-16,36.97751235961914
2019-12-17,37.10309600830078
2019-12-18,37.12310028076172
2019-12-19,37.29051971435547
2019-12-20,37.476131439208984
2019-12-23,37.43791961669922
2019-12-24,37.43427658081055
2019-12-26,37.51616287231445
2019-12-27,37.45429229736328
2019-12-30,37.417911529541016
2019-12-31,37.45429229736328
2020-01-02,37.51071548461914
2020-01-03,37.321449279785156
2020-01-06,37.310523986816406
2020-01-07,37.21408462524414
2020-01-08,37.27232360839844
2020-01-09,37.37786102294922
2020-01-10,37.26868438720703
2020-01-13,37.55984115600586
2020-01-14,37.6635627746582
2020-01-15,37.71087646484375
2020-01-16,38.13671112060547
2020-01-17,38.060279846191406
2020-01-21,37.84736251831055
2020-01-22,37.82735061645508
2020-01-23,37.91105270385742
2020-01-24,37.5052490234375
2020-01-27,37.001182556152344
2020-01-28,37.36512756347656
2020-01-29,37.18133544921875
2020-01-30,37.22318649291992
2020-01-31,36.47890090942383
2020-02-03,36.88288116455078
2020-02-04,37.37786102294922
2020-02-05,37.800048828125
2020-02-06,37.61625289916992
2020-02-07,37.26868438720703
2020-02-10,37.47067642211914
2020-02-11,37.76547622680664
2020-02-12,38.01114273071289
2020-02-13,38.14761734008789
2020-02-14,38.133052825927734
2020-02-18,38.00204086303711
2020-02-19,38.165828704833984
2020-02-20,38.32049560546875
2020-02-21,37.91105270385742
2020-02-24,36.77006149291992
2020-02-25,35.49987030029297
2020-02-26,34.97578430175781
2020-02-27,33.67465591430664
2020-02-28,33.01955032348633
2020-03-02,34.14052200317383
2020-03-03,33.388954162597656
2020-03-04,34.5772590637207
2020-03-05,33.33072280883789
2020-03-06,32.757503509521484
2020-03-09,29.689380645751953
2020-03-10,30.906795501708984
2020-03-11,28.82680892944336
2020-03-12,25.893367767333984
2020-03-13,28.042491912841797
2020-03-16,23.995351791381836
2020-03-17,25.57126235961914
2020-03-18,22.914409637451172
2020-03-19,23.86250877380371
2020-03-20,22.978105545043945
2020-03-23,22.15557861328125
2020-03-24,24.541282653808594
2020-03-25,25.335960388183594
2020-03-26,26.754697799682617
2020-03-27,25.960205078125
2020-03-30,26.615568161010742
2020-03-31,26.335477828979492
2020-04-01,24.79226303100586
2020-04-02,25.05769920349121
2020-04-03,24.380367279052734
2020-04-06,26.342803955078125
2020-04-07,26.65584945678711
2020-04-08,28.043466567993164
2020-04-09,28.933149337768555
2020-04-13,28.087398529052734
2020-04-14,28.662216186523438
2020-04-15,27.529056549072266
2020-04-16,27.499765396118164
2020-04-17,28.49562644958496
2020-04-20,27.950096130371094
2020-04-21,27.223339080810547
2020-04-22,27.594961166381836
2020-04-23,27.89884376525879
2020-04-24,28.285110473632812
2020-04-27,29.480512619018555
2020-04-28,29.767927169799805
2020-04-29,31.023738861083984
2020-04-30,30.055328369140625
2020-05-01,29.044822692871094
2020-05-04,29.075942993164062
2020-05-05,29.348703384399414
2020-05-06,29.101566314697266
2020-05-07,29.603164672851562
2020-05-08,30.64113426208496
2020-05-11,30.43060874938965
2020-05-12,29.339553833007812
2020-05-13,28.336368560791016
2020-05-14,28.631093978881836
2020-05-15,28.869077682495117
2020-05-18,30.62831687927246
2020-05-19,30.21276092529297
2020-05-20,30.86263656616211
2020-05-21,31.014583587646484
2020-05-22,30.992616653442383
2020-05-26,32.070858001708984
2020-05-27,32.927581787109375
2020-05-28,32.440643310546875
2020-05-29,32.24110412597656
2020-06-01,32.65299987792969
2020-06-02,32.942237854003906
2020-06-03,33.848392486572266
2020-06-04,33.866703033447266
2020-06-05,34.954105377197266
2020-06-08,35.591163635253906
2020-06-09,34.86256408691406
2020-06-10,33.97288131713867
2020-06-11,31.547292709350586
2020-06-12,32.211814880371094
2020-06-15,32.70589065551758
2020-06-16,33.40044021606445
2020-06-17,32.919029235839844
2020-06-18,32.84369659423828
2020-06-19,32.680171966552734
2020-06-22,32.77388000488281
2020-06-23,32.82716751098633
2020-06-24,31.702667236328125
2020-06-25,32.1160888671875
2020-06-26,31.48401641845703
2020-06-29,32.25021743774414
2020-06-30,32.672821044921875
2020-07-01,32.42845153808594
2020-07-02,32.6085090637207
2020-07-06,32.95026779174805
2020-07-07,32.29981994628906
2020-07-08,32.52582550048828
2020-07-09,32.0499382019043
2020-07-10,32.48539733886719
2020-07-13,32.14548873901367
2020-07-14,32.65812683105469
2020-07-15,33.650325775146484
2020-07-16,33.52354049682617
2020-07-17,33.67788314819336
2020-07-20,33.47209930419922
2020-07-21,33.87632369995117
2020-07-22,34.118865966796875
2020-07-23,34.18868637084961
2020-07-24,33.92409896850586
2020-07-27,34.24197006225586
2020-07-28,33.891021728515625
2020-07-29,34.64252853393555
2020-07-30,34.41468048095703
2020-07-31,34.162967681884766
2020-08-03,34.565364837646484
2020-08-04,34.752769470214844
2020-08-05,35.23602294921875
2020-08-06,35.14044952392578
2020-08-07,35.55755615234375
2020-08-10,35.72108840942383
2020-08-11,35.689842224121094
2020-08-12,35.910335540771484
2020-08-13,35.847862243652344
2020-08-14,35.763343811035156
2020-08-17,35.86439514160156
2020-08-18,35.553871154785156
2020-08-19,35.386680603027344
2020-08-20,35.14780044555664
2020-08-21,35.07063674926758
2020-08-24,35.59062576293945
2020-08-25,35.53182601928711
2020-08-26,35.410560607910156
2020-08-27,35.546531677246094
2020-08-28,35.75967788696289
2020-08-31,35.38299560546875
2020-09-01,35.64391326904297
2020-09-02,36.1032600402832
2020-09-03,34.99713897705078
2020-09-04,34.859336853027344
2020-09-08,34.06190872192383
2020-09-09,34.53411865234375
2020-09-10,34.10599899291992
2020-09-11,34.0912971496582
2020-09-14,34.7601203918457
2020-09-15,34.789512634277344
2020-09-16,34.896095275878906
2020-09-17,34.69763946533203
2020-09-18,34.31547164916992
2020-09-21,33.484962463378906
2020-09-22,33.696266174316406
2020-09-23,32.92711639404297
2020-09-24,32.949256896972656
2020-09-25,33.397796630859375
2020-09-28,34.197025299072266
2020-09-29,33.98844528198242
2020-09-30,34.20440673828125
2020-10-01,34.65847396850586
2020-10-02,34.988861083984375
2020-10-05,35.782554626464844
2020-10-06,35.6348991394043
2020-10-07,36.242164611816406
2020-10-08,36.624237060546875
2020-10-09,36.7331428527832
2020-10-12,36.952789306640625
2020-10-13,36.67222595214844
2020-10-14,36.50611877441406
2020-10-15,36.84757995605469
2020-10-16,36.75159454345703
2020-10-19,36.339988708496094
2020-10-20,36.496883392333984
2020-10-21,36.258766174316406
2020-10-22,36.86972427368164
2020-10-23,37.1041374206543
2020-10-26,36.31229782104492
2020-10-27,35.8194694519043
2020-10-28,34.870731353759766
2020-10-29,35.21773910522461
2020-10-30,34.972251892089844
2020-11-02,35.66074752807617
2020-11-03,36.45258331298828
2020-11-04,36.47288513183594
2020-11-05,37.51575469970703
2020-11-06,37.32379150390625
2020-11-09,38.37590789794922
2020-11-10,38.8317985534668
2020-11-11,38.78936004638672
2020-11-12,38.10087966918945
2020-11-13,38.93149185180664
2020-11-16,39.71225357055664
2020-11-17,39.81192398071289
2020-11-18,39.23971939086914
2020-11-19,39.58674621582031
2020-11-20,39.57382583618164
2020-11-23,40.1884651184082
2020-11-24,40.847415924072266
2020-11-25,40.579776763916016
2020-11-27,40.62407302856445
2020-11-30,39.96513366699219
2020-12-01,40.452415466308594
2020-12-02,40.4025764465332
2020-12-03,40.633304595947266
2020-12-04,41.38639450073242
2020-12-07,41.231346130371094
2020-12-08,41.445457458496094
2020-12-09,41.27194595336914
2020-12-10,41.40670394897461
2020-12-11,41.310707092285156
2020-12-14,41.21074676513672
2020-12-15,42.17710494995117
2020-12-16,42.041954040527344
2020-12-17,42.40294647216797
2020-12-18,42.171546936035156
2020-12-21,42.078983306884766
2020-12-22,42.27706527709961
2020-12-23,42.63991165161133
2020-12-24,42.70655822753906
2020-12-28,42.58622360229492
2020-12-29,42.145626068115234
2020-12-30,42.51218032836914
2020-12-31,42.5473518371582
2021-01-04,41.89385223388672
2021-01-05,42.50106430053711
2021-01-06,44.196807861328125
2021-01-07,44.66332244873047
2021-01-08,44.60224151611328
2021-01-11,44.67814254760742
2021-01-12,45.19648742675781
2021-01-13,44.757755279541016
2021-01-14,45.19279861450195
2021-01-15,44.72626495361328
2021-01-19,45.11874008178711
2021-01-20,45.590816497802734
2021-01-21,45.27423858642578
2021-01-22,45.44826126098633
2021-01-25,45.28348922729492
2021-01-26,44.80957794189453
2021-01-27,43.700687408447266
2021-01-28,44.03390121459961
2021-01-29,43.180477142333984
2021-02-01,44.0801887512207
2021-02-02,44.637413024902344
2021-02-03,44.648521423339844
2021-02-04,45.26683807373047
2021-02-05,45.748165130615234
2021-02-08,46.484962463378906
2021-02-09,46.62565612792969
2021-02-10,46.562713623046875
2021-02-11,46.853355407714844
2021-02-12,46.994049072265625
2021-02-16,46.908897399902344
2021-02-17,46.67564010620117
2021-02-18,46.15730285644531
2021-02-19,46.853355407714844
2021-02-22,46.697845458984375
2021-02-23,46.77375030517578
2021-02-24,47.61977767944336
2021-02-25,46.1739501953125
2021-02-26,46.13692855834961
2021-03-01,47.40503692626953
2021-03-02,46.75153732299805
2021-03-03,46.34981918334961
2021-03-04,45.346439361572266
2021-03-05,46.43498611450195
2021-03-08,46.79411697387695
2021-03-09,47.11438751220703
2021-03-10,47.77713394165039
2021-03-11,48.48245620727539
2021-03-12,48.92861557006836
2021-03-15,49.60062789916992
2021-03-16,48.96379852294922
2021-03-17,49.28590774536133
2021-03-18,48.32325744628906
2021-03-19,48.30104064941406
2021-03-22,48.06593704223633
2021-03-23,46.7904167175293
2021-03-24,46.520137786865234
2021-03-25,47.503360748291016
2021-03-26,48.59664535522461
2021-03-29,47.71310806274414
2021-03-30,48.290374755859375
2021-03-31,48.31264877319336
2021-04-01,48.9975700378418
2021-04-05,49.340972900390625
2021-04-06,49.37810134887695
2021-04-07,48.96787643432617
2021-04-08,49.20919418334961
2021-04-09,49.40037536621094
2021-04-12,49.58969497680664
2021-04-13,49.374385833740234
2021-04-14,49.65281295776367
2021-04-15,50.003623962402344
2021-04-16,50.369300842285156
2021-04-19,50.103858947753906
2021-04-20,49.372528076171875
2021-04-21,50.22637939453125
2021-04-22,49.99991989135742
2021-04-23,50.84262466430664
2021-04-26,51.041236877441406
2021-04-27,51.15446853637695
2021-04-28,51.13775634765625
2021-04-29,51.15631103515625
2021-04-30,50.44354248046875
2021-05-03,50.74610137939453
2021-05-04,50.582759857177734
2021-05-05,50.484371185302734
2021-05-06,50.75537872314453
2021-05-07,51.30109405517578
2021-05-10,50.70526885986328
2021-05-11,50.224517822265625
2021-05-12,48.66160583496094
2021-05-13,49.61754608154297
2021-05-14,50.4212646484375
2021-05-17,50.382293701171875
2021-05-18,49.855133056640625
2021-05-19,49.52287292480469
2021-05-20,49.75489807128906
2021-05-21,49.83100891113281
2021-05-24,50.087158203125
2021-05-25,49.71963119506836
2021-05-26,50.21894073486328
2021-05-27,50.51036834716797
2021-05-28,50.584617614746094
2021-06-01,50.86117935180664
2021-06-02,50.582759857177734
2021-06-03,50.30989456176758
2021-06-04,50.60689163208008
2021-06-07,50.525211334228516
2021-06-08,50.97998046875
2021-06-09,50.64958190917969
2021-06-10,50.649208068847656
2021-06-11,51.02889633178711
2021-06-14,50.587791442871094
2021-06-15,50.539390563964844
2021-06-16,50.193206787109375
2021-06-17,49.398468017578125
2021-06-18,48.43064498901367
2021-06-21,49.57156753540039
2021-06-22,49.62925338745117
2021-06-23,49.66462707519531
2021-06-24,50.13737106323242
2021-06-25,50.59523391723633
2021-06-28,50.0740966796875
2021-06-29,50.02570724487305
2021-06-30,50.01640319824219
2021-07-01,50.46494674682617
2021-07-02,50.30302429199219
2021-07-06,49.744659423828125
2021-07-07,49.80793380737305
2021-07-08,49.18815612792969
2021-07-09,50.22484588623047
2021-07-12,50.360721588134766
2021-07-13,49.595760345458984
2021-07-14,49.31099319458008
2021-07-15,49.18256759643555
2021-07-16,48.57023239135742
2021-07-19,47.72895431518555
2021-07-20,49.08206558227539
2021-07-21,49.6832389831543
2021-07-22,49.19746017456055
2021-07-23,49.61996078491211
2021-07-26,49.6962776184082
2021-07-27,49.389163970947266
2021-07-28,49.759552001953125
2021-07-29,50.27324676513672
2021-07-30,50.19879150390625
2021-08-02,50.007083892822266
2021-08-03,50.29929733276367
2021-08-04,49.78932189941406
2021-08-05,50.26021194458008
2021-08-06,50.49472427368164
2021-08-09,50.34769821166992
2021-08-10,50.530086517333984
2021-08-11,50.93955993652344
2021-08-12,50.85580062866211
2021-08-13,50.78135299682617
2021-08-16,50.652931213378906
2021-08-17,50.02756118774414
2021-08-18,49.560401916503906
2021-08-19,49.143489837646484
2021-08-20,49.74838638305664
2021-08-23,50.18016815185547
2021-08-24,50.66781234741211
2021-08-25,50.94886016845703
2021-08-26,50.4891471862793
2021-08-27,51.47187042236328
2021-08-30,51.33971405029297
2021-08-31,51.19640350341797
2021-09-01,51.34157943725586
2021-09-02,51.56306076049805
2021-09-03,51.31365966796875
2021-09-07,50.72551727294922
2021-09-08,50.55613708496094
2021-09-09,50.44819641113281
2021-09-10,49.97544860839844
2021-09-13,50.26766586303711
2021-09-14,49.7353515625
2021-09-15,50.282554626464844
2021-09-16,50.19879150390625
2021-09-17,49.80421447753906
2021-09-20,49.02064514160156
2021-09-21,48.97783660888672
2021-09-22,49.61623001098633
2021-09-23,50.31791305541992
2021-09-24,50.21125411987305
2021-09-27,50.68571853637695
2021-09-28,49.897430419921875
2021-09-29,49.916114807128906
2021-09-30,49.14088821411133
2021-10-01,49.93851852416992
2021-10-04,49.678871154785156
2021-10-05,49.71623229980469
2021-10-06,49.6527214050293
2021-10-07,50.379371643066406
2021-10-08,50.07675552368164
2021-10-11,49.80402374267578
2021-10-12,50.093563079833984
2021-10-13,50.29157257080078
2021-10-14,51.14150619506836
2021-10-15,51.190059661865234
2021-10-18,51.29654312133789
2021-10-19,51.44037628173828
2021-10-20,51.85694122314453
2021-10-21,51.9858283996582
2021-10-22,52.07362365722656
2021-10-25,52.348209381103516
2021-10-26,52.008243560791016
2021-10-27,51.19194030761719
2021-10-28,52.000770568847656
2021-10-29,52.05120086669922
2021-11-01,53.1234245300293
2021-11-02,53.233638763427734
2021-11-03,53.831390380859375
2021-11-04,53.6539306640625
2021-11-05,54.1284065246582
2021-11-08,54.15641784667969
2021-11-09,54.09476852416992
2021-11-10,53.61469650268555
2021-11-11,53.902374267578125
2021-11-12,54.09103775024414
2021-11-15,54.204986572265625
2021-11-16,54.272239685058594
2021-11-17,53.81458282470703
2021-11-18,53.75666809082031
2021-11-19,53.5063591003418
2021-11-22,53.612831115722656
2021-11-23,53.55492401123047
2021-11-24,53.50822830200195
2021-11-26,51.810237884521484
2021-11-29,51.828914642333984
2021-11-30,50.48023223876953
2021-12-01,49.66953659057617
2021-12-02,51.072391510009766
2021-12-03,50.38310623168945
2021-12-06,51.42356872558594
2021-12-07,52.29964065551758
2021-12-08,52.57611846923828
2021-12-09,51.81397247314453
2021-12-10,51.87935256958008
2021-12-13,51.312503814697266
2021-12-14,51.11006164550781
2021-12-15,51.653663635253906
2021-12-16,50.95822525024414
2021-12-17,50.864505767822266
2021-12-20,50.03971481323242
2021-12-21,51.35374450683594
2021-12-22,51.81674575805664
2021-12-23,52.19914245605469
2021-12-27,52.887081146240234
2021-12-28,52.883331298828125
2021-12-29,53.18512725830078
2021-12-30,53.00705337524414
2021-12-31,53.06328582763672
2022-01-03,53.231990814208984
2022-01-04,53.492549896240234
2022-01-05,52.2759895324707
2022-01-06,52.5552978515625
2022-01-07,52.15415954589844
2022-01-10,51.951717376708984
2022-01-11,52.43157958984375
2022-01-12,52.264739990234375
2022-01-13,52.126033782958984
2022-01-14,51.979820251464844
2022-01-18,50.86074447631836
2022-01-19,50.157814025878906
2022-01-20,49.280555725097656
2022-01-21,48.4370231628418
2022-01-24,49.34427261352539
2022-01-25,48.47825622558594
2022-01-26,47.98152160644531
2022-01-27,47.2298469543457
2022-01-28,48.176475524902344
2022-01-31,49.21307373046875
2022-02-01,49.71730422973633
2022-02-02,49.72854995727539
2022-02-03,48.92626953125
2022-02-04,49.014373779296875
2022-02-07,49.04248809814453
2022-02-08,49.9534912109375
2022-02-09,50.85325622558594
2022-02-10,50.12782669067383
2022-02-11,49.475494384765625
2022-02-14,49.31428527832031
2022-02-15,50.38650131225586
2022-02-16,50.538333892822266
2022-02-17,49.417388916015625
2022-02-18,49.23930358886719
2022-02-22,48.55511474609375
2022-02-23,47.73783874511719
2022-02-24,48.425777435302734
2022-02-25,49.80915451049805
2022-02-28,49.80915451049805
2022-03-01,48.82878494262695
2022-03-02,50.12594223022461
2022-03-03,49.7116813659668
2022-03-04,48.918766021728516
2022-03-07,47.08926773071289
2022-03-08,47.24296188354492
2022-03-09,48.6057243347168
2022-03-10,48.58697509765625
2022-03-11,48.097740173339844
2022-03-14,47.67035675048828
2022-03-15,48.4107780456543
2022-03-16,49.7904052734375
2022-03-17,50.2796516418457
2022-03-18,50.64706039428711
2022-03-21,50.51021957397461
2022-03-22,50.83075714111328
2022-03-23,49.8897590637207
2022-03-24,50.45710372924805
2022-03-25,50.810630798339844
2022-03-28,50.90277862548828
2022-03-29,51.9690055847168
2022-03-30,51.20552062988281
2022-03-31,50.46086502075195
2022-04-01,50.78806686401367
2022-04-04,50.68275451660156
2022-04-05,49.7443962097168
2022-04-06,49.172725677490234
2022-04-07,49.08810806274414
2022-04-08,49.063663482666016
2022-04-11,48.821075439453125
2022-04-12,48.75151062011719
2022-04-13,49.548824310302734
2022-04-14,49.257354736328125
2022-04-18,49.17647933959961
2022-04-19,50.28409194946289
2022-04-20,50.65455627441406
2022-04-21,49.74816131591797
2022-04-22,48.40361785888672
2022-04-25,48.68191909790039
2022-04-26,47.25651931762695
2022-04-27,47.30165100097656
2022-04-28,48.18547821044922
2022-04-29,46.87478256225586
2022-05-02,47.1474494934082
2022-05-03,47.62322235107422
2022-05-04,48.94707107543945
2022-05-05,47.141815185546875
2022-05-06,46.51561737060547
2022-05-09,44.941650390625
2022-05-10,44.80249786376953
2022-05-11,44.02960968017578
2022-05-12,44.46212387084961
2022-05-13,45.62237548828125
2022-05-16,45.370399475097656
2022-05-17,46.735626220703125
2022-05-18,44.93788528442383
2022-05-19,44.888999938964844
2022-05-20,44.77241134643555
2022-05-23,45.25005340576172
2022-05-24,44.69154357910156
2022-05-25,45.55844497680664
2022-05-26,46.61903762817383
2022-05-27,47.69655990600586
2022-05-31,47.23395919799805
2022-06-01,46.83153533935547
2022-06-02,47.8996467590332
2022-06-03,47.35242462158203
2022-06-06,47.62885284423828
2022-06-07,48.24565124511719
2022-06-08,47.35242462158203
2022-06-09,46.373382568359375
2022-06-10,45.147220611572266
2022-06-13,43.09669494628906
2022-06-14,42.93825149536133
2022-06-15,43.443809509277344
2022-06-16,41.325374603271484
2022-06-17,41.719635009765625
2022-06-21,42.287437438964844
2022-06-22,42.134647369384766
2022-06-23,42.39873123168945
2022-06-24,43.892765045166016
2022-06-27,44.06254577636719
2022-06-28,43.41550827026367
2022-06-29,43.075950622558594
2022-06-30,42.6760368347168
2022-07-01,43.20800018310547
2022-07-05,43.14952087402344
2022-07-06,42.89297103881836
2022-07-07,43.8078727722168
2022-07-08,43.66262435913086
2022-07-11,43.16839599609375
2022-07-12,43.075950622558594
2022-07-13,42.96654510498047
2022-07-14,42.54398727416992
2022-07-15,43.36268997192383
2022-07-18,43.2664909362793
2022-07-19,44.68316650390625
2022-07-20,45.15854263305664
2022-07-21,45.5169563293457
2022-07-22,45.1132698059082
2022-07-25,45.383026123046875
2022-07-26,45.13780212402344
2022-07-27,45.981014251708984
2022-07-28,46.69784164428711
2022-07-29,47.33544921875
2022-08-01,47.324127197265625
2022-08-02,46.858184814453125
2022-08-03,47.25810241699219
2022-08-04,46.901580810546875
2022-08-05,47.171329498291016
2022-08-08,47.48069763183594
2022-08-09,47.07323455810547
2022-08-10,48.23713684082031
2022-08-11,48.523887634277344
2022-08-12,49.284095764160156
2022-08-15,49.34635543823242
2022-08-16,49.6651496887207
2022-08-17,48.993595123291016
2022-08-18,49.40106201171875
2022-08-19,48.589908599853516
2022-08-22,47.55238342285156
2022-08-23,47.546722412109375
2022-08-24,47.77120590209961
2022-08-25,48.57482147216797
2022-08-26,47.11851501464844
2022-08-29,46.809146881103516
2022-08-30,46.171539306640625
2022-08-31,45.83576583862305
2022-09-01,45.47734069824219
2022-09-02,45.143455505371094
2022-09-06,44.86048889160156
2022-09-07,45.88103485107422
2022-09-08,46.31868362426758
2022-09-09,47.144920349121094
2022-09-12,47.60897445678711
2022-09-13,45.828216552734375
2022-09-14,45.837650299072266
2022-09-15,45.56412124633789
2022-09-16,44.907649993896484
2022-09-19,45.484886169433594
2022-09-20,44.745418548583984
2022-09-21,44.14176940917969
2022-09-22,43.18347930908203
2022-09-23,42.2798957824707
2022-09-26,41.62514877319336
2022-09-27,41.6630973815918
2022-09-28,42.775230407714844
2022-09-29,41.93638610839844
2022-09-30,41.61185836791992
2022-10-03,42.82836151123047
2022-10-04,44.515533447265625
2022-10-05,44.308677673339844
2022-10-06,43.94050216674805
2022-10-07,42.837860107421875
2022-10-10,42.7524528503418
2022-10-11,42.818878173828125
2022-10-12,42.57975387573242
2022-10-13,43.51728057861328
2022-10-14,42.458290100097656
2022-10-17,43.60078048706055
2022-10-18,44.2650260925293
2022-10-19,43.47932434082031
2022-10-20,42.83026123046875
2022-10-21,43.705162048339844
2022-10-24,44.00122833251953
2022-10-25,45.1038703918457
2022-10-26,45.20065689086914
2022-10-27,45.23102569580078
2022-10-28,46.03190231323242
2022-10-31,46.02811813354492
2022-11-01,46.19701385498047
2022-11-02,44.84196090698242
2022-11-03,44.754669189453125
2022-11-04,45.51950454711914
2022-11-07,45.904754638671875
2022-11-08,45.9996452331543
2022-11-09,45.03364562988281
2022-11-10,47.6431770324707
2022-11-11,47.91645431518555
2022-11-14,47.457183837890625
2022-11-15,48.18784713745117
2022-11-16,47.51980972290039
2022-11-17,47.22564697265625
2022-11-18,47.52739715576172
2022-11-21,47.43251037597656
2022-11-22,48.214412689208984
2022-11-23,48.2542724609375
2022-11-25,48.470619201660156
2022-11-28,47.559669494628906
2022-11-29,47.696311950683594
2022-11-30,48.77427673339844
2022-12-01,48.7230339050293
2022-12-02,48.77427673339844
2022-12-05,47.580543518066406
2022-12-06,47.005489349365234
2022-12-07,46.93337631225586
2022-12-08,47.309139251708984
2022-12-09,46.79104232788086
2022-12-12,47.276878356933594
2022-12-13,47.57881164550781
2022-12-14,47.363426208496094
2022-12-15,46.29789733886719
2022-12-16,45.7794303894043
2022-12-19,45.276214599609375
2022-12-20,45.51829528808594
2022-12-21,46.37794876098633
2022-12-22,45.8537712097168
2022-12-23,46.177818298339844
2022-12-27,46.19306182861328
2022-12-28,45.413455963134766
2022-12-29,46.311241149902344
2022-12-30,46.10728454589844
2023-01-03,45.88808059692383
2023-01-04,46.578094482421875
2023-01-05,46.11491394042969
2023-01-06,47.27383804321289
2023-01-09,47.28336715698242
2023-01-10,47.73702621459961
2023-01-11,48.3203010559082
2023-01-12,48.77395248413086
2023-01-13,49.01985168457031
2023-01-17,48.90167236328125
2023-01-18,48.27264404296875
2023-01-19,47.78657913208008
2023-01-20,48.56808853149414
2023-01-23,49.1761474609375
2023-01-24,49.006500244140625
2023-01-25,49.138023376464844
2023-01-26,49.55928039550781
2023-01-27,49.749900817871094
2023-01-30,49.21045684814453
2023-01-31,50.37700653076172
2023-02-01,51.20427322387695
2023-02-02,51.79325866699219
2023-02-03,51.429195404052734
2023-02-06,50.872596740722656
2023-02-07,51.23286437988281
2023-02-08,50.63814926147461
2023-02-09,50.02437973022461
2023-02-10,50.15399169921875
2023-02-13,50.752506256103516
2023-02-14,50.7658576965332
2023-02-15,51.139461517333984
2023-02-16,50.74870300292969
2023-02-17,50.69152069091797
2023-02-21,49.45635223388672
2023-02-22,49.53831100463867
2023-02-23,49.751792907714844
2023-02-24,49.44491958618164
2023-02-27,49.55546569824219
2023-02-28,49.433475494384766
2023-03-01,49.5916862487793
2023-03-02,49.83757019042969
2023-03-03,50.39226531982422
2023-03-06,49.77658462524414
2023-03-07,49.1761474609375
2023-03-08,49.22380065917969
2023-03-09,48.028663635253906
2023-03-10,46.660057067871094
2023-03-13,45.788970947265625
2023-03-14,46.67530822753906
2023-03-15,45.65743637084961
2023-03-16,46.29217529296875
2023-03-17,45.222843170166016
2023-03-20,46.00244903564453
2023-03-21,46.81255340576172
2023-03-22,45.61932373046875
2023-03-23,45.42163848876953
2023-03-24,45.79863357543945
2023-03-27,46.242610931396484
2023-03-28,46.34403610229492
2023-03-29,46.91240310668945
2023-03-30,47.05018997192383
2023-03-31,47.87307357788086
2023-04-03,47.86350631713867
2023-04-04,47.03296661376953
2023-04-05,46.709556579589844
2023-04-06,46.65214157104492
2023-04-10,47.21859359741211
2023-04-11,47.656829833984375
2023-04-12,47.38699722290039
2023-04-13,47.71615219116211
2023-04-14,47.455894470214844
2023-04-17,47.82523727416992
2023-04-18,47.7620849609375
2023-04-19,47.85203552246094
2023-04-20,47.66065979003906
2023-04-21,47.63960647583008
2023-04-24,47.66065979003906
2023-04-25,46.74017333984375
2023-04-26,46.32107162475586
2023-04-27,47.05018997192383
2023-04-28,47.49799728393555
2023-05-01,47.48459243774414
2023-05-02,46.80906295776367
2023-05-03,46.759315490722656
2023-05-04,45.980438232421875
2023-05-05,46.94493103027344
2023-05-08,46.81671905517578
2023-05-09,46.63300704956055
2023-05-10,46.71529006958008
2023-05-11,46.42058181762695
2023-05-12,46.426326751708984
2023-05-15,46.81288528442383
2023-05-16,46.12587356567383
2023-05-17,46.929622650146484
2023-05-18,47.33148956298828
2023-05-19,46.891353607177734
2023-05-22,47.143959045410156
2023-05-23,46.67510223388672
2023-05-24,46.221553802490234
2023-05-25,46.2158203125
2023-05-26,46.659793853759766
2023-05-30,46.62534713745117
2023-05-31,45.97086715698242
2023-06-01,46.334468841552734
2023-06-02,47.89604568481445
2023-06-05,47.379337310791016
2023-06-06,48.34959030151367
2023-06-07,49.093563079833984
2023-06-08,48.890106201171875
2023-06-09,48.59259033203125
2023-06-12,48.85939025878906
2023-06-13,49.37956237792969
2023-06-14,49.07628631591797
2023-06-15,49.558067321777344
2023-06-16,49.34693145751953
2023-06-20,48.98799514770508
2023-06-21,48.93425369262695
2023-06-22,48.665531158447266
2023-06-23,48.10505676269531
2023-06-26,48.49278259277344
2023-06-27,49.27014923095703
2023-06-28,49.28742599487305
2023-06-29,49.88629913330078
2023-06-30,50.18956756591797
2023-07-03,50.333526611328125
2023-07-05,49.91699981689453
2023-07-06,49.37380599975586
2023-07-07,49.83831024169922
2023-07-10,50.47748565673828
2023-07-11,51.032196044921875
2023-07-12,51.40073776245117
2023-07-13,51.68096923828125
2023-07-14,51.21647262573242
2023-07-17,51.5312614440918
2023-07-18,52.02839279174805
2023-07-19,52.20497131347656
2023-07-20,51.942020416259766
2023-07-21,51.8172492980957
2023-07-24,51.87867736816406
2023-07-25,51.96889114379883
2023-07-26,52.26448440551758
2023-07-27,51.627220153808594
2023-07-28,52.06101989746094
2023-07-31,52.28559112548828
2023-08-01,52.1569938659668
2023-08-02,51.56580352783203
2023-08-03,51.38154602050781
2023-08-04,51.387298583984375
2023-08-07,51.77694320678711
2023-08-08,51.33931350708008
2023-08-09,51.091705322265625
2023-08-10,51.01300811767578
2023-08-11,51.00341033935547
2023-08-14,51.09553909301758
2023-08-15,50.40262222290039
2023-08-16,49.91508865356445
2023-08-17,49.295108795166016
2023-08-18,49.444828033447266
2023-08-21,49.481285095214844
2023-08-22,49.262481689453125
2023-08-23,49.80567932128906
2023-08-24,49.30086135864258
2023-08-25,49.45058822631836
2023-08-28,49.91508865356445
2023-08-29,50.613765716552734
2023-08-30,50.742366790771484
2023-08-31,50.7308464050293
2023-09-01,51.22798156738281
2023-09-05,50.06288528442383
2023-09-06,49.92084884643555
2023-09-07,49.45058822631836
2023-09-08,49.404518127441406
2023-09-11,49.481285095214844
2023-09-12,49.46785354614258
2023-09-13,49.20872497558594
2023-09-14,49.79608154296875
2023-09-15,49.31429672241211
2023-09-18,49.241355895996094
2023-09-19,49.164588928222656
2023-09-20,48.876670837402344
2023-09-21,47.986045837402344
2023-09-22,47.928462982177734
2023-09-25,48.22405242919922
2023-09-26,47.462039947509766
2023-09-27,47.74163055419922
2023-09-28,48.23909378051758
2023-09-29,48.07905578613281
2023-10-02,47.452396392822266
2023-10-03,46.681129455566406
2023-10-04,46.910587310791016
2023-10-05,46.8296012878418
2023-10-06,47.213314056396484
2023-10-09,47.568092346191406
2023-10-10,48.01156997680664
2023-10-11,48.158119201660156
2023-10-12,47.24416732788086
2023-10-13,46.96649932861328
2023-10-16,47.72041702270508
2023-10-17,48.302734375
2023-10-18,47.23259735107422
2023-10-19,46.50181579589844
2023-10-20,45.99662780761719
2023-10-23,45.56278610229492
2023-10-24,45.81537628173828
2023-10-25,45.12895584106445
2023-10-26,45.34104919433594
2023-10-27,44.74138259887695
2023-10-30,45.101959228515625
2023-10-31,45.504940032958984
2023-11-01,45.7845344543457
2023-11-02,46.76982498168945
2023-11-03,47.68378448486328
2023-11-06,47.215232849121094
2023-11-07,47.09761428833008
2023-11-08,46.87009048461914
2023-11-09,46.370697021484375
2023-11-10,46.94529724121094
2023-11-13,46.87973403930664
2023-11-14,48.70956802368164
2023-11-15,48.91588592529297
2023-11-16,48.429996490478516
2023-11-17,48.82332992553711
2023-11-20,49.04314422607422
2023-11-21,48.80598068237305
2023-11-22,49.10099411010742
2023-11-24,49.303443908691406
2023-11-27,49.22053527832031
2023-11-28,48.904319763183594
2023-11-29,49.09520721435547
2023-11-30,49.372859954833984
2023-12-01,50.564483642578125
2023-12-04,50.98868179321289
2023-12-05,50.319602966308594
2023-12-06,50.23283004760742
2023-12-07,50.514347076416016
2023-12-08,50.73994445800781
2023-12-11,50.99252700805664
2023-12-12,50.89033889770508
2023-12-13,52.193782806396484
2023-12-14,53.38347625732422
2023-12-15,52.93999099731445
2023-12-18,53.019039154052734
2023-12-19,53.71897888183594
2023-12-20,52.84674835205078
2023-12-21,53.561336517333984
2023-12-22,53.7821044921875
2023-12-26,54.184906005859375
2023-12-27,54.19458770751953
2023-12-28,54.19458770751953
2023-12-29,53.67172622680664
2024-01-02,53.49937057495117
2024-01-03,52.28902053833008
2024-01-04,52.194122314453125
2024-01-05,52.383907318115234
2024-01-08,53.0404052734375
2024-01-09,52.69956970214844
2024-01-10,52.821571350097656
2024-01-11,52.70343780517578
2024-01-12,52.68794631958008
2024-01-16,52.331626892089844
2024-01-17,51.967552185058594
2024-01-18,52.40715408325195
2024-01-19,52.90290451049805
2024-01-22,53.528411865234375
2024-01-23,53.315391540527344
2024-01-24,52.972618103027344
2024-01-25,53.307647705078125
2024-01-26,53.361873626708984
2024-01-29,53.871185302734375
2024-01-30,53.74142837524414
2024-01-31,52.740230560302734
2024-02-01,53.43739700317383
2024-02-02,53.44708251953125
2024-02-05,52.84481430053711
2024-02-06,53.10624694824219
2024-02-07,53.36962127685547
2024-02-08,53.863441467285156
2024-02-09,54.27980041503906
2024-02-12,54.785247802734375
2024-02-13,53.44127655029297
2024-02-14,54.19652557373047
2024-02-15,55.18804931640625
2024-02-16,54.674861907958984
2024-02-20,54.289485931396484
2024-02-21,54.35533142089844
2024-02-22,55.20159912109375
2024-02-23,55.23065185546875
2024-02-26,55.17255401611328
2024-02-27,55.463035583496094
2024-02-28,55.4243049621582
2024-02-29,55.830989837646484
2024-03-01,56.30543899536133
2024-03-04,56.64433670043945
2024-03-05,56.489418029785156
2024-03-06,56.88640594482422
2024-03-07,57.43832778930664
2024-03-08,57.13816833496094
2024-03-11,56.857357025146484
2024-03-12,57.167213439941406
2024-03-13,57.39959716796875
2024-03-14,56.70243835449219
2024-03-15,56.61528778076172
2024-03-18,56.489418029785156
2024-03-19,56.93482208251953
2024-03-20,57.70943832397461
2024-03-21,58.330814361572266
2024-03-22,57.864784240722656
2024-03-25,57.913333892822266
2024-03-26,57.835662841796875
2024-03-27,58.816261291503906
2024-03-28,58.97160339355469
2024-04-01,58.61237335205078
2024-04-02,57.835662841796875
2024-04-03,58.097801208496094
2024-04-04,57.43759536743164
2024-04-05,57.92304229736328
2024-04-08,58.17547607421875
2024-04-09,58.25313949584961
2024-04-10,57.06865692138672
2024-04-11,57.0977897644043
2024-04-12,56.2045783996582
2024-04-15,55.59291458129883
2024-04-16,55.35019302368164
2024-04-17,54.864749908447266
2024-04-18,54.787086486816406
2024-04-19,54.93272018432617
2024-04-22,55.49582290649414
2024-04-23,56.165740966796875
2024-04-24,56.185150146484375
2024-04-25,56.00068664550781
2024-04-26,56.1366081237793
2024-04-29,56.476417541503906
2024-04-30,55.46670150756836
2024-05-01,55.49582290649414
2024-05-02,56.23369598388672
2024-05-03,56.82594299316406
2024-05-06,57.59294128417969
2024-05-07,57.78711700439453
2024-05-08,57.55410385131836
2024-05-09,58.10750961303711
2024-05-10,58.06867980957031
2024-05-13,58.039546966552734
2024-05-14,58.554115295410156
2024-05-15,59.020145416259766
2024-05-16,58.50556945800781
2024-05-17,58.554115295410156
2024-05-20,58.58324432373047
2024-05-21,58.515281677246094
2024-05-22,58.029842376708984
2024-05-23,57.301673889160156
2024-05-24,57.78711700439453
2024-05-28,57.42789077758789
2024-05-29,56.68031692504883
2024-05-30,57.194881439208984
2024-05-31,57.94246292114258
2024-06-03,57.46672439575195
2024-06-04,56.69972610473633
2024-06-05,57.3307991027832
2024-06-06,57.156044006347656
2024-06-07,56.74827194213867
2024-06-10,56.82594299316406
2024-06-11,56.57379150390625
2024-06-12,57.333168029785156
2024-06-13,56.98268127441406
2024-06-14,56.30119323730469
2024-06-17,56.807437896728516
2024-06-18,56.9145393371582
2024-06-20,56.76850128173828
2024-06-21,57.00215530395508
2024-06-24,57.3429069519043
2024-06-25,56.797706604003906
2024-06-26,56.641944885253906
2024-06-27,56.8269157409668
2024-06-28,56.97294616699219
2024-07-01,56.43749237060547
2024-07-02,56.61273956298828
2024-07-03,56.72956085205078
2024-07-05,56.369346618652344
2024-07-08,56.54458236694336
2024-07-09,56.20383834838867
2024-07-10,56.8269157409668
2024-07-11,58.22884750366211
2024-07-12,58.82271957397461
2024-07-15,59.182945251464844
2024-07-16,60.60434341430664
2024-07-17,59.71839904785156
2024-07-18,59.06610870361328
2024-07-19,58.6572151184082
2024-07-22,59.37765121459961
2024-07-23,59.51395797729492
2024-07-24,58.35540771484375
2024-07-25,58.82271957397461
2024-07-26,59.83522415161133
2024-07-29,59.757347106933594
2024-07-30,59.971527099609375
2024-07-31,60.33174133300781
2024-08-01,58.997962951660156
2024-08-02,57.362369537353516
2024-08-05,55.8046760559082
2024-08-06,56.3596076965332
2024-08-07,55.96044158935547
2024-08-08,57.157920837402344
2024-08-09,57.118988037109375
2024-08-12,56.77823257446289
2024-08-13,57.547359466552734
2024-08-14,57.47919845581055
2024-08-15,58.61827087402344
2024-08-16,58.647483825683594
2024-08-19,59.21215057373047
2024-08-20,58.68641662597656
2024-08-21,59.397125244140625
2024-08-22,59.03690719604492
2024-08-23,60.3220100402832
2024-08-26,60.13703536987305
2024-08-27,59.903377532958984
2024-08-28,59.63078308105469
2024-08-29,59.78655242919922
2024-08-30,60.25386047363281
2024-09-03,58.6961555480957
2024-09-04,58.50144958496094
2024-09-05,58.10228729248047
2024-09-06,57.333168029785156
2024-09-09,57.56682205200195
2024-09-10,57.44025802612305
2024-09-11,57.673919677734375
2024-09-12,58.16069412231445
2024-09-13,59.20241165161133
2024-09-16,59.6015739440918
2024-09-17,59.903377532958984
2024-09-18,59.9617919921875
2024-09-19,60.9937744140625
2024-09-20,60.5556640625
2024-09-23,60.88667297363281
2024-09-24,60.87693786621094
2024-09-25,60.26026153564453
2024-09-26,60.74892044067383
2024-09-27,60.856414794921875
2024-09-30,60.90528106689453
2024-10-01,60.42641067504883
2024-10-02,60.47526931762695
2024-10-03,60.279815673828125
2024-10-04,60.866188049316406
2024-10-07,60.44594955444336
2024-10-08,60.485042572021484
2024-10-09,60.88573455810547
2024-10-10,60.56322479248047
2024-10-11,61.589393615722656
2024-10-14,61.96076583862305
2024-10-15,61.80440139770508
2024-10-16,62.3614616394043
2024-10-17,62.42987060546875
2024-10-18,62.45918655395508
2024-10-21,61.72621536254883
2024-10-22,61.31574630737305
2024-10-23,60.94437026977539
2024-10-24,61.0421028137207
2024-10-25,60.70981979370117
2024-10-28,61.31574630737305
2024-10-29,61.38416290283203
2024-10-30,61.296199798583984
2024-10-31,60.49481964111328
2024-11-01,60.612091064453125
2024-11-04,60.78800582885742
2024-11-05,61.667579650878906
2024-11-06,64.21832275390625
2024-11-07,64.12059020996094
2024-11-08,64.43333435058594
2024-11-11,65.00015258789062
2024-11-12,64.31604766845703
2024-11-13,63.95444869995117
2024-11-14,63.38761520385742
2024-11-15,62.71328353881836
2024-11-18,62.830562591552734
2024-11-19,62.85987854003906
2024-11-20,63.241024017333984
2024-11-21,64.23786926269531
2024-11-22,65.32266235351562
2024-11-25,66.32928466796875
2024-11-26,66.01655578613281
2024-11-27,65.7917709350586
2024-11-29,65.86996459960938
2024-12-02,65.66472625732422
2024-12-03,65.49858856201172
2024-12-04,65.68428039550781
2024-12-05,65.1467514038086
2024-12-06,65.15652465820312
2024-12-09,64.85356140136719
2024-12-10,64.4235610961914
2024-12-11,64.8242416381836
2024-12-12,64.45287322998047
2024-12-13,64.14013671875
2024-12-16,64.13037109375
2024-12-17,63.35219955444336
2024-12-18,60.94804000854492
2024-12-19,60.79103088378906
2024-12-20,61.193359375
2024-12-23,61.35036849975586
2024-12-24,61.81157684326172
2024-12-26,62.047080993652344
2024-12-27,61.438690185546875
2024-12-30,61.00691604614258
2024-12-31,61.1442985534668
2025-01-02,60.98728942871094
2025-01-03,61.73307418823242
2025-01-06,61.84101867675781
2025-01-07,61.438690185546875
2025-01-08,61.60550308227539
2025-01-10,60.732154846191406
2025-01-13,61.20316696166992
2025-01-14,61.91950988769531
2025-01-15,62.733985900878906
2025-01-16,63.205013275146484
2025-01-17,63.48957824707031
2025-01-21,64.56900787353516
2025-01-22,64.25498962402344
2025-01-23,64.26480865478516
2025-01-24,64.1764907836914
2025-01-27,63.4993896484375
2025-01-28,63.57789993286133
2025-01-29,63.33257293701172
2025-01-30,64.029296875
2025-01-31,63.440528869628906
2025-02-03,62.714359283447266
2025-02-04,63.1166877746582
2025-02-05,63.685848236083984
2025-02-06,63.66621780395508
2025-02-07,62.85174560546875
2025-02-10,62.92043685913086
2025-02-11,62.62604522705078
2025-02-12,62.16484069824219
2025-02-13,62.743804931640625
2025-02-14,62.70455551147461
2025-02-18,63.283512115478516
2025-02-19,62.940059661865234
2025-02-20,62.331661224365234
2025-02-21,60.8400993347168
2025-02-24,60.75177764892578
2025-02-25,60.74197006225586
2025-02-26,60.84990692138672
2025-02-27,60.1041259765625
2025-02-28,60.72234344482422
2025-03-03,59.36815643310547
2025-03-04,58.43592834472656
2025-03-05,59.162086486816406
2025-03-06,58.25929641723633
2025-03-07,58.62238311767578
2025-03-10,57.376136779785156
2025-03-11,57.07193374633789
2025-03-12,57.02286911010742
2025-03-13,56.139705657958984
2025-03-14,57.503700256347656
2025-03-17,58.36724090576172
2025-03-18,57.888038635253906
2025-03-19,58.606353759765625
2025-03-20,58.18323516845703
2025-03-21,57.858516693115234
2025-03-24,59.295143127441406
2025-03-25,59.14754104614258
2025-03-26,58.77362823486328
2025-03-27,58.330833435058594
2025-03-28,57.2779655456543
2025-03-31,57.41572189331055
2025-04-01,57.72076416015625
2025-04-02,58.64570999145508
2025-04-03,54.699913024902344
2025-04-04,52.03330612182617
2025-04-07,51.46260070800781
2025-04-08,50.34084701538086
2025-04-09,55.00495910644531
2025-04-10,52.820499420166016
2025-04-11,53.49945068359375
2025-04-14,54.1882438659668
2025-04-15,54.09968185424805
2025-04-16,53.519126892089844
2025-04-17,53.971763610839844
2025-04-21,52.74177551269531
2025-04-22,54.06032180786133
2025-04-23,54.75896072387695
2025-04-24,55.93974304199219
2025-04-25,55.68390655517578
2025-04-28,55.890541076660156
2025-04-29,56.16606140136719
2025-04-30,55.998783111572266
2025-05-01,56.34317398071289
2025-05-02,57.691246032714844
2025-05-05,57.563323974609375
2025-05-06,57.150047302246094
2025-05-07,57.307491302490234
2025-05-08,58.02580261230469
2025-05-09,57.9569206237793
2025-05-12,60.03313446044922
2025-05-13,60.22993087768555
2025-05-14,60.04297637939453
2025-05-15,60.180728912353516
2025-05-16,60.83016586303711
2025-05-19,60.5940055847168
2025-05-20,60.42673110961914
2025-05-21,58.80315017700195
2025-05-22,58.744110107421875
2025-05-23,58.635868072509766
2025-05-27,59.93473434448242
2025-05-28,59.16722869873047
2025-05-29,59.32466125488281
2025-05-30,59.07866668701172
2025-06-02,58.999942779541016
2025-06-03,59.73793411254883
2025-06-04,59.629695892333984
2025-06-05,59.541141510009766
2025-06-06,60.111854553222656
2025-06-09,60.28896713256836
2025-06-10,60.466094970703125
2025-06-11,60.15121078491211
2025-06-12,60.220088958740234
2025-06-13,59.295143127441406
2025-06-16,59.95650863647461
2025-06-17,59.45307922363281
2025-06-18,59.67024230957031
2025-06-20,59.6505012512207
2025-06-23,60.183536529541016
2025-06-24,60.73630905151367
2025-06-25,60.25263214111328
2025-06-26,61.052181243896484
2025-06-27,61.219993591308594
2025-06-30,61.219993591308594
2025-07-01,61.98006057739258
2025-07-02,62.601932525634766
2025-07-03,62.967159271240234
2025-07-07,62.33541488647461
2025-07-08,62.59206008911133
2025-07-09,62.8289680480957
2025-07-10,63.16457748413086
2025-07-11,62.621673583984375
2025-07-14,62.819095611572266
2025-07-15,61.713539123535156
2025-07-16,61.99979782104492
2025-07-17,62.6808967590332
2025-07-18,62.64141845703125
2025-07-21,62.22683334350586
2025-07-22,63.05599594116211
2025-07-23,63.56929016113281
2025-07-24,62.977027893066406
2025-07-25,63.529808044433594
2025-07-28,63.401485443115234
2025-07-29,63.32251739501953
2025-07-30,62.927677154541016
2025-07-31,62.21696090698242
2025-08-01,61.289085388183594
2025-08-04,62.08864212036133
2025-08-05,62.049156188964844
2025-08-06,61.85173416137695
2025-08-07,61.73328399658203
2025-08-08,61.72341537475586
2025-08-11,61.486507415771484
2025-08-12,62.888187408447266
2025-08-13,63.865413665771484
2025-08-14,63.04612731933594
2025-08-15,62.710514068603516
2025-08-18,62.86845016479492
2025-08-19,62.986900329589844
2025-08-20,62.730255126953125
2025-08-21,62.63154602050781
2025-08-22,64.36883544921875
2025-08-25,63.87528610229492
2025-08-26,64.14181518554688
2025-08-27,64.58600616455078
2025-08-28,64.66497802734375
2025-08-29,64.31949615478516
2025-09-02,64.07271575927734
2025-09-03,63.96413803100586
2025-09-04,64.88213348388672
2025-09-05,65.19801330566406
2025-09-08,65.19801330566406
2025-09-09,64.60575103759766
2025-09-10,64.57613372802734
2025-09-11,65.6520767211914
2025-09-12,64.93148040771484
2025-09-15,64.94136047363281
2025-09-16,64.75518035888672
2025-09-17,64.67595672607422
2025-09-18,65.4979019165039
2025-09-19,64.9730453491211
2025-09-22,64.95323181152344
2025-09-23,64.89382934570312
2025-09-24,64.40857696533203
2025-09-25,64.05207061767578
2025-09-26,64.7056655883789
2025-09-29,64.55712890625
2025-09-30,64.62644958496094
2025-10-01,64.85421752929688
2025-10-02,64.93344116210938
2025-10-03,65.1314926147461
2025-10-06,65.24042510986328
2025-10-07,64.51751708984375
2025-10-08,65.17110443115234
2025-10-09,64.45809173583984
2025-10-10,62.63595962524414
2025-10-13,63.863922119140625
2025-10-14,64.44819641113281
2025-10-15,64.50761413574219
2025-10-16,63.71537780761719
2025-10-17,63.844120025634766
2025-10-20,64.62644958496094
2025-10-21,64.8740234375
2025-10-22,64.11149597167969
2025-10-23,64.98294830322266
2025-10-24,65.34935760498047
2025-10-27,65.596923828125
2025-10-28,65.00275421142578
2025-10-29,64.59674835205078
2025-10-30,63.903533935546875
2025-10-31,64.29965209960938
2025-11-03,64.26994323730469
2025-11-04,63.71537780761719
2025-11-05,64.15110778808594
2025-11-06,63.53712844848633
2025-11-07,64.29965209960938
2025-11-10,64.71556854248047
2025-11-11,64.69576263427734
2025-11-12,64.92353820800781
2025-11-13,63.71537780761719
2025-11-14,63.57673645019531
2025-11-17,62.398284912109375
2025-11-18,62.596343994140625
2025-11-19,62.68547439575195
2025-11-20,61.65556716918945
2025-11-21,63.14101028442383
2025-11-24,63.77479934692383
2025-11-25,64.96314239501953
2025-11-26,65.34935760498047
2025-11-28,65.69595336914062
2025-12-01,65.31964874267578
2025-12-02,65.09188842773438
2025-12-03,65.54742431640625
2025-12-04,65.87421417236328
2025-12-05,65.89401245117188
2025-12-08,65.56722259521484
2025-12-09,65.5276107788086
2025-12-10,66.7654800415039
2025-12-11,67.39926147460938
2025-12-12,66.51789855957031
2025-12-15,66.3990707397461
2025-12-16,65.961181640625
2025-12-17,65.66262817382812
2025-12-18,65.99103546142578
2025-12-19,66.5284423828125
2025-12-22,67.095703125
2025-12-23,66.89665985107422
2025-12-24,66.99617767333984
2025-12-26,67.00613403320312
2025-12-29,66.6080551147461
2025-12-30,66.37915802001953
2025-12-31,65.68252563476562
2026-01-02,66.5881576538086
2026-01-05,67.45397186279297
2026-01-06,68.42925262451172
2026-01-07,67.9316635131836
2026-01-08,68.18045806884766
2026-01-09,68.77757263183594
2026-01-12,68.88703918457031
2026-01-13,69.0263671875
2026-01-14,69.09603118896484
2026-01-15,69.90213012695312
2026-01-16,69.7229995727539
2026-01-20,68.7576675415039
2026-01-21,70.00165557861328
2026-01-22,70.01160430908203
2026-01-23,69.30502319335938
2026-01-26,69.27516174316406
2026-01-27,69.27516174316406
2026-01-28,69.11592864990234
2026-01-29,68.96665954589844
2026-01-30,68.33969116210938
2026-02-02,68.91690063476562
2026-02-03,69.0462646484375
2026-02-04,69.56377410888672
2026-02-05,69.19554901123047
2026-02-06,71.38497161865234
2026-02-09,71.4446792602539
2026-02-10,71.41482543945312
2026-02-11,71.24563598632812
2026-02-12,70.20069122314453
2026-02-13,70.89732360839844
2026-02-17,71.02670288085938
2026-02-18,71.32525634765625
2026-02-19,71.31531524658203
2026-02-20,71.76314544677734
2026-02-23,70.52910614013672
2026-02-24,71.16602325439453
2026-02-25,71.43472290039062
2026-02-26,71.72333526611328
2026-02-27,71.1461181640625
2026-03-02,71.75318908691406
2026-03-03,70.51914978027344
2026-03-04,70.51914978027344
2026-03-05,69.52396392822266
2026-03-06,67.89185333251953
2026-03-09,68.55863189697266
2026-03-10,68.24016571044922
2026-03-11,68.04113006591797
2026-03-12,66.67772674560547
2026-03-13,66.57820129394531
2026-03-16,67.04594421386719
2026-03-17,67.65143585205078
2026-03-18,67.02300262451172
2026-03-19,67.18260192871094
2026-03-20,65.70628356933594
2026-03-23,66.91327667236328
2026-03-24,67.46189880371094
2026-03-25,68.0504379272461
2026-03-26,67.0429458618164
2026-03-27,65.94568634033203
2026-03-30,65.42697143554688
2026-03-31,67.36215209960938
2026-04-01,67.93073272705078
2026-04-02,68.01053619384766
2026-04-06,68.28984069824219
2026-04-07,68.37962341308594
2026-04-08,70.35469818115234
2026-04-09,70.49434661865234
2026-04-10,70.27489471435547
2026-04-13,71.03300476074219
2026-04-14,71.3921127319336
2026-04-15,71.18263244628906
2026-04-16,71.31230926513672
2026-04-17,72.71881103515625
2026-04-20,73.17766571044922
2026-04-21,72.73875427246094
2026-04-22,72.4594497680664
2026-04-23,72.4594497680664
2026-04-24,72.60907745361328
2026-04-27,72.65895080566406
2026-04-28,71.93077087402344
2026-04-29,71.3921127319336
2026-04-30,72.58912658691406
2026-05-01,72.6290283203125
2026-05-04,72.17017364501953
2026-05-05,73.08788299560547
2026-05-06,74.43453216552734
2026-05-07,73.47692108154297
2026-05-08,73.80609130859375
2026-05-11,73.60659790039062
2026-05-12,73.14773559570312
2026-05-13,72.94823455810547
2026-05-14,73.2574691772461
2026-05-15,72.04049682617188
2026-05-18,71.97067260742188
2026-05-19,71.27240753173828
2026-05-20,72.60907745361328
2026-05-21,72.71881103515625
2026-05-22,73.31731414794922
2026-05-26,74.4644546508789
2026-05-27,74.17517852783203
2026-05-28,74.26495361328125
2026-05-29,74.41458129882812
2026-06-01,74.35472869873047
2026-06-02,75.03304290771484
2026-06-03,74.9432601928711
2026-06-04,75.27244567871094
2026-06-05,73.76618957519531
2026-06-08,73.92579650878906
2026-06-09,74.54425811767578
2026-06-10,73.4669418334961
2026-06-11,75.31234741210938
2026-06-12,75.85100555419922
2026-06-15,76.16000366210938
2026-06-16,75.93000030517578
2026-06-17,74.9800033569336
2026-06-18,75.77999877929688
2026-06-22,76.06999969482422
2026-06-23,75.30000305175781
2026-06-24,75.76000213623047
2026-06-25,76.45999908447266
2026-06-26,76.22000122070312
2026-06-29,76.52999877929688
2026-06-30,77.11000061035156
2026-07-01,76.44000244140625
2026-07-02,76.08999633789062
2026-07-06,76.41999816894531
2026-07-07,75.47000122070312
2026-07-08,74.7300033569336
2026-07-09,75.69999694824219
2026-07-10,75.66999816894531
2026-07-13,75.23999786376953
