date,adj close
2000-12-08,21.296499252319336
2000-12-11,21.475391387939453
2000-12-12,21.342369079589844
2000-12-13,21.342369079589844
2000-12-14,20.99378204345703
2000-12-15,20.709396362304688
2000-12-18,20.484643936157227
2000-12-19,20.356216430664062
2000-12-20,19.968660354614258
2000-12-21,19.762184143066406
2000-12-22,20.308195114135742
2000-12-26,20.280677795410156
2000-12-27,20.624799728393555
2000-12-28,20.542205810546875
2000-12-29,20.464202880859375
2001-01-02,20.326557159423828
2001-01-03,21.15705108642578
2001-01-04,20.6844425201416
2001-01-05,20.44585609436035
2001-01-08,20.436677932739258
2001-01-09,20.436677932739258
2001-01-10,20.243967056274414
2001-01-11,20.780803680419922
2001-01-12,20.50092315673828
2001-01-16,20.487146377563477
2001-01-17,20.58350372314453
2001-01-18,21.161643981933594
2001-01-19,21.079044342041016
2001-01-22,20.886335372924805
2001-01-23,21.221290588378906
2001-01-24,21.065277099609375
2001-01-25,21.13870620727539
2001-01-26,21.14328956604004
2001-01-29,21.198348999023438
2001-01-30,21.35894203186035
2001-01-31,21.198348999023438
2001-02-01,21.349760055541992
2001-02-02,20.959753036499023
2001-02-05,21.09740447998047
2001-02-06,20.996458053588867
2001-02-07,20.831275939941406
2001-02-08,20.55597686767578
2001-02-09,20.26690673828125
2001-02-12,20.689035415649414
2001-02-13,20.381614685058594
2001-02-14,20.354082107543945
2001-02-15,20.31737518310547
2001-02-16,20.05125617980957
2001-02-20,19.56947135925293
2001-02-21,19.216167449951172
2001-02-22,19.188631057739258
2001-02-23,19.073928833007812
2001-02-26,19.468521118164062
2001-02-27,19.262052536010742
2001-02-28,19.073928833007812
2001-03-01,18.853679656982422
2001-03-02,19.206985473632812
2001-03-05,19.23451805114746
2001-03-06,19.67500877380371
2001-03-07,19.67500877380371
2001-03-08,19.67500877380371
2001-03-09,19.19781494140625
2001-03-12,18.105772018432617
2001-03-13,18.19295310974121
2001-03-14,17.720348358154297
2001-03-15,17.926830291748047
2001-03-16,17.825883865356445
2001-03-19,18.13330841064453
2001-03-20,17.518465042114258
2001-03-21,17.339513778686523
2001-03-22,17.045856475830078
2001-03-23,17.633169174194336
2001-03-26,17.94059181213379
2001-03-27,18.52790641784668
2001-03-28,17.96305274963379
2001-03-29,17.71950340270996
2001-03-30,17.9538631439209
2001-04-02,17.60002326965332
2001-04-03,17.103729248046875
2001-04-04,17.21860694885254
2001-04-05,18.027387619018555
2001-04-06,17.73328971862793
2001-04-09,17.83713722229004
2001-04-10,18.36652183532715
2001-04-11,18.292991638183594
2001-04-12,18.690025329589844
2001-04-16,18.3518123626709
2001-04-17,18.3194580078125
2001-04-18,19.316463470458984
2001-04-19,19.660552978515625
2001-04-20,19.410572052001953
2001-04-23,19.081180572509766
2001-04-24,18.866485595703125
2001-04-25,19.248815536499023
2001-04-26,19.3017578125
2001-04-27,19.381160736083984
2001-04-30,19.425277709960938
2001-05-01,19.837013244628906
2001-05-02,19.72525978088379
2001-05-03,19.410572052001953
2001-05-04,19.810546875
2001-05-07,19.72819709777832
2001-05-08,19.557626724243164
2001-05-09,19.504682540893555
2001-05-10,19.557626724243164
2001-05-11,19.33116912841797
2001-05-14,19.284107208251953
2001-05-15,19.31940460205078
2001-05-16,19.88701820373535
2001-05-17,19.942890167236328
2001-05-18,19.83407974243164
2001-05-21,20.19582176208496
2001-05-22,20.01935386657715
2001-05-23,19.70761489868164
2001-05-24,19.772319793701172
2001-05-25,19.587034225463867
2001-05-29,19.45469093322754
2001-05-30,19.160587310791016
2001-05-31,19.239994049072266
2001-06-01,19.27823257446289
2001-06-04,19.307640075683594
2001-06-05,19.595853805541992
2001-06-06,19.328218460083008
2001-06-07,19.370136260986328
2001-06-08,19.34652328491211
2001-06-11,19.08381462097168
2001-06-12,19.074953079223633
2001-06-13,18.924407958984375
2001-06-14,18.74139404296875
2001-06-15,18.71778106689453
2001-06-18,18.502296447753906
2001-06-19,18.517051696777344
2001-06-20,18.522953033447266
2001-06-21,18.6853084564209
2001-06-22,18.700063705444336
2001-06-25,18.643983840942383
2001-06-26,18.50819969177246
2001-06-27,18.43144416809082
2001-06-28,18.49639320373535
2001-06-29,18.6853084564209
2001-07-02,18.7827205657959
2001-07-03,18.67350196838379
2001-07-05,18.280902862548828
2001-07-06,17.947345733642578
2001-07-09,17.97096061706543
2001-07-10,17.81155776977539
2001-07-11,17.672821044921875
2001-07-12,18.056564331054688
2001-07-13,18.06541633605957
2001-07-16,17.91192054748535
2001-07-17,18.083126068115234
2001-07-18,17.858783721923828
2001-07-19,18.094938278198242
2001-07-20,18.06246566772461
2001-07-23,17.78498649597168
2001-07-24,17.516372680664062
2001-07-25,17.693479537963867
2001-07-26,17.888303756713867
2001-07-27,17.900114059448242
2001-07-30,17.920774459838867
2001-07-31,18.053607940673828
2001-08-01,18.1480712890625
2001-08-02,18.272048950195312
2001-08-03,18.201200485229492
2001-08-06,17.94144058227539
2001-08-07,18.06541633605957
2001-08-08,17.675771713256836
2001-08-09,17.714143753051758
2001-08-10,17.823360443115234
2001-08-13,17.820411682128906
2001-08-14,17.8056583404541
2001-08-15,17.78498649597168
2001-08-16,17.773183822631836
2001-08-17,17.34515953063965
2001-08-20,17.454378128051758
2001-08-21,17.39238739013672
2001-08-22,17.469141006469727
2001-08-23,17.398292541503906
2001-08-24,17.737762451171875
2001-08-27,17.72300148010254
2001-08-28,17.504562377929688
2001-08-29,17.386489868164062
2001-08-30,17.055875778198242
2001-08-31,17.076539993286133
2001-09-04,16.987987518310547
2001-09-05,16.996841430664062
2001-09-06,16.542253494262695
2001-09-07,16.258874893188477
2001-09-10,16.29134178161621
2001-09-17,15.792478561401367
2001-09-18,15.774770736694336
2001-09-19,15.571090698242188
2001-09-20,14.895116806030273
2001-09-21,14.596977233886719
2001-09-24,15.110596656799316
2001-09-25,15.219818115234375
2001-09-26,15.275900840759277
2001-09-27,15.588807106018066
2001-09-28,15.819045066833496
2001-10-01,15.87217903137207
2001-10-02,16.00790023803711
2001-10-03,16.19162940979004
2001-10-04,16.330907821655273
2001-10-05,16.33979034423828
2001-10-08,16.2360782623291
2001-10-09,16.209409713745117
2001-10-10,16.722063064575195
2001-10-11,16.808008193969727
2001-10-12,16.772438049316406
2001-10-15,16.71317481994629
2001-10-16,16.849489212036133
2001-10-17,16.63909339904785
2001-10-18,16.576858520507812
2001-10-19,16.520559310913086
2001-10-22,16.7635555267334
2001-10-23,16.84059715270996
2001-10-24,16.888010025024414
2001-10-25,17.018390655517578
2001-10-26,17.145822525024414
2001-10-29,16.668724060058594
2001-10-30,16.372390747070312
2001-10-31,16.402023315429688
2001-11-01,16.911720275878906
2001-11-02,16.920608520507812
2001-11-05,17.122112274169922
2001-11-06,17.12803840637207
2001-11-07,17.27324104309082
2001-11-08,17.296951293945312
2001-11-09,17.41547966003418
2001-11-12,17.332509994506836
2001-11-13,17.54290771484375
2001-11-14,17.625873565673828
2001-11-15,17.528093338012695
2001-11-16,17.560684204101562
2001-11-19,17.71181869506836
2001-11-20,17.631803512573242
2001-11-21,17.528093338012695
2001-11-23,17.616994857788086
2001-11-26,17.771081924438477
2001-11-27,17.628841400146484
2001-11-28,17.359180450439453
2001-11-29,17.409555435180664
2001-11-30,17.439189910888672
2001-12-03,17.249536514282227
2001-12-04,17.409555435180664
2001-12-05,17.85109519958496
2001-12-06,17.85405158996582
2001-12-07,17.53697967529297
2001-12-10,17.341400146484375
2001-12-11,17.421403884887695
2001-12-12,17.323619842529297
2001-12-13,17.009504318237305
2001-12-14,17.098407745361328
2001-12-17,17.29398536682129
2001-12-18,17.433263778686523
2001-12-19,17.385847091674805
2001-12-20,17.332509994506836
2001-12-21,17.436229705810547
2001-12-24,17.32079315185547
2001-12-26,17.377174377441406
2001-12-27,17.507740020751953
2001-12-28,17.552255630493164
2001-12-31,17.507740020751953
2002-01-02,17.409814834594727
2002-01-03,17.82822036743164
2002-01-04,17.807449340820312
2002-01-07,17.635343551635742
2002-01-08,17.501802444458008
2002-01-09,17.400917053222656
2002-01-10,17.356401443481445
2002-01-11,17.211000442504883
2002-01-14,17.015146255493164
2002-01-15,17.074499130249023
2002-01-16,16.801494598388672
2002-01-17,17.062631607055664
2002-01-18,16.937997817993164
2002-01-22,16.762922286987305
2002-01-23,16.85787582397461
2002-01-24,16.920194625854492
2002-01-25,16.86084747314453
2002-01-28,16.804462432861328
2002-01-29,16.294069290161133
2002-01-30,16.486953735351562
2002-01-31,16.59674644470215
2002-02-01,16.59674644470215
2002-02-04,16.21097755432129
2002-02-05,16.056678771972656
2002-02-06,16.03887176513672
2002-02-07,16.121957778930664
2002-02-08,16.29109764099121
2002-02-11,16.495853424072266
2002-02-12,16.45430564880371
2002-02-13,16.567066192626953
2002-02-14,16.528491973876953
2002-02-15,16.380125045776367
2002-02-19,16.169435501098633
2002-02-20,16.160541534423828
2002-02-21,16.202075958251953
2002-02-22,16.148666381835938
2002-02-25,16.335615158081055
2002-02-26,16.33858299255371
2002-02-27,16.362316131591797
2002-02-28,16.430572509765625
2002-03-01,16.80743408203125
2002-03-04,17.154621124267578
2002-03-05,17.1012020111084
2002-03-06,17.39497947692871
2002-03-07,17.279245376586914
2002-03-08,17.329702377319336
2002-03-11,17.418720245361328
2002-03-12,17.199129104614258
2002-03-13,17.1190128326416
2002-03-14,17.1190128326416
2002-03-15,17.249576568603516
2002-03-18,17.305953979492188
2002-03-19,17.291122436523438
2002-03-20,17.04779052734375
2002-03-21,17.092302322387695
2002-03-22,16.943931579589844
2002-03-25,16.7540225982666
2002-03-26,16.74510955810547
2002-03-27,16.893489837646484
2002-03-28,16.988439559936523
2002-04-01,16.940969467163086
2002-04-02,16.825233459472656
2002-04-03,16.74510955810547
2002-04-04,16.61751365661621
2002-04-05,16.59674644470215
2002-04-08,16.45430564880371
2002-04-09,16.368253707885742
2002-04-10,16.584871292114258
2002-04-11,16.08041000366211
2002-04-12,16.22878646850586
2002-04-15,16.136798858642578
2002-04-16,16.57300567626953
2002-04-17,16.58784294128418
2002-04-18,16.558164596557617
2002-04-19,16.558164596557617
2002-04-22,16.27923011779785
2002-04-23,16.154600143432617
2002-04-24,16.01513671875
2002-04-25,16.068540573120117
2002-04-26,15.890496253967285
2002-04-29,15.72729206085205
2002-04-30,15.881597518920898
2002-05-01,16.03887176513672
2002-05-02,16.035905838012695
2002-05-03,15.887530326843262
2002-05-06,15.63826847076416
2002-05-07,15.578924179077148
2002-05-08,16.04183578491211
2002-05-09,15.881597518920898
2002-05-10,15.596725463867188
2002-05-13,16.00029182434082
2002-05-14,16.261430740356445
2002-05-15,16.216917037963867
2002-05-16,16.329679489135742
2002-05-17,16.45430564880371
2002-05-20,16.24658966064453
2002-05-21,16.068540573120117
2002-05-22,16.14569854736328
2002-05-23,16.231754302978516
2002-05-24,16.113056182861328
2002-05-28,15.961719512939453
2002-05-29,15.884563446044922
2002-05-30,15.801477432250977
2002-05-31,15.801477432250977
2002-06-03,15.543313980102539
2002-06-04,15.37120532989502
2002-06-05,15.40087890625
2002-06-06,15.305915832519531
2002-06-07,15.10710334777832
2002-06-10,15.0892972946167
2002-06-11,15.029952049255371
2002-06-12,15.015113830566406
2002-06-13,14.949835777282715
2002-06-14,14.709468841552734
2002-06-17,15.0892972946167
2002-06-18,15.118980407714844
2002-06-19,14.89640998840332
2002-06-20,14.86674690246582
2002-06-21,14.516592025756836
2002-06-24,14.617484092712402
2002-06-25,14.5610990524292
2002-06-26,14.480975151062012
2002-06-27,14.614513397216797
2002-06-28,14.834100723266602
2002-07-01,14.786628723144531
2002-07-02,14.362287521362305
2002-07-03,14.225781440734863
2002-07-05,15.003243446350098
2002-07-08,14.8489408493042
2002-07-09,14.614513397216797
2002-07-10,14.110054016113281
2002-07-11,14.101152420043945
2002-07-12,13.869688034057617
2002-07-15,13.599656105041504
2002-07-16,13.53140926361084
2002-07-17,13.813313484191895
2002-07-18,13.656037330627441
2002-07-19,13.14564323425293
2002-07-22,12.58183765411377
2002-07-23,12.299930572509766
2002-07-24,12.670855522155762
2002-07-25,12.566993713378906
2002-07-26,12.819226264953613
2002-07-29,13.69461727142334
2002-07-30,13.709451675415039
2002-07-31,13.635266304016113
2002-08-01,13.21982192993164
2002-08-02,12.937921524047852
2002-08-05,12.460171699523926
2002-08-06,13.07145881652832
2002-08-07,13.2940092086792
2002-08-08,13.73912239074707
2002-08-09,13.837051391601562
2002-08-12,13.736157417297363
2002-08-13,13.4275484085083
2002-08-14,13.676810264587402
2002-08-15,13.932007789611816
2002-08-16,14.023996353149414
2002-08-19,14.362287521362305
2002-08-20,14.118956565856934
2002-08-21,14.261393547058105
2002-08-22,14.412727355957031
2002-08-23,14.038830757141113
2002-08-26,14.264354705810547
2002-08-27,14.115983009338379
2002-08-28,13.66494083404541
2002-08-29,13.564045906066895
2002-08-30,13.745060920715332
2002-09-03,12.937921524047852
2002-09-04,13.234664916992188
2002-09-05,12.923089981079102
2002-09-06,13.20796012878418
2002-09-09,13.041781425476074
2002-09-10,13.460186958312988
2002-09-11,13.656037330627441
2002-09-12,13.110033988952637
2002-09-13,13.14564323425293
2002-09-16,13.101133346557617
2002-09-17,12.920122146606445
2002-09-18,12.923089981079102
2002-09-19,12.463136672973633
2002-09-20,12.537322998046875
2002-09-23,12.2227783203125
2002-09-24,11.940869331359863
2002-09-25,12.403789520263672
2002-09-26,12.641178131103516
2002-09-27,12.25541877746582
2002-09-30,12.047701835632324
2002-10-01,12.566993713378906
2002-10-02,12.55512809753418
2002-10-03,12.380049705505371
2002-10-04,12.06253719329834
2002-10-07,11.76579475402832
2002-10-08,11.988351821899414
2002-10-09,11.676774978637695
2002-10-10,12.018026351928711
2002-10-11,12.626344680786133
2002-10-14,12.55216121673584
2002-10-15,13.14564323425293
2002-10-16,12.854836463928223
2002-10-17,13.264341354370117
2002-10-18,13.267308235168457
2002-10-21,13.323688507080078
2002-10-22,13.190152168273926
2002-10-23,13.130805015563965
2002-10-24,13.07145881652832
2002-10-25,13.2940092086792
2002-10-28,13.264341354370117
2002-10-29,13.086295127868652
2002-10-30,13.21982192993164
2002-10-31,13.234664916992188
2002-11-01,13.48095989227295
2002-11-04,13.614492416381836
2002-11-05,13.837051391601562
2002-11-06,13.902334213256836
2002-11-07,13.614492416381836
2002-11-08,13.561079025268555
2002-11-11,13.347428321838379
2002-11-12,13.344459533691406
2002-11-13,13.344459533691406
2002-11-14,13.6441650390625
2002-11-15,13.724285125732422
2002-11-18,13.703519821166992
2002-11-19,13.6293306350708
2002-11-20,13.840017318725586
2002-11-21,14.077406883239746
2002-11-22,14.077406883239746
2002-11-25,14.026959419250488
2002-11-26,13.724285125732422
2002-11-27,14.130824089050293
2002-11-29,14.12488842010498
2002-12-02,14.115983009338379
2002-12-03,13.908267974853516
2002-12-04,13.896398544311523
2002-12-05,13.667906761169434
2002-12-06,13.69758415222168
2002-12-09,13.397871017456055
2002-12-10,13.546238899230957
2002-12-11,13.641200065612793
2002-12-12,13.489861488342285
2002-12-13,13.35335922241211
2002-12-16,13.750996589660645
2002-12-17,13.587788581848145
2002-12-18,13.28807544708252
2002-12-19,13.190152168273926
2002-12-20,13.445352554321289
2002-12-23,13.47899341583252
2002-12-24,13.361841201782227
2002-12-26,13.364845275878906
2002-12-27,13.052427291870117
2002-12-30,13.307768821716309
2002-12-31,13.307768821716309
2003-01-02,13.617181777954102
2003-01-03,13.683263778686523
2003-01-06,14.013708114624023
2003-01-07,13.85149097442627
2003-01-08,13.584139823913574
2003-01-09,13.800422668457031
2003-01-10,13.839479446411133
2003-01-13,13.863507270812988
2003-01-14,13.9776611328125
2003-01-15,13.836474418640137
2003-01-16,13.779397964477539
2003-01-17,13.457966804504395
2003-01-21,13.292747497558594
2003-01-22,13.079463005065918
2003-01-23,13.256699562072754
2003-01-24,12.830127716064453
2003-01-27,12.583800315856934
2003-01-28,12.70997142791748
2003-01-29,12.911237716674805
2003-01-30,12.586811065673828
2003-01-31,12.818114280700684
2003-02-03,12.83613395690918
2003-02-04,12.613838195800781
2003-02-05,12.721986770629883
2003-02-06,12.553763389587402
2003-02-07,12.35849666595459
2003-02-10,12.382535934448242
2003-02-11,12.433598518371582
2003-02-12,12.256362915039062
2003-02-13,12.280394554138184
2003-02-14,12.61684513092041
2003-02-18,12.743011474609375
2003-02-19,12.661904335021973
2003-02-20,12.661904335021973
2003-02-21,12.743011474609375
2003-02-24,12.577791213989258
2003-02-25,12.571781158447266
2003-02-26,12.304428100585938
2003-02-27,12.35849666595459
2003-02-28,12.502691268920898
2003-03-03,12.48166275024414
2003-03-04,12.382535934448242
2003-03-05,12.412574768066406
2003-03-06,12.286402702331543
2003-03-07,12.382535934448242
2003-03-10,12.076125144958496
2003-03-11,12.088141441345215
2003-03-12,11.92892837524414
2003-03-13,12.400555610656738
2003-03-14,12.436607360839844
2003-03-17,13.019383430480957
2003-03-18,12.872187614440918
2003-03-19,13.187609672546387
2003-03-20,13.067444801330566
2003-03-21,13.515043258666992
2003-03-24,12.92325210571289
2003-03-25,13.082465171813965
2003-03-26,13.028398513793945
2003-03-27,12.968316078186035
2003-03-28,12.851160049438477
2003-03-31,12.619852066040039
2003-04-01,12.724989891052246
2003-04-02,13.133535385131836
2003-04-03,13.070448875427246
2003-04-04,13.160568237304688
2003-04-07,13.217646598815918
2003-04-08,13.277729034423828
2003-04-09,13.127525329589844
2003-04-10,13.154562950134277
2003-04-11,13.085474014282227
2003-04-14,13.2747220993042
2003-04-15,13.388875961303711
2003-04-16,13.30476188659668
2003-04-17,13.515043258666992
2003-04-21,13.46397590637207
2003-04-22,13.737342834472656
2003-04-23,13.839479446411133
2003-04-24,13.698287010192871
2003-04-25,13.500022888183594
2003-04-28,13.695293426513672
2003-04-29,13.734339714050293
2003-04-30,13.755367279052734
2003-05-01,13.80943775177002
2003-05-02,14.022721290588379
2003-05-05,13.959640502929688
2003-05-06,14.217979431152344
2003-05-07,14.06778335571289
2003-05-08,13.878530502319336
2003-05-09,14.070783615112305
2003-05-12,14.248023986816406
2003-05-13,14.07379150390625
2003-05-14,14.112842559814453
2003-05-15,14.202958106994629
2003-05-16,14.266046524047852
2003-05-19,13.800422668457031
2003-05-20,13.821451187133789
2003-05-21,13.869514465332031
2003-05-22,14.028729438781738
2003-05-23,14.07379150390625
2003-05-27,14.178929328918457
2003-05-28,14.226995468139648
2003-05-29,14.163914680480957
2003-05-30,14.350159645080566
2003-06-02,14.45529842376709
2003-06-03,14.485337257385254
2003-06-04,14.713642120361328
2003-06-05,14.758707046508789
2003-06-06,14.746687889099121
2003-06-09,14.66557788848877
2003-06-10,14.824790000915527
2003-06-11,15.008034706115723
2003-06-12,15.137207984924316
2003-06-13,14.926929473876953
2003-06-16,15.263378143310547
2003-06-17,15.377532005310059
2003-06-18,15.254365921020508
2003-06-19,14.996021270751953
2003-06-20,15.005035400390625
2003-06-23,14.818785667419434
2003-06-24,14.881866455078125
2003-06-25,14.800753593444824
2003-06-26,14.79475212097168
2003-06-27,14.650561332702637
2003-06-30,14.68360710144043
2003-07-01,14.470319747924805
2003-07-02,14.896892547607422
2003-07-03,14.764715194702148
2003-07-07,14.974990844726562
2003-07-08,15.035074234008789
2003-07-09,14.968985557556152
2003-07-10,14.731670379638672
2003-07-11,14.854832649230957
2003-07-14,14.980999946594238
2003-07-15,14.869852066040039
2003-07-16,14.809776306152344
2003-07-17,14.599493026733398
2003-07-18,14.818785667419434
2003-07-21,14.626526832580566
2003-07-22,14.773717880249023
2003-07-23,14.81277847290039
2003-07-24,14.81277847290039
2003-07-25,14.89989948272705
2003-07-28,14.984007835388184
2003-07-29,14.917922019958496
2003-07-30,14.860840797424316
2003-07-31,14.839810371398926
2003-08-01,14.650561332702637
2003-08-04,14.79175090789795
2003-08-05,14.647557258605957
2003-08-06,14.569452285766602
2003-08-07,14.713642120361328
2003-08-08,14.719647407531738
2003-08-11,14.839810371398926
2003-08-12,14.902898788452148
2003-08-13,14.782736778259277
2003-08-14,15.014046669006348
2003-08-15,15.017049789428711
2003-08-18,15.146223068237305
2003-08-19,15.06811809539795
2003-08-20,15.101165771484375
2003-08-21,15.008034706115723
2003-08-22,14.929931640625
2003-08-25,14.914915084838867
2003-08-26,14.917922019958496
2003-08-27,14.959969520568848
2003-08-28,15.014046669006348
2003-08-29,15.017049789428711
2003-09-02,15.305435180664062
2003-09-03,15.440618515014648
2003-09-04,15.4255952835083
2003-09-05,15.455636978149414
2003-09-08,15.575796127319336
2003-09-09,15.575796127319336
2003-09-10,15.4255952835083
2003-09-11,15.575796127319336
2003-09-12,15.575796127319336
2003-09-15,15.518717765808105
2003-09-16,15.771056175231934
2003-09-17,15.725996971130371
2003-09-18,15.900227546691895
2003-09-19,15.882204055786133
2003-09-22,15.60583782196045
2003-09-23,15.62085247039795
2003-09-24,15.437615394592285
2003-09-25,15.380533218383789
2003-09-26,15.305435180664062
2003-09-29,15.395551681518555
2003-09-30,15.284409523010254
2003-10-01,15.50369930267334
2003-10-02,15.593822479248047
2003-10-03,15.822123527526855
2003-10-06,15.885211944580078
2003-10-07,15.891212463378906
2003-10-08,15.825133323669434
2003-10-09,15.861177444458008
2003-10-10,15.915246963500977
2003-10-13,16.0053653717041
2003-10-14,16.011375427246094
2003-10-15,16.00837516784668
2003-10-16,16.080472946166992
2003-10-17,15.993353843688965
2003-10-20,16.053430557250977
2003-10-21,16.116512298583984
2003-10-22,15.86418342590332
2003-10-23,15.891212463378906
2003-10-24,15.62085247039795
2003-10-27,15.744022369384766
2003-10-28,15.921252250671387
2003-10-29,15.882204055786133
2003-10-30,15.969319343566895
2003-10-31,15.981334686279297
2003-11-03,16.04442024230957
2003-11-04,16.06244468688965
2003-11-05,15.960306167602539
2003-11-06,16.038414001464844
2003-11-07,16.04442024230957
2003-11-10,15.984344482421875
2003-11-11,15.918251037597656
2003-11-12,16.110509872436523
2003-11-13,16.11952018737793
2003-11-14,16.15256690979004
2003-11-17,15.891212463378906
2003-11-18,16.0203914642334
2003-11-19,15.951294898986816
2003-11-20,15.867181777954102
2003-11-21,15.900227546691895
2003-11-24,16.107511520385742
2003-11-25,16.1285343170166
2003-11-26,16.191617965698242
2003-11-28,16.260705947875977
2003-12-01,16.489015579223633
2003-12-02,16.43194007873535
2003-12-03,16.498023986816406
2003-12-04,16.443954467773438
2003-12-05,16.37186050415039
2003-12-08,16.49201202392578
2003-12-09,16.52806854248047
2003-12-10,16.362842559814453
2003-12-11,16.645227432250977
2003-12-12,16.711313247680664
2003-12-15,16.66925811767578
2003-12-16,16.807443618774414
2003-12-17,16.750356674194336
2003-12-18,17.062776565551758
2003-12-19,16.9576416015625
2003-12-22,16.971616744995117
2003-12-23,17.017200469970703
2003-12-24,16.97466278076172
2003-12-26,17.062782287597656
2003-12-29,17.275501251220703
2003-12-30,17.336273193359375
2003-12-31,17.44263458251953
2004-01-02,17.476051330566406
2004-01-05,17.746509552001953
2004-01-06,17.804248809814453
2004-01-07,17.71308135986328
2004-01-08,17.8984432220459
2004-01-09,17.792097091674805
2004-01-12,17.83767318725586
2004-01-13,17.64622688293457
2004-01-14,17.77688980102539
2004-01-15,17.76778221130371
2004-01-16,17.716121673583984
2004-01-20,17.865020751953125
2004-01-21,18.016958236694336
2004-01-22,18.126361846923828
2004-01-23,17.84375
2004-01-26,18.050384521484375
2004-01-27,17.9896183013916
2004-01-28,17.661422729492188
2004-01-29,17.746509552001953
2004-01-30,17.612796783447266
2004-02-02,17.700923919677734
2004-02-03,17.76778221130371
2004-02-04,17.63103675842285
2004-02-05,17.707006454467773
2004-02-06,18.00480842590332
2004-02-09,18.00480842590332
2004-02-10,18.08380699157715
2004-02-11,18.308687210083008
2004-02-12,18.19321060180664
2004-02-13,18.053424835205078
2004-02-17,18.354265213012695
2004-02-18,18.217517852783203
2004-02-19,18.20232582092285
2004-02-20,18.035194396972656
2004-02-23,18.03215789794922
2004-02-24,17.98049545288086
2004-02-25,18.007841110229492
2004-02-26,18.00176239013672
2004-02-27,18.050384521484375
2004-03-01,18.223596572875977
2004-03-02,17.995695114135742
2004-03-03,18.00480842590332
2004-03-04,18.04127311706543
2004-03-05,18.080774307250977
2004-03-08,18.016958236694336
2004-03-09,17.877178192138672
2004-03-10,17.591535568237305
2004-03-11,17.290691375732422
2004-03-12,17.348426818847656
2004-03-15,17.10836410522461
2004-03-16,17.178251266479492
2004-03-17,17.463905334472656
2004-03-18,17.41832160949707
2004-03-19,17.22991943359375
2004-03-22,16.916919708251953
2004-03-23,17.026317596435547
2004-03-24,16.774097442626953
2004-03-25,17.16913604736328
2004-03-26,17.202571868896484
2004-03-29,17.397052764892578
2004-03-30,17.448707580566406
2004-03-31,17.558103561401367
2004-04-01,17.640153884887695
2004-04-02,17.77688980102539
2004-04-05,17.83767318725586
2004-04-06,17.782974243164062
2004-04-07,17.804248809814453
2004-04-08,17.67053985595703
2004-04-12,17.773860931396484
2004-04-13,17.558103561401367
2004-04-14,17.460865020751953
2004-04-15,17.552021026611328
2004-04-16,17.649267196655273
2004-04-19,17.6735782623291
2004-04-20,17.30588722229004
2004-04-21,17.5003662109375
2004-04-22,17.700923919677734
2004-04-23,17.710044860839844
2004-04-26,17.6158390045166
2004-04-27,17.640153884887695
2004-04-28,17.424396514892578
2004-04-29,17.18737030029297
2004-04-30,17.281574249267578
2004-05-03,17.290691375732422
2004-05-04,17.381860733032227
2004-05-05,17.637109756469727
2004-05-06,17.44263458251953
2004-05-07,17.150903701782227
2004-05-10,16.831832885742188
2004-05-11,16.8986873626709
2004-05-12,17.047590255737305
2004-05-13,16.895647048950195
2004-05-14,16.938199996948242
2004-05-17,16.768022537231445
2004-05-18,16.789291381835938
2004-05-19,16.82271957397461
2004-05-20,16.834875106811523
2004-05-21,16.880449295043945
2004-05-24,16.971616744995117
2004-05-25,17.199527740478516
2004-05-26,17.16913604736328
2004-05-27,17.35450553894043
2004-05-28,17.3575439453125
2004-06-01,17.351469039916992
2004-06-02,17.40920066833496
2004-06-03,17.351469039916992
2004-06-04,17.454782485961914
2004-06-07,17.77688980102539
2004-06-08,17.752588272094727
2004-06-09,17.479097366333008
2004-06-10,17.545949935913086
2004-06-14,17.333236694335938
2004-06-15,17.524673461914062
2004-06-16,17.576339721679688
2004-06-17,17.609766006469727
2004-06-18,17.637109756469727
2004-06-21,17.539871215820312
2004-06-22,17.518606185913086
2004-06-23,17.71308135986328
2004-06-24,17.716121673583984
2004-06-25,17.521642684936523
2004-06-28,17.533796310424805
2004-06-29,17.518606185913086
2004-06-30,17.64622688293457
2004-07-01,17.448707580566406
2004-07-02,17.3848934173584
2004-07-06,17.290691375732422
2004-07-07,17.336273193359375
2004-07-08,17.290691375732422
2004-07-09,17.339317321777344
2004-07-12,17.333236694335938
2004-07-13,17.36665916442871
2004-07-14,17.290691375732422
2004-07-15,17.141788482666016
2004-07-16,17.163063049316406
2004-07-19,17.062782287597656
2004-07-20,17.208642959594727
2004-07-21,16.94122886657715
2004-07-22,17.062782287597656
2004-07-23,16.813602447509766
2004-07-26,16.813602447509766
2004-07-27,16.913877487182617
2004-07-28,16.94122886657715
2004-07-29,17.03543472290039
2004-07-30,17.00504493713379
2004-08-02,17.062782287597656
2004-08-03,17.047590255737305
2004-08-04,16.9868106842041
2004-08-05,16.80448341369629
2004-08-06,16.530996322631836
2004-08-09,16.579612731933594
2004-08-10,16.713319778442383
2004-08-11,16.74370765686035
2004-08-12,16.503646850585938
2004-08-13,16.546186447143555
2004-08-16,16.801448822021484
2004-08-17,16.716354370117188
2004-08-18,17.017200469970703
2004-08-19,16.85614585876465
2004-08-20,16.92603302001953
2004-08-23,16.929075241088867
2004-08-24,16.913877487182617
2004-08-25,17.074941635131836
2004-08-26,17.111406326293945
2004-08-27,17.16002082824707
2004-08-30,17.056705474853516
2004-08-31,17.13875389099121
2004-09-01,17.10836410522461
2004-09-02,17.296770095825195
2004-09-03,17.153945922851562
2004-09-07,17.321083068847656
2004-09-08,17.260299682617188
2004-09-09,17.275501251220703
2004-09-10,17.36665916442871
2004-09-13,17.436548233032227
2004-09-14,17.451744079589844
2004-09-15,17.25118637084961
2004-09-16,17.321083068847656
2004-09-17,17.42743492126465
2004-09-20,17.269418716430664
2004-09-21,17.476051330566406
2004-09-22,17.153945922851562
2004-09-23,17.093172073364258
2004-09-24,17.153945922851562
2004-09-27,17.017200469970703
2004-09-28,17.16002082824707
2004-09-29,17.23902702331543
2004-09-30,17.141788482666016
2004-10-01,17.44263458251953
2004-10-04,17.518606185913086
2004-10-05,17.527711868286133
2004-10-06,17.597604751586914
2004-10-07,17.45782470703125
2004-10-08,17.369701385498047
2004-10-11,17.44263458251953
2004-10-12,17.336273193359375
2004-10-13,17.153945922851562
2004-10-14,17.111406326293945
2004-10-15,17.114442825317383
2004-10-18,17.196489334106445
2004-10-19,17.18737030029297
2004-10-20,17.22991943359375
2004-10-21,17.23902702331543
2004-10-22,17.150903701782227
2004-10-25,17.13875389099121
2004-10-26,17.184328079223633
2004-10-27,17.351469039916992
2004-10-28,17.503408432006836
2004-10-29,17.606725692749023
2004-11-01,17.558103561401367
2004-11-02,17.612796783447266
2004-11-03,17.75562858581543
2004-11-04,18.080774307250977
2004-11-05,18.135473251342773
2004-11-08,18.135473251342773
2004-11-09,18.050384521484375
2004-11-10,18.065584182739258
2004-11-11,18.2752628326416
2004-11-12,18.424152374267578
2004-11-15,18.451509475708008
2004-11-16,18.323875427246094
2004-11-17,18.445432662963867
2004-11-18,18.548744201660156
2004-11-19,18.323875427246094
2004-11-22,18.369462966918945
2004-11-23,18.339069366455078
2004-11-24,18.332998275756836
2004-11-26,18.506210327148438
2004-11-29,18.424152374267578
2004-11-30,18.39984703063965
2004-12-01,18.563941955566406
2004-12-02,18.57002067565918
2004-12-03,18.61255645751953
2004-12-06,18.667261123657227
2004-12-07,18.50316619873047
2004-12-08,18.57913589477539
2004-12-09,18.515323638916016
2004-12-10,18.491016387939453
2004-12-13,18.658145904541016
2004-12-14,18.703725814819336
2004-12-15,18.870861053466797
2004-12-16,18.7310733795166
2004-12-17,18.524436950683594
2004-12-20,18.652069091796875
2004-12-21,18.779699325561523
2004-12-22,18.89029312133789
2004-12-23,18.925926208496094
2004-12-27,18.960006713867188
2004-12-28,19.114904403686523
2004-12-29,19.04984474182129
2004-12-30,19.099414825439453
2004-12-31,19.052940368652344
2005-01-03,18.925926208496094
2005-01-04,18.637802124023438
2005-01-05,18.712156295776367
2005-01-06,18.668785095214844
2005-01-07,18.68117904663086
2005-01-10,18.693571090698242
2005-01-11,18.591333389282227
2005-01-12,18.68117904663086
2005-01-13,18.58203887939453
2005-01-14,18.588233947753906
2005-01-18,18.591333389282227
2005-01-19,18.47980308532715
2005-01-20,18.433334350585938
2005-01-21,18.35588264465332
2005-01-24,18.402360916137695
2005-01-25,18.402360916137695
2005-01-26,18.665685653686523
2005-01-27,18.541767120361328
2005-01-28,18.495296478271484
2005-01-31,18.650196075439453
2005-02-01,18.85157012939453
2005-02-02,18.789602279663086
2005-02-03,18.805103302001953
2005-02-04,18.867063522338867
2005-02-07,18.867063522338867
2005-02-08,18.91352653503418
2005-02-09,18.91352653503418
2005-02-10,18.960006713867188
2005-02-11,19.077728271484375
2005-02-14,19.052940368652344
2005-02-15,19.179962158203125
2005-02-16,19.161373138427734
2005-02-17,19.083925247192383
2005-02-18,19.207849502563477
2005-02-22,18.975496292114258
2005-02-23,19.161373138427734
2005-02-24,19.207849502563477
2005-02-25,19.47117805480957
2005-02-28,19.300790786743164
2005-03-01,19.433998107910156
2005-03-02,19.4061222076416
2005-03-03,19.40921974182129
2005-03-04,19.60749626159668
2005-03-07,19.657060623168945
2005-03-08,19.610586166381836
2005-03-09,19.548625946044922
2005-03-10,19.548625946044922
2005-03-11,19.319377899169922
2005-03-14,19.440196990966797
2005-03-15,19.316274642944336
2005-03-16,19.23263168334961
2005-03-17,19.161373138427734
2005-03-18,19.14278793334961
2005-03-21,19.046741485595703
2005-03-22,18.814393997192383
2005-03-23,18.69976234436035
2005-03-24,18.730749130249023
2005-03-28,18.85157012939453
2005-03-29,18.588233947753906
2005-03-30,18.808197021484375
2005-03-31,18.764822006225586
2005-04-01,18.665685653686523
2005-04-04,18.68117904663086
2005-04-05,18.795808792114258
2005-04-06,18.77101707458496
2005-04-07,18.975496292114258
2005-04-08,18.891845703125
2005-04-11,18.960006713867188
2005-04-12,18.91352653503418
2005-04-13,18.752429962158203
2005-04-14,18.634708404541016
2005-04-15,18.402360916137695
2005-04-18,18.30940818786621
2005-04-19,18.538665771484375
2005-04-20,18.18548583984375
2005-04-21,18.588233947753906
2005-04-22,18.495296478271484
2005-04-25,18.541767120361328
2005-04-26,18.4674129486084
2005-04-27,18.433334350585938
2005-04-28,18.247453689575195
2005-04-29,18.49220085144043
2005-05-02,18.516984939575195
2005-05-03,18.526275634765625
2005-05-04,18.808197021484375
2005-05-05,18.727651596069336
2005-05-06,18.712156295776367
2005-05-09,18.774124145507812
2005-05-10,18.600629806518555
2005-05-11,18.6625919342041
2005-05-12,18.433334350585938
2005-05-13,18.32490348815918
2005-05-16,18.501487731933594
2005-05-17,18.510787963867188
2005-05-18,18.74312973022461
2005-05-19,18.774124145507812
2005-05-20,18.805103302001953
2005-05-23,18.91043472290039
2005-05-24,18.91352653503418
2005-05-25,18.867063522338867
2005-05-26,18.882549285888672
2005-05-27,18.944509506225586
2005-05-31,18.665685653686523
2005-06-01,18.774124145507812
2005-06-02,18.941410064697266
2005-06-03,18.783414840698242
2005-06-06,18.783414840698242
2005-06-07,18.75862693786621
2005-06-08,18.75862693786621
2005-06-09,18.805103302001953
2005-06-10,18.712156295776367
2005-06-13,18.764822006225586
2005-06-14,18.83608055114746
2005-06-15,18.83608055114746
2005-06-16,18.898040771484375
2005-06-17,19.04984474182129
2005-06-20,19.003376007080078
2005-06-21,19.114904403686523
2005-06-22,18.997182846069336
2005-06-23,18.805103302001953
2005-06-24,18.68117904663086
2005-06-27,18.68117904663086
2005-06-28,18.665685653686523
2005-06-29,18.789602279663086
2005-06-30,18.634708404541016
2005-07-01,18.588233947753906
2005-07-05,18.64090347290039
2005-07-06,18.6625919342041
2005-07-07,18.557260513305664
2005-07-08,18.789602279663086
2005-07-11,18.898040771484375
2005-07-12,19.083925247192383
2005-07-13,19.099414825439453
2005-07-14,19.083925247192383
2005-07-15,19.096311569213867
2005-07-18,19.0064697265625
2005-07-19,19.13039207458496
2005-07-20,19.13039207458496
2005-07-21,19.099414825439453
2005-07-22,19.096311569213867
2005-07-25,19.000276565551758
2005-07-26,19.068431854248047
2005-07-27,19.10561180114746
2005-07-28,19.235729217529297
2005-07-29,19.173765182495117
2005-08-01,19.192350387573242
2005-08-02,19.272903442382812
2005-08-03,19.390626907348633
2005-08-04,19.241926193237305
2005-08-05,19.173765182495117
2005-08-08,19.22333526611328
2005-08-09,19.440196990966797
2005-08-10,19.393726348876953
2005-08-11,19.64157485961914
2005-08-12,19.619882583618164
2005-08-15,19.54243278503418
2005-08-16,19.347253799438477
2005-08-17,19.44639778137207
2005-08-18,19.316274642944336
2005-08-19,19.32866859436035
2005-08-22,19.365842819213867
2005-08-23,19.269805908203125
2005-08-24,19.114904403686523
2005-08-25,19.083925247192383
2005-08-26,19.046741485595703
2005-08-29,19.062236785888672
2005-08-30,18.950706481933594
2005-08-31,19.310077667236328
2005-09-01,19.418506622314453
2005-09-02,19.37513542175293
2005-09-06,19.66635513305664
2005-09-07,19.635377883911133
2005-09-08,19.582704544067383
2005-09-09,19.75619888305664
2005-09-12,19.613691329956055
2005-09-13,19.52694320678711
2005-09-14,19.53004264831543
2005-09-15,19.49286651611328
2005-09-16,19.734512329101562
2005-09-19,19.5703182220459
2005-09-20,19.5703182220459
2005-09-21,19.424707412719727
2005-09-22,19.461885452270508
2005-09-23,19.399917602539062
2005-09-26,19.499059677124023
2005-09-27,19.440196990966797
2005-09-28,19.604393005371094
2005-09-29,19.796472549438477
2005-09-30,19.68184471130371
2005-10-03,19.644668579101562
2005-10-04,19.592002868652344
2005-10-05,19.378238677978516
2005-10-06,19.3255672454834
2005-10-07,19.36273956298828
2005-10-10,19.260507583618164
2005-10-11,19.254318237304688
2005-10-12,19.14278793334961
2005-10-13,19.083925247192383
2005-10-14,19.282197952270508
2005-10-17,19.269805908203125
2005-10-18,19.201648712158203
2005-10-19,19.272903442382812
2005-10-20,18.907331466674805
2005-10-21,18.89494514465332
2005-10-24,19.176862716674805
2005-10-25,19.170665740966797
2005-10-26,19.090120315551758
2005-10-27,18.925926208496094
2005-10-28,19.114904403686523
2005-10-31,19.183059692382812
2005-11-01,19.167573928833008
2005-11-02,19.384429931640625
2005-11-03,19.461885452270508
2005-11-04,19.393726348876953
2005-11-07,19.393726348876953
2005-11-08,19.32866859436035
2005-11-09,19.40302276611328
2005-11-10,19.41541862487793
2005-11-11,19.573410034179688
2005-11-14,19.51145362854004
2005-11-15,19.393726348876953
2005-11-16,19.4556884765625
2005-11-17,19.579608917236328
2005-11-18,19.75
2005-11-21,19.780981063842773
2005-11-22,19.9049072265625
2005-11-23,19.935882568359375
2005-11-25,19.89251136779785
2005-11-28,19.855335235595703
2005-11-29,19.79027557373047
2005-11-30,19.626079559326172
2005-12-01,19.98235321044922
2005-12-02,19.920391082763672
2005-12-05,20.01024055480957
2005-12-06,19.945178985595703
2005-12-07,19.787181854248047
2005-12-08,19.870826721191406
2005-12-09,19.91109275817871
2005-12-12,19.95138168334961
2005-12-13,20.115570068359375
2005-12-14,20.152746200561523
2005-12-15,20.028825759887695
2005-12-16,20.05670738220215
2005-12-19,20.059804916381836
2005-12-20,19.979259490966797
2005-12-21,19.973068237304688
2005-12-22,20.075300216674805
2005-12-23,20.049413681030273
2005-12-27,19.894750595092773
2005-12-28,19.979965209960938
2005-12-29,19.99259376525879
2005-12-30,19.8695011138916
2006-01-03,20.3997745513916
2006-01-04,20.598628997802734
2006-01-05,20.500778198242188
2006-01-06,20.753286361694336
2006-01-09,20.724885940551758
2006-01-10,20.64280891418457
2006-01-11,20.84166145324707
2006-01-12,20.61125373840332
2006-01-13,20.66806983947754
2006-01-17,20.516557693481445
2006-01-18,20.264047622680664
2006-01-19,20.46605110168457
2006-01-20,20.043102264404297
2006-01-23,20.232481002807617
2006-01-24,20.112537384033203
2006-01-25,20.13463592529297
2006-01-26,20.31770133972168
2006-01-27,20.54496192932129
2006-01-30,20.5544376373291
2006-01-31,20.494461059570312
2006-02-01,20.535497665405273
2006-02-02,20.342954635620117
2006-02-03,20.273517608642578
2006-02-06,20.18514060974121
2006-02-07,20.058887481689453
2006-02-08,20.219860076904297
2006-02-09,20.264047622680664
2006-02-10,20.270360946655273
2006-02-13,20.276674270629883
2006-02-14,20.387147903442383
2006-02-15,20.32717514038086
2006-02-16,20.500778198242188
2006-02-17,20.47553062438965
2006-02-21,20.425029754638672
2006-02-22,20.484996795654297
2006-02-23,20.4218692779541
2006-02-24,20.478681564331055
2006-02-27,20.469213485717773
2006-02-28,20.311389923095703
2006-03-01,20.431339263916016
2006-03-02,20.40924644470215
2006-03-03,20.4218692779541
2006-03-06,20.342954635620117
2006-03-07,20.2009220123291
2006-03-08,20.39029884338379
2006-03-09,20.238798141479492
2006-03-10,20.44396209716797
2006-03-13,20.532337188720703
2006-03-14,20.746976852416992
2006-03-15,20.80063819885254
2006-03-16,20.847980499267578
2006-03-17,20.917423248291016
2006-03-20,20.889013290405273
2006-03-21,20.769071578979492
2006-03-22,20.93004035949707
2006-03-23,20.746976852416992
2006-03-24,20.825885772705078
2006-03-27,20.759601593017578
2006-03-28,20.573373794555664
2006-03-29,20.76591682434082
2006-03-30,20.93004035949707
2006-03-31,20.788005828857422
2006-04-03,20.86060333251953
2006-04-04,21.059463500976562
2006-04-05,21.182558059692383
2006-04-06,21.125741958618164
2006-04-07,20.851139068603516
2006-04-10,20.914262771606445
2006-04-11,20.753286361694336
2006-04-12,20.721721649169922
2006-04-13,20.791166305541992
2006-04-17,20.784852981567383
2006-04-18,21.179401397705078
2006-04-19,21.305660247802734
2006-04-20,21.337223052978516
2006-04-21,21.3245906829834
2006-04-24,21.454008102416992
2006-04-25,21.34353256225586
2006-04-26,21.387723922729492
2006-04-27,21.561330795288086
2006-04-28,21.53291893005371
2006-05-01,21.403507232666016
2006-05-02,21.731769561767578
2006-05-03,21.48872947692871
2006-05-04,21.65601921081543
2006-05-05,21.962190628051758
2006-05-08,21.918001174926758
2006-05-09,21.993755340576172
2006-05-10,21.943248748779297
2006-05-11,21.72545623779297
2006-05-12,21.450847625732422
2006-05-15,21.400344848632812
2006-05-16,21.457164764404297
2006-05-17,20.873228073120117
2006-05-18,20.866920471191406
2006-05-19,20.882701873779297
2006-05-22,20.753286361694336
2006-05-23,20.77854347229004
2006-05-24,20.69962501525879
2006-05-25,20.942676544189453
2006-05-26,21.097333908081055
2006-05-30,20.721721649169922
2006-05-31,20.904796600341797
2006-06-01,21.081554412841797
2006-06-02,21.150999069213867
2006-06-05,20.746976852416992
2006-06-06,20.652286529541016
2006-06-07,20.55127716064453
2006-06-08,20.314556121826172
2006-06-09,20.238798141479492
2006-06-12,20.043102264404297
2006-06-13,19.699050903320312
2006-06-14,19.875810623168945
2006-06-15,20.295612335205078
2006-06-16,20.251422882080078
2006-06-19,20.043102264404297
2006-06-20,20.118854522705078
2006-06-21,20.35243034362793
2006-06-22,20.324018478393555
2006-06-23,20.213544845581055
2006-06-26,20.349271774291992
2006-06-27,20.125164031982422
2006-06-28,20.276674270629883
2006-06-29,20.84166145324707
2006-06-30,20.892168045043945
2006-07-03,21.087867736816406
2006-07-05,20.879545211791992
2006-07-06,20.980552673339844
2006-07-07,20.907947540283203
2006-07-10,21.002641677856445
2006-07-11,21.07839584350586
2006-07-12,20.731197357177734
2006-07-13,20.431339263916016
2006-07-14,20.282987594604492
2006-07-17,20.122011184692383
2006-07-18,20.22617530822754
2006-07-19,20.66806983947754
2006-07-20,20.516557693481445
2006-07-21,20.532337188720703
2006-07-24,20.851139068603516
2006-07-25,20.97423553466797
2006-07-26,21.068923950195312
2006-07-27,21.07839584350586
2006-07-28,21.381418228149414
2006-07-31,21.3245906829834
2006-08-01,21.207813262939453
2006-08-02,21.299345016479492
2006-08-03,21.280406951904297
2006-08-04,21.37825584411621
2006-08-07,21.274089813232422
2006-08-08,21.163618087768555
2006-08-09,21.236217498779297
2006-08-10,21.308818817138672
2006-08-11,21.144678115844727
2006-08-14,21.274089813232422
2006-08-15,21.599201202392578
2006-08-16,21.738088607788086
2006-08-17,21.72545623779297
2006-08-18,21.84224510192871
2006-08-21,21.82330322265625
2006-08-22,21.750709533691406
2006-08-23,21.693899154663086
2006-08-24,21.728614807128906
2006-08-25,21.760177612304688
2006-08-28,21.883281707763672
2006-08-29,21.97797203063965
2006-08-30,21.993755340576172
2006-08-31,21.952722549438477
2006-09-01,22.063194274902344
2006-09-05,22.056886672973633
2006-09-06,21.785430908203125
2006-09-07,21.611827850341797
2006-09-08,21.640226364135742
2006-09-11,21.643390655517578
2006-09-12,21.77912139892578
2006-09-13,21.870656967163086
2006-09-14,21.81068229675293
2006-09-15,21.835926055908203
2006-09-18,21.86118507385254
2006-09-19,21.741241455078125
2006-09-20,21.952722549438477
2006-09-21,21.902219772338867
2006-09-22,21.867496490478516
2006-09-25,22.015846252441406
2006-09-26,22.11369514465332
2006-09-27,22.170501708984375
2006-09-28,22.236799240112305
2006-09-29,22.195762634277344
2006-10-02,22.189449310302734
2006-10-03,22.145259857177734
2006-10-04,22.413557052612305
2006-10-05,22.445114135742188
2006-10-06,22.322021484375
2006-10-09,22.303081512451172
2006-10-10,22.363048553466797
2006-10-11,22.356739044189453
2006-10-12,22.590312957763672
2006-10-13,22.596622467041016
2006-10-16,22.63449478149414
2006-10-17,22.558748245239258
2006-10-18,22.6092529296875
2006-10-19,22.69446563720703
2006-10-20,22.78285026550293
2006-10-23,22.84282112121582
2006-10-24,22.887012481689453
2006-10-25,23.025888442993164
2006-10-26,23.104801177978516
2006-10-27,22.883852005004883
2006-10-30,22.890169143676758
2006-10-31,22.887012481689453
2006-11-01,22.82072639465332
2006-11-02,22.883852005004883
2006-11-03,22.795480728149414
2006-11-06,23.114274978637695
2006-11-07,23.171092987060547
2006-11-08,23.234222412109375
2006-11-09,23.145837783813477
2006-11-10,23.183706283569336
2006-11-13,23.17740249633789
2006-11-14,23.322589874267578
2006-11-15,23.354158401489258
2006-11-16,23.284709930419922
2006-11-17,23.319435119628906
2006-11-20,23.278398513793945
2006-11-21,23.313121795654297
2006-11-22,23.398344039916992
2006-11-24,23.347848892211914
2006-11-27,23.089017868041992
2006-11-28,23.16476821899414
2006-11-29,23.347848892211914
2006-11-30,23.376249313354492
2006-12-01,23.284709930419922
2006-12-04,23.366788864135742
2006-12-05,23.474105834960938
2006-12-06,23.38886833190918
2006-12-07,23.420438766479492
2006-12-08,23.37310028076172
2006-12-11,23.50882339477539
2006-12-12,23.54353904724121
2006-12-13,23.616146087646484
2006-12-14,23.770803451538086
2006-12-15,23.786588668823242
2006-12-18,23.72030258178711
2006-12-19,23.887588500976562
2006-12-20,23.814985275268555
2006-12-21,23.769023895263672
2006-12-22,23.643678665161133
2006-12-26,23.727245330810547
2006-12-27,23.981168746948242
2006-12-28,23.93294906616211
2006-12-29,23.823665618896484
2007-01-03,23.936168670654297
2007-01-04,23.9940185546875
2007-01-05,23.720815658569336
2007-01-08,23.730457305908203
2007-01-09,23.679025650024414
2007-01-10,23.560102462768555
2007-01-11,23.74009895324707
2007-01-12,23.955446243286133
2007-01-16,23.952234268188477
2007-01-17,23.897594451904297
2007-01-18,23.83652687072754
2007-01-19,23.97795295715332
2007-01-22,23.84616470336914
2007-01-23,23.91045379638672
2007-01-24,24.087234497070312
2007-01-25,23.79474449157715
2007-01-26,23.79474449157715
2007-01-29,23.759389877319336
2007-01-30,23.926523208618164
2007-01-31,24.048669815063477
2007-02-01,24.167585372924805
2007-02-02,24.151519775390625
2007-02-05,24.039030075073242
2007-02-06,24.074378967285156
2007-02-07,24.161155700683594
2007-02-08,24.1097354888916
2007-02-09,23.984378814697266
2007-02-12,23.897594451904297
2007-02-13,24.106515884399414
2007-02-14,24.312225341796875
2007-02-15,24.31865692138672
2007-02-16,24.280078887939453
2007-02-20,24.30579948425293
2007-02-21,24.199729919433594
2007-02-22,24.215797424316406
2007-02-23,24.215797424316406
2007-02-26,24.219013214111328
2007-02-27,23.331897735595703
2007-02-28,23.466896057128906
2007-03-01,23.232254028320312
2007-03-02,22.93976593017578
2007-03-05,22.711557388305664
2007-03-06,23.20011329650879
2007-03-07,23.193683624267578
2007-03-08,23.315834045410156
2007-03-09,23.34153938293457
2007-03-12,23.399391174316406
2007-03-13,22.888338088989258
2007-03-14,22.95262908935547
2007-03-15,23.023332595825195
2007-03-16,23.026548385620117
2007-03-19,23.299753189086914
2007-03-20,23.45403289794922
2007-03-21,23.916885375976562
2007-03-22,23.875097274780273
2007-03-23,23.990800857543945
2007-03-26,24.0229549407959
2007-03-27,23.868667602539062
2007-03-28,23.71759796142578
2007-03-29,23.884740829467773
2007-03-30,23.797956466674805
2007-04-02,23.926523208618164
2007-04-03,24.106515884399414
2007-04-04,24.161155700683594
2007-04-05,24.325084686279297
2007-04-09,24.27365493774414
2007-04-10,24.40865707397461
2007-04-11,24.29615592956543
2007-04-12,24.479366302490234
2007-04-13,24.627220153808594
2007-04-16,24.8489990234375
2007-04-17,24.935787200927734
2007-04-18,24.910064697265625
2007-04-19,24.906858444213867
2007-04-20,25.17685317993164
2007-04-23,25.022565841674805
2007-04-24,24.977558135986328
2007-04-25,25.279695510864258
2007-04-26,25.228281021118164
2007-04-27,25.250770568847656
2007-04-30,25.106138229370117
2007-05-01,25.20577049255371
2007-05-02,25.292556762695312
2007-05-03,25.39219093322754
2007-05-04,25.540054321289062
2007-05-07,25.572193145751953
2007-05-08,25.482200622558594
2007-05-09,25.55933952331543
2007-05-10,25.070777893066406
2007-05-11,25.424335479736328
2007-05-14,25.363277435302734
2007-05-15,25.382556915283203
2007-05-16,25.520769119262695
2007-05-17,25.488632202148438
2007-05-18,25.7425479888916
2007-05-21,25.668622970581055
2007-05-22,25.658973693847656
2007-05-23,25.723264694213867
2007-05-24,25.462915420532227
2007-05-25,25.668622970581055
2007-05-29,25.671836853027344
2007-05-30,25.810039520263672
2007-05-31,25.829328536987305
2007-06-01,25.98682403564453
2007-06-04,26.038251876831055
2007-06-05,25.883975982666016
2007-06-06,25.591482162475586
2007-06-07,25.215415954589844
2007-06-08,25.53041648864746
2007-06-11,25.56255340576172
2007-06-12,25.215415954589844
2007-06-13,25.568979263305664
2007-06-14,25.761825561523438
2007-06-15,26.009321212768555
2007-06-18,26.012544631958008
2007-06-19,26.067182540893555
2007-06-20,25.739341735839844
2007-06-21,25.938610076904297
2007-06-22,25.568979263305664
2007-06-25,25.581838607788086
2007-06-26,25.536834716796875
2007-06-27,25.723264694213867
2007-06-28,25.739341735839844
2007-06-29,25.80361557006836
2007-07-02,26.067182540893555
2007-07-03,26.237533569335938
2007-07-05,26.195749282836914
2007-07-06,26.301816940307617
2007-07-09,26.407888412475586
2007-07-10,26.063966751098633
2007-07-11,26.208599090576172
2007-07-12,26.777523040771484
2007-07-13,26.803232192993164
2007-07-16,26.767871856689453
2007-07-17,26.755016326904297
2007-07-18,26.571807861328125
2007-07-19,26.726097106933594
2007-07-20,26.4335994720459
2007-07-23,26.594303131103516
2007-07-24,26.131473541259766
2007-07-25,26.16360855102539
2007-07-26,25.469337463378906
2007-07-27,25.093276977539062
2007-07-30,25.308631896972656
2007-07-31,25.22505760192871
2007-08-01,25.311845779418945
2007-08-02,25.395416259765625
2007-08-03,25.006498336791992
2007-08-06,25.28934669494629
2007-08-07,25.59469223022461
2007-08-08,25.912891387939453
2007-08-09,25.244346618652344
2007-08-10,25.028989791870117
2007-08-13,24.948644638061523
2007-08-14,24.61115074157715
2007-08-15,24.19009017944336
2007-08-16,24.19651222229004
2007-08-17,24.765432357788086
2007-08-20,24.736499786376953
2007-08-21,24.697935104370117
2007-08-22,25.035419464111328
2007-08-23,25.070777893066406
2007-08-24,25.421123504638672
2007-08-27,25.260417938232422
2007-08-28,24.68828773498535
2007-08-29,25.183279037475586
2007-08-30,25.077199935913086
2007-08-31,25.44684410095215
2007-09-04,25.681480407714844
2007-09-05,25.37291145324707
2007-09-06,25.495059967041016
2007-09-07,25.21863555908203
2007-09-10,25.14470672607422
2007-09-11,25.47898292541504
2007-09-12,25.549699783325195
2007-09-13,25.694334030151367
2007-09-14,25.671836853027344
2007-09-17,25.491840362548828
2007-09-18,26.285743713378906
2007-09-19,26.39824104309082
2007-09-20,26.362895965576172
2007-09-21,26.497886657714844
2007-09-24,26.372535705566406
2007-09-25,26.401451110839844
2007-09-26,26.51395034790039
2007-09-27,26.687530517578125
2007-09-28,26.713233947753906
2007-10-01,27.05715560913086
2007-10-02,26.95108985900879
2007-10-03,26.767871856689453
2007-10-04,26.861095428466797
2007-10-05,27.031436920166016
2007-10-08,26.8321590423584
2007-10-09,27.05072593688965
2007-10-10,27.002517700195312
2007-10-11,27.053937911987305
2007-10-12,27.160011291503906
2007-10-15,27.018585205078125
2007-10-16,26.78394317626953
2007-10-17,26.925373077392578
2007-10-18,27.01214599609375
2007-10-19,26.4335994720459
2007-10-22,26.436813354492188
2007-10-23,26.677881240844727
2007-10-24,26.636098861694336
2007-10-25,26.66503143310547
2007-10-26,27.09250831604004
2007-10-29,27.3271484375
2007-10-30,27.182504653930664
2007-10-31,27.513565063476562
2007-11-01,26.845006942749023
2007-11-02,26.91573715209961
2007-11-05,26.703594207763672
2007-11-06,26.992870330810547
2007-11-07,26.427181243896484
2007-11-08,26.539674758911133
2007-11-09,26.05110740661621
2007-11-12,25.73612403869629
2007-11-13,26.497886657714844
2007-11-14,26.343603134155273
2007-11-15,25.96432876586914
2007-11-16,26.179677963256836
2007-11-19,25.7136173248291
2007-11-20,26.012544631958008
2007-11-21,25.546491622924805
2007-11-23,25.999679565429688
2007-11-26,25.536834716796875
2007-11-27,25.877534866333008
2007-11-28,26.661813735961914
2007-11-29,26.58787727355957
2007-11-30,26.703594207763672
2007-12-03,26.539674758911133
2007-12-04,26.369321823120117
2007-12-05,26.703594207763672
2007-12-06,27.07965660095215
2007-12-07,27.05715560913086
2007-12-10,27.256439208984375
2007-12-11,26.74216079711914
2007-12-12,26.941444396972656
2007-12-13,26.819311141967773
2007-12-14,26.288959503173828
2007-12-17,25.893613815307617
2007-12-18,26.022184371948242
2007-12-19,25.967540740966797
2007-12-20,26.08968734741211
2007-12-21,26.501096725463867
2007-12-24,26.815580368041992
2007-12-26,26.763275146484375
2007-12-27,26.524635314941406
2007-12-28,26.701162338256836
2007-12-31,26.469064712524414
2008-01-02,26.168315887451172
2008-01-03,26.24350357055664
2008-01-04,25.67796516418457
2008-01-07,25.91006851196289
2008-01-08,25.547204971313477
2008-01-09,25.834877014160156
2008-01-10,25.97216796875
2008-01-11,25.507972717285156
2008-01-14,25.870832443237305
2008-01-15,25.151657104492188
2008-01-16,24.76592254638672
2008-01-17,24.1644229888916
2008-01-18,24.102310180664062
2008-01-22,23.497543334960938
2008-01-23,23.51715660095215
2008-01-24,24.066356658935547
2008-01-25,23.63811492919922
2008-01-28,24.0009708404541
2008-01-29,23.96173858642578
2008-01-30,23.945390701293945
2008-01-31,24.17095375061035
2008-02-01,24.4913272857666
2008-02-04,24.259225845336914
2008-02-05,23.275249481201172
2008-02-06,23.164113998413086
2008-02-07,23.219680786132812
2008-02-08,23.079111099243164
2008-02-11,23.14449119567871
2008-02-12,23.553123474121094
2008-02-13,23.762338638305664
2008-02-14,23.49100685119629
2008-02-15,23.461591720581055
2008-02-19,23.687152862548828
2008-02-20,23.713306427001953
2008-02-21,23.553123474121094
2008-02-22,23.827720642089844
2008-02-25,24.125192642211914
2008-02-26,24.442285537719727
2008-02-27,24.43901824951172
2008-02-28,24.282108306884766
2008-02-29,23.667526245117188
2008-03-03,23.680606842041016
2008-03-04,23.484464645385742
2008-03-05,23.64464569091797
2008-03-06,23.288326263427734
2008-03-07,23.08238410949707
2008-03-10,22.886247634887695
2008-03-11,23.51715660095215
2008-03-12,23.559659957885742
2008-03-13,23.67407989501953
2008-03-14,23.17064094543457
2008-03-17,22.967971801757812
2008-03-18,23.732906341552734
2008-03-19,23.14775848388672
2008-03-20,23.487741470336914
2008-03-24,24.017314910888672
2008-03-25,24.043466567993164
2008-03-26,23.958471298217773
2008-03-27,23.935590744018555
2008-03-28,23.719839096069336
2008-03-31,23.830978393554688
2008-04-01,24.635162353515625
2008-04-02,24.733226776123047
2008-04-03,24.805145263671875
2008-04-04,24.831296920776367
2008-04-07,24.991479873657227
2008-04-08,24.805145263671875
2008-04-09,24.658039093017578
2008-04-10,24.684192657470703
2008-04-11,24.17422103881836
2008-04-14,24.17749786376953
2008-04-15,24.27556037902832
2008-04-16,24.850906372070312
2008-04-17,24.749576568603516
2008-04-18,25.115699768066406
2008-04-21,25.194156646728516
2008-04-22,24.94243812561035
2008-04-23,25.037235260009766
2008-04-24,24.991479873657227
2008-04-25,25.132043838500977
2008-04-28,25.109159469604492
2008-04-29,25.017629623413086
2008-04-30,25.076473236083984
2008-05-01,25.315105438232422
2008-05-02,25.373952865600586
2008-05-05,25.305299758911133
2008-05-06,25.409914016723633
2008-05-07,24.998018264770508
2008-05-08,25.092819213867188
2008-05-09,24.932632446289062
2008-05-12,25.118972778320312
2008-05-13,25.05031394958496
2008-05-14,25.08627700805664
2008-05-15,25.387027740478516
2008-05-16,25.592973709106445
2008-05-19,25.53740119934082
2008-05-20,25.23992156982422
2008-05-21,24.94243812561035
2008-05-22,25.0993595123291
2008-05-23,24.83782958984375
2008-05-27,24.782257080078125
2008-05-28,24.805145263671875
2008-05-29,24.896678924560547
2008-05-30,24.913022994995117
2008-06-02,24.66457176208496
2008-06-03,24.52728271484375
2008-06-04,24.45209503173828
2008-06-05,24.81494903564453
2008-06-06,24.128469467163086
2008-06-09,24.148082733154297
2008-06-10,24.010770797729492
2008-06-11,23.65445899963379
2008-06-12,23.65445899963379
2008-06-13,23.948665618896484
2008-06-16,23.945390701293945
2008-06-17,23.9257869720459
2008-06-18,23.719839096069336
2008-06-19,23.64464569091797
2008-06-20,23.262176513671875
2008-06-23,23.169477462768555
2008-06-24,23.239242553710938
2008-06-25,23.30902671813965
2008-06-26,22.880393981933594
2008-06-27,22.764102935791016
2008-06-30,22.91362190246582
2008-07-01,22.887039184570312
2008-07-02,22.66773796081543
2008-07-03,22.827228546142578
2008-07-07,22.631193161010742
2008-07-08,22.910289764404297
2008-07-09,22.511566162109375
2008-07-10,22.621225357055664
2008-07-11,22.4085636138916
2008-07-14,22.192588806152344
2008-07-15,21.996545791625977
2008-07-16,22.35540199279785
2008-07-17,22.671066284179688
2008-07-18,22.787355422973633
2008-07-21,23.00001335144043
2008-07-22,23.036561965942383
2008-07-23,23.109661102294922
2008-07-24,22.740840911865234
2008-07-25,22.817256927490234
2008-07-28,22.398595809936523
2008-07-29,22.72089958190918
2008-07-30,22.973424911499023
2008-07-31,22.740840911865234
2008-08-01,22.591318130493164
2008-08-04,22.47501564025879
2008-08-05,23.093046188354492
2008-08-06,23.15950584411621
2008-08-07,22.764102935791016
2008-08-08,22.980073928833008
2008-08-11,23.056499481201172
2008-08-12,22.940208435058594
2008-08-13,22.68767738342285
2008-08-14,22.661094665527344
2008-08-15,22.571380615234375
2008-08-18,22.368698120117188
2008-08-19,22.1061954498291
2008-08-20,22.18926239013672
2008-08-21,22.259037017822266
2008-08-22,22.46173095703125
2008-08-25,22.1061954498291
2008-08-26,22.169330596923828
2008-08-27,22.335464477539062
2008-08-28,22.60793113708496
2008-08-29,22.39527130126953
2008-09-02,22.162675857543945
2008-09-03,22.126129150390625
2008-09-04,21.348609924316406
2008-09-05,21.34196662902832
2008-09-08,21.760629653930664
2008-09-09,21.222349166870117
2008-09-10,21.325349807739258
2008-09-11,21.45494270324707
2008-09-12,21.6077823638916
2008-09-15,20.674095153808594
2008-09-16,20.667451858520508
2008-09-17,19.913188934326172
2008-09-18,20.501314163208008
2008-09-19,21.760629653930664
2008-09-22,21.16253662109375
2008-09-23,20.836904525756836
2008-09-24,20.87013816833496
2008-09-25,21.43168067932129
2008-09-26,21.484848022460938
2008-09-29,19.800212860107422
2008-09-30,20.640859603881836
2008-10-01,20.640859603881836
2008-10-02,19.906538009643555
2008-10-03,19.747047424316406
2008-10-06,19.01604652404785
2008-10-07,18.049129486083984
2008-10-08,17.843116760253906
2008-10-09,16.527315139770508
2008-10-10,16.35453224182129
2008-10-13,18.32491683959961
2008-10-14,18.228557586669922
2008-10-15,16.341238021850586
2008-10-16,17.30483627319336
2008-10-17,17.148672103881836
2008-10-20,18.009254455566406
2008-10-21,17.235057830810547
2008-10-22,16.07874870300293
2008-10-23,16.314653396606445
2008-10-24,15.517195701599121
2008-10-27,15.005500793457031
2008-10-28,16.773195266723633
2008-10-29,16.793134689331055
2008-10-30,17.294864654541016
2008-10-31,17.494234085083008
2008-11-03,17.424453735351562
2008-11-04,18.245174407958984
2008-11-05,17.328094482421875
2008-11-06,16.304689407348633
2008-11-07,17.068920135498047
2008-11-10,16.799776077270508
2008-11-11,16.32794761657715
2008-11-12,15.540462493896484
2008-11-13,16.613704681396484
2008-11-14,15.91593074798584
2008-11-17,15.517195701599121
2008-11-18,15.729849815368652
2008-11-19,14.85597038269043
2008-11-20,13.889057159423828
2008-11-21,14.789519309997559
2008-11-24,15.70327377319336
2008-11-25,15.856122016906738
2008-11-26,16.11528968811035
2008-11-28,16.271461486816406
2008-12-01,14.982237815856934
2008-12-02,15.656752586364746
2008-12-03,15.86941146850586
2008-12-04,15.440773010253906
2008-12-05,15.859435081481934
2008-12-08,16.397724151611328
2008-12-09,16.19504165649414
2008-12-10,16.450891494750977
2008-12-11,16.26481819152832
2008-12-12,16.38111114501953
2008-12-15,16.394405364990234
2008-12-16,17.20848274230957
2008-12-17,17.09217643737793
2008-12-18,16.48079490661621
2008-12-19,16.324628829956055
2008-12-22,16.217700958251953
2008-12-23,16.025434494018555
2008-12-24,16.123252868652344
2008-12-26,16.308774948120117
2008-12-29,16.231189727783203
2008-12-30,16.727033615112305
2008-12-31,16.912555694580078
2009-01-02,17.246496200561523
2009-01-05,17.060964584350586
2009-01-06,17.155414581298828
2009-01-07,16.83834457397461
2009-01-08,16.915925979614258
2009-01-09,16.487546920776367
2009-01-12,16.130001068115234
2009-01-13,16.001821517944336
2009-01-14,15.387924194335938
2009-01-15,15.327210426330566
2009-01-16,15.438516616821289
2009-01-20,14.558149337768555
2009-01-21,15.107962608337402
2009-01-22,14.895451545715332
2009-01-23,14.804384231567383
2009-01-26,14.935932159423828
2009-01-27,15.178794860839844
2009-01-28,15.556578636169434
2009-01-29,15.016886711120605
2009-01-30,14.74704360961914
2009-02-02,14.669461250305176
2009-02-03,15.050618171691895
2009-02-04,14.915695190429688
2009-02-05,15.118077278137207
2009-02-06,15.472253799438477
2009-02-09,15.516097068786621
2009-02-10,14.797638893127441
2009-02-11,14.915695190429688
2009-02-12,14.898828506469727
2009-02-13,14.74704360961914
2009-02-17,14.048816680908203
2009-02-18,14.085922241210938
2009-02-19,13.99484920501709
2009-02-20,13.765480041503906
2009-02-23,13.289876937866211
2009-02-24,13.71825885772705
2009-02-25,13.51249885559082
2009-02-26,13.387696266174316
2009-02-27,13.151580810546875
2009-03-02,12.476969718933105
2009-03-03,12.385899543762207
2009-03-04,12.740066528320312
2009-03-05,12.277957916259766
2009-03-06,12.345418930053711
2009-03-09,12.146409034729004
2009-03-10,12.868243217468262
2009-03-11,12.959320068359375
2009-03-12,13.364086151123047
2009-03-13,13.536113739013672
2009-03-16,13.593451499938965
2009-03-17,13.947624206542969
2009-03-18,14.176993370056152
2009-03-19,14.055566787719727
2009-03-20,13.863303184509277
2009-03-23,14.838114738464355
2009-03-24,14.443471908569336
2009-03-25,14.679584503173828
2009-03-26,14.878591537475586
2009-03-27,14.477197647094727
2009-03-30,13.974615097045898
2009-03-31,14.251204490661621
2009-04-01,14.554781913757324
2009-04-02,15.047243118286133
2009-04-03,15.151806831359863
2009-04-06,14.983158111572266
2009-04-07,14.655972480773926
2009-04-08,14.767277717590332
2009-04-09,15.161931037902832
2009-04-13,15.286731719970703
2009-04-14,15.003393173217773
2009-04-15,15.1990327835083
2009-04-16,15.367684364318848
2009-04-17,15.360941886901855
2009-04-20,14.716686248779297
2009-04-21,14.996649742126465
2009-04-22,14.787517547607422
2009-04-23,15.084348678588867
2009-04-24,15.303597450256348
2009-04-27,15.202401161193848
2009-04-28,15.10459041595459
2009-04-29,15.505982398986816
2009-04-30,15.539711952209473
2009-05-01,15.6712646484375
2009-05-04,16.217700958251953
2009-05-05,16.109760284423828
2009-05-06,16.36611557006836
2009-05-07,16.20083236694336
2009-05-08,16.703418731689453
2009-05-11,16.372859954833984
2009-05-12,16.47742462158203
2009-05-13,16.089523315429688
2009-05-14,16.231189727783203
2009-05-15,16.10301399230957
2009-05-18,16.652828216552734
2009-05-19,16.720287322998047
2009-05-20,16.73040199279785
2009-05-21,16.632585525512695
2009-05-22,16.598852157592773
2009-05-26,16.96651840209961
2009-05-27,16.659570693969727
2009-05-28,16.872079849243164
2009-05-29,17.1385498046875
2009-06-01,17.50958251953125
2009-06-02,17.684980392456055
2009-06-03,17.307199478149414
2009-06-04,17.35105323791504
2009-06-05,17.31395149230957
2009-06-08,17.246496200561523
2009-06-09,17.388151168823242
2009-06-10,17.3577938079834
2009-06-11,17.54331398010254
2009-06-12,17.560182571411133
2009-06-15,17.010374069213867
2009-06-16,16.848464965820312
2009-06-17,16.875444412231445
2009-06-18,16.902429580688477
2009-06-19,17.091320037841797
2009-06-22,16.55745506286621
2009-06-23,16.69196128845215
2009-06-24,16.733341217041016
2009-06-25,17.0264892578125
2009-06-26,16.923023223876953
2009-06-29,17.12305450439453
2009-06-30,17.005794525146484
2009-07-01,17.195480346679688
2009-07-02,16.722999572753906
2009-07-06,16.729900360107422
2009-07-07,16.360877990722656
2009-07-08,16.27811050415039
2009-07-09,16.416061401367188
2009-07-10,16.271211624145508
2009-07-13,16.616085052490234
2009-07-14,16.750593185424805
2009-07-15,17.343774795532227
2009-07-16,17.502412796020508
2009-07-17,17.51620864868164
2009-07-20,17.73693084716797
2009-07-21,17.826602935791016
2009-07-22,17.830045700073242
2009-07-23,18.216310501098633
2009-07-24,18.299081802368164
2009-07-27,18.392192840576172
2009-07-28,18.247344970703125
2009-07-29,18.185266494750977
2009-07-30,18.461170196533203
2009-07-31,18.599119186401367
2009-08-03,18.992273330688477
2009-08-04,18.975032806396484
2009-08-05,18.881919860839844
2009-08-06,18.79569435119629
2009-08-07,18.919851303100586
2009-08-10,18.81983757019043
2009-08-11,18.60256576538086
2009-08-12,18.81983757019043
2009-08-13,18.940542221069336
2009-08-14,18.81293487548828
2009-08-17,18.2852783203125
2009-08-18,18.519800186157227
2009-08-19,18.68533706665039
2009-08-20,18.864669799804688
2009-08-21,19.268178939819336
2009-08-24,19.299209594726562
2009-08-25,19.478546142578125
2009-08-26,19.433717727661133
2009-08-27,19.488895416259766
2009-08-28,19.495792388916016
2009-08-31,19.344045639038086
2009-09-01,18.909503936767578
2009-09-02,18.885366439819336
2009-09-03,18.98882293701172
2009-09-04,19.230243682861328
2009-09-08,19.519935607910156
2009-09-09,19.68892478942871
2009-09-10,19.89929962158203
2009-09-11,19.799283981323242
2009-09-14,19.819971084594727
2009-09-15,19.844118118286133
2009-09-16,20.223480224609375
2009-09-17,20.25107192993164
2009-09-18,20.264863967895508
2009-09-21,20.1855411529541
2009-09-22,20.37522315979004
2009-09-23,20.202787399291992
2009-09-24,19.988964080810547
2009-09-25,19.857912063598633
2009-09-28,20.17519760131836
2009-09-29,20.13381004333496
2009-09-30,20.09242820739746
2009-10-01,19.530284881591797
2009-10-02,19.378536224365234
2009-10-05,19.63029670715332
2009-10-06,19.97861671447754
2009-10-07,19.964824676513672
2009-10-08,20.16485595703125
2009-10-09,20.216581344604492
2009-10-12,20.344188690185547
2009-10-13,20.361427307128906
2009-10-14,20.744243621826172
2009-10-15,20.854604721069336
2009-10-16,20.58905029296875
2009-10-19,20.909786224365234
2009-10-20,20.785625457763672
2009-10-21,20.66836929321289
2009-10-22,20.892534255981445
2009-10-23,20.644227981567383
2009-10-26,20.409709930419922
2009-10-27,20.37522315979004
2009-10-28,20.02345085144043
2009-10-29,20.489032745361328
2009-10-30,19.86136245727539
2009-11-02,20.075185775756836
2009-11-03,19.947582244873047
2009-11-04,20.06139373779297
2009-11-05,20.45110321044922
2009-11-06,20.516626358032227
2009-11-09,21.044279098510742
2009-11-10,21.027040481567383
2009-11-11,21.075321197509766
2009-11-12,20.844253540039062
2009-11-13,21.058076858520508
2009-11-16,21.36501693725586
2009-11-17,21.371912002563477
2009-11-18,21.406402587890625
2009-11-19,21.078773498535156
2009-11-20,20.95806312561035
2009-11-23,21.268451690673828
2009-11-24,21.216720581054688
2009-11-25,21.427093505859375
2009-11-27,20.864952087402344
2009-11-30,20.95806312561035
2009-12-01,21.361572265625
2009-12-02,21.35466957092285
2009-12-03,21.278799057006836
2009-12-04,21.2925968170166
2009-12-07,21.161540985107422
2009-12-08,20.85804557800293
2009-12-09,20.823558807373047
2009-12-10,20.920127868652344
2009-12-11,20.947725296020508
2009-12-14,21.05462646484375
2009-12-15,20.920127868652344
2009-12-16,21.006343841552734
2009-12-17,20.6373291015625
2009-12-18,20.689062118530273
2009-12-21,20.813692092895508
2009-12-22,20.94596290588379
2009-12-23,21.050403594970703
2009-12-24,21.14787483215332
2009-12-28,21.234905242919922
2009-12-29,21.217498779296875
2009-12-30,21.154836654663086
2009-12-31,20.97382164001465
2010-01-04,21.468137741088867
2010-01-05,21.471620559692383
2010-01-06,21.506431579589844
2010-01-07,21.482059478759766
2010-01-08,21.555166244506836
2010-01-11,21.683971405029297
2010-01-12,21.495988845825195
2010-01-13,21.656116485595703
2010-01-14,21.715299606323242
2010-01-15,21.40895652770996
2010-01-19,21.652639389038086
2010-01-20,21.31844711303711
2010-01-21,20.691843032836914
2010-01-22,20.246261596679688
2010-01-25,20.472536087036133
2010-01-26,20.368099212646484
2010-01-27,20.41683578491211
2010-01-28,20.072206497192383
2010-01-29,19.814605712890625
2010-02-01,20.131380081176758
2010-02-02,20.441204071044922
2010-02-03,20.34025001525879
2010-02-04,19.52914810180664
2010-02-05,19.299392700195312
2010-02-08,19.170591354370117
2010-02-09,19.616172790527344
2010-02-10,19.553516387939453
2010-02-11,19.76238441467285
2010-02-12,19.59180450439453
2010-02-16,20.006067276000977
2010-02-17,20.07916831970215
2010-02-18,20.235815048217773
2010-02-19,20.117462158203125
2010-02-22,20.120943069458008
2010-02-23,19.828523635864258
2010-02-24,19.98517608642578
2010-02-25,19.88422393798828
2010-02-26,19.967769622802734
2010-03-01,20.07916831970215
2010-03-02,20.214927673339844
2010-03-03,20.35418128967285
2010-03-04,20.364620208740234
2010-03-05,20.688365936279297
2010-03-08,20.684885025024414
2010-03-09,20.632665634155273
2010-03-10,20.7753963470459
2010-03-11,20.87982749938965
2010-03-12,20.91115379333496
2010-03-15,20.820648193359375
2010-03-16,21.0643253326416
2010-03-17,21.189651489257812
2010-03-18,21.15135955810547
2010-03-19,20.95989227294922
2010-03-22,21.022554397583008
2010-03-23,21.16876220703125
2010-03-24,20.93204689025879
2010-03-25,20.95989227294922
2010-03-26,21.03299903869629
2010-03-29,21.15135955810547
2010-03-30,21.1652774810791
2010-03-31,21.1652774810791
2010-04-01,21.35674285888672
2010-04-05,21.450735092163086
2010-04-06,21.398517608642578
2010-04-07,21.25230598449707
2010-04-08,21.20705223083496
2010-04-09,21.457700729370117
2010-04-12,21.551685333251953
2010-04-13,21.54124641418457
2010-04-14,21.80232810974121
2010-04-15,21.80232810974121
2010-04-16,21.426368713378906
2010-04-19,21.426368713378906
2010-04-20,21.589981079101562
2010-04-21,21.433326721191406
2010-04-22,21.2592716217041
2010-04-23,21.398517608642578
2010-04-26,21.40199851989746
2010-04-27,20.730140686035156
2010-04-28,20.768434524536133
2010-04-29,20.97382164001465
2010-04-30,20.691843032836914
2010-05-03,20.862422943115234
2010-05-04,20.225372314453125
2010-05-05,19.929479598999023
2010-05-06,19.031343460083008
2010-05-07,18.912986755371094
2010-05-10,20.033910751342773
2010-05-11,19.83548927307129
2010-05-12,20.093090057373047
2010-05-13,19.828523635864258
2010-05-14,19.334211349487305
2010-05-17,19.327247619628906
2010-05-18,19.034826278686523
2010-05-19,19.04526710510254
2010-05-20,18.429113388061523
2010-05-21,18.728485107421875
2010-05-24,18.349044799804688
2010-05-25,18.317712783813477
2010-05-26,18.105361938476562
2010-05-27,18.9652042388916
2010-05-28,18.672788619995117
2010-06-01,18.404741287231445
2010-06-02,18.853811264038086
2010-06-03,18.909503936767578
2010-06-04,18.161067962646484
2010-06-07,17.95915985107422
2010-06-08,18.181949615478516
2010-06-09,18.080997467041016
2010-06-10,18.655380249023438
2010-06-11,18.759815216064453
2010-06-14,18.780698776245117
2010-06-15,19.302875518798828
2010-06-16,19.26457977294922
2010-06-17,19.29591178894043
2010-06-18,19.285470962524414
2010-06-21,19.246219635009766
2010-06-22,18.949199676513672
2010-06-23,18.952735900878906
2010-06-24,18.630962371826172
2010-06-25,18.673398971557617
2010-06-28,18.623891830444336
2010-06-29,18.047529220581055
2010-06-30,17.95206069946289
2010-07-01,18.022777557373047
2010-07-02,17.955595016479492
2010-07-06,18.164215087890625
2010-07-07,18.77240562438965
2010-07-08,18.981019973754883
2010-07-09,19.03052520751953
2010-07-12,19.10124397277832
2010-07-13,19.447771072387695
2010-07-14,19.50787925720215
2010-07-15,19.578598022460938
2010-07-16,19.026996612548828
2010-07-19,19.157819747924805
2010-07-20,19.26743507385254
2010-07-21,18.991634368896484
2010-07-22,19.51848602294922
2010-07-23,19.70589256286621
2010-07-26,19.868553161621094
2010-07-27,19.9923038482666
2010-07-28,19.886228561401367
2010-07-29,19.928667068481445
2010-07-30,19.90036964416504
2010-08-02,20.47673225402832
2010-08-03,20.451984405517578
2010-08-04,20.483808517456055
2010-08-05,20.430763244628906
2010-08-06,20.441375732421875
2010-08-09,20.480270385742188
2010-08-10,20.342370986938477
2010-08-11,19.652856826782227
2010-08-12,19.592742919921875
2010-08-13,19.546775817871094
2010-08-16,19.58920669555664
2010-08-17,19.81904411315918
2010-08-18,19.815509796142578
2010-08-19,19.48312759399414
2010-08-20,19.278045654296875
2010-08-23,19.253297805786133
2010-08-24,18.945667266845703
2010-08-25,18.959810256958008
2010-08-26,18.88909149169922
2010-08-27,19.221471786499023
2010-08-30,18.95627212524414
2010-08-31,19.016376495361328
2010-09-01,19.638717651367188
2010-09-02,19.751861572265625
2010-09-03,19.967554092407227
2010-09-07,19.70589256286621
2010-09-08,19.80489730834961
2010-09-09,19.946340560913086
2010-09-10,20.006450653076172
2010-09-13,20.338834762573242
2010-09-14,20.416624069213867
2010-09-15,20.444910049438477
2010-09-16,20.455524444580078
2010-09-17,20.317617416381836
2010-09-20,20.621707916259766
2010-09-21,20.60403060913086
2010-09-22,20.55452537536621
2010-09-23,20.335296630859375
2010-09-24,20.805580139160156
2010-09-27,20.681821823120117
2010-09-28,20.794973373413086
2010-09-29,20.741931915283203
2010-09-30,20.63938331604004
2010-10-01,20.8338680267334
2010-10-04,20.614633560180664
2010-10-05,21.09199333190918
2010-10-06,21.198070526123047
2010-10-07,21.20160484313965
2010-10-08,21.32536506652832
2010-10-11,21.30061149597168
2010-10-12,21.346580505371094
2010-10-13,21.56934928894043
2010-10-14,21.629457473754883
2010-10-15,21.55520248413086
2010-10-18,21.664819717407227
2010-10-19,21.22989845275879
2010-10-20,21.523378372192383
2010-10-21,21.548131942749023
2010-10-22,21.56227684020996
2010-10-25,21.60116958618164
2010-10-26,21.54105567932129
2010-10-27,21.381938934326172
2010-10-28,21.512767791748047
2010-10-29,21.530447006225586
2010-11-01,21.459732055664062
2010-11-02,21.735536575317383
2010-11-03,21.834543228149414
2010-11-04,22.354326248168945
2010-11-05,22.318967819213867
2010-11-08,22.216426849365234
2010-11-09,22.050233840942383
2010-11-10,22.103273391723633
2010-11-11,21.990123748779297
2010-11-12,21.81332015991211
2010-11-15,21.820396423339844
2010-11-16,21.37133026123047
2010-11-17,21.396081924438477
2010-11-18,21.81332015991211
2010-11-19,21.866363525390625
2010-11-22,21.70017433166504
2010-11-23,21.152103424072266
2010-11-24,21.403156280517578
2010-11-26,21.14503288269043
2010-11-29,20.961164474487305
2010-11-30,20.724254608154297
2010-12-01,21.2511043548584
2010-12-02,21.59410285949707
2010-12-03,21.742612838745117
2010-12-06,21.668352127075195
2010-12-07,21.72846221923828
2010-12-08,21.834543228149414
2010-12-09,21.876976013183594
2010-12-10,21.979516983032227
2010-12-13,22.067913055419922
2010-12-14,22.09973907470703
2010-12-15,21.8875789642334
2010-12-16,22.014873504638672
2010-12-17,21.930017471313477
2010-12-20,21.94748306274414
2010-12-21,22.07939910888672
2010-12-22,22.164962768554688
2010-12-23,22.147132873535156
2010-12-27,22.072265625
2010-12-28,22.140005111694336
2010-12-29,22.1934814453125
2010-12-30,22.11504364013672
2010-12-31,22.200611114501953
2011-01-03,22.375308990478516
2011-01-04,22.414527893066406
2011-01-05,22.4002628326416
2011-01-06,22.311140060424805
2011-01-07,22.18278694152832
2011-01-10,22.1079158782959
2011-01-11,22.19704246520996
2011-01-12,22.63557243347168
2011-01-13,22.69261360168457
2011-01-14,22.853046417236328
2011-01-18,22.920785903930664
2011-01-19,22.771055221557617
2011-01-20,22.717575073242188
2011-01-21,22.935047149658203
2011-01-24,23.141834259033203
2011-01-25,23.063396453857422
2011-01-26,23.159650802612305
2011-01-27,23.234527587890625
2011-01-28,22.781742095947266
2011-01-31,22.956438064575195
2011-02-01,23.452003479003906
2011-02-02,23.4199161529541
2011-02-03,23.38069725036621
2011-02-04,23.330787658691406
2011-02-07,23.448442459106445
2011-02-08,23.619571685791016
2011-02-09,23.551830291748047
2011-02-10,23.448442459106445
2011-02-11,23.47696304321289
2011-02-14,23.491222381591797
2011-02-15,23.455568313598633
2011-02-16,23.66948127746582
2011-02-17,23.819223403930664
2011-02-18,23.87982749938965
2011-02-22,23.345048904418945
2011-02-23,23.334354400634766
2011-02-24,23.26661491394043
2011-02-25,23.455568313598633
2011-02-28,23.676612854003906
2011-03-01,23.316526412963867
2011-03-02,23.409223556518555
2011-03-03,23.71583366394043
2011-03-04,23.505483627319336
2011-03-07,23.2808780670166
2011-03-08,23.4199161529541
2011-03-09,23.345048904418945
2011-03-10,22.863740921020508
2011-03-11,22.942174911499023
2011-03-14,22.74252700805664
2011-03-15,22.368181228637695
2011-03-16,21.8120059967041
2011-03-17,22.339658737182617
2011-03-18,22.496524810791016
2011-03-21,22.967138290405273
2011-03-22,22.8673095703125
2011-03-23,22.924354553222656
2011-03-24,23.181041717529297
2011-03-25,23.11330795288086
2011-03-28,23.088356018066406
2011-03-29,23.195308685302734
2011-03-30,23.37713623046875
2011-03-31,23.2987003326416
2011-04-01,23.444875717163086
2011-04-04,23.53757095336914
2011-04-05,23.505483627319336
2011-04-06,23.694440841674805
2011-04-07,23.65878677368164
2011-04-08,23.71583366394043
2011-04-11,23.66948127746582
2011-04-12,23.448442459106445
2011-04-13,23.48052215576172
2011-04-14,23.491222381591797
2011-04-15,23.523313522338867
2011-04-18,23.099048614501953
2011-04-19,23.23809051513672
2011-04-20,23.787137985229492
2011-04-21,23.894094467163086
2011-04-25,23.886959075927734
2011-04-26,24.10087776184082
2011-04-27,24.418176651000977
2011-04-28,24.5108699798584
2011-04-29,24.557214736938477
2011-05-02,24.528705596923828
2011-05-03,24.411046981811523
2011-05-04,24.25417709350586
2011-05-05,23.829912185668945
2011-05-06,23.81209373474121
2011-05-09,23.883392333984375
2011-05-10,24.090173721313477
2011-05-11,23.779996871948242
2011-05-12,23.822784423828125
2011-05-13,23.51974868774414
2011-05-16,23.494794845581055
2011-05-17,23.491222381591797
2011-05-18,23.665916442871094
2011-05-19,23.758609771728516
2011-05-20,23.498350143432617
2011-05-23,23.1097412109375
2011-05-24,23.1275691986084
2011-05-25,23.245222091674805
2011-05-26,23.430614471435547
2011-05-27,23.551830291748047
2011-05-31,23.91904640197754
2011-06-01,23.430614471435547
2011-06-02,23.40209197998047
2011-06-03,23.30939292907715
2011-06-06,23.059833526611328
2011-06-07,23.156091690063477
2011-06-08,23.002784729003906
2011-06-09,23.2131290435791
2011-06-10,22.74252700805664
2011-06-13,22.817398071289062
2011-06-14,23.081220626831055
2011-06-15,22.542871475219727
2011-06-16,22.61417579650879
2011-06-17,22.76034927368164
2011-06-20,22.803133010864258
2011-06-21,23.18488883972168
2011-06-22,22.90184211730957
2011-06-23,22.774829864501953
2011-06-24,22.5135498046875
2011-06-27,22.709516525268555
2011-06-28,22.959903717041016
2011-06-29,23.279247283935547
2011-06-30,23.591325759887695
2011-07-01,23.867124557495117
2011-07-05,23.754623413085938
2011-07-06,23.729225158691406
2011-07-07,23.917924880981445
2011-07-08,23.721967697143555
2011-07-11,23.134090423583984
2011-07-12,22.970783233642578
2011-07-13,23.170377731323242
2011-07-14,23.09054183959961
2011-07-15,23.097801208496094
2011-07-18,22.83652114868164
2011-07-19,23.14134979248047
2011-07-20,23.308279037475586
2011-07-21,23.74736976623535
2011-07-22,23.761886596679688
2011-07-25,23.620357513427734
2011-07-26,23.67116355895996
2011-07-27,23.134090423583984
2011-07-28,23.09054183959961
2011-07-29,22.974416732788086
2011-08-01,22.807491302490234
2011-08-02,22.234128952026367
2011-08-03,22.342994689941406
2011-08-04,21.083770751953125
2011-08-05,21.352313995361328
2011-08-08,19.92616081237793
2011-08-09,20.898700714111328
2011-08-10,19.722946166992188
2011-08-11,20.48863983154297
2011-08-12,20.793466567993164
2011-08-15,21.27610206604004
2011-08-16,21.06926155090332
2011-08-17,21.178129196166992
2011-08-18,20.28542137145996
2011-08-19,19.897132873535156
2011-08-22,20.016883850097656
2011-08-23,20.630163192749023
2011-08-24,20.724515914916992
2011-08-25,20.336225509643555
2011-08-26,20.550329208374023
2011-08-29,21.07288360595703
2011-08-30,21.003938674926758
2011-08-31,21.199899673461914
2011-09-01,21.007570266723633
2011-09-02,20.495893478393555
2011-09-06,19.92253303527832
2011-09-07,20.477752685546875
2011-09-08,20.1946964263916
2011-09-09,19.559642791748047
2011-09-12,19.526987075805664
2011-09-13,19.664880752563477
2011-09-14,20.049541473388672
2011-09-15,20.459609985351562
2011-09-16,20.455976486206055
2011-09-19,20.078571319580078
2011-09-20,20.125749588012695
2011-09-21,19.494327545166016
2011-09-22,18.85564422607422
2011-09-23,18.9826602935791
2011-09-26,19.526987075805664
2011-09-27,19.918901443481445
2011-09-28,19.6612491607666
2011-09-29,20.002368927001953
2011-09-30,19.458038330078125
2011-10-03,18.953624725341797
2011-10-04,19.29473876953125
2011-10-05,19.65036964416504
2011-10-06,20.107606887817383
2011-10-07,20.002368927001953
2011-10-10,20.70636749267578
2011-10-11,20.684598922729492
2011-10-12,20.989425659179688
2011-10-13,20.909584045410156
2011-10-14,21.178129196166992
2011-10-17,20.804349899291992
2011-10-18,21.087400436401367
2011-10-19,20.847896575927734
2011-10-20,20.880563735961914
2011-10-21,21.312393188476562
2011-10-24,21.609962463378906
2011-10-25,21.279735565185547
2011-10-26,21.50472068786621
2011-10-27,22.499034881591797
2011-10-28,22.353879928588867
2011-10-31,21.54464340209961
2011-11-01,20.822494506835938
2011-11-02,21.11280632019043
2011-11-03,21.555526733398438
2011-11-04,21.3015079498291
2011-11-07,21.35957145690918
2011-11-08,21.67165184020996
2011-11-09,20.659191131591797
2011-11-10,20.916845321655273
2011-11-11,21.392229080200195
2011-11-14,21.087400436401367
2011-11-15,21.12369155883789
2011-11-16,20.804349899291992
2011-11-17,20.535816192626953
2011-11-18,20.57573127746582
2011-11-21,20.078571319580078
2011-11-22,19.991483688354492
2011-11-23,19.494327545166016
2011-11-25,19.45077896118164
2011-11-28,20.114864349365234
2011-11-29,20.26365089416504
2011-11-30,21.167240142822266
2011-12-01,21.08014678955078
2011-12-02,21.12006187438965
2011-12-05,21.330535888671875
2011-12-06,21.370458602905273
2011-12-07,21.51561164855957
2011-12-08,20.90233039855957
2011-12-09,21.35957145690918
2011-12-12,20.884185791015625
2011-12-13,20.655567169189453
2011-12-14,20.47049331665039
2011-12-15,20.57210350036621
2011-12-16,20.528553009033203
2011-12-19,20.3603572845459
2011-12-20,20.973663330078125
2011-12-21,21.006717681884766
2011-12-22,21.223390579223633
2011-12-23,21.373964309692383
2011-12-27,21.318878173828125
2011-12-28,20.995697021484375
2011-12-29,21.289501190185547
2011-12-30,21.27848243713379
2012-01-03,21.785287857055664
2012-01-04,21.733871459960938
2012-01-05,21.583301544189453
2012-01-06,21.399673461914062
2012-01-09,21.41803550720215
2012-01-10,21.671436309814453
2012-01-11,21.572284698486328
2012-01-12,21.645732879638672
2012-01-13,21.44007110595703
2012-01-17,21.59431266784668
2012-01-18,21.899137496948242
2012-01-19,22.108469009399414
2012-01-20,22.2553653717041
2012-01-23,22.32514762878418
2012-01-24,22.273723602294922
2012-01-25,22.427976608276367
2012-01-26,22.427976608276367
2012-01-27,22.365543365478516
2012-01-30,22.214969635009766
2012-01-31,22.23700714111328
2012-02-01,22.461029052734375
2012-02-02,22.50876808166504
2012-02-03,22.780534744262695
2012-02-06,22.75115394592285
2012-02-07,22.85765838623047
2012-02-08,22.901731491088867
2012-02-09,22.90540313720703
2012-02-10,22.545495986938477
2012-02-13,22.736469268798828
2012-02-14,22.637310028076172
2012-02-15,22.593236923217773
2012-02-16,22.901731491088867
2012-02-17,23.019250869750977
2012-02-21,23.048627853393555
2012-02-22,22.93844985961914
2012-02-23,23.08167839050293
2012-02-24,23.155134201049805
2012-02-27,23.10004234313965
2012-02-28,23.228574752807617
2012-02-29,23.08167839050293
2012-03-01,23.265302658081055
2012-03-02,23.08535385131836
2012-03-05,23.03761100769043
2012-03-06,22.472042083740234
2012-03-07,22.644655227661133
2012-03-08,22.982519149780273
2012-03-09,22.93844985961914
2012-03-12,22.953142166137695
2012-03-13,23.357118606567383
2012-03-14,23.261632919311523
2012-03-15,23.456275939941406
2012-03-16,23.49300193786621
2012-03-19,23.58114242553711
2012-03-20,23.44158363342285
2012-03-21,23.371810913085938
2012-03-22,23.177162170410156
2012-03-23,23.261632919311523
2012-03-26,23.592153549194336
2012-03-27,23.47463607788086
2012-03-28,23.305700302124023
2012-03-29,23.2028751373291
2012-03-30,23.353445053100586
2012-04-02,23.584808349609375
2012-04-03,23.291006088256836
2012-04-04,22.901731491088867
2012-04-05,22.79155158996582
2012-04-09,22.593236923217773
2012-04-10,22.192934036254883
2012-04-11,22.402267456054688
2012-04-12,22.674030303955078
2012-04-13,22.273723602294922
2012-04-16,22.46470069885254
2012-04-17,22.809913635253906
2012-04-18,22.677701950073242
2012-04-19,22.523460388183594
2012-04-20,22.725444793701172
2012-04-23,22.457353591918945
2012-04-24,22.58955955505371
2012-04-25,22.784202575683594
2012-04-26,22.94212532043457
2012-04-27,22.96782875061035
2012-04-30,22.890708923339844
2012-05-01,22.99721336364746
2012-05-02,22.85765838623047
2012-05-03,22.707082748413086
2012-05-04,22.365543365478516
2012-05-07,22.45368003845215
2012-05-08,22.244352340698242
2012-05-09,22.020328521728516
2012-05-10,22.126829147338867
2012-05-11,21.987274169921875
2012-05-14,21.645732879638672
2012-05-15,21.462106704711914
2012-05-16,21.337236404418945
2012-05-17,21.11689567565918
2012-05-18,20.973663330078125
2012-05-21,21.282154083251953
2012-05-22,21.260122299194336
2012-05-23,21.127904891967773
2012-05-24,21.113218307495117
2012-05-25,21.07282066345215
2012-05-29,21.241756439208984
2012-05-30,20.837783813476562
2012-05-31,20.841449737548828
2012-06-01,20.393404006958008
2012-06-04,20.433805465698242
2012-06-05,20.521940231323242
2012-06-06,21.061803817749023
2012-06-07,21.131580352783203
2012-06-08,21.227067947387695
2012-06-11,20.981006622314453
2012-06-12,21.300518035888672
2012-06-13,21.182992935180664
2012-06-14,21.454757690429688
2012-06-15,21.6934757232666
2012-06-18,21.59431266784668
2012-06-19,21.9101505279541
2012-06-20,21.954662322998047
2012-06-21,21.4310359954834
2012-06-22,21.610565185546875
2012-06-25,21.15801239013672
2012-06-26,21.27021598815918
2012-06-27,21.46843719482422
2012-06-28,21.4310359954834
2012-06-29,22.033201217651367
2012-07-02,22.14166831970215
2012-07-03,22.24264907836914
2012-07-05,21.99953269958496
2012-07-06,21.7526912689209
2012-07-09,21.666669845581055
2012-07-10,21.509578704833984
2012-07-11,21.561939239501953
2012-07-12,21.39737892150879
2012-07-13,21.76017189025879
2012-07-16,21.745210647583008
2012-07-17,21.81253433227539
2012-07-18,21.995803833007812
2012-07-19,22.089305877685547
2012-07-20,21.72651481628418
2012-07-23,21.41234016418457
2012-07-24,21.214111328125
2012-07-25,21.27395248413086
2012-07-26,21.790090560913086
2012-07-27,22.253870010375977
2012-07-30,22.246389389038086
2012-07-31,22.205245971679688
2012-08-01,22.216472625732422
2012-08-02,21.92473793029785
2012-08-03,22.5306453704834
2012-08-06,22.63910484313965
2012-08-07,22.81863021850586
2012-08-08,22.7999324798584
2012-08-09,22.829849243164062
2012-08-10,22.904653549194336
2012-08-13,22.852293014526367
2012-08-14,22.84481430053711
2012-08-15,22.81489372253418
2012-08-16,23.024341583251953
2012-08-17,22.998159408569336
2012-08-20,22.983200073242188
2012-08-21,23.013118743896484
2012-08-22,22.953279495239258
2012-08-23,22.792455673217773
2012-08-24,22.870994567871094
2012-08-27,22.82237434387207
2012-08-28,22.81489372253418
2012-08-29,22.77749252319336
2012-08-30,22.538114547729492
2012-08-31,22.706432342529297
2012-09-04,22.627885818481445
2012-09-05,22.620405197143555
2012-09-06,23.185171127319336
2012-09-07,23.390872955322266
2012-09-10,23.23004913330078
2012-09-11,23.446983337402344
2012-09-12,23.52178192138672
2012-09-13,23.858396530151367
2012-09-14,24.049144744873047
2012-09-17,23.966856002807617
2012-09-18,23.89579200744629
2012-09-19,23.97808074951172
2012-09-20,23.858396530151367
2012-09-21,23.925718307495117
2012-09-24,23.839693069458008
2012-09-25,23.671388626098633
2012-09-26,23.42079734802246
2012-09-27,23.64520263671875
2012-09-28,23.338518142700195
2012-10-01,23.491857528686523
2012-10-02,23.570404052734375
2012-10-03,23.52552032470703
2012-10-04,23.74244499206543
2012-10-05,23.764890670776367
2012-10-08,23.70878791809082
2012-10-09,23.390872955322266
2012-10-10,23.256227493286133
2012-10-11,23.35347557067871
2012-10-12,23.360952377319336
2012-10-15,23.596586227416992
2012-10-16,23.944416046142578
2012-10-17,24.086544036865234
2012-10-18,24.067840576171875
2012-10-19,23.671388626098633
2012-10-22,23.70878791809082
2012-10-23,23.26744842529297
2012-10-24,23.233789443969727
2012-10-25,23.323556900024414
2012-10-26,23.301115036010742
2012-10-31,23.387134552001953
2012-11-01,23.581626892089844
2012-11-02,23.398351669311523
2012-11-05,23.390872955322266
2012-11-06,23.570404052734375
2012-11-07,23.125324249267578
2012-11-08,22.893434524536133
2012-11-09,22.88221549987793
2012-11-12,22.829849243164062
2012-11-13,22.740089416503906
2012-11-14,22.46331787109375
2012-11-15,22.440876007080078
2012-11-16,22.482017517089844
2012-11-19,22.878477096557617
2012-11-20,22.927099227905273
2012-11-21,22.983200073242188
2012-11-23,23.43202018737793
2012-11-26,23.34599494934082
2012-11-27,23.177684783935547
2012-11-28,23.402097702026367
2012-11-29,23.52178192138672
2012-11-30,23.514301300048828
2012-12-03,23.495601654052734
2012-12-04,23.488115310668945
2012-12-05,23.626502990722656
2012-12-06,23.67512321472168
2012-12-07,23.720003128051758
2012-12-10,23.749929428100586
2012-12-11,23.914493560791016
2012-12-12,24.00800132751465
2012-12-13,23.951900482177734
2012-12-14,23.925718307495117
2012-12-17,24.08380699157715
2012-12-18,24.329635620117188
2012-12-19,24.25020980834961
2012-12-20,24.340980529785156
2012-12-21,24.121623992919922
2012-12-24,24.015731811523438
2012-12-26,24.049768447875977
2012-12-27,24.10271453857422
2012-12-28,23.86822509765625
2012-12-31,24.189697265625
2013-01-02,24.613285064697266
2013-01-03,24.462005615234375
2013-01-04,24.62841033935547
2013-01-07,24.541431427001953
2013-01-08,24.424184799194336
2013-01-09,24.571683883666992
2013-01-10,24.88559341430664
2013-01-11,24.98770523071289
2013-01-14,24.99904441833496
2013-01-15,24.97635841369629
2013-01-16,24.900718688964844
2013-01-17,25.067121505737305
2013-01-18,25.0406551361084
2013-01-22,25.0406551361084
2013-01-23,25.101167678833008
2013-01-24,25.241100311279297
2013-01-25,25.452890396118164
2013-01-28,25.41128921508789
2013-01-29,25.600391387939453
2013-01-30,25.54743766784668
2013-01-31,25.426420211791992
2013-02-01,25.600391387939453
2013-02-04,25.161680221557617
2013-02-05,25.358339309692383
2013-02-06,25.34321403503418
2013-02-07,25.138978958129883
2013-02-08,25.305400848388672
2013-02-11,25.312955856323242
2013-02-12,25.430200576782227
2013-02-13,25.430200576782227
2013-02-14,25.33942413330078
2013-02-15,25.271350860595703
2013-02-19,25.524749755859375
2013-02-20,25.278915405273438
2013-02-21,24.972576141357422
2013-02-22,25.2448787689209
2013-02-25,24.74943733215332
2013-02-26,24.851543426513672
2013-02-27,25.214622497558594
2013-02-28,25.165456771850586
2013-03-01,25.123857498168945
2013-03-04,25.233535766601562
2013-03-05,25.483142852783203
2013-03-06,25.562562942504883
2013-03-07,25.62308120727539
2013-03-08,25.691150665283203
2013-03-11,25.744104385375977
2013-03-12,25.66468620300293
2013-03-13,25.672245025634766
2013-03-14,25.940767288208008
2013-03-15,25.853784561157227
2013-03-18,25.61930274963379
2013-03-19,25.600391387939453
2013-03-20,25.763015747070312
2013-03-21,25.536096572875977
2013-03-22,25.763015747070312
2013-03-25,25.53987693786621
2013-03-26,25.702495574951172
2013-03-27,25.54743766784668
2013-03-28,25.638206481933594
2013-04-01,25.54743766784668
2013-04-02,25.747888565063477
2013-04-03,25.573909759521484
2013-04-04,25.66468620300293
2013-04-05,25.54743766784668
2013-04-08,25.63063621520996
2013-04-09,25.778135299682617
2013-04-10,26.114742279052734
2013-04-11,26.250896453857422
2013-04-12,26.186595916748047
2013-04-15,25.755451202392578
2013-04-16,26.0958309173584
2013-04-17,25.61930274963379
2013-04-18,25.53987693786621
2013-04-19,25.645776748657227
2013-04-22,25.785703659057617
2013-04-23,26.12986946105957
2013-04-24,26.18282127380371
2013-04-25,26.22820281982422
2013-04-26,26.29248809814453
2013-04-29,26.568578720092773
2013-04-30,26.561017990112305
2013-05-01,26.36056900024414
2013-05-02,26.530763626098633
2013-05-03,26.780366897583008
2013-05-06,26.7425479888916
2013-05-07,26.890056610107422
2013-05-08,27.07158660888672
2013-05-09,26.84844207763672
2013-05-10,26.935434341430664
2013-05-13,26.897611618041992
2013-05-14,27.07158660888672
2013-05-15,27.234216690063477
2013-05-16,27.101839065551758
2013-05-17,27.290945053100586
2013-05-20,27.332550048828125
2013-05-21,27.442224502563477
2013-05-22,27.27960205078125
2013-05-23,27.147226333618164
2013-05-24,27.082935333251953
2013-05-28,27.268247604370117
2013-05-29,27.07537078857422
2013-05-30,27.226654052734375
2013-05-31,26.727426528930664
2013-06-03,26.954343795776367
2013-06-04,26.958131790161133
2013-06-05,26.47402572631836
2013-06-06,26.62909507751465
2013-06-07,26.878711700439453
2013-06-10,26.905181884765625
2013-06-11,26.648008346557617
2013-06-12,26.523197174072266
2013-06-13,26.840883255004883
2013-06-14,26.572364807128906
2013-06-17,26.86357879638672
2013-06-18,27.05267906188965
2013-06-19,26.606395721435547
2013-06-20,25.808399200439453
2013-06-21,25.876474380493164
2013-06-24,25.494491577148438
2013-06-25,25.722810745239258
2013-06-26,25.972658157348633
2013-06-27,26.14947509765625
2013-06-28,25.96881675720215
2013-07-01,26.122568130493164
2013-07-02,26.045696258544922
2013-07-03,26.038009643554688
2013-07-05,26.207134246826172
2013-07-08,26.326295852661133
2013-07-09,26.526172637939453
2013-07-10,26.572290420532227
2013-07-11,27.11042594909668
2013-07-12,26.987422943115234
2013-07-15,27.129650115966797
2013-07-16,27.06045913696289
2013-07-17,27.148866653442383
2013-07-18,27.283405303955078
2013-07-19,27.27572250366211
2013-07-22,27.367963790893555
2013-07-23,27.441001892089844
2013-07-24,27.402549743652344
2013-07-25,27.456377029418945
2013-07-26,27.38718605041504
2013-07-29,27.218053817749023
2013-07-30,27.218053817749023
2013-07-31,27.241127014160156
2013-08-01,27.479440689086914
2013-08-02,27.575525283813477
2013-08-05,27.490962982177734
2013-08-06,27.360279083251953
2013-08-07,27.333372116088867
2013-08-08,27.498653411865234
2013-08-09,27.46021842956543
2013-08-12,27.394874572753906
2013-08-13,27.506345748901367
2013-08-14,27.41793441772461
2013-08-15,27.171932220458984
2013-08-16,27.160402297973633
2013-08-19,26.94899559020996
2013-08-20,26.960514068603516
2013-08-21,26.687606811523438
2013-08-22,26.93746566772461
2013-08-23,27.16423988342285
2013-08-26,27.002805709838867
2013-08-27,26.576143264770508
2013-08-28,26.653018951416016
2013-08-29,26.63763999938965
2013-08-30,26.449296951293945
2013-09-03,26.64533042907715
2013-09-04,26.868274688720703
2013-09-05,26.883642196655273
2013-09-06,26.972049713134766
2013-09-09,27.233434677124023
2013-09-10,27.494813919067383
2013-09-11,27.656251907348633
2013-09-12,27.533254623413086
2013-09-13,27.675472259521484
2013-09-16,27.86381721496582
2013-09-17,27.87919807434082
2013-09-18,28.386571884155273
2013-09-19,28.28663444519043
2013-09-20,28.059858322143555
2013-09-23,27.940692901611328
2013-09-24,27.90610122680664
2013-09-25,27.902259826660156
2013-09-26,27.963756561279297
2013-09-27,27.92147445678711
2013-09-30,27.65241050720215
2013-10-01,27.810001373291016
2013-10-02,27.8138484954834
2013-10-03,27.706222534179688
2013-10-04,27.8138484954834
2013-10-07,27.61396026611328
2013-10-08,27.36412811279297
2013-10-09,27.37950325012207
2013-10-10,27.92147445678711
2013-10-11,28.04831314086914
2013-10-14,28.209760665893555
2013-10-15,28.036788940429688
2013-10-16,28.355825424194336
2013-10-17,28.582618713378906
2013-10-18,28.70945930480957
2013-10-21,28.674869537353516
2013-10-22,28.928560256958008
2013-10-23,28.694076538085938
2013-10-24,28.832462310791016
2013-10-25,28.84783363342285
2013-10-28,28.867050170898438
2013-10-29,29.074613571166992
2013-10-30,28.966999053955078
2013-10-31,28.840147018432617
2013-11-01,28.81708526611328
2013-11-04,28.913183212280273
2013-11-05,28.767114639282227
2013-11-06,29.013111114501953
2013-11-07,28.64411163330078
2013-11-08,28.920869827270508
2013-11-11,28.943933486938477
2013-11-12,28.874746322631836
2013-11-13,29.0323429107666
2013-11-14,29.109214782714844
2013-11-15,29.27065086364746
2013-11-18,29.293718338012695
2013-11-19,29.262971878051758
2013-11-20,29.166873931884766
2013-11-21,29.32063102722168
2013-11-22,29.459003448486328
2013-11-25,29.42056655883789
2013-11-26,29.32831382751465
2013-11-27,29.405189514160156
2013-11-29,29.459003448486328
2013-12-02,29.309099197387695
2013-12-03,29.151498794555664
2013-12-04,29.051565170288086
2013-12-05,28.874746322631836
2013-12-06,29.266809463500977
2013-12-09,29.324474334716797
2013-12-10,29.1976261138916
2013-12-11,28.90933609008789
2013-12-12,28.70945930480957
2013-12-13,28.66717529296875
2013-12-16,28.901647567749023
2013-12-17,28.767322540283203
2013-12-18,29.22541618347168
2013-12-19,29.27977180480957
2013-12-20,29.372955322265625
2013-12-23,29.516584396362305
2013-12-24,29.602006912231445
2013-12-26,29.765056610107422
2013-12-27,29.893177032470703
2013-12-30,29.904815673828125
2013-12-31,29.986339569091797
2014-01-02,29.578706741333008
2014-01-03,29.58259391784668
2014-01-06,29.551532745361328
2014-01-07,29.726234436035156
2014-01-08,29.621421813964844
2014-01-09,29.656347274780273
2014-01-10,29.749523162841797
2014-01-13,29.489410400390625
2014-01-14,29.784467697143555
2014-01-15,29.994110107421875
2014-01-16,29.963045120239258
2014-01-17,29.827171325683594
2014-01-21,29.862106323242188
2014-01-22,29.815523147583008
2014-01-23,29.60976219177246
2014-01-24,28.9226131439209
2014-01-27,28.75567626953125
2014-01-28,29.011903762817383
2014-01-29,28.701322555541992
2014-01-30,28.89155387878418
2014-01-31,28.507219314575195
2014-02-03,27.913232803344727
2014-02-04,28.11899185180664
2014-02-05,28.130638122558594
2014-02-06,28.565452575683594
2014-02-07,28.91484260559082
2014-02-10,28.82943344116211
2014-02-11,29.24095916748047
2014-02-12,29.283660888671875
2014-02-13,29.357423782348633
2014-02-14,29.54765510559082
2014-02-18,29.656347274780273
2014-02-19,29.462244033813477
2014-02-20,29.644712448120117
2014-02-21,29.664121627807617
2014-02-24,29.8698787689209
2014-02-25,29.799999237060547
2014-02-26,29.737871170043945
2014-02-27,29.84657859802246
2014-02-28,29.95917510986328
2014-03-03,29.47000503540039
2014-03-04,29.986339569091797
2014-03-05,29.931995391845703
2014-03-06,30.118343353271484
2014-03-07,30.01740264892578
2014-03-10,29.92034912109375
2014-03-11,29.761178970336914
2014-03-12,29.67963981628418
2014-03-13,29.24872589111328
2014-03-14,29.19437026977539
2014-03-17,29.485532760620117
2014-03-18,29.737871170043945
2014-03-19,29.427295684814453
2014-03-20,29.54765510559082
2014-03-21,29.539886474609375
2014-03-24,29.49718475341797
2014-03-25,29.784467697143555
2014-03-26,29.76894187927246
2014-03-27,29.776708602905273
2014-03-28,29.98245620727539
2014-03-31,30.227041244506836
2014-04-01,30.339624404907227
2014-04-02,30.428911209106445
2014-04-03,30.366806030273438
2014-04-04,30.215394973754883
2014-04-07,30.025157928466797
2014-04-08,30.180458068847656
2014-04-09,30.47162437438965
2014-04-10,29.966936111450195
2014-04-11,29.78058624267578
2014-04-14,29.98245620727539
2014-04-15,30.013519287109375
2014-04-16,30.327983856201172
2014-04-17,30.417266845703125
2014-04-21,30.491025924682617
2014-04-22,30.623029708862305
2014-04-23,30.537626266479492
2014-04-24,30.506559371948242
2014-04-25,30.39786720275879
2014-04-28,30.584209442138672
2014-04-29,30.739498138427734
2014-04-30,30.859840393066406
2014-05-01,30.84820556640625
2014-05-02,30.786087036132812
2014-05-05,30.778318405151367
2014-05-06,30.607500076293945
2014-05-07,30.770549774169922
2014-05-08,30.809377670288086
2014-05-09,30.755027770996094
2014-05-12,30.98796844482422
2014-05-13,31.026777267456055
2014-05-14,30.929723739624023
2014-05-15,30.7589111328125
2014-05-16,30.813255310058594
2014-05-19,30.766672134399414
2014-05-20,30.584209442138672
2014-05-21,30.82878875732422
2014-05-22,30.805490493774414
2014-05-23,30.84043312072754
2014-05-27,30.95301628112793
2014-05-28,30.871484756469727
2014-05-29,31.042306900024414
2014-05-30,31.09278106689453
2014-06-02,31.06560516357422
2014-06-03,31.053956985473633
2014-06-04,30.99960708618164
2014-06-05,31.209247589111328
2014-06-06,31.360658645629883
2014-06-09,31.337364196777344
2014-06-10,31.360658645629883
2014-06-11,31.23253631591797
2014-06-12,31.11219596862793
2014-06-13,31.189830780029297
2014-06-16,31.24030876159668
2014-06-17,31.224777221679688
2014-06-18,31.434415817260742
2014-06-19,31.527591705322266
2014-06-20,31.53534698486328
2014-06-23,31.52369499206543
2014-06-24,31.34309959411621
2014-06-25,31.406755447387695
2014-06-26,31.295366287231445
2014-06-27,31.323205947875977
2014-06-30,31.323205947875977
2014-07-01,31.553939819335938
2014-07-02,31.59770393371582
2014-07-03,31.717039108276367
2014-07-07,31.573835372924805
2014-07-08,31.34309959411621
2014-07-09,31.462434768676758
2014-07-10,31.247631072998047
2014-07-11,31.231725692749023
2014-07-14,31.442554473876953
2014-07-15,31.414701461791992
2014-07-16,31.6494140625
2014-07-17,31.25161361694336
2014-07-18,31.486305236816406
2014-07-21,31.394824981689453
2014-07-22,31.553939819335938
2014-07-23,31.62554359436035
2014-07-24,31.657371520996094
2014-07-25,31.502222061157227
2014-07-28,31.526098251342773
2014-07-29,31.45846939086914
2014-07-30,31.355039596557617
2014-07-31,30.73844337463379
2014-08-01,30.591251373291016
2014-08-04,30.766281127929688
2014-08-05,30.416213989257812
2014-08-06,30.49578285217285
2014-08-07,30.308809280395508
2014-08-08,30.543506622314453
2014-08-11,30.599197387695312
2014-08-12,30.58727264404297
2014-08-13,30.782197952270508
2014-08-14,30.90552520751953
2014-08-15,30.889604568481445
2014-08-18,31.136241912841797
2014-08-19,31.231725692749023
2014-08-20,31.20386505126953
2014-08-21,31.327198028564453
2014-08-22,31.1959171295166
2014-08-25,31.40277099609375
2014-08-26,31.426639556884766
2014-08-27,31.474384307861328
2014-08-28,31.40277099609375
2014-08-29,31.446531295776367
2014-09-02,31.438581466674805
2014-09-03,31.4942684173584
2014-09-04,31.426639556884766
2014-09-05,31.534055709838867
2014-09-08,31.323205947875977
2014-09-09,31.18397331237793
2014-09-10,31.359010696411133
2014-09-11,31.295366287231445
2014-09-12,31.207847595214844
2014-09-15,31.207847595214844
2014-09-16,31.386856079101562
2014-09-17,31.359010696411133
2014-09-18,31.573835372924805
2014-09-19,31.56587028503418
2014-09-22,31.414701461791992
2014-09-23,31.211828231811523
2014-09-24,31.359010696411133
2014-09-25,30.873685836791992
2014-09-26,31.012922286987305
2014-09-29,30.837888717651367
2014-09-30,30.8179988861084
2014-10-01,30.452022552490234
2014-10-02,30.26107406616211
2014-10-03,30.412229537963867
2014-10-06,30.49578285217285
2014-10-07,30.03432273864746
2014-10-08,30.543506622314453
2014-10-09,29.859285354614258
2014-10-10,29.51319694519043
2014-10-13,29.306337356567383
2014-10-14,29.274511337280273
2014-10-15,29.000024795532227
2014-10-16,28.741456985473633
2014-10-17,29.167110443115234
2014-10-20,29.369993209838867
2014-10-21,29.74789810180664
2014-10-22,29.58083724975586
2014-10-23,29.92691993713379
2014-10-24,30.13376808166504
2014-10-27,30.038301467895508
2014-10-28,30.352567672729492
2014-10-29,30.28493881225586
2014-10-30,30.42416763305664
2014-10-31,30.845848083496094
2014-11-03,30.674779891967773
2014-11-04,30.59523582458496
2014-11-05,30.766281127929688
2014-11-06,30.778226852416992
2014-11-07,30.81402015686035
2014-11-10,30.917449951171875
2014-11-11,31.02882957458496
2014-11-12,30.913484573364258
2014-11-13,30.993043899536133
2014-11-14,31.024858474731445
2014-11-17,31.068618774414062
2014-11-18,31.307302474975586
2014-11-19,31.27547836303711
2014-11-20,31.247631072998047
2014-11-21,31.422658920288086
2014-11-24,31.526098251342773
2014-11-25,31.526098251342773
2014-11-26,31.673290252685547
2014-11-28,31.5419979095459
2014-12-01,31.482330322265625
2014-12-02,31.59770393371582
2014-12-03,31.63348960876465
2014-12-04,31.534055709838867
2014-12-05,31.593719482421875
2014-12-08,31.311279296875
2014-12-09,31.172048568725586
2014-12-10,30.718547821044922
2014-12-11,30.746397018432617
2014-12-12,30.16559600830078
2014-12-15,29.74789810180664
2014-12-16,29.7081241607666
2014-12-17,30.153656005859375
2014-12-18,30.837888717651367
2014-12-19,30.961977005004883
2014-12-22,31.102521896362305
2014-12-23,31.13466453552246
2014-12-24,31.11056900024414
2014-12-26,31.210952758789062
2014-12-29,31.094493865966797
2014-12-30,30.877649307250977
2014-12-31,30.608583450317383
2015-01-02,30.54433250427246
2015-01-05,29.849592208862305
2015-01-06,29.58856201171875
2015-01-07,29.841564178466797
2015-01-08,30.423864364624023
2015-01-09,30.186931610107422
2015-01-12,30.002195358276367
2015-01-13,30.01825714111328
2015-01-14,29.90983009338379
2015-01-15,29.82148551940918
2015-01-16,30.198972702026367
2015-01-20,30.29935646057129
2015-01-21,30.439912796020508
2015-01-22,30.80536460876465
2015-01-23,30.616613388061523
2015-01-26,30.765209197998047
2015-01-27,30.411813735961914
2015-01-28,29.986127853393555
2015-01-29,30.32748031616211
2015-01-30,29.845579147338867
2015-02-02,30.259212493896484
2015-02-03,30.789302825927734
2015-02-04,30.54031753540039
2015-02-05,30.817405700683594
2015-02-06,30.624649047851562
2015-02-09,30.600553512573242
2015-02-10,30.829452514648438
2015-02-11,30.80536460876465
2015-02-12,31.227022171020508
2015-02-13,31.39167594909668
2015-02-17,31.4157657623291
2015-02-18,31.45993995666504
2015-02-19,31.39167594909668
2015-02-20,31.59246063232422
2015-02-23,31.492067337036133
2015-02-24,31.70892906188965
2015-02-25,31.65269660949707
2015-02-26,31.636640548706055
2015-02-27,31.588457107543945
2015-03-02,31.716957092285156
2015-03-03,31.552303314208984
2015-03-04,31.484037399291992
2015-03-05,31.427810668945312
2015-03-06,30.933866500854492
2015-03-09,31.07442283630371
2015-03-10,30.512205123901367
2015-03-11,30.403778076171875
2015-03-12,30.700946807861328
2015-03-13,30.45196533203125
2015-03-16,30.82545280456543
2015-03-17,30.80536460876465
2015-03-18,31.33143424987793
2015-03-19,31.01418685913086
2015-03-20,31.467973709106445
2015-03-23,31.588457107543945
2015-03-24,31.467973709106445
2015-03-25,31.126630783081055
2015-03-26,30.953948974609375
2015-03-27,30.974029541015625
2015-03-30,31.25111198425293
2015-03-31,30.889690399169922
2015-04-01,30.857566833496094
2015-04-02,31.006149291992188
2015-04-06,31.37962532043457
2015-04-07,31.27923011779785
2015-04-08,31.235057830810547
2015-04-09,31.39568328857422
2015-04-10,31.552303314208984
2015-04-13,31.38766098022461
2015-04-14,31.548290252685547
2015-04-15,31.73301887512207
2015-04-16,31.793254852294922
2015-04-17,31.37160301208496
2015-04-20,31.6125431060791
2015-04-21,31.63261604309082
2015-04-22,31.737030029296875
2015-04-23,31.797266006469727
2015-04-24,31.97798728942871
2015-04-27,32.102474212646484
2015-04-28,32.15869140625
2015-04-29,32.0462532043457
2015-04-30,31.749080657958984
2015-05-01,32.01814270019531
2015-05-04,32.05830383300781
2015-05-05,31.741046905517578
2015-05-06,31.648681640625
2015-05-07,31.60451316833496
2015-05-08,32.18279266357422
2015-05-11,31.97397804260254
2015-05-12,31.89364242553711
2015-05-13,31.91373062133789
2015-05-14,32.33539581298828
2015-05-15,32.323333740234375
2015-05-18,32.25105667114258
2015-05-19,32.22294998168945
2015-05-20,32.343414306640625
2015-05-21,32.447837829589844
2015-05-22,32.26310348510742
2015-05-26,31.737030029296875
2015-05-27,32.08238220214844
2015-05-28,32.0462532043457
2015-05-29,31.78923797607422
2015-06-01,31.6888484954834
2015-06-02,31.74506187438965
2015-06-03,31.897666931152344
2015-06-04,31.5683650970459
2015-06-05,31.38766098022461
2015-06-08,31.28726577758789
2015-06-09,31.194896697998047
2015-06-10,31.7249755859375
2015-06-11,31.753095626831055
2015-06-12,31.475997924804688
2015-06-15,31.271196365356445
2015-06-16,31.31136131286621
2015-06-17,31.351512908935547
2015-06-18,31.66474151611328
2015-06-19,31.520172119140625
2015-06-22,31.90569496154785
2015-06-23,31.96192169189453
2015-06-24,31.71247673034668
2015-06-25,31.58184242248535
2015-06-26,31.58184242248535
2015-06-29,30.826589584350586
2015-06-30,30.72452735900879
2015-07-01,30.92865753173828
2015-07-02,30.904151916503906
2015-07-06,30.548973083496094
2015-07-07,30.659202575683594
2015-07-08,30.136655807495117
2015-07-09,30.328527450561523
2015-07-10,31.047040939331055
2015-07-13,31.29607582092285
2015-07-14,31.50835609436035
2015-07-15,31.45937156677246
2015-07-16,31.72880744934082
2015-07-17,31.87169647216797
2015-07-20,31.87986946105957
2015-07-21,31.72880744934082
2015-07-22,31.483861923217773
2015-07-23,31.32056427001953
2015-07-24,30.944969177246094
2015-07-27,30.781675338745117
2015-07-28,31.06745147705078
2015-07-29,31.316486358642578
2015-07-30,31.287900924682617
2015-07-31,31.1817569732666
2015-08-03,31.108278274536133
2015-08-04,30.957225799560547
2015-08-05,31.185836791992188
2015-08-06,31.026626586914062
2015-08-07,30.969484329223633
2015-08-10,31.30831527709961
2015-08-11,30.936809539794922
2015-08-12,30.89598846435547
2015-08-13,30.77760887145996
2015-08-14,30.847002029418945
2015-08-17,30.904151916503906
2015-08-18,30.76127052307129
2015-08-19,30.53264808654785
2015-08-20,29.86312484741211
2015-08-21,29.026229858398438
2015-08-24,27.932130813598633
2015-08-25,27.7116756439209
2015-08-26,28.638397216796875
2015-08-27,29.214021682739258
2015-08-28,29.26300621032715
2015-08-31,29.04663848876953
2015-09-01,28.124004364013672
2015-09-02,28.66288948059082
2015-09-03,28.695556640625
2015-09-04,28.115840911865234
2015-09-08,28.867008209228516
2015-09-09,28.55674171447754
2015-09-10,28.740449905395508
2015-09-11,28.789445877075195
2015-09-14,28.671052932739258
2015-09-15,29.03438949584961
2015-09-16,29.365068435668945
2015-09-17,29.28749656677246
2015-09-18,28.691463470458984
2015-09-21,28.81394386291504
2015-09-22,28.315881729125977
2015-09-23,28.205644607543945
2015-09-24,28.128087997436523
2015-09-25,28.279136657714844
2015-09-28,27.760663986206055
2015-09-29,27.79332733154297
2015-09-30,28.246477127075195
2015-10-01,28.31996726989746
2015-10-02,28.752704620361328
2015-10-05,29.316085815429688
2015-10-06,29.438554763793945
2015-10-07,29.728408813476562
2015-10-08,29.993764877319336
2015-10-09,30.006006240844727
2015-10-12,29.98967933654785
2015-10-13,29.785560607910156
2015-10-14,29.695749282836914
2015-10-15,30.15707015991211
2015-10-16,30.287702560424805
2015-10-19,30.271371841430664
2015-10-20,30.1325740814209
2015-10-21,29.96111297607422
2015-10-22,30.55306053161621
2015-10-23,31.018465042114258
2015-10-26,30.90007781982422
2015-10-27,30.667375564575195
2015-10-28,31.051116943359375
2015-10-29,30.89598846435547
2015-10-30,30.822509765625
2015-11-02,31.173593521118164
2015-11-03,31.27566146850586
2015-11-04,31.161346435546875
2015-11-05,31.06745147705078
2015-11-06,31.014379501342773
2015-11-09,30.71227264404297
2015-11-10,30.602052688598633
2015-11-11,30.675537109375
2015-11-12,30.230554580688477
2015-11-13,29.871299743652344
2015-11-16,30.271371841430664
2015-11-17,30.259124755859375
2015-11-18,30.73267936706543
2015-11-19,30.834754943847656
2015-11-20,30.793935775756836
2015-11-23,30.610219955444336
2015-11-24,30.72044563293457
2015-11-25,30.691864013671875
2015-11-27,30.76943588256836
2015-11-30,30.704116821289062
2015-12-01,30.940898895263672
2015-12-02,30.622461318969727
2015-12-03,30.3081111907959
2015-12-04,30.814346313476562
2015-12-07,30.569385528564453
2015-12-08,30.279539108276367
2015-12-09,30.185638427734375
2015-12-10,30.21422576904297
2015-12-11,29.630435943603516
2015-12-14,29.7365665435791
2015-12-15,29.985605239868164
2015-12-16,30.459169387817383
2015-12-17,30.07948875427246
2015-12-18,29.58144187927246
2015-12-21,29.772993087768555
2015-12-22,29.946382522583008
2015-12-23,30.462406158447266
2015-12-24,30.42525291442871
2015-12-28,30.305540084838867
2015-12-29,30.635793685913086
2015-12-30,30.346818923950195
2015-12-31,30.066102981567383
2016-01-04,29.541810989379883
2016-01-05,29.521163940429688
2016-01-06,29.0505428314209
2016-01-07,28.36525535583496
2016-01-08,28.001968383789062
2016-01-11,28.101051330566406
2016-01-12,28.303325653076172
2016-01-13,27.774906158447266
2016-01-14,28.303325653076172
2016-01-15,27.45703887939453
2016-01-19,27.61391258239746
2016-01-20,27.147415161132812
2016-01-21,27.312557220458984
2016-01-22,27.977197647094727
2016-01-25,27.51896858215332
2016-01-26,28.03499984741211
2016-01-27,27.667573928833008
2016-01-28,27.923526763916016
2016-01-29,28.44782257080078
2016-02-01,28.431306838989258
2016-02-02,27.81618881225586
2016-02-03,28.00609588623047
2016-02-04,28.055633544921875
2016-02-05,27.6180419921875
2016-02-08,27.419885635375977
2016-02-09,27.22585678100586
2016-02-10,27.221725463867188
2016-02-11,26.837800979614258
2016-02-12,27.337318420410156
2016-02-16,27.72949981689453
2016-02-17,28.253793716430664
2016-02-18,28.001968383789062
2016-02-19,27.931793212890625
2016-02-22,28.253793716430664
2016-02-23,27.75840187072754
2016-02-24,27.746021270751953
2016-02-25,28.06801986694336
2016-02-26,28.030864715576172
2016-02-29,27.828577041625977
2016-03-01,28.53038215637207
2016-03-02,28.712034225463867
2016-03-03,28.835874557495117
2016-03-04,28.963855743408203
2016-03-07,28.922571182250977
2016-03-08,28.712034225463867
2016-03-09,28.827621459960938
2016-03-10,28.852392196655273
2016-03-11,29.413829803466797
2016-03-14,29.323009490966797
2016-03-15,29.261085510253906
2016-03-16,29.455110549926758
2016-03-17,29.669776916503906
2016-03-18,29.669776916503906
2016-03-21,29.711069107055664
2016-03-22,29.611984252929688
2016-03-23,29.413829803466797
2016-03-24,29.34365463256836
2016-03-28,29.364294052124023
2016-03-29,29.678043365478516
2016-03-30,29.921611785888672
2016-03-31,29.690425872802734
2016-04-01,29.669776916503906
2016-04-04,29.636762619018555
2016-04-05,29.240449905395508
2016-04-06,29.632627487182617
2016-04-07,29.28585433959961
2016-04-08,29.554195404052734
2016-04-11,29.51703453063965
2016-04-12,29.900970458984375
2016-04-13,30.28489875793457
2016-04-14,30.383970260620117
2016-04-15,30.301406860351562
2016-04-18,30.47892189025879
2016-04-19,30.726619720458984
2016-04-20,30.74725914001465
2016-04-21,30.63166618347168
2016-04-22,30.445894241333008
2016-04-25,30.350940704345703
2016-04-26,30.383970260620117
2016-04-27,30.35507583618164
2016-04-28,30.04545021057129
2016-04-29,29.851430892944336
2016-05-02,30.066102981567383
2016-05-03,29.752344131469727
2016-05-04,29.430341720581055
2016-05-05,29.397321701049805
2016-05-06,29.541810989379883
2016-05-09,29.50052833557129
2016-05-10,29.872068405151367
2016-05-11,29.678043365478516
2016-05-12,29.64089012145996
2016-05-13,29.33540153503418
2016-05-16,29.711069107055664
2016-05-17,29.44272804260254
2016-05-18,29.541810989379883
2016-05-19,29.372547149658203
2016-05-20,29.51703453063965
2016-05-23,29.471628189086914
2016-05-24,29.93812370300293
2016-05-25,30.301406860351562
2016-05-26,30.280765533447266
2016-05-27,30.28489875793457
2016-05-31,30.148666381835938
2016-06-01,30.17755699157715
2016-06-02,30.210580825805664
2016-06-03,30.206462860107422
2016-06-06,30.40048599243164
2016-06-07,30.540842056274414
2016-06-08,30.59864044189453
2016-06-09,30.408742904663086
2016-06-10,29.929859161376953
2016-06-13,29.636762619018555
2016-06-14,29.455110549926758
2016-06-15,29.484012603759766
2016-06-16,29.620248794555664
2016-06-17,29.661535263061523
2016-06-20,30.049579620361328
2016-06-21,30.283103942871094
2016-06-22,30.278907775878906
2016-06-23,30.803924560546875
2016-06-24,29.0650634765625
2016-06-27,28.53584861755371
2016-06-28,29.094465255737305
2016-06-29,29.636289596557617
2016-06-30,30.11090660095215
2016-07-01,30.182315826416016
2016-07-05,29.82949447631836
2016-07-06,29.8588924407959
2016-07-07,29.8168888092041
2016-07-08,30.21590805053711
2016-07-11,30.484725952148438
2016-07-12,30.78293228149414
2016-07-13,30.78713607788086
2016-07-14,31.0643367767334
2016-07-15,30.984533309936523
2016-07-18,31.055936813354492
2016-07-19,30.887935638427734
2016-07-20,31.102144241333008
2016-07-21,30.984533309936523
2016-07-22,31.068552017211914
2016-07-25,30.92572784423828
2016-07-26,30.946725845336914
2016-07-27,31.068552017211914
2016-07-28,31.0013427734375
2016-07-29,31.211347579956055
2016-08-01,31.08534812927246
2016-08-02,30.921545028686523
2016-08-03,30.959339141845703
2016-08-04,31.08953857421875
2016-08-05,31.328956604003906
2016-08-08,31.34575080871582
2016-08-09,31.450748443603516
2016-08-10,31.375146865844727
2016-08-11,31.63556480407715
2016-08-12,31.555761337280273
2016-08-15,31.643966674804688
2016-08-16,31.572566986083984
2016-08-17,31.610363006591797
2016-08-18,31.744770050048828
2016-08-19,31.601964950561523
2016-08-22,31.56415557861328
2016-08-23,31.614559173583984
2016-08-24,31.534765243530273
2016-08-25,31.484355926513672
2016-08-26,31.375146865844727
2016-08-29,31.517953872680664
2016-08-30,31.484355926513672
2016-08-31,31.429746627807617
2016-09-01,31.442352294921875
2016-09-02,31.71536636352539
2016-09-06,31.86237335205078
2016-09-07,31.849767684936523
2016-09-08,31.76576805114746
2016-09-09,31.131542205810547
2016-09-12,31.459148406982422
2016-09-13,30.96773910522461
2016-09-14,30.984533309936523
2016-09-15,31.299551010131836
2016-09-16,31.04754066467285
2016-09-19,31.02654457092285
2016-09-20,31.106346130371094
2016-09-21,31.459148406982422
2016-09-22,31.732168197631836
2016-09-23,31.513757705688477
2016-09-26,31.18193817138672
2016-09-27,31.328956604003906
2016-09-28,31.59775733947754
2016-09-29,31.29535484313965
2016-09-30,31.484355926513672
2016-10-03,31.43395233154297
2016-10-04,31.43815040588379
2016-10-05,31.606163024902344
2016-10-06,31.572566986083984
2016-10-07,31.52215576171875
2016-10-10,31.673358917236328
2016-10-11,31.244949340820312
2016-10-12,31.244949340820312
2016-10-13,31.16094398498535
2016-10-14,31.169343948364258
2016-10-17,31.076948165893555
2016-10-18,31.307947158813477
2016-10-19,31.291141510009766
2016-10-20,31.324750900268555
2016-10-21,31.261751174926758
2016-10-24,31.35414695739746
2016-10-25,31.349950790405273
2016-10-26,31.23235511779785
2016-10-27,31.249155044555664
2016-10-28,31.18193817138672
2016-10-31,31.1357421875
2016-11-01,30.98874282836914
2016-11-02,30.78713607788086
2016-11-03,30.698925018310547
2016-11-04,30.547718048095703
2016-11-07,31.118938446044922
2016-11-08,31.29535484313965
2016-11-09,31.517953872680664
2016-11-10,31.501157760620117
2016-11-11,31.324750900268555
2016-11-14,31.156749725341797
2016-11-15,31.425556182861328
2016-11-16,31.299551010131836
2016-11-17,31.404563903808594
2016-11-18,31.194547653198242
2016-11-21,31.446556091308594
2016-11-22,31.52215576171875
2016-11-23,31.41295051574707
2016-11-25,31.55995750427246
2016-11-28,31.41295051574707
2016-11-29,31.49275779724121
2016-11-30,31.442352294921875
2016-12-01,31.408756256103516
2016-12-02,31.425556182861328
2016-12-05,31.673358917236328
2016-12-06,31.858171463012695
2016-12-07,32.307586669921875
2016-12-08,32.31598663330078
2016-12-09,32.584808349609375
2016-12-12,32.59739685058594
2016-12-13,32.91241455078125
2016-12-14,32.61839294433594
2016-12-15,32.66879653930664
2016-12-16,32.67720031738281
2016-12-19,32.71500015258789
2016-12-20,32.828407287597656
2016-12-21,32.77800750732422
2016-12-22,32.73001480102539
2016-12-23,32.751243591308594
2016-12-27,32.76823806762695
2016-12-28,32.58985137939453
2016-12-29,32.636566162109375
2016-12-30,32.58559799194336
2017-01-03,32.85317611694336
2017-01-04,32.99334716796875
2017-01-05,33.12076187133789
2017-01-06,33.15048599243164
2017-01-09,33.048561096191406
2017-01-10,32.967864990234375
2017-01-11,33.10801315307617
2017-01-12,33.074039459228516
2017-01-13,33.1462516784668
2017-01-17,33.04006576538086
2017-01-18,33.0018424987793
2017-01-19,32.84044647216797
2017-01-20,32.95511245727539
2017-01-23,32.95511245727539
2017-01-24,33.16748046875
2017-01-25,33.503028869628906
2017-01-26,33.39259719848633
2017-01-27,33.32463455200195
2017-01-30,33.07830047607422
2017-01-31,33.02732849121094
2017-02-01,33.12925338745117
2017-02-02,33.188724517822266
2017-02-03,33.405338287353516
2017-02-06,33.307640075683594
2017-02-07,33.29490280151367
2017-02-08,33.28640365600586
2017-02-09,33.46904754638672
2017-02-10,33.52425765991211
2017-02-13,33.70690155029297
2017-02-14,33.821571350097656
2017-02-15,34.00846481323242
2017-02-16,34.04669189453125
2017-02-17,33.978729248046875
2017-02-21,34.16562271118164
2017-02-22,34.152870178222656
2017-02-23,34.22932052612305
2017-02-24,34.110389709472656
2017-02-27,34.131629943847656
2017-02-28,34.10190200805664
2017-03-01,34.577606201171875
2017-03-02,34.37372970581055
2017-03-03,34.52239227294922
2017-03-06,34.386470794677734
2017-03-07,34.30152893066406
2017-03-08,34.216583251953125
2017-03-09,34.343997955322266
2017-03-10,34.54362106323242
2017-03-13,34.56062316894531
2017-03-14,34.39496994018555
2017-03-15,34.76023864746094
2017-03-16,34.874916076660156
2017-03-17,34.883419036865234
2017-03-20,34.80695343017578
2017-03-21,34.51814270019531
2017-03-22,34.577606201171875
2017-03-23,34.54362106323242
2017-03-24,34.484161376953125
2017-03-27,34.5945930480957
2017-03-28,34.78572082519531
2017-03-29,34.815452575683594
2017-03-30,34.83244705200195
2017-03-31,34.717769622802734
2017-04-03,34.675296783447266
2017-04-04,34.78147506713867
2017-04-05,34.577606201171875
2017-04-06,34.607337951660156
2017-04-07,34.54362106323242
2017-04-10,34.526634216308594
2017-04-11,34.53938674926758
2017-04-12,34.49691390991211
2017-04-13,34.284542083740234
2017-04-17,34.467166900634766
2017-04-18,34.33549499511719
2017-04-19,34.16562271118164
2017-04-20,34.403465270996094
2017-04-21,34.36099624633789
2017-04-24,35.0448112487793
2017-04-25,35.367610931396484
2017-04-26,35.26142883300781
2017-04-27,35.248680114746094
2017-04-28,35.231689453125
2017-05-01,35.35062026977539
2017-05-02,35.45256042480469
2017-05-03,35.50776672363281
2017-05-04,35.65642547607422
2017-05-05,35.83906555175781
2017-05-08,35.847557067871094
2017-05-09,35.78809356689453
2017-05-10,35.826324462890625
2017-05-11,35.834808349609375
2017-05-12,35.94099807739258
2017-05-15,36.14912033081055
2017-05-16,36.33175277709961
2017-05-17,35.732879638671875
2017-05-18,35.80933380126953
2017-05-19,36.115142822265625
2017-05-22,36.217071533203125
2017-05-23,36.29777526855469
2017-05-24,36.34025573730469
2017-05-25,36.42945098876953
2017-05-26,36.39121627807617
2017-05-30,36.31901168823242
2017-05-31,36.302024841308594
2017-06-01,36.48466110229492
2017-06-02,36.73524475097656
2017-06-05,36.714012145996094
2017-06-06,36.66730499267578
2017-06-07,36.658790588378906
2017-06-08,36.595088958740234
2017-06-09,36.522884368896484
2017-06-12,36.344505310058594
2017-06-13,36.573856353759766
2017-06-14,36.43369674682617
2017-06-15,36.302024841308594
2017-06-16,36.38697814941406
2017-06-19,36.697017669677734
2017-06-20,36.455631256103516
2017-06-21,36.39958953857422
2017-06-22,36.44700241088867
2017-06-23,36.48149490356445
2017-06-26,36.52891540527344
2017-06-27,36.40821075439453
2017-06-28,36.615116119384766
2017-06-29,36.3392333984375
2017-06-30,36.30906295776367
2017-07-03,36.39958953857422
2017-07-05,36.48149490356445
2017-07-06,36.19698715209961
2017-07-07,36.3651008605957
2017-07-10,36.40389633178711
2017-07-11,36.45131301879883
2017-07-12,36.709964752197266
2017-07-13,36.78755569458008
2017-07-14,36.96428680419922
2017-07-17,36.90825653076172
2017-07-18,36.96428680419922
2017-07-19,37.046199798583984
2017-07-20,37.166893005371094
2017-07-21,36.977230072021484
2017-07-24,36.98153305053711
2017-07-25,37.0677490234375
2017-07-26,37.09791946411133
2017-07-27,36.92548751831055
2017-07-28,36.951358795166016
2017-07-31,37.046199798583984
2017-08-01,37.16257858276367
2017-08-02,37.30052185058594
2017-08-03,37.218624114990234
2017-08-04,37.33932113647461
2017-08-07,37.40829086303711
2017-08-08,37.33069610595703
2017-08-09,37.270347595214844
2017-08-10,36.744441986083984
2017-08-11,36.744441986083984
2017-08-14,37.0677490234375
2017-08-15,37.10654830932617
2017-08-16,37.166893005371094
2017-08-17,36.67546844482422
2017-08-18,36.697025299072266
2017-08-21,36.6539192199707
2017-08-22,36.977230072021484
2017-08-23,36.94273376464844
2017-08-24,36.89531707763672
2017-08-25,36.98153305053711
2017-08-28,37.016021728515625
2017-08-29,37.02894592285156
2017-08-30,37.01170349121094
2017-08-31,37.26603698730469
2017-09-01,37.352256774902344
2017-09-05,37.033260345458984
2017-09-06,37.26603698730469
2017-09-07,37.36518859863281
2017-09-08,37.26603698730469
2017-09-11,37.671241760253906
2017-09-12,37.804874420166016
2017-09-13,37.76607894897461
2017-09-14,37.822120666503906
2017-09-15,37.804874420166016
2017-09-18,37.94282150268555
2017-09-19,38.041969299316406
2017-09-20,38.02471923828125
2017-09-21,37.92988586425781
2017-09-22,37.891090393066406
2017-09-25,37.779014587402344
2017-09-26,37.701419830322266
2017-09-27,37.79194641113281
2017-09-28,37.860931396484375
2017-09-29,38.03334426879883
2017-10-02,38.085079193115234
2017-10-03,38.24025344848633
2017-10-04,38.15404510498047
2017-10-05,38.40837860107422
2017-10-06,38.3868293762207
2017-10-09,38.39975357055664
2017-10-10,38.58081817626953
2017-10-11,38.71443557739258
2017-10-12,38.684261322021484
2017-10-13,38.75754928588867
2017-10-16,38.88255310058594
2017-10-17,38.83945083618164
2017-10-18,38.89118576049805
2017-10-19,38.770477294921875
2017-10-20,38.83513641357422
2017-10-23,38.688568115234375
2017-10-24,38.74031066894531
2017-10-25,38.59804153442383
2017-10-26,38.71012496948242
2017-10-27,39.03773880004883
2017-10-30,39.12826156616211
2017-10-31,39.257591247558594
2017-11-01,39.32224655151367
2017-11-02,39.44294738769531
2017-11-03,39.50761413574219
2017-11-06,39.615379333496094
2017-11-07,39.4472541809082
2017-11-08,39.6541748046875
2017-11-09,39.4084587097168
2017-11-10,39.3524169921875
2017-11-13,39.231719970703125
2017-11-14,39.24465560913086
2017-11-15,38.98170852661133
2017-11-16,39.279136657714844
2017-11-17,39.11533737182617
2017-11-20,39.111026763916016
2017-11-21,39.38691711425781
2017-11-22,39.4774284362793
2017-11-24,39.77487564086914
2017-11-27,39.5981330871582
2017-11-28,39.90419006347656
2017-11-29,39.71452331542969
2017-11-30,39.90419006347656
2017-12-01,39.82659912109375
2017-12-04,39.68003463745117
2017-12-05,39.58950424194336
2017-12-06,39.559329986572266
2017-12-07,39.624000549316406
2017-12-08,39.8050422668457
2017-12-11,39.96453094482422
2017-12-12,40.067996978759766
2017-12-13,40.14990234375
2017-12-14,40.01627731323242
2017-12-15,40.214569091796875
2017-12-18,40.48613357543945
2017-12-19,40.42578887939453
2017-12-20,40.30939865112305
2017-12-21,40.45851516723633
2017-12-22,40.34982681274414
2017-12-26,40.26287841796875
2017-12-27,40.25418472290039
2017-12-28,40.345481872558594
2017-12-29,40.26287841796875
2018-01-02,40.593292236328125
2018-01-03,40.73676300048828
2018-01-04,41.08892059326172
2018-01-05,41.336734771728516
2018-01-08,41.38454818725586
2018-01-09,41.41498947143555
2018-01-10,41.34107971191406
2018-01-11,41.584529876708984
2018-01-12,41.9410400390625
2018-01-16,41.93234634399414
2018-01-17,42.21493148803711
2018-01-18,42.10190963745117
2018-01-19,42.23667526245117
2018-01-22,42.536659240722656
2018-01-23,42.64970779418945
2018-01-24,42.61056900024414
2018-01-25,42.627960205078125
2018-01-26,43.001853942871094
2018-01-29,42.7670783996582
2018-01-30,42.33232498168945
2018-01-31,42.323631286621094
2018-02-01,42.28449249267578
2018-02-02,41.2193489074707
2018-02-05,39.65856170654297
2018-02-06,40.4715690612793
2018-02-07,39.96723937988281
2018-02-08,38.706443786621094
2018-02-09,39.145545959472656
2018-02-12,39.79335021972656
2018-02-13,39.87159729003906
2018-02-14,40.45851516723633
2018-02-15,40.85415267944336
2018-02-16,40.8889274597168
2018-02-20,40.541133880615234
2018-02-21,40.306358337402344
2018-02-22,40.52372741699219
2018-02-23,41.08892059326172
2018-02-26,41.514976501464844
2018-02-27,41.1280517578125
2018-02-28,40.53242874145508
2018-03-01,39.915069580078125
2018-03-02,40.12809753417969
2018-03-05,40.4280891418457
2018-03-06,40.58024597167969
2018-03-07,40.53242874145508
2018-03-08,40.715023040771484
2018-03-09,41.31063461303711
2018-03-12,41.419334411621094
2018-03-13,41.0019645690918
2018-03-14,40.84980773925781
2018-03-15,40.90196990966797
2018-03-16,40.928062438964844
2018-03-19,40.37591552734375
2018-03-20,40.46286392211914
2018-03-21,40.423736572265625
2018-03-22,39.489009857177734
2018-03-23,38.74557876586914
2018-03-26,39.82377243041992
2018-03-27,39.19336700439453
2018-03-28,39.31510925292969
2018-03-29,39.675960540771484
2018-04-02,38.83252716064453
2018-04-03,39.26728057861328
2018-04-04,39.70203399658203
2018-04-05,40.019412994384766
2018-04-06,39.32815170288086
2018-04-09,39.61508560180664
2018-04-10,40.24983596801758
2018-04-11,40.04115295410156
2018-04-12,40.441131591796875
2018-04-13,40.362884521484375
2018-04-16,40.593292236328125
2018-04-17,40.932411193847656
2018-04-18,40.94544982910156
2018-04-19,40.73676300048828
2018-04-20,40.3367805480957
2018-04-23,40.37156677246094
2018-04-24,39.84115982055664
2018-04-25,39.749874114990234
2018-04-26,40.167232513427734
2018-04-27,40.26722717285156
2018-04-30,40.0889778137207
2018-05-01,40.10201644897461
2018-05-02,39.91941833496094
2018-05-03,39.945499420166016
2018-05-04,40.362884521484375
2018-05-07,40.510684967041016
2018-05-08,40.43244171142578
2018-05-09,40.91936111450195
2018-05-10,41.22369384765625
2018-05-11,41.26716613769531
2018-05-14,41.301944732666016
2018-05-15,40.971534729003906
2018-05-16,41.101959228515625
2018-05-17,41.101959228515625
2018-05-18,40.928062438964844
2018-05-21,41.18021774291992
2018-05-22,41.11935043334961
2018-05-23,41.075870513916016
2018-05-24,40.81501388549805
2018-05-25,40.693294525146484
2018-05-29,40.00636672973633
2018-05-30,40.57155227661133
2018-05-31,40.38026428222656
2018-06-01,40.841102600097656
2018-06-04,41.04110336303711
2018-06-05,41.08456802368164
2018-06-06,41.37150955200195
2018-06-07,41.2845573425293
2018-06-08,41.301944732666016
2018-06-11,41.51063537597656
2018-06-12,41.336734771728516
2018-06-13,41.31063461303711
2018-06-14,41.328033447265625
2018-06-15,41.075870513916016
2018-06-18,40.91936111450195
2018-06-19,40.75008773803711
2018-06-20,40.802982330322266
2018-06-21,40.44150161743164
2018-06-22,40.6883659362793
2018-06-25,40.10647964477539
2018-06-26,40.300437927246094
2018-06-27,39.97422790527344
2018-06-28,40.273990631103516
2018-06-29,40.42387390136719
2018-07-02,40.40623474121094
2018-07-03,40.32688903808594
2018-07-05,40.653106689453125
2018-07-06,40.979312896728516
2018-07-09,41.27907943725586
2018-07-10,41.47304153442383
2018-07-11,40.94404983520508
2018-07-12,41.37605667114258
2018-07-13,41.52593231201172
2018-07-16,41.45540237426758
2018-07-17,41.64936828613281
2018-07-18,41.66699981689453
2018-07-19,41.51712417602539
2018-07-20,41.64936828613281
2018-07-23,41.605289459228516
2018-07-24,42.00203323364258
2018-07-25,42.31061553955078
2018-07-26,42.25770950317383
2018-07-27,42.09901809692383
2018-07-30,42.0196647644043
2018-07-31,42.1342887878418
2018-08-01,42.231258392333984
2018-08-02,42.231258392333984
2018-08-03,42.301795959472656
2018-08-06,42.381141662597656
2018-08-07,42.61919021606445
2018-08-08,42.6456413269043
2018-08-09,42.583927154541016
2018-08-10,42.01085662841797
2018-08-13,41.83452224731445
2018-08-14,41.966773986816406
2018-08-15,41.55239486694336
2018-08-16,41.790435791015625
2018-08-17,42.02848434448242
2018-08-20,42.0901985168457
2018-08-21,42.29298782348633
2018-08-22,42.38996505737305
2018-08-23,42.222442626953125
2018-08-24,42.45167922973633
2018-08-27,42.89250564575195
2018-08-28,42.848419189453125
2018-08-29,43.24517059326172
2018-08-30,43.007110595703125
2018-08-31,42.848419189453125
2018-09-04,42.592742919921875
2018-09-05,42.39877700805664
2018-09-06,42.151912689208984
2018-09-07,41.92268371582031
2018-09-10,42.03730392456055
2018-09-11,42.25770950317383
2018-09-12,42.301795959472656
2018-09-13,42.61919021606445
2018-09-14,42.5662956237793
2018-09-17,42.41640853881836
2018-09-18,42.62800979614258
2018-09-19,42.76026153564453
2018-09-20,43.306884765625
2018-09-21,43.218711853027344
2018-09-24,43.130550384521484
2018-09-25,43.236358642578125
2018-09-26,43.10409927368164
2018-09-27,43.2716178894043
2018-09-28,43.033573150634766
2018-10-01,43.306884765625
2018-10-02,43.25398635864258
2018-10-03,43.25398635864258
2018-10-04,42.848419189453125
2018-10-05,42.6456413269043
2018-10-08,42.495758056640625
2018-10-09,42.61919021606445
2018-10-10,41.428958892822266
2018-10-11,40.600196838378906
2018-10-12,41.049842834472656
2018-10-15,40.802982330322266
2018-10-16,41.57883071899414
2018-10-17,41.50830841064453
2018-10-18,40.908782958984375
2018-10-19,41.17327117919922
2018-10-22,41.138004302978516
2018-10-23,40.89114761352539
2018-10-24,39.586299896240234
2018-10-25,40.467952728271484
2018-10-26,39.815528869628906
2018-10-29,39.462867736816406
2018-10-30,39.9830436706543
2018-10-31,40.52967071533203
2018-11-01,40.93523406982422
2018-11-02,40.556121826171875
2018-11-05,40.714820861816406
2018-11-06,40.961673736572266
2018-11-07,41.887413024902344
2018-11-08,41.68463897705078
2018-11-09,41.37605667114258
2018-11-12,40.432682037353516
2018-11-13,40.52085494995117
2018-11-14,40.26517868041992
2018-11-15,40.66191101074219
2018-11-16,40.75890350341797
2018-11-19,40.22991180419922
2018-11-20,39.498138427734375
2018-11-21,39.69209671020508
2018-11-23,39.20718002319336
2018-11-26,39.859619140625
2018-11-27,39.87724685668945
2018-11-28,40.77653884887695
2018-11-29,40.697181701660156
2018-11-30,40.78534698486328
2018-12-03,41.37605667114258
2018-12-04,40.168182373046875
2018-12-06,39.95658874511719
2018-12-07,39.20718002319336
2018-12-10,39.26008224487305
2018-12-11,39.2689094543457
2018-12-12,39.60392761230469
2018-12-13,39.68327713012695
2018-12-14,38.84571838378906
2018-12-17,38.18447494506836
2018-12-18,38.28242492675781
2018-12-19,37.774837493896484
2018-12-20,37.374122619628906
2018-12-21,36.71514129638672
2018-12-24,35.984947204589844
2018-12-26,37.36521911621094
2018-12-27,37.48988723754883
2018-12-28,37.60564422607422
2018-12-31,37.75703048706055
2019-01-02,37.93513107299805
2019-01-03,36.99119567871094
2019-01-04,38.335853576660156
2019-01-07,38.451622009277344
2019-01-08,38.67424392700195
2019-01-09,38.84343338012695
2019-01-10,38.923580169677734
2019-01-11,38.80781173706055
2019-01-14,38.5584716796875
2019-01-15,38.959197998046875
2019-01-16,38.99481964111328
2019-01-17,39.181827545166016
2019-01-18,39.64487838745117
2019-01-22,38.98591613769531
2019-01-23,39.19072341918945
2019-01-24,39.17292404174805
2019-01-25,39.4667854309082
2019-01-28,39.19072341918945
2019-01-29,39.19963455200195
2019-01-30,39.885318756103516
2019-01-31,40.17918014526367
2019-02-01,40.00998306274414
2019-02-04,40.27713394165039
2019-02-05,40.63333511352539
2019-02-06,40.455230712890625
2019-02-07,39.99216842651367
2019-02-08,39.9565544128418
2019-02-11,39.90312957763672
2019-02-12,40.455230712890625
2019-02-13,40.46413803100586
2019-02-14,40.383995056152344
2019-02-15,40.82923889160156
2019-02-19,40.96281433105469
2019-02-20,41.069671630859375
2019-02-21,41.0429573059082
2019-02-22,41.25667953491211
2019-02-25,41.416969299316406
2019-02-26,41.51491928100586
2019-02-27,41.416969299316406
2019-02-28,41.33683395385742
2019-03-01,41.59507369995117
2019-03-04,41.61288070678711
2019-03-05,41.63068771362305
2019-03-06,41.40806579589844
2019-03-07,41.025150299072266
2019-03-08,40.96281433105469
2019-03-11,41.56835174560547
2019-03-12,41.684120178222656
2019-03-13,42.00468826293945
2019-03-14,42.02250671386719
2019-03-15,42.32527160644531
2019-03-18,42.55680847167969
2019-03-19,42.59242248535156
2019-03-20,42.610233306884766
2019-03-21,42.95752716064453
2019-03-22,42.09374237060547
2019-03-25,42.02250671386719
2019-03-26,42.24512481689453
2019-03-27,42.156070709228516
2019-03-28,42.156070709228516
2019-03-29,42.34307861328125
2019-04-01,42.85957336425781
2019-04-02,42.93081283569336
2019-04-03,43.108917236328125
2019-04-04,43.135623931884766
2019-04-05,43.26920700073242
2019-04-08,43.420589447021484
2019-04-09,43.180152893066406
2019-04-10,43.21576690673828
2019-04-11,43.22467041015625
2019-04-12,43.40277862548828
2019-04-15,43.45620346069336
2019-04-16,43.51853942871094
2019-04-17,43.678836822509766
2019-04-18,43.69663619995117
2019-04-22,43.74116897583008
2019-04-23,43.990501403808594
2019-04-24,43.75007247924805
2019-04-25,43.75897216796875
2019-04-26,43.86582946777344
2019-04-29,43.98159408569336
2019-04-30,44.03502655029297
2019-05-01,43.72334671020508
2019-05-02,43.616485595703125
2019-05-03,44.09735870361328
2019-05-06,43.856929779052734
2019-05-07,43.07328414916992
2019-05-08,43.06438064575195
2019-05-09,42.80613708496094
2019-05-10,42.93081283569336
2019-05-13,41.93345642089844
2019-05-14,42.227317810058594
2019-05-15,42.583518981933594
2019-05-16,43.055477142333984
2019-05-17,42.7705192565918
2019-05-20,42.48556137084961
2019-05-21,42.67256164550781
2019-05-22,42.65475082397461
2019-05-23,42.17388916015625
2019-05-24,42.316368103027344
2019-05-28,41.95126724243164
2019-05-29,41.67521286010742
2019-05-30,41.782066345214844
2019-05-31,41.31901550292969
2019-06-03,41.23886489868164
2019-06-04,41.942359924316406
2019-06-05,42.10265350341797
2019-06-06,42.47665786743164
2019-06-07,43.02876281738281
2019-06-10,43.313720703125
2019-06-11,43.40277862548828
2019-06-12,43.26920700073242
2019-06-13,43.34043884277344
2019-06-14,43.19796371459961
2019-06-17,43.25301742553711
2019-06-18,43.80360794067383
2019-06-19,43.9660758972168
2019-06-20,44.2819938659668
2019-06-21,44.254913330078125
2019-06-24,44.327117919921875
2019-06-25,43.89386749267578
2019-06-26,43.92997741699219
2019-06-27,44.0112190246582
2019-06-28,44.08341979980469
2019-07-01,44.4354362487793
2019-07-02,44.6249885559082
2019-07-03,44.85966110229492
2019-07-05,44.688167572021484
2019-07-08,44.4625129699707
2019-07-09,44.49862289428711
2019-07-10,44.7423210144043
2019-07-11,44.64303970336914
2019-07-12,44.724273681640625
2019-07-15,44.7423210144043
2019-07-16,44.57985305786133
2019-07-17,44.36323165893555
2019-07-18,44.615962982177734
2019-07-19,44.408355712890625
2019-07-22,44.64303970336914
2019-07-23,44.95895004272461
2019-07-24,44.88673782348633
2019-07-25,44.652061462402344
2019-07-26,45.00407409667969
2019-07-29,45.03116226196289
2019-07-30,44.73329162597656
2019-07-31,44.23686218261719
2019-08-01,43.92095184326172
2019-08-02,43.47867202758789
2019-08-05,42.2781982421875
2019-08-06,42.72047805786133
2019-08-07,42.81976318359375
2019-08-08,43.46061706542969
2019-08-09,43.17178726196289
2019-08-12,42.80171203613281
2019-08-13,43.451595306396484
2019-08-14,42.24209976196289
2019-08-15,42.2691764831543
2019-08-16,42.86490249633789
2019-08-19,43.30717468261719
2019-08-20,42.99126434326172
2019-08-21,43.31620407104492
2019-08-22,43.22593688964844
2019-08-23,42.23307800292969
2019-08-26,42.63021469116211
2019-08-27,42.5941162109375
2019-08-28,42.78366470336914
2019-08-29,43.2169189453125
2019-08-30,43.298152923583984
2019-09-03,43.126651763916016
2019-09-04,43.686275482177734
2019-09-05,44.08341979980469
2019-09-06,44.137577056884766
2019-09-09,44.22783660888672
2019-09-10,44.2819938659668
2019-09-11,44.561805725097656
2019-09-12,44.796478271484375
2019-09-13,44.796478271484375
2019-09-16,44.51667022705078
2019-09-17,44.66108703613281
2019-09-18,44.70621871948242
2019-09-19,44.78744888305664
2019-09-20,44.67011260986328
2019-09-23,44.67011260986328
2019-09-24,44.29102325439453
2019-09-25,44.54374313354492
2019-09-26,44.51667022705078
2019-09-27,44.417381286621094
2019-09-30,44.634010314941406
2019-10-01,44.20075607299805
2019-10-02,43.27106857299805
2019-10-03,43.57796096801758
2019-10-04,44.15562438964844
2019-10-07,44.04731369018555
2019-10-08,43.442569732666016
2019-10-09,43.794586181640625
2019-10-10,44.12854766845703
2019-10-11,44.70621871948242
2019-10-14,44.615962982177734
2019-10-15,45.00407409667969
2019-10-16,44.99505615234375
2019-10-17,45.12141799926758
2019-10-18,44.96797561645508
2019-10-21,45.31096267700195
2019-10-22,45.139469146728516
2019-10-23,45.42830276489258
2019-10-24,45.53662109375
2019-10-25,45.73519515991211
2019-10-28,45.97888946533203
2019-10-29,45.83448028564453
2019-10-30,46.06916046142578
2019-10-31,45.96084213256836
2019-11-01,46.394100189208984
2019-11-04,46.63780212402344
2019-11-05,46.664878845214844
2019-11-06,46.710018157958984
2019-11-07,46.854427337646484
2019-11-08,46.89052963256836
2019-11-11,46.809295654296875
2019-11-12,46.84540557861328
2019-11-13,46.854427337646484
2019-11-14,46.77318572998047
2019-11-15,47.08008575439453
2019-11-18,47.089107513427734
2019-11-19,47.02591323852539
2019-11-20,46.809295654296875
2019-11-21,46.737083435058594
2019-11-22,46.87247848510742
2019-11-25,47.242549896240234
2019-11-26,47.314762115478516
2019-11-27,47.48625564575195
2019-11-29,47.242549896240234
2019-12-02,46.91761016845703
2019-12-03,46.55657958984375
2019-12-04,47.02591323852539
2019-12-05,47.04397964477539
2019-12-06,47.47722625732422
2019-12-09,47.33280944824219
2019-12-10,47.41404724121094
2019-12-11,47.540409088134766
2019-12-12,47.98268508911133
2019-12-13,48.10905456542969
2019-12-16,48.52404022216797
2019-12-17,48.50584030151367
2019-12-18,48.46943664550781
2019-12-19,48.587745666503906
2019-12-20,48.77886199951172
2019-12-23,48.83346176147461
2019-12-24,48.81525421142578
2019-12-26,49.188377380371094
2019-12-27,49.32489013671875
2019-12-30,48.96086120605469
2019-12-31,49.08827209472656
2020-01-02,49.76171112060547
2020-01-03,49.32489013671875
2020-01-06,49.58879852294922
2020-01-07,49.30668258666992
2020-01-08,49.48870086669922
2020-01-09,49.91642379760742
2020-01-10,49.74351501464844
2020-01-13,50.04383087158203
2020-01-14,49.889122009277344
2020-01-15,49.989227294921875
2020-01-16,50.35325622558594
2020-01-17,50.59896469116211
2020-01-21,50.47154998779297
2020-01-22,50.49885177612305
2020-01-23,50.4078483581543
2020-01-24,50.071128845214844
2020-01-27,49.17927932739258
2020-01-28,49.73441696166992
2020-01-29,49.83451843261719
2020-01-30,49.98012924194336
2020-01-31,49.27028274536133
2020-02-03,49.58879852294922
2020-02-04,50.335052490234375
2020-02-05,50.7536735534668
2020-02-06,51.090389251708984
2020-02-07,50.79006576538086
2020-02-10,51.2451057434082
2020-02-11,51.23600387573242
2020-02-12,51.54541015625
2020-02-13,51.2451057434082
2020-02-14,51.2451057434082
2020-02-18,51.008480072021484
2020-02-19,51.254207611083984
2020-02-20,50.90837860107422
2020-02-21,50.31685256958008
2020-02-24,48.39663314819336
2020-02-25,47.213565826416016
2020-02-26,47.31367111206055
2020-02-27,45.29335403442383
2020-02-28,45.06583786010742
2020-03-02,47.02245330810547
2020-03-03,45.884883880615234
2020-03-04,47.74139404296875
2020-03-05,46.36721420288086
2020-03-06,45.47536087036133
2020-03-09,42.035362243652344
2020-03-10,44.09208297729492
2020-03-11,42.06266403198242
2020-03-12,37.940120697021484
2020-03-13,41.1981086730957
2020-03-16,36.74794387817383
2020-03-17,39.08678436279297
2020-03-18,37.257572174072266
2020-03-19,37.42138671875
2020-03-20,36.06541442871094
2020-03-23,35.346466064453125
2020-03-24,38.50435256958008
2020-03-25,38.9229850769043
2020-03-26,40.94329833984375
2020-03-27,39.660118103027344
2020-03-30,41.161712646484375
2020-03-31,40.642982482910156
2020-04-01,39.04128646850586
2020-04-02,40.08784866333008
2020-04-03,39.56001663208008
2020-04-06,41.88975143432617
2020-04-07,41.71683883666992
2020-04-08,42.58140182495117
2020-04-09,42.99091720581055
2020-04-13,42.91810607910156
2020-04-14,44.301395416259766
2020-04-15,43.382240295410156
2020-04-16,43.718963623046875
2020-04-17,44.61990737915039
2020-04-20,44.04658126831055
2020-04-21,42.86350631713867
2020-04-22,43.755367279052734
2020-04-23,43.73716354370117
2020-04-24,44.24678421020508
2020-04-27,44.656314849853516
2020-04-28,44.33779525756836
2020-04-29,45.42075729370117
2020-04-30,45.147743225097656
2020-05-01,44.010169982910156
2020-05-04,44.23768615722656
2020-05-05,44.510704040527344
2020-05-06,44.37420654296875
2020-05-07,44.6654167175293
2020-05-08,45.36615753173828
2020-05-11,45.5572624206543
2020-05-12,44.76551818847656
2020-05-13,44.183082580566406
2020-05-14,44.33779525756836
2020-05-15,44.428802490234375
2020-05-18,45.620975494384766
2020-05-19,45.229644775390625
2020-05-20,45.97589874267578
2020-05-21,45.5572624206543
2020-05-22,45.43895721435547
2020-05-26,45.91218948364258
2020-05-27,46.46731948852539
2020-05-28,46.46731948852539
2020-05-29,46.60383224487305
2020-06-01,46.91324234008789
2020-06-02,47.27726745605469
2020-06-03,48.05990982055664
2020-06-04,47.795997619628906
2020-06-05,48.842559814453125
2020-06-08,49.4158935546875
2020-06-09,49.28849411010742
2020-06-10,49.48870086669922
2020-06-11,46.858646392822266
2020-06-12,47.340972900390625
2020-06-15,47.59553527832031
2020-06-16,48.43184280395508
2020-06-17,48.514549255371094
2020-06-18,48.422645568847656
2020-06-19,48.20207977294922
2020-06-22,48.70753860473633
2020-06-23,49.09352493286133
2020-06-24,47.98152542114258
2020-06-25,48.56049728393555
2020-06-26,47.40253829956055
2020-06-29,47.97233200073242
2020-06-30,48.50535202026367
2020-07-01,48.735107421875
2020-07-02,49.09352493286133
2020-07-06,50.076866149902344
2020-07-07,49.48870086669922
2020-07-08,50.076866149902344
2020-07-09,49.837921142578125
2020-07-10,50.34337615966797
2020-07-13,49.92982482910156
2020-07-14,50.5731315612793
2020-07-15,50.80288314819336
2020-07-16,50.59151077270508
2020-07-17,50.59151077270508
2020-07-20,51.36347579956055
2020-07-21,51.289955139160156
2020-07-22,51.42780685424805
2020-07-23,50.462852478027344
2020-07-24,50.012535095214844
2020-07-27,50.563941955566406
2020-07-28,50.26066589355469
2020-07-29,50.701786041259766
2020-07-30,50.435279846191406
2020-07-31,50.683414459228516
2020-08-03,51.39104461669922
2020-08-04,51.519710540771484
2020-08-05,51.81379318237305
2020-08-06,52.19977569580078
2020-08-07,51.85974884033203
2020-08-10,52.10787582397461
2020-08-11,51.67594528198242
2020-08-12,52.77875900268555
2020-08-13,52.705230712890625
2020-08-14,52.52143478393555
2020-08-17,52.686859130859375
2020-08-18,53.05445861816406
2020-08-19,52.76956558227539
2020-08-20,53.11878967285156
2020-08-21,53.32096862792969
2020-08-24,53.872371673583984
2020-08-25,53.973472595214844
2020-08-26,54.460540771484375
2020-08-27,54.40540313720703
2020-08-28,54.708675384521484
2020-08-31,54.61677169799805
2020-09-01,55.057899475097656
2020-09-02,55.692020416259766
2020-09-03,53.57829666137695
2020-09-04,53.39448928833008
2020-09-08,51.78622055053711
2020-09-09,53.05445861816406
2020-09-10,52.080299377441406
2020-09-11,52.15382385253906
2020-09-14,52.49386215209961
2020-09-15,52.742000579833984
2020-09-16,52.356014251708984
2020-09-17,51.9608268737793
2020-09-18,51.28076934814453
2020-09-21,50.720176696777344
2020-09-22,51.26238250732422
2020-09-23,50.11361312866211
2020-09-24,50.297428131103516
2020-09-25,50.940738677978516
2020-09-28,51.740272521972656
2020-09-29,51.45538330078125
2020-09-30,51.740272521972656
2020-10-01,52.00678634643555
2020-10-02,51.35429000854492
2020-10-05,52.254920959472656
2020-10-06,51.381858825683594
2020-10-07,52.12626266479492
2020-10-08,52.49386215209961
2020-10-09,53.10960006713867
2020-10-12,54.322696685791016
2020-10-13,53.82643127441406
2020-10-14,53.49557876586914
2020-10-15,53.17393112182617
2020-10-16,53.15555191040039
2020-10-19,52.457096099853516
2020-10-20,52.705230712890625
2020-10-21,52.46628952026367
2020-10-22,52.705230712890625
2020-10-23,52.78794860839844
2020-10-26,52.13544845581055
2020-10-27,52.061927795410156
2020-10-28,50.12281799316406
2020-10-29,50.64665222167969
2020-10-30,50.13200378417969
2020-11-02,50.5088005065918
2020-11-03,51.519710540771484
2020-11-04,52.77875900268555
2020-11-05,53.76209259033203
2020-11-06,53.725337982177734
2020-11-09,54.28593063354492
2020-11-10,54.322696685791016
2020-11-11,55.03033447265625
2020-11-12,54.4697380065918
2020-11-13,55.122230529785156
2020-11-16,55.72877502441406
2020-11-17,55.52659606933594
2020-11-18,54.93843078613281
2020-11-19,55.21413040161133
2020-11-20,54.910858154296875
2020-11-23,54.993568420410156
2020-11-24,55.86663055419922
2020-11-25,55.894195556640625
2020-11-27,56.078006744384766
2020-11-30,55.67363739013672
2020-12-01,56.60184097290039
2020-12-02,56.859161376953125
2020-12-03,56.730499267578125
2020-12-04,57.22676467895508
2020-12-07,57.07053756713867
2020-12-08,57.29109191894531
2020-12-09,56.859161376953125
2020-12-10,56.93268585205078
2020-12-11,56.794830322265625
2020-12-14,56.501441955566406
2020-12-15,57.27886199951172
2020-12-16,57.510231018066406
2020-12-17,57.732357025146484
2020-12-18,57.436195373535156
2020-12-21,57.23257827758789
2020-12-22,57.241844177246094
2020-12-23,57.3991813659668
2020-12-24,57.630550384521484
2020-12-28,58.38019943237305
2020-12-29,58.435733795166016
2020-12-30,58.278404235839844
2020-12-31,58.222862243652344
2021-01-04,57.76936721801758
2021-01-05,58.222862243652344
2021-01-06,58.2136116027832
2021-01-07,58.981773376464844
2021-01-08,59.333465576171875
2021-01-11,58.85219955444336
2021-01-12,58.87070846557617
2021-01-13,59.018802642822266
2021-01-14,59.05581283569336
2021-01-15,58.31541061401367
2021-01-19,58.7596549987793
2021-01-20,59.823970794677734
2021-01-21,60.15714645385742
2021-01-22,59.96279525756836
2021-01-25,60.25895690917969
2021-01-26,60.471805572509766
2021-01-27,59.305702209472656
2021-01-28,59.537071228027344
2021-01-29,58.23211669921875
2021-02-01,59.18537902832031
2021-02-02,59.675907135009766
2021-02-03,60.05534362792969
2021-02-04,60.42554473876953
2021-02-05,60.74946594238281
2021-02-08,60.971580505371094
2021-02-09,60.971580505371094
2021-02-10,60.88829040527344
2021-02-11,60.897552490234375
2021-02-12,61.230735778808594
2021-02-16,61.37880325317383
2021-02-17,61.35103988647461
2021-02-18,60.99935531616211
2021-02-19,60.85127258300781
2021-02-22,60.35150146484375
2021-02-23,60.388519287109375
2021-02-24,60.7772331237793
2021-02-25,59.62961959838867
2021-02-26,59.231658935546875
2021-03-01,60.44404983520508
2021-03-02,60.184913635253906
2021-03-03,59.49079513549805
2021-03-04,58.95400619506836
2021-03-05,59.94428634643555
2021-03-08,59.38899230957031
2021-03-09,60.1201286315918
2021-03-10,60.44404983520508
2021-03-11,60.88829040527344
2021-03-12,60.84201431274414
2021-03-15,61.110408782958984
2021-03-16,61.277000427246094
2021-03-17,61.49910354614258
2021-03-18,60.61064147949219
2021-03-19,60.518089294433594
2021-03-22,60.962337493896484
2021-03-23,60.59213638305664
2021-03-24,60.29597854614258
2021-03-25,60.40703201293945
2021-03-26,61.09190368652344
2021-03-29,61.12890625
2021-03-30,60.897552490234375
2021-03-31,61.09190368652344
2021-04-01,61.711978912353516
2021-04-05,62.822574615478516
2021-04-06,62.60971450805664
2021-04-07,63.007694244384766
2021-04-08,63.34086227416992
2021-04-09,63.85913848876953
2021-04-12,63.590736389160156
2021-04-13,63.87765121459961
2021-04-14,63.59998321533203
2021-04-15,64.2293472290039
2021-04-16,64.5532455444336
2021-04-19,64.43293762207031
2021-04-20,63.83136749267578
2021-04-21,64.3496322631836
2021-04-22,63.72956466674805
2021-04-23,64.3126220703125
2021-04-26,64.43293762207031
2021-04-27,64.42367553710938
2021-04-28,64.48846435546875
2021-04-29,64.63653564453125
2021-04-30,64.0719985961914
2021-05-03,64.33114624023438
2021-05-04,63.590736389160156
2021-05-05,63.942420959472656
2021-05-06,64.52549743652344
2021-05-07,65.01599884033203
2021-05-10,64.43293762207031
2021-05-11,63.79433822631836
2021-05-12,62.77631378173828
2021-05-13,63.488929748535156
2021-05-14,64.4514389038086
2021-05-17,64.42367553710938
2021-05-18,64.02571868896484
2021-05-19,63.7110481262207
2021-05-20,64.42367553710938
2021-05-21,64.27559661865234
2021-05-24,64.92344665527344
2021-05-25,64.8309097290039
2021-05-26,64.89567565917969
2021-05-27,64.7291030883789
2021-05-28,64.76612091064453
2021-06-01,64.76612091064453
2021-06-02,64.9604721069336
2021-06-03,64.79387664794922
2021-06-04,65.41397094726562
2021-06-07,65.35843658447266
2021-06-08,65.46023559570312
2021-06-09,65.49724578857422
2021-06-10,65.81006622314453
2021-06-11,65.90343475341797
2021-06-14,66.15554809570312
2021-06-15,66.15554809570312
2021-06-16,65.86607360839844
2021-06-17,65.88475036621094
2021-06-18,64.89498138427734
2021-06-21,65.62332153320312
2021-06-22,65.93144989013672
2021-06-23,65.72602844238281
2021-06-24,66.02481842041016
2021-06-25,66.17422485351562
2021-06-28,66.24891662597656
2021-06-29,66.36097717285156
2021-06-30,66.28626251220703
2021-07-01,66.51971435546875
2021-07-02,67.19200134277344
2021-07-06,67.19200134277344
2021-07-07,67.60284423828125
2021-07-08,67.07994842529297
2021-07-09,67.72422790527344
2021-07-12,67.88297271728516
2021-07-13,67.79893493652344
2021-07-14,68.16307830810547
2021-07-15,67.81759643554688
2021-07-16,67.2667007446289
2021-07-19,66.02481842041016
2021-07-20,66.88385772705078
2021-07-21,67.45345306396484
2021-07-22,67.62150573730469
2021-07-23,68.30314636230469
2021-07-26,68.62061309814453
2021-07-27,68.18177032470703
2021-07-28,68.29381561279297
2021-07-29,68.57393646240234
2021-07-30,67.89229583740234
2021-08-02,67.92031860351562
2021-08-03,68.64862060546875
2021-08-04,68.26579284667969
2021-08-05,68.60194396972656
2021-08-06,68.51790618896484
2021-08-09,68.49923706054688
2021-08-10,68.60194396972656
2021-08-11,68.77935791015625
2021-08-12,69.05948638916016
2021-08-13,69.28358459472656
2021-08-16,69.42362976074219
2021-08-17,68.93809509277344
2021-08-18,68.09772491455078
2021-08-19,67.93899536132812
2021-08-20,68.42452239990234
2021-08-23,69.05948638916016
2021-08-24,69.18084716796875
2021-08-25,69.11550903320312
2021-08-26,68.74201202392578
2021-08-27,69.24623107910156
2021-08-30,69.74110412597656
2021-08-31,69.73176574707031
2021-09-01,69.84381866455078
2021-09-02,69.92784881591797
2021-09-03,70.021240234375
2021-09-07,69.91851043701172
2021-09-08,69.6477279663086
2021-09-09,69.19020080566406
2021-09-10,68.58326721191406
2021-09-13,68.9567642211914
2021-09-14,68.6953125
2021-09-15,69.2649154663086
2021-09-16,69.05014038085938
2021-09-17,68.2564697265625
2021-09-20,66.8932113647461
2021-09-21,67.17332458496094
2021-09-22,67.85494232177734
2021-09-23,68.59261322021484
2021-09-24,68.52725982666016
2021-09-27,68.34050750732422
2021-09-28,66.95855712890625
2021-09-29,67.0426025390625
2021-09-30,66.42633056640625
2021-10-01,67.14530944824219
2021-10-04,66.33295440673828
2021-10-05,66.97723388671875
2021-10-06,67.25736236572266
2021-10-07,67.75224304199219
2021-10-08,67.8642807006836
2021-10-11,67.51879119873047
2021-10-12,67.19200134277344
2021-10-13,67.43476104736328
2021-10-14,68.36851501464844
2021-10-15,68.94742584228516
2021-10-18,69.1061782836914
2021-10-19,69.48899841308594
2021-10-20,69.70375061035156
2021-10-21,69.68507385253906
2021-10-22,69.3209228515625
2021-10-25,69.29292297363281
2021-10-26,69.68507385253906
2021-10-27,69.94652557373047
2021-10-28,70.66551971435547
2021-10-29,70.62815856933594
2021-11-01,70.56280517578125
2021-11-02,70.94564819335938
2021-11-03,71.30978393554688
2021-11-04,71.4218521118164
2021-11-05,71.68328857421875
2021-11-08,71.68328857421875
2021-11-09,71.72063446044922
2021-11-10,70.99232482910156
2021-11-11,71.0296630859375
2021-11-12,71.57124328613281
2021-11-15,71.48719787597656
2021-11-16,71.57124328613281
2021-11-17,71.59925079345703
2021-11-18,72.0941390991211
2021-11-19,71.96340942382812
2021-11-22,71.69261932373047
2021-11-23,71.96340942382812
2021-11-24,71.87004089355469
2021-11-26,70.10527038574219
2021-11-29,70.81489562988281
2021-11-30,70.2173080444336
2021-12-01,69.93718719482422
2021-12-02,70.47877502441406
2021-12-03,70.0959243774414
2021-12-06,71.01099395751953
2021-12-07,72.32758331298828
2021-12-08,72.64505004882812
2021-12-09,72.30889129638672
2021-12-10,72.96251678466797
2021-12-13,72.36277770996094
2021-12-14,71.85517883300781
2021-12-15,73.01139068603516
2021-12-16,72.40037536621094
2021-12-17,71.62954711914062
2021-12-20,71.14075469970703
2021-12-21,72.07137298583984
2021-12-22,72.82340240478516
2021-12-23,73.13359832763672
2021-12-27,73.94202423095703
2021-12-28,73.87620544433594
2021-12-29,73.82920837402344
2021-12-30,73.60252380371094
2021-12-31,73.37677001953125
2022-01-03,73.9411392211914
2022-01-04,74.02581024169922
2022-01-05,72.86884307861328
2022-01-06,72.61488342285156
2022-01-07,72.85945129394531
2022-01-10,72.72775268554688
2022-01-11,73.44261932373047
2022-01-12,73.80005645751953
2022-01-13,72.7936019897461
2022-01-14,73.00054931640625
2022-01-18,71.76834869384766
2022-01-19,71.26981353759766
2022-01-20,70.61139678955078
2022-01-21,69.53910064697266
2022-01-24,69.34156799316406
2022-01-25,68.73018646240234
2022-01-26,68.89010620117188
2022-01-27,69.06880187988281
2022-01-28,70.4703140258789
2022-01-31,71.43913269042969
2022-02-01,71.9188461303711
2022-02-02,72.84063720703125
2022-02-03,71.32625579833984
2022-02-04,72.01290130615234
2022-02-07,71.80596923828125
2022-02-08,72.32330322265625
2022-02-09,73.00054931640625
2022-02-10,71.9188461303711
2022-02-11,70.72427368164062
2022-02-14,70.50792694091797
2022-02-15,71.35447692871094
2022-02-16,71.59903717041016
2022-02-17,70.24456787109375
2022-02-18,69.73664093017578
2022-02-22,69.03117370605469
2022-02-23,68.05294036865234
2022-02-24,68.3069076538086
2022-02-25,69.84950256347656
2022-02-28,69.2663345336914
2022-03-01,68.32571411132812
2022-03-02,69.32276153564453
2022-03-03,68.72077941894531
2022-03-04,67.54501342773438
2022-03-07,65.76726531982422
2022-03-08,65.56033325195312
2022-03-09,67.49799346923828
2022-03-10,67.0841064453125
2022-03-11,66.22816467285156
2022-03-14,65.78609466552734
2022-03-15,66.96184539794922
2022-03-16,68.52325439453125
2022-03-17,69.24752044677734
2022-03-18,70.02821350097656
2022-03-21,70.07525634765625
2022-03-22,70.97822570800781
2022-03-23,70.43267059326172
2022-03-24,71.29804229736328
2022-03-25,71.63667297363281
2022-03-28,72.00349426269531
2022-03-29,72.81243133544922
2022-03-30,72.5584487915039
2022-03-31,71.533203125
2022-04-01,71.8812026977539
2022-04-04,72.5396499633789
2022-04-05,71.64606475830078
2022-04-06,70.93119812011719
2022-04-07,71.08169555664062
2022-04-08,70.8277359008789
2022-04-11,69.59554290771484
2022-04-12,69.36980438232422
2022-04-13,70.30098724365234
2022-04-14,69.38860321044922
2022-04-18,69.34156799316406
2022-04-19,70.1505126953125
2022-04-20,70.32921600341797
2022-04-21,69.37919616699219
2022-04-22,67.74254608154297
2022-04-25,68.11878204345703
2022-04-26,66.19053649902344
2022-04-27,66.39746856689453
2022-04-28,68.04353332519531
2022-04-29,65.68260955810547
2022-05-02,65.91777038574219
2022-05-03,66.21876525878906
2022-05-04,67.95887756347656
2022-05-05,65.53211975097656
2022-05-06,65.3722152709961
2022-05-09,63.52861785888672
2022-05-10,63.87665557861328
2022-05-11,62.87018585205078
2022-05-12,62.49394989013672
2022-05-13,63.89546203613281
2022-05-16,63.89546203613281
2022-05-17,65.11824035644531
2022-05-18,62.729103088378906
2022-05-19,62.324642181396484
2022-05-20,62.456329345703125
2022-05-23,63.93306350708008
2022-05-24,63.61326599121094
2022-05-25,63.87665557861328
2022-05-26,64.84547424316406
2022-05-27,66.09647369384766
2022-05-31,66.15292358398438
2022-06-01,65.81430053710938
2022-06-02,66.81134033203125
2022-06-03,65.6920166015625
2022-06-06,65.8895492553711
2022-06-07,66.45391845703125
2022-06-08,65.79547119140625
2022-06-09,64.21647644042969
2022-06-10,62.323551177978516
2022-06-13,60.183326721191406
2022-06-14,59.97406005859375
2022-06-15,61.001365661621094
2022-06-16,59.4223518371582
2022-06-17,59.40332794189453
2022-06-21,60.934783935546875
2022-06-22,60.76356887817383
2022-06-23,61.20111846923828
2022-06-24,62.989402770996094
2022-06-27,62.71354675292969
2022-06-28,61.60063934326172
2022-06-29,61.714778900146484
2022-06-30,60.94429397583008
2022-07-01,61.457950592041016
2022-07-05,61.41038513183594
2022-07-06,61.667213439941406
2022-07-07,62.646968841552734
2022-07-08,62.58989715576172
2022-07-11,61.7813606262207
2022-07-12,61.25819396972656
2022-07-13,60.97282409667969
2022-07-14,60.69697952270508
2022-07-15,61.667213439941406
2022-07-18,61.23917007446289
2022-07-19,62.83720397949219
2022-07-20,62.884765625
2022-07-21,63.33184051513672
2022-07-22,62.70404052734375
2022-07-25,62.808677673339844
2022-07-26,62.09526443481445
2022-07-27,63.95012283325195
2022-07-28,64.55892181396484
2022-07-29,65.77645111083984
2022-08-01,65.61475372314453
2022-08-02,64.96793365478516
2022-08-03,66.05232238769531
2022-08-04,65.92865753173828
2022-08-05,65.88109588623047
2022-08-08,65.7669448852539
2022-08-09,65.72891235351562
2022-08-10,66.8989028930664
2022-08-11,66.77522277832031
2022-08-12,67.71694946289062
2022-08-15,67.72644805908203
2022-08-16,67.97377014160156
2022-08-17,67.6218032836914
2022-08-18,67.61231994628906
2022-08-19,66.82279968261719
2022-08-22,65.47207641601562
2022-08-23,65.47207641601562
2022-08-24,65.42450714111328
2022-08-25,66.28060913085938
2022-08-26,64.14988708496094
2022-08-29,63.826480865478516
2022-08-30,63.15110778808594
2022-08-31,62.57087707519531
2022-09-01,62.58037567138672
2022-09-02,61.97160720825195
2022-09-06,61.60063934326172
2022-09-07,62.39014434814453
2022-09-08,62.45672607421875
2022-09-09,63.65525817871094
2022-09-12,64.53036499023438
2022-09-13,61.857460021972656
2022-09-14,62.133304595947266
2022-09-15,61.35331726074219
2022-09-16,60.991859436035156
2022-09-19,61.429412841796875
2022-09-20,60.782588958740234
2022-09-21,59.7933235168457
2022-09-22,59.7838134765625
2022-09-23,58.43308639526367
2022-09-26,58.02406311035156
2022-09-27,57.77675247192383
2022-09-28,58.65187072753906
2022-09-29,57.62456130981445
2022-09-30,56.616268157958984
2022-10-03,58.033573150634766
2022-10-04,59.95503234863281
2022-10-05,59.745758056640625
2022-10-06,59.02284240722656
2022-10-07,57.59601974487305
2022-10-10,57.18699264526367
2022-10-11,56.81602096557617
2022-10-12,56.85407638549805
2022-10-13,58.299922943115234
2022-10-14,57.082359313964844
2022-10-17,58.670894622802734
2022-10-18,59.165531158447266
2022-10-19,58.76601791381836
2022-10-20,58.575775146484375
2022-10-21,59.91698455810547
2022-10-24,60.592342376708984
2022-10-25,61.37234115600586
2022-10-26,60.32600021362305
2022-10-27,59.679176330566406
2022-10-28,61.15355682373047
2022-10-31,60.649417877197266
2022-11-01,60.2784423828125
2022-11-02,58.86113357543945
2022-11-03,58.081138610839844
2022-11-04,59.40332794189453
2022-11-07,59.926490783691406
2022-11-08,60.17380905151367
2022-11-09,59.06089401245117
2022-11-10,62.180877685546875
2022-11-11,63.17964172363281
2022-11-14,62.58989715576172
2022-11-15,62.99891662597656
2022-11-16,62.81818389892578
2022-11-17,62.85623550415039
2022-11-18,63.02745056152344
2022-11-21,62.69453430175781
2022-11-22,63.455509185791016
2022-11-23,63.81697082519531
2022-11-25,63.750370025634766
2022-11-28,62.932342529296875
2022-11-29,62.73257064819336
2022-11-30,64.60647583007812
2022-12-01,64.7872085571289
2022-12-02,64.53988647460938
2022-12-05,63.71232223510742
2022-12-06,62.85623550415039
2022-12-07,62.6374626159668
2022-12-08,63.0179443359375
2022-12-09,62.646968841552734
2022-12-12,63.40794372558594
2022-12-13,64.11910247802734
2022-12-14,63.9370002746582
2022-12-15,62.08721923828125
2022-12-16,61.435482025146484
2022-12-19,60.975433349609375
2022-12-20,61.32047653198242
2022-12-21,62.18306350708008
2022-12-22,61.33005905151367
2022-12-23,61.569664001464844
2022-12-27,61.35880661010742
2022-12-28,60.62082290649414
2022-12-29,61.646339416503906
2022-12-30,61.3875732421875
2023-01-03,61.33964157104492
2023-01-04,61.58884048461914
2023-01-05,60.91793441772461
2023-01-06,62.317230224609375
2023-01-09,62.30765151977539
2023-01-10,62.729373931884766
2023-01-11,63.4577751159668
2023-01-12,63.91782760620117
2023-01-13,64.26286315917969
2023-01-17,64.15743255615234
2023-01-18,63.40986633300781
2023-01-19,63.246910095214844
2023-01-20,64.21493530273438
2023-01-23,64.67499542236328
2023-01-24,64.5887222290039
2023-01-25,64.54080200195312
2023-01-26,65.18295288085938
2023-01-27,65.24046325683594
2023-01-30,64.39703369140625
2023-01-31,65.13502502441406
2023-02-01,65.61424255371094
2023-02-02,66.49600982666016
2023-02-03,65.8825912475586
2023-02-06,65.34587860107422
2023-02-07,66.44808959960938
2023-02-08,65.6334228515625
2023-02-09,65.15420532226562
2023-02-10,65.36505889892578
2023-02-13,66.19889068603516
2023-02-14,66.16055297851562
2023-02-15,66.16055297851562
2023-02-16,65.46090698242188
2023-02-17,65.24046325683594
2023-02-21,64.22451782226562
2023-02-22,63.98491668701172
2023-02-23,64.2724380493164
2023-02-24,63.30442810058594
2023-02-27,63.62070846557617
2023-02-28,63.31400680541992
2023-03-01,63.1414909362793
2023-03-02,63.591957092285156
2023-03-03,64.57913970947266
2023-03-06,64.90501403808594
2023-03-07,63.869903564453125
2023-03-08,64.02323913574219
2023-03-09,63.218170166015625
2023-03-10,62.67185974121094
2023-03-13,62.78688049316406
2023-03-14,63.706974029541016
2023-03-15,63.11274719238281
2023-03-16,64.30120849609375
2023-03-17,63.81239318847656
2023-03-20,64.24369049072266
2023-03-21,65.22130584716797
2023-03-22,64.55038452148438
2023-03-23,64.82833862304688
2023-03-24,64.97208404541016
2023-03-27,64.99125671386719
2023-03-28,64.87625885009766
2023-03-29,65.8538589477539
2023-03-30,66.4193344116211
2023-03-31,67.14773559570312
2023-04-03,67.65570068359375
2023-04-04,67.55029296875
2023-04-05,67.39693450927734
2023-04-06,67.8665542602539
2023-04-10,67.55029296875
2023-04-11,67.39693450927734
2023-04-12,67.45442962646484
2023-04-13,68.63330841064453
2023-04-14,68.56620788574219
2023-04-17,68.55663299560547
2023-04-18,68.66206359863281
2023-04-19,68.81542205810547
2023-04-20,68.56620788574219
2023-04-21,68.78665161132812
2023-04-24,68.83458709716797
2023-04-25,67.93365478515625
2023-04-26,68.21160125732422
2023-04-27,69.54381561279297
2023-04-28,69.76426696777344
2023-05-01,69.4288101196289
2023-05-02,69.00709533691406
2023-05-03,68.73872375488281
2023-05-04,68.4607925415039
2023-05-05,69.80259704589844
2023-05-08,69.83134460449219
2023-05-09,69.48632049560547
2023-05-10,69.86009979248047
2023-05-11,69.88885498046875
2023-05-12,69.77384185791016
2023-05-15,69.88885498046875
2023-05-16,69.68758392333984
2023-05-17,70.18596649169922
2023-05-18,70.74185943603516
2023-05-19,70.83770751953125
2023-05-22,70.6268539428711
2023-05-23,70.00386810302734
2023-05-24,69.59174346923828
2023-05-25,69.79300689697266
2023-05-26,70.6268539428711
2023-05-30,70.33930969238281
2023-05-31,69.9176025390625
2023-06-01,70.67475891113281
2023-06-02,71.60444641113281
2023-06-05,71.47026824951172
2023-06-06,71.56610870361328
2023-06-07,70.84468841552734
2023-06-08,71.34822845458984
2023-06-09,71.39664459228516
2023-06-12,71.92923736572266
2023-06-13,72.40373992919922
2023-06-14,72.86853790283203
2023-06-15,73.77879333496094
2023-06-16,73.5076675415039
2023-06-20,72.98475646972656
2023-06-21,72.54899597167969
2023-06-22,73.10094451904297
2023-06-23,72.51025390625
2023-06-26,71.90019226074219
2023-06-27,72.73297882080078
2023-06-28,72.65550231933594
2023-06-29,72.77172088623047
2023-06-30,73.65291595458984
2023-07-03,73.56576538085938
2023-07-05,73.2558822631836
2023-07-06,72.66519165039062
2023-07-07,72.481201171875
2023-07-10,72.05513763427734
2023-07-11,72.568359375
2023-07-12,73.517333984375
2023-07-13,74.41790771484375
2023-07-14,74.33075714111328
2023-07-17,74.53411865234375
2023-07-18,75.1732177734375
2023-07-19,75.15386199951172
2023-07-20,74.68904113769531
2023-07-21,74.60189056396484
2023-07-24,74.89240264892578
2023-07-25,75.27008056640625
2023-07-26,75.15386199951172
2023-07-27,74.66968536376953
2023-07-28,75.56055450439453
2023-07-31,75.57992553710938
2023-08-01,75.2313232421875
2023-08-02,73.88531494140625
2023-08-03,73.72069549560547
2023-08-04,73.59481048583984
2023-08-07,74.1080322265625
2023-08-08,73.63355255126953
2023-08-09,73.13968658447266
2023-08-10,73.19778442382812
2023-08-11,72.9460220336914
2023-08-14,73.53671264648438
2023-08-15,72.7232894897461
2023-08-16,72.15196228027344
2023-08-17,71.88082885742188
2023-08-18,71.74525451660156
2023-08-21,72.44247436523438
2023-08-22,72.22943878173828
2023-08-23,73.1590576171875
2023-08-24,72.1616439819336
2023-08-25,72.568359375
2023-08-28,73.14937591552734
2023-08-29,74.15644836425781
2023-08-30,74.48568725585938
2023-08-31,74.33075714111328
2023-09-01,74.47601318359375
2023-09-05,74.24360656738281
2023-09-06,73.37208557128906
2023-09-07,73.1590576171875
2023-09-08,73.38178253173828
2023-09-11,73.94341278076172
2023-09-12,73.517333984375
2023-09-13,73.71101379394531
2023-09-14,74.41790771484375
2023-09-15,73.62384796142578
2023-09-18,73.67227935791016
2023-09-19,73.62384796142578
2023-09-20,72.7232894897461
2023-09-21,71.58063507080078
2023-09-22,71.55158996582031
2023-09-25,71.74525451660156
2023-09-26,70.6413345336914
2023-09-27,70.6122817993164
2023-09-28,71.01898193359375
2023-09-29,70.92217254638672
2023-10-02,71.12550354003906
2023-10-03,70.15715789794922
2023-10-04,70.71880340576172
2023-10-05,70.8253173828125
2023-10-06,71.69683837890625
2023-10-09,71.95829010009766
2023-10-10,72.37468719482422
2023-10-11,72.82012939453125
2023-10-12,72.568359375
2023-10-13,71.98734283447266
2023-10-16,72.70392608642578
2023-10-17,72.43279266357422
2023-10-18,71.49348449707031
2023-10-19,71.18360900878906
2023-10-20,70.36050415039062
2023-10-23,70.45735168457031
2023-10-24,71.01898193359375
2023-10-25,70.02159118652344
2023-10-26,68.85955810546875
2023-10-27,68.73368072509766
2023-10-30,69.7891845703125
2023-10-31,69.86665344238281
2023-11-01,70.7962646484375
2023-11-02,71.95829010009766
2023-11-03,72.47151184082031
2023-11-06,72.86853790283203
2023-11-07,73.18810272216797
2023-11-08,73.31399536132812
2023-11-09,72.89759063720703
2023-11-10,74.00151062011719
2023-11-13,73.8756332397461
2023-11-14,75.06670379638672
2023-11-15,75.0279769897461
2023-11-16,75.35721588134766
2023-11-17,75.5508804321289
2023-11-20,76.0834732055664
2023-11-21,75.763916015625
2023-11-22,76.00601196289062
2023-11-24,75.99633026123047
2023-11-27,75.87043762207031
2023-11-28,75.9769515991211
2023-11-29,75.79296112060547
2023-11-30,75.763916015625
2023-12-01,76.00601196289062
2023-12-04,75.38626098632812
2023-12-05,75.72518157958984
2023-12-06,75.27974700927734
2023-12-07,75.93821716308594
2023-12-08,76.26746368408203
2023-12-11,76.19969177246094
2023-12-12,76.58702087402344
2023-12-13,77.37139129638672
2023-12-14,77.2648696899414
2023-12-15,77.18740844726562
2023-12-18,77.78778076171875
2023-12-19,78.12669372558594
2023-12-20,77.27672576904297
2023-12-21,78.09456634521484
2023-12-22,78.06536102294922
2023-12-26,78.33797454833984
2023-12-27,78.50348663330078
2023-12-28,78.51322174072266
2023-12-29,78.39640045166016
2024-01-02,77.69538879394531
2024-01-03,77.45198059082031
2024-01-04,77.04305267333984
2024-01-05,77.09173583984375
2024-01-08,78.3185043334961
2024-01-09,78.1627197265625
2024-01-10,78.6982192993164
2024-01-11,78.77611541748047
2024-01-12,79.05845642089844
2024-01-16,78.43534088134766
2024-01-17,77.95825958251953
2024-01-18,78.93189239501953
2024-01-19,79.88605499267578
2024-01-22,80.03208923339844
2024-01-23,80.4020767211914
2024-01-24,80.7915267944336
2024-01-25,81.1906967163086
2024-01-26,81.17123413085938
2024-01-29,81.75540924072266
2024-01-30,81.54121398925781
2024-01-31,80.02235412597656
2024-02-01,81.05438995361328
2024-02-02,81.85276794433594
2024-02-05,81.99880981445312
2024-02-06,82.24221801757812
2024-02-07,82.79719543457031
2024-02-08,82.660888671875
2024-02-09,83.34241485595703
2024-02-12,83.18663787841797
2024-02-13,82.13511657714844
2024-02-14,82.69007873535156
2024-02-15,82.78744506835938
2024-02-16,82.60246276855469
2024-02-20,82.15458679199219
2024-02-21,82.19353485107422
2024-02-22,84.29657745361328
2024-02-23,84.33551788330078
2024-02-26,83.85843658447266
2024-02-27,83.89738464355469
2024-02-28,83.52740478515625
2024-02-29,83.95580291748047
2024-03-01,84.74443817138672
2024-03-04,84.59839630126953
2024-03-05,83.73186492919922
2024-03-06,84.20894622802734
2024-03-07,85.33834838867188
2024-03-08,84.67628479003906
2024-03-11,84.4718246459961
2024-03-12,85.73753356933594
2024-03-13,85.64990997314453
2024-03-14,85.66938018798828
2024-03-15,85.07546997070312
2024-03-18,85.5233383178711
2024-03-19,86.05884552001953
2024-03-20,86.8572006225586
2024-03-21,86.82799530029297
2024-03-22,87.1006088256836
2024-03-25,86.80853271484375
2024-03-26,86.51644134521484
2024-03-27,87.06166076660156
2024-03-28,87.05193328857422
2024-04-01,87.1006088256836
2024-04-02,86.76958465576172
2024-04-03,86.79879760742188
2024-04-04,85.80567932128906
2024-04-05,86.65274810791016
2024-04-08,86.69168853759766
2024-04-09,86.69168853759766
2024-04-10,86.26329803466797
2024-04-11,87.34402465820312
2024-04-12,86.0977783203125
2024-04-15,85.19230651855469
2024-04-16,84.83206939697266
2024-04-17,84.35498046875
2024-04-18,84.06289672851562
2024-04-19,82.96269989013672
2024-04-22,83.97527313232422
2024-04-23,85.11441802978516
2024-04-24,85.04625701904297
2024-04-25,84.8028564453125
2024-04-26,86.27302551269531
2024-04-29,86.26329803466797
2024-04-30,84.90995025634766
2024-05-01,84.79312133789062
2024-05-02,85.80567932128906
2024-05-03,87.08113861083984
2024-05-06,87.98661041259766
2024-05-07,88.08397674560547
2024-05-08,88.14239501953125
2024-05-09,88.48316192626953
2024-05-10,88.57079315185547
2024-05-13,88.75578308105469
2024-05-14,89.29127502441406
2024-05-15,90.40121459960938
2024-05-16,90.18700408935547
2024-05-17,90.20648956298828
2024-05-20,90.38174438476562
2024-05-21,90.72249603271484
2024-05-22,90.28437805175781
2024-05-23,90.22595977783203
2024-05-24,90.88801574707031
2024-05-28,91.47219848632812
2024-05-29,90.88801574707031
2024-05-30,90.2356948852539
2024-05-31,90.673828125
2024-06-03,91.04380798339844
2024-06-04,91.42352294921875
2024-06-05,92.7476577758789
2024-06-06,92.8644790649414
2024-06-07,92.54319763183594
2024-06-10,92.71844482421875
2024-06-11,93.26741027832031
2024-06-12,94.22813415527344
2024-06-13,94.51242065429688
2024-06-14,94.57123565673828
2024-06-17,95.27706909179688
2024-06-18,95.53195190429688
2024-06-20,95.09080505371094
2024-06-21,94.69866943359375
2024-06-24,94.14970397949219
2024-06-25,95.09080505371094
2024-06-26,95.3162841796875
2024-06-27,95.23785400390625
2024-06-28,94.6790771484375
2024-07-01,95.51234436035156
2024-07-02,95.93388366699219
2024-07-03,96.7573471069336
2024-07-05,97.45337677001953
2024-07-08,97.5121841430664
2024-07-09,97.57100677490234
2024-07-10,98.84542083740234
2024-07-11,97.3847427368164
2024-07-12,97.835693359375
2024-07-15,97.88471984863281
2024-07-16,97.84549713134766
2024-07-17,96.28678894042969
2024-07-18,95.39470672607422
2024-07-19,94.72808074951172
2024-07-22,95.85545349121094
2024-07-23,95.80644989013672
2024-07-24,93.34583282470703
2024-07-25,92.58119201660156
2024-07-26,93.35564422607422
2024-07-29,93.21839904785156
2024-07-30,92.3851318359375
2024-07-31,94.37516784667969
2024-08-01,92.64981842041016
2024-08-02,90.9146499633789
2024-08-05,87.86585998535156
2024-08-06,88.36582946777344
2024-08-07,87.9933090209961
2024-08-08,89.93433380126953
2024-08-09,90.6009521484375
2024-08-12,90.82642364501953
2024-08-13,92.60079956054688
2024-08-14,93.03214263916016
2024-08-15,94.57123565673828
2024-08-16,95.05159759521484
2024-08-19,96.10053253173828
2024-08-20,96.05152893066406
2024-08-21,96.3750228881836
2024-08-22,95.14962768554688
2024-08-23,96.52206420898438
2024-08-26,96.17896270751953
2024-08-27,96.41423797607422
2024-08-28,95.69860076904297
2024-08-29,95.36530303955078
2024-08-30,96.18877410888672
2024-09-03,93.54190063476562
2024-09-04,93.05174255371094
2024-09-05,92.9046859741211
2024-09-06,91.07150268554688
2024-09-09,91.96359252929688
2024-09-10,92.26750183105469
2024-09-11,93.885009765625
2024-09-12,94.5908432006836
2024-09-13,95.04178619384766
2024-09-16,94.88494110107422
2024-09-17,94.76730346679688
2024-09-18,94.48300170898438
2024-09-19,96.23777770996094
2024-09-20,95.98289489746094
2024-09-23,96.1201400756836
2024-09-24,96.7279281616211
2024-09-25,96.71813201904297
2024-09-26,97.47298431396484
2024-09-27,96.92400360107422
2024-09-30,97.20829772949219
2024-10-01,96.05152893066406
2024-10-02,96.20836639404297
2024-10-03,96.02210235595703
2024-10-04,96.7769546508789
2024-10-07,96.02210235595703
2024-10-08,96.9043960571289
2024-10-09,97.62003326416016
2024-10-10,97.62982177734375
2024-10-11,98.00234985351562
2024-10-14,98.87483215332031
2024-10-15,97.60042572021484
2024-10-16,97.96314239501953
2024-10-17,98.17881774902344
2024-10-18,98.69837188720703
2024-10-21,98.75718688964844
2024-10-22,99.00227355957031
2024-10-23,97.69845581054688
2024-10-24,97.73766326904297
2024-10-25,97.84549713134766
2024-10-28,98.12979125976562
2024-10-29,98.38467407226562
2024-10-30,97.72786712646484
2024-10-31,95.541748046875
2024-11-01,96.18877410888672
2024-11-04,95.81623840332031
2024-11-05,96.816162109375
2024-11-06,98.33565521240234
2024-11-07,99.60026550292969
2024-11-08,99.110107421875
2024-11-11,98.55132293701172
2024-11-12,98.53172302246094
2024-11-13,98.41407775878906
2024-11-14,98.34546661376953
2024-11-15,96.70832824707031
2024-11-18,97.04164123535156
2024-11-19,97.66903686523438
2024-11-20,97.325927734375
2024-11-21,97.18869018554688
2024-11-22,97.1298599243164
2024-11-25,97.34553527832031
2024-11-26,98.02195739746094
2024-11-27,97.66903686523438
2024-11-29,98.52191925048828
2024-12-02,98.99247741699219
2024-12-03,99.33557891845703
2024-12-04,100.09042358398438
2024-12-05,100.31590270996094
2024-12-06,100.5707778930664
2024-12-09,100.384521484375
2024-12-10,100.00220489501953
2024-12-11,101.149169921875
2024-12-12,100.66880798339844
2024-12-13,100.84527587890625
2024-12-16,101.39424896240234
2024-12-17,101.25150299072266
2024-12-18,98.44580078125
2024-12-19,98.71159362792969
2024-12-20,99.80435180664062
2024-12-23,100.73958587646484
2024-12-24,101.69451141357422
2024-12-26,101.84217834472656
2024-12-27,100.78880310058594
2024-12-30,99.80435180664062
2024-12-31,99.20382690429688
2025-01-02,99.08570098876953
2025-01-03,100.1784439086914
2025-01-06,101.05461120605469
2025-01-07,99.87326049804688
2025-01-08,99.90279388427734
2025-01-10,98.29813385009766
2025-01-13,98.0224838256836
2025-01-14,97.73698425292969
2025-01-15,99.59761047363281
2025-01-16,99.03646850585938
2025-01-17,100.1784439086914
2025-01-21,100.93647766113281
2025-01-22,102.08828735351562
2025-01-23,102.5214614868164
2025-01-24,102.20642852783203
2025-01-27,99.80435180664062
2025-01-28,101.37948608398438
2025-01-29,100.9561767578125
2025-01-30,101.23181915283203
2025-01-31,100.63130187988281
2025-02-03,99.50901794433594
2025-02-04,100.58206939697266
2025-02-05,100.9758529663086
2025-02-06,101.64529418945312
2025-02-07,100.35565185546875
2025-02-10,101.30072784423828
2025-02-11,101.73388671875
2025-02-12,101.62560272216797
2025-02-13,102.75772857666016
2025-02-14,102.9939956665039
2025-02-18,103.25979614257812
2025-02-19,103.46653747558594
2025-02-20,103.48622131347656
2025-02-21,102.09812927246094
2025-02-24,101.28103637695312
2025-02-25,100.9758529663086
2025-02-26,101.05461120605469
2025-02-27,98.95771026611328
2025-02-28,100.23751068115234
2025-03-03,98.3375015258789
2025-03-04,98.04216766357422
2025-03-05,99.39087677001953
2025-03-06,97.92404174804688
2025-03-07,98.80020141601562
2025-03-10,95.81729888916016
2025-03-11,95.24630737304688
2025-03-12,95.7483901977539
2025-03-13,94.73439025878906
2025-03-14,96.5753173828125
2025-03-17,97.14631652832031
2025-03-18,96.26029968261719
2025-03-19,97.17584228515625
2025-03-20,96.79190826416016
2025-03-21,96.92973327636719
2025-03-24,98.08154296875
2025-03-25,98.37688446044922
2025-03-26,96.91004943847656
2025-03-27,96.59502410888672
2025-03-28,94.70484924316406
2025-03-31,94.79346466064453
2025-04-01,95.15771484375
2025-04-02,95.47274017333984
2025-04-03,91.01313781738281
2025-04-04,85.66752624511719
2025-04-07,85.0374755859375
2025-04-08,83.62969970703125
2025-04-09,91.93852996826172
2025-04-10,88.81779479980469
2025-04-11,90.96392059326172
2025-04-14,91.66288757324219
2025-04-15,91.61365509033203
2025-04-16,89.3887939453125
2025-04-17,89.7727279663086
2025-04-21,88.07945251464844
2025-04-22,90.02867889404297
2025-04-23,91.68257141113281
2025-04-24,93.56289672851562
2025-04-25,94.43905639648438
2025-04-28,94.39967346191406
2025-04-29,94.67532348632812
2025-04-30,94.64579010009766
2025-05-01,95.51211547851562
2025-05-02,96.77222442626953
2025-05-05,96.12248229980469
2025-05-06,95.55148315429688
2025-05-07,95.51211547851562
2025-05-08,96.00434112548828
2025-05-09,95.98465728759766
2025-05-12,99.1742935180664
2025-05-13,100.11937713623047
2025-05-14,100.48362731933594
2025-05-15,100.79864501953125
2025-05-16,101.20227813720703
2025-05-19,101.50746154785156
2025-05-20,101.1432113647461
2025-05-21,100.02093505859375
2025-05-22,100.09968566894531
2025-05-23,99.3318099975586
2025-05-27,101.27120208740234
2025-05-28,100.70021057128906
2025-05-29,101.399169921875
2025-05-30,101.23181915283203
2025-06-02,101.81263732910156
2025-06-03,102.3245620727539
2025-06-04,102.66912841796875
2025-06-05,102.35409545898438
2025-06-06,103.34839630126953
2025-06-09,103.52560424804688
2025-06-10,104.02767944335938
2025-06-11,103.72249603271484
2025-06-12,104.2147216796875
2025-06-13,102.87586212158203
2025-06-16,103.74319458007812
2025-06-17,102.9402847290039
2025-06-18,102.97993469238281
2025-06-20,102.26624298095703
2025-06-23,103.14844512939453
2025-06-24,104.4073257446289
2025-06-25,104.88311767578125
2025-06-26,105.75541687011719
2025-06-27,106.59796905517578
2025-06-30,106.86559295654297
2025-07-01,106.60787963867188
2025-07-02,107.46034240722656
2025-07-03,108.3425521850586
2025-07-07,107.44052124023438
2025-07-08,107.44052124023438
2025-07-09,108.4416732788086
2025-07-10,108.72913360595703
2025-07-11,108.55070495605469
2025-07-14,108.46149444580078
2025-07-15,108.80842590332031
2025-07-16,109.06615447998047
2025-07-17,109.61133575439453
2025-07-18,109.4130859375
2025-07-21,109.85914611816406
2025-07-22,109.66089630126953
2025-07-23,110.89002990722656
2025-07-24,111.35591125488281
2025-07-25,111.41539001464844
2025-07-28,111.39556121826172
2025-07-29,111.1874008178711
2025-07-30,111.24687957763672
2025-07-31,110.65213012695312
2025-08-01,108.6795654296875
2025-08-04,110.3547592163086
2025-08-05,109.95826721191406
2025-08-06,111.14775848388672
2025-08-07,111.43521118164062
2025-08-08,112.5850601196289
2025-08-11,112.18856048583984
2025-08-12,113.25910186767578
2025-08-13,113.54656219482422
2025-08-14,113.93314361572266
2025-08-15,113.88357543945312
2025-08-18,113.72498321533203
2025-08-19,112.90225219726562
2025-08-20,112.50575256347656
2025-08-21,112.16873931884766
2025-08-22,113.7646255493164
2025-08-25,113.39787292480469
2025-08-26,113.78446197509766
2025-08-27,113.99261474609375
2025-08-28,114.60718536376953
2025-08-29,113.74480438232422
2025-09-02,112.89234161376953
2025-09-03,113.95296478271484
2025-09-04,115.00367736816406
2025-09-05,114.4188461303711
2025-09-08,115.03341674804688
2025-09-09,115.36052703857422
2025-09-10,115.67771911621094
2025-09-11,116.38150787353516
2025-09-12,116.45088958740234
2025-09-15,117.51152038574219
2025-09-16,117.22406005859375
2025-09-17,116.66896057128906
2025-09-18,117.38265991210938
2025-09-19,118.02696228027344
2025-09-22,118.95873260498047
2025-09-23,118.05670166015625
2025-09-24,117.55116271972656
2025-09-25,117.28353118896484
2025-09-26,117.89810180664062
2025-09-29,118.11618041992188
2025-09-30,118.95873260498047
2025-10-01,119.93013763427734
2025-10-02,120.1482162475586
2025-10-03,120.39602661132812
2025-10-06,120.71321868896484
2025-10-07,120.20768737792969
2025-10-08,120.84208679199219
2025-10-09,120.48523712158203
2025-10-10,117.11502075195312
2025-10-13,119.08758544921875
2025-10-14,118.35407257080078
2025-10-15,118.93890380859375
2025-10-16,118.84969329833984
2025-10-17,119.38496398925781
2025-10-20,120.54470825195312
2025-10-21,120.26716613769531
2025-10-22,119.83101654052734
2025-10-23,120.55463409423828
2025-10-24,121.80358123779297
2025-10-27,123.68694305419922
2025-10-28,124.73765563964844
2025-10-29,125.53065490722656
2025-10-30,124.68809509277344
2025-10-31,124.95572662353516
2025-11-03,125.37205505371094
2025-11-04,123.81581115722656
2025-11-05,124.0636215209961
2025-11-06,122.81465148925781
2025-11-07,122.66596984863281
2025-11-10,125.1738052368164
2025-11-11,125.62976837158203
2025-11-12,125.75863647460938
2025-11-13,123.79598236083984
2025-11-14,123.81581115722656
2025-11-17,122.7353515625
2025-11-18,121.40709686279297
2025-11-19,122.25955200195312
2025-11-20,120.37620544433594
2025-11-21,121.42691802978516
2025-11-24,123.64729309082031
2025-11-25,124.4501953125
2025-11-26,125.35222625732422
2025-11-28,125.74872589111328
2025-12-01,125.43152618408203
2025-12-02,125.85775756835938
2025-12-03,125.81810760498047
2025-12-04,125.49099731445312
2025-12-05,125.61986541748047
2025-12-08,125.70906829833984
2025-12-09,125.71898651123047
2025-12-10,126.35337829589844
2025-12-11,126.35337829589844
2025-12-12,124.63853454589844
2025-12-15,124.32133483886719
2025-12-16,124.00997161865234
2025-12-17,122.3785171508789
2025-12-18,123.46283721923828
2025-12-19,124.91522216796875
2025-12-22,125.3927230834961
2025-12-23,126.5566177368164
2025-12-24,126.84510803222656
2025-12-26,127.13359832763672
2025-12-29,126.67598724365234
2025-12-30,126.70584106445312
2025-12-31,126.00948333740234
2026-01-02,126.48698425292969
2026-01-05,126.984375
2026-01-06,127.2629165649414
2026-01-07,127.33255004882812
2026-01-08,126.95453643798828
2026-01-09,127.7901611328125
2026-01-12,128.277587890625
2026-01-13,128.05874633789062
2026-01-14,127.55140686035156
2026-01-15,127.60114288330078
2026-01-16,127.63098907470703
2026-01-20,124.4775161743164
2026-01-21,125.69115447998047
2026-01-22,126.23828887939453
2026-01-23,126.65609741210938
2026-01-26,127.58124542236328
2026-01-27,129.103271484375
2026-01-28,129.103271484375
2026-01-29,128.4168701171875
2026-01-30,128.1681671142578
2026-02-02,129.0634765625
2026-02-03,127.87968444824219
2026-02-04,127.66082763671875
2026-02-05,125.70110321044922
2026-02-06,128.277587890625
2026-02-09,129.07342529296875
2026-02-10,128.2477569580078
2026-02-11,128.22784423828125
2026-02-12,126.24823760986328
2026-02-13,125.50215148925781
2026-02-17,126.15869903564453
2026-02-18,126.84510803222656
2026-02-19,126.50687408447266
2026-02-20,127.78019714355469
2026-02-23,127.0042724609375
2026-02-24,128.01895141601562
2026-02-25,129.14306640625
2026-02-26,127.74041748046875
2026-02-27,126.91474151611328
2026-03-02,126.31787109375
2026-03-03,124.5372085571289
2026-03-04,125.56183624267578
2026-03-05,124.60684204101562
2026-03-06,123.26387786865234
2026-03-09,124.83563995361328
2026-03-10,124.9251708984375
2026-03-11,124.95500946044922
2026-03-12,122.90575408935547
2026-03-13,121.74185180664062
2026-03-16,123.35340881347656
2026-03-17,123.48272705078125
2026-03-18,121.49315643310547
2026-03-19,121.12509155273438
2026-03-20,118.98629760742188
2026-03-23,120.73712158203125
2026-03-24,119.86170959472656
2026-03-25,120.8067626953125
2026-03-26,118.63813018798828
2026-03-27,116.64855194091797
2026-03-30,116.3103256225586
2026-03-31,120.3392105102539
2026-04-01,121.42352294921875
2026-04-02,121.34394073486328
2026-04-06,121.98060607910156
2026-04-07,122.03034210205078
2026-04-08,125.65135955810547
2026-04-09,126.41735076904297
2026-04-10,126.83515930175781
2026-04-13,127.77025604248047
2026-04-14,129.5210723876953
2026-04-15,130.74465942382812
2026-04-16,130.7048797607422
2026-04-17,132.6446990966797
2026-04-20,132.21694946289062
2026-04-21,130.67503356933594
2026-04-22,132.50543212890625
2026-04-23,131.75933837890625
2026-04-24,133.27142333984375
2026-04-27,133.60964965820312
2026-04-28,133.19183349609375
2026-04-29,132.79393005371094
2026-04-30,134.53480529785156
2026-05-01,135.21124267578125
2026-05-04,134.24630737304688
2026-05-05,135.8180694580078
2026-05-06,138.55372619628906
2026-05-07,137.87728881835938
2026-05-08,139.3495635986328
2026-05-11,139.33961486816406
2026-05-12,138.80242919921875
2026-05-13,140.48361206054688
2026-05-14,141.7171630859375
2026-05-15,140.00611877441406
2026-05-18,140.17523193359375
2026-05-19,139.21029663085938
2026-05-20,140.7919921875
2026-05-21,140.99095153808594
2026-05-22,140.83180236816406
2026-05-26,141.4286651611328
2026-05-27,141.27944946289062
2026-05-28,142.10511779785156
2026-05-29,142.3040771484375
2026-06-01,143.30880737304688
2026-06-02,143.35855102539062
2026-06-03,141.45849609375
2026-06-04,142.0951690673828
2026-06-05,137.8573760986328
2026-06-08,138.23541259765625
2026-06-09,137.29034423828125
2026-06-10,135.0719757080078
2026-06-11,137.3997802734375
2026-06-12,137.5489959716797
2026-06-15,139.6699981689453
2026-06-16,139.0500030517578
2026-06-17,137.4600067138672
2026-06-18,139.1300048828125
2026-06-22,137.22999572753906
2026-06-23,135.30999755859375
2026-06-24,135.02999877929688
2026-06-25,133.91000366210938
2026-06-26,133.77000427246094
2026-06-29,135.39999389648438
2026-06-30,136.60000610351562
2026-07-01,136.1999969482422
2026-07-02,137.2100067138672
2026-07-06,138.72000122070312
2026-07-07,138.4600067138672
2026-07-08,138.47999572753906
2026-07-09,138.92999267578125
2026-07-10,139.4199981689453
2026-07-13,138.14999389648438
