date,adj close
2001-08-27,10.083629608154297
2001-08-28,10.107736587524414
2001-08-29,9.952757835388184
2001-08-30,9.806397438049316
2001-08-31,9.806397438049316
2001-09-04,9.806397438049316
2001-09-05,9.74268627166748
2001-09-06,9.65831470489502
2001-09-07,9.470620155334473
2001-09-10,9.470620155334473
2001-09-17,9.470620155334473
2001-09-18,8.747411727905273
2001-09-19,8.55799674987793
2001-09-20,8.55799674987793
2001-09-21,8.217055320739746
2001-09-24,8.437460899353027
2001-09-25,8.437460899353027
2001-09-26,8.37203311920166
2001-09-27,8.37203311920166
2001-09-28,8.661314964294434
2001-10-01,8.590788841247559
2001-10-02,8.659928321838379
2001-10-03,8.884639739990234
2001-10-04,8.958963394165039
2001-10-05,8.90019702911377
2001-10-08,8.88809585571289
2001-10-09,8.88809585571289
2001-10-10,8.88809585571289
2001-10-11,9.27355670928955
2001-10-12,9.124905586242676
2001-10-15,9.119717597961426
2001-10-16,9.207871437072754
2001-10-17,9.128362655639648
2001-10-18,9.128362655639648
2001-10-19,9.009092330932617
2001-10-22,9.048850059509277
2001-10-23,9.140460968017578
2001-10-24,9.175031661987305
2001-10-25,9.232074737548828
2001-10-26,9.232074737548828
2001-10-29,9.214789390563965
2001-10-30,8.971065521240234
2001-10-31,9.00563907623291
2001-11-01,9.117989540100098
2001-11-02,9.233802795410156
2001-11-05,9.403199195861816
2001-11-06,9.42048454284668
2001-11-07,9.506908416748047
2001-11-08,9.506908416748047
2001-11-09,9.46369457244873
2001-11-12,9.458512306213379
2001-11-13,9.612350463867188
2001-11-14,9.65038013458252
2001-11-15,9.664207458496094
2001-11-16,9.667668342590332
2001-11-19,9.67975902557373
2001-11-20,9.764460563659668
2001-11-21,9.570866584777832
2001-11-23,9.761007308959961
2001-11-26,9.87681770324707
2001-11-27,9.830147743225098
2001-11-28,9.703964233398438
2001-11-29,9.728158950805664
2001-11-30,9.800765991210938
2001-12-03,9.735074043273926
2001-12-04,9.87162971496582
2001-12-05,10.113617897033691
2001-12-06,10.191411018371582
2001-12-07,10.101524353027344
2001-12-10,9.961516380310059
2001-12-11,9.987441062927246
2001-12-12,9.956329345703125
2001-12-13,9.897558212280273
2001-12-14,9.85974407196045
2001-12-17,9.916984558105469
2001-12-18,10.040122032165527
2001-12-19,10.00890064239502
2001-12-20,9.979415893554688
2001-12-21,10.019311904907227
2001-12-24,10.053998947143555
2001-12-26,10.319352149963379
2001-12-27,10.178868293762207
2001-12-28,10.246501922607422
2001-12-31,10.218756675720215
2002-01-02,10.07827377319336
2002-01-03,10.220492362976074
2002-01-04,10.341898918151855
2002-01-07,10.270788192749023
2002-01-08,10.239569664001465
2002-01-09,10.305476188659668
2002-01-10,10.215289115905762
2002-01-11,10.138978958129883
2002-01-14,9.988089561462402
2002-01-15,9.949928283691406
2002-01-16,9.95687198638916
2002-01-17,9.972482681274414
2002-01-18,9.877096176147461
2002-01-22,9.837201118469238
2002-01-23,9.94473648071289
2002-01-24,10.040122032165527
2002-01-25,10.088680267333984
2002-01-28,10.073073387145996
2002-01-29,9.880563735961914
2002-01-30,9.94473648071289
2002-01-31,10.067862510681152
2002-02-01,10.064406394958496
2002-02-04,9.856279373168945
2002-02-05,9.82505989074707
2002-02-06,9.76089096069336
2002-02-07,9.73834228515625
2002-02-08,9.677644729614258
2002-02-11,9.9135103225708
2002-02-12,9.970747947692871
2002-02-13,10.060935020446777
2002-02-14,10.036652565002441
2002-02-15,9.975951194763184
2002-02-19,9.79731273651123
2002-02-20,9.774767875671387
2002-02-21,9.82505989074707
2002-02-22,9.830263137817383
2002-02-25,9.946465492248535
2002-02-26,9.97421932220459
2002-02-27,10.01757526397705
2002-02-28,10.00890064239502
2002-03-01,10.125105857849121
2002-03-04,10.40433406829834
2002-03-05,10.397388458251953
2002-03-06,10.527469635009766
2002-03-07,10.51012134552002
2002-03-08,10.573824882507324
2002-03-11,10.587713241577148
2002-03-12,10.493985176086426
2002-03-13,10.500926971435547
2002-03-14,10.492249488830566
2002-03-15,10.594655990600586
2002-03-18,10.625896453857422
2002-03-19,10.683177947998047
2002-03-20,10.535645484924316
2002-03-21,10.518284797668457
2002-03-22,10.533903121948242
2002-03-25,10.414140701293945
2002-03-26,10.42629623413086
2002-03-27,10.518284797668457
2002-03-28,10.608541488647461
2002-04-01,10.580767631530762
2002-04-02,10.509607315063477
2002-04-03,10.33430004119873
2002-04-04,10.35166072845459
2002-04-05,10.419346809387207
2002-04-08,10.45406723022461
2002-04-09,10.417616844177246
2002-04-10,10.58250904083252
2002-04-11,10.42629623413086
2002-04-12,10.497457504272461
2002-04-15,10.509607315063477
2002-04-16,10.643258094787598
2002-04-17,10.653670310974121
2002-04-18,10.587713241577148
2002-04-19,10.639782905578613
2002-04-22,10.500926971435547
2002-04-23,10.483573913574219
2002-04-24,10.438446998596191
2002-04-25,10.44192123413086
2002-04-26,10.344720840454102
2002-04-29,10.233633995056152
2002-04-30,10.38811206817627
2002-05-01,10.414140701293945
2002-05-02,10.429767608642578
2002-05-03,10.365545272827148
2002-05-06,10.226688385009766
2002-05-07,10.152054786682129
2002-05-08,10.421090126037598
2002-05-09,10.346451759338379
2002-05-10,10.193706512451172
2002-05-13,10.296117782592773
2002-05-14,10.483573913574219
2002-05-15,10.525228500366211
2002-05-16,10.474897384643555
2002-05-17,10.497457504272461
2002-05-20,10.422821044921875
2002-05-21,10.30479621887207
2002-05-22,10.301322937011719
2002-05-23,10.382902145385742
2002-05-24,10.38811206817627
2002-05-28,10.30479621887207
2002-05-29,10.275291442871094
2002-05-30,10.245781898498535
2002-05-31,10.271812438964844
2002-06-03,10.110393524169922
2002-06-04,9.959390640258789
2002-06-05,10.068741798400879
2002-06-06,9.914270401000977
2002-06-07,9.94724178314209
2002-06-10,9.962867736816406
2002-06-11,9.77193546295166
2002-06-12,9.74069595336914
2002-06-13,9.707720756530762
2002-06-14,9.698320388793945
2002-06-17,9.92110824584961
2002-06-18,9.954177856445312
2002-06-19,9.86192798614502
2002-06-20,9.8184175491333
2002-06-21,9.562554359436035
2002-06-24,9.625216484069824
2002-06-25,9.398943901062012
2002-06-26,9.397202491760254
2002-06-27,9.519043922424316
2002-06-28,9.527749061584473
2002-07-01,9.357171058654785
2002-07-02,9.050833702087402
2002-07-03,9.076944351196289
2002-07-05,9.398943901062012
2002-07-08,9.191822052001953
2002-07-09,9.066502571105957
2002-07-10,8.78453254699707
2002-07-11,8.78453254699707
2002-07-12,8.73753833770752
2002-07-15,8.673139572143555
2002-07-16,8.690545082092285
2002-07-17,8.685321807861328
2002-07-18,8.410320281982422
2002-07-19,8.189266204833984
2002-07-22,7.992583274841309
2002-07-23,7.740205764770508
2002-07-24,8.128348350524902
2002-07-25,8.119643211364746
2002-07-26,8.215373039245605
2002-07-29,8.558263778686523
2002-07-30,8.6104736328125
2002-07-31,8.573928833007812
2002-08-01,8.441646575927734
2002-08-02,8.191009521484375
2002-08-05,7.973437786102295
2002-08-06,8.293700218200684
2002-08-07,8.333730697631836
2002-08-08,8.542594909667969
2002-08-09,8.502564430236816
2002-08-12,8.537376403808594
2002-08-13,8.372024536132812
2002-08-14,8.720130920410156
2002-08-15,8.714912414550781
2002-08-16,8.781050682067871
2002-08-19,8.923775672912598
2002-08-20,8.767127990722656
2002-08-21,8.98991870880127
2002-08-22,9.101310729980469
2002-08-23,8.894189834594727
2002-08-26,8.955108642578125
2002-08-27,8.781050682067871
2002-08-28,8.681839942932129
2002-08-29,8.728837966918945
2002-08-30,8.676617622375488
2002-09-03,8.43642520904541
2002-09-04,8.554780006408691
2002-09-05,8.42424201965332
2002-09-06,8.580891609191895
2002-09-09,8.692283630371094
2002-09-10,8.674878120422363
2002-09-11,8.678360939025879
2002-09-12,8.485160827636719
2002-09-13,8.525483131408691
2002-09-16,8.448678016662598
2002-09-17,8.326484680175781
2002-09-18,8.34394359588623
2002-09-19,8.076863288879395
2002-09-20,8.094321250915527
2002-09-23,7.931978702545166
2002-09-24,7.809790134429932
2002-09-25,8.015766143798828
2002-09-26,8.085591316223145
2002-09-27,8.021004676818848
2002-09-30,7.931978702545166
2002-10-01,8.040206909179688
2002-10-02,7.888340473175049
2002-10-03,7.802804470062256
2002-10-04,7.6020636558532715
2002-10-07,7.389102458953857
2002-10-08,7.352442741394043
2002-10-09,7.237234115600586
2002-10-10,7.5322394371032715
2002-10-11,7.757423400878906
2002-10-14,7.858665943145752
2002-10-15,8.155412673950195
2002-10-16,7.914526462554932
2002-10-17,8.190328598022461
2002-10-18,8.207783699035645
2002-10-21,8.359649658203125
2002-10-22,8.220006942749023
2002-10-23,8.329975128173828
2002-10-24,8.244443893432617
2002-10-25,8.375361442565918
2002-10-28,8.282841682434082
2002-10-29,8.204290390014648
2002-10-30,8.302042961120605
2002-10-31,8.293317794799805
2002-11-01,8.467879295349121
2002-11-04,8.521990776062012
2002-11-05,8.515007972717285
2002-11-06,8.652913093566895
2002-11-07,8.436457633972168
2002-11-08,8.300297737121582
2002-11-11,8.153668403625488
2002-11-12,8.21127700805664
2002-11-13,8.230480194091797
2002-11-14,8.434711456298828
2002-11-15,8.495807647705078
2002-11-18,8.469626426696777
2002-11-19,8.384089469909668
2002-11-20,8.515007972717285
2002-11-21,8.787325859069824
2002-11-22,8.797796249389648
2002-11-25,8.820487022399902
2002-11-26,8.626727104187012
2002-11-27,8.885075569152832
2002-11-29,8.876347541809082
2002-12-02,8.867618560791016
2002-12-03,8.745427131652832
2002-12-04,8.668620109558105
2002-12-05,8.637200355529785
2002-12-06,8.638948440551758
2002-12-09,8.464386940002441
2002-12-10,8.5883207321167
2002-12-11,8.618001937866211
2002-12-12,8.619742393493652
2002-12-13,8.506209373474121
2002-12-16,8.66214656829834
2002-12-17,8.646371841430664
2002-12-18,8.523730278015137
2002-12-19,8.462411880493164
2002-12-20,8.585052490234375
2002-12-23,8.597317695617676
2002-12-24,8.585052490234375
2002-12-26,8.583300590515137
2002-12-27,8.478178024291992
2002-12-30,8.47993278503418
2002-12-31,8.52022933959961
2003-01-02,8.769018173217773
2003-01-03,8.742740631103516
2003-01-06,8.889912605285645
2003-01-07,8.844356536865234
2003-01-08,8.71821117401123
2003-01-09,8.874146461486816
2003-01-10,8.9039306640625
2003-01-13,8.867135047912598
2003-01-14,8.881148338317871
2003-01-15,8.790040016174316
2003-01-16,8.800556182861328
2003-01-17,8.630606651306152
2003-01-21,8.557021141052246
2003-01-22,8.47993278503418
2003-01-23,8.555272102355957
2003-01-24,8.357287406921387
2003-01-27,8.225881576538086
2003-01-28,8.345020294189453
2003-01-29,8.38356876373291
2003-01-30,8.260924339294434
2003-01-31,8.322242736816406
2003-02-03,8.357287406921387
2003-02-04,8.234644889831543
2003-02-05,8.252164840698242
2003-02-06,8.199601173400879
2003-02-07,8.073458671569824
2003-02-10,8.147040367126465
2003-02-11,8.112000465393066
2003-02-12,8.006878852844238
2003-02-13,7.9700846672058105
2003-02-14,8.06294059753418
2003-02-18,8.239892959594727
2003-02-19,8.14879035949707
2003-02-20,8.162811279296875
2003-02-21,8.234644889831543
2003-02-24,8.140030860900879
2003-02-25,8.176827430725098
2003-02-26,8.103239059448242
2003-02-27,8.143538475036621
2003-02-28,8.21362018585205
2003-03-03,8.178574562072754
2003-03-04,8.027900695800781
2003-03-05,8.05943775177002
2003-03-06,8.050677299499512
2003-03-07,8.110225677490234
2003-03-10,7.925783634185791
2003-03-11,7.830928802490234
2003-03-12,7.832681655883789
2003-03-13,8.018887519836426
2003-03-14,8.087387084960938
2003-03-17,8.310476303100586
2003-03-18,8.384255409240723
2003-03-19,8.414115905761719
2003-03-20,8.484381675720215
2003-03-21,8.630181312561035
2003-03-24,8.35263729095459
2003-03-25,8.463305473327637
2003-03-26,8.414115905761719
2003-03-27,8.449250221252441
2003-03-28,8.410605430603027
2003-03-31,8.3333158493042
2003-04-01,8.37547492980957
2003-04-02,8.566944122314453
2003-04-03,8.510733604431152
2003-04-04,8.484381675720215
2003-04-07,8.54586124420166
2003-04-08,8.482625007629395
2003-04-09,8.384255409240723
2003-04-10,8.421142578125
2003-04-11,8.40709400177002
2003-04-14,8.54586124420166
2003-04-15,8.616124153137207
2003-04-16,8.50195026397705
2003-04-17,8.647749900817871
2003-04-21,8.651264190673828
2003-04-22,8.812865257263184
2003-04-23,8.874350547790527
2003-04-24,8.835701942443848
2003-04-25,8.712736129760742
2003-04-28,8.83218765258789
2003-04-29,8.881372451782227
2003-04-30,8.905961990356445
2003-05-01,8.907723426818848
2003-05-02,9.058794021606445
2003-05-05,9.099193572998047
2003-05-06,9.151894569396973
2003-05-07,9.116761207580566
2003-05-08,9.004335403442383
2003-05-09,9.129053115844727
2003-05-12,9.283635139465332
2003-05-13,9.280123710632324
2003-05-14,9.299445152282715
2003-05-15,9.336336135864258
2003-05-16,9.34862995147705
2003-05-19,9.15540599822998
2003-05-20,9.129053115844727
2003-05-21,9.194048881530762
2003-05-22,9.292412757873535
2003-05-23,9.36268424987793
2003-05-27,9.555912017822266
2003-05-28,9.529560089111328
2003-05-29,9.527806282043457
2003-05-30,9.719270706176758
2003-06-02,9.763190269470215
2003-06-03,9.740354537963867
2003-06-04,9.930061340332031
2003-06-05,10.010866165161133
2003-06-06,9.96871280670166
2003-06-09,9.79831600189209
2003-06-10,9.852773666381836
2003-06-11,10.038972854614258
2003-06-12,10.040727615356445
2003-06-13,9.94559383392334
2003-06-16,10.12177562713623
2003-06-17,10.11296558380127
2003-06-18,10.07773208618164
2003-06-19,9.9667329788208
2003-06-20,9.956157684326172
2003-06-23,9.787025451660156
2003-06-24,9.813451766967773
2003-06-25,9.790552139282227
2003-06-26,9.899787902832031
2003-06-27,9.853976249694824
2003-06-30,9.846925735473633
2003-07-01,9.912114143371582
2003-07-02,10.012542724609375
2003-07-03,9.977307319641113
2003-07-07,10.157014846801758
2003-07-08,10.239818572998047
2003-07-09,10.213390350341797
2003-07-10,10.07773208618164
2003-07-11,10.139395713806152
2003-07-14,10.185200691223145
2003-07-15,10.183435440063477
2003-07-16,10.081254959106445
2003-07-17,9.996685981750488
2003-07-18,10.037205696105957
2003-07-21,9.959684371948242
2003-07-22,10.068920135498047
2003-07-23,10.093585968017578
2003-07-24,10.049541473388672
2003-07-25,10.155253410339355
2003-07-28,10.181675910949707
2003-07-29,10.097110748291016
2003-07-30,10.118252754211426
2003-07-31,10.132347106933594
2003-08-01,10.07773208618164
2003-08-04,10.0072603225708
2003-08-05,9.883926391601562
2003-08-06,9.880403518676758
2003-08-07,9.894497871398926
2003-08-08,9.931499481201172
2003-08-11,9.984352111816406
2003-08-12,10.044255256652832
2003-08-13,10.07773208618164
2003-08-14,10.146443367004395
2003-08-15,10.172869682312012
2003-08-18,10.280343055725098
2003-08-19,10.350815773010254
2003-08-20,10.377243995666504
2003-08-21,10.490001678466797
2003-08-22,10.38429069519043
2003-08-25,10.322626113891602
2003-08-26,10.345526695251465
2003-08-27,10.403670310974121
2003-08-28,10.507619857788086
2003-08-29,10.558709144592285
2003-09-02,10.717276573181152
2003-09-03,10.75251579284668
2003-09-04,10.778945922851562
2003-09-05,10.717276573181152
2003-09-08,10.835326194763184
2003-09-09,10.711990356445312
2003-09-10,10.5322847366333
2003-09-11,10.588663101196289
2003-09-12,10.6201171875
2003-09-15,10.600682258605957
2003-09-16,10.74381160736084
2003-09-17,10.742044448852539
2003-09-18,10.84453296661377
2003-09-19,10.839235305786133
2003-09-22,10.733213424682617
2003-09-23,10.814496040344238
2003-09-24,10.648390769958496
2003-09-25,10.478747367858887
2003-09-26,10.432809829711914
2003-09-29,10.492891311645508
2003-09-30,10.468152046203613
2003-10-01,10.628954887390137
2003-10-02,10.658991813659668
2003-10-03,10.814496040344238
2003-10-06,10.901082992553711
2003-10-07,10.927589416503906
2003-10-08,10.934657096862793
2003-10-09,10.989439010620117
2003-10-10,11.007107734680176
2003-10-13,11.106066703796387
2003-10-14,11.144938468933105
2003-10-15,11.100763320922852
2003-10-16,11.137873649597168
2003-10-17,11.000040054321289
2003-10-20,11.026544570922852
2003-10-21,11.047752380371094
2003-10-22,10.915220260620117
2003-10-23,10.901082992553711
2003-10-24,10.881644248962402
2003-10-27,10.964699745178223
2003-10-28,11.113134384155273
2003-10-29,11.185580253601074
2003-10-30,11.189117431640625
2003-10-31,11.227993965148926
2003-11-03,11.356989860534668
2003-11-04,11.330480575561523
2003-11-05,11.349918365478516
2003-11-06,11.438275337219238
2003-11-07,11.429439544677734
2003-11-10,11.326945304870605
2003-11-11,11.27393627166748
2003-11-12,11.448874473571777
2003-11-13,11.477144241333008
2003-11-14,11.372892379760742
2003-11-17,11.23682975769043
2003-11-18,11.143169403076172
2003-11-19,11.182048797607422
2003-11-20,11.139638900756836
2003-11-21,11.159080505371094
2003-11-24,11.372892379760742
2003-11-25,11.450643539428711
2003-11-26,11.51248836517334
2003-11-28,11.547830581665039
2003-12-01,11.698030471801758
2003-12-02,11.662688255310059
2003-12-03,11.611449241638184
2003-12-04,11.556670188903809
2003-12-05,11.489518165588379
2003-12-08,11.547830581665039
2003-12-09,11.434737205505371
2003-12-10,11.335784912109375
2003-12-11,11.510722160339355
2003-12-12,11.550992012023926
2003-12-15,11.47116470336914
2003-12-16,11.496942520141602
2003-12-17,11.480937957763672
2003-12-18,11.68011474609375
2003-12-19,11.673004150390625
2003-12-22,11.710349082946777
2003-12-23,11.779701232910156
2003-12-24,11.737020492553711
2003-12-26,11.790372848510742
2003-12-29,11.920186996459961
2003-12-30,11.945090293884277
2003-12-31,11.936199188232422
2004-01-02,11.879294395446777
2004-01-05,12.017998695373535
2004-01-06,12.04467487335205
2004-01-07,12.0589017868042
2004-01-08,12.122922897338867
2004-01-09,12.08913516998291
2004-01-12,12.178051948547363
2004-01-13,12.105138778686523
2004-01-14,12.208288192749023
2004-01-15,12.227846145629883
2004-01-16,12.386109352111816
2004-01-20,12.412790298461914
2004-01-21,12.459030151367188
2004-01-22,12.412790298461914
2004-01-23,12.39145278930664
2004-01-26,12.498149871826172
2004-01-27,12.419907569885254
2004-01-28,12.252742767333984
2004-01-29,12.227846145629883
2004-01-30,12.28475570678711
2004-02-02,12.270519256591797
2004-02-03,12.295416831970215
2004-02-04,12.137146949768066
2004-02-05,12.18338680267334
2004-02-06,12.371888160705566
2004-02-09,12.403899192810059
2004-02-10,12.430570602416992
2004-02-11,12.587072372436523
2004-02-12,12.563950538635254
2004-02-13,12.466140747070312
2004-02-17,12.590622901916504
2004-02-18,12.581729888916016
2004-02-19,12.508821487426758
2004-02-20,12.430570602416992
2004-02-23,12.300753593444824
2004-02-24,12.297203063964844
2004-02-25,12.403899192810059
2004-02-26,12.476814270019531
2004-02-27,12.5408296585083
2004-03-01,12.697320938110352
2004-03-02,12.65108871459961
2004-03-03,12.66887378692627
2004-03-04,12.713321685791016
2004-03-05,12.748900413513184
2004-03-08,12.636862754821777
2004-03-09,12.519495010375977
2004-03-10,12.332763671875
2004-03-11,12.186941146850586
2004-03-12,12.352322578430176
2004-03-15,12.169157981872559
2004-03-16,12.174492835998535
2004-03-17,12.377228736877441
2004-03-18,12.338098526000977
2004-03-19,12.270519256591797
2004-03-22,12.083800315856934
2004-03-23,12.106922149658203
2004-03-24,12.069572448730469
2004-03-25,12.270519256591797
2004-03-26,12.296745300292969
2004-03-29,12.380579948425293
2004-03-30,12.473331451416016
2004-03-31,12.53575611114502
2004-04-01,12.616028785705566
2004-04-02,12.723050117492676
2004-04-05,12.764074325561523
2004-04-06,12.762288093566895
2004-04-07,12.665971755981445
2004-04-08,12.660616874694824
2004-04-12,12.657051086425781
2004-04-13,12.430523872375488
2004-04-14,12.366305351257324
2004-04-15,12.389494895935059
2004-04-16,12.459056854248047
2004-04-19,12.49830436706543
2004-04-20,12.271771430969238
2004-04-21,12.378793716430664
2004-04-22,12.583919525146484
2004-04-23,12.57500171661377
2004-04-26,12.516138076782227
2004-04-27,12.528623580932617
2004-04-28,12.325288772583008
2004-04-29,12.15939998626709
2004-04-30,12.089838981628418
2004-05-03,12.184370040893555
2004-05-04,12.236100196838379
2004-05-05,12.289608001708984
2004-05-06,12.134428977966309
2004-05-07,11.936440467834473
2004-05-10,11.731316566467285
2004-05-11,11.854392051696777
2004-05-12,11.906120300292969
2004-05-13,11.877578735351562
2004-05-14,11.875799179077148
2004-05-17,11.71169376373291
2004-05-18,11.84190559387207
2004-05-19,11.82406997680664
2004-05-20,11.797309875488281
2004-05-21,11.879362106323242
2004-05-24,11.941793441772461
2004-05-25,12.177238464355469
2004-05-26,12.250370025634766
2004-05-27,12.286041259765625
2004-05-28,12.330636024475098
2004-06-01,12.375223159790039
2004-06-02,12.407331466674805
2004-06-03,12.280688285827637
2004-06-04,12.348474502563477
2004-06-07,12.55359172821045
2004-06-08,12.550025939941406
2004-06-09,12.39663314819336
2004-06-10,12.453704833984375
2004-06-14,12.289608001708984
2004-06-15,12.407331466674805
2004-06-16,12.428740501403809
2004-06-17,12.441221237182617
2004-06-18,12.437661170959473
2004-06-21,12.419815063476562
2004-06-22,12.501869201660156
2004-06-23,12.646352767944336
2004-06-24,12.60710334777832
2004-06-25,12.630532264709473
2004-06-28,12.582249641418457
2004-06-29,12.592976570129395
2004-06-30,12.693138122558594
2004-07-01,12.575093269348145
2004-07-02,12.517861366271973
2004-07-06,12.380141258239746
2004-07-07,12.401603698730469
2004-07-08,12.265673637390137
2004-07-09,12.285350799560547
2004-07-12,12.272830963134766
2004-07-13,12.276409149169922
2004-07-14,12.246005058288574
2004-07-15,12.278203010559082
2004-07-16,12.199503898620605
2004-07-19,12.224546432495117
2004-07-20,12.317543029785156
2004-07-21,12.126173973083496
2004-07-22,12.077880859375
2004-07-23,11.984878540039062
2004-07-26,11.884718894958496
2004-07-27,12.004551887512207
2004-07-28,11.974149703979492
2004-07-29,12.110081672668457
2004-07-30,12.161947250366211
2004-08-02,12.195923805236816
2004-08-03,12.063570022583008
2004-08-04,12.049266815185547
2004-08-05,11.822126388549805
2004-08-06,11.646851539611816
2004-08-09,11.668309211730957
2004-08-10,11.811389923095703
2004-08-11,11.773837089538574
2004-08-12,11.646851539611816
2004-08-13,11.627181053161621
2004-08-16,11.831064224243164
2004-08-17,11.888298988342285
2004-08-18,12.049266815185547
2004-08-19,11.988454818725586
2004-08-20,12.117234230041504
2004-08-23,12.054632186889648
2004-08-24,12.081460952758789
2004-08-25,12.190563201904297
2004-08-26,12.183403968811035
2004-08-27,12.238844871520996
2004-08-30,12.122599601745605
2004-08-31,12.18519115447998
2004-09-01,12.233479499816895
2004-09-02,12.392662048339844
2004-09-03,12.349736213684082
2004-09-07,12.410538673400879
2004-09-08,12.353311538696289
2004-09-09,12.385513305664062
2004-09-10,12.460625648498535
2004-09-13,12.492818832397461
2004-09-14,12.512493133544922
2004-09-15,12.430221557617188
2004-09-16,12.525009155273438
2004-09-17,12.555414199829102
2004-09-20,12.516066551208496
2004-09-21,12.612649917602539
2004-09-22,12.46599006652832
2004-09-23,12.444531440734863
2004-09-24,12.469475746154785
2004-09-27,12.401287078857422
2004-09-28,12.455118179321289
2004-09-29,12.5017671585083
2004-09-30,12.580729484558105
2004-10-01,12.77452278137207
2004-10-04,12.826565742492676
2004-10-05,12.799652099609375
2004-10-06,12.880393028259277
2004-10-07,12.756582260131836
2004-10-08,12.66865062713623
2004-10-11,12.666853904724121
2004-10-12,12.63276481628418
2004-10-13,12.541251182556152
2004-10-14,12.47844409942627
2004-10-15,12.521510124206543
2004-10-18,12.386930465698242
2004-10-19,12.485625267028809
2004-10-20,12.49280071258545
2004-10-21,12.60405158996582
2004-10-22,12.508953094482422
2004-10-25,12.535869598388672
2004-10-26,12.697373390197754
2004-10-27,12.87680435180664
2004-10-28,12.866037368774414
2004-10-29,12.921669960021973
2004-11-01,12.937817573547363
2004-11-02,12.93602180480957
2004-11-03,13.08137035369873
2004-11-04,13.28773021697998
2004-11-05,13.3092622756958
2004-11-08,13.311058044433594
2004-11-09,13.334383010864258
2004-11-10,13.366687774658203
2004-11-11,13.48512077331543
2004-11-12,13.616111755371094
2004-11-15,13.65917682647705
2004-11-16,13.58381462097168
2004-11-17,13.625081062316895
2004-11-18,13.673538208007812
2004-11-19,13.512036323547363
2004-11-22,13.625081062316895
2004-11-23,13.67173957824707
2004-11-24,13.759664535522461
2004-11-26,13.79914665222168
2004-11-29,13.747105598449707
2004-11-30,13.691476821899414
2004-12-01,13.897834777832031
2004-12-02,13.844000816345215
2004-12-03,13.890657424926758
2004-12-06,13.872713088989258
2004-12-07,13.718385696411133
2004-12-08,13.763258934020996
2004-12-09,13.818878173828125
2004-12-10,13.852974891662598
2004-12-13,13.966021537780762
2004-12-14,14.028830528259277
2004-12-15,14.118550300598145
2004-12-16,14.075490951538086
2004-12-17,14.019850730895996
2004-12-20,13.996526718139648
2004-12-21,14.143669128417969
2004-12-22,14.192129135131836
2004-12-23,14.19247817993164
2004-12-27,14.11147403717041
2004-12-28,14.237496376037598
2004-12-29,14.275286674499512
2004-12-30,14.307697296142578
2004-12-31,14.280692100524902
2005-01-03,14.079068183898926
2005-01-04,13.872048377990723
2005-01-05,13.742435455322266
2005-01-06,13.796449661254883
2005-01-07,13.778448104858398
2005-01-10,13.80544662475586
2005-01-11,13.73523998260498
2005-01-12,13.812651634216309
2005-01-13,13.792851448059082
2005-01-14,13.877453804016113
2005-01-18,14.017868995666504
2005-01-19,13.900858879089355
2005-01-20,13.73523998260498
2005-01-21,13.753251075744629
2005-01-24,13.636229515075684
2005-01-25,13.657831192016602
2005-01-26,13.767641067504883
2005-01-27,13.787444114685059
2005-01-28,13.798249244689941
2005-01-31,13.924261093139648
2005-02-01,14.037666320800781
2005-02-02,14.109673500061035
2005-02-03,14.098872184753418
2005-02-04,14.273489952087402
2005-02-07,14.253695487976074
2005-02-08,14.269890785217285
2005-02-09,14.104276657104492
2005-02-10,14.170879364013672
2005-02-11,14.300488471984863
2005-02-14,14.316693305969238
2005-02-15,14.356298446655273
2005-02-16,14.39409351348877
2005-02-17,14.291498184204102
2005-02-18,14.298693656921387
2005-02-22,14.057467460632324
2005-02-23,14.138479232788086
2005-02-24,14.271693229675293
2005-02-25,14.43730354309082
2005-02-28,14.347291946411133
2005-03-01,14.466106414794922
2005-03-02,14.446304321289062
2005-03-03,14.47871208190918
2005-03-04,14.6317138671875
2005-03-07,14.694725036621094
2005-03-08,14.62992000579834
2005-03-09,14.439106941223145
2005-03-10,14.413904190063477
2005-03-11,14.412100791931152
2005-03-14,14.516509056091309
2005-03-15,14.47690200805664
2005-03-16,14.300488471984863
2005-03-17,14.320291519165039
2005-03-18,14.269890785217285
2005-03-21,14.300488471984863
2005-03-22,14.221282005310059
2005-03-23,14.118677139282227
2005-03-24,14.177624702453613
2005-03-28,14.094443321228027
2005-03-29,13.994998931884766
2005-03-30,14.201128005981445
2005-03-31,14.23729133605957
2005-04-01,14.213774681091309
2005-04-04,14.215587615966797
2005-04-05,14.27164363861084
2005-04-06,14.305994987487793
2005-04-07,14.602537155151367
2005-04-08,14.2843017578125
2005-04-11,14.2843017578125
2005-04-12,14.358443260192871
2005-04-13,14.14507007598877
2005-04-14,13.92809772491455
2005-04-15,13.705694198608398
2005-04-18,13.721970558166504
2005-04-19,13.88650894165039
2005-04-20,13.693038940429688
2005-04-21,13.904594421386719
2005-04-22,13.821413040161133
2005-04-25,13.989566802978516
2005-04-26,13.857585906982422
2005-04-27,13.843116760253906
2005-04-28,13.689421653747559
2005-04-29,13.78705883026123
2005-05-02,13.88650894165039
2005-05-03,13.87024211883545
2005-05-04,14.045628547668457
2005-05-05,14.027544021606445
2005-05-06,14.079983711242676
2005-05-09,14.150500297546387
2005-05-10,14.032970428466797
2005-05-11,14.070941925048828
2005-05-12,13.919055938720703
2005-05-13,13.819608688354492
2005-05-16,13.9805326461792
2005-05-17,14.090826988220215
2005-05-18,14.27164363861084
2005-05-19,14.343973159790039
2005-05-20,14.34758472442627
2005-05-23,14.427131652832031
2005-05-24,14.418100357055664
2005-05-25,14.336737632751465
2005-05-26,14.423524856567383
2005-05-27,14.494046211242676
2005-05-31,14.459692001342773
2005-06-01,14.57722282409668
2005-06-02,14.649544715881348
2005-06-03,14.569988250732422
2005-06-06,14.584455490112305
2005-06-07,14.609766006469727
2005-06-08,14.582639694213867
2005-06-09,14.665818214416504
2005-06-10,14.662205696105957
2005-06-13,14.700173377990723
2005-06-14,14.779731750488281
2005-06-15,14.806855201721191
2005-06-16,14.929807662963867
2005-06-17,14.996703147888184
2005-06-20,14.971511840820312
2005-06-21,14.953387260437012
2005-06-22,14.978765487670898
2005-06-23,14.862759590148926
2005-06-24,14.70325756072998
2005-06-27,14.71231746673584
2005-06-28,14.879082679748535
2005-06-29,14.904450416564941
2005-06-30,14.935263633728027
2005-07-01,14.904450416564941
2005-07-05,15.071210861206055
2005-07-06,15.013193130493164
2005-07-07,15.071210861206055
2005-07-08,15.263334274291992
2005-07-11,15.352147102355957
2005-07-12,15.38840389251709
2005-07-13,15.352147102355957
2005-07-14,15.36120891571045
2005-07-15,15.38840389251709
2005-07-18,15.36120891571045
2005-07-19,15.504393577575684
2005-07-20,15.582341194152832
2005-07-21,15.435517311096191
2005-07-22,15.542460441589355
2005-07-25,15.479023933410645
2005-07-26,15.524335861206055
2005-07-27,15.562402725219727
2005-07-28,15.69833755493164
2005-07-29,15.660271644592285
2005-08-01,15.654833793640137
2005-08-02,15.750908851623535
2005-08-03,15.785346031188965
2005-08-04,15.620405197143555
2005-08-05,15.450018882751465
2005-08-08,15.335832595825195
2005-08-09,15.4155855178833
2005-08-10,15.469959259033203
2005-08-11,15.538834571838379
2005-08-12,15.473583221435547
2005-08-15,15.582341194152832
2005-08-16,15.343088150024414
2005-08-17,15.355774879455566
2005-08-18,15.297767639160156
2005-08-19,15.353960990905762
2005-08-22,15.357584953308105
2005-08-23,15.355774879455566
2005-08-24,15.321327209472656
2005-08-25,15.363018035888672
2005-08-26,15.261520385742188
2005-08-29,15.357584953308105
2005-08-30,15.268759727478027
2005-08-31,15.55514907836914
2005-09-01,15.546082496643066
2005-09-02,15.495335578918457
2005-09-06,15.678398132324219
2005-09-07,15.718271255493164
2005-09-08,15.625835418701172
2005-09-09,15.774463653564453
2005-09-12,15.803466796875
2005-09-13,15.672959327697754
2005-09-14,15.65120792388916
2005-09-15,15.642151832580566
2005-09-16,15.683835983276367
2005-09-19,15.631280899047852
2005-09-20,15.471776008605957
2005-09-21,15.297767639160156
2005-09-22,15.344897270202637
2005-09-23,15.423462867736816
2005-09-26,15.439824104309082
2005-09-27,15.45255184173584
2005-09-28,15.492563247680664
2005-09-29,15.643501281738281
2005-09-30,15.73807144165039
2005-10-03,15.81445598602295
2005-10-04,15.616231918334961
2005-10-05,15.33435344696045
2005-10-06,15.1652193069458
2005-10-07,15.237966537475586
2005-10-10,15.070655822753906
2005-10-11,14.994275093078613
2005-10-12,14.770577430725098
2005-10-13,14.759671211242676
2005-10-14,14.941536903381348
2005-10-17,15.021547317504883
2005-10-18,14.8433256149292
2005-10-19,15.010639190673828
2005-10-20,14.828775405883789
2005-10-21,14.90697193145752
2005-10-24,15.196133613586426
2005-10-25,15.139761924743652
2005-10-26,15.05428409576416
2005-10-27,14.805135726928711
2005-10-28,15.027000427246094
2005-10-31,15.276147842407227
2005-11-01,15.250686645507812
2005-11-02,15.456195831298828
2005-11-03,15.479832649230957
2005-11-04,15.479832649230957
2005-11-07,15.48165225982666
2005-11-08,15.425273895263672
2005-11-09,15.443467140197754
2005-11-10,15.55439281463623
2005-11-11,15.61259651184082
2005-11-14,15.599863052368164
2005-11-15,15.547125816345215
2005-11-16,15.598044395446777
2005-11-17,15.787182807922363
2005-11-18,15.827194213867188
2005-11-21,15.939931869506836
2005-11-22,16.032690048217773
2005-11-23,16.067235946655273
2005-11-25,16.112703323364258
2005-11-28,15.932662963867188
2005-11-29,15.985400199890137
2005-11-30,15.912652969360352
2005-12-01,16.18362808227539
2005-12-02,16.18726921081543
2005-12-05,16.12907600402832
2005-12-06,16.15635108947754
2005-12-07,16.07996940612793
2005-12-08,16.10724449157715
2005-12-09,16.158164978027344
2005-12-12,16.220006942749023
2005-12-13,16.249088287353516
2005-12-14,16.325481414794922
2005-12-15,16.285472869873047
2005-12-16,16.24364471435547
2005-12-19,16.08360481262207
2005-12-20,16.12544059753418
2005-12-21,16.196359634399414
2005-12-22,16.286785125732422
2005-12-23,16.286785125732422
2005-12-27,16.13332748413086
2005-12-28,16.204586029052734
2005-12-29,16.155256271362305
2005-12-30,16.063901901245117
2006-01-03,16.33428382873535
2006-01-04,16.447555541992188
2006-01-05,16.456695556640625
2006-01-06,16.624771118164062
2006-01-09,16.683223724365234
2006-01-10,16.743520736694336
2006-01-11,16.75447654724121
2006-01-12,16.710636138916016
2006-01-13,16.686880111694336
2006-01-17,16.65216827392578
2006-01-18,16.608325958251953
2006-01-19,16.745338439941406
2006-01-20,16.535249710083008
2006-01-23,16.55898666381836
2006-01-24,16.697851181030273
2006-01-25,16.6284122467041
2006-01-26,16.783710479736328
2006-01-27,16.895139694213867
2006-01-30,16.88966941833496
2006-01-31,16.869571685791016
2006-02-01,16.959089279174805
2006-02-02,16.81476402282715
2006-02-03,16.717937469482422
2006-02-06,16.787364959716797
2006-02-07,16.617456436157227
2006-02-08,16.670438766479492
2006-02-09,16.619285583496094
2006-02-10,16.64303970336914
2006-02-13,16.566303253173828
2006-02-14,16.697851181030273
2006-02-15,16.767263412475586
2006-02-16,16.92254638671875
2006-02-17,16.909765243530273
2006-02-21,16.843996047973633
2006-02-22,17.01755142211914
2006-02-23,16.98101234436035
2006-02-24,17.024860382080078
2006-02-27,17.039474487304688
2006-02-28,16.92620849609375
2006-03-01,17.04859733581543
2006-03-02,17.083314895629883
2006-03-03,17.001108169555664
2006-03-06,16.878704071044922
2006-03-07,16.723413467407227
2006-03-08,16.769092559814453
2006-03-09,16.721586227416992
2006-03-10,16.843996047973633
2006-03-13,16.895139694213867
2006-03-14,17.0577392578125
2006-03-15,17.176485061645508
2006-03-16,17.211200714111328
2006-03-17,17.287925720214844
2006-03-20,17.233118057250977
2006-03-21,17.07417869567871
2006-03-22,17.192930221557617
2006-03-23,17.209375381469727
2006-03-24,17.237043380737305
2006-03-27,17.240713119506836
2006-03-28,17.19306755065918
2006-03-29,17.381818771362305
2006-03-30,17.330514907836914
2006-03-31,17.34883689880371
2006-04-03,17.330514907836914
2006-04-04,17.396472930908203
2006-04-05,17.528419494628906
2006-04-06,17.51009750366211
2006-04-07,17.299346923828125
2006-04-10,17.282855987548828
2006-04-11,17.138090133666992
2006-04-12,17.182065963745117
2006-04-13,17.180233001708984
2006-04-17,17.14908218383789
2006-04-18,17.488107681274414
2006-04-19,17.585233688354492
2006-04-20,17.612720489501953
2006-04-21,17.550413131713867
2006-04-24,17.508256912231445
2006-04-25,17.44228172302246
2006-04-26,17.398300170898438
2006-04-27,17.4093017578125
2006-04-28,17.433128356933594
2006-05-01,17.376319885253906
2006-05-02,17.46611785888672
2006-05-03,17.425804138183594
2006-05-04,17.526588439941406
2006-05-05,17.735496520996094
2006-05-08,17.720840454101562
2006-05-09,17.728164672851562
2006-05-10,17.717172622680664
2006-05-11,17.488107681274414
2006-05-12,17.215051651000977
2006-05-15,17.18939971923828
2006-05-16,17.132587432861328
2006-05-17,16.835708618164062
2006-05-18,16.71293067932129
2006-05-19,16.78807258605957
2006-05-22,16.628639221191406
2006-05-23,16.593812942504883
2006-05-24,16.551671981811523
2006-05-25,16.755090713500977
2006-05-26,16.861371994018555
2006-05-30,16.648794174194336
2006-05-31,16.78074073791504
2006-06-01,17.072114944458008
2006-06-02,17.11609649658203
2006-06-05,16.75691795349121
2006-06-06,16.659791946411133
2006-06-07,16.56266975402832
2006-06-08,16.526004791259766
2006-06-09,16.502193450927734
2006-06-12,16.2163028717041
2006-06-13,15.943254470825195
2006-06-14,16.0660400390625
2006-06-15,16.493022918701172
2006-06-16,16.43805503845215
2006-06-19,16.249296188354492
2006-06-20,16.229143142700195
2006-06-21,16.44537353515625
2006-06-22,16.39259147644043
2006-06-23,16.469844818115234
2006-06-26,16.530534744262695
2006-06-27,16.379709243774414
2006-06-28,16.451448440551758
2006-06-29,16.830364227294922
2006-06-30,16.87635040283203
2006-07-03,16.968318939208984
2006-07-05,16.74575424194336
2006-07-06,16.77886390686035
2006-07-07,16.65929412841797
2006-07-10,16.642751693725586
2006-07-11,16.64641761779785
2006-07-12,16.52318000793457
2006-07-13,16.25095558166504
2006-07-14,16.101961135864258
2006-07-17,16.087249755859375
2006-07-18,16.101961135864258
2006-07-19,16.45329475402832
2006-07-20,16.1718692779541
2006-07-21,15.976900100708008
2006-07-24,16.27854347229004
2006-07-25,16.423858642578125
2006-07-26,16.410991668701172
2006-07-27,16.260150909423828
2006-07-28,16.477197647094727
2006-07-31,16.47168731689453
2006-08-01,16.3907470703125
2006-08-02,16.50295639038086
2006-08-03,16.59492301940918
2006-08-04,16.59123420715332
2006-08-07,16.48823356628418
2006-08-08,16.399944305419922
2006-08-09,16.295108795166016
2006-08-10,16.383386611938477
2006-08-11,16.280384063720703
2006-08-14,16.287748336791992
2006-08-15,16.569169998168945
2006-08-16,16.78621482849121
2006-08-17,16.80829620361328
2006-08-18,16.830364227294922
2006-08-21,16.734724044799805
2006-08-22,16.771499633789062
2006-08-23,16.644582748413086
2006-08-24,16.63170623779297
2006-08-25,16.635395050048828
2006-08-28,16.76046371459961
2006-08-29,16.839557647705078
2006-08-30,16.854272842407227
2006-08-31,16.894746780395508
2006-09-01,16.973833084106445
2006-09-05,17.01613426208496
2006-09-06,16.7935791015625
2006-09-07,16.729196548461914
2006-09-08,16.765989303588867
2006-09-11,16.80093002319336
2006-09-12,17.017980575561523
2006-09-13,17.148578643798828
2006-09-14,17.10626983642578
2006-09-15,17.120988845825195
2006-09-18,17.10259246826172
2006-09-19,17.082361221313477
2006-09-20,17.165130615234375
2006-09-21,17.051082611083984
2006-09-22,16.977516174316406
2006-09-25,17.139379501342773
2006-09-26,17.24234962463379
2006-09-27,17.268184661865234
2006-09-28,17.262638092041016
2006-09-29,17.207275390625
2006-10-02,17.175914764404297
2006-10-03,17.096574783325195
2006-10-04,17.35860252380371
2006-10-05,17.50437355041504
2006-10-06,17.415803909301758
2006-10-09,17.50806999206543
2006-10-10,17.55974578857422
2006-10-11,17.487764358520508
2006-10-12,17.699975967407227
2006-10-13,17.714738845825195
2006-10-16,17.827299118041992
2006-10-17,17.764551162719727
2006-10-18,17.73687744140625
2006-10-19,17.747947692871094
2006-10-20,17.69259262084961
2006-10-23,17.77747917175293
2006-10-24,17.790395736694336
2006-10-25,17.87158203125
2006-10-26,17.973081588745117
2006-10-27,17.864206314086914
2006-10-30,17.87527847290039
2006-10-31,17.87712860107422
2006-11-01,17.74057960510254
2006-11-02,17.707355499267578
2006-11-03,17.687057495117188
2006-11-06,17.87158203125
2006-11-07,17.94170570373535
2006-11-08,18.039505004882812
2006-11-09,17.945396423339844
2006-11-10,18.021055221557617
2006-11-13,18.091176986694336
2006-11-14,18.240642547607422
2006-11-15,18.33660125732422
2006-11-16,18.388269424438477
2006-11-17,18.382734298706055
2006-11-20,18.39749526977539
2006-11-21,18.4860782623291
2006-11-22,18.572792053222656
2006-11-24,18.548809051513672
2006-11-27,18.212963104248047
2006-11-28,18.25171661376953
2006-11-29,18.452850341796875
2006-11-30,18.497146606445312
2006-12-01,18.4713077545166
2006-12-04,18.687210083007812
2006-12-05,18.737018585205078
2006-12-06,18.727798461914062
2006-12-07,18.65768051147461
2006-12-08,18.642911911010742
2006-12-11,18.666906356811523
2006-12-12,18.617082595825195
2006-12-13,18.655838012695312
2006-12-14,18.751785278320312
2006-12-15,18.707502365112305
2006-12-18,18.594942092895508
2006-12-19,18.615232467651367
2006-12-20,18.608013153076172
2006-12-21,18.530208587646484
2006-12-22,18.417207717895508
2006-12-26,18.526508331298828
2006-12-27,18.65803337097168
2006-12-28,18.611722946166992
2006-12-29,18.495014190673828
2007-01-03,18.530208587646484
2007-01-04,18.53390884399414
2007-01-05,18.406099319458008
2007-01-08,18.426475524902344
2007-01-09,18.493162155151367
2007-01-10,18.598751068115234
2007-01-11,18.763622283935547
2007-01-12,18.867359161376953
2007-01-16,18.826601028442383
2007-01-17,18.859949111938477
2007-01-18,18.73398208618164
2007-01-19,18.845134735107422
2007-01-22,18.745101928710938
2007-01-23,18.852537155151367
2007-01-24,19.013704299926758
2007-01-25,18.859949111938477
2007-01-26,18.85068702697754
2007-01-29,18.902565002441406
2007-01-30,19.017412185668945
2007-01-31,19.108186721801758
2007-02-01,19.31195068359375
2007-02-02,19.373083114624023
2007-02-05,19.39160919189453
2007-02-06,19.447181701660156
2007-02-07,19.549062728881836
2007-02-08,19.547216415405273
2007-02-09,19.399019241333008
2007-02-12,19.295286178588867
2007-02-13,19.44161605834961
2007-02-14,19.610193252563477
2007-02-15,19.658363342285156
2007-02-16,19.669483184814453
2007-02-20,19.793594360351562
2007-02-21,19.81766700744629
2007-02-22,19.813966751098633
2007-02-23,19.771364212036133
2007-02-26,19.72875213623047
2007-02-27,19.05816650390625
2007-02-28,19.189687728881836
2007-03-01,19.078540802001953
2007-03-02,18.808076858520508
2007-03-05,18.461668014526367
2007-03-06,18.828458786010742
2007-03-07,18.828458786010742
2007-03-08,18.997032165527344
2007-03-09,19.071121215820312
2007-03-12,19.126708984375
2007-03-13,18.758066177368164
2007-03-14,18.802518844604492
2007-03-15,18.924795150756836
2007-03-16,18.856246948242188
2007-03-19,19.072980880737305
2007-03-20,19.200803756713867
2007-03-21,19.49349594116211
2007-03-22,19.504606246948242
2007-03-23,19.538066864013672
2007-03-26,19.513900756835938
2007-03-27,19.42654037475586
2007-03-28,19.277854919433594
2007-03-29,19.2927188873291
2007-03-30,19.368925094604492
2007-04-02,19.387516021728516
2007-04-03,19.59196662902832
2007-04-04,19.60683250427246
2007-04-05,19.634719848632812
2007-04-09,19.67374038696289
2007-04-10,19.69976806640625
2007-04-11,19.61798858642578
2007-04-12,19.736934661865234
2007-04-13,19.785259246826172
2007-04-16,19.96368980407715
2007-04-17,19.982276916503906
2007-04-18,19.986000061035156
2007-04-19,19.94882583618164
2007-04-20,20.103097915649414
2007-04-23,20.15513038635254
2007-04-24,20.151416778564453
2007-04-25,20.296382904052734
2007-04-26,20.329845428466797
2007-04-27,20.305683135986328
2007-04-30,20.07335662841797
2007-05-01,20.12725257873535
2007-05-02,20.3038272857666
2007-05-03,20.355865478515625
2007-05-04,20.404191970825195
2007-05-07,20.439504623413086
2007-05-08,20.400480270385742
2007-05-09,20.52500343322754
2007-05-10,20.270368576049805
2007-05-11,20.435794830322266
2007-05-14,20.372594833374023
2007-05-15,20.279674530029297
2007-05-16,20.361438751220703
2007-05-17,20.3372802734375
2007-05-18,20.482250213623047
2007-05-21,20.588193893432617
2007-05-22,20.61235809326172
2007-05-23,20.575191497802734
2007-05-24,20.266643524169922
2007-05-25,20.409767150878906
2007-05-29,20.511987686157227
2007-05-30,20.731311798095703
2007-05-31,20.79450225830078
2007-06-01,20.881864547729492
2007-06-04,20.94692039489746
2007-06-05,20.83540153503418
2007-06-06,20.536157608032227
2007-06-07,20.166278839111328
2007-06-08,20.551021575927734
2007-06-11,20.394901275634766
2007-06-12,20.20903968811035
2007-06-13,20.482250213623047
2007-06-14,20.60678482055664
2007-06-15,20.73502540588379
2007-06-18,20.6662540435791
2007-06-19,20.69042205810547
2007-06-20,20.445083618164062
2007-06-21,20.56960678100586
2007-06-22,20.367013931274414
2007-06-25,20.07335662841797
2007-06-26,20.032461166381836
2007-06-27,20.339139938354492
2007-06-28,20.33260726928711
2007-06-29,20.30092430114746
2007-07-02,20.612241744995117
2007-07-03,20.656984329223633
2007-07-05,20.705448150634766
2007-07-06,20.847131729125977
2007-07-09,20.832216262817383
2007-07-10,20.56563377380371
2007-07-11,20.67561912536621
2007-07-12,20.96270179748535
2007-07-13,21.05591583251953
2007-07-16,20.953384399414062
2007-07-17,20.942197799682617
2007-07-18,20.927288055419922
2007-07-19,21.03168296813965
2007-07-20,20.817306518554688
2007-07-23,20.80799102783203
2007-07-24,20.40159034729004
2007-07-25,20.343799591064453
2007-07-26,19.844200134277344
2007-07-27,19.450849533081055
2007-07-30,19.756580352783203
2007-07-31,19.56829833984375
2007-08-01,19.620498657226562
2007-08-02,19.764034271240234
2007-08-03,19.1805477142334
2007-08-06,19.447126388549805
2007-08-07,19.635414123535156
2007-08-08,19.907581329345703
2007-08-09,19.331558227539062
2007-08-10,19.305450439453125
2007-08-13,19.426624298095703
2007-08-14,18.997865676879883
2007-08-15,18.621295928955078
2007-08-16,18.593332290649414
2007-08-17,19.009052276611328
2007-08-20,19.094802856445312
2007-08-21,19.184274673461914
2007-08-22,19.463909149169922
2007-08-23,19.415435791015625
2007-08-24,19.65404510498047
2007-08-27,19.391197204589844
2007-08-28,18.992265701293945
2007-08-29,19.372554779052734
2007-08-30,19.32595443725586
2007-08-31,19.616769790649414
2007-09-04,19.834880828857422
2007-09-05,19.633544921875
2007-09-06,19.717439651489258
2007-09-07,19.387479782104492
2007-09-10,19.240203857421875
2007-09-11,19.508647918701172
2007-09-12,19.486278533935547
2007-09-13,19.5440616607666
2007-09-14,19.614900588989258
2007-09-17,19.51236915588379
2007-09-18,20.080944061279297
2007-09-19,20.222618103027344
2007-09-20,20.097726821899414
2007-09-21,20.129425048828125
2007-09-24,20.043663024902344
2007-09-25,20.051889419555664
2007-09-26,20.136022567749023
2007-09-27,20.291181564331055
2007-09-28,20.223875045776367
2007-10-01,20.519264221191406
2007-10-02,20.556650161743164
2007-10-03,20.49308204650879
2007-10-04,20.49869155883789
2007-10-05,20.78097915649414
2007-10-08,20.698732376098633
2007-10-09,20.86699104309082
2007-10-10,20.833330154418945
2007-10-11,20.687511444091797
2007-10-12,20.790327072143555
2007-10-15,20.64825439453125
2007-10-16,20.45569610595703
2007-10-17,20.496826171875
2007-10-18,20.51178550720215
2007-10-19,19.9322452545166
2007-10-22,20.076196670532227
2007-10-23,20.231359481811523
2007-10-24,20.165935516357422
2007-10-25,20.190229415893555
2007-10-26,20.354755401611328
2007-10-29,20.412702560424805
2007-10-30,20.272493362426758
2007-10-31,20.573467254638672
2007-11-01,20.09114646911621
2007-11-02,20.10983657836914
2007-11-05,19.950931549072266
2007-11-06,20.192102432250977
2007-11-07,19.7191219329834
2007-11-08,19.711650848388672
2007-11-09,19.451786041259766
2007-11-12,19.072294235229492
2007-11-13,19.593873977661133
2007-11-14,19.498533248901367
2007-11-15,19.266714096069336
2007-11-16,19.279804229736328
2007-11-19,18.954517364501953
2007-11-20,18.967599868774414
2007-11-21,18.694660186767578
2007-11-23,18.958261489868164
2007-11-26,18.67035675048828
2007-11-27,18.81991195678711
2007-11-28,19.431228637695312
2007-11-29,19.42188262939453
2007-11-30,19.58826446533203
2007-12-03,19.507871627807617
2007-12-04,19.410663604736328
2007-12-05,19.659311294555664
2007-12-06,19.993938446044922
2007-12-07,20.08367347717285
2007-12-10,20.26688003540039
2007-12-11,19.648082733154297
2007-12-12,19.767724990844727
2007-12-13,19.72099494934082
2007-12-14,19.466747283935547
2007-12-17,19.15267562866211
2007-12-18,19.23305892944336
2007-12-19,19.255504608154297
2007-12-20,19.44244956970215
2007-12-21,19.68547821044922
2007-12-24,19.87990379333496
2007-12-26,19.87055015563965
2007-12-27,19.600603103637695
2007-12-28,19.581829071044922
2007-12-31,19.437274932861328
2008-01-02,19.21388053894043
2008-01-03,19.131288528442383
2008-01-04,18.58124542236328
2008-01-07,18.519290924072266
2008-01-08,18.138206481933594
2008-01-09,18.260229110717773
2008-01-10,18.42167091369629
2008-01-11,18.17200469970703
2008-01-14,18.36910629272461
2008-01-15,17.879138946533203
2008-01-16,17.798423767089844
2008-01-17,17.25777244567871
2008-01-18,17.19205093383789
2008-01-22,17.079423904418945
2008-01-23,17.529972076416016
2008-01-24,17.702680587768555
2008-01-25,17.53561019897461
2008-01-28,17.907306671142578
2008-01-29,18.06874656677246
2008-01-30,17.944843292236328
2008-01-31,18.19264030456543
2008-02-01,18.661968231201172
2008-02-04,18.521167755126953
2008-02-05,17.959863662719727
2008-02-06,17.74397850036621
2008-02-07,17.907306671142578
2008-02-08,17.890411376953125
2008-02-11,18.036827087402344
2008-02-12,18.106298446655273
2008-02-13,18.348453521728516
2008-02-14,18.085647583007812
2008-02-15,18.087520599365234
2008-02-19,18.09314727783203
2008-02-20,18.27899932861328
2008-02-21,18.038707733154297
2008-02-22,18.185138702392578
2008-02-25,18.4892520904541
2008-02-26,18.654460906982422
2008-02-27,18.554960250854492
2008-02-28,18.361602783203125
2008-02-29,17.828454971313477
2008-03-03,17.849111557006836
2008-03-04,17.772138595581055
2008-03-05,17.912933349609375
2008-03-06,17.453006744384766
2008-03-07,17.26527214050293
2008-03-10,16.901090621948242
2008-03-11,17.49993324279785
2008-03-12,17.38165855407715
2008-03-13,17.51495361328125
2008-03-14,17.2051944732666
2008-03-17,16.872926712036133
2008-03-18,17.498064041137695
2008-03-19,17.043758392333984
2008-03-20,17.385419845581055
2008-03-24,17.80553436279297
2008-03-25,17.92218017578125
2008-03-26,17.743450164794922
2008-03-27,17.549671173095703
2008-03-28,17.416095733642578
2008-03-31,17.6004581451416
2008-04-01,18.166767120361328
2008-04-02,18.270235061645508
2008-04-03,18.328563690185547
2008-04-04,18.39630126953125
2008-04-07,18.394411087036133
2008-04-08,18.354902267456055
2008-04-09,18.13290023803711
2008-04-10,18.24766731262207
2008-04-11,17.954164505004883
2008-04-14,17.935348510742188
2008-04-15,18.02377700805664
2008-04-16,18.479068756103516
2008-04-17,18.462139129638672
2008-04-18,18.798912048339844
2008-04-21,18.77069091796875
2008-04-22,18.507291793823242
2008-04-23,18.590076446533203
2008-04-24,18.693552017211914
2008-04-25,18.89674949645996
2008-04-28,18.924970626831055
2008-04-29,18.783863067626953
2008-04-30,18.71989631652832
2008-05-01,19.04161834716797
2008-05-02,19.10934829711914
2008-05-05,19.07171630859375
2008-05-06,19.263608932495117
2008-05-07,18.988933563232422
2008-05-08,19.090530395507812
2008-05-09,19.06982421875
2008-05-12,19.299360275268555
2008-05-13,19.42731475830078
2008-05-14,19.48750114440918
2008-05-15,19.737730026245117
2008-05-16,19.80169677734375
2008-05-19,19.745258331298828
2008-05-20,19.653064727783203
2008-05-21,19.33323097229004
2008-05-22,19.331344604492188
2008-05-23,19.10934829711914
2008-05-27,19.241037368774414
2008-05-28,19.408479690551758
2008-05-29,19.463048934936523
2008-05-30,19.585342407226562
2008-06-02,19.446115493774414
2008-06-03,19.368980407714844
2008-06-04,19.391557693481445
2008-06-05,19.767837524414062
2008-06-06,19.244808197021484
2008-06-09,19.25609016418457
2008-06-10,19.096179962158203
2008-06-11,18.817726135253906
2008-06-12,18.781986236572266
2008-06-13,19.10369873046875
2008-06-16,19.182722091674805
2008-06-17,19.120628356933594
2008-06-18,18.955068588256836
2008-06-19,19.034082412719727
2008-06-20,18.687915802001953
2008-06-23,18.68414306640625
2008-06-24,18.512937545776367
2008-06-25,18.64275550842285
2008-06-26,18.129140853881836
2008-06-27,18.063282012939453
2008-06-30,18.02754020690918
2008-07-01,18.05764389038086
2008-07-02,17.581008911132812
2008-07-03,17.429933547973633
2008-07-07,17.288312911987305
2008-07-08,17.643325805664062
2008-07-09,17.261869430541992
2008-07-10,17.348737716674805
2008-07-11,17.20710563659668
2008-07-14,17.005046844482422
2008-07-15,16.85964584350586
2008-07-16,17.344955444335938
2008-07-17,17.55267906188965
2008-07-18,17.560239791870117
2008-07-21,17.596113204956055
2008-07-22,17.822729110717773
2008-07-23,17.871826171875
2008-07-24,17.29774284362793
2008-07-25,17.395933151245117
2008-07-28,17.159902572631836
2008-07-29,17.507366180419922
2008-07-30,17.75851821899414
2008-07-31,17.571565628051758
2008-08-01,17.513031005859375
2008-08-04,17.191999435424805
2008-08-05,17.64899253845215
2008-08-06,17.78495979309082
2008-08-07,17.482816696166992
2008-08-08,17.879375457763672
2008-08-11,18.075769424438477
2008-08-12,17.871826171875
2008-08-13,17.860485076904297
2008-08-14,18.028562545776367
2008-08-15,18.090877532958984
2008-08-18,17.820837020874023
2008-08-19,17.603670120239258
2008-08-20,17.72075080871582
2008-08-21,17.69430923461914
2008-08-22,17.9039306640625
2008-08-25,17.565898895263672
2008-08-26,17.601776123046875
2008-08-27,17.78118133544922
2008-08-28,18.122974395751953
2008-08-29,17.89637565612793
2008-09-02,17.798173904418945
2008-09-03,17.739643096923828
2008-09-04,17.159902572631836
2008-09-05,17.333629608154297
2008-09-08,17.569673538208008
2008-09-09,16.878517150878906
2008-09-10,16.999374389648438
2008-09-11,17.237316131591797
2008-09-12,17.418607711791992
2008-09-15,16.617931365966797
2008-09-16,16.80864906311035
2008-09-17,16.07973289489746
2008-09-18,16.695348739624023
2008-09-19,17.42805290222168
2008-09-22,16.68968391418457
2008-09-23,16.378095626831055
2008-09-24,16.340587615966797
2008-09-25,16.56412124633789
2008-09-26,16.42772674560547
2008-09-29,15.2532377243042
2008-09-30,15.563910484313965
2008-10-01,15.556341171264648
2008-10-02,14.692510604858398
2008-10-03,14.366686820983887
2008-10-06,13.805964469909668
2008-10-07,12.993290901184082
2008-10-08,12.769755363464355
2008-10-09,11.85099983215332
2008-10-10,11.733548164367676
2008-10-13,13.023598670959473
2008-10-14,12.707242012023926
2008-10-15,11.617995262145996
2008-10-16,12.010125160217285
2008-10-17,11.98929214477539
2008-10-20,12.570854187011719
2008-10-21,12.097267150878906
2008-10-22,11.405827522277832
2008-10-23,11.167143821716309
2008-10-24,10.799642562866211
2008-10-27,10.322269439697266
2008-10-28,11.403939247131348
2008-10-29,11.52328109741211
2008-10-30,11.936244010925293
2008-10-31,12.241235733032227
2008-11-03,12.169249534606934
2008-11-04,12.589794158935547
2008-11-05,11.94192886352539
2008-11-06,11.313007354736328
2008-11-07,11.61231803894043
2008-11-10,11.341421127319336
2008-11-11,11.02127742767334
2008-11-12,10.415091514587402
2008-11-13,11.169036865234375
2008-11-14,10.62725830078125
2008-11-17,10.377202033996582
2008-11-18,10.341212272644043
2008-11-19,9.81837272644043
2008-11-20,9.079581260681152
2008-11-21,9.469812393188477
2008-11-24,10.130939483642578
2008-11-25,10.312793731689453
2008-11-26,10.826160430908203
2008-11-28,10.94739818572998
2008-12-01,9.916878700256348
2008-12-02,10.303322792053223
2008-12-03,10.55905818939209
2008-12-04,10.244599342346191
2008-12-05,10.674613952636719
2008-12-08,11.097052574157715
2008-12-09,10.901937484741211
2008-12-10,11.112207412719727
2008-12-11,10.710607528686523
2008-12-12,10.850788116455078
2008-12-15,10.685979843139648
2008-12-16,11.286487579345703
2008-12-17,11.284595489501953
2008-12-18,11.112207412719727
2008-12-19,11.178508758544922
2008-12-22,10.900042533874512
2008-12-23,10.76742935180664
2008-12-24,10.836118698120117
2008-12-26,10.948697090148926
2008-12-29,10.79986572265625
2008-12-30,11.164313316345215
2008-12-31,11.395197868347168
2009-01-02,11.786357879638672
2009-01-05,11.855050086975098
2009-01-06,12.040130615234375
2009-01-07,11.654696464538574
2009-01-08,11.742471694946289
2009-01-09,11.448620796203613
2009-01-12,11.114705085754395
2009-01-13,11.14714241027832
2009-01-14,10.738809585571289
2009-01-15,10.872376441955566
2009-01-16,11.042196273803711
2009-01-20,10.410612106323242
2009-01-21,10.86855697631836
2009-01-22,10.610963821411133
2009-01-23,10.719728469848633
2009-01-26,10.773151397705078
2009-01-27,10.881913185119629
2009-01-28,11.294062614440918
2009-01-29,10.887639999389648
2009-01-30,10.5880708694458
2009-02-02,10.563260078430176
2009-02-03,10.719728469848633
2009-02-04,10.693013191223145
2009-02-05,10.88382625579834
2009-02-06,11.217742919921875
2009-02-09,11.234918594360352
2009-02-10,10.729269981384277
2009-02-11,10.761704444885254
2009-02-12,10.82466983795166
2009-02-13,10.727359771728516
2009-02-17,10.225528717041016
2009-02-18,10.141568183898926
2009-02-19,9.981290817260742
2009-02-20,9.924046516418457
2009-02-23,9.5271635055542
2009-02-24,9.954574584960938
2009-02-25,9.859169960021973
2009-02-26,9.69507122039795
2009-02-27,9.536702156066895
2009-03-02,9.008157730102539
2009-03-03,8.926112174987793
2009-03-04,9.176069259643555
2009-03-05,8.777270317077637
2009-03-06,8.750564575195312
2009-03-09,8.668513298034668
2009-03-10,9.233312606811523
2009-03-11,9.28674030303955
2009-03-12,9.679813385009766
2009-03-13,9.77902889251709
2009-03-16,9.65500259399414
2009-03-17,9.998465538024902
2009-03-18,10.282772064208984
2009-03-19,10.235066413879395
2009-03-20,9.97175121307373
2009-03-23,10.670108795166016
2009-03-24,10.484886169433594
2009-03-25,10.5481595993042
2009-03-26,10.910567283630371
2009-03-27,10.647873878479004
2009-03-30,10.272043228149414
2009-03-31,10.356410026550293
2009-04-01,10.553913116455078
2009-04-02,10.95850658416748
2009-04-03,11.16943359375
2009-04-06,11.042877197265625
2009-04-07,10.699645042419434
2009-04-08,10.918238639831543
2009-04-09,11.424457550048828
2009-04-13,11.434046745300293
2009-04-14,11.163676261901855
2009-04-15,11.3305025100708
2009-04-16,11.6066255569458
2009-04-17,11.74659538269043
2009-04-20,11.192442893981934
2009-04-21,11.47623062133789
2009-04-22,11.508829116821289
2009-04-23,11.577856063842773
2009-04-24,11.8233003616333
2009-04-27,11.654559135437012
2009-04-28,11.639219284057617
2009-04-29,11.938347816467285
2009-04-30,11.96903133392334
2009-05-01,12.02463436126709
2009-05-04,12.49250602722168
2009-05-05,12.457990646362305
2009-05-06,12.571123123168945
2009-05-07,12.275830268859863
2009-05-08,12.61522388458252
2009-05-11,12.392794609069824
2009-05-12,12.233647346496582
2009-05-13,11.740848541259766
2009-05-14,11.890411376953125
2009-05-15,11.763859748840332
2009-05-18,12.22214126586914
2009-05-19,12.300758361816406
2009-05-20,12.210637092590332
2009-05-21,11.993955612182617
2009-05-22,11.978616714477539
2009-05-26,12.32568073272705
2009-05-27,12.170371055603027
2009-05-28,12.310338973999023
2009-05-29,12.51168155670166
2009-06-01,12.96804428100586
2009-06-02,13.006394386291504
2009-06-03,12.74753189086914
2009-06-04,12.922026634216309
2009-06-05,12.881760597229004
2009-06-08,12.787800788879395
2009-06-09,12.914353370666504
2009-06-10,12.893264770507812
2009-06-11,12.93736743927002
2009-06-12,12.93161392211914
2009-06-15,12.603718757629395
2009-06-16,12.400464057922363
2009-06-17,12.388957977294922
2009-06-18,12.459908485412598
2009-06-19,12.475248336791992
2009-06-22,12.06682300567627
2009-06-23,12.030389785766602
2009-06-24,12.212549209594727
2009-06-25,12.505931854248047
2009-06-26,12.482918739318848
2009-06-29,12.617145538330078
2009-06-30,12.561537742614746
2009-07-01,12.642068862915039
2009-07-02,12.277522087097168
2009-07-06,12.1965970993042
2009-07-07,11.9017972946167
2009-07-08,11.85555362701416
2009-07-09,11.934553146362305
2009-07-10,11.90565299987793
2009-07-13,12.179255485534668
2009-07-14,12.294866561889648
2009-07-15,12.647467613220215
2009-07-16,12.805463790893555
2009-07-17,12.77656364440918
2009-07-20,12.996219635009766
2009-07-21,13.005851745605469
2009-07-22,13.048239707946777
2009-07-23,13.422039985656738
2009-07-24,13.516447067260742
2009-07-27,13.580038070678711
2009-07-28,13.541498184204102
2009-07-29,13.433597564697266
2009-07-30,13.62820053100586
2009-07-31,13.655179023742676
2009-08-03,13.940343856811523
2009-08-04,14.038613319396973
2009-08-05,14.009709358215332
2009-08-06,13.907587051391602
2009-08-07,14.217803955078125
2009-08-10,14.15807056427002
2009-08-11,13.98273754119873
2009-08-12,14.163853645324707
2009-08-13,14.283308029174805
2009-08-14,14.092558860778809
2009-08-17,13.676374435424805
2009-08-18,13.853639602661133
2009-08-19,13.944196701049805
2009-08-20,14.094482421875
2009-08-21,14.389288902282715
2009-08-24,14.425890922546387
2009-08-25,14.416258811950684
2009-08-26,14.425890922546387
2009-08-27,14.470212936401367
2009-08-28,14.506823539733887
2009-08-31,14.304505348205566
2009-09-01,13.975021362304688
2009-09-02,13.888317108154297
2009-09-03,14.06558895111084
2009-09-04,14.271757125854492
2009-09-08,14.4567289352417
2009-09-09,14.651330947875977
2009-09-10,14.811254501342773
2009-09-11,14.832448959350586
2009-09-14,14.971179008483887
2009-09-15,15.125319480895996
2009-09-16,15.406632423400879
2009-09-17,15.31800651550293
2009-09-18,15.327644348144531
2009-09-21,15.291030883789062
2009-09-22,15.399645805358887
2009-09-23,15.20251750946045
2009-09-24,14.941596031188965
2009-09-25,14.84882640838623
2009-09-28,15.159988403320312
2009-09-29,15.190914154052734
2009-09-30,15.119400978088379
2009-10-01,14.663293838500977
2009-10-02,14.529935836791992
2009-10-05,14.829496383666992
2009-10-06,15.022774696350098
2009-10-07,15.032428741455078
2009-10-08,15.221830368041992
2009-10-09,15.343594551086426
2009-10-12,15.395787239074707
2009-10-13,15.353262901306152
2009-10-14,15.633501052856445
2009-10-15,15.683749198913574
2009-10-16,15.531063079833984
2009-10-19,15.720465660095215
2009-10-20,15.56198787689209
2009-10-21,15.411238670349121
2009-10-22,15.600645065307617
2009-10-23,15.370655059814453
2009-10-26,15.171581268310547
2009-10-27,15.007306098937988
2009-10-28,14.533799171447754
2009-10-29,14.895211219787598
2009-10-30,14.458423614501953
2009-11-02,14.52607536315918
2009-11-03,14.680684089660645
2009-11-04,14.632368087768555
2009-11-05,14.974454879760742
2009-11-06,14.970587730407715
2009-11-09,15.347455978393555
2009-11-10,15.328133583068848
2009-11-11,15.436371803283691
2009-11-12,15.227640151977539
2009-11-13,15.339728355407715
2009-11-16,15.600645065307617
2009-11-17,15.573580741882324
2009-11-18,15.51174545288086
2009-11-19,15.229570388793945
2009-11-20,15.1503267288208
2009-11-23,15.31653881072998
2009-11-24,15.29141616821289
2009-11-25,15.420905113220215
2009-11-27,15.074954986572266
2009-11-30,15.163853645324707
2009-12-01,15.397714614868164
2009-12-02,15.475010871887207
2009-12-03,15.335869789123535
2009-12-04,15.523334503173828
2009-12-07,15.504005432128906
2009-12-08,15.36485767364502
2009-12-09,15.382246017456055
2009-12-10,15.476958274841309
2009-12-11,15.602571487426758
2009-12-14,15.817100524902344
2009-12-15,15.762984275817871
2009-12-16,15.865421295166016
2009-12-17,15.69534969329834
2009-12-18,15.774579048156738
2009-12-21,15.946588516235352
2009-12-22,16.06062126159668
2009-12-23,16.16705322265625
2009-12-24,16.269996643066406
2009-12-28,16.246686935424805
2009-12-29,16.211729049682617
2009-12-30,16.2000732421875
2009-12-31,16.0252742767334
2010-01-04,16.264171600341797
2010-01-05,16.341856002807617
2010-01-06,16.419544219970703
2010-01-07,16.48558235168457
2010-01-08,16.557443618774414
2010-01-11,16.565210342407227
2010-01-12,16.374874114990234
2010-01-13,16.55162239074707
2010-01-14,16.58268928527832
2010-01-15,16.365161895751953
2010-01-19,16.5690860748291
2010-01-20,16.41761016845703
2010-01-21,16.176759719848633
2010-01-22,15.832995414733887
2010-01-25,15.897089958190918
2010-01-26,15.832995414733887
2010-01-27,15.869892120361328
2010-01-28,15.691213607788086
2010-01-29,15.473685264587402
2010-02-01,15.755308151245117
2010-02-02,15.998082160949707
2010-02-03,15.891256332397461
2010-02-04,15.343557357788086
2010-02-05,15.382397651672363
2010-02-08,15.283343315124512
2010-02-09,15.491161346435547
2010-02-10,15.45425796508789
2010-02-11,15.669843673706055
2010-02-12,15.6892728805542
2010-02-16,15.988371849060059
2010-02-17,16.093250274658203
2010-02-18,16.20590591430664
2010-02-19,16.26222801208496
2010-02-22,16.27971076965332
2010-02-23,16.034988403320312
2010-02-24,16.194246292114258
2010-02-25,16.23504066467285
2010-02-26,16.256391525268555
2010-03-01,16.51276969909668
2010-03-02,16.598228454589844
2010-03-03,16.62542152404785
2010-03-04,16.648723602294922
2010-03-05,16.903160095214844
2010-03-08,16.94005584716797
2010-03-09,16.95560073852539
2010-03-10,17.07213020324707
2010-03-11,17.128459930419922
2010-03-12,17.16924285888672
2010-03-15,17.128459930419922
2010-03-16,17.322673797607422
2010-03-17,17.468347549438477
2010-03-18,17.365406036376953
2010-03-19,17.2216739654541
2010-03-22,17.40036392211914
2010-03-23,17.524675369262695
2010-03-24,17.427282333374023
2010-03-25,17.3104248046875
2010-03-26,17.312379837036133
2010-03-29,17.46623992919922
2010-03-30,17.479860305786133
2010-03-31,17.382490158081055
2010-04-01,17.573368072509766
2010-04-05,17.83824348449707
2010-04-06,17.90056037902832
2010-04-07,17.775909423828125
2010-04-08,17.785654067993164
2010-04-09,17.92782974243164
2010-04-12,17.974567413330078
2010-04-13,17.997940063476562
2010-04-14,18.24138832092285
2010-04-15,18.24138832092285
2010-04-16,17.945354461669922
2010-04-19,17.9200382232666
2010-04-20,18.181015014648438
2010-04-21,18.216073989868164
2010-04-22,18.418622970581055
2010-04-23,18.584169387817383
2010-04-26,18.52964210510254
2010-04-27,18.017423629760742
2010-04-28,18.12843132019043
2010-04-29,18.418622970581055
2010-04-30,18.040782928466797
2010-05-03,18.342666625976562
2010-05-04,17.828500747680664
2010-05-05,17.637632369995117
2010-05-06,17.061134338378906
2010-05-07,16.667720794677734
2010-05-10,17.5305118560791
2010-05-11,17.516881942749023
2010-05-12,17.879138946533203
2010-05-13,17.67853546142578
2010-05-14,17.267580032348633
2010-05-17,17.294845581054688
2010-05-18,17.006608963012695
2010-05-19,16.872217178344727
2010-05-20,16.137968063354492
2010-05-21,16.447633743286133
2010-05-24,16.254819869995117
2010-05-25,16.289871215820312
2010-05-26,16.29961395263672
2010-05-27,16.946231842041016
2010-05-28,16.724199295043945
2010-06-01,16.30741310119629
2010-06-02,16.78846549987793
2010-06-03,16.899484634399414
2010-06-04,16.211977005004883
2010-06-07,15.898405075073242
2010-06-08,16.044479370117188
2010-06-09,16.067846298217773
2010-06-10,16.60929298400879
2010-06-11,16.741727828979492
2010-06-14,16.805994033813477
2010-06-15,17.22278594970703
2010-06-16,17.18189239501953
2010-06-17,17.160463333129883
2010-06-18,17.156566619873047
2010-06-21,17.051401138305664
2010-06-22,16.68718910217285
2010-06-23,16.665767669677734
2010-06-24,16.352210998535156
2010-06-25,16.52359390258789
2010-06-28,16.437904357910156
2010-06-29,15.847772598266602
2010-06-30,15.664689064025879
2010-07-01,15.612112045288086
2010-07-02,15.498112678527832
2010-07-06,15.509834289550781
2010-07-07,16.072978973388672
2010-07-08,16.235271453857422
2010-07-09,16.39756965637207
2010-07-12,16.31740379333496
2010-07-13,16.657629013061523
2010-07-14,16.622438430786133
2010-07-15,16.620485305786133
2010-07-16,16.100353240966797
2010-07-19,16.215723037719727
2010-07-20,16.45231819152832
2010-07-21,16.225500106811523
2010-07-22,16.645902633666992
2010-07-23,16.859039306640625
2010-07-26,17.13864517211914
2010-07-27,17.011554718017578
2010-07-28,16.85708236694336
2010-07-29,16.75344467163086
2010-07-30,16.816015243530273
2010-08-02,17.156248092651367
2010-08-03,17.035024642944336
2010-08-04,17.195356369018555
2010-08-05,17.130834579467773
2010-08-06,17.06825065612793
2010-08-09,17.21491050720215
2010-08-10,17.025243759155273
2010-08-11,16.497304916381836
2010-08-12,16.379974365234375
2010-08-13,16.352598190307617
2010-08-16,16.366287231445312
2010-08-17,16.638076782226562
2010-08-18,16.692838668823242
2010-08-19,16.39756965637207
2010-08-20,16.399526596069336
2010-08-23,16.276338577270508
2010-08-24,16.033876419067383
2010-08-25,16.114049911499023
2010-08-26,16.000638961791992
2010-08-27,16.334997177124023
2010-08-30,16.067115783691406
2010-08-31,16.067115783691406
2010-09-01,16.595069885253906
2010-09-02,16.82383918762207
2010-09-03,17.0487003326416
2010-09-07,16.81211280822754
2010-09-08,16.925518035888672
2010-09-09,16.96853256225586
2010-09-10,17.04283905029297
2010-09-13,17.29703140258789
2010-09-14,17.28725814819336
2010-09-15,17.35569190979004
2010-09-16,17.310720443725586
2010-09-17,17.359603881835938
2010-09-20,17.645084381103516
2010-09-21,17.564910888671875
2010-09-22,17.426082611083984
2010-09-23,17.279298782348633
2010-09-24,17.70178985595703
2010-09-27,17.640878677368164
2010-09-28,17.782363891601562
2010-09-29,17.77449607849121
2010-09-30,17.7587833404541
2010-10-01,17.81773567199707
2010-10-04,17.654624938964844
2010-10-05,18.035863876342773
2010-10-06,17.92778205871582
2010-10-07,17.923845291137695
2010-10-08,18.073204040527344
2010-10-11,18.10464096069336
2010-10-12,18.183252334594727
2010-10-13,18.326698303222656
2010-10-14,18.24220085144043
2010-10-15,18.2598876953125
2010-10-18,18.303117752075195
2010-10-19,18.028003692626953
2010-10-20,18.23630714416504
2010-10-21,18.250064849853516
2010-10-22,18.358137130737305
2010-10-25,18.43477439880371
2010-10-26,18.399404525756836
2010-10-27,18.395483016967773
2010-10-28,18.369935989379883
2010-10-29,18.43477439880371
2010-11-01,18.424951553344727
2010-11-02,18.59592628479004
2010-11-03,18.647022247314453
2010-11-04,19.00074005126953
2010-11-05,19.108816146850586
2010-11-08,19.1009578704834
2010-11-09,18.902481079101562
2010-11-10,19.028249740600586
2010-11-11,19.014495849609375
2010-11-12,18.741342544555664
2010-11-15,18.755102157592773
2010-11-16,18.424951553344727
2010-11-17,18.476051330566406
2010-11-18,18.7393798828125
2010-11-19,18.837635040283203
2010-11-22,18.91623878479004
2010-11-23,18.678457260131836
2010-11-24,19.032175064086914
2010-11-26,18.922130584716797
2010-11-29,18.886756896972656
2010-11-30,18.772783279418945
2010-12-01,19.169729232788086
2010-12-02,19.446819305419922
2010-12-03,19.558828353881836
2010-12-06,19.56276512145996
2010-12-07,19.56669044494629
2010-12-08,19.55097007751465
2010-12-09,19.611892700195312
2010-12-10,19.7592716217041
2010-12-13,19.721939086914062
2010-12-14,19.71014976501465
2010-12-15,19.61778450012207
2010-12-16,19.773027420043945
2010-12-17,19.855560302734375
2010-12-20,19.92827606201172
2010-12-21,20.089414596557617
2010-12-22,20.134429931640625
2010-12-23,20.089017868041992
2010-12-27,20.09691619873047
2010-12-28,20.055463790893555
2010-12-29,20.14429473876953
2010-12-30,20.12258529663086
2010-12-31,20.08704376220703
2011-01-03,20.302223205566406
2011-01-04,20.152191162109375
2011-01-05,20.254844665527344
2011-01-06,20.21141815185547
2011-01-07,20.187728881835938
2011-01-10,20.213394165039062
2011-01-11,20.30814552307129
2011-01-12,20.475954055786133
2011-01-13,20.460159301757812
2011-01-14,20.58452606201172
2011-01-18,20.687185287475586
2011-01-19,20.381195068359375
2011-01-20,20.262744903564453
2011-01-21,20.25287437438965
2011-01-24,20.400930404663086
2011-01-25,20.38317108154297
2011-01-26,20.574661254882812
2011-01-27,20.677318572998047
2011-01-28,20.312095642089844
2011-01-31,20.489774703979492
2011-02-01,20.77800178527832
2011-02-02,20.736543655395508
2011-02-03,20.819456100463867
2011-02-04,20.92211151123047
2011-02-07,21.072147369384766
2011-02-08,21.16493797302246
2011-02-09,21.10569953918457
2011-02-10,21.208358764648438
2011-02-11,21.380115509033203
2011-02-14,21.453161239624023
2011-02-15,21.366300582885742
2011-02-16,21.51238441467285
2011-02-17,21.603195190429688
2011-02-18,21.59727668762207
2011-02-22,21.05636215209961
2011-02-23,20.821426391601562
2011-02-24,20.831302642822266
2011-02-25,21.202444076538086
2011-02-28,21.25574493408203
2011-03-01,20.878686904907227
2011-03-02,20.947782516479492
2011-03-03,21.338659286499023
2011-03-04,21.22614097595215
2011-03-07,20.987260818481445
2011-03-08,21.200469970703125
2011-03-09,21.135324478149414
2011-03-10,20.748390197753906
2011-03-11,20.918169021606445
2011-03-14,20.807613372802734
2011-03-15,20.6240177154541
2011-03-16,20.34960174560547
2011-03-17,20.537153244018555
2011-03-18,20.63783836364746
2011-03-21,20.9912052154541
2011-03-22,20.886579513549805
2011-03-23,20.918169021606445
2011-03-24,21.14338493347168
2011-03-25,21.272138595581055
2011-03-28,21.177051544189453
2011-03-29,21.345430374145508
2011-03-30,21.563322067260742
2011-03-31,21.589065551757812
2011-04-01,21.72971534729004
2011-04-04,21.737642288208008
2011-04-05,21.769323348999023
2011-04-06,21.78913688659668
2011-04-07,21.711891174316406
2011-04-08,21.591049194335938
2011-04-11,21.48012351989746
2011-04-12,21.3038330078125
2011-04-13,21.37910270690918
2011-04-14,21.38901138305664
2011-04-15,21.555400848388672
2011-04-18,21.272138595581055
2011-04-19,21.371179580688477
2011-04-20,21.73564910888672
2011-04-21,21.856477737426758
2011-04-25,21.838655471801758
2011-04-26,22.001083374023438
2011-04-27,22.13578987121582
2011-04-28,22.14766502380371
2011-04-29,22.232833862304688
2011-05-02,22.175397872924805
2011-05-03,21.993167877197266
2011-05-04,21.816864013671875
2011-05-05,21.727733612060547
2011-05-06,21.828754425048828
2011-05-09,21.991182327270508
2011-05-10,22.215015411376953
2011-05-11,21.995136260986328
2011-05-12,22.09021759033203
2011-05-13,21.917890548706055
2011-05-16,21.769323348999023
2011-05-17,21.668306350708008
2011-05-18,21.959487915039062
2011-05-19,22.01692771911621
2011-05-20,21.89015769958496
2011-05-23,21.579172134399414
2011-05-24,21.533611297607422
2011-05-25,21.64057159423828
2011-05-26,21.816864013671875
2011-05-27,21.937698364257812
2011-05-31,22.13182258605957
2011-06-01,21.620769500732422
2011-06-02,21.59897804260254
2011-06-03,21.329580307006836
2011-06-06,21.03642463684082
2011-06-07,21.081979751586914
2011-06-08,20.903703689575195
2011-06-09,21.034440994262695
2011-06-10,20.71354103088379
2011-06-13,20.666011810302734
2011-06-14,21.000764846801758
2011-06-15,20.669967651367188
2011-06-16,20.6402530670166
2011-06-17,20.687795639038086
2011-06-20,20.83041000366211
2011-06-21,21.202816009521484
2011-06-22,21.10376739501953
2011-06-23,21.097822189331055
2011-06-24,20.891813278198242
2011-06-27,21.004722595214844
2011-06-28,21.319665908813477
2011-06-29,21.488052368164062
2011-06-30,21.65839385986328
2011-07-01,22.012968063354492
2011-07-05,21.99289894104004
2011-07-06,22.042579650878906
2011-07-07,22.277099609375
2011-07-08,22.1141300201416
2011-07-11,21.63118553161621
2011-07-12,21.531808853149414
2011-07-13,21.587467193603516
2011-07-14,21.358903884887695
2011-07-15,21.511932373046875
2011-07-18,21.243637084960938
2011-07-19,21.619258880615234
2011-07-20,21.597394943237305
2011-07-21,21.825958251953125
2011-07-22,21.877626419067383
2011-07-25,21.724599838256836
2011-07-26,21.611312866210938
2011-07-27,21.068744659423828
2011-07-28,20.953466415405273
2011-07-29,20.8978271484375
2011-08-01,20.73484992980957
2011-08-02,20.092920303344727
2011-08-03,20.194272994995117
2011-08-04,19.035606384277344
2011-08-05,18.836856842041016
2011-08-08,17.374107360839844
2011-08-09,18.34795379638672
2011-08-10,17.68812370300293
2011-08-11,18.55265235900879
2011-08-12,18.695755004882812
2011-08-15,19.168764114379883
2011-08-16,18.944181442260742
2011-08-17,18.87063980102539
2011-08-18,17.91270637512207
2011-08-19,17.598690032958984
2011-08-22,17.614585876464844
2011-08-23,18.22472381591797
2011-08-24,18.502962112426758
2011-08-25,18.16510581970215
2011-08-26,18.544706344604492
2011-08-29,19.218446731567383
2011-08-30,19.313846588134766
2011-08-31,19.443025588989258
2011-09-01,19.174726486206055
2011-09-02,18.65202522277832
2011-09-06,18.512903213500977
2011-09-07,19.12901496887207
2011-09-08,18.906417846679688
2011-09-09,18.387697219848633
2011-09-12,18.481103897094727
2011-09-13,18.73152732849121
2011-09-14,19.029634475708008
2011-09-15,19.315832138061523
2011-09-16,19.34762954711914
2011-09-19,19.12901496887207
2011-09-20,19.003801345825195
2011-09-21,18.32210922241211
2011-09-22,17.719924926757812
2011-09-23,17.834619522094727
2011-09-26,18.247520446777344
2011-09-27,18.508827209472656
2011-09-28,17.99420738220215
2011-09-29,18.105899810791016
2011-09-30,17.603227615356445
2011-10-03,16.893115997314453
2011-10-04,17.389802932739258
2011-10-05,17.746849060058594
2011-10-06,18.17171859741211
2011-10-07,17.93635368347168
2011-10-10,18.58063507080078
2011-10-11,18.59857940673828
2011-10-12,18.796066284179688
2011-10-13,18.819995880126953
2011-10-14,19.12120246887207
2011-10-17,18.71628189086914
2011-10-18,19.14513397216797
2011-10-19,18.857900619506836
2011-10-20,18.96360969543457
2011-10-21,19.362558364868164
2011-10-24,19.8193416595459
2011-10-25,19.39845848083496
2011-10-26,19.587955474853516
2011-10-27,20.359914779663086
2011-10-28,20.36788558959961
2011-10-31,19.86322593688965
2011-11-01,19.286760330200195
2011-11-02,19.651792526245117
2011-11-03,20.034778594970703
2011-11-04,20.034778594970703
2011-11-07,20.044748306274414
2011-11-08,20.244218826293945
2011-11-09,19.442354202270508
2011-11-10,19.548067092895508
2011-11-11,19.972938537597656
2011-11-14,19.783447265625
2011-11-15,19.907115936279297
2011-11-16,19.623863220214844
2011-11-17,19.22891616821289
2011-11-18,19.2209415435791
2011-11-21,18.90178108215332
2011-11-22,18.8120174407959
2011-11-23,18.339277267456055
2011-11-25,18.305368423461914
2011-11-28,18.87386131286621
2011-11-29,18.903776168823242
2011-11-30,19.765493392944336
2011-12-01,19.707639694213867
2011-12-02,19.72160530090332
2011-12-05,19.950990676879883
2011-12-06,19.92506217956543
2011-12-07,19.877193450927734
2011-12-08,19.386493682861328
2011-12-09,19.757509231567383
2011-12-12,19.458303451538086
2011-12-13,19.161094665527344
2011-12-14,18.90776824951172
2011-12-15,19.011499404907227
2011-12-16,19.12120246887207
2011-12-19,18.833955764770508
2011-12-20,19.47426414489746
2011-12-21,19.522127151489258
2011-12-22,19.73407745361328
2011-12-23,19.852375030517578
2011-12-27,19.88445281982422
2011-12-28,19.595726013183594
2011-12-29,19.800247192382812
2011-12-30,19.73407745361328
2012-01-03,19.96265411376953
2012-01-04,19.912532806396484
2012-01-05,20.058900833129883
2012-01-06,20.024812698364258
2012-01-09,20.096996307373047
2012-01-10,20.355648040771484
2012-01-11,20.389741897583008
2012-01-12,20.465932846069336
2012-01-13,20.359657287597656
2012-01-17,20.4238224029541
2012-01-18,20.714557647705078
2012-01-19,20.870956420898438
2012-01-20,20.800777435302734
2012-01-23,20.836870193481445
2012-01-24,20.89101219177246
2012-01-25,21.131624221801758
2012-01-26,20.999279022216797
2012-01-27,21.06344985961914
2012-01-30,20.943147659301758
2012-01-31,20.919082641601562
2012-02-01,21.219850540161133
2012-02-02,21.267961502075195
2012-02-03,21.606821060180664
2012-02-06,21.57274055480957
2012-02-07,21.598806381225586
2012-02-08,21.66096305847168
2012-02-09,21.721113204956055
2012-02-10,21.526613235473633
2012-02-13,21.707080841064453
2012-02-14,21.672988891601562
2012-02-15,21.62086296081543
2012-02-16,21.89154815673828
2012-02-17,21.907594680786133
2012-02-21,21.81937026977539
2012-02-22,21.74718475341797
2012-02-23,21.89154815673828
2012-02-24,21.923627853393555
2012-02-27,21.939664840698242
2012-02-28,21.919626235961914
2012-02-29,21.779268264770508
2012-03-01,21.947689056396484
2012-03-02,21.83139991760254
2012-03-05,21.701066970825195
2012-03-06,21.33614158630371
2012-03-07,21.514598846435547
2012-03-08,21.761215209960938
2012-03-09,21.92162322998047
2012-03-12,21.86949920654297
2012-03-13,22.27452278137207
2012-03-14,22.160226821899414
2012-03-15,22.328651428222656
2012-03-16,22.330657958984375
2012-03-19,22.390811920166016
2012-03-20,22.252464294433594
2012-03-21,22.248456954956055
2012-03-22,22.0579776763916
2012-03-23,22.160564422607422
2012-03-26,22.446231842041016
2012-03-27,22.377826690673828
2012-03-28,22.2349910736084
2012-03-29,22.218908309936523
2012-03-30,22.27322006225586
2012-04-02,22.44823455810547
2012-04-03,22.41202163696289
2012-04-04,22.1424560546875
2012-04-05,22.10222625732422
2012-04-09,21.822607040405273
2012-04-10,21.35991668701172
2012-04-11,21.591266632080078
2012-04-12,21.949338912963867
2012-04-13,21.705930709838867
2012-04-16,21.689828872680664
2012-04-17,22.001646041870117
2012-04-18,21.925195693969727
2012-04-19,21.874908447265625
2012-04-20,21.87289810180664
2012-04-23,21.661672592163086
2012-04-24,21.693849563598633
2012-04-25,22.019750595092773
2012-04-26,22.210861206054688
2012-04-27,22.30138397216797
2012-04-30,22.18872833251953
2012-05-01,22.323503494262695
2012-05-02,22.303394317626953
2012-05-03,22.05596160888672
2012-05-04,21.722021102905273
2012-05-07,21.738117218017578
2012-05-08,21.619428634643555
2012-05-09,21.51079750061035
2012-05-10,21.563100814819336
2012-05-11,21.575170516967773
2012-05-14,21.30158805847168
2012-05-15,21.164785385131836
2012-05-16,21.007877349853516
2012-05-17,20.504962921142578
2012-05-18,20.269596099853516
2012-05-21,20.740324020385742
2012-05-22,20.786603927612305
2012-05-23,20.879131317138672
2012-05-24,20.909303665161133
2012-05-25,20.91935920715332
2012-05-29,21.184900283813477
2012-05-30,20.78055763244629
2012-05-31,20.726253509521484
2012-06-01,20.102624893188477
2012-06-04,20.020145416259766
2012-06-05,20.25752830505371
2012-06-06,20.718204498291016
2012-06-07,20.655834197998047
2012-06-08,20.806711196899414
2012-06-11,20.476795196533203
2012-06-12,20.68400001525879
2012-06-13,20.468748092651367
2012-06-14,20.627681732177734
2012-06-15,20.84090805053711
2012-06-18,20.979717254638672
2012-06-19,21.215085983276367
2012-06-20,21.18691635131836
2012-06-21,20.655834197998047
2012-06-22,20.77452278137207
2012-06-25,20.422481536865234
2012-06-26,20.553810119628906
2012-06-27,20.729583740234375
2012-06-28,20.7376708984375
2012-06-29,21.2872257232666
2012-07-02,21.378145217895508
2012-07-03,21.572099685668945
2012-07-05,21.527658462524414
2012-07-06,21.295307159423828
2012-07-09,21.186208724975586
2012-07-10,20.949811935424805
2012-07-11,20.91748809814453
2012-07-12,20.828588485717773
2012-07-13,21.139734268188477
2012-07-16,21.062950134277344
2012-07-17,21.208431243896484
2012-07-18,21.37207794189453
2012-07-19,21.424610137939453
2012-07-20,21.18216323852539
2012-07-23,20.94173240661621
2012-07-24,20.697256088256836
2012-07-25,20.73362922668457
2012-07-26,21.08518409729004
2012-07-27,21.515531539916992
2012-07-30,21.46097755432129
2012-07-31,21.33975601196289
2012-08-01,21.208431243896484
2012-08-02,21.087200164794922
2012-08-03,21.517555236816406
2012-08-06,21.58019256591797
2012-08-07,21.79233169555664
2012-08-08,21.840822219848633
2012-08-09,21.86910629272461
2012-08-10,21.8771915435791
2012-08-13,21.85899543762207
2012-08-14,21.82668113708496
2012-08-15,21.91962242126465
2012-08-16,22.09539794921875
2012-08-17,22.164093017578125
2012-08-20,22.09539794921875
2012-08-21,22.087312698364258
2012-08-22,22.057004928588867
2012-08-23,21.907495498657227
2012-08-24,22.01457977294922
2012-08-27,21.992361068725586
2012-08-28,22.010540008544922
2012-08-29,22.04892921447754
2012-08-30,21.899410247802734
2012-08-31,22.016599655151367
2012-09-04,22.075191497802734
2012-09-05,22.04488754272461
2012-09-06,22.497461318969727
2012-09-07,22.640918731689453
2012-09-10,22.539892196655273
2012-09-11,22.60454750061035
2012-09-12,22.691417694091797
2012-09-13,22.96417808532715
2012-09-14,23.164201736450195
2012-09-17,22.988420486450195
2012-09-18,22.859115600585938
2012-09-19,22.927814483642578
2012-09-20,22.8267879486084
2012-09-21,22.84294891357422
2012-09-24,22.75371551513672
2012-09-25,22.43529510498047
2012-09-26,22.297386169433594
2012-09-27,22.52859115600586
2012-09-28,22.4616641998291
2012-10-01,22.4616641998291
2012-10-02,22.52250862121582
2012-10-03,22.5935001373291
2012-10-04,22.788192749023438
2012-10-05,22.792253494262695
2012-10-08,22.719240188598633
2012-10-09,22.500198364257812
2012-10-10,22.358230590820312
2012-10-11,22.457611083984375
2012-10-12,22.344030380249023
2012-10-15,22.498165130615234
2012-10-16,22.741544723510742
2012-10-17,22.84294891357422
2012-10-18,22.863231658935547
2012-10-19,22.5143985748291
2012-10-22,22.490053176879883
2012-10-23,22.256816864013672
2012-10-24,22.149330139160156
2012-10-25,22.21219825744629
2012-10-26,22.179746627807617
2012-10-31,22.206119537353516
2012-11-01,22.627967834472656
2012-11-02,22.3927001953125
2012-11-05,22.488033294677734
2012-11-06,22.688812255859375
2012-11-07,22.242626190185547
2012-11-08,21.924205780029297
2012-11-09,21.96882438659668
2012-11-12,21.952598571777344
2012-11-13,21.899869918823242
2012-11-14,21.573333740234375
2012-11-15,21.54899787902832
2012-11-16,21.703136444091797
2012-11-19,22.08443260192871
2012-11-20,22.12498664855957
2012-11-21,22.185840606689453
2012-11-23,22.457611083984375
2012-11-26,22.40081214904785
2012-11-27,22.321720123291016
2012-11-28,22.457611083984375
2012-11-29,22.579296112060547
2012-11-30,22.6036319732666
2012-12-03,22.51034164428711
2012-12-04,22.496139526367188
2012-12-05,22.550905227661133
2012-12-06,22.636077880859375
2012-12-07,22.70909309387207
2012-12-10,22.784135818481445
2012-12-11,22.8875732421875
2012-12-12,22.901765823364258
2012-12-13,22.76993751525879
2012-12-14,22.731409072875977
2012-12-17,22.958559036254883
2012-12-18,23.274948120117188
2012-12-19,23.18751335144043
2012-12-20,23.312124252319336
2012-12-21,23.14257049560547
2012-12-24,23.08538055419922
2012-12-26,22.91786766052246
2012-12-27,22.921953201293945
2012-12-28,22.71155548095703
2012-12-31,23.103759765625
2013-01-02,23.69003677368164
2013-01-03,23.667564392089844
2013-01-04,23.847333908081055
2013-01-07,23.761533737182617
2013-01-08,23.673702239990234
2013-01-09,23.777877807617188
2013-01-10,23.882055282592773
2013-01-11,23.86572265625
2013-01-14,23.91269874572754
2013-01-15,24.016883850097656
2013-01-16,23.97807502746582
2013-01-17,24.194610595703125
2013-01-18,24.2497615814209
2013-01-22,24.439741134643555
2013-01-23,24.429523468017578
2013-01-24,24.548006057739258
2013-01-25,24.750246047973633
2013-01-28,24.686912536621094
2013-01-29,24.758405685424805
2013-01-30,24.65626335144043
2013-01-31,24.688961029052734
2013-02-01,24.925918579101562
2013-02-04,24.672611236572266
2013-02-05,24.8727970123291
2013-02-06,24.96881675720215
2013-02-07,24.91570281982422
2013-02-08,25.083202362060547
2013-02-11,25.05257225036621
2013-02-12,25.11180877685547
2013-02-13,25.16900634765625
2013-02-14,25.21190071105957
2013-02-15,25.189435958862305
2013-02-19,25.346725463867188
2013-02-20,24.93612289428711
2013-02-21,24.715503692626953
2013-02-22,24.979032516479492
2013-02-25,24.490800857543945
2013-02-26,24.646059036254883
2013-02-27,25.007627487182617
2013-02-28,25.011722564697266
2013-03-01,25.05257225036621
2013-03-04,25.173095703125
2013-03-05,25.448869705200195
2013-03-06,25.46724510192871
2013-03-07,25.530574798583984
2013-03-08,25.722597122192383
2013-03-11,25.773670196533203
2013-03-12,25.736900329589844
2013-03-13,25.824737548828125
2013-03-14,25.98406982421875
2013-03-15,25.912574768066406
2013-03-18,25.779796600341797
2013-03-19,25.67765235900879
2013-03-20,25.912574768066406
2013-03-21,25.69194984436035
2013-03-22,25.806354522705078
2013-03-25,25.724990844726562
2013-03-26,25.911476135253906
2013-03-27,25.919677734375
2013-03-28,26.085674285888672
2013-04-01,25.878690719604492
2013-04-02,25.84999656677246
2013-04-03,25.49956703186035
2013-04-04,25.65532112121582
2013-04-05,25.5712890625
2013-04-08,25.804916381835938
2013-04-09,25.862295150756836
2013-04-10,26.179943084716797
2013-04-11,26.31519889831543
2013-04-12,26.222970962524414
2013-04-15,25.47087860107422
2013-04-16,25.876646041870117
2013-04-17,25.474973678588867
2013-04-18,25.352018356323242
2013-04-19,25.608182907104492
2013-04-22,25.70450210571289
2013-04-23,25.99550437927246
2013-04-24,26.075424194335938
2013-04-25,26.2291259765625
2013-04-26,26.110261917114258
2013-04-29,26.29059600830078
2013-04-30,26.42995834350586
2013-05-01,26.114355087280273
2013-05-02,26.33978271484375
2013-05-03,26.64719009399414
2013-05-06,26.76400375366211
2013-05-07,26.958675384521484
2013-05-08,27.083690643310547
2013-05-09,26.991464614868164
2013-05-10,27.17180824279785
2013-05-13,27.124675750732422
2013-05-14,27.446407318115234
2013-05-15,27.60011100769043
2013-05-16,27.430021286010742
2013-05-17,27.725116729736328
2013-05-20,27.721012115478516
2013-05-21,27.755859375
2013-05-22,27.386981964111328
2013-05-23,27.319366455078125
2013-05-24,27.225093841552734
2013-05-28,27.393123626708984
2013-05-29,27.17180824279785
2013-05-30,27.333703994750977
2013-05-31,26.999671936035156
2013-06-03,26.973018646240234
2013-06-04,26.798831939697266
2013-06-05,26.436098098754883
2013-06-06,26.716854095458984
2013-06-07,27.07139015197754
2013-06-10,27.048845291137695
2013-06-11,26.729150772094727
2013-06-12,26.49758529663086
2013-06-13,26.964824676513672
2013-06-14,26.850061416625977
2013-06-17,27.048845291137695
2013-06-18,27.2722225189209
2013-06-19,26.884899139404297
2013-06-20,26.149200439453125
2013-06-21,26.16764259338379
2013-06-24,25.85819435119629
2013-06-25,26.188135147094727
2013-06-26,26.42790985107422
2013-06-27,26.720964431762695
2013-06-28,26.61849594116211
2013-07-01,26.893104553222656
2013-07-02,26.840635299682617
2013-07-03,26.8324031829834
2013-07-05,27.120452880859375
2013-07-08,27.229503631591797
2013-07-09,27.439380645751953
2013-07-10,27.494932174682617
2013-07-11,27.894100189208984
2013-07-12,27.953779220581055
2013-07-15,28.04636001586914
2013-07-16,27.879697799682617
2013-07-17,27.974346160888672
2013-07-18,28.192434310913086
2013-07-19,28.23152732849121
2013-07-22,28.311765670776367
2013-07-23,28.252107620239258
2013-07-24,28.034008026123047
2013-07-25,28.175979614257812
2013-07-26,28.153343200683594
2013-07-29,28.068984985351562
2013-07-30,28.13276481628418
2013-07-31,28.188323974609375
2013-08-01,28.698596954345703
2013-08-02,28.706829071044922
2013-08-05,28.686248779296875
2013-08-06,28.459924697875977
2013-08-07,28.278860092163086
2013-08-08,28.44757843017578
2013-08-09,28.45580291748047
2013-08-12,28.43522834777832
2013-08-13,28.439346313476562
2013-08-14,28.285036087036133
2013-08-15,27.844722747802734
2013-08-16,27.731544494628906
2013-08-19,27.542251586914062
2013-08-20,27.828256607055664
2013-08-21,27.6430721282959
2013-08-22,27.94347381591797
2013-08-23,28.005203247070312
2013-08-26,27.980514526367188
2013-08-27,27.462011337280273
2013-08-28,27.513444900512695
2013-08-29,27.634841918945312
2013-08-30,27.431156158447266
2013-09-03,27.566940307617188
2013-09-04,27.80767822265625
2013-09-05,27.865291595458984
2013-09-06,27.92290687561035
2013-09-09,28.274736404418945
2013-09-10,28.509302139282227
2013-09-11,28.58954429626465
2013-09-12,28.441404342651367
2013-09-13,28.531930923461914
2013-09-16,28.725337982177734
2013-09-17,28.894060134887695
2013-09-18,29.22943115234375
2013-09-19,29.169767379760742
2013-09-20,28.908462524414062
2013-09-23,28.766496658325195
2013-09-24,28.784238815307617
2013-09-25,28.77392578125
2013-09-26,28.912174224853516
2013-09-27,28.79043197631836
2013-09-30,28.697566986083984
2013-10-01,29.01329803466797
2013-10-02,29.002975463867188
2013-10-03,28.76154136657715
2013-10-04,28.988529205322266
2013-10-07,28.693435668945312
2013-10-08,28.26423454284668
2013-10-09,28.212629318237305
2013-10-10,28.792499542236328
2013-10-11,29.015344619750977
2013-10-14,29.091707229614258
2013-10-15,28.848203659057617
2013-10-16,29.260923385620117
2013-10-17,29.52297592163086
2013-10-18,29.702512741088867
2013-10-21,29.67362403869629
2013-10-22,29.791240692138672
2013-10-23,29.617904663085938
2013-10-24,29.702512741088867
2013-10-25,29.84282875061035
2013-10-28,29.82425308227539
2013-10-29,29.981082916259766
2013-10-30,29.778852462768555
2013-10-31,29.708711624145508
2013-11-01,29.785045623779297
2013-11-04,29.97903060913086
2013-11-05,29.84282875061035
2013-11-06,29.826318740844727
2013-11-07,29.326948165893555
2013-11-08,29.723142623901367
2013-11-11,29.785045623779297
2013-11-12,29.74790382385254
2013-11-13,30.01616668701172
2013-11-14,30.164743423461914
2013-11-15,30.313318252563477
2013-11-18,30.08013916015625
2013-11-19,29.890287399291992
2013-11-20,29.822193145751953
2013-11-21,30.123472213745117
2013-11-22,30.206012725830078
2013-11-25,30.175073623657227
2013-11-26,30.20806884765625
2013-11-27,30.274106979370117
2013-11-29,30.1977481842041
2013-12-02,30.158552169799805
2013-12-03,30.069820404052734
2013-12-04,30.01824188232422
2013-12-05,29.966650009155273
2013-12-06,30.23490333557129
2013-12-09,30.286483764648438
2013-12-10,30.239030838012695
2013-12-11,29.79537010192871
2013-12-12,29.797426223754883
2013-12-13,29.85727310180664
2013-12-16,30.0285587310791
2013-12-17,30.0285587310791
2013-12-18,30.410301208496094
2013-12-19,30.336009979248047
2013-12-20,30.571260452270508
2013-12-23,30.757373809814453
2013-12-24,30.860990524291992
2013-12-26,30.93353271484375
2013-12-27,30.908645629882812
2013-12-30,30.956329345703125
2013-12-31,31.082738876342773
2014-01-02,30.78015899658203
2014-01-03,30.846485137939453
2014-01-06,30.70140838623047
2014-01-07,30.941810607910156
2014-01-08,31.01849365234375
2014-01-09,31.062021255493164
2014-01-10,31.223674774169922
2014-01-13,30.80089569091797
2014-01-14,31.176000595092773
2014-01-15,31.296199798583984
2014-01-16,31.258895874023438
2014-01-17,31.157346725463867
2014-01-21,31.279621124267578
2014-01-22,31.391530990600586
2014-01-23,31.120052337646484
2014-01-24,30.359447479248047
2014-01-27,30.17293930053711
2014-01-28,30.49415397644043
2014-01-29,30.214372634887695
2014-01-30,30.618515014648438
2014-01-31,30.485876083374023
2014-02-03,29.648611068725586
2014-02-04,29.982263565063477
2014-02-05,29.92215919494629
2014-02-06,30.3200740814209
2014-02-07,30.70762062072754
2014-02-10,30.763582229614258
2014-02-11,31.04129409790039
2014-02-12,31.12418556213379
2014-02-13,31.354223251342773
2014-02-14,31.462003707885742
2014-02-18,31.636089324951172
2014-02-19,31.53246307373047
2014-02-20,31.806034088134766
2014-02-21,31.806034088134766
2014-02-24,32.021568298339844
2014-02-25,32.015350341796875
2014-02-26,32.11276626586914
2014-02-27,32.245384216308594
2014-02-28,32.25574493408203
2014-03-03,32.063011169433594
2014-03-04,32.560401916503906
2014-03-05,32.48786926269531
2014-03-06,32.51274490356445
2014-03-07,32.51689147949219
2014-03-10,32.39875030517578
2014-03-11,32.23501205444336
2014-03-12,32.25368881225586
2014-03-13,31.897218704223633
2014-03-14,31.940752029418945
2014-03-17,32.152130126953125
2014-03-18,32.421546936035156
2014-03-19,32.22467041015625
2014-03-20,32.32828140258789
2014-03-21,32.245384216308594
2014-03-24,31.955251693725586
2014-03-25,31.99081039428711
2014-03-26,31.672645568847656
2014-03-27,31.639375686645508
2014-03-28,31.80988883972168
2014-03-31,32.18210983276367
2014-04-01,32.49405288696289
2014-04-02,32.58555221557617
2014-04-03,32.47948455810547
2014-04-04,32.0074462890625
2014-04-07,31.50212860107422
2014-04-08,31.7080020904541
2014-04-09,32.063594818115234
2014-04-10,31.298336029052734
2014-04-11,30.92611312866211
2014-04-14,31.12367057800293
2014-04-15,31.350318908691406
2014-04-16,31.68096351623535
2014-04-17,31.77037811279297
2014-04-21,31.886838912963867
2014-04-22,32.121803283691406
2014-04-23,32.059425354003906
2014-04-24,32.071903228759766
2014-04-25,31.7080020904541
2014-04-28,31.631057739257812
2014-04-29,31.79325294494629
2014-04-30,32.001197814941406
2014-05-01,32.05319595336914
2014-05-02,32.06150436401367
2014-05-05,32.11558151245117
2014-05-06,31.855648040771484
2014-05-07,31.96169090270996
2014-05-08,31.853553771972656
2014-05-09,31.897233963012695
2014-05-12,32.32143783569336
2014-05-13,32.26114273071289
2014-05-14,32.049015045166016
2014-05-15,31.780786514282227
2014-05-16,31.930503845214844
2014-05-19,32.07398986816406
2014-05-20,31.7745304107666
2014-05-21,31.994953155517578
2014-05-22,32.13637161254883
2014-05-23,32.33390808105469
2014-05-27,32.55849838256836
2014-05-28,32.510677337646484
2014-05-29,32.68120574951172
2014-05-30,32.687435150146484
2014-06-02,32.75605392456055
2014-06-03,32.79140090942383
2014-06-04,32.91825866699219
2014-06-05,33.15947723388672
2014-06-06,33.34455108642578
2014-06-09,33.3674201965332
2014-06-10,33.29671859741211
2014-06-11,33.20105743408203
2014-06-12,32.98480987548828
2014-06-13,33.117889404296875
2014-06-16,33.13660430908203
2014-06-17,33.31959533691406
2014-06-18,33.52339172363281
2014-06-19,33.5566520690918
2014-06-20,33.66686248779297
2014-06-23,33.64816665649414
2014-06-24,33.448524475097656
2014-06-25,33.60032653808594
2014-06-26,33.56914138793945
2014-06-27,33.65024185180664
2014-06-30,33.80412292480469
2014-07-01,33.98710632324219
2014-07-02,33.88753128051758
2014-07-03,34.05036163330078
2014-07-07,33.79566192626953
2014-07-08,33.518001556396484
2014-07-09,33.6724967956543
2014-07-10,33.49295425415039
2014-07-11,33.49921798706055
2014-07-14,33.61194610595703
2014-07-15,33.48250961303711
2014-07-16,33.55976867675781
2014-07-17,33.1422233581543
2014-07-18,33.52845001220703
2014-07-21,33.42615509033203
2014-07-22,33.58063507080078
2014-07-23,33.614044189453125
2014-07-24,33.66831588745117
2014-07-25,33.49504470825195
2014-07-28,33.49295425415039
2014-07-29,33.359336853027344
2014-07-30,33.40109634399414
2014-07-31,32.7559928894043
2014-08-01,32.6912727355957
2014-08-04,32.868736267089844
2014-08-05,32.66622543334961
2014-08-06,32.67875671386719
2014-08-07,32.520076751708984
2014-08-08,32.89586639404297
2014-08-11,33.03575134277344
2014-08-12,32.920921325683594
2014-08-13,33.17771530151367
2014-08-14,33.35516357421875
2014-08-15,33.36977767944336
2014-08-18,33.685020446777344
2014-08-19,33.85411834716797
2014-08-20,33.925106048583984
2014-08-21,34.00861740112305
2014-08-22,33.98772048950195
2014-08-25,34.140140533447266
2014-08-26,34.17146301269531
2014-08-27,34.18607711791992
2014-08-28,34.19233322143555
2014-08-29,34.31132125854492
2014-09-02,34.3864860534668
2014-09-03,34.33637237548828
2014-09-04,34.29045104980469
2014-09-05,34.45121765136719
2014-09-08,34.37813949584961
2014-09-09,34.10673522949219
2014-09-10,34.20694351196289
2014-09-11,34.27793502807617
2014-09-12,33.9772834777832
2014-09-15,33.79149627685547
2014-09-16,34.05662155151367
2014-09-17,34.07960510253906
2014-09-18,34.19650650024414
2014-09-19,34.05454635620117
2014-09-22,33.655792236328125
2014-09-23,33.43449783325195
2014-09-24,33.68027114868164
2014-09-25,33.156890869140625
2014-09-26,33.408111572265625
2014-09-29,33.391357421875
2014-09-30,33.14850616455078
2014-10-01,32.706787109375
2014-10-02,32.7737922668457
2014-10-03,33.07734680175781
2014-10-06,33.027099609375
2014-10-07,32.51209259033203
2014-10-08,33.004066467285156
2014-10-09,32.26296615600586
2014-10-10,31.777271270751953
2014-10-13,31.237146377563477
2014-10-14,31.433958053588867
2014-10-15,31.339740753173828
2014-10-16,31.59932518005371
2014-10-17,31.898700714111328
2014-10-20,32.24412536621094
2014-10-21,32.97476577758789
2014-10-22,32.648170471191406
2014-10-23,33.06687927246094
2014-10-24,33.28459548950195
2014-10-27,33.225982666015625
2014-10-28,33.697025299072266
2014-10-29,33.581878662109375
2014-10-30,33.79122543334961
2014-10-31,34.19318389892578
2014-11-03,34.262264251708984
2014-11-04,34.088497161865234
2014-11-05,34.241329193115234
2014-11-06,34.43392562866211
2014-11-07,34.45277786254883
2014-11-10,34.55327224731445
2014-11-11,34.559547424316406
2014-11-12,34.60142135620117
2014-11-13,34.52395248413086
2014-11-14,34.536521911621094
2014-11-17,34.52186584472656
2014-11-18,34.77307891845703
2014-11-19,34.65793991088867
2014-11-20,34.79819869995117
2014-11-21,34.98662567138672
2014-11-24,35.16246795654297
2014-11-25,35.13315963745117
2014-11-26,35.177127838134766
2014-11-28,35.07035446166992
2014-12-01,34.687252044677734
2014-12-02,34.84635925292969
2014-12-03,35.091304779052734
2014-12-04,35.06407928466797
2014-12-05,35.072452545166016
2014-12-08,34.827510833740234
2014-12-09,34.9112548828125
2014-12-10,34.31041717529297
2014-12-11,34.47160339355469
2014-12-12,33.94196701049805
2014-12-15,33.78703689575195
2014-12-16,33.54418182373047
2014-12-17,34.30204391479492
2014-12-18,34.976173400878906
2014-12-19,35.06407928466797
2014-12-22,35.29018020629883
2014-12-23,35.3864860534668
2014-12-24,35.43781280517578
2014-12-26,35.534568786621094
2014-12-29,35.65448760986328
2014-12-30,35.46725845336914
2014-12-31,35.139102935791016
2015-01-02,35.14118957519531
2015-01-05,34.54795837402344
2015-01-06,34.194557189941406
2015-01-07,34.648948669433594
2015-01-08,35.2421760559082
2015-01-09,34.95817184448242
2015-01-12,34.68259811401367
2015-01-13,34.64473342895508
2015-01-14,34.48905944824219
2015-01-15,34.14827346801758
2015-01-16,34.59846496582031
2015-01-20,34.58161163330078
2015-01-21,34.82353973388672
2015-01-22,35.338932037353516
2015-01-23,35.17695617675781
2015-01-26,35.494606018066406
2015-01-27,35.25269317626953
2015-01-28,34.821441650390625
2015-01-29,35.06546401977539
2015-01-30,34.61737823486328
2015-02-02,34.9371452331543
2015-02-03,35.47988510131836
2015-02-04,35.33473205566406
2015-02-05,35.73863220214844
2015-02-06,35.54928970336914
2015-02-09,35.381019592285156
2015-02-10,35.768070220947266
2015-02-11,35.749149322509766
2015-02-12,36.117286682128906
2015-02-13,36.28976821899414
2015-02-17,36.33396911621094
2015-02-18,36.45807647705078
2015-02-19,36.424407958984375
2015-02-20,36.68104553222656
2015-02-23,36.670528411865234
2015-02-24,36.68315887451172
2015-02-25,36.70418930053711
2015-02-26,36.603214263916016
2015-02-27,36.50224685668945
2015-03-02,36.72732925415039
2015-03-03,36.57798385620117
2015-03-04,36.380245208740234
2015-03-05,36.51696014404297
2015-03-06,35.99106979370117
2015-03-09,36.098350524902344
2015-03-10,35.610294342041016
2015-03-11,35.711280822753906
2015-03-12,36.17407989501953
2015-03-13,35.9763298034668
2015-03-16,36.40546798706055
2015-03-17,36.38444519042969
2015-03-18,36.80515670776367
2015-03-19,36.68104553222656
2015-03-20,37.0050163269043
2015-03-23,36.981868743896484
2015-03-24,36.773616790771484
2015-03-25,36.163185119628906
2015-03-26,36.06403350830078
2015-03-27,36.29822540283203
2015-03-30,36.75188064575195
2015-03-31,36.52821350097656
2015-04-01,36.3805046081543
2015-04-02,36.561973571777344
2015-04-06,36.81939697265625
2015-04-07,36.635833740234375
2015-04-08,36.859493255615234
2015-04-09,36.88692092895508
2015-04-10,36.99874496459961
2015-04-13,36.844722747802734
2015-04-14,36.844722747802734
2015-04-15,37.019859313964844
2015-04-16,36.98397445678711
2015-04-17,36.591529846191406
2015-04-20,36.83416748046875
2015-04-21,36.853172302246094
2015-04-22,36.96076583862305
2015-04-23,37.097923278808594
2015-04-24,37.01351547241211
2015-04-27,36.743438720703125
2015-04-28,36.741329193115234
2015-04-29,36.54298782348633
2015-04-30,36.184295654296875
2015-05-01,36.538761138916016
2015-05-04,36.63372039794922
2015-05-05,36.169532775878906
2015-05-06,36.10622024536133
2015-05-07,36.275020599365234
2015-05-08,36.64004898071289
2015-05-11,36.55775451660156
2015-05-12,36.47336196899414
2015-05-13,36.45436477661133
2015-05-14,36.779319763183594
2015-05-15,36.851051330566406
2015-05-18,37.0662727355957
2015-05-19,37.00929641723633
2015-05-20,36.99663543701172
2015-05-21,37.04093551635742
2015-05-22,37.00718688964844
2015-05-26,36.6379280090332
2015-05-27,36.95443344116211
2015-05-28,36.89535140991211
2015-05-29,36.688575744628906
2015-06-01,36.78141403198242
2015-06-02,36.76874923706055
2015-06-03,36.851051330566406
2015-06-04,36.54509735107422
2015-06-05,36.57464599609375
2015-06-08,36.336212158203125
2015-06-09,36.28977966308594
2015-06-10,36.65692901611328
2015-06-11,36.79618453979492
2015-06-12,36.58941650390625
2015-06-15,36.41006851196289
2015-06-16,36.5936393737793
2015-06-17,36.67592239379883
2015-06-18,37.0156364440918
2015-06-19,36.88269805908203
2015-06-22,37.07048797607422
2015-06-23,37.04093551635742
2015-06-24,36.71389389038086
2015-06-25,36.65482711791992
2015-06-26,36.62949752807617
2015-06-29,35.84458923339844
2015-06-30,35.935306549072266
2015-07-01,36.11465835571289
2015-07-02,36.117618560791016
2015-07-06,35.97784423828125
2015-07-07,36.23200607299805
2015-07-08,35.61989212036133
2015-07-09,35.687679290771484
2015-07-10,36.0413703918457
2015-07-13,36.39085388183594
2015-07-14,36.52427291870117
2015-07-15,36.367549896240234
2015-07-16,36.55815124511719
2015-07-17,36.36331558227539
2015-07-20,36.312477111816406
2015-07-21,36.140926361083984
2015-07-22,36.189640045166016
2015-07-23,36.03291320800781
2015-07-24,35.68980407714844
2015-07-27,35.418697357177734
2015-07-28,35.82112121582031
2015-07-29,36.1388053894043
2015-07-30,36.166343688964844
2015-07-31,36.20024108886719
2015-08-03,36.0477294921875
2015-08-04,36.03713607788086
2015-08-05,36.15785217285156
2015-08-06,35.855003356933594
2015-08-07,35.82534408569336
2015-08-10,36.32729721069336
2015-08-11,36.03502655029297
2015-08-12,36.0583381652832
2015-08-13,36.02442932128906
2015-08-14,36.19388198852539
2015-08-17,36.47344970703125
2015-08-18,36.340003967285156
2015-08-19,36.056209564208984
2015-08-20,35.2683219909668
2015-08-21,34.313114166259766
2015-08-24,32.999977111816406
2015-08-25,32.565799713134766
2015-08-26,33.5570068359375
2015-08-27,34.41901779174805
2015-08-28,34.53762435913086
2015-08-31,34.296173095703125
2015-09-01,33.30284881591797
2015-09-02,33.8471794128418
2015-09-03,33.957298278808594
2015-09-04,33.54006576538086
2015-09-08,34.34065628051758
2015-09-09,33.900115966796875
2015-09-10,33.997535705566406
2015-09-11,34.15639877319336
2015-09-14,34.02296447753906
2015-09-15,34.39360046386719
2015-09-16,34.732486724853516
2015-09-17,34.732486724853516
2015-09-18,34.17757797241211
2015-09-21,34.27710723876953
2015-09-22,33.75397872924805
2015-09-23,33.64384841918945
2015-09-24,33.48711395263672
2015-09-25,33.46161651611328
2015-09-28,32.49915313720703
2015-09-29,32.45241165161133
2015-09-30,33.05155563354492
2015-10-01,33.05792999267578
2015-10-02,33.57847213745117
2015-10-05,34.201011657714844
2015-10-06,34.02891540527344
2015-10-07,34.40286636352539
2015-10-08,34.74068832397461
2015-10-09,34.77892303466797
2015-10-12,34.7321662902832
2015-10-13,34.417724609375
2015-10-14,34.27538299560547
2015-10-15,34.69817352294922
2015-10-16,34.755558013916016
2015-10-19,34.768306732177734
2015-10-20,34.80655288696289
2015-10-21,34.47085189819336
2015-10-22,34.88302230834961
2015-10-23,34.97864532470703
2015-10-26,34.90851974487305
2015-10-27,34.70881652832031
2015-10-28,35.220863342285156
2015-10-29,35.11886978149414
2015-10-30,35.080623626708984
2015-11-02,35.53319549560547
2015-11-03,35.58418273925781
2015-11-04,35.49918746948242
2015-11-05,35.46731948852539
2015-11-06,35.33984375
2015-11-09,35.019012451171875
2015-11-10,35.14435958862305
2015-11-11,34.934024810791016
2015-11-12,34.387996673583984
2015-11-13,34.02466583251953
2015-11-16,34.468719482421875
2015-11-17,34.39435958862305
2015-11-18,34.925533294677734
2015-11-19,34.91703796386719
2015-11-20,35.03600311279297
2015-11-23,35.08487319946289
2015-11-24,35.20598220825195
2015-11-25,35.273983001708984
2015-11-27,35.30796813964844
2015-11-30,35.19749069213867
2015-12-01,35.49918746948242
2015-12-02,35.06788635253906
2015-12-03,34.56645965576172
2015-12-04,35.10188674926758
2015-12-07,34.77254867553711
2015-12-08,34.58769607543945
2015-12-09,34.28175735473633
2015-12-10,34.339115142822266
2015-12-11,33.722957611083984
2015-12-14,33.6422119140625
2015-12-15,34.020416259765625
2015-12-16,34.51332473754883
2015-12-17,34.00341033935547
2015-12-18,33.49137496948242
2015-12-21,33.7357063293457
2015-12-22,34.05438995361328
2015-12-23,34.53671646118164
2015-12-24,34.532012939453125
2015-12-28,34.44869613647461
2015-12-29,34.74776840209961
2015-12-30,34.482879638671875
2015-12-31,34.217987060546875
2016-01-04,33.80569076538086
2016-01-05,33.88260269165039
2016-01-06,33.32077407836914
2016-01-07,32.558135986328125
2016-01-08,32.16081619262695
2016-01-11,32.0433235168457
2016-01-12,32.17574691772461
2016-01-13,31.319133758544922
2016-01-14,31.652376174926758
2016-01-15,31.09910774230957
2016-01-19,30.945316314697266
2016-01-20,30.659059524536133
2016-01-21,30.774396896362305
2016-01-22,31.479358673095703
2016-01-25,30.91966438293457
2016-01-26,31.479358673095703
2016-01-27,31.182416915893555
2016-01-28,31.124744415283203
2016-01-29,31.977092742919922
2016-02-01,32.06894302368164
2016-02-02,31.376806259155273
2016-02-03,31.61820411682129
2016-02-04,31.765607833862305
2016-02-05,31.047832489013672
2016-02-08,30.3172550201416
2016-02-09,30.216838836669922
2016-02-10,30.31083869934082
2016-02-11,29.894275665283203
2016-02-12,30.515914916992188
2016-02-16,31.176000595092773
2016-02-17,31.731422424316406
2016-02-18,31.663068771362305
2016-02-19,31.68442726135254
2016-02-22,32.169342041015625
2016-02-23,31.857463836669922
2016-02-24,32.05398941040039
2016-02-25,32.425697326660156
2016-02-26,32.52824401855469
2016-02-29,32.33597183227539
2016-03-01,33.04520034790039
2016-03-02,33.290863037109375
2016-03-03,33.600616455078125
2016-03-04,33.74802017211914
2016-03-07,33.895408630371094
2016-03-08,33.33786392211914
2016-03-09,33.491668701171875
2016-03-10,33.51515197753906
2016-03-11,34.183799743652344
2016-03-14,34.126129150390625
2016-03-15,33.89755630493164
2016-03-16,34.215843200683594
2016-03-17,34.523460388183594
2016-03-18,34.668724060058594
2016-03-21,34.668724060058594
2016-03-22,34.687957763671875
2016-03-23,34.34091567993164
2016-03-24,34.33019256591797
2016-03-28,34.39884948730469
2016-03-29,34.84312057495117
2016-03-30,34.92467498779297
2016-03-31,34.9654655456543
2016-04-01,35.124271392822266
2016-04-04,34.886051177978516
2016-04-05,34.525489807128906
2016-04-06,34.8774528503418
2016-04-07,34.482566833496094
2016-04-08,34.63923645019531
2016-04-11,34.54480743408203
2016-04-12,34.838829040527344
2016-04-13,35.30025863647461
2016-04-14,35.21440887451172
2016-04-15,35.28952407836914
2016-04-18,35.49555206298828
2016-04-19,35.632904052734375
2016-04-20,35.62218475341797
2016-04-21,35.34318923950195
2016-04-22,35.568519592285156
2016-04-25,35.40970993041992
2016-04-26,35.671546936035156
2016-04-27,35.8840217590332
2016-04-28,35.51701354980469
2016-04-29,35.321712493896484
2016-05-02,35.63505935668945
2016-05-03,35.24230194091797
2016-05-04,35.06203842163086
2016-05-05,34.99335479736328
2016-05-06,35.09636688232422
2016-05-09,35.14358901977539
2016-05-10,35.55780029296875
2016-05-11,35.24230194091797
2016-05-12,35.20368194580078
2016-05-13,34.90750503540039
2016-05-16,35.25733184814453
2016-05-17,34.95472717285156
2016-05-18,34.840972900390625
2016-05-19,34.707916259765625
2016-05-20,35.038429260253906
2016-05-23,34.982627868652344
2016-05-24,35.48482894897461
2016-05-25,35.69516372680664
2016-05-26,35.66294860839844
2016-05-27,35.875431060791016
2016-05-31,35.91621780395508
2016-06-01,36.032108306884766
2016-06-02,36.2317008972168
2016-06-03,36.08789825439453
2016-06-06,36.27676010131836
2016-06-07,36.41410827636719
2016-06-08,36.53644561767578
2016-06-09,36.480648040771484
2016-06-10,35.98275375366211
2016-06-13,35.690879821777344
2016-06-14,35.57925796508789
2016-06-15,35.639347076416016
2016-06-16,35.645790100097656
2016-06-17,35.62862777709961
2016-06-20,35.97844314575195
2016-06-21,36.0213737487793
2016-06-22,35.972007751464844
2016-06-23,36.50211715698242
2016-06-24,35.0427131652832
2016-06-27,34.143470764160156
2016-06-28,34.85600662231445
2016-06-29,35.510581970214844
2016-06-30,36.0986328125
2016-07-01,36.186622619628906
2016-07-05,35.77455520629883
2016-07-06,35.968563079833984
2016-07-07,36.007354736328125
2016-07-08,36.653995513916016
2016-07-11,36.80919647216797
2016-07-12,37.20149230957031
2016-07-13,37.1540641784668
2016-07-14,37.251068115234375
2016-07-15,37.225189208984375
2016-07-18,37.30279541015625
2016-07-19,37.225189208984375
2016-07-20,37.41703796386719
2016-07-21,37.2747917175293
2016-07-22,37.542057037353516
2016-07-25,37.47093963623047
2016-07-26,37.6519775390625
2016-07-27,37.4385986328125
2016-07-28,37.611026763916016
2016-07-29,37.69939422607422
2016-08-01,37.565773010253906
2016-08-02,37.16053771972656
2016-08-03,37.36315155029297
2016-08-04,37.38039016723633
2016-08-05,37.66276168823242
2016-08-08,37.6519775390625
2016-08-09,37.61749267578125
2016-08-10,37.52265930175781
2016-08-11,37.725276947021484
2016-08-12,37.701568603515625
2016-08-15,37.90848159790039
2016-08-16,37.60887145996094
2016-08-17,37.611026763916016
2016-08-18,37.85460662841797
2016-08-19,37.82442855834961
2016-08-22,37.8416633605957
2016-08-23,37.99685287475586
2016-08-24,37.712337493896484
2016-08-25,37.71879959106445
2016-08-26,37.57870101928711
2016-08-29,37.82658004760742
2016-08-30,37.75975799560547
2016-08-31,37.60457229614258
2016-09-01,37.62828063964844
2016-09-02,37.9041862487793
2016-09-06,37.93865966796875
2016-09-07,38.05937576293945
2016-09-08,37.9171028137207
2016-09-09,36.80919647216797
2016-09-12,37.34591293334961
2016-09-13,36.67554473876953
2016-09-14,36.634613037109375
2016-09-15,37.00749206542969
2016-09-16,36.850162506103516
2016-09-19,37.00965118408203
2016-09-20,36.89756774902344
2016-09-21,37.41919708251953
2016-09-22,37.76839065551758
2016-09-23,37.567909240722656
2016-09-26,37.3631477355957
2016-09-27,37.466941833496094
2016-09-28,37.75669479370117
2016-09-29,37.417205810546875
2016-09-30,37.69398498535156
2016-10-03,37.49937438964844
2016-10-04,37.255035400390625
2016-10-05,37.41936492919922
2016-10-06,37.389102935791016
2016-10-07,37.175025939941406
2016-10-10,37.37179183959961
2016-10-11,36.77931213378906
2016-10-12,36.84418869018555
2016-10-13,36.740394592285156
2016-10-14,36.69065856933594
2016-10-17,36.589027404785156
2016-10-18,36.85716247558594
2016-10-19,37.012847900390625
2016-10-20,36.92634963989258
2016-10-21,36.88743209838867
2016-10-24,36.9998779296875
2016-10-25,36.731746673583984
2016-10-26,36.61281967163086
2016-10-27,36.31224822998047
2016-10-28,36.37928771972656
2016-10-31,36.498199462890625
2016-11-01,36.15440368652344
2016-11-02,35.81491470336914
2016-11-03,35.71760559082031
2016-11-04,35.77165603637695
2016-11-07,36.51983642578125
2016-11-08,36.67551803588867
2016-11-09,37.0214958190918
2016-11-10,37.13178634643555
2016-11-11,37.24638366699219
2016-11-14,37.646427154541016
2016-11-15,37.970767974853516
2016-11-16,37.86048126220703
2016-11-17,38.0875358581543
2016-11-18,38.024837493896484
2016-11-21,38.31458282470703
2016-11-22,38.49837875366211
2016-11-23,38.621620178222656
2016-11-25,38.75570297241211
2016-11-28,38.48108673095703
2016-11-29,38.51134490966797
2016-11-30,38.437828063964844
2016-12-01,38.212947845458984
2016-12-02,38.31024932861328
2016-12-05,38.643253326416016
2016-12-06,38.89191436767578
2016-12-07,39.41954040527344
2016-12-08,39.64659118652344
2016-12-09,39.63144302368164
2016-12-12,39.42169189453125
2016-12-13,39.55143737792969
2016-12-14,39.084381103515625
2016-12-15,39.2379035949707
2016-12-16,39.17952346801758
2016-12-19,39.28329849243164
2016-12-20,39.46062088012695
2016-12-21,39.34169387817383
2016-12-22,39.16727066040039
2016-12-23,39.26513671875
2016-12-27,39.39780044555664
2016-12-28,38.98023223876953
2016-12-29,39.04329299926758
2016-12-30,38.89977264404297
2017-01-03,39.1933708190918
2017-01-04,39.70663070678711
2017-01-05,39.52177810668945
2017-01-06,39.61312484741211
2017-01-09,39.39780044555664
2017-01-10,39.52177810668945
2017-01-11,39.64573669433594
2017-01-12,39.52395248413086
2017-01-13,39.641387939453125
2017-01-17,39.47175598144531
2017-01-18,39.63705062866211
2017-01-19,39.41086196899414
2017-01-20,39.569618225097656
2017-01-23,39.46306228637695
2017-01-24,39.93717956542969
2017-01-25,40.2373046875
2017-01-26,40.13292694091797
2017-01-27,39.98501968383789
2017-01-30,39.713157653808594
2017-01-31,39.824073791503906
2017-02-01,39.697940826416016
2017-02-02,39.83277893066406
2017-02-03,40.16770553588867
2017-02-06,40.06114196777344
2017-02-07,39.980674743652344
2017-02-08,40.0959358215332
2017-02-09,40.400413513183594
2017-02-10,40.57440948486328
2017-02-13,40.691856384277344
2017-02-14,40.78971862792969
2017-02-15,40.950660705566406
2017-02-16,40.85497283935547
2017-02-17,40.907169342041016
2017-02-21,41.20948028564453
2017-02-22,41.07027816772461
2017-02-23,40.91803741455078
2017-02-24,41.04200744628906
2017-02-27,41.20512008666992
2017-02-28,40.922393798828125
2017-03-01,41.42695617675781
2017-03-02,41.068111419677734
2017-03-03,41.094207763671875
2017-03-06,40.87454605102539
2017-03-07,40.67228698730469
2017-03-08,40.51786422729492
2017-03-09,40.4134635925293
2017-03-10,40.59181213378906
2017-03-13,40.711429595947266
2017-03-14,40.51133728027344
2017-03-15,41.01808547973633
2017-03-16,40.957191467285156
2017-03-17,40.972412109375
2017-03-20,40.86367416381836
2017-03-21,40.19163131713867
2017-03-22,40.319950103759766
2017-03-23,40.361263275146484
2017-03-24,40.38461685180664
2017-03-27,40.306068420410156
2017-03-28,40.62682342529297
2017-03-29,40.7708625793457
2017-03-30,40.87778091430664
2017-03-31,40.845054626464844
2017-04-03,40.677024841308594
2017-04-04,40.57665252685547
2017-04-05,40.404266357421875
2017-04-06,40.66393280029297
2017-04-07,40.63774871826172
2017-04-10,40.7315788269043
2017-04-11,40.79922103881836
2017-04-12,40.49155807495117
2017-04-13,40.199134826660156
2017-04-17,40.594112396240234
2017-04-18,40.51554489135742
2017-04-19,40.56354522705078
2017-04-20,40.9083366394043
2017-04-21,40.803585052490234
2017-04-24,41.237831115722656
2017-04-25,41.44076919555664
2017-04-26,41.451683044433594
2017-04-27,41.46914291381836
2017-04-28,41.165836334228516
2017-05-01,41.22909927368164
2017-05-02,41.231292724609375
2017-05-03,41.05890655517578
2017-05-04,41.02835464477539
2017-05-05,41.34040069580078
2017-05-08,41.24002456665039
2017-05-09,41.209468841552734
2017-05-10,41.46914291381836
2017-05-11,41.28146743774414
2017-05-12,41.10254669189453
2017-05-15,41.40584945678711
2017-05-16,41.309837341308594
2017-05-17,40.63991928100586
2017-05-18,40.74904251098633
2017-05-19,41.11127471923828
2017-05-22,41.37532043457031
2017-05-23,41.35784912109375
2017-05-24,41.47569274902344
2017-05-25,41.61097717285156
2017-05-26,41.597877502441406
2017-05-30,41.517154693603516
2017-05-31,41.53242111206055
2017-06-01,42.04741287231445
2017-06-02,42.09976577758789
2017-06-05,41.97102737426758
2017-06-06,41.798641204833984
2017-06-07,41.82265090942383
2017-06-08,41.92302322387695
2017-06-09,41.933929443359375
2017-06-12,41.9666633605957
2017-06-13,42.280887603759766
2017-06-14,42.149967193603516
2017-06-15,42.0714111328125
2017-06-16,42.03432083129883
2017-06-19,42.34852981567383
2017-06-20,41.964481353759766
2017-06-21,41.8575439453125
2017-06-22,41.88156509399414
2017-06-23,41.99721145629883
2017-06-26,42.139041900634766
2017-06-27,41.77900314331055
2017-06-28,42.16087341308594
2017-06-29,41.820457458496094
2017-06-30,41.92083740234375
2017-07-03,42.10195541381836
2017-07-05,42.01685333251953
2017-07-06,41.531341552734375
2017-07-07,41.85779571533203
2017-07-10,41.835872650146484
2017-07-11,41.82273483276367
2017-07-12,42.14918899536133
2017-07-13,42.23900604248047
2017-07-14,42.418670654296875
2017-07-17,42.4931640625
2017-07-18,42.41209030151367
2017-07-19,42.69472122192383
2017-07-20,42.670631408691406
2017-07-21,42.661865234375
2017-07-24,42.681583404541016
2017-07-25,42.863433837890625
2017-07-26,42.75169372558594
2017-07-27,42.631187438964844
2017-07-28,42.5829963684082
2017-07-31,42.55012512207031
2017-08-01,42.604896545410156
2017-08-02,42.416481018066406
2017-08-03,42.30036163330078
2017-08-04,42.379215240478516
2017-08-07,42.45591354370117
2017-08-08,42.28721618652344
2017-08-09,42.14918899536133
2017-08-10,41.5138053894043
2017-08-11,41.56858825683594
2017-08-14,41.980472564697266
2017-08-15,41.873130798339844
2017-08-16,42.04840850830078
2017-08-17,41.3845329284668
2017-08-18,41.30567169189453
2017-08-21,41.36483383178711
2017-08-22,41.730712890625
2017-08-23,41.6518440246582
2017-08-24,41.647464752197266
2017-08-25,41.77892303466797
2017-08-28,41.730712890625
2017-08-29,41.658416748046875
2017-08-30,41.912559509277344
2017-08-31,42.21712112426758
2017-09-01,42.39018630981445
2017-09-05,42.05497741699219
2017-09-06,42.12947463989258
2017-09-07,42.06593322753906
2017-09-08,42.12508773803711
2017-09-11,42.58955764770508
2017-09-12,42.77798080444336
2017-09-13,42.71883010864258
2017-09-14,42.7034912109375
2017-09-15,42.78456115722656
2017-09-18,42.91820526123047
2017-09-19,42.85247802734375
2017-09-20,42.93572998046875
2017-09-21,42.82618713378906
2017-09-22,42.91163635253906
2017-09-25,42.959835052490234
2017-09-26,42.985130310058594
2017-09-27,43.16557312011719
2017-09-28,43.2249755859375
2017-09-29,43.38120651245117
2017-10-02,43.59684371948242
2017-10-03,43.687068939208984
2017-10-04,43.83669662475586
2017-10-05,43.970916748046875
2017-10-06,43.91591262817383
2017-10-09,43.79047393798828
2017-10-10,43.88071060180664
2017-10-11,43.907108306884766
2017-10-12,43.95552444458008
2017-10-13,43.986324310302734
2017-10-16,44.00613784790039
2017-10-17,43.990718841552734
2017-10-18,44.02372741699219
2017-10-19,44.0633430480957
2017-10-20,44.3427848815918
2017-10-23,44.17776107788086
2017-10-24,44.21296310424805
2017-10-25,43.885101318359375
2017-10-26,44.04132843017578
2017-10-27,44.164554595947266
2017-10-30,43.929115295410156
2017-10-31,44.0787353515625
2017-11-01,44.0633430480957
2017-11-02,44.08094024658203
2017-11-03,44.18436050415039
2017-11-06,44.35380172729492
2017-11-07,44.21736145019531
2017-11-08,44.29438400268555
2017-11-09,44.098548889160156
2017-11-10,44.13154983520508
2017-11-13,44.223976135253906
2017-11-14,44.208580017089844
2017-11-15,43.97532653808594
2017-11-16,44.36259078979492
2017-11-17,44.46381378173828
2017-11-20,44.5804328918457
2017-11-21,44.80708694458008
2017-11-22,44.77407455444336
2017-11-24,44.82468032836914
2017-11-27,44.714656829833984
2017-11-28,45.209754943847656
2017-11-29,45.2757682800293
2017-11-30,45.58163070678711
2017-12-01,45.48920440673828
2017-12-04,45.48480224609375
2017-12-05,45.18115234375
2017-12-06,45.07111740112305
2017-12-07,45.376983642578125
2017-12-08,45.634429931640625
2017-12-11,45.62565231323242
2017-12-12,45.522212982177734
2017-12-13,45.48260498046875
2017-12-14,45.203147888183594
2017-12-15,45.59703826904297
2017-12-18,46.00410461425781
2017-12-19,45.83467483520508
2017-12-20,45.85447692871094
2017-12-21,45.942874908447266
2017-12-22,46.01140213012695
2017-12-26,46.06443786621094
2017-12-27,46.07770919799805
2017-12-28,46.254512786865234
2017-12-29,46.000343322753906
2018-01-02,46.32524490356445
2018-01-03,46.55510330200195
2018-01-04,46.70981216430664
2018-01-05,46.902103424072266
2018-01-08,47.08112716674805
2018-01-09,47.08333206176758
2018-01-10,46.90873336791992
2018-01-11,47.40159225463867
2018-01-12,47.62041473388672
2018-01-16,47.23805236816406
2018-01-17,47.638084411621094
2018-01-18,47.492225646972656
2018-01-19,47.86131286621094
2018-01-22,48.21273422241211
2018-01-23,48.37849426269531
2018-01-24,48.31439971923828
2018-01-25,48.250301361083984
2018-01-26,48.621620178222656
2018-01-29,48.19063186645508
2018-01-30,47.73093032836914
2018-01-31,47.70219421386719
2018-02-01,47.65135192871094
2018-02-02,46.72087097167969
2018-02-05,45.06766128540039
2018-02-06,45.60029220581055
2018-02-07,45.47211837768555
2018-02-08,43.9139518737793
2018-02-09,44.484169006347656
2018-02-12,45.014617919921875
2018-02-13,45.16267776489258
2018-02-14,45.87656784057617
2018-02-15,46.376068115234375
2018-02-16,46.39155578613281
2018-02-20,46.14400863647461
2018-02-21,45.90530776977539
2018-02-22,45.892059326171875
2018-02-23,46.53963851928711
2018-02-26,46.807064056396484
2018-02-27,46.18600082397461
2018-02-28,45.76165771484375
2018-03-01,45.37264633178711
2018-03-02,45.7351188659668
2018-03-05,46.2744026184082
2018-03-06,46.58383560180664
2018-03-07,46.628047943115234
2018-03-08,46.749603271484375
2018-03-09,47.454654693603516
2018-03-12,47.44580078125
2018-03-13,47.25352478027344
2018-03-14,47.065643310546875
2018-03-15,46.89988327026367
2018-03-16,47.13637924194336
2018-03-19,46.6744499206543
2018-03-20,46.738548278808594
2018-03-21,46.80926513671875
2018-03-22,45.7249641418457
2018-03-23,44.83356857299805
2018-03-26,45.86244201660156
2018-03-27,45.24156951904297
2018-03-28,45.177268981933594
2018-03-29,45.77596664428711
2018-04-02,44.72935485839844
2018-04-03,45.22383117675781
2018-04-04,45.71388626098633
2018-04-05,46.01323318481445
2018-04-06,45.04866409301758
2018-04-09,45.11075210571289
2018-04-10,45.773746490478516
2018-04-11,45.63405227661133
2018-04-12,45.84248733520508
2018-04-13,45.70056915283203
2018-04-16,46.13296890258789
2018-04-17,46.5609245300293
2018-04-18,46.71392059326172
2018-04-19,46.39462661743164
2018-04-20,46.11301040649414
2018-04-23,46.11967086791992
2018-04-24,45.66732406616211
2018-04-25,45.69614028930664
2018-04-26,45.99769592285156
2018-04-27,46.06422805786133
2018-04-30,45.69390869140625
2018-05-01,45.742706298828125
2018-05-02,45.47661590576172
2018-05-03,45.39902114868164
2018-05-04,45.94227981567383
2018-05-07,46.139610290527344
2018-05-08,46.18840026855469
2018-05-09,46.53874206542969
2018-05-10,46.8935432434082
2018-05-11,46.89131164550781
2018-05-14,46.8403205871582
2018-05-15,46.65406036376953
2018-05-16,46.869140625
2018-05-17,46.9489631652832
2018-05-18,46.91127014160156
2018-05-21,47.20840072631836
2018-05-22,47.01105880737305
2018-05-23,47.086448669433594
2018-05-24,47.084228515625
2018-05-25,46.9644775390625
2018-05-29,46.58310317993164
2018-05-30,47.15296936035156
2018-05-31,46.731658935546875
2018-06-01,47.12635803222656
2018-06-04,47.37027359008789
2018-06-05,47.47892379760742
2018-06-06,47.8359375
2018-06-07,47.764984130859375
2018-06-08,47.99335861206055
2018-06-11,48.06431198120117
2018-06-12,48.27275466918945
2018-06-13,47.97563171386719
2018-06-14,48.14414978027344
2018-06-15,48.108680725097656
2018-06-18,48.13749313354492
2018-06-19,47.92683792114258
2018-06-20,48.11532211303711
2018-06-21,47.77383041381836
2018-06-22,47.80044937133789
2018-06-25,47.190670013427734
2018-06-26,47.226139068603516
2018-06-27,46.74052810668945
2018-06-28,46.99110794067383
2018-06-29,47.03989028930664
2018-07-02,47.09975051879883
2018-07-03,47.088623046875
2018-07-05,47.48722457885742
2018-07-06,47.88360595703125
2018-07-09,48.24433517456055
2018-07-10,48.29778289794922
2018-07-11,47.9437141418457
2018-07-12,48.23321533203125
2018-07-13,48.23766326904297
2018-07-16,48.04837417602539
2018-07-17,48.27775192260742
2018-07-18,48.41135025024414
2018-07-19,48.48707962036133
2018-07-20,48.286659240722656
2018-07-23,48.311153411865234
2018-07-24,48.0461540222168
2018-07-25,48.45589828491211
2018-07-26,48.65185546875
2018-07-27,48.19090270996094
2018-07-30,47.82124328613281
2018-07-31,48.20649719238281
2018-08-01,47.99494552612305
2018-08-02,48.33564758300781
2018-08-03,48.44921112060547
2018-08-06,48.64517593383789
2018-08-07,48.79437255859375
2018-08-08,48.689697265625
2018-08-09,48.71198272705078
2018-08-10,48.41802978515625
2018-08-13,48.159725189208984
2018-08-14,48.56500244140625
2018-08-15,48.1552734375
2018-08-16,48.5316162109375
2018-08-17,48.803287506103516
2018-08-20,49.034881591796875
2018-08-21,49.246421813964844
2018-08-22,49.19743347167969
2018-08-23,49.06827926635742
2018-08-24,49.380027770996094
2018-08-27,49.66729736328125
2018-08-28,49.75192642211914
2018-08-29,49.90109634399414
2018-08-30,49.61162185668945
2018-08-31,49.687320709228516
2018-09-04,49.696250915527344
2018-09-05,49.593807220458984
2018-09-06,49.440162658691406
2018-09-07,49.230831146240234
2018-09-10,49.457969665527344
2018-09-11,49.53813934326172
2018-09-12,49.57376480102539
2018-09-13,49.73187255859375
2018-09-14,49.849891662597656
2018-09-17,49.49138259887695
2018-09-18,49.71851348876953
2018-09-19,49.5982551574707
2018-09-20,49.89665985107422
2018-09-21,49.86770248413086
2018-09-24,49.55372619628906
2018-09-25,49.509185791015625
2018-09-26,49.21944046020508
2018-09-27,49.22838592529297
2018-09-28,49.37394332885742
2018-10-01,49.21944046020508
2018-10-02,49.0268669128418
2018-10-03,49.12316131591797
2018-10-04,48.61486053466797
2018-10-05,48.34617233276367
2018-10-08,48.21179962158203
2018-10-09,47.963253021240234
2018-10-10,46.56153106689453
2018-10-11,45.605384826660156
2018-10-12,46.02860641479492
2018-10-15,46.109214782714844
2018-10-16,47.09445571899414
2018-10-17,46.9466667175293
2018-10-18,46.31968307495117
2018-10-19,46.07563018798828
2018-10-22,45.80692672729492
2018-10-23,45.497920989990234
2018-10-24,44.16561508178711
2018-10-25,44.779144287109375
2018-10-26,44.06707763671875
2018-10-29,44.0043830871582
2018-10-30,44.81945037841797
2018-10-31,45.28519821166992
2018-11-01,46.01068878173828
2018-11-02,45.867374420166016
2018-11-05,46.06443405151367
2018-11-06,46.368961334228516
2018-11-07,47.08549880981445
2018-11-08,46.94219207763672
2018-11-09,46.458526611328125
2018-11-12,45.67034149169922
2018-11-13,45.69721603393555
2018-11-14,45.36580276489258
2018-11-15,45.80469512939453
2018-11-16,45.947994232177734
2018-11-19,45.15979766845703
2018-11-20,44.470123291015625
2018-11-21,44.864227294921875
2018-11-23,44.80153274536133
2018-11-26,45.464332580566406
2018-11-27,45.329986572265625
2018-11-28,46.216697692871094
2018-11-29,46.11817169189453
2018-11-30,46.39583206176758
2018-12-03,46.90635681152344
2018-12-04,45.41953659057617
2018-12-06,45.36580276489258
2018-12-07,44.37160873413086
2018-12-10,44.27307891845703
2018-12-11,44.18351364135742
2018-12-12,44.4611701965332
2018-12-13,44.1476936340332
2018-12-14,43.58341598510742
2018-12-17,42.54345703125
2018-12-18,42.48048400878906
2018-12-19,41.85972595214844
2018-12-20,41.15802764892578
2018-12-21,40.41132354736328
2018-12-24,39.31378936767578
2018-12-26,41.16700744628906
2018-12-27,41.48189163208008
2018-12-28,41.42790603637695
2018-12-31,41.81475830078125
2019-01-02,41.66181182861328
2019-01-03,40.96010208129883
2019-01-04,42.30054473876953
2019-01-07,42.795345306396484
2019-01-08,43.32612228393555
2019-01-09,43.66798400878906
2019-01-10,43.97385787963867
2019-01-11,44.01884841918945
2019-01-14,43.7039680480957
2019-01-15,44.072818756103516
2019-01-16,44.279727935791016
2019-01-17,44.684566497802734
2019-01-18,45.36827850341797
2019-01-22,44.73854064941406
2019-01-23,44.69355773925781
2019-01-24,44.999446868896484
2019-01-25,45.53921127319336
2019-01-28,45.41326141357422
2019-01-29,45.458248138427734
2019-01-30,45.971031188964844
2019-01-31,46.24992752075195
2019-02-01,46.45682907104492
2019-02-04,46.77170181274414
2019-02-05,46.95163345336914
2019-02-06,46.933624267578125
2019-02-07,46.69973373413086
2019-02-08,46.816680908203125
2019-02-11,46.95163345336914
2019-02-12,47.50040817260742
2019-02-13,47.65333938598633
2019-02-14,47.58135986328125
2019-02-15,48.07616424560547
2019-02-19,48.14813232421875
2019-02-20,48.274085998535156
2019-02-21,48.10316848754883
2019-02-22,48.43601608276367
2019-02-25,48.45401382446289
2019-02-26,48.274085998535156
2019-02-27,48.364036560058594
2019-02-28,48.26508331298828
2019-03-01,48.570960998535156
2019-03-04,48.301063537597656
2019-03-05,48.1931266784668
2019-03-06,47.7163200378418
2019-03-07,47.39244079589844
2019-03-08,47.257503509521484
2019-03-11,47.887245178222656
2019-03-12,48.10316848754883
2019-03-13,48.31906509399414
2019-03-14,48.247093200683594
2019-03-15,48.373046875
2019-03-18,48.63393783569336
2019-03-19,48.49898910522461
2019-03-20,48.187557220458984
2019-03-21,48.909732818603516
2019-03-22,47.85353088378906
2019-03-25,47.84450912475586
2019-03-26,48.26879119873047
2019-03-27,48.06117248535156
2019-03-28,48.39517593383789
2019-03-29,48.702110290527344
2019-04-01,49.261802673339844
2019-04-02,49.261802673339844
2019-04-03,49.460391998291016
2019-04-04,49.54164123535156
2019-04-05,49.87565231323242
2019-04-08,49.90272903442383
2019-04-09,49.50552749633789
2019-04-10,49.81245422363281
2019-04-11,49.938838958740234
2019-04-12,50.31797790527344
2019-04-15,50.20063400268555
2019-04-16,50.15549850463867
2019-04-17,49.749267578125
2019-04-18,49.84856033325195
2019-04-22,49.749267578125
2019-04-23,50.2999267578125
2019-04-24,50.37214660644531
2019-04-25,50.03813171386719
2019-04-26,50.37214660644531
2019-04-29,50.39020919799805
2019-04-30,50.5165901184082
2019-05-01,49.99300765991211
2019-05-02,50.083282470703125
2019-05-03,50.58879470825195
2019-05-06,50.381168365478516
2019-05-07,49.54164123535156
2019-05-08,49.46941375732422
2019-05-09,49.43330764770508
2019-05-10,49.64094543457031
2019-05-13,48.37712097167969
2019-05-14,48.88264846801758
2019-05-15,49.01804733276367
2019-05-16,49.442359924316406
2019-05-17,49.01804733276367
2019-05-20,48.665992736816406
2019-05-21,49.243736267089844
2019-05-22,49.0361213684082
2019-05-23,48.332000732421875
2019-05-24,48.47642517089844
2019-05-28,48.00700378417969
2019-05-29,47.6910514831543
2019-05-30,47.835487365722656
2019-05-31,47.42021942138672
2019-06-03,47.47439956665039
2019-06-04,48.55766677856445
2019-06-05,49.0090217590332
2019-06-06,49.21665954589844
2019-06-07,49.50552749633789
2019-06-10,49.75830078125
2019-06-11,49.62287902832031
2019-06-12,49.595802307128906
2019-06-13,49.85758972167969
2019-06-14,49.704132080078125
2019-06-17,49.6887321472168
2019-06-18,50.159793853759766
2019-06-19,50.431556701660156
2019-06-20,50.830177307128906
2019-06-21,50.567466735839844
2019-06-24,50.313812255859375
2019-06-25,49.90614700317383
2019-06-26,49.77025604248047
2019-06-27,50.186981201171875
2019-06-28,50.612762451171875
2019-07-01,51.00228500366211
2019-07-02,50.97511291503906
2019-07-03,51.46430587768555
2019-07-05,51.455238342285156
2019-07-08,51.12911605834961
2019-07-09,51.30124282836914
2019-07-10,51.337467193603516
2019-07-11,51.36465072631836
2019-07-12,51.6998405456543
2019-07-15,51.645477294921875
2019-07-16,51.53677749633789
2019-07-17,51.19252395629883
2019-07-18,51.40995407104492
2019-07-19,51.11100387573242
2019-07-22,51.11100387573242
2019-07-23,51.52771759033203
2019-07-24,52.01688766479492
2019-07-25,51.6182975769043
2019-07-26,51.97159957885742
2019-07-29,51.82666778564453
2019-07-30,51.88101577758789
2019-07-31,51.35558319091797
2019-08-01,50.73052215576172
2019-08-02,50.26850891113281
2019-08-05,48.7465934753418
2019-08-06,49.35354995727539
2019-08-07,49.561893463134766
2019-08-08,50.57651901245117
2019-08-09,50.105445861816406
2019-08-12,49.39883804321289
2019-08-13,50.00579071044922
2019-08-14,48.556358337402344
2019-08-15,48.6107063293457
2019-08-16,49.44414138793945
2019-08-19,49.8970832824707
2019-08-20,49.58907699584961
2019-08-21,49.978614807128906
2019-08-22,49.95143508911133
2019-08-23,48.773765563964844
2019-08-26,49.118019104003906
2019-08-27,48.819061279296875
2019-08-28,49.20861053466797
2019-08-29,49.860843658447266
2019-08-30,49.88803482055664
2019-09-03,49.53471755981445
2019-09-04,50.08732986450195
2019-09-05,50.74863052368164
2019-09-06,50.79393005371094
2019-09-09,50.812049865722656
2019-09-10,50.893577575683594
2019-09-11,51.31028747558594
2019-09-12,51.35558319091797
2019-09-13,51.337467193603516
2019-09-16,51.455238342285156
2019-09-17,51.563941955566406
2019-09-18,51.50054168701172
2019-09-19,51.34653091430664
2019-09-20,51.183467864990234
2019-09-23,51.21970748901367
2019-09-24,50.81962585449219
2019-09-25,51.0924072265625
2019-09-26,50.93782424926758
2019-09-27,50.63776779174805
2019-09-30,50.87417984008789
2019-10-01,50.146759033203125
2019-10-02,49.39206314086914
2019-10-03,49.73759078979492
2019-10-04,50.31041717529297
2019-10-07,50.10129928588867
2019-10-08,49.21019744873047
2019-10-09,49.619384765625
2019-10-10,49.87397384643555
2019-10-11,50.59230041503906
2019-10-14,50.483192443847656
2019-10-15,50.82871627807617
2019-10-16,50.7196044921875
2019-10-17,50.93782424926758
2019-10-18,50.87417984008789
2019-10-21,51.2015266418457
2019-10-22,51.01057052612305
2019-10-23,51.12877655029297
2019-10-24,51.283355712890625
2019-10-25,51.437931060791016
2019-10-28,51.60161209106445
2019-10-29,51.70162582397461
2019-10-30,51.737998962402344
2019-10-31,51.41975021362305
2019-11-01,52.047157287597656
2019-11-04,52.20172882080078
2019-11-05,52.17445755004883
2019-11-06,52.001678466796875
2019-11-07,52.08351516723633
2019-11-08,52.25629425048828
2019-11-11,52.20172882080078
2019-11-12,52.20172882080078
2019-11-13,52.247188568115234
2019-11-14,52.429039001464844
2019-11-15,52.79275894165039
2019-11-18,52.78367614746094
2019-11-19,52.88368225097656
2019-11-20,52.81094741821289
2019-11-21,52.529075622558594
2019-11-22,52.656368255615234
2019-11-25,53.156471252441406
2019-11-26,53.30195236206055
2019-11-27,53.574729919433594
2019-11-29,53.28377151489258
2019-12-02,52.78367614746094
2019-12-03,52.49270248413086
2019-12-04,52.79275894165039
2019-12-05,52.829124450683594
2019-12-06,53.26558303833008
2019-12-09,53.10191345214844
2019-12-10,53.038272857666016
2019-12-11,53.120094299316406
2019-12-12,53.547454833984375
2019-12-13,53.420169830322266
2019-12-16,53.80743408203125
2019-12-17,53.80743408203125
2019-12-18,53.871376037597656
2019-12-19,54.06318283081055
2019-12-20,54.37373352050781
2019-12-23,54.38286590576172
2019-12-24,54.44679641723633
2019-12-26,54.51987838745117
2019-12-27,54.49247741699219
2019-12-30,54.255008697509766
2019-12-31,54.455936431884766
2020-01-02,54.62947463989258
2020-01-03,54.428531646728516
2020-01-06,54.5107421875
2020-01-07,54.41940689086914
2020-01-08,54.574668884277344
2020-01-09,54.848697662353516
2020-01-10,54.72996520996094
2020-01-13,55.095314025878906
2020-01-14,55.22317886352539
2020-01-15,55.314517974853516
2020-01-16,55.880821228027344
2020-01-17,55.93561935424805
2020-01-21,55.76206970214844
2020-01-22,55.76206970214844
2020-01-23,55.88994598388672
2020-01-24,55.369319915771484
2020-01-27,54.565547943115234
2020-01-28,55.040496826171875
2020-01-29,54.885223388671875
2020-01-30,55.02223205566406
2020-01-31,53.999244689941406
2020-02-03,54.455936431884766
2020-02-04,55.20491027832031
2020-02-05,55.76206970214844
2020-02-06,55.679866790771484
2020-02-07,55.250587463378906
2020-02-10,55.5519905090332
2020-02-11,55.88994598388672
2020-02-12,56.255306243896484
2020-02-13,56.3375129699707
2020-02-14,56.43796920776367
2020-02-18,56.364906311035156
2020-02-19,56.53845977783203
2020-02-20,56.59325408935547
2020-02-21,55.990421295166016
2020-02-24,54.38286590576172
2020-02-25,52.546958923339844
2020-02-26,51.97153091430664
2020-02-27,49.925559997558594
2020-02-28,49.39579391479492
2020-03-02,51.0764045715332
2020-03-03,49.95295333862305
2020-03-04,51.715789794921875
2020-03-05,50.01688766479492
2020-03-06,48.920841217041016
2020-03-09,44.6827278137207
2020-03-10,46.67390823364258
2020-03-11,44.025089263916016
2020-03-12,39.5860481262207
2020-03-13,42.4997444152832
2020-03-16,36.63582229614258
2020-03-17,38.919273376464844
2020-03-18,35.91424560546875
2020-03-19,36.31614303588867
2020-03-20,34.79991912841797
2020-03-23,33.62165832519531
2020-03-24,37.329986572265625
2020-03-25,38.55826950073242
2020-03-26,40.7371711730957
2020-03-27,39.569580078125
2020-03-30,40.442970275878906
2020-03-31,39.68909454345703
2020-04-01,37.74003982543945
2020-04-02,38.13535690307617
2020-04-03,37.36310577392578
2020-04-06,40.369422912597656
2020-04-07,40.718780517578125
2020-04-08,42.51155471801758
2020-04-09,43.69752502441406
2020-04-13,42.68622589111328
2020-04-14,43.79865646362305
2020-04-15,42.465579986572266
2020-04-16,42.456390380859375
2020-04-17,44.16641616821289
2020-04-20,43.302207946777344
2020-04-21,41.97831344604492
2020-04-22,42.879295349121094
2020-04-23,42.9620361328125
2020-04-24,43.56882095336914
2020-04-27,44.828346252441406
2020-04-28,45.12255859375
2020-04-29,46.51998519897461
2020-04-30,45.36158752441406
2020-05-01,43.964149475097656
2020-05-04,44.14802932739258
2020-05-05,44.51577377319336
2020-05-06,44.1848030090332
2020-05-07,44.98463821411133
2020-05-08,46.04191589355469
2020-05-11,45.848854064941406
2020-05-12,44.589324951171875
2020-05-13,43.36655807495117
2020-05-14,43.97333908081055
2020-05-15,44.21237564086914
2020-05-18,46.22579574584961
2020-05-19,45.8304557800293
2020-05-20,46.60273742675781
2020-05-21,46.400474548339844
2020-05-22,46.56595993041992
2020-05-26,47.69678497314453
2020-05-27,48.64372634887695
2020-05-28,48.395503997802734
2020-05-29,48.63453674316406
2020-06-01,49.14018249511719
2020-06-02,49.63665008544922
2020-06-03,50.76746368408203
2020-06-04,50.62036895751953
2020-06-05,51.999427795410156
2020-06-08,52.9831428527832
2020-06-09,51.9074821472168
2020-06-10,51.061668395996094
2020-06-11,47.88985061645508
2020-06-12,48.75404739379883
2020-06-15,49.47614288330078
2020-06-16,50.37990188598633
2020-06-17,50.03867721557617
2020-06-18,50.03867721557617
2020-06-19,49.61445999145508
2020-06-22,49.854244232177734
2020-06-23,49.82657241821289
2020-06-24,48.3049430847168
2020-06-25,48.88592529296875
2020-06-26,48.00983810424805
2020-06-29,48.74760437011719
2020-06-30,49.430023193359375
2020-07-01,49.47614288330078
2020-07-02,49.78046798706055
2020-07-06,50.30611801147461
2020-07-07,49.54071044921875
2020-07-08,49.93723678588867
2020-07-09,49.374691009521484
2020-07-10,49.90957260131836
2020-07-13,49.310142517089844
2020-07-14,50.103240966796875
2020-07-15,51.2559928894043
2020-07-16,51.099212646484375
2020-07-17,51.44965744018555
2020-07-20,51.47732162475586
2020-07-21,51.772422790527344
2020-07-22,52.20585632324219
2020-07-23,52.039859771728516
2020-07-24,51.53264617919922
2020-07-27,51.99375915527344
2020-07-28,51.5603141784668
2020-07-29,52.56550979614258
2020-07-30,52.35340881347656
2020-07-31,52.35340881347656
2020-08-03,52.78683853149414
2020-08-04,52.9897346496582
2020-08-05,53.34015655517578
2020-08-06,53.2110481262207
2020-08-07,53.460052490234375
2020-08-10,53.6998176574707
2020-08-11,53.48772430419922
2020-08-12,53.89348220825195
2020-08-13,53.792049407958984
2020-08-14,53.801265716552734
2020-08-17,53.94881820678711
2020-08-18,53.73671340942383
2020-08-19,53.460052490234375
2020-08-20,53.3125
2020-08-21,53.20183563232422
2020-08-24,53.856605529785156
2020-08-25,53.83815002441406
2020-08-26,53.902706146240234
2020-08-27,54.105594635009766
2020-08-28,54.483699798583984
2020-08-31,54.1885986328125
2020-09-01,54.677364349365234
2020-09-02,55.50734329223633
2020-09-03,53.83815002441406
2020-09-04,53.45083236694336
2020-09-08,52.32574462890625
2020-09-09,53.01739501953125
2020-09-10,52.32574462890625
2020-09-11,52.39030075073242
2020-09-14,53.39549255371094
2020-09-15,53.57993698120117
2020-09-16,53.7828369140625
2020-09-17,53.469261169433594
2020-09-18,52.93439483642578
2020-09-21,51.99375915527344
2020-09-22,52.42718505859375
2020-09-23,51.295013427734375
2020-09-24,51.3320426940918
2020-09-25,52.15594482421875
2020-09-28,53.16499328613281
2020-09-29,52.89653396606445
2020-09-30,53.11871337890625
2020-10-01,53.646385192871094
2020-10-02,53.822269439697266
2020-10-05,54.877601623535156
2020-10-06,54.461029052734375
2020-10-07,55.47007751464844
2020-10-08,56.10883712768555
2020-10-09,56.349525451660156
2020-10-12,56.76609802246094
2020-10-13,56.48838806152344
2020-10-14,56.29399108886719
2020-10-15,56.48838806152344
2020-10-16,56.395809173583984
2020-10-19,55.75706100463867
2020-10-20,55.96072006225586
2020-10-21,55.67374038696289
2020-10-22,56.28472900390625
2020-10-23,56.71055603027344
2020-10-26,55.48860168457031
2020-10-27,55.044246673583984
2020-10-28,53.48899459838867
2020-10-29,53.98890686035156
2020-10-30,53.46124267578125
2020-11-02,54.377708435058594
2020-11-03,55.55339813232422
2020-11-04,55.969970703125
2020-11-05,57.23823928833008
2020-11-06,57.21045684814453
2020-11-09,58.302825927734375
2020-11-10,58.48797607421875
2020-11-11,58.75644302368164
2020-11-12,57.99734115600586
2020-11-13,59.043418884277344
2020-11-16,60.015445709228516
2020-11-17,59.95062255859375
2020-11-18,59.32114791870117
2020-11-19,59.81178283691406
2020-11-20,59.73771667480469
2020-11-23,60.45053482055664
2020-11-24,61.181861877441406
2020-11-25,61.08003616333008
2020-11-27,61.29294967651367
2020-11-30,60.830078125
2020-12-01,61.36701965332031
2020-12-02,61.283687591552734
2020-12-03,61.6354866027832
2020-12-04,62.45011520385742
2020-12-07,62.32051467895508
2020-12-08,62.55194854736328
2020-12-09,62.13536834716797
2020-12-10,62.3575439453125
2020-12-11,62.163150787353516
2020-12-14,61.9857292175293
2020-12-15,63.0353889465332
2020-12-16,62.97966003417969
2020-12-17,63.56486511230469
2020-12-18,63.56486511230469
2020-12-21,63.23973846435547
2020-12-22,63.42552185058594
2020-12-23,63.57414627075195
2020-12-24,63.732078552246094
2020-12-28,63.4440803527832
2020-12-29,63.0353889465332
2020-12-30,63.51842498779297
2020-12-31,63.676334381103516
2021-01-04,62.654537200927734
2021-01-05,63.31405258178711
2021-01-06,64.59593963623047
2021-01-07,65.57129669189453
2021-01-08,65.70133972167969
2021-01-11,65.63632202148438
2021-01-12,66.3144302368164
2021-01-13,65.97073364257812
2021-01-14,66.20295715332031
2021-01-15,65.71064758300781
2021-01-19,66.06361389160156
2021-01-20,66.65808868408203
2021-01-21,66.28654479980469
2021-01-22,66.21221923828125
2021-01-25,66.08219909667969
2021-01-26,65.42267608642578
2021-01-27,63.75992965698242
2021-01-28,64.5216293334961
2021-01-29,63.49055862426758
2021-02-01,64.5866470336914
2021-02-02,65.59917449951172
2021-02-03,65.64559173583984
2021-02-04,66.50019073486328
2021-02-05,67.11327362060547
2021-02-08,67.80066680908203
2021-02-09,68.02360534667969
2021-02-10,68.22794342041016
2021-02-11,68.478759765625
2021-02-12,69.01753234863281
2021-02-16,68.85032653808594
2021-02-17,68.53450012207031
2021-02-18,68.12577056884766
2021-02-19,68.93391418457031
2021-02-22,68.22794342041016
2021-02-23,68.21867370605469
2021-02-24,69.04540252685547
2021-02-25,67.11327362060547
2021-02-26,67.02967834472656
2021-03-01,68.72028350830078
2021-03-02,68.02360534667969
2021-03-03,67.03894805908203
2021-03-04,65.6920394897461
2021-03-05,66.91819763183594
2021-03-08,66.91819763183594
2021-03-09,67.55915832519531
2021-03-10,68.06074523925781
2021-03-11,69.12898254394531
2021-03-12,69.47270202636719
2021-03-15,70.29940795898438
2021-03-16,69.5469970703125
2021-03-17,69.93712615966797
2021-03-18,68.74813079833984
2021-03-19,68.859619140625
2021-03-22,69.06394958496094
2021-03-23,67.7913818359375
2021-03-24,67.1504135131836
2021-03-25,67.88809967041016
2021-03-26,69.0150375366211
2021-03-29,68.32581329345703
2021-03-30,68.68907165527344
2021-03-31,68.85671997070312
2021-04-01,69.8719253540039
2021-04-05,70.30035400390625
2021-04-06,70.67289733886719
2021-04-07,70.24446105957031
2021-04-08,70.598388671875
2021-04-09,70.92438507080078
2021-04-12,71.05474090576172
2021-04-13,71.15721893310547
2021-04-14,71.20377349853516
2021-04-15,71.9395751953125
2021-04-16,72.16310119628906
2021-04-19,71.60428619384766
2021-04-20,70.89642333984375
2021-04-21,71.90233612060547
2021-04-22,71.60428619384766
2021-04-23,72.58221435546875
2021-04-26,73.0665283203125
2021-04-27,73.09449005126953
2021-04-28,72.9640884399414
2021-04-29,73.1317367553711
2021-04-30,72.36799621582031
2021-05-03,72.48910522460938
2021-05-04,72.02337646484375
2021-05-05,71.95819854736328
2021-05-06,71.98615264892578
2021-05-07,72.86164855957031
2021-05-10,72.218994140625
2021-05-11,71.6229019165039
2021-05-12,69.68563079833984
2021-05-13,70.54251098632812
2021-05-14,71.86508178710938
2021-05-17,71.68810272216797
2021-05-18,71.21311950683594
2021-05-19,70.8498764038086
2021-05-20,71.65084838867188
2021-05-21,71.73466491699219
2021-05-24,72.22830200195312
2021-05-25,71.87437438964844
2021-05-26,72.43319702148438
2021-05-27,72.8523178100586
2021-05-28,72.95478057861328
2021-06-01,73.18760681152344
2021-06-02,73.16899108886719
2021-06-03,72.79644775390625
2021-06-04,73.27143859863281
2021-06-07,73.28074645996094
2021-06-08,73.65331268310547
2021-06-09,73.2435073852539
2021-06-10,73.47215270996094
2021-06-11,73.84542846679688
2021-06-14,73.64012145996094
2021-06-15,73.45346069335938
2021-06-16,73.05218505859375
2021-06-17,72.57624816894531
2021-06-18,71.55905151367188
2021-06-21,72.90289306640625
2021-06-22,73.23883056640625
2021-06-23,73.22016143798828
2021-06-24,73.7707748413086
2021-06-25,74.29335021972656
2021-06-28,74.0973892211914
2021-06-29,74.06005859375
2021-06-30,73.94806671142578
2021-07-01,74.3960189819336
2021-07-02,74.52666473388672
2021-07-06,74.10673522949219
2021-07-07,74.06940460205078
2021-07-08,73.30416107177734
2021-07-09,74.4893569946289
2021-07-12,74.5733413696289
2021-07-13,73.63079833984375
2021-07-14,73.2108383178711
2021-07-15,72.92154693603516
2021-07-16,72.43628692626953
2021-07-19,71.33507537841797
2021-07-20,73.00553894042969
2021-07-21,73.7894287109375
2021-07-22,73.518798828125
2021-07-23,74.25602722167969
2021-07-26,74.27469635009766
2021-07-27,74.00407409667969
2021-07-28,74.28401947021484
2021-07-29,74.86263275146484
2021-07-30,74.50800323486328
2021-08-02,74.47069549560547
2021-08-03,74.89995574951172
2021-08-04,74.43335723876953
2021-08-05,75.0399398803711
2021-08-06,75.08660125732422
2021-08-09,75.0119400024414
2021-08-10,75.15193939208984
2021-08-11,75.54387664794922
2021-08-12,75.61854553222656
2021-08-13,75.4878921508789
2021-08-16,75.2452392578125
2021-08-17,74.55467987060547
2021-08-18,73.92939758300781
2021-08-19,73.66810607910156
2021-08-20,74.3307113647461
2021-08-23,75.04927825927734
2021-08-24,75.65589141845703
2021-08-25,76.1971435546875
2021-08-26,75.64652252197266
2021-08-27,76.60774230957031
2021-08-30,76.54240417480469
2021-08-31,76.40245056152344
2021-09-01,76.61707305908203
2021-09-02,77.07435607910156
2021-09-03,76.92504119873047
2021-09-07,76.18778991699219
2021-09-08,76.00114440917969
2021-09-09,75.91717529296875
2021-09-10,75.347900390625
2021-09-13,75.47856140136719
2021-09-14,74.96528625488281
2021-09-15,75.4692153930664
2021-09-16,75.64652252197266
2021-09-17,75.27326202392578
2021-09-20,73.84542846679688
2021-09-21,73.76144409179688
2021-09-22,74.66667175292969
2021-09-23,75.63719940185547
2021-09-24,75.61286926269531
2021-09-27,75.6034927368164
2021-09-28,74.12417602539062
2021-09-29,74.15227508544922
2021-09-30,73.23475646972656
2021-10-01,74.11483764648438
2021-10-04,73.41262817382812
2021-10-05,73.97439575195312
2021-10-06,74.18972778320312
2021-10-07,74.93875122070312
2021-10-08,74.6391372680664
2021-10-11,74.19908905029297
2021-10-12,74.54551696777344
2021-10-13,75.00428771972656
2021-10-14,76.30569458007812
2021-10-15,76.39932250976562
2021-10-18,76.66149139404297
2021-10-19,77.11089324951172
2021-10-20,77.57901763916016
2021-10-21,77.87862396240234
2021-10-22,77.96288299560547
2021-10-25,78.12205505371094
2021-10-26,77.84117889404297
2021-10-27,76.67082214355469
2021-10-28,77.59774780273438
2021-10-29,77.66328430175781
2021-11-01,78.36548614501953
2021-11-02,78.46847534179688
2021-11-03,78.8991470336914
2021-11-04,78.80553436279297
2021-11-05,79.18940734863281
2021-11-08,79.47027587890625
2021-11-09,79.57327270507812
2021-11-10,78.62763214111328
2021-11-11,78.91788482666016
2021-11-12,79.46092224121094
2021-11-15,79.44219207763672
2021-11-16,79.84477233886719
2021-11-17,79.22685241699219
2021-11-18,78.92726135253906
2021-11-19,78.3748550415039
2021-11-22,78.04715728759766
2021-11-23,77.98162078857422
2021-11-24,78.31866455078125
2021-11-26,76.46485137939453
2021-11-29,76.89552307128906
2021-11-30,74.9106674194336
2021-12-01,73.41262817382812
2021-12-02,75.3226089477539
2021-12-03,74.3582534790039
2021-12-06,75.2851791381836
2021-12-07,76.8487548828125
2021-12-08,77.45732116699219
2021-12-09,76.39932250976562
2021-12-10,76.45550537109375
2021-12-13,75.88916015625
2021-12-14,75.19410705566406
2021-12-15,76.12394714355469
2021-12-16,75.42891693115234
2021-12-17,75.20352172851562
2021-12-20,74.07646179199219
2021-12-21,75.89852905273438
2021-12-22,76.53719329833984
2021-12-23,77.00682067871094
2021-12-27,77.94605255126953
2021-12-28,77.8333511352539
2021-12-29,78.03057861328125
2021-12-30,78.03057861328125
2021-12-31,77.96483612060547
2022-01-03,77.65487670898438
2022-01-04,77.85211944580078
2022-01-05,75.95489501953125
2022-01-06,76.24607849121094
2022-01-07,75.7388687133789
2022-01-10,75.42891693115234
2022-01-11,76.36814880371094
2022-01-12,76.33056640625
2022-01-13,75.47587585449219
2022-01-14,75.18473815917969
2022-01-18,73.69137573242188
2022-01-19,72.88361358642578
2022-01-20,71.88806915283203
2022-01-21,70.601318359375
2022-01-24,71.4090576171875
2022-01-25,70.25383758544922
2022-01-26,69.59634399414062
2022-01-27,69.01403045654297
2022-01-28,70.4322738647461
2022-01-31,72.21678161621094
2022-02-01,72.87423706054688
2022-02-02,73.12784576416016
2022-02-03,71.67203521728516
2022-02-04,72.0101547241211
2022-02-07,72.14164733886719
2022-02-08,72.93061065673828
2022-02-09,74.39579010009766
2022-02-10,73.2780990600586
2022-02-11,72.13226318359375
2022-02-14,71.5311508178711
2022-02-15,72.95877075195312
2022-02-16,73.09026336669922
2022-02-17,71.3808822631836
2022-02-18,70.91127014160156
2022-02-22,70.02840423583984
2022-02-23,68.68531799316406
2022-02-24,69.95327758789062
2022-02-25,71.83169555664062
2022-02-28,71.68142700195312
2022-03-01,70.37590789794922
2022-03-02,71.86927795410156
2022-03-03,71.32454681396484
2022-03-04,70.4886245727539
2022-03-07,68.08422088623047
2022-03-08,67.89636993408203
2022-03-09,69.74662780761719
2022-03-10,69.60575103759766
2022-03-11,68.60078430175781
2022-03-14,67.9339370727539
2022-03-15,69.07039642333984
2022-03-16,70.90188598632812
2022-03-17,71.94442749023438
2022-03-18,72.80850982666016
2022-03-21,72.58309173583984
2022-03-22,73.315673828125
2022-03-23,72.31070709228516
2022-03-24,73.25727081298828
2022-03-25,73.5680923461914
2022-03-28,73.72820281982422
2022-03-29,75.23515319824219
2022-03-30,74.50051879882812
2022-03-31,73.50215148925781
2022-04-01,73.87889099121094
2022-04-04,74.18026733398438
2022-04-05,73.14425659179688
2022-04-06,72.41902160644531
2022-04-07,72.58856201171875
2022-04-08,72.56031799316406
2022-04-11,71.9010009765625
2022-04-12,71.67496490478516
2022-04-13,72.81460571289062
2022-04-14,72.17413330078125
2022-04-18,71.8539047241211
2022-04-19,73.35145568847656
2022-04-20,73.65286254882812
2022-04-21,72.17413330078125
2022-04-22,70.25276184082031
2022-04-25,70.62008666992188
2022-04-26,68.70811462402344
2022-04-27,68.7834701538086
2022-04-28,69.94194793701172
2022-04-29,67.803955078125
2022-05-02,68.227783203125
2022-05-03,68.67987060546875
2022-05-04,70.53532409667969
2022-05-05,68.048828125
2022-05-06,67.11639404296875
2022-05-09,64.5074691772461
2022-05-10,64.46979522705078
2022-05-11,63.39607620239258
2022-05-12,63.85759353637695
2022-05-13,65.79779815673828
2022-05-16,65.32685852050781
2022-05-17,66.79617309570312
2022-05-18,64.22490692138672
2022-05-19,64.44153594970703
2022-05-20,64.48863983154297
2022-05-23,65.27037811279297
2022-05-24,64.42269134521484
2022-05-25,65.39281463623047
2022-05-26,66.92803955078125
2022-05-27,68.6421890258789
2022-05-31,67.8510513305664
2022-06-01,67.2011489868164
2022-06-02,68.70811462402344
2022-06-03,67.84163665771484
2022-06-06,68.12417602539062
2022-06-07,68.97186279296875
2022-06-08,67.94522857666016
2022-06-09,66.37257385253906
2022-06-10,64.39848327636719
2022-06-13,61.404327392578125
2022-06-14,61.1965217590332
2022-06-15,61.923805236816406
2022-06-16,59.26966094970703
2022-06-17,59.60969543457031
2022-06-21,60.68646240234375
2022-06-22,60.58256149291992
2022-06-23,61.1776237487793
2022-06-24,63.170589447021484
2022-06-27,63.16116714477539
2022-06-28,62.103267669677734
2022-06-29,61.65933609008789
2022-06-30,61.07373046875
2022-07-01,61.93325424194336
2022-07-05,62.103267669677734
2022-07-06,61.96159744262695
2022-07-07,63.10448455810547
2022-07-08,62.84001159667969
2022-07-11,62.06549072265625
2022-07-12,61.69712448120117
2022-07-13,61.44210433959961
2022-07-14,60.818702697753906
2022-07-15,61.98992156982422
2022-07-18,61.84825134277344
2022-07-19,63.7089958190918
2022-07-20,64.42683410644531
2022-07-21,64.93688201904297
2022-07-22,64.28514862060547
2022-07-25,64.4929428100586
2022-07-26,63.79399490356445
2022-07-27,65.30525207519531
2022-07-28,66.42925262451172
2022-07-29,67.08097839355469
2022-08-01,67.00542449951172
2022-08-02,66.65593719482422
2022-08-03,67.45878601074219
2022-08-04,67.2415542602539
2022-08-05,67.57212829589844
2022-08-08,67.9216079711914
2022-08-09,67.29822540283203
2022-08-10,69.03617095947266
2022-08-11,69.24396514892578
2022-08-12,70.35852813720703
2022-08-15,70.48131561279297
2022-08-16,70.67021942138672
2022-08-17,69.83901977539062
2022-08-18,70.04681396484375
2022-08-19,68.89449310302734
2022-08-22,67.43991088867188
2022-08-23,67.36434173583984
2022-08-24,67.79883575439453
2022-08-25,68.84725952148438
2022-08-26,66.60870361328125
2022-08-29,66.193115234375
2022-08-30,65.4186019897461
2022-08-31,64.9935531616211
2022-09-01,64.66295623779297
2022-09-02,64.28514862060547
2022-09-06,64.07736206054688
2022-09-07,65.57916259765625
2022-09-08,66.24034118652344
2022-09-09,67.39266204833984
2022-09-12,68.04440307617188
2022-09-13,65.4186019897461
2022-09-14,65.45639038085938
2022-09-15,64.88966369628906
2022-09-16,63.9356803894043
2022-09-19,64.50239562988281
2022-09-20,63.425628662109375
2022-09-21,62.433860778808594
2022-09-22,61.15873336791992
2022-09-23,60.091407775878906
2022-09-26,59.140228271484375
2022-09-27,59.083274841308594
2022-09-28,60.64009475708008
2022-09-29,59.43450927734375
2022-09-30,58.99783706665039
2022-10-03,60.6685791015625
2022-10-04,62.92786407470703
2022-10-05,62.67155456542969
2022-10-06,62.07351303100586
2022-10-07,60.44074249267578
2022-10-10,59.95661544799805
2022-10-11,59.6528434753418
2022-10-12,59.28261947631836
2022-10-13,60.52618408203125
2022-10-14,58.940879821777344
2022-10-17,60.52618408203125
2022-10-18,61.43749237060547
2022-10-19,60.450233459472656
2022-10-20,59.74776840209961
2022-10-21,60.98183059692383
2022-10-24,61.50394821166992
2022-10-25,62.956336975097656
2022-10-26,63.02278518676758
2022-10-27,63.174678802490234
2022-10-28,64.38024139404297
2022-10-31,64.18091583251953
2022-11-01,64.4182357788086
2022-11-02,62.614593505859375
2022-11-03,62.33931350708008
2022-11-04,63.0892448425293
2022-11-07,63.48793411254883
2022-11-08,63.867652893066406
2022-11-09,62.576622009277344
2022-11-10,66.34526824951172
2022-11-11,67.04773712158203
2022-11-14,66.23136138916016
2022-11-15,67.04773712158203
2022-11-16,66.1649169921875
2022-11-17,65.58584594726562
2022-11-18,66.00354766845703
2022-11-21,65.87063598632812
2022-11-22,66.77244567871094
2022-11-23,67.10469818115234
2022-11-25,67.26607513427734
2022-11-28,66.06997680664062
2022-11-29,66.25035858154297
2022-11-30,68.01602172851562
2022-12-01,68.24383544921875
2022-12-02,68.18687438964844
2022-12-05,66.59209442138672
2022-12-06,65.71875
2022-12-07,65.61433410644531
2022-12-08,66.12693786621094
2022-12-09,65.51939392089844
2022-12-12,66.49716186523438
2022-12-13,67.07328033447266
2022-12-14,66.62498474121094
2022-12-15,65.10839080810547
2022-12-16,64.3357925415039
2022-12-19,63.610862731933594
2022-12-20,63.77303695678711
2022-12-21,64.80316162109375
2022-12-22,64.001953125
2022-12-23,64.39302062988281
2022-12-27,64.3071517944336
2022-12-28,63.37242889404297
2022-12-29,64.62193298339844
2022-12-30,64.3357925415039
2023-01-03,64.05917358398438
2023-01-04,65.04161834716797
2023-01-05,64.3071517944336
2023-01-06,65.72837829589844
2023-01-09,65.93821716308594
2023-01-10,66.48190307617188
2023-01-11,67.42618560791016
2023-01-12,67.73140716552734
2023-01-13,67.99848937988281
2023-01-17,67.96033477783203
2023-01-18,66.96834564208984
2023-01-19,66.12899017333984
2023-01-20,67.4166488647461
2023-01-23,68.34187316894531
2023-01-24,68.15109252929688
2023-01-25,68.27510070800781
2023-01-26,68.93324279785156
2023-01-27,69.20985412597656
2023-01-30,68.38956451416016
2023-01-31,69.67721557617188
2023-02-01,70.62152862548828
2023-02-02,71.57534790039062
2023-02-03,70.66920471191406
2023-02-06,70.08737182617188
2023-02-07,70.793212890625
2023-02-08,70.1255111694336
2023-02-09,69.42921447753906
2023-02-10,69.51506042480469
2023-02-13,70.28767395019531
2023-02-14,70.3639907836914
2023-02-15,71.00304412841797
2023-02-16,70.23045349121094
2023-02-17,69.94429779052734
2023-02-21,68.26554870605469
2023-02-22,68.28462982177734
2023-02-23,68.52310180664062
2023-02-24,67.95079803466797
2023-02-27,68.14155578613281
2023-02-28,67.92218017578125
2023-03-01,67.89356994628906
2023-03-02,68.4372329711914
2023-03-03,69.41968536376953
2023-03-06,68.93324279785156
2023-03-07,67.91264343261719
2023-03-08,68.02710723876953
2023-03-09,66.39606475830078
2023-03-10,64.65054321289062
2023-03-13,63.86839294433594
2023-03-14,64.8508529663086
2023-03-15,63.67764663696289
2023-03-16,64.56470489501953
2023-03-17,63.30564498901367
2023-03-20,64.14501953125
2023-03-21,65.21331787109375
2023-03-22,63.6585693359375
2023-03-23,63.45364761352539
2023-03-24,63.84623336791992
2023-03-27,64.36329650878906
2023-03-28,64.50691223144531
2023-03-29,65.50271606445312
2023-03-30,65.7995376586914
2023-03-31,66.94854736328125
2023-04-03,66.87195587158203
2023-04-04,66.07721710205078
2023-04-05,65.63676452636719
2023-04-06,65.68463134765625
2023-04-10,66.1921157836914
2023-04-11,66.69002532958984
2023-04-12,66.38362121582031
2023-04-13,66.93898010253906
2023-04-14,66.63255310058594
2023-04-17,67.05387115478516
2023-04-18,67.14004516601562
2023-04-19,67.12089538574219
2023-04-20,66.8049087524414
2023-04-21,66.78575897216797
2023-04-24,66.8336410522461
2023-04-25,65.51227569580078
2023-04-26,64.95693969726562
2023-04-27,65.9527359008789
2023-04-28,66.5655288696289
2023-05-01,66.57513427734375
2023-05-02,65.53144073486328
2023-05-03,65.22504425048828
2023-05-04,64.62181091308594
2023-05-05,65.7803955078125
2023-05-08,65.74210357666016
2023-05-09,65.56974029541016
2023-05-10,65.63676452636719
2023-05-11,65.34952545166016
2023-05-12,65.33036804199219
2023-05-15,65.7995376586914
2023-05-16,64.76544189453125
2023-05-17,65.62718200683594
2023-05-18,66.25914764404297
2023-05-19,66.00059509277344
2023-05-22,66.27828979492188
2023-05-23,65.43568420410156
2023-05-24,64.7367172241211
2023-05-25,64.75585174560547
2023-05-26,65.32079315185547
2023-05-30,65.32079315185547
2023-05-31,64.72714233398438
2023-06-01,65.2537612915039
2023-06-02,66.79534912109375
2023-06-05,66.55596923828125
2023-06-06,67.16877746582031
2023-06-07,67.64688110351562
2023-06-08,67.69487762451172
2023-06-09,67.48367309570312
2023-06-12,68.02130889892578
2023-06-13,68.76058197021484
2023-06-14,68.54935455322266
2023-06-15,69.33660888671875
2023-06-16,69.14459228515625
2023-06-20,68.56855010986328
2023-06-21,68.40533447265625
2023-06-22,68.10772705078125
2023-06-23,67.45487213134766
2023-06-26,67.8772964477539
2023-06-27,68.91419219970703
2023-06-28,68.97178649902344
2023-06-29,69.48062896728516
2023-06-30,70.11427307128906
2023-07-03,70.35429382324219
2023-07-05,69.96066284179688
2023-07-06,69.28861236572266
2023-07-07,69.68223571777344
2023-07-10,70.49829864501953
2023-07-11,71.39117431640625
2023-07-12,71.78482055664062
2023-07-13,72.2744369506836
2023-07-14,71.67919921875
2023-07-17,72.05363464355469
2023-07-18,72.5048599243164
2023-07-19,72.72566986083984
2023-07-20,72.34165954589844
2023-07-21,72.38005065917969
2023-07-24,72.41844940185547
2023-07-25,72.57205200195312
2023-07-26,72.773681640625
2023-07-27,71.9480209350586
2023-07-28,72.49525451660156
2023-07-31,72.8792953491211
2023-08-01,72.60086822509766
2023-08-02,71.72720336914062
2023-08-03,71.4583969116211
2023-08-04,71.1031494140625
2023-08-07,71.65998840332031
2023-08-08,71.11275482177734
2023-08-09,70.8055419921875
2023-08-10,70.68070983886719
2023-08-11,70.65191650390625
2023-08-14,70.69032287597656
2023-08-15,69.77824401855469
2023-08-16,69.18299865722656
2023-08-17,68.43413543701172
2023-08-18,68.6453628540039
2023-08-21,68.6453628540039
2023-08-22,68.43413543701172
2023-08-23,69.13499450683594
2023-08-24,68.38615417480469
2023-08-25,68.68376159667969
2023-08-28,69.22142791748047
2023-08-29,70.14307403564453
2023-08-30,70.46949005126953
2023-08-31,70.33509063720703
2023-09-01,70.7959213256836
2023-09-05,69.75904846191406
2023-09-06,69.64385223388672
2023-09-07,69.3174057006836
2023-09-08,69.22142791748047
2023-09-11,69.3846206665039
2023-09-12,69.27900695800781
2023-09-13,68.86619567871094
2023-09-14,69.56703186035156
2023-09-15,68.94298553466797
2023-09-18,68.8085708618164
2023-09-19,68.6357650756836
2023-09-20,68.29972839355469
2023-09-21,67.00364685058594
2023-09-22,66.83082580566406
2023-09-25,67.05165100097656
2023-09-26,66.11213684082031
2023-09-27,66.3918685913086
2023-09-28,66.98027038574219
2023-09-29,66.7969970703125
2023-10-02,65.98674774169922
2023-10-03,65.00286102294922
2023-10-04,65.47550964355469
2023-10-05,65.3308334350586
2023-10-06,66.05426788330078
2023-10-09,66.50760650634766
2023-10-10,67.13459014892578
2023-10-11,67.39502716064453
2023-10-12,66.33399200439453
2023-10-13,65.97710418701172
2023-10-16,66.87415313720703
2023-10-17,67.37574005126953
2023-10-18,65.97710418701172
2023-10-19,65.08003997802734
2023-10-20,64.231201171875
2023-10-23,63.82608413696289
2023-10-24,64.27946472167969
2023-10-25,63.21839904785156
2023-10-26,63.22805404663086
2023-10-27,62.543190002441406
2023-10-30,62.90009307861328
2023-10-31,63.45955276489258
2023-11-01,63.777862548828125
2023-11-02,65.22472381591797
2023-11-03,66.56549072265625
2023-11-06,66.02532196044922
2023-11-07,66.06392669677734
2023-11-08,65.90959167480469
2023-11-09,65.2633056640625
2023-11-10,66.07355499267578
2023-11-13,65.95779418945312
2023-11-14,68.16667938232422
2023-11-15,68.41748046875
2023-11-16,68.00271606445312
2023-11-17,68.52357482910156
2023-11-20,68.82258605957031
2023-11-21,68.62004089355469
2023-11-22,68.986572265625
2023-11-24,69.26630401611328
2023-11-27,69.16020965576172
2023-11-28,69.03479766845703
2023-11-29,69.43992614746094
2023-11-30,69.9415054321289
2023-12-01,71.24368286132812
2023-12-04,71.35944366455078
2023-12-05,70.63601684570312
2023-12-06,70.57814025878906
2023-12-07,70.90608215332031
2023-12-08,71.23403930664062
2023-12-11,71.83207702636719
2023-12-12,71.94783020019531
2023-12-13,73.52973937988281
2023-12-14,74.8319320678711
2023-12-15,74.17601013183594
2023-12-18,74.33998107910156
2023-12-19,75.10198974609375
2023-12-20,73.79315185546875
2023-12-21,74.78132629394531
2023-12-22,75.10103607177734
2023-12-26,75.61449432373047
2023-12-27,75.72105407714844
2023-12-28,75.82762908935547
2023-12-29,75.30448150634766
2024-01-02,74.89757537841797
2024-01-03,73.54127502441406
2024-01-04,73.4540786743164
2024-01-05,73.68658447265625
2024-01-08,74.6650619506836
2024-01-09,74.3066177368164
2024-01-10,74.5197525024414
2024-01-11,74.26786804199219
2024-01-12,74.13223266601562
2024-01-16,73.62846374511719
2024-01-17,73.01811981201172
2024-01-18,73.48313903808594
2024-01-19,74.11286163330078
2024-01-22,74.77165222167969
2024-01-23,74.6650619506836
2024-01-24,74.16130828857422
2024-01-25,74.82975769042969
2024-01-26,74.82975769042969
2024-01-29,75.50791931152344
2024-01-30,75.3819808959961
2024-01-31,74.23878479003906
2024-02-01,75.17852783203125
2024-02-02,75.27540588378906
2024-02-05,74.5197525024414
2024-02-06,75.10103607177734
2024-02-07,75.56605529785156
2024-02-08,75.98263549804688
2024-02-09,76.282958984375
2024-02-12,76.65111541748047
2024-02-13,75.17852783203125
2024-02-14,76.24420928955078
2024-02-15,77.19363403320312
2024-02-16,76.79642486572266
2024-02-20,76.37015533447266
2024-02-21,76.41858673095703
2024-02-22,77.30989074707031
2024-02-23,77.57144927978516
2024-02-26,77.4745864868164
2024-02-27,77.8233413696289
2024-02-28,77.84271240234375
2024-02-29,78.28836059570312
2024-03-01,78.85026550292969
2024-03-04,79.07310485839844
2024-03-05,78.4433822631836
2024-03-06,79.1021499633789
2024-03-07,79.76093292236328
2024-03-08,79.46060943603516
2024-03-11,79.42186737060547
2024-03-12,79.66405487060547
2024-03-13,79.72218322753906
2024-03-14,78.92777252197266
2024-03-15,78.80182647705078
2024-03-18,78.92777252197266
2024-03-19,79.42186737060547
2024-03-20,80.26470947265625
2024-03-21,80.9621353149414
2024-03-22,80.37932586669922
2024-03-25,80.32105255126953
2024-03-26,80.32105255126953
2024-03-27,81.4866714477539
2024-03-28,81.68093872070312
2024-04-01,81.14669799804688
2024-04-02,80.32105255126953
2024-04-03,80.58330535888672
2024-04-04,79.68966674804688
2024-04-05,80.39874267578125
2024-04-08,80.73873901367188
2024-04-09,80.8844223022461
2024-04-10,79.56340026855469
2024-04-11,79.56340026855469
2024-04-12,78.31035614013672
2024-04-15,77.31957244873047
2024-04-16,76.86302947998047
2024-04-17,76.5619125366211
2024-04-18,76.45507049560547
2024-04-19,76.40650177001953
2024-04-22,77.10587310791016
2024-04-23,78.06749725341797
2024-04-24,78.10636901855469
2024-04-25,77.97036743164062
2024-04-26,78.21320343017578
2024-04-29,78.6600341796875
2024-04-30,77.33899688720703
2024-05-01,77.2030029296875
2024-05-02,77.90238189697266
2024-05-03,78.46576690673828
2024-05-06,79.37883758544922
2024-05-07,79.42741394042969
2024-05-08,79.22341918945312
2024-05-09,79.96165466308594
2024-05-10,80.049072265625
2024-05-13,79.8936538696289
2024-05-14,80.38904571533203
2024-05-15,81.19527435302734
2024-05-16,80.80672454833984
2024-05-17,80.90385437011719
2024-05-20,80.97184753417969
2024-05-21,80.86499786376953
2024-05-22,80.45703887939453
2024-05-23,79.33025360107422
2024-05-24,80.08792114257812
2024-05-28,79.44683074951172
2024-05-29,78.47547149658203
2024-05-30,78.8445816040039
2024-05-31,79.56340026855469
2024-06-03,78.9805679321289
2024-06-04,78.47547149658203
2024-06-05,79.31083679199219
2024-06-06,79.01944732666016
2024-06-07,78.5726089477539
2024-06-10,78.99029541015625
2024-06-11,78.70884704589844
2024-06-12,79.52691650390625
2024-06-13,79.09839630126953
2024-06-14,78.41667175292969
2024-06-17,78.88414001464844
2024-06-18,79.16657257080078
2024-06-20,79.07892608642578
2024-06-21,79.1470947265625
2024-06-24,79.458740234375
2024-06-25,78.99127960205078
2024-06-26,78.67962646484375
2024-06-27,78.87439727783203
2024-06-28,78.9620590209961
2024-07-01,78.30955505371094
2024-07-02,78.59197998046875
2024-07-03,78.71858215332031
2024-07-05,78.57250213623047
2024-07-08,78.76728057861328
2024-07-09,78.50432586669922
2024-07-10,79.16657257080078
2024-07-11,80.43260192871094
2024-07-12,81.21172332763672
2024-07-15,81.48440551757812
2024-07-16,83.1205062866211
2024-07-17,82.33167266845703
2024-07-18,81.61100006103516
2024-07-19,81.21172332763672
2024-07-22,82.06874084472656
2024-07-23,81.8836898803711
2024-07-24,80.52999877929688
2024-07-25,80.89033508300781
2024-07-26,81.96160125732422
2024-07-29,82.08821105957031
2024-07-30,82.38037109375
2024-07-31,82.72122955322266
2024-08-01,81.51361083984375
2024-08-02,79.8190689086914
2024-08-05,77.83235931396484
2024-08-06,78.77701568603516
2024-08-07,78.15373229980469
2024-08-08,79.82881164550781
2024-08-09,79.96515655517578
2024-08-12,79.56586456298828
2024-08-13,80.53973388671875
2024-08-14,80.67607879638672
2024-08-15,81.89342498779297
2024-08-16,82.11741638183594
2024-08-19,82.75044250488281
2024-08-20,82.2440185546875
2024-08-21,83.10103607177734
2024-08-22,82.76017761230469
2024-08-23,84.07489776611328
2024-08-26,83.94831085205078
2024-08-27,83.86065673828125
2024-08-28,83.47111511230469
2024-08-29,83.76326751708984
2024-08-30,84.3378677368164
2024-09-03,82.91600036621094
2024-09-04,82.67254638671875
2024-09-05,82.27323150634766
2024-09-06,81.27989196777344
2024-09-09,81.96160125732422
2024-09-10,81.9323959350586
2024-09-11,82.20508575439453
2024-09-12,82.87704467773438
2024-09-13,83.81196594238281
2024-09-16,84.415771484375
2024-09-17,84.66899108886719
2024-09-18,84.53264617919922
2024-09-19,85.6915512084961
2024-09-20,85.24356079101562
2024-09-23,85.73050689697266
2024-09-24,85.87657928466797
2024-09-25,85.18609619140625
2024-09-26,85.78270721435547
2024-09-27,86.07611083984375
2024-09-30,86.2032470703125
2024-10-01,85.6457748413086
2024-10-02,85.67510986328125
2024-10-03,85.33281707763672
2024-10-04,86.01742553710938
2024-10-07,85.3817138671875
2024-10-08,85.56753540039062
2024-10-09,86.17390441894531
2024-10-10,85.85116577148438
2024-10-11,86.90743255615234
2024-10-14,87.54314422607422
2024-10-15,87.25951385498047
2024-10-16,87.87567138671875
2024-10-17,87.76809692382812
2024-10-18,88.0810775756836
2024-10-21,87.3475341796875
2024-10-22,86.83898162841797
2024-10-23,86.50643920898438
2024-10-24,86.70204162597656
2024-10-25,86.3597412109375
2024-10-28,87.00523376464844
2024-10-29,86.82918548583984
2024-10-30,86.8487548828125
2024-10-31,85.77291870117188
2024-11-01,85.7142333984375
2024-11-04,85.8707275390625
2024-11-05,87.15193939208984
2024-11-06,89.6165542602539
2024-11-07,89.90019989013672
2024-11-08,90.59459686279297
2024-11-11,91.47480010986328
2024-11-12,90.77063751220703
2024-11-13,90.5848159790039
2024-11-14,89.76327514648438
2024-11-15,89.1373291015625
2024-11-18,89.56767272949219
2024-11-19,89.73393249511719
2024-11-20,90.27184295654297
2024-11-21,91.4356918334961
2024-11-22,92.45283508300781
2024-11-25,93.42108917236328
2024-11-26,93.23526763916016
2024-11-27,93.15702056884766
2024-11-29,93.37218475341797
2024-12-02,93.01032257080078
2024-12-03,92.85383605957031
2024-12-04,93.08856964111328
2024-12-05,92.59954833984375
2024-12-06,92.7169189453125
2024-12-09,91.87581634521484
2024-12-10,91.03469848632812
2024-12-11,91.36722564697266
2024-12-12,90.98579406738281
2024-12-13,90.5848159790039
2024-12-16,90.4283218383789
2024-12-17,89.64610290527344
2024-12-18,86.40731811523438
2024-12-19,86.23064422607422
2024-12-20,87.56542205810547
2024-12-23,87.5850601196289
2024-12-24,88.31134033203125
2024-12-26,88.45854949951172
2024-12-27,87.5850601196289
2024-12-30,86.79007720947266
2024-12-31,86.76062774658203
2025-01-02,86.66249084472656
2025-01-03,87.80097198486328
2025-01-06,87.86968231201172
2025-01-07,87.19246673583984
2025-01-08,87.30043029785156
2025-01-10,86.01472473144531
2025-01-13,86.64286804199219
2025-01-14,87.52616882324219
2025-01-15,88.58613586425781
2025-01-16,89.42037200927734
2025-01-17,89.90129089355469
2025-01-21,91.10848236083984
2025-01-22,90.73552703857422
2025-01-23,90.98088836669922
2025-01-24,90.91218566894531
2025-01-27,90.28404998779297
2025-01-28,90.37239074707031
2025-01-29,90.09757995605469
2025-01-30,91.14774322509766
2025-01-31,90.3625717163086
2025-02-03,89.7737045288086
2025-02-04,90.27424621582031
2025-02-05,90.83367919921875
2025-02-06,90.8729248046875
2025-02-07,90.45091247558594
2025-02-10,90.7453384399414
2025-02-11,90.25460815429688
2025-02-12,89.69517517089844
2025-02-13,90.5981216430664
2025-02-14,90.58831024169922
2025-02-18,91.20662689208984
2025-02-19,90.89254760742188
2025-02-20,90.18590545654297
2025-02-21,88.21317291259766
2025-02-24,88.00708770751953
2025-02-25,87.75190734863281
2025-02-26,87.75190734863281
2025-02-27,86.78025817871094
2025-02-28,87.80097198486328
2025-03-03,86.47599792480469
2025-03-04,85.1412353515625
2025-03-05,86.13249969482422
2025-03-06,84.52291870117188
2025-03-07,85.15104675292969
2025-03-10,83.19794464111328
2025-03-11,82.53055572509766
2025-03-12,82.51092529296875
2025-03-13,81.27430725097656
2025-03-14,83.29608917236328
2025-03-17,84.54254150390625
2025-03-18,83.78551483154297
2025-03-19,84.81916809082031
2025-03-20,84.45492553710938
2025-03-21,84.20882415771484
2025-03-24,86.03987884521484
2025-03-25,85.87252044677734
2025-03-26,85.32123565673828
2025-03-27,84.72071838378906
2025-03-28,83.31298065185547
2025-03-31,83.74612426757812
2025-04-01,84.0316162109375
2025-04-02,85.10465240478516
2025-04-03,80.40888977050781
2025-04-04,75.7426528930664
2025-04-07,75.15198516845703
2025-04-08,73.71470642089844
2025-04-09,80.11355590820312
2025-04-10,77.21930694580078
2025-04-11,78.40062713623047
2025-04-14,79.49335479736328
2025-04-15,79.41460418701172
2025-04-16,78.4793930053711
2025-04-17,79.16849517822266
2025-04-21,77.35713195800781
2025-04-22,79.4835205078125
2025-04-23,80.4581069946289
2025-04-24,82.09227752685547
2025-04-25,82.07259368896484
2025-04-28,82.42699432373047
2025-04-29,82.86014556884766
2025-04-30,82.8404541015625
2025-05-01,82.86997985839844
2025-05-02,84.58289337158203
2025-05-05,84.41554260253906
2025-05-06,83.62799835205078
2025-05-07,84.22850799560547
2025-05-08,85.3310775756836
2025-05-09,85.32123565673828
2025-05-12,87.70356750488281
2025-05-13,88.2548599243164
2025-05-14,87.96937561035156
2025-05-15,88.3828353881836
2025-05-16,89.32789611816406
2025-05-19,89.18022918701172
2025-05-20,88.83567810058594
2025-05-21,86.75850677490234
2025-05-22,86.66991424560547
2025-05-23,86.335205078125
2025-05-27,87.93984985351562
2025-05-28,87.1621322631836
2025-05-29,87.43777465820312
2025-05-30,87.57559204101562
2025-06-02,87.6149673461914
2025-06-03,88.49112701416016
2025-06-04,88.31391906738281
2025-06-05,88.08750915527344
2025-06-06,88.91443634033203
2025-06-09,88.83567810058594
2025-06-10,89.17037963867188
2025-06-11,88.96366882324219
2025-06-12,89.04240417480469
2025-06-13,87.890625
2025-06-16,88.91154479980469
2025-06-17,88.02291870117188
2025-06-18,88.33887481689453
2025-06-20,88.39811706542969
2025-06-23,89.15838623046875
2025-06-24,90.18522644042969
2025-06-25,89.42497253417969
2025-06-26,90.2345962524414
2025-06-27,90.34320831298828
2025-06-30,90.8072738647461
2025-07-01,91.4984130859375
2025-07-02,91.99210357666016
2025-07-03,92.53514862060547
2025-07-07,91.83412170410156
2025-07-08,91.97235870361328
2025-07-09,92.36730194091797
2025-07-10,92.81160736083984
2025-07-11,91.98223114013672
2025-07-14,92.38703918457031
2025-07-15,91.0936050415039
2025-07-16,91.55766296386719
2025-07-17,92.50552368164062
2025-07-18,92.72274780273438
2025-07-21,92.24880981445312
2025-07-22,93.30528259277344
2025-07-23,93.94706726074219
2025-07-24,93.53238677978516
2025-07-25,94.11492156982422
2025-07-28,93.7101058959961
2025-07-29,93.55213165283203
2025-07-30,93.11768341064453
2025-07-31,92.5252685546875
2025-08-01,91.22196197509766
2025-08-04,92.5943832397461
2025-08-05,92.27843475341797
2025-08-06,92.06121063232422
2025-08-07,91.98223114013672
2025-08-08,91.66626739501953
2025-08-11,91.37995147705078
2025-08-12,92.79186248779297
2025-08-13,94.05567932128906
2025-08-14,93.21642303466797
2025-08-15,93.0189437866211
2025-08-18,93.11768341064453
2025-08-19,93.25591278076172
2025-08-20,93.03870391845703
2025-08-21,92.82147979736328
2025-08-22,94.9048080444336
2025-08-25,94.28276824951172
2025-08-26,94.4901123046875
2025-08-27,94.92455291748047
2025-08-28,95.09239959716797
2025-08-29,94.8455581665039
2025-09-02,94.17415618896484
2025-09-03,94.02606201171875
2025-09-04,94.9146728515625
2025-09-05,95.14176940917969
2025-09-08,95.34911346435547
2025-09-09,94.92455291748047
2025-09-10,94.87517547607422
2025-09-11,96.27722930908203
2025-09-12,95.48734283447266
2025-09-15,95.38861083984375
2025-09-16,95.09339141845703
2025-09-17,95.11320495605469
2025-09-18,95.87600708007812
2025-09-19,95.48965454101562
2025-09-22,95.54908752441406
2025-09-23,95.55900573730469
2025-09-24,94.99431610107422
2025-09-25,94.26123809814453
2025-09-26,95.26181030273438
2025-09-29,95.57881927490234
2025-09-30,95.64815521240234
2025-10-01,95.61843872070312
2025-10-02,96.0345230102539
2025-10-03,96.32180786132812
2025-10-06,96.39115142822266
2025-10-07,95.75713348388672
2025-10-08,96.34162902832031
2025-10-09,95.5986328125
2025-10-10,93.14178466796875
2025-10-13,94.38011932373047
2025-10-14,95.06366729736328
2025-10-15,95.33116149902344
2025-10-16,94.19189453125
2025-10-17,94.40983581542969
2025-10-20,95.49957275390625
2025-10-21,95.89582824707031
2025-10-22,95.07357788085938
2025-10-23,95.90573120117188
2025-10-24,96.29208374023438
2025-10-27,96.6982650756836
2025-10-28,95.74723052978516
2025-10-29,94.95469665527344
2025-10-30,94.18197631835938
2025-10-31,94.86553955078125
2025-11-03,94.67731475830078
2025-11-04,93.67674255371094
2025-11-05,94.27114868164062
2025-11-06,93.46871185302734
2025-11-07,94.51881408691406
2025-11-10,95.22218322753906
2025-11-11,95.50946807861328
2025-11-12,95.6778793334961
2025-11-13,93.93431854248047
2025-11-14,93.73619079589844
2025-11-17,92.21057891845703
2025-11-18,92.31954956054688
2025-11-19,92.24029541015625
2025-11-20,90.83355712890625
2025-11-21,92.596923828125
2025-11-24,93.30030059814453
2025-11-25,94.80609130859375
2025-11-26,95.47974395751953
2025-11-28,96.04441833496094
2025-12-01,95.43022155761719
2025-12-02,95.18255615234375
2025-12-03,95.94535064697266
2025-12-04,96.24256134033203
2025-12-05,96.32180786132812
2025-12-08,95.94535064697266
2025-12-09,95.74723052978516
2025-12-10,97.12423706054688
2025-12-11,97.93658447265625
2025-12-12,96.84686279296875
2025-12-15,96.65863037109375
2025-12-16,96.0260238647461
2025-12-17,95.62814331054688
2025-12-18,95.90666198730469
2025-12-19,96.52336120605469
2025-12-22,97.35888671875
2025-12-23,97.07042694091797
2025-12-24,97.29920196533203
2025-12-26,97.319091796875
2025-12-29,96.96102142333984
2025-12-30,96.7421875
2025-12-31,95.75745391845703
2026-01-02,96.80186462402344
2026-01-05,97.98553466796875
2026-01-06,99.3084487915039
2026-01-07,98.3038330078125
2026-01-08,98.82106018066406
2026-01-09,99.43775939941406
2026-01-12,99.58696746826172
2026-01-13,99.71626281738281
2026-01-14,99.96493530273438
2026-01-15,100.55179595947266
2026-01-16,100.26334381103516
2026-01-20,98.72159576416016
2026-01-21,100.3230209350586
2026-01-22,100.49211883544922
2026-01-23,99.8057861328125
2026-01-26,99.9251480102539
2026-01-27,99.98482513427734
2026-01-28,99.65658569335938
2026-01-29,99.517333984375
2026-01-30,98.65196228027344
2026-02-02,99.26866912841797
2026-02-03,99.17914581298828
2026-02-04,99.71626281738281
2026-02-05,98.6718521118164
2026-02-06,101.23812103271484
2026-02-09,101.56636047363281
2026-02-10,101.68573760986328
2026-02-11,101.62605285644531
2026-02-12,100.02461242675781
2026-02-13,101.1784439086914
2026-02-17,101.11876678466797
2026-02-18,101.76530456542969
2026-02-19,101.67578125
2026-02-20,102.22284698486328
2026-02-23,100.750732421875
2026-02-24,101.83492279052734
2026-02-25,102.0835952758789
2026-02-26,102.88928985595703
2026-02-27,102.44168090820312
2026-03-02,102.64061737060547
2026-03-03,101.20828247070312
2026-03-04,101.59620666503906
2026-03-05,100.38269805908203
2026-03-06,98.75142669677734
2026-03-09,99.42781829833984
2026-03-10,98.6917495727539
2026-03-11,98.43313598632812
2026-03-12,96.68250274658203
2026-03-13,96.56314849853516
2026-03-16,97.49813842773438
2026-03-17,98.2680892944336
2026-03-18,97.20093536376953
2026-03-19,97.34056091308594
2026-03-20,95.43563842773438
2026-03-23,96.76210021972656
2026-03-24,97.21090698242188
2026-03-25,97.7993392944336
2026-03-26,96.46289825439453
2026-03-27,95.15638732910156
2026-03-30,94.4881591796875
2026-03-31,96.97154998779297
2026-04-01,97.64974212646484
2026-04-02,98.0785903930664
2026-04-06,98.48750305175781
2026-04-07,98.33789825439453
2026-04-08,100.9808578491211
2026-04-09,100.87114715576172
2026-04-10,100.37248229980469
2026-04-13,101.66902923583984
2026-04-14,102.19761657714844
2026-04-15,101.98817443847656
2026-04-16,102.44695281982422
2026-04-17,103.90306854248047
2026-04-20,104.36184692382812
2026-04-21,103.70360565185547
2026-04-22,103.5938949584961
2026-04-23,103.55400085449219
2026-04-24,103.48419189453125
2026-04-27,103.47421264648438
2026-04-28,102.5965576171875
2026-04-29,102.19761657714844
2026-04-30,104.06263732910156
2026-05-01,103.92301177978516
2026-05-04,103.7335205078125
2026-05-05,104.78073120117188
2026-05-06,105.82794189453125
2026-05-07,104.63113403320312
2026-05-08,104.92035675048828
2026-05-11,105.24948120117188
2026-05-12,104.69097137451172
2026-05-13,104.46157836914062
2026-05-14,104.87049102783203
2026-05-15,103.41437530517578
2026-05-18,103.4043960571289
2026-05-19,102.78604125976562
2026-05-20,104.16238403320312
2026-05-21,104.72089385986328
2026-05-22,105.63844299316406
2026-05-26,106.6158447265625
2026-05-27,106.39642333984375
2026-05-28,106.88511657714844
2026-05-29,107.0845947265625
2026-06-01,107.19429779052734
2026-06-02,107.94230651855469
2026-06-03,107.66304779052734
2026-06-04,108.22156524658203
2026-06-05,105.92767333984375
2026-06-08,106.01744079589844
2026-06-09,106.63578796386719
2026-06-10,105.10985565185547
2026-06-11,107.43366241455078
2026-06-12,108.43099975585938
2026-06-15,109.43000030517578
2026-06-16,108.94000244140625
2026-06-17,107.5199966430664
2026-06-18,108.54000091552734
2026-06-22,109.0999984741211
2026-06-23,107.83999633789062
2026-06-24,108.55999755859375
2026-06-25,110.02999877929688
2026-06-26,109.58000183105469
2026-06-29,110.16000366210938
2026-06-30,110.31999969482422
2026-07-01,110.18000030517578
2026-07-02,110.33999633789062
2026-07-06,110.61000061035156
2026-07-07,109.9800033569336
2026-07-08,108.94999694824219
2026-07-09,110.0
2026-07-10,110.0199966430664
2026-07-13,109.77999877929688
