date,adj close
2000-12-29,12.05753032116408
2001-01-02,11.201444632077385
2001-01-03,12.1539912108879
2001-01-04,11.997243136792656
2001-01-05,11.430536630053563
2001-01-08,11.2737913454174
2001-01-09,11.34613526929834
2001-01-10,11.76814904672216
2001-01-11,12.178106084636465
2001-01-12,12.190162126781209
2001-01-16,12.202219563655497
2001-01-17,12.40719877997742
2001-01-18,12.576002896217409
2001-01-19,12.479543401223133
2001-01-22,12.431312258996453
2001-01-23,12.79304094414316
2001-01-24,12.88950043913744
2001-01-25,12.720693533438372
2001-01-26,12.720693533438372
2001-01-29,13.046248513232683
2001-01-30,13.118593134478392
2001-01-31,12.998018765735546
2001-02-01,12.973899707798356
2001-02-02,12.624234038444095
2001-02-05,12.53983058559456
2001-02-06,12.600116375236444
2001-02-07,12.467485964348851
2001-02-08,12.322795327127892
2001-02-09,12.129877731868875
2001-02-12,12.23838908481928
2001-02-13,12.081646589642196
2001-02-14,12.286621621775502
2001-02-15,12.551890811927931
2001-02-16,12.17810608463648
2001-02-20,11.792263920470742
2001-02-21,11.599340746293564
2001-02-22,11.46671173013551
2001-02-23,11.526998217142165
2001-02-26,11.744035567703142
2001-02-27,11.382306185191664
2001-02-28,11.153216279309794
2001-03-01,11.177329758328822
2001-03-02,11.153216279309792
2001-03-05,11.17732975832882
2001-03-06,11.394366411525027
2001-03-07,11.430536630053574
2001-03-08,11.237619732159327
2001-03-09,10.863833610138334
2001-03-12,10.333301506116408
2001-03-13,10.514166546054533
2001-03-14,10.333301506116408
2001-03-15,10.200670397864045
2001-03-16,9.875116812799272
2001-03-19,10.200670397864046
2001-03-20,9.8871756444031
2001-03-21,9.682195730716405
2001-03-22,9.778655923075457
2001-03-23,10.019806752655464
2001-03-26,10.10421090286977
2001-03-27,10.273015019109758
2001-03-28,9.838945199541191
2001-03-29,9.730425478213547
2001-03-30,9.8268856705726
2001-04-02,9.53750648822499
2001-04-03,9.031088560586864
2001-04-04,8.94668789719641
2001-04-05,9.646024117458326
2001-04-06,9.416931422117372
2001-04-09,9.525448353985938
2001-04-10,10.01980675265547
2001-04-11,10.11626624764975
2001-04-12,10.357418471959296
2001-04-16,10.1644980872412
2001-04-17,10.321246858701214
2001-04-18,11.06881422118981
2001-04-19,11.442598251116491
2001-04-20,11.273791345417424
2001-04-23,10.875891744377402
2001-04-24,10.731201107156442
2001-04-25,10.99646611312025
2001-04-26,10.99646611312025
2001-04-27,11.213504161046
2001-04-30,11.382306185191675
2001-05-01,11.551113090890746
2001-05-02,11.719920693954585
2001-05-03,11.382306185191675
2001-05-04,11.551113090890745
2001-05-07,11.454653595896463
2001-05-08,11.514942174997431
2001-05-09,11.406423848399326
2001-05-10,11.358192706172646
2001-05-11,11.237619732159338
2001-05-14,11.153216279309802
2001-05-15,11.213504161045996
2001-05-16,11.647574677979334
2001-05-17,11.900780852339318
2001-05-18,11.888722020735491
2001-05-21,12.41925621685173
2001-05-22,12.443369695870755
2001-05-23,12.021358010541244
2001-05-24,12.1057586739317
2001-05-25,12.009299178937422
2001-05-29,11.719920693954585
2001-05-30,11.358192706172646
2001-05-31,11.490827301248862
2001-06-01,11.63551724110505
2001-06-04,11.683744199143112
2001-06-05,12.04547148956028
2001-06-06,11.961068036710746
2001-06-07,12.14193377401364
2001-06-08,11.961068036710746
2001-06-11,11.707860467621222
2001-06-12,11.707860467621222
2001-06-13,11.539054956651697
2001-06-14,11.18938719520312
2001-06-15,11.18938719520312
2001-06-18,11.04469516325262
2001-06-19,11.056754692221215
2001-06-20,11.249672287480234
2001-06-21,11.334075740329768
2001-06-22,11.153216279309804
2001-06-25,11.14115744770598
2001-06-26,11.18938719520312
2001-06-27,11.23761973215934
2001-06-28,11.50288543548792
2001-06-29,11.671688156998368
2001-07-02,11.611400972626942
2001-07-03,11.52699821714218
2001-07-05,11.346135269298363
2001-07-06,10.99646611312025
2001-07-09,11.04469516325262
2001-07-10,10.791488988892638
2001-07-11,10.779432946747894
2001-07-12,11.225560900555514
2001-07-13,11.249672287480236
2001-07-16,11.04469516325262
2001-07-17,11.201444632077406
2001-07-18,11.032639121107875
2001-07-19,11.09292560811453
2001-07-20,11.032639121107875
2001-07-23,10.863833610138348
2001-07-24,10.682971359659303
2001-07-25,10.76737550987361
2001-07-26,11.056754692221215
2001-07-27,11.14115744770598
2001-07-30,11.09292560811453
2001-07-31,11.11704327132218
2001-08-01,11.273791345417424
2001-08-02,11.322018303455485
2001-08-03,11.249672287480236
2001-08-06,11.09292560811453
2001-08-07,11.056754692221215
2001-08-08,10.803545728402153
2001-08-09,10.755316678269782
2001-08-10,10.755316678269782
2001-08-13,10.875891744377402
2001-08-14,10.839719433754546
2001-08-15,10.670914620149787
2001-08-16,10.682971359659302
2001-08-17,10.453877269588808
2001-08-20,10.538280722438342
2001-08-21,10.357418471959296
2001-08-22,10.550339554042168
2001-08-23,10.490051672305974
2001-08-24,10.791488988892638
2001-08-27,10.791488988892638
2001-08-28,10.57445442779074
2001-08-29,10.490051672305976
2001-08-30,10.333301506116422
2001-08-31,10.357418471959305
2001-09-04,10.248902237455509
2001-09-05,10.10421090286978
2001-09-06,9.863060073289772
2001-09-07,9.718370133433584
2001-09-10,9.658080159603076
2001-09-17,8.982860207819272
2001-09-18,8.777881688862117
2001-09-19,8.633192446370698
2001-09-20,8.355866516708755
2001-09-21,8.211177971582105
2001-09-24,8.572904564634504
2001-09-25,8.60907548052782
2001-09-26,8.416155095809719
2001-09-27,8.512615985533538
2001-09-28,8.729651244000207
2001-10-01,8.584960606779248
2001-10-02,8.669364756993552
2001-10-03,9.067262265939265
2001-10-04,9.1516657187888
2001-10-05,9.103435273926891
2001-10-08,9.055204131700211
2001-10-09,8.982860207819272
2001-10-10,9.284298221770705
2001-10-11,9.646024117458332
2001-10-12,9.573677404118312
2001-10-15,9.513390917111655
2001-10-16,9.633965983219277
2001-10-17,9.284298221770705
2001-10-18,9.22401103739928
2001-10-19,9.332527271903071
2001-10-22,9.501335572331683
2001-10-23,9.501335572331683
2001-10-24,9.621909243709764
2001-10-25,9.826885670572608
2001-10-26,9.80277079682404
2001-10-29,9.453103732740235
2001-10-30,9.24812591114785
2001-10-31,9.32046983502879
2001-11-01,9.525448353985944
2001-11-02,9.585736933086908
2001-11-05,9.814830325792633
2001-11-06,9.995692576271676
2001-11-07,9.98363374466785
2001-11-08,9.923347257661195
2001-11-09,9.91128912342214
2001-11-12,9.959518870919284
2001-11-13,10.212729926832656
2001-11-14,10.309187329732625
2001-11-15,10.309187329732625
2001-11-16,10.285071061254516
2001-11-19,10.453877269588814
2001-11-20,10.236842011122146
2001-11-21,10.224783876883093
2001-11-23,10.34535894299071
2001-11-26,10.538280722438348
2001-11-27,10.514166546054549
2001-11-28,10.285071061254516
2001-11-29,10.453877269588814
2001-11-30,10.41770705106027
2001-12-03,10.285071061254516
2001-12-04,10.550339554042177
2001-12-05,10.960295894591717
2001-12-06,11.008524247359311
2001-12-07,10.875891744377409
2001-12-10,10.695029493898364
2001-12-11,10.767375509873611
2001-12-12,10.743258544030732
2001-12-13,10.538280722438348
2001-12-14,10.550339554042171
2001-12-17,10.731201107156448
2001-12-18,10.88794708915738
2001-12-19,10.815602467911669
2001-12-20,10.610626041048826
2001-12-21,10.755316678269784
2001-12-24,10.76737550987361
2001-12-26,10.851776173264064
2001-12-27,10.924122886604083
2001-12-28,11.03263912110788
2001-12-31,10.88794708915738
2002-01-02,10.88794708915738
2002-01-03,11.020580986868824
2002-01-04,11.15321627930981
2002-01-07,11.03263912110788
2002-01-08,11.05675469222122
2002-01-09,11.044695163252625
2002-01-10,11.068814221189816
2002-01-11,10.96029589459171
2002-01-14,10.79148898889264
2002-01-15,10.827661299515494
2002-01-16,10.610626041048826
2002-01-17,10.79148898889264
2002-01-18,10.634740914797396
2002-01-22,10.514166546054549
2002-01-23,10.69502949389836
2002-01-24,10.779432946747898
2002-01-25,10.79148898889264
2002-01-28,10.79148898889264
2002-01-29,10.562395596186915
2002-01-30,10.695029493898362
2002-01-31,10.79148898889264
2002-02-01,10.755316678269786
2002-02-04,10.465934706463097
2002-02-05,10.429763093205011
2002-02-06,10.357418471959305
2002-02-07,10.260958279600256
2002-02-08,10.490051672305976
2002-02-11,10.634740914797394
2002-02-12,10.57445442779074
2002-02-13,10.707084838678334
2002-02-14,10.682971359659303
2002-02-15,10.538280722438344
2002-02-19,10.260958279600253
2002-02-20,10.381531950978331
2002-02-21,10.164498087241205
2002-02-22,10.212729926832653
2002-02-25,10.393590782582155
2002-02-26,10.453877269588808
2002-02-27,10.441819135349752
2002-02-28,10.369475908833586
2002-03-01,10.64679835167168
2002-03-04,11.008524247359306
2002-03-05,11.008524247359306
2002-03-06,11.104985834447897
2002-03-07,11.068814221189813
2002-03-08,11.297903429706912
2002-03-11,11.285847387562168
2002-03-12,11.177329758328831
2002-03-13,11.056754692221215
2002-03-14,11.080867473875474
2002-03-15,11.225560900555514
2002-03-18,11.30996156394597
2002-03-19,11.334075740329771
2002-03-20,11.153216279309806
2002-03-21,11.237619732159342
2002-03-22,11.153216279309806
2002-03-25,10.936180323478368
2002-03-26,11.008524247359308
2002-03-27,11.092925608114534
2002-03-28,11.177329758328838
2002-04-01,11.189387195203125
2002-04-02,10.972351239371685
2002-04-03,10.83971943375455
2002-04-04,10.86383361013835
2002-04-05,10.875891744377403
2002-04-08,10.948237760352656
2002-04-09,10.91206684445934
2002-04-10,11.044695163252625
2002-04-11,10.81560246791167
2002-04-12,10.996466113120256
2002-04-15,10.996466113120256
2002-04-16,11.225560900555518
2002-04-17,11.189387195203125
2002-04-18,11.141157447705984
2002-04-19,11.141157447705984
2002-04-22,10.96029589459171
2002-04-23,10.900005223396434
2002-04-24,10.803545728402154
2002-04-25,10.815602467911669
2002-04-26,10.610626041048826
2002-04-29,10.502107017085953
2002-04-30,10.69502949389836
2002-05-01,10.755316678269784
2002-05-02,10.67091462014979
2002-05-03,10.52622258819929
2002-05-06,10.369475908833586
2002-05-07,10.345358942990709
2002-05-08,10.815602467911669
2002-05-09,10.634740914797394
2002-05-10,10.441819135349755
2002-05-13,10.64679835167168
2002-05-14,10.94823776035265
2002-05-15,10.984410070975503
2002-05-16,10.960295894591706
2002-05-17,11.02058098686882
2002-05-20,10.839719433754546
2002-05-21,10.670914620149787
2002-05-22,10.634740914797392
2002-05-23,10.767375509873608
2002-05-24,10.670914620149787
2002-05-28,10.586510469935485
2002-05-29,10.50210701708595
2002-05-30,10.490051672305976
2002-05-31,10.526222588199287
2002-06-03,10.248902237455509
2002-06-04,10.224783876883087
2002-06-05,10.30918732973262
2002-06-06,10.092152768630724
2002-06-07,10.152440650366918
2002-06-10,10.176553432021178
2002-06-11,9.971578399887871
2002-06-12,9.93540399717071
2002-06-13,9.76659988093072
2002-06-14,9.802770796824037
2002-06-17,10.104210902869776
2002-06-18,10.092152768630722
2002-06-19,9.923347257661192
2002-06-20,9.74248221772307
2002-06-21,9.597794369961193
2002-06-24,9.585736933086906
2002-06-25,9.392815153639267
2002-06-26,9.356643540381182
2002-06-27,9.477219303853571
2002-06-28,9.561619269879255
2002-07-01,9.224011037399276
2002-07-02,8.95874463670593
2002-07-03,9.019031821077354
2002-07-05,9.428988161626892
2002-07-08,9.236067079544023
2002-07-09,8.982860207819268
2002-07-10,8.705535672886866
2002-07-11,8.801996562610684
2002-07-12,8.789938428371629
2002-07-15,8.729651244000204
2002-07-16,8.64524848851544
2002-07-17,8.705535672886864
2002-07-18,8.40409765893543
2002-07-19,8.199119837343046
2002-07-22,7.970027839366863
2002-07-23,7.728876312422085
2002-07-24,8.187062400468763
2002-07-25,8.042373157977345
2002-07-26,8.102659644983998
2002-07-29,8.6211329174021
2002-07-30,8.657306622754493
2002-07-31,8.52467342240782
2002-08-01,8.271465155953527
2002-08-02,8.030314326373519
2002-08-05,7.71682027027734
2002-08-06,8.018258284228773
2002-08-07,8.078544771235428
2002-08-08,8.30763746657638
2002-08-09,8.30763746657638
2002-08-12,8.283522592827811
2002-08-13,8.090602208109713
2002-08-14,8.45232949852688
2002-08-15,8.621132917402099
2002-08-16,8.705535672886864
2002-08-19,8.898456754969732
2002-08-20,8.76582355462306
2002-08-21,8.898456754969732
2002-08-22,9.006975081567836
2002-08-23,8.741710075604027
2002-08-26,8.838170267963076
2002-08-27,8.584960606779243
2002-08-28,8.37998278518686
2002-08-29,8.476443674910678
2002-08-30,8.416155095809714
2002-09-03,8.114715687128742
2002-09-04,8.30763746657638
2002-09-05,8.114715687128742
2002-09-06,8.367923953583034
2002-09-09,8.440270666923054
2002-09-10,8.524673422407819
2002-09-11,8.524673422407819
2002-09-12,8.30763746657638
2002-09-13,8.343810474564005
2002-09-16,8.259409113808783
2002-09-17,8.150891484575448
2002-09-18,8.138833350336393
2002-09-19,7.897682520756384
2002-09-20,7.9097392602659
2002-09-23,7.76504932040971
2002-09-24,7.680645867560176
2002-09-25,7.933854134014469
2002-09-26,8.054429200122089
2002-09-27,7.885624386517329
2002-09-30,7.777106757283995
2002-10-01,7.994142015750663
2002-10-02,7.777106757283995
2002-10-03,7.620357985823981
2002-10-04,7.403322727357312
2002-10-07,7.222459779513498
2002-10-08,7.391266685212568
2002-10-09,7.234517216387784
2002-10-10,7.548013364578271
2002-10-11,7.86150811803922
2002-10-14,7.933854134014469
2002-10-15,8.283522592827813
2002-10-16,8.066488031725912
2002-10-17,8.355866516708751
2002-10-18,8.367923953583036
2002-10-21,8.548788296156392
2002-10-22,8.379982785186863
2002-10-23,8.524673422407822
2002-10-24,8.36792395358304
2002-10-25,8.560845035665908
2002-10-28,8.440270666923059
2002-10-29,8.34381047456401
2002-10-30,8.452329498526884
2002-10-31,8.39204091942592
2002-11-01,8.572904564634504
2002-11-04,8.657306622754497
2002-11-05,8.645248488515442
2002-11-06,8.765823554623061
2002-11-07,8.512615985533538
2002-11-08,8.440270666923059
2002-11-11,8.211177971582105
2002-11-12,8.367923953583038
2002-11-13,8.379982785186863
2002-11-14,8.633192446370696
2002-11-15,8.69347823601258
2002-11-18,8.609075480527816
2002-11-19,8.512615985533538
2002-11-20,8.729651244000205
2002-11-21,8.970802770944985
2002-11-22,8.95874463670593
2002-11-25,8.994917644693556
2002-11-26,8.729651244000207
2002-11-27,9.006975081567841
2002-11-29,9.006975081567841
2002-12-02,8.982860207819272
2002-12-03,8.801996562610686
2002-12-04,8.741710075604031
2002-12-05,8.645248488515442
2002-12-06,8.693478236012583
2002-12-09,8.404097658935434
2002-12-10,8.548788296156394
2002-12-11,8.584960606779248
2002-12-12,8.560845035665908
2002-12-13,8.379982785186865
2002-12-16,8.572904564634502
2002-12-17,8.500558548659253
2002-12-18,8.343810474564009
2002-12-19,8.295580727066868
2002-12-20,8.416155095809717
2002-12-23,8.476443674910684
2002-12-24,8.428213230048774
2002-12-26,8.440270666923057
2002-12-27,8.307637466576384
2002-12-30,8.307637466576384
2002-12-31,8.331752340324954
2003-01-02,8.609075480527817
2003-01-03,8.597018741018301
2003-01-06,8.777881688862117
2003-01-07,8.753768209843088
2003-01-08,8.597018741018303
2003-01-09,8.78993842837163
2003-01-10,8.8140533021202
2003-01-13,8.76582355462306
2003-01-14,8.801996562610684
2003-01-15,8.681421496503066
2003-01-16,8.633192446370696
2003-01-17,8.488500414420196
2003-01-21,8.343810474564007
2003-01-22,8.271465155953528
2003-01-23,8.392040919425918
2003-01-24,8.17500635832402
2003-01-27,8.054429200122089
2003-01-28,8.162946829355423
2003-01-29,8.235293542695441
2003-01-30,8.054429200122087
2003-01-31,8.150891484575446
2003-02-03,8.150891484575446
2003-02-04,8.006200149989718
2003-02-05,7.994142015750663
2003-02-06,7.945912268253523
2003-02-07,7.861508118039218
2003-02-10,7.9217966971401825
2003-02-11,7.885624386517328
2003-02-12,7.765049320409709
2003-02-13,7.692704001799229
2003-02-14,7.849452075894473
2003-02-18,8.042373157977343
2003-02-19,7.957971099857349
2003-02-20,7.945912268253523
2003-02-21,8.066488031725912
2003-02-24,7.885624386517327
2003-02-25,7.9459122682535215
2003-02-26,7.837392546925877
2003-02-27,7.9459122682535215
2003-02-28,8.030314326373515
2003-03-03,7.933854134014466
2003-03-04,7.825337202145902
2003-03-05,7.849452075894471
2003-03-06,7.801223025762101
2003-03-07,7.861508118039216
2003-03-10,7.668587733321117
2003-03-11,7.596244506804948
2003-03-12,7.632416120063032
2003-03-13,7.97002783936686
2003-03-14,7.982084578876375
2003-03-17,8.331752340324945
2003-03-18,8.355866516708746
2003-03-19,8.31969769290974
2003-03-20,8.39204091942591
2003-03-21,8.548788296156383
2003-03-24,8.247349584840181
2003-03-25,8.367923953583029
2003-03-26,8.343810474564
2003-03-27,8.331752340324945
2003-03-28,8.283522592827806
2003-03-31,8.15089148457544
2003-04-01,8.187062400468756
2003-04-02,8.428213230048764
2003-04-03,8.416155095809708
2003-04-04,8.343810474564
2003-04-07,8.39204091942591
2003-04-08,8.343810474564
2003-04-09,8.235293542695434
2003-04-10,8.283522592827804
2003-04-11,8.283522592827804
2003-04-14,8.440270666923048
2003-04-15,8.524673422407814
2003-04-16,8.428213230048764
2003-04-17,8.597018741018292
2003-04-21,8.572904564634493
2003-04-22,8.753768209843077
2003-04-23,8.83817026796307
2003-04-24,8.753768209843075
2003-04-25,8.609075480527807
2003-04-28,8.78993842837162
2003-04-29,8.862283746982099
2003-04-30,8.874340486491613
2003-05-01,8.862283746982099
2003-05-02,9.043146694825912
2003-05-05,9.055204131700195
2003-05-06,9.151665718788786
2003-05-07,9.079319005448768
2003-05-08,8.970802770944973
2003-05-09,9.09137644232305
2003-05-12,9.236067079544007
2003-05-13,9.21195220579544
2003-05-14,9.1637224582983
2003-05-15,9.26018334802212
2003-05-16,9.23606707954401
2003-05-19,8.970802770944973
2003-05-20,8.958744636705918
2003-05-21,8.982860207819256
2003-05-22,9.11549131607162
2003-05-23,9.139607584549733
2003-05-27,9.356643540381173
2003-05-28,9.392815153639257
2003-05-29,9.416931422117363
2003-05-30,9.59779436996118
2003-06-02,9.59779436996118
2003-06-03,9.59779436996118
2003-06-04,9.790713359949736
2003-06-05,9.87511681279927
2003-06-06,9.82688567057259
2003-06-09,9.633965983219262
2003-06-10,9.730425478213542
2003-06-11,9.87511681279927
2003-06-12,9.87511681279927
2003-06-13,9.754543141421191
2003-06-16,9.99569257627166
2003-06-17,9.99569257627166
2003-06-18,9.99569257627166
2003-06-19,9.790713359949736
2003-06-20,9.790713359949736
2003-06-23,9.633965983219262
2003-06-24,9.64602411745832
2003-06-25,9.633965983219264
2003-06-26,9.778655923075451
2003-06-27,9.718370133433568
2003-06-30,9.718370133433568
2003-07-01,9.79071335994974
2003-07-02,9.935403997170695
2003-07-03,9.887175644403095
2003-07-07,10.11626624764974
2003-07-08,10.224783876883071
2003-07-09,10.21272992683264
2003-07-10,10.055979760643083
2003-07-11,10.128323684524023
2003-07-14,10.248902237455493
2003-07-15,10.224783876883071
2003-07-16,10.14038321349262
2003-07-17,9.92334725766118
2003-07-18,9.995692576271658
2003-07-21,9.875116812799268
2003-07-22,9.95951887091926
2003-07-23,10.00775001314594
2003-07-24,9.98363374466783
2003-07-25,10.092152768630704
2003-07-28,10.128323684524018
2003-07-29,10.128323684524018
2003-07-30,10.068037197517365
2003-07-31,10.116266247649737
2003-08-01,10.019806752655455
2003-08-04,10.00775001314594
2003-08-05,9.814830325792611
2003-08-06,9.754543141421188
2003-08-07,9.790713359949732
2003-08-08,9.814830325792611
2003-08-11,9.887175644403092
2003-08-12,10.019806752655454
2003-08-13,10.019806752655454
2003-08-14,10.092152768630704
2003-08-15,10.116266247649737
2003-08-18,10.27301501910975
2003-08-19,10.35741847195928
2003-08-20,10.35741847195928
2003-08-21,10.45387726958879
2003-08-22,10.345358942990686
2003-08-25,10.309187329732602
2003-08-26,10.321246858701198
2003-08-27,10.36947590883357
2003-08-28,10.465934706463075
2003-08-29,10.526222588199271
2003-09-02,10.67091462014977
2003-09-03,10.658857183275488
2003-09-04,10.69502949389834
2003-09-05,10.586510469935464
2003-09-08,10.71914506501168
2003-09-09,10.610626041048809
2003-09-10,10.393590782582136
2003-09-11,10.477992840702132
2003-09-12,10.514166546054527
2003-09-15,10.46593470646308
2003-09-16,10.634740914797376
2003-09-17,10.62268278055832
2003-09-18,10.767375509873592
2003-09-19,10.731201107156426
2003-09-22,10.586510469935469
2003-09-23,10.682971359659287
2003-09-24,10.453877269588792
2003-09-25,10.333301506116404
2003-09-26,10.188613658354525
2003-09-29,10.29713128758786
2003-09-30,10.212729926832637
2003-10-01,10.44181913534974
2003-10-02,10.453877269588794
2003-10-03,10.622682780558325
2003-10-06,10.646798351671665
2003-10-07,10.719145065011684
2003-10-08,10.68297135965929
2003-10-09,10.755316678269768
2003-10-10,10.755316678269768
2003-10-13,10.86383361013833
2003-10-14,10.91206684445932
2003-10-15,10.827661299515476
2003-10-16,10.900005223396416
2003-10-17,10.743258544030711
2003-10-20,10.827661299515478
2003-10-21,10.887947089157365
2003-10-22,10.719145065011684
2003-10-23,10.719145065011684
2003-10-24,10.719145065011684
2003-10-27,10.779432946747882
2003-10-28,10.996466113120237
2003-10-29,11.044695163252609
2003-10-30,11.032639121107865
2003-10-31,11.032639121107865
2003-11-03,11.177329758328822
2003-11-04,11.104985834447884
2003-11-05,11.129100708196454
2003-11-06,11.177329758328822
2003-11-07,11.165273018819308
2003-11-10,11.032639121107865
2003-11-11,11.008524247359292
2003-11-12,11.201444632077392
2003-11-13,11.2255609005555
2003-11-14,11.0688142211898
2003-11-17,10.960295894591694
2003-11-18,10.80354572840214
2003-11-19,10.863833610138334
2003-11-20,10.80354572840214
2003-11-21,10.875891744377387
2003-11-24,11.129100708196452
2003-11-25,11.153216279309792
2003-11-26,11.189387195203103
2003-11-28,11.237619732159326
2003-12-01,11.394366411525027
2003-12-02,11.34613526929835
2003-12-03,11.225560900555498
2003-12-04,11.20144463207739
2003-12-05,11.068814221189797
2003-12-08,11.141157447705966
2003-12-09,10.972351239371667
2003-12-10,10.948237760352638
2003-12-11,11.141157447705966
2003-12-12,11.15321627930979
2003-12-15,11.00852424735929
2003-12-16,11.00852424735929
2003-12-17,11.03263912110786
2003-12-18,11.201444632077388
2003-12-19,11.189387195203103
2003-12-22,11.225560900555498
2003-12-23,11.2979034297069
2003-12-24,11.285847387562155
2003-12-26,11.2979034297069
2003-12-29,11.44259825111648
2003-12-30,11.44259825111648
2003-12-31,11.418480587908828
2004-01-02,11.394366411525027
2004-01-05,11.53905495665168
2004-01-06,11.563170527765015
2004-01-07,11.611400972626926
2004-01-08,11.67168815699835
2004-01-09,11.611400972626926
2004-01-12,11.71992069395457
2004-01-13,11.647574677979325
2004-01-14,11.756091609847887
2004-01-15,11.804318567885948
2004-01-16,11.900780852339308
2004-01-20,11.91283828921359
2004-01-21,11.924897120817414
2004-01-22,11.900780852339306
2004-01-23,11.876665978590736
2004-01-26,12.00929917893741
2004-01-27,11.876665978590736
2004-01-28,11.707860467621208
2004-01-29,11.780207878325996
2004-01-30,11.792263920470742
2004-02-02,11.804318567885948
2004-02-03,11.792263920470742
2004-02-04,11.695805122841232
2004-02-05,11.707860467621208
2004-02-06,11.924897120817416
2004-02-09,11.912838289213592
2004-02-10,11.973126868314557
2004-02-11,12.117818900265055
2004-02-12,12.045471489560263
2004-02-13,11.949010599836445
2004-02-17,12.0816465896422
2004-02-18,12.05753032116409
2004-02-19,11.936953162962162
2004-02-20,11.888722020735482
2004-02-23,11.744035567703142
2004-02-24,11.768149046722172
2004-02-25,11.816381583678393
2004-02-26,11.876665978590736
2004-02-27,11.912838289213587
2004-03-01,12.069587758038372
2004-03-02,11.973126868314552
2004-03-03,11.973126868314552
2004-03-04,12.04547148956026
2004-03-05,12.069587758038372
2004-03-08,11.936953162962157
2004-03-09,11.840492273238338
2004-03-10,11.671688156998348
2004-03-11,11.514942174997415
2004-03-12,11.695805122841229
2004-03-15,11.47876846964502
2004-03-16,11.514942174997415
2004-03-17,11.695805122841229
2004-03-18,11.659632812218373
2004-03-19,11.563170527765012
2004-03-22,11.38230618519166
2004-03-23,11.394366411525024
2004-03-24,11.40642384839931
2004-03-25,11.635517241105031
2004-03-26,11.623461896325058
2004-03-29,11.792263920470736
2004-03-30,11.840492273238334
2004-03-31,11.864609936445984
2004-04-01,11.97312686831455
2004-04-02,12.14193377401362
2004-04-05,12.26250814275647
2004-04-06,12.19016212678122
2004-04-07,12.153991210887904
2004-04-08,12.166048647762189
2004-04-12,12.238389084819278
2004-04-13,12.057530321164084
2004-04-14,12.021358010541231
2004-04-15,11.94901059983644
2004-04-16,11.997243136792662
2004-04-19,12.069587758038368
2004-04-20,11.888722020735475
2004-04-21,12.009299178937402
2004-04-22,12.25045210061172
2004-04-23,12.25045210061172
2004-04-26,12.1539912108879
2004-04-27,12.166048647762189
2004-04-28,11.985184305188833
2004-04-29,11.864609936445984
2004-04-30,11.756091609847878
2004-05-03,11.87666597859073
2004-05-04,11.900780852339295
2004-05-05,11.973126868314548
2004-05-06,11.8525524995717
2004-05-07,11.695805122841223
2004-05-10,11.51494217499741
2004-05-11,11.647574677979316
2004-05-12,11.623461896325056
2004-05-13,11.647574677979316
2004-05-14,11.575227267274524
2004-05-17,11.41848058790882
2004-05-18,11.551113090890723
2004-05-19,11.53905495665167
2004-05-20,11.502885435487896
2004-05-21,11.58728400678404
2004-05-24,11.647574677979316
2004-05-25,11.864609936445984
2004-05-26,11.900780852339295
2004-05-27,11.973126868314546
2004-05-28,11.997243136792656
2004-06-01,12.033414052685972
2004-06-02,12.045471489560258
2004-06-03,11.924897120817407
2004-06-04,12.009299178937402
2004-06-07,12.238389084819277
2004-06-08,12.250452100611724
2004-06-09,12.081646589642192
2004-06-10,12.093702631786938
2004-06-14,11.936953162962151
2004-06-15,12.021358010541228
2004-06-16,12.033414052685972
2004-06-17,11.961068036710722
2004-06-18,11.94901059983644
2004-06-21,11.888722020735472
2004-06-22,11.961068036710724
2004-06-23,12.033414052685972
2004-06-24,12.009299178937402
2004-06-25,12.117818900265046
2004-06-28,12.045471489560258
2004-06-29,12.093702631786938
2004-06-30,12.190162126781216
2004-07-01,12.033414052685972
2004-07-02,11.961068036710722
2004-07-06,11.768149046722163
2004-07-07,11.792263920470734
2004-07-08,11.623461896325056
2004-07-09,11.659632812218373
2004-07-12,11.623461896325056
2004-07-13,11.61140097262692
2004-07-14,11.551113090890723
2004-07-15,11.563170527765012
2004-07-16,11.406423848399308
2004-07-19,11.370250840411682
2004-07-20,11.526998217142156
2004-07-21,11.322018303455462
2004-07-22,11.334075740329746
2004-07-23,11.177329758328812
2004-07-26,11.06881422118979
2004-07-27,11.225560900555491
2004-07-28,11.153216279309785
2004-07-29,11.273791345417402
2004-07-30,11.334075740329746
2004-08-02,11.309961563945947
2004-08-03,11.177329758328812
2004-08-04,11.11704327132216
2004-08-05,10.924122886604062
2004-08-06,10.707084838678313
2004-08-09,10.707084838678313
2004-08-10,10.887947089157354
2004-08-11,10.839719433754524
2004-08-12,10.695029493898335
2004-08-13,10.682971359659282
2004-08-16,10.863833610138323
2004-08-17,10.912066844459314
2004-08-18,11.080867473875452
2004-08-19,11.032639121107854
2004-08-20,11.141157447705956
2004-08-23,11.104985834447874
2004-08-24,11.080867473875452
2004-08-25,11.20144463207738
2004-08-26,11.189387195203096
2004-08-27,11.22556090055549
2004-08-30,11.104985834447872
2004-08-31,11.141157447705956
2004-09-01,11.213504161045975
2004-09-02,11.370250840411678
2004-09-03,11.285847387562145
2004-09-07,11.37025084041168
2004-09-08,11.309961563945944
2004-09-09,11.370250840411678
2004-09-10,11.478768469645011
2004-09-13,11.563170527765006
2004-09-14,11.587284006784037
2004-09-15,11.49082730124884
2004-09-16,11.539054956651668
2004-09-17,11.575227267274522
2004-09-20,11.539054956651668
2004-09-21,11.62346189632505
2004-09-22,11.442598251116468
2004-09-23,11.442598251116468
2004-09-24,11.466711730135495
2004-09-27,11.34613526929834
2004-09-28,11.39436641152502
2004-09-29,11.514942174997408
2004-09-30,11.563170527765008
2004-10-01,11.756091609847877
2004-10-04,11.792263920470733
2004-10-05,11.74403556770313
2004-10-06,11.816381583678378
2004-10-07,11.67168815699834
2004-10-08,11.514942174997406
2004-10-11,11.55111309089072
2004-10-12,11.52699821714215
2004-10-13,11.490827301248835
2004-10-14,11.382306185191648
2004-10-15,11.4064238483993
2004-10-18,11.514942174997405
2004-10-19,11.4064238483993
2004-10-20,11.442598251116465
2004-10-21,11.599340746293548
2004-10-22,11.454653595896438
2004-10-25,11.454653595896438
2004-10-26,11.587284006784031
2004-10-27,11.87666597859072
2004-10-28,11.864609936445977
2004-10-29,11.87666597859072
2004-11-01,11.87666597859072
2004-11-02,11.888722020735464
2004-11-03,12.03341405268596
2004-11-04,12.20221956365549
2004-11-05,12.250452100611708
2004-11-08,12.2263358321336
2004-11-09,12.238389084819264
2004-11-10,12.262508142756454
2004-11-11,12.407198779977412
2004-11-12,12.491603627556488
2004-11-15,12.51571710657552
2004-11-16,12.431312258996446
2004-11-17,12.503662459160315
2004-11-18,12.527774543449803
2004-11-19,12.32279532712788
2004-11-22,12.419256216851704
2004-11-23,12.431312258996448
2004-11-24,12.551890811927915
2004-11-26,12.551890811927915
2004-11-29,12.551890811927915
2004-11-30,12.515717106575522
2004-12-01,12.744807012457397
2004-12-02,12.768924675665046
2004-12-03,12.768924675665046
2004-12-06,12.793040944143156
2004-12-07,12.600116375236436
2004-12-08,12.684522617545053
2004-12-09,12.75686584406122
2004-12-10,12.78098350726887
2004-12-13,12.877443002263153
2004-12-14,12.94978762350886
2004-12-15,12.94978762350886
2004-12-16,12.805096986287904
2004-12-17,12.793040944143158
2004-12-20,12.744807012457398
2004-12-21,12.853325339055502
2004-12-22,12.901555086552642
2004-12-23,12.913612523426924
2004-12-27,12.853325339055502
2004-12-28,12.99801876573554
2004-12-29,13.022132244754571
2004-12-30,13.04624851323268
2004-12-31,13.022132244754571
2005-01-03,12.853325339055502
2005-01-04,12.660407743796483
2005-01-05,12.588058938362154
2005-01-06,12.576002896217409
2005-01-07,12.563945459343124
2005-01-10,12.612173812110726
2005-01-11,12.55189081192792
2005-01-12,12.60011637523644
2005-01-13,12.479543401223133
2005-01-14,12.60011637523644
2005-01-18,12.720693533438368
2005-01-19,12.588058938362154
2005-01-20,12.467485964348842
2005-01-21,12.371025074625026
2005-01-24,12.274566974360283
2005-01-25,12.298680453379315
2005-01-26,12.431312258996453
2005-01-27,12.419256216851704
2005-01-28,12.371025074625026
2005-01-31,12.539830585594553
2005-02-01,12.624234038444088
2005-02-02,12.648347517463115
2005-02-03,12.600116375236436
2005-02-04,12.768924675665046
2005-02-07,12.720693533438364
2005-02-08,12.720693533438364
2005-02-09,12.539830585594553
2005-02-10,12.551890811927915
2005-02-11,12.720693533438364
2005-02-14,12.720693533438364
2005-02-15,12.768924675665044
2005-02-16,12.744807012457391
2005-02-17,12.636290080588829
2005-02-18,12.588058938362147
2005-02-22,12.395135764184973
2005-02-23,12.443369695870729
2005-02-24,12.56394545934312
2005-02-25,12.660407743796478
2005-02-28,12.576002896217403
2005-03-01,12.696578659689791
2005-03-02,12.708637491293617
2005-03-03,12.708637491293617
2005-03-04,12.79304094414315
2005-03-07,12.865384170659318
2005-03-08,12.76892467566504
2005-03-09,12.64834751746311
2005-03-10,12.64834751746311
2005-03-11,12.563945459343117
2005-03-14,12.636290080588829
2005-03-15,12.56394545934312
2005-03-16,12.455427132745012
2005-03-17,12.479543401223124
2005-03-18,12.455427132745012
2005-03-21,12.4192562168517
2005-03-22,12.334855553461248
2005-03-23,12.32279532712788
2005-03-24,12.32279532712788
2005-03-28,12.358966243021197
2005-03-29,12.250452100611712
2005-03-30,12.443369695870729
2005-03-31,12.395135764184968
2005-04-01,12.32279532712788
2005-04-04,12.334855553461244
2005-04-05,12.407198779977412
2005-04-06,12.431312258996442
2005-04-07,12.527774543449802
2005-04-08,12.407198779977412
2005-04-11,12.358966243021191
2005-04-12,12.419256216851698
2005-04-13,12.250452100611708
2005-04-14,12.08164658964218
2005-04-15,11.876665978590715
2005-04-18,11.91283828921357
2005-04-19,12.033414052685956
2005-04-20,11.876665978590715
2005-04-21,12.117818900265034
2005-04-22,11.973126868314536
2005-04-25,12.117818900265034
2005-04-26,12.021358010541215
2005-04-27,12.057530321164071
2005-04-28,11.88872202073546
2005-04-29,11.98518430518882
2005-05-02,12.03341405268596
2005-05-03,12.021358010541215
2005-05-04,12.190162126781203
2005-05-05,12.166048647762173
2005-05-06,12.1901621267812
2005-05-09,12.26250814275645
2005-05-10,12.153991210887888
2005-05-11,12.202219563655486
2005-05-12,12.129877731868858
2005-05-13,12.093702631786922
2005-05-16,12.23838908481926
2005-05-17,12.322795327127874
2005-05-18,12.50366245916031
2005-05-19,12.576002896217398
2005-05-20,12.576002896217398
2005-05-23,12.62423403844408
2005-05-24,12.636290080588823
2005-05-25,12.5277745434498
2005-05-26,12.612173812110711
2005-05-27,12.624234038444078
2005-05-31,12.588058938362144
2005-06-01,12.68452261754504
2005-06-02,12.756865844061208
2005-06-03,12.672466575400293
2005-06-06,12.708637491293606
2005-06-07,12.708637491293606
2005-06-08,12.6483475174631
2005-06-09,12.732752365042176
2005-06-10,12.6483475174631
2005-06-13,12.69657865968978
2005-06-14,12.732752365042176
2005-06-15,12.732752365042176
2005-06-16,12.81715302843263
2005-06-17,12.829209070577374
2005-06-20,12.79304094414314
2005-06-21,12.79304094414314
2005-06-22,12.79304094414314
2005-06-23,12.672466575400293
2005-06-24,12.588058938362137
2005-06-27,12.57600289621739
2005-06-28,12.74480701245738
2005-06-29,12.732752365042176
2005-06-30,12.684522617545037
2005-07-01,12.708637491293604
2005-07-05,12.81715302843263
2005-07-06,12.756865844061204
2005-07-07,12.780983507268854
2005-07-08,12.949787623508843
2005-07-11,13.05830455537741
2005-07-12,13.082420823855518
2005-07-13,13.070363386981231
2005-07-14,13.094475471270725
2005-07-15,13.094475471270725
2005-07-18,13.05830455537741
2005-07-19,13.166824276705052
2005-07-20,13.23916610849168
2005-07-21,13.130651966082194
2005-07-22,13.19093775572408
2005-07-25,13.11859313447837
2005-07-26,13.178880318849794
2005-07-27,13.23916610849168
2005-07-28,13.371800703567892
2005-07-29,13.275342603303152
2005-08-01,13.299456082322184
2005-08-02,13.35974047723453
2005-08-03,13.33562839294504
2005-08-04,13.202993797868826
2005-08-05,13.082420823855516
2005-08-08,13.022132244754552
2005-08-09,13.094475471270725
2005-08-10,13.05830455537741
2005-08-11,13.142708008226943
2005-08-12,13.082420823855522
2005-08-15,13.1306519660822
2005-08-16,12.998018765735528
2005-08-17,13.046248513232664
2005-08-18,13.022132244754554
2005-08-19,13.022132244754554
2005-08-22,13.03418968162884
2005-08-23,12.998018765735525
2005-08-24,12.973899707798337
2005-08-25,12.998018765735525
2005-08-26,12.91361252342691
2005-08-29,12.98595853940216
2005-08-30,12.91361252342691
2005-08-31,13.082420823855518
2005-09-01,13.070363386981231
2005-09-02,13.034189681628837
2005-09-06,13.202993797868826
2005-09-07,13.251222150636425
2005-09-08,13.178880318849796
2005-09-09,13.26328098224025
2005-09-12,13.287400040177438
2005-09-13,13.202993797868826
2005-09-14,13.106534302874548
2005-09-15,13.082420823855518
2005-09-16,13.166824276705052
2005-09-19,13.05830455537741
2005-09-20,12.961845060383128
2005-09-21,12.805096986287884
2005-09-22,12.853325339055484
2005-09-23,12.925671355030731
2005-09-26,12.937728791905016
2005-09-27,12.94978762350884
2005-09-28,12.94978762350884
2005-09-29,13.082420823855516
2005-09-30,13.178880318849794
2005-10-03,13.21505541893173
2005-10-04,13.11859313447837
2005-10-05,12.90155508655262
2005-10-06,12.793040944143137
2005-10-07,12.82920907057737
2005-10-10,12.720693533438348
2005-10-11,12.612173812110704
2005-10-12,12.47954340122311
2005-10-13,12.5036624591603
2005-10-14,12.6483475174631
2005-10-17,12.684522617545031
2005-10-18,12.600116375236418
2005-10-19,12.768924675665028
2005-10-20,12.660407743796464
2005-10-21,12.756865844061204
2005-10-24,12.949787623508843
2005-10-25,12.86538417065931
2005-10-26,12.793040944143142
2005-10-27,12.648347517463105
2005-10-28,12.817153028432635
2005-10-31,12.973899707798338
2005-11-01,12.985958539402164
2005-11-02,13.142708008226949
2005-11-03,13.202993797868832
2005-11-04,13.2271086716174
2005-11-07,13.27534260330316
2005-11-08,13.215055418931737
2005-11-09,13.251222150636432
2005-11-10,13.444143930084072
2005-11-11,13.468258803832642
2005-11-14,13.456202761687894
2005-11-15,13.383859535171728
2005-11-16,13.395914182586935
2005-11-17,13.588835962034572
2005-11-18,13.637065709531711
2005-11-21,13.733525204525993
2005-11-22,13.769700304607928
2005-11-23,13.805871220501244
2005-11-25,13.805871220501244
2005-11-28,13.64912454113554
2005-11-29,13.66117918855074
2005-11-30,13.625008272657428
2005-12-01,13.829988883708891
2005-12-02,13.87821723647649
2005-12-05,13.829988883708891
2005-12-06,13.85410096799838
2005-12-07,13.793812388897416
2005-12-08,13.769700304607928
2005-12-09,13.842042136394555
2005-12-12,13.842042136394555
2005-12-13,13.890274673350776
2005-12-14,13.938504420847917
2005-12-15,13.878217236476493
2005-12-16,13.829988883708891
2005-12-19,13.66117918855074
2005-12-20,13.685294062299317
2005-12-21,13.74558124667074
2005-12-22,13.81792865737553
2005-12-23,13.84204213639456
2005-12-27,13.69735289390314
2005-12-28,13.733525204525998
2005-12-29,13.709411725506968
2005-12-30,13.625008272657436
2006-01-03,13.769700304607934
2006-01-04,13.84204213639456
2006-01-05,13.866159799602212
2006-01-06,14.022907873697456
2006-01-09,14.13142620029556
2006-01-10,14.143482242440305
2006-01-11,14.203770821541266
2006-01-12,14.095251100213629
2006-01-13,14.08319366333934
2006-01-17,14.010849042093632
2006-01-18,13.974673942011702
2006-01-19,14.095251100213629
2006-01-20,13.854100967998388
2006-01-23,13.842042136394564
2006-01-24,13.950559068263129
2006-01-25,13.902332110225066
2006-01-26,14.107311326546991
2006-01-27,14.227885695289835
2006-01-30,14.20377082154127
2006-01-31,14.20377082154127
2006-02-01,14.22788569528984
2006-02-02,14.107311326546997
2006-02-03,14.02290787369746
2006-02-06,14.034966705301288
2006-02-07,13.926448378703183
2006-02-08,14.010849042093636
2006-02-09,13.99879439467843
2006-02-10,14.010849042093636
2006-02-13,13.96261650513742
2006-02-14,14.071137621194598
2006-02-15,14.155541074044134
2006-02-16,14.252000569038412
2006-02-17,14.21582686368602
2006-02-21,14.107311326546997
2006-02-22,14.27611544278698
2006-02-23,14.239943132164129
2006-02-24,14.300227527076473
2006-02-27,14.396688416800291
2006-02-28,14.239943132164129
2006-03-01,14.38463237465555
2006-03-02,14.37257493778126
2006-03-03,14.324343795554585
2006-03-06,14.215826863686017
2006-03-07,14.119364579232656
2006-03-08,14.119364579232656
2006-03-09,14.059080184320312
2006-03-10,14.131426200295564
2006-03-13,14.16759711618888
2006-03-14,14.324343795554585
2006-03-15,14.384632374655546
2006-03-16,14.34846006403269
2006-03-17,14.396688416800288
2006-03-20,14.396688416800288
2006-03-21,14.312286358680296
2006-03-22,14.408747248404111
2006-03-23,14.372574937781255
2006-03-24,14.396688416800286
2006-03-27,14.384632374655544
2006-03-28,14.32434379555458
2006-03-29,14.46903443277554
2006-03-30,14.481094659108903
2006-03-31,14.481094659108903
2006-04-03,14.456976995901252
2006-04-04,14.54138323820987
2006-04-05,14.577555548832724
2006-04-06,14.577555548832724
2006-04-07,14.46903443277554
2006-04-10,14.44491955902697
2006-04-11,14.276115442786978
2006-04-12,14.312286358680296
2006-04-13,14.360517500906967
2006-04-17,14.312286358680293
2006-04-18,14.52932580133558
2006-04-19,14.637841338474606
2006-04-20,14.686071085971747
2006-04-21,14.589612985707005
2006-04-24,14.52932580133558
2006-04-25,14.469034432775535
2006-04-26,14.43286351688222
2006-04-27,14.39668841680028
2006-04-28,14.420806080007932
2006-05-01,14.300227527076464
2006-05-02,14.34846006403268
2006-05-03,14.336404021887938
2006-05-04,14.420806080007932
2006-05-05,14.577555548832718
2006-05-08,14.589612985707
2006-05-09,14.541383238209862
2006-05-10,14.517266969731752
2006-05-11,14.336404021887937
2006-05-12,14.1434822424403
2006-05-15,14.107311326546986
2006-05-16,14.095251100213622
2006-05-17,13.854100967998384
2006-05-18,13.733525204525993
2006-05-19,13.781756346752674
2006-05-22,13.649124541135537
2006-05-23,13.588835962034572
2006-05-24,13.576778525160288
2006-05-25,13.73352520452599
2006-05-26,13.829988883708888
2006-05-30,13.576778525160284
2006-05-31,13.769700304607928
2006-06-01,13.974673942011693
2006-06-02,13.974673942011693
2006-06-05,13.661179188550738
2006-06-06,13.576778525160288
2006-06-07,13.540609003996511
2006-06-08,13.49237646704029
2006-06-09,13.468258803832642
2006-06-12,13.19093775572409
2006-06-13,13.02213224475456
2006-06-14,13.07036338698124
2006-06-15,13.480320424895543
2006-06-16,13.4200290563355
2006-06-19,13.263280982240255
2006-06-20,13.215055418931737
2006-06-21,13.432087887939325
2006-06-22,13.347684435089793
2006-06-23,13.395914182586932
2006-06-26,13.4200290563355
2006-06-27,13.23916610849169
2006-06-28,13.275342603303164
2006-06-29,13.661179188550737
2006-06-30,13.721470557110784
2006-07-03,13.793812388897411
2006-07-05,13.588835962034567
2006-07-06,13.60089060944977
2006-07-07,13.44414393008407
2006-07-10,13.407971619461216
2006-07-11,13.49237646704029
2006-07-12,13.35974047723454
2006-07-13,13.142708008226952
2006-07-14,13.022132244754562
2006-07-17,12.98595853940217
2006-07-18,12.98595853940217
2006-07-19,13.27534260330317
2006-07-20,13.03418968162885
2006-07-21,12.865384170659324
2006-07-24,13.13065196608221
2006-07-25,13.25122215063644
2006-07-26,13.13065196608221
2006-07-27,13.022132244754568
2006-07-28,13.215055418931746
2006-07-31,13.215055418931746
2006-08-01,13.07036338698125
2006-08-02,13.21505541893175
2006-08-03,13.299456082322202
2006-08-04,13.275342603303171
2006-08-07,13.202993797868842
2006-08-08,13.106534302874564
2006-08-09,13.022132244754571
2006-08-10,13.130651966082214
2006-08-11,13.034189681628854
2006-08-14,13.058304555377422
2006-08-15,13.311512124466946
2006-08-16,13.504435298644124
2006-08-17,13.576778525160291
2006-08-18,13.576778525160291
2006-08-21,13.4562027616879
2006-08-22,13.432087887939334
2006-08-23,13.335628392945054
2006-08-24,13.311512124466944
2006-08-25,13.287400040177452
2006-08-28,13.420029056335506
2006-08-29,13.48032042489555
2006-08-30,13.528548777663149
2006-08-31,13.540609003996517
2006-09-01,13.588835962034576
2006-09-05,13.62500827265743
2006-09-06,13.444143930084076
2006-09-07,13.35974047723454
2006-09-08,13.43208788793933
2006-09-11,13.468258803832644
2006-09-12,13.709411725506962
2006-09-13,13.793812388897416
2006-09-14,13.75764426246318
2006-09-15,13.817928657375528
2006-09-18,13.769700304607928
2006-09-19,13.709411725506962
2006-09-20,13.805871220501244
2006-09-21,13.69735289390314
2006-09-22,13.612946651594523
2006-09-25,13.745581246670737
2006-09-26,13.829988883708891
2006-09-27,13.829988883708891
2006-09-28,13.866159799602206
2006-09-29,13.817928657375528
2006-10-02,13.72147055711079
2006-10-03,13.72147055711079
2006-10-04,13.974673942011693
2006-10-05,14.107311326546984
2006-10-06,14.02290787369745
2006-10-09,14.059080184320305
2006-10-10,14.059080184320305
2006-10-11,13.986736957804135
2006-10-12,14.155541074044123
2006-10-13,14.155541074044123
2006-10-16,14.227885695289832
2006-10-17,14.143482242440305
2006-10-18,14.10731132654699
2006-10-19,14.119364579232654
2006-10-20,14.095251100213629
2006-10-23,14.203770821541266
2006-10-24,14.17965455306316
2006-10-25,14.191713384666986
2006-10-26,14.348460064032686
2006-10-27,14.227885695289835
2006-10-30,14.276115442786978
2006-10-31,14.252000569038406
2006-11-01,14.08319366333934
2006-11-02,14.107311326546991
2006-11-03,14.08319366333934
2006-11-06,14.288171484931723
2006-11-07,14.348460064032686
2006-11-08,14.396688416800286
2006-11-09,14.252000569038406
2006-11-10,14.360517500906967
2006-11-13,14.444919559026967
2006-11-14,14.577555548832722
2006-11-15,14.698128522846032
2006-11-16,14.758414312487917
2006-11-17,14.722242001865062
2006-11-20,14.722242001865062
2006-11-21,14.75841431248792
2006-11-22,14.830760328463167
2006-11-24,14.794589412569854
2006-11-27,14.517266969731764
2006-11-28,14.541383238209873
2006-11-29,14.674010859638384
2006-11-30,14.71018456499078
2006-12-01,14.637841338474612
2006-12-04,14.903104949708876
2006-12-05,14.951338881394635
2006-12-06,14.963393528809842
2006-12-07,14.866934033815562
2006-12-08,14.878991470689847
2006-12-11,14.866934033815562
2006-12-12,14.818704286318422
2006-12-13,14.818704286318422
2006-12-14,14.927221218186984
2006-12-15,14.927221218186984
2006-12-18,14.842819160066991
2006-12-19,14.854877991670817
2006-12-20,14.86693403381556
2006-12-21,14.806645454714594
2006-12-22,14.734302228198423
2006-12-26,14.782533370425105
2006-12-27,14.878991470689842
2006-12-28,14.854877991670811
2006-12-29,14.782533370425105
2007-01-03,14.818704286318416
2007-01-04,14.878991470689842
2007-01-05,14.758414312487917
2007-01-08,14.81870428631842
2007-01-09,14.854877991670817
2007-01-10,14.963393528809837
2007-01-11,15.14425926611273
2007-01-12,15.204546450484152
2007-01-16,15.216602492628898
2007-01-17,15.216602492628898
2007-01-18,15.05985581326319
2007-01-19,15.108082771301254
2007-01-22,15.011624671036516
2007-01-23,15.083969292282228
2007-01-24,15.252774803251755
2007-01-25,15.07191325013748
2007-01-26,15.059855813263196
2007-01-29,15.059855813263196
2007-01-30,15.12014160290508
2007-01-31,15.25277480325176
2007-02-01,15.39746683520226
2007-02-02,15.433640540554654
2007-02-05,15.421581708950832
2007-02-06,15.4456965826994
2007-02-07,15.554213514567964
2007-02-08,15.578331177775617
2007-02-09,15.409524272076547
2007-02-12,15.337175466642217
2007-02-13,15.397466835202266
2007-02-14,15.566270951442252
2007-02-15,15.602446051524186
2007-02-16,15.602446051524186
2007-02-20,15.698904151788923
2007-02-21,15.698904151788923
2007-02-22,15.723016236078418
2007-02-23,15.6868453201851
2007-02-26,15.590385825190822
2007-02-27,15.04779558692984
2007-02-28,15.09602672915652
2007-03-01,15.04779558692984
2007-03-02,14.830760328463173
2007-03-05,14.62578390160033
2007-03-06,14.89104890756414
2007-03-07,14.854877991670826
2007-03-08,14.975452360413676
2007-03-09,14.999565839432703
2007-03-12,15.047795586929844
2007-03-13,14.710184564990788
2007-03-14,14.806645454714603
2007-03-15,14.915165176042253
2007-03-16,14.854877991670827
2007-03-19,14.999565839432703
2007-03-20,15.096026729156526
2007-03-21,15.349231508786966
2007-03-22,15.33717546664222
2007-03-23,15.373349171994615
2007-03-26,15.337175466642218
2007-03-27,15.228661324232736
2007-03-28,15.108082771301268
2007-03-29,15.096026729156524
2007-03-30,15.10808277130127
2007-04-02,15.141218185424805
2007-04-03,15.17737102508545
2007-04-04,15.135184288024902
2007-04-05,15.15627384185791
2007-04-09,15.168330192565918
2007-04-10,15.180384635925291
2007-04-11,15.153268814086914
2007-04-12,15.144221305847168
2007-04-13,15.141218185424805
2007-04-16,15.135184288024902
2007-04-17,15.150250434875488
2007-04-18,15.147249221801758
2007-04-19,15.114097595214844
2007-04-20,15.150250434875488
2007-04-23,15.138192176818848
2007-04-24,15.147249221801758
2007-04-25,15.138192176818848
2007-04-26,15.141218185424805
2007-04-27,15.159290313720703
2007-04-30,15.162309646606444
2007-05-01,15.154723167419434
2007-05-02,15.194129943847656
2007-05-03,15.206241607666016
2007-05-04,15.20319938659668
2007-05-07,15.21229648590088
2007-05-08,15.233513832092283
2007-05-09,15.224430084228516
2007-05-10,15.206241607666016
2007-05-11,15.26381492614746
2007-05-14,15.297148704528809
2007-05-15,15.291101455688477
2007-05-16,15.251704216003418
2007-05-17,15.224430084228516
2007-05-18,15.209269523620604
2007-05-21,15.221392631530762
2007-05-22,15.2426118850708
2007-05-23,15.2426118850708
2007-05-24,15.218366622924805
2007-05-25,15.191094398498535
2007-05-29,15.194129943847656
2007-05-30,15.233513832092283
2007-05-31,15.25472927093506
2007-06-01,15.19354248046875
2007-06-04,15.175273895263672
2007-06-05,15.129579544067385
2007-06-06,15.086947441101074
2007-06-07,14.95298957824707
2007-06-08,14.97734260559082
2007-06-11,14.96212387084961
2007-06-12,14.852510452270508
2007-06-13,14.922542572021484
2007-06-14,14.97734260559082
2007-06-15,15.123513221740724
2007-06-18,15.135676383972168
2007-06-19,15.147855758666992
2007-06-20,15.077828407287598
2007-06-21,15.02606201171875
2007-06-22,15.047392845153809
2007-06-25,15.023022651672363
2007-06-26,15.03824520111084
2007-06-27,15.03215217590332
2007-06-28,15.077828407287598
2007-06-29,15.108269691467283
2007-07-02,15.180102348327637
2007-07-03,15.253482818603516
2007-07-05,15.232077598571776
2007-07-06,15.201501846313477
2007-07-09,15.21373176574707
2007-07-10,15.149542808532717
2007-07-11,15.12507438659668
2007-07-12,15.161779403686523
2007-07-13,15.15871524810791
2007-07-16,15.143427848815918
2007-07-17,15.134254455566406
2007-07-18,15.100637435913086
2007-07-19,15.088400840759276
2007-07-20,15.021160125732422
2007-07-23,15.005870819091797
2007-07-24,14.828573226928713
2007-07-25,14.739935874938965
2007-07-26,14.574874877929688
2007-07-27,14.648221969604492
2007-07-30,14.61154079437256
2007-07-31,14.703245162963867
2007-08-01,14.56563949584961
2007-08-02,14.611716270446776
2007-08-03,14.556432723999023
2007-08-06,14.393620491027832
2007-08-07,14.448920249938965
2007-08-08,14.590216636657717
2007-08-09,14.510342597961426
2007-08-10,14.359841346740724
2007-08-13,14.329119682312012
2007-08-14,14.193977355957031
2007-08-15,13.972817420959473
2007-08-16,13.816163063049316
2007-08-17,14.181680679321287
2007-08-20,14.24619960784912
2007-08-21,14.36905288696289
2007-08-22,14.384418487548828
2007-08-23,14.541069984436035
2007-08-24,14.56563949584961
2007-08-27,14.531850814819336
2007-08-28,14.439703941345217
2007-08-29,14.485779762268066
2007-08-30,14.455053329467772
2007-08-31,14.574861526489258
2007-09-04,14.568058013916016
2007-09-05,14.500178337097168
2007-09-06,14.500178337097168
2007-09-07,14.466232299804688
2007-09-10,14.456968307495115
2007-09-11,14.416869163513184
2007-09-12,14.37057399749756
2007-09-13,14.453892707824709
2007-09-14,14.527959823608398
2007-09-17,14.55264663696289
2007-09-18,14.694587707519531
2007-09-19,14.66990566253662
2007-09-20,14.55264663696289
2007-09-21,14.589667320251465
2007-09-24,14.629777908325195
2007-09-25,14.518688201904297
2007-09-26,14.66990566253662
2007-09-27,14.598917961120604
2007-09-28,14.537208557128906
2007-10-01,14.589258193969728
2007-10-02,14.548975944519045
2007-10-03,14.728718757629396
2007-10-04,14.672934532165527
2007-10-05,14.734917640686035
2007-10-08,14.71011734008789
2007-10-09,14.688432693481444
2007-10-10,14.784502983093262
2007-10-11,14.837178230285645
2007-10-12,14.911561965942385
2007-10-15,14.858872413635254
2007-10-16,14.799996376037598
2007-10-17,14.728718757629396
2007-10-18,14.738003730773926
2007-10-19,14.629549026489258
2007-10-22,14.552080154418944
2007-10-23,14.59546184539795
2007-10-24,14.601655960083008
2007-10-25,14.536584854125977
2007-10-26,14.731819152832031
2007-10-29,14.759696006774902
2007-10-30,14.70392894744873
2007-10-31,14.799996376037598
2007-11-01,14.528279304504396
2007-11-02,14.459819793701172
2007-11-05,14.276188850402832
2007-11-06,14.279290199279783
2007-11-07,13.908927917480469
2007-11-08,13.821788787841797
2007-11-09,13.712860107421877
2007-11-12,13.420299530029297
2007-11-13,13.70041275024414
2007-11-14,13.790677070617676
2007-11-15,13.541682243347168
2007-11-16,13.445207595825195
2007-11-19,13.180646896362305
2007-11-20,12.993905067443848
2007-11-21,12.94724178314209
2007-11-23,13.12462329864502
2007-11-26,12.941003799438477
2007-11-27,13.00947380065918
2007-11-28,13.17131233215332
2007-11-29,13.382946968078612
2007-11-30,13.61948013305664
2007-12-03,13.609479904174805
2007-12-04,13.493864059448242
2007-12-05,13.606369972229004
2007-12-06,13.765735626220703
2007-12-07,13.875118255615234
2007-12-10,13.781356811523438
2007-12-11,13.746990203857422
2007-12-12,13.68137264251709
2007-12-13,13.496987342834473
2007-12-14,13.475098609924316
2007-12-17,13.000116348266602
2007-12-18,13.059481620788574
2007-12-19,12.98136043548584
2007-12-20,12.925103187561035
2007-12-21,13.043859481811523
2007-12-24,13.134482383728027
2007-12-26,13.131355285644531
2007-12-27,13.080472946166992
2007-12-28,14.314715385437012
2007-12-31,13.201345443725586
2008-01-02,13.583069801330566
2008-01-03,13.694400787353516
2008-01-04,13.583069801330566
2008-01-07,13.608511924743652
2008-01-08,13.598971366882324
2008-01-09,13.61805534362793
2008-01-10,13.9584321975708
2008-01-11,14.053862571716309
2008-01-14,14.155659675598145
2008-01-15,14.139748573303224
2008-01-16,14.11111545562744
2008-01-17,13.850275993347168
2008-01-18,13.904356956481934
2008-01-22,13.875726699829102
2008-01-23,13.980685234069824
2008-01-24,14.12385082244873
2008-01-25,14.238359451293944
2008-01-28,14.251084327697754
2008-01-29,14.397417068481444
2008-01-30,14.435592651367188
2008-01-31,14.486477851867676
2008-02-01,14.624063491821287
2008-02-04,14.531492233276367
2008-02-05,14.49956512451172
2008-02-06,14.442112922668455
2008-02-07,14.458075523376465
2008-02-08,14.458075523376465
2008-02-11,14.445298194885254
2008-02-12,14.483609199523926
2008-02-13,14.48680305480957
2008-02-14,14.451688766479492
2008-02-15,14.454878807067873
2008-02-19,14.528305053710938
2008-02-20,14.515528678894045
2008-02-21,14.52511215209961
2008-02-22,14.56021785736084
2008-02-25,14.67514991760254
2008-02-26,14.563416481018066
2008-02-27,14.624063491821287
2008-02-28,14.614498138427734
2008-02-29,14.47084903717041
2008-03-03,14.538532257080078
2008-03-04,14.19842529296875
2008-03-05,13.887184143066406
2008-03-06,13.861507415771484
2008-03-07,13.851881980895996
2008-03-10,13.418708801269531
2008-03-11,13.678610801696776
2008-03-12,13.652945518493652
2008-03-13,13.640111923217772
2008-03-14,13.665786743164062
2008-03-17,12.995169639587402
2008-03-18,13.187684059143066
2008-03-19,13.37058162689209
2008-03-20,13.758832931518556
2008-03-24,13.810175895690918
2008-03-25,13.800543785095217
2008-03-26,13.861507415771484
2008-03-27,13.800543785095217
2008-03-28,13.697864532470703
2008-03-31,13.64653491973877
2008-04-01,13.913174629211426
2008-04-02,13.97773265838623
2008-04-03,14.016481399536133
2008-04-04,14.081031799316406
2008-04-07,14.039069175720217
2008-04-08,14.05520725250244
2008-04-09,14.084261894226074
2008-04-10,14.064901351928713
2008-04-11,14.039069175720217
2008-04-14,13.913174629211426
2008-04-15,13.922861099243164
2008-04-16,14.177879333496094
2008-04-17,14.174654006958008
2008-04-18,14.33928680419922
2008-04-21,14.303781509399414
2008-04-22,14.306992530822754
2008-04-23,14.248896598815918
2008-04-24,14.33928680419922
2008-04-25,14.436126708984377
2008-04-28,14.494243621826172
2008-04-29,14.449041366577148
2008-04-30,14.510376930236816
2008-05-01,14.51199436187744
2008-05-02,14.524972915649414
2008-05-05,14.53146743774414
2008-05-06,14.489276885986328
2008-05-07,14.54444408416748
2008-05-08,14.62232780456543
2008-05-09,14.55742645263672
2008-05-12,14.537955284118652
2008-05-13,14.54444408416748
2008-05-14,14.593120574951172
2008-05-15,14.67099666595459
2008-05-16,14.784586906433104
2008-05-19,14.628824234008787
2008-05-20,14.628824234008787
2008-05-21,14.466561317443848
2008-05-22,14.382186889648438
2008-05-23,14.333525657653809
2008-05-27,14.304319381713867
2008-05-28,14.385435104370115
2008-05-29,14.378952026367188
2008-05-30,14.456829071044922
2008-06-02,14.429424285888672
2008-06-03,14.279319763183594
2008-06-04,14.037850379943848
2008-06-05,14.227110862731934
2008-06-06,14.178160667419434
2008-06-09,14.096582412719728
2008-06-10,14.024794578552246
2008-06-11,13.848581314086914
2008-06-12,13.868172645568848
2008-06-13,13.930156707763672
2008-06-16,14.021535873413086
2008-06-17,14.005221366882324
2008-06-18,13.917112350463867
2008-06-19,13.7833251953125
2008-06-20,13.685428619384766
2008-06-23,13.319957733154297
2008-06-24,13.228597640991213
2008-06-25,13.447227478027344
2008-06-26,13.257964134216309
2008-06-27,13.094812393188477
2008-06-30,13.088294982910156
2008-07-01,12.75497817993164
2008-07-02,12.613913536071776
2008-07-03,12.627035140991213
2008-07-07,12.495807647705078
2008-07-08,12.407232284545898
2008-07-09,12.49252223968506
2008-07-10,12.269453048706056
2008-07-11,11.875777244567873
2008-07-14,11.029376029968262
2008-07-15,10.465117454528809
2008-07-16,11.285266876220703
2008-07-17,11.875777244567873
2008-07-18,12.039814949035645
2008-07-21,12.374432563781738
2008-07-22,12.410520553588867
2008-07-23,12.577828407287598
2008-07-24,12.42363739013672
2008-07-25,12.417073249816896
2008-07-28,12.115259170532228
2008-07-29,12.315375328063965
2008-07-30,12.426918029785156
2008-07-31,12.482683181762695
2008-08-01,12.44245147705078
2008-08-04,12.310505867004396
2008-08-05,12.359983444213867
2008-08-06,12.449036598205566
2008-08-07,12.386364936828612
2008-08-08,12.472127914428713
2008-08-11,12.42595386505127
2008-08-12,12.287405014038086
2008-08-13,12.228026390075684
2008-08-14,12.23462963104248
2008-08-15,12.274213790893556
2008-08-18,12.15216827392578
2008-08-19,11.937744140625
2008-08-20,11.944351196289062
2008-08-21,11.934453964233398
2008-08-22,12.043306350708008
2008-08-25,11.98723602294922
2008-08-26,12.053200721740724
2008-08-27,12.23133659362793
2008-08-28,12.386364936828612
2008-08-29,12.498526573181152
2008-09-02,12.484923362731934
2008-09-03,12.45176601409912
2008-09-04,12.45840072631836
2008-09-05,12.415298461914062
2008-09-08,12.083683013916016
2008-09-09,11.513327598571776
2008-09-10,11.128666877746582
2008-09-11,10.919757843017578
2008-09-12,11.068975448608398
2008-09-15,10.130526542663574
2008-09-16,9.57012176513672
2008-09-17,8.747735023498535
2008-09-18,9.65634059906006
2008-09-19,10.627934455871582
2008-09-22,10.18027687072754
2008-09-23,10.004520416259766
2008-09-24,9.994572639465332
2008-09-25,10.346076011657717
2008-09-26,10.067526817321776
2008-09-29,8.920174598693848
2008-09-30,9.41758155822754
2008-10-01,9.62477684020996
2008-10-02,9.357419967651367
2008-10-03,9.62477684020996
2008-10-06,9.190330505371094
2008-10-07,8.2545804977417
2008-10-08,8.381584167480469
2008-10-09,7.5527777671813965
2008-10-10,7.2854228019714355
2008-10-13,8.685697555541992
2008-10-14,9.42426586151123
2008-10-15,9.524528503417969
2008-10-16,9.38081169128418
2008-10-17,9.42426586151123
2008-10-20,9.83867359161377
2008-10-21,9.912189483642578
2008-10-22,9.788535118103027
2008-10-23,9.524528503417969
2008-10-24,9.591358184814451
2008-10-27,9.340720176696776
2008-10-28,9.44765281677246
2008-10-29,9.457684516906738
2008-10-30,9.791873931884766
2008-10-31,9.825299263000488
2008-11-03,9.927838325500488
2008-11-04,10.119468688964844
2008-11-05,9.779911041259766
2008-11-06,9.90429973602295
2008-11-07,9.951371192932127
2008-11-10,9.867316246032717
2008-11-11,9.978264808654783
2008-11-12,9.581554412841797
2008-11-13,9.463886260986328
2008-11-14,9.504225730895996
2008-11-17,9.379837036132812
2008-11-18,8.875540733337402
2008-11-19,7.8804144859313965
2008-11-20,7.06682014465332
2008-11-21,7.29879093170166
2008-11-24,8.267027854919434
2008-11-25,8.76123332977295
2008-11-26,8.956238746643066
2008-11-28,9.057089805603027
2008-12-01,8.725279808044434
2008-12-02,8.874262809753418
2008-12-03,8.938589096069336
2008-12-04,8.857330322265625
2008-12-05,8.901345252990723
2008-12-08,9.077400207519531
2008-12-09,9.080792427062988
2008-12-10,9.036778450012209
2008-12-11,8.97921371459961
2008-12-12,8.877641677856445
2008-12-15,8.908123016357422
2008-12-16,9.131582260131836
2008-12-17,9.37534999847412
2008-12-18,9.422764778137209
2008-12-19,9.460007667541504
2008-12-22,9.497251510620115
2008-12-23,9.470159530639648
2008-12-24,9.415995597839355
2008-12-26,9.520943641662598
2008-12-29,9.608609199523926
2008-12-30,9.842381477355955
2008-12-31,10.041765213012695
2009-01-02,10.42680835723877
2009-01-05,10.808396339416504
2009-01-06,11.097169876098633
2009-01-07,10.746515274047852
2009-01-08,10.677764892578123
2009-01-09,10.73963737487793
2009-01-12,10.588377952575684
2009-01-13,10.44056224822998
2009-01-14,10.038331985473633
2009-01-15,9.622373580932615
2009-01-16,9.52267074584961
2009-01-20,8.491333961486816
2009-01-21,8.676969528198242
2009-01-22,8.085678100585938
2009-01-23,8.147553443908691
2009-01-26,8.542902946472168
2009-01-27,8.621965408325195
2009-01-28,9.295767784118652
2009-01-29,8.986370086669922
2009-01-30,8.869483947753906
2009-02-02,8.616436004638672
2009-02-03,8.339482307434082
2009-02-04,7.962149620056152
2009-02-05,8.197552680969238
2009-02-06,8.37756061553955
2009-02-09,8.661436080932617
2009-02-10,8.453727722167969
2009-02-11,8.419109344482422
2009-02-12,8.266786575317383
2009-02-13,8.135238647460938
2009-02-17,7.474034309387207
2009-02-18,6.854366779327393
2009-02-19,6.096235275268555
2009-02-20,6.335100173950195
2009-02-23,6.092775821685791
2009-02-24,6.660511493682861
2009-02-25,6.837066173553467
2009-02-26,7.089776039123535
2009-02-27,6.61550235748291
2009-03-02,5.861930847167969
2009-03-03,5.798896312713623
2009-03-04,6.086042404174805
2009-03-05,5.452228546142578
2009-03-06,5.270133018493652
2009-03-09,5.333164215087891
2009-03-10,6.208605766296387
2009-03-11,6.425714492797852
2009-03-12,6.898449420928955
2009-03-13,7.248626232147217
2009-03-16,7.490240573883057
2009-03-17,7.619807720184326
2009-03-18,7.801904201507568
2009-03-19,7.948973178863525
2009-03-20,7.689850330352783
2009-03-23,8.264132499694824
2009-03-24,8.369181632995605
2009-03-25,7.980490684509277
2009-03-26,8.015509605407715
2009-03-27,8.068037033081055
2009-03-30,7.637320518493652
2009-03-31,7.980490684509277
2009-04-01,8.11502456665039
2009-04-02,8.39119815826416
2009-04-03,8.39119815826416
2009-04-06,8.40889835357666
2009-04-07,8.369951248168945
2009-04-08,8.373499870300293
2009-04-09,8.869176864624023
2009-04-13,9.063910484313965
2009-04-14,9.074528694152832
2009-04-15,9.109941482543944
2009-04-16,9.318833351135254
2009-04-17,9.382560729980469
2009-04-20,8.653199195861816
2009-04-21,8.738177299499512
2009-04-22,8.755878448486328
2009-04-23,9.000174522399902
2009-04-24,9.170125007629396
2009-04-27,9.159505844116213
2009-04-28,9.09931182861328
2009-04-29,9.32945442199707
2009-04-30,9.453375816345217
2009-05-01,9.440853118896484
2009-05-04,9.8379487991333
2009-05-05,9.841526985168455
2009-05-06,10.195691108703612
2009-05-07,10.091943740844728
2009-05-08,10.585625648498535
2009-05-11,10.624984741210938
2009-05-12,10.514084815979004
2009-05-13,10.095525741577148
2009-05-14,10.277974128723145
2009-05-15,10.292288780212402
2009-05-18,10.64287567138672
2009-05-19,10.825322151184082
2009-05-20,10.943374633789062
2009-05-21,10.94695281982422
2009-05-22,10.793124198913574
2009-05-26,11.007770538330078
2009-05-27,10.957688331604004
2009-05-28,11.143712043762209
2009-05-29,11.261768341064451
2009-06-01,11.457718849182127
2009-06-02,11.55876350402832
2009-06-03,11.493814468383787
2009-06-04,11.61290168762207
2009-06-05,11.70312213897705
2009-06-08,11.735593795776367
2009-06-09,11.825810432434082
2009-06-10,11.999034881591797
2009-06-11,12.035115242004396
2009-06-12,12.013460159301758
2009-06-15,11.879944801330566
2009-06-16,11.648990631103516
2009-06-17,11.313371658325195
2009-06-18,11.3927640914917
2009-06-19,11.544336318969728
2009-06-22,11.187068939208984
2009-06-23,11.197893142700195
2009-06-24,11.374730110168455
2009-06-25,11.475767135620115
2009-06-26,11.515458106994627
2009-06-29,11.584027290344238
2009-06-30,11.59846305847168
2009-07-01,11.734758377075195
2009-07-02,11.59263038635254
2009-07-06,11.519752502441406
2009-07-07,11.40676975250244
2009-07-08,11.344818115234377
2009-07-09,11.501529693603516
2009-07-10,11.552541732788086
2009-07-13,11.69102954864502
2009-07-14,11.833160400390623
2009-07-15,12.080970764160156
2009-07-16,12.131998062133787
2009-07-17,12.153861045837402
2009-07-20,12.197587966918944
2009-07-21,12.255905151367188
2009-07-22,12.201239585876465
2009-07-23,12.30327606201172
2009-07-24,12.350650787353516
2009-07-27,12.496435165405272
2009-07-28,12.56202507019043
2009-07-29,12.602107048034668
2009-07-30,12.773395538330078
2009-07-31,12.973837852478027
2009-08-03,13.235391616821287
2009-08-04,13.22438907623291
2009-08-05,13.209715843200684
2009-08-06,13.220715522766112
2009-08-07,13.250065803527832
2009-08-10,13.187701225280762
2009-08-11,13.055642127990724
2009-08-12,13.140009880065918
2009-08-13,13.261067390441896
2009-08-14,13.261067390441896
2009-08-17,12.897906303405762
2009-08-18,13.029966354370115
2009-08-19,13.048293113708496
2009-08-20,12.802519798278809
2009-08-21,12.967595100402832
2009-08-24,12.963924407958984
2009-08-25,13.007960319519045
2009-08-26,13.022627830505373
2009-08-27,12.875884056091309
2009-08-28,12.897906303405762
2009-08-31,12.729151725769045
2009-09-01,12.409867286682127
2009-09-02,12.39141082763672
2009-09-03,12.583355903625488
2009-09-04,12.683012962341309
2009-09-08,12.77160358428955
2009-09-09,12.900796890258787
2009-09-10,13.029987335205078
2009-09-11,13.081666946411133
2009-09-14,13.1591796875
2009-09-15,13.273608207702637
2009-09-16,13.388031959533691
2009-09-17,13.328985214233398
2009-09-18,13.280997276306152
2009-09-21,13.25515365600586
2009-09-22,13.317909240722656
2009-09-23,13.354823112487791
2009-09-24,13.26990795135498
2009-09-25,13.509845733642578
2009-09-28,13.443408966064451
2009-09-29,13.36957836151123
2009-09-30,13.388031959533691
2009-10-01,13.253653526306152
2009-10-02,13.168255805969238
2009-10-05,13.268498420715332
2009-10-06,13.290775299072266
2009-10-07,13.301910400390623
2009-10-08,13.313042640686035
2009-10-09,13.287059783935549
2009-10-12,13.32047176361084
2009-10-13,13.32047176361084
2009-10-14,13.36130714416504
2009-10-15,13.313042640686035
2009-10-16,13.283347129821776
2009-10-19,13.32047176361084
2009-10-20,13.309334754943848
2009-10-21,13.275917053222656
2009-10-22,13.275917053222656
2009-10-23,13.242505073547363
2009-10-26,13.22023582458496
2009-10-27,13.164549827575684
2009-10-28,12.856417655944824
2009-10-29,12.94550609588623
2009-10-30,12.92323112487793
2009-11-02,12.745738983154297
2009-11-03,12.573848724365234
2009-11-04,12.57760238647461
2009-11-05,12.704631805419922
2009-11-06,12.812999725341797
2009-11-09,13.003569602966309
2009-11-10,12.962462425231934
2009-11-11,13.044672012329102
2009-11-12,13.029727935791016
2009-11-13,13.074564933776855
2009-11-16,13.10820484161377
2009-11-17,13.134356498718262
2009-11-18,13.145556449890137
2009-11-19,13.134356498718262
2009-11-20,13.130620002746582
2009-11-23,13.145556449890137
2009-11-24,13.160507202148438
2009-11-25,13.216562271118164
2009-11-27,13.059619903564451
2009-11-30,13.11567211151123
2009-12-01,13.163862228393556
2009-12-02,13.220349311828612
2009-12-03,13.310721397399902
2009-12-04,13.378504753112791
2009-12-07,13.461329460144045
2009-12-08,13.4801664352417
2009-12-09,13.510290145874023
2009-12-10,13.566760063171388
2009-12-11,13.60442066192627
2009-12-14,13.58559513092041
2009-12-15,13.623250961303713
2009-12-16,13.65336799621582
2009-12-17,13.668437004089355
2009-12-18,13.736209869384766
2009-12-21,13.803999900817873
2009-12-22,13.78892993927002
2009-12-23,13.841638565063477
2009-12-24,13.875530242919922
2009-12-28,13.894344329833984
2009-12-29,13.90951442718506
2009-12-30,13.92845630645752
2009-12-31,13.905725479125977
2010-01-04,13.981496810913086
2010-01-05,14.049711227416992
2010-01-06,14.133063316345217
2010-01-07,14.174738883972168
2010-01-08,14.170958518981934
2010-01-11,14.250535011291504
2010-01-12,14.25811004638672
2010-01-13,14.349048614501951
2010-01-14,14.409673690795898
2010-01-15,14.405872344970703
2010-01-19,14.39451026916504
2010-01-20,14.367992401123049
2010-01-21,14.288418769836426
2010-01-22,14.144442558288574
2010-01-25,14.148221969604492
2010-01-26,14.159592628479004
2010-01-27,14.159592628479004
2010-01-28,14.087603569030762
2010-01-29,14.042122840881348
2010-02-01,14.167814254760742
2010-02-02,14.270642280578612
2010-02-03,14.263028144836426
2010-02-04,14.106876373291016
2010-02-05,14.042122840881348
2010-02-08,14.02308464050293
2010-02-09,14.084024429321287
2010-02-10,14.137336730957031
2010-02-11,14.183053016662598
2010-02-12,14.167814254760742
2010-02-16,14.263028144836426
2010-02-17,14.36585521697998
2010-02-18,14.39252471923828
2010-02-19,14.422983169555664
2010-02-22,14.430601119995115
2010-02-23,14.442034721374512
2010-02-24,14.476293563842772
2010-02-25,14.522010803222656
2010-02-26,14.560096740722656
2010-03-01,14.61367416381836
2010-03-02,14.71701717376709
2010-03-03,14.69023323059082
2010-03-04,14.73998737335205
2010-03-05,14.793571472167969
2010-03-08,14.782089233398438
2010-03-09,14.812719345092772
2010-03-10,14.847162246704102
2010-03-11,14.870126724243164
2010-03-12,14.95816421508789
2010-03-15,14.939021110534668
2010-03-16,14.996430397033691
2010-03-17,15.07299518585205
2010-03-18,15.034716606140137
2010-03-19,15.00026512145996
2010-03-22,15.023225784301758
2010-03-23,15.04236125946045
2010-03-24,15.007928848266602
2010-03-25,14.93136978149414
2010-03-26,14.927536010742188
2010-03-29,14.935200691223145
2010-03-30,14.889262199401855
2010-03-31,14.820368766784668
2010-04-01,14.858474731445312
2010-04-05,14.831536293029783
2010-04-06,14.827679634094238
2010-04-07,14.82382583618164
2010-04-08,14.835371017456056
2010-04-09,14.835371017456056
2010-04-12,14.866164207458496
2010-04-13,14.904637336730955
2010-04-14,14.93928337097168
2010-04-15,14.96622085571289
2010-04-16,14.858474731445312
2010-04-19,14.82382583618164
2010-04-20,14.896940231323242
2010-04-21,14.94313907623291
2010-04-22,14.98161792755127
2010-04-23,14.970070838928224
2010-04-26,14.935444831848145
2010-04-27,14.831536293029783
2010-04-28,14.82382583618164
2010-04-29,14.87769603729248
2010-04-30,14.827679634094238
2010-05-03,14.877260208129885
2010-05-04,14.745565414428713
2010-05-05,14.462822914123535
2010-05-06,13.548724174499512
2010-05-07,13.924439430236816
2010-05-10,14.288519859313965
2010-05-11,14.358235359191896
2010-05-12,14.420208930969238
2010-05-13,14.462822914123535
2010-05-14,14.296266555786133
2010-05-17,14.164565086364746
2010-05-18,14.059988021850586
2010-05-19,13.905067443847656
2010-05-20,13.56033420562744
2010-05-21,13.753998756408691
2010-05-24,13.920557975769045
2010-05-25,13.835345268249512
2010-05-26,13.967036247253418
2010-05-27,14.191692352294922
2010-05-28,14.183940887451172
2010-06-01,14.185500144958496
2010-06-02,14.318082809448242
2010-06-03,14.337567329406738
2010-06-04,14.169907569885254
2010-06-07,14.169907569885254
2010-06-08,14.154298782348633
2010-06-09,14.18939971923828
2010-06-10,14.286888122558594
2010-06-11,14.407761573791504
2010-06-14,14.419450759887695
2010-06-15,14.540334701538086
2010-06-16,14.47405242919922
2010-06-17,14.485757827758787
2010-06-18,14.509143829345703
2010-06-21,14.462347984313965
2010-06-22,14.442852020263672
2010-06-23,14.427253723144531
2010-06-24,14.435057640075684
2010-06-25,14.49743366241455
2010-06-28,14.5364351272583
2010-06-29,14.360968589782717
2010-06-30,14.45064926147461
2010-07-01,14.469497680664062
2010-07-02,14.508744239807127
2010-07-06,14.532306671142578
2010-07-07,14.634369850158691
2010-07-08,14.76389980316162
2010-07-09,14.803167343139648
2010-07-12,14.791383743286133
2010-07-13,14.909151077270508
2010-07-14,14.960179328918455
2010-07-15,14.97981071472168
2010-07-16,14.93663215637207
2010-07-19,15.011220932006836
2010-07-20,15.050472259521484
2010-07-21,15.074033737182615
2010-07-22,15.191805839538574
2010-07-23,15.231037139892578
2010-07-26,15.380219459533691
2010-07-27,15.39984893798828
2010-07-28,15.352737426757812
2010-07-29,15.403775215148926
2010-07-30,15.446948051452637
2010-08-02,15.490083694458008
2010-08-03,15.497987747192385
2010-08-04,15.585036277770996
2010-08-05,15.620638847351074
2010-08-06,15.66020965576172
2010-08-09,15.699771881103516
2010-08-10,15.656254768371582
2010-08-11,15.64437770843506
2010-08-12,15.687917709350586
2010-08-13,15.79473114013672
2010-08-16,15.723511695861816
2010-08-17,15.79078483581543
2010-08-18,15.83825969696045
2010-08-19,15.774951934814451
2010-08-20,15.770995140075684
2010-08-23,15.782859802246094
2010-08-24,15.683955192565918
2010-08-25,15.719557762145996
2010-08-26,15.731428146362305
2010-08-27,15.806614875793455
2010-08-30,15.814517974853516
2010-08-31,15.802647590637209
2010-09-01,15.85727596282959
2010-09-02,15.833353996276855
2010-09-03,15.87720775604248
2010-09-07,15.869242668151855
2010-09-08,15.90113639831543
2010-09-09,15.889165878295898
2010-09-10,15.913089752197266
2010-09-13,15.933027267456056
2010-09-14,15.869242668151855
2010-09-15,15.881189346313477
2010-09-16,15.86525058746338
2010-09-17,15.861258506774902
2010-09-20,15.94100284576416
2010-09-21,15.90512466430664
2010-09-22,15.90512466430664
2010-09-23,15.889165878295898
2010-09-24,15.913089752197266
2010-09-27,15.869242668151855
2010-09-28,15.849295616149902
2010-09-29,15.869242668151855
2010-09-30,15.861258506774902
2010-10-01,15.872476577758787
2010-10-04,15.812334060668944
2010-10-05,15.83638858795166
2010-10-06,15.828376770019531
2010-10-07,15.856437683105469
2010-10-08,15.888521194458008
2010-10-11,15.900559425354004
2010-10-12,15.91660499572754
2010-10-13,15.960700988769531
2010-10-14,15.9246187210083
2010-10-15,15.804313659667969
2010-10-18,15.796293258666992
2010-10-19,15.760202407836914
2010-10-20,15.776250839233398
2010-10-21,15.784257888793944
2010-10-22,15.8444185256958
2010-10-25,15.832379341125488
2010-10-26,15.852449417114258
2010-10-27,15.824366569519045
2010-10-28,15.864473342895508
2010-10-29,15.884525299072266
2010-11-01,15.90749740600586
2010-11-02,15.863153457641602
2010-11-03,15.88734531402588
2010-11-04,15.980063438415527
2010-11-05,15.992149353027344
2010-11-08,15.967975616455078
2010-11-09,15.988133430480955
2010-11-10,16.00021743774414
2010-11-11,15.984086036682127
2010-11-12,15.951834678649902
2010-11-15,15.951834678649902
2010-11-16,15.84703254699707
2010-11-17,15.834943771362305
2010-11-18,15.911535263061523
2010-11-19,15.923624038696287
2010-11-22,15.830904006958008
2010-11-23,15.790596961975098
2010-11-24,15.84703254699707
2010-11-26,15.851067543029783
2010-11-29,15.802695274353027
2010-11-30,15.786553382873535
2010-12-01,15.833603858947754
2010-12-02,15.83767032623291
2010-12-03,15.857954025268556
2010-12-06,15.825502395629885
2010-12-07,15.845785140991213
2010-12-08,15.81739902496338
2010-12-09,15.86607551574707
2010-12-10,15.874184608459473
2010-12-13,15.874184608459473
2010-12-14,15.756540298461914
2010-12-15,15.703804969787598
2010-12-16,15.687559127807615
2010-12-17,15.715961456298828
2010-12-20,15.598328590393066
2010-12-21,15.634843826293944
2010-12-22,15.642946243286133
2010-12-23,15.66323184967041
2010-12-27,15.687559127807615
2010-12-28,15.69491958618164
2010-12-29,15.772438049316406
2010-12-30,15.768351554870604
2010-12-31,15.82955265045166
2011-01-03,15.854034423828123
2011-01-04,15.874424934387209
2011-01-05,15.862183570861816
2011-01-06,15.878499984741213
2011-01-07,15.862183570861816
2011-01-10,15.886669158935549
2011-01-11,15.882580757141112
2011-01-12,15.91114330291748
2011-01-13,15.935622215270996
2011-01-14,15.90299129486084
2011-01-18,15.886669158935549
2011-01-19,15.8907470703125
2011-01-20,15.882580757141112
2011-01-21,15.915228843688965
2011-01-24,15.91114330291748
2011-01-25,15.935622215270996
2011-01-26,15.943790435791016
2011-01-27,15.980508804321287
2011-01-28,15.90707302093506
2011-01-31,15.943790435791016
2011-02-01,15.98891830444336
2011-02-02,15.980708122253418
2011-02-03,16.0217342376709
2011-02-04,16.046348571777344
2011-02-07,16.042259216308594
2011-02-08,16.07097625732422
2011-02-09,16.0750789642334
2011-02-10,16.095592498779297
2011-02-11,16.144834518432617
2011-02-14,16.148921966552734
2011-02-15,16.140718460083008
2011-02-16,16.206371307373047
2011-02-17,16.185850143432617
2011-02-18,16.23919105529785
2011-02-22,16.136625289916992
2011-02-23,16.12841796875
2011-02-24,16.116106033325195
2011-02-25,16.148921966552734
2011-02-28,16.206371307373047
2011-03-01,16.160551071166992
2011-03-02,16.214210510253906
2011-03-03,16.267858505249023
2011-03-04,16.29261589050293
2011-03-07,16.226587295532227
2011-03-08,16.27198600769043
2011-03-09,16.288490295410156
2011-03-10,16.255474090576172
2011-03-11,16.280231475830078
2011-03-14,16.255474090576172
2011-03-15,16.226587295532227
2011-03-16,16.185327529907227
2011-03-17,16.17294692993164
2011-03-18,16.234844207763672
2011-03-21,16.263729095458984
2011-03-22,16.280231475830078
2011-03-23,16.296737670898438
2011-03-24,16.288490295410156
2011-03-25,16.31325340270996
2011-03-28,16.3173770904541
2011-03-29,16.31325340270996
2011-03-30,16.346267700195312
2011-03-31,16.362777709960938
2011-04-01,16.418792724609375
2011-04-04,16.418792724609375
2011-04-05,16.45615005493164
2011-04-06,16.451990127563477
2011-04-07,16.40220069885254
2011-04-08,16.422937393188477
2011-04-11,16.381446838378906
2011-04-12,16.344100952148438
2011-04-13,16.339942932128906
2011-04-14,16.335800170898438
2011-04-15,16.339942932128906
2011-04-18,16.31505584716797
2011-04-19,16.37729835510254
2011-04-20,16.422937393188477
2011-04-21,16.460285186767578
2011-04-25,16.48932647705078
2011-04-26,16.52252197265625
2011-04-27,16.555723190307617
2011-04-28,16.580608367919922
2011-04-29,16.622106552124023
2011-05-02,16.591651916503906
2011-05-03,16.61251449584961
2011-05-04,16.629196166992188
2011-05-05,16.587499618530273
2011-05-06,16.60833740234375
2011-05-09,16.6417236328125
2011-05-10,16.683414459228516
2011-05-11,16.691757202148438
2011-05-12,16.70844268798828
2011-05-13,16.729291915893555
2011-05-16,16.70844268798828
2011-05-17,16.725130081176758
2011-05-18,16.720945358276367
2011-05-19,16.73346710205078
2011-05-20,16.720945358276367
2011-05-23,16.695926666259766
2011-05-24,16.695926666259766
2011-05-25,16.700111389160156
2011-05-26,16.68758773803711
2011-05-27,16.712621688842773
2011-05-31,16.720945358276367
2011-06-01,16.671058654785156
2011-06-02,16.62074851989746
2011-06-03,16.608169555664062
2011-06-06,16.566240310668945
2011-06-07,16.566240310668945
2011-06-08,16.515920639038086
2011-06-09,16.503334045410156
2011-06-10,16.478185653686523
2011-06-13,16.465600967407227
2011-06-14,16.51172637939453
2011-06-15,16.448833465576172
2011-06-16,16.29369354248047
2011-06-17,16.39852523803711
2011-06-20,16.411096572875977
2011-06-21,16.457218170166016
2011-06-22,16.46980857849121
2011-06-23,16.465600967407227
2011-06-24,16.44464874267578
2011-06-27,16.432069778442383
2011-06-28,16.536876678466797
2011-06-29,16.562044143676758
2011-06-30,16.62914276123047
2011-07-01,16.640090942382812
2011-07-05,16.661165237426758
2011-07-06,16.64852523803711
2011-07-07,16.682254791259766
2011-07-08,16.673812866210938
2011-07-11,16.593713760375977
2011-07-12,16.53891372680664
2011-07-13,16.589496612548828
2011-07-14,16.551557540893555
2011-07-15,16.56842613220215
2011-07-18,16.458816528320312
2011-07-19,16.475679397583008
2011-07-20,16.505186080932617
2011-07-21,16.572633743286133
2011-07-22,16.597930908203125
2011-07-25,16.522050857543945
2011-07-26,16.526260375976562
2011-07-27,16.42929458618164
2011-07-28,16.374492645263672
2011-07-29,16.31545066833496
2011-08-01,16.418052673339844
2011-08-02,16.388389587402344
2011-08-03,16.430761337280273
2011-08-04,15.989904403686523
2011-08-05,15.684686660766602
2011-08-08,14.19251823425293
2011-08-09,15.197178840637209
2011-08-10,15.180245399475098
2011-08-11,15.549036026000977
2011-08-12,15.701642990112305
2011-08-15,15.90512752532959
2011-08-16,15.871200561523438
2011-08-17,15.879693984985352
2011-08-18,15.629575729370115
2011-08-19,15.574475288391112
2011-08-22,15.460020065307615
2011-08-23,15.41762638092041
2011-08-24,15.549036026000977
2011-08-25,15.72284698486328
2011-08-26,15.820342063903809
2011-08-29,16.023818969726562
2011-08-30,16.04501724243164
2011-08-31,16.01110076904297
2011-09-01,16.022605895996094
2011-09-02,15.937369346618652
2011-09-06,15.830798149108888
2011-09-07,15.99277687072754
2011-09-08,15.881937980651855
2011-09-09,15.792438507080078
2011-09-12,15.51962661743164
2011-09-13,15.566522598266602
2011-09-14,15.617670059204102
2011-09-15,15.788174629211426
2011-09-16,15.741287231445312
2011-09-19,15.647510528564451
2011-09-20,15.630467414855955
2011-09-21,15.430127143859863
2011-09-22,15.212742805480955
2011-09-23,15.21700954437256
2011-09-26,15.19141960144043
2011-09-27,15.357662200927734
2011-09-28,15.268148422241213
2011-09-29,15.357662200927734
2011-09-30,15.178644180297852
2011-10-03,14.861859321594238
2011-10-04,14.73326015472412
2011-10-05,14.883295059204102
2011-10-06,15.161930084228516
2011-10-07,15.2176513671875
2011-10-10,15.363404273986816
2011-10-11,15.423410415649414
2011-10-12,15.560591697692873
2011-10-13,15.487710952758787
2011-10-14,15.47914695739746
2011-10-17,15.457695960998535
2011-10-18,15.556289672851562
2011-10-19,15.569157600402832
2011-10-20,15.603455543518066
2011-10-21,15.73205852508545
2011-10-24,15.826354026794434
2011-10-25,15.770631790161133
2011-10-26,15.84779453277588
2011-10-27,16.126419067382812
2011-10-28,16.14786148071289
2011-10-31,15.993538856506348
2011-11-01,15.737074851989746
2011-11-02,15.862067222595217
2011-11-03,15.905174255371094
2011-11-04,15.96120262145996
2011-11-07,15.952577590942385
2011-11-08,15.96983242034912
2011-11-09,15.74138069152832
2011-11-10,15.775866508483888
2011-11-11,15.90086269378662
2011-11-14,15.81898021697998
2011-11-15,15.857768058776855
2011-11-16,15.74138069152832
2011-11-17,15.689658164978027
2011-11-18,15.715513229370115
2011-11-21,15.59483242034912
2011-11-22,15.538788795471191
2011-11-23,15.353443145751951
2011-11-25,15.405168533325195
2011-11-28,15.478440284729004
2011-11-29,15.396559715270996
2011-11-30,15.49138355255127
2011-12-01,15.448058128356934
2011-12-02,15.50437068939209
2011-12-05,15.638670921325684
2011-12-06,15.66898250579834
2011-12-07,15.643003463745115
2011-12-08,15.55203342437744
2011-12-09,15.647326469421388
2011-12-12,15.595348358154297
2011-12-13,15.617010116577148
2011-12-14,15.49571418762207
2011-12-15,15.50437068939209
2011-12-16,15.426401138305664
2011-12-19,15.391740798950195
2011-12-20,15.41341781616211
2011-12-21,15.443727493286133
2011-12-22,15.582353591918944
2011-12-23,15.586677551269531
2011-12-27,15.413830757141112
2011-12-28,15.41817855834961
2011-12-29,15.448649406433104
2011-12-30,15.509615898132324
2012-01-03,15.648954391479492
2012-01-04,15.788287162780762
2012-01-05,16.005992889404297
2012-01-06,16.02776527404785
2012-01-09,16.110488891601562
2012-01-10,16.22369956970215
2012-01-11,16.206295013427734
2012-01-12,16.27159309387207
2012-01-13,16.22369956970215
2012-01-17,16.228050231933594
2012-01-18,16.315143585205078
2012-01-19,16.371749877929688
2012-01-20,16.437061309814453
2012-01-23,16.45011329650879
2012-01-24,16.44576644897461
2012-01-25,16.493669509887695
2012-01-26,16.545923233032227
2012-01-27,16.602510452270508
2012-01-30,16.572046279907227
2012-01-31,16.60686683654785
2012-02-01,16.67510986328125
2012-02-02,16.7144832611084
2012-02-03,16.7932186126709
2012-02-06,16.806339263916016
2012-02-07,16.83259391784668
2012-02-08,16.863204956054688
2012-02-09,16.863204956054688
2012-02-10,16.7932186126709
2012-02-13,16.867576599121094
2012-02-14,16.867576599121094
2012-02-15,16.89820098876953
2012-02-16,16.924449920654297
2012-02-17,16.963830947875977
2012-02-21,16.959455490112305
2012-02-22,16.9813175201416
2012-02-23,17.011932373046875
2012-02-24,17.025056838989258
2012-02-27,17.05568504333496
2012-02-28,17.108165740966797
2012-02-29,17.112545013427734
2012-03-01,17.129674911499023
2012-03-02,17.16480255126953
2012-03-05,17.107717514038086
2012-03-06,16.962810516357422
2012-03-07,16.993549346923828
2012-03-08,17.08576202392578
2012-03-09,17.116504669189453
2012-03-12,17.160409927368164
2012-03-13,17.217498779296875
2012-03-14,17.15601348876953
2012-03-15,17.107717514038086
2012-03-16,17.142847061157227
2012-03-19,17.147233963012695
2012-03-20,17.116504669189453
2012-03-21,17.12528419494629
2012-03-22,17.112110137939453
2012-03-23,17.134075164794922
2012-03-26,17.16480255126953
2012-03-27,17.15163803100586
2012-03-28,17.16480255126953
2012-03-29,17.116504669189453
2012-03-30,17.142847061157227
2012-04-02,17.154773712158203
2012-04-03,17.1591739654541
2012-04-04,17.088577270507812
2012-04-05,17.115055084228516
2012-04-09,17.08416748046875
2012-04-10,16.98268699645996
2012-04-11,16.947385787963867
2012-04-12,17.092987060546875
2012-04-13,17.079755783081055
2012-04-16,17.115055084228516
2012-04-17,17.13711166381836
2012-04-18,17.092987060546875
2012-04-19,17.070924758911133
2012-04-20,17.022382736206055
2012-04-23,17.04445457458496
2012-04-24,17.070924758911133
2012-04-25,17.119461059570312
2012-04-26,17.123870849609375
2012-04-27,17.163585662841797
2012-04-30,17.181222915649414
2012-05-01,17.206497192382812
2012-05-02,17.179906845092773
2012-05-03,17.202058792114258
2012-05-04,17.202058792114258
2012-05-07,17.219797134399414
2012-05-08,17.219797134399414
2012-05-09,17.175466537475586
2012-05-10,17.18433380126953
2012-05-11,17.113418579101562
2012-05-14,16.99374771118164
2012-05-15,16.94942855834961
2012-05-16,16.93169593811035
2012-05-17,16.66131019592285
2012-05-18,16.501754760742188
2012-05-21,16.754405975341797
2012-05-22,16.918394088745117
2012-05-23,16.936126708984375
2012-05-24,17.00261116027832
2012-05-25,17.03806495666504
2012-05-29,17.126707077026367
2012-05-30,17.024768829345703
2012-05-31,16.980451583862305
2012-06-01,16.869937896728516
2012-06-04,16.901140213012695
2012-06-05,16.96796989440918
2012-06-06,17.048173904418945
2012-06-07,17.039270401000977
2012-06-08,17.066007614135742
2012-06-11,16.999155044555664
2012-06-12,17.061538696289062
2012-06-13,17.079374313354492
2012-06-14,17.123924255371094
2012-06-15,17.141754150390625
2012-06-18,17.181854248046875
2012-06-19,17.221946716308594
2012-06-20,17.25760269165039
2012-06-21,17.199674606323242
2012-06-22,17.239778518676758
2012-06-25,17.25760269165039
2012-06-26,17.288789749145508
2012-06-27,17.32444953918457
2012-06-28,17.37791633605957
2012-06-29,17.391281127929688
2012-07-02,17.45623016357422
2012-07-03,17.51445770263672
2012-07-05,17.536848068237305
2012-07-06,17.550304412841797
2012-07-09,17.518939971923828
2012-07-10,17.4920711517334
2012-07-11,17.523427963256836
2012-07-12,17.51445770263672
2012-07-13,17.559240341186523
2012-07-16,17.61300277709961
2012-07-17,17.61300277709961
2012-07-18,17.63541030883789
2012-07-19,17.648839950561523
2012-07-20,17.6533203125
2012-07-23,17.61300277709961
2012-07-24,17.536848068237305
2012-07-25,17.54132843017578
2012-07-26,17.59508514404297
2012-07-27,17.644367218017578
2012-07-30,17.662281036376953
2012-07-31,17.6533203125
2012-08-01,17.612794876098633
2012-08-02,17.662334442138672
2012-08-03,17.71636962890625
2012-08-06,17.7343807220459
2012-08-07,17.761402130126953
2012-08-08,17.774911880493164
2012-08-09,17.81094741821289
2012-08-10,17.80192756652832
2012-08-13,17.779420852661133
2012-08-14,17.779420852661133
2012-08-15,17.78391456604004
2012-08-16,17.78842544555664
2012-08-17,17.8199520111084
2012-08-20,17.80192756652832
2012-08-21,17.806428909301758
2012-08-22,17.806428909301758
2012-08-23,17.81094741821289
2012-08-24,17.8199520111084
2012-08-27,17.842466354370117
2012-08-28,17.846956253051758
2012-08-29,17.89650535583496
2012-08-30,17.89650535583496
2012-08-31,17.914520263671875
2012-09-04,17.914520263671875
2012-09-05,17.937152862548828
2012-09-06,17.9778995513916
2012-09-07,18.03675651550293
2012-09-10,18.023178100585938
2012-09-11,18.014127731323242
2012-09-12,18.068449020385746
2012-09-13,18.082040786743164
2012-09-14,18.09109115600586
2012-09-17,18.063919067382812
2012-09-18,18.09109115600586
2012-09-19,18.09109115600586
2012-09-20,18.095626831054688
2012-09-21,18.082040786743164
2012-09-24,18.005075454711914
2012-09-25,18.041288375854492
2012-09-26,18.041288375854492
2012-09-27,18.059385299682617
2012-09-28,18.045804977416992
2012-10-01,18.09267234802246
2012-10-02,18.10634422302246
2012-10-03,18.119983673095703
2012-10-04,18.156383514404297
2012-10-05,18.188241958618164
2012-10-08,18.179140090942383
2012-10-09,18.1381893157959
2012-10-10,18.17460250854492
2012-10-11,18.23374366760254
2012-10-12,18.22008514404297
2012-10-15,18.22464179992676
2012-10-16,18.247392654418945
2012-10-17,18.26105308532715
2012-10-18,18.302003860473633
2012-10-19,18.251951217651367
2012-10-22,18.22008514404297
2012-10-23,18.20189094543457
2012-10-24,18.17460250854492
2012-10-25,18.165489196777344
2012-10-26,18.17004776000977
2012-10-31,18.22919654846191
2012-11-01,18.188241958618164
2012-11-02,18.17460250854492
2012-11-05,18.179140090942383
2012-11-06,18.19280242919922
2012-11-07,18.124530792236328
2012-11-08,18.0562744140625
2012-11-09,18.06993293762207
2012-11-12,18.110876083374023
2012-11-13,18.083585739135746
2012-11-14,17.878808975219727
2012-11-15,17.815105438232422
2012-11-16,17.97892189025879
2012-11-19,18.0562744140625
2012-11-20,18.06537628173828
2012-11-21,18.060819625854492
2012-11-23,18.09267234802246
2012-11-26,18.088125228881836
2012-11-27,18.119983673095703
2012-11-28,18.1381893157959
2012-11-29,18.160945892333984
2012-11-30,18.165489196777344
2012-12-03,18.11244201660156
2012-12-04,18.12616539001465
2012-12-05,18.117019653320312
2012-12-06,18.121591567993164
2012-12-07,18.13074493408203
2012-12-10,18.117019653320312
2012-12-11,18.121591567993164
2012-12-12,18.149017333984375
2012-12-13,18.10787773132324
2012-12-14,18.098735809326172
2012-12-17,18.07586669921875
2012-12-18,18.117019653320312
2012-12-19,18.158172607421875
2012-12-20,18.167322158813477
2012-12-21,18.13074493408203
2012-12-24,18.135313034057617
2012-12-26,18.149126052856445
2012-12-27,18.139911651611328
2012-12-28,18.18593978881836
2012-12-31,18.236568450927734
2013-01-02,18.29181480407715
2013-01-03,18.337831497192383
2013-01-04,18.42068862915039
2013-01-07,18.411479949951172
2013-01-08,18.425296783447266
2013-01-09,18.47592544555664
2013-01-10,18.485126495361328
2013-01-11,18.508142471313477
2013-01-14,18.485126495361328
2013-01-15,18.498926162719727
2013-01-16,18.480527877807617
2013-01-17,18.508142471313477
2013-01-18,18.572582244873047
2013-01-22,18.572582244873047
2013-01-23,18.563371658325195
2013-01-24,18.53115463256836
2013-01-25,18.558788299560547
2013-01-28,18.52194595336914
2013-01-29,18.51274299621582
2013-01-30,18.480527877807617
2013-01-31,18.480527877807617
2013-02-01,18.504592895507812
2013-02-04,18.481449127197266
2013-02-05,18.50920867919922
2013-02-06,18.513835906982425
2013-02-07,18.5230770111084
2013-02-08,18.5230770111084
2013-02-11,18.5230770111084
2013-02-12,18.54620361328125
2013-02-13,18.550825119018555
2013-02-14,18.54620361328125
2013-02-15,18.555458068847656
2013-02-19,18.56007194519043
2013-02-20,18.54157257080078
2013-02-21,18.54157257080078
2013-02-22,18.555458068847656
2013-02-25,18.56007194519043
2013-02-26,18.59708595275879
2013-02-27,18.615575790405273
2013-02-28,18.578584671020508
2013-03-01,18.60176658630371
2013-03-04,18.615673065185547
2013-03-05,18.64811897277832
2013-03-06,18.65275764465332
2013-03-07,18.657394409179688
2013-03-08,18.657394409179688
2013-03-11,18.675941467285156
2013-03-12,18.671302795410156
2013-03-13,18.69449806213379
2013-03-14,18.71766662597656
2013-03-15,18.731584548950195
2013-03-18,18.722309112548828
2013-03-19,18.71766662597656
2013-03-20,18.75476455688477
2013-03-21,18.750123977661133
2013-03-22,18.75940704345703
2013-03-25,18.75940704345703
2013-03-26,18.76403045654297
2013-03-27,18.72694206237793
2013-03-28,18.787214279174805
2013-04-01,18.770915985107425
2013-04-02,18.794193267822266
2013-04-03,18.770915985107425
2013-04-04,18.7569580078125
2013-04-05,18.766254425048828
2013-04-08,18.75229835510254
2013-04-09,18.766254425048828
2013-04-10,18.77557945251465
2013-04-11,18.812837600708008
2013-04-12,18.812837600708008
2013-04-15,18.78489112854004
2013-04-16,18.840774536132812
2013-04-17,18.84542465209961
2013-04-18,18.854745864868164
2013-04-19,18.840774536132812
2013-04-22,18.78023338317871
2013-04-23,18.840774536132812
2013-04-24,18.86404800415039
2013-04-25,18.88268280029297
2013-04-26,18.905961990356445
2013-04-29,18.96650505065918
2013-04-30,18.98512840270996
2013-05-01,18.97250747680664
2013-05-02,19.05667304992676
2013-05-03,19.080049514770508
2013-05-06,19.08940887451172
2013-05-07,19.154888153076172
2013-05-08,19.201650619506836
2013-05-09,19.192304611206055
2013-05-10,19.1876163482666
2013-05-13,19.15956115722656
2013-05-14,19.103439331054688
2013-05-15,19.05667304992676
2013-05-16,19.061344146728516
2013-05-17,19.13616943359375
2013-05-20,19.14553451538086
2013-05-21,19.14553451538086
2013-05-22,19.12215232849121
2013-05-23,19.05667304992676
2013-05-24,19.094087600708008
2013-05-28,19.070714950561523
2013-05-29,18.97717666625977
2013-05-30,19.03797912597656
2013-05-31,18.860265731811523
2013-06-03,18.711877822875977
2013-06-04,18.7025089263916
2013-06-05,18.589799880981445
2013-06-06,18.632062911987305
2013-06-07,18.69780731201172
2013-06-10,18.636764526367188
2013-06-11,18.373815536499023
2013-06-12,18.17658233642578
2013-06-13,18.401975631713867
2013-06-14,18.55222511291504
2013-06-17,18.59918785095215
2013-06-18,18.641454696655273
2013-06-19,18.47240447998047
2013-06-20,18.19537353515625
2013-06-21,18.16249656677246
2013-06-24,17.908937454223633
2013-06-25,18.059202194213867
2013-06-26,18.284589767456055
2013-06-27,18.40666961669922
2013-06-28,18.444238662719727
2013-07-01,18.44329833984375
2013-07-02,18.377296447753903
2013-07-03,18.306570053100582
2013-07-05,18.141563415527344
2013-07-08,18.13213539123535
2013-07-09,18.169843673706055
2013-07-10,18.2499942779541
2013-07-11,18.377296447753903
2013-07-12,18.36314582824707
2013-07-15,18.42915725708008
2013-07-16,18.382003784179688
2013-07-17,18.4102840423584
2013-07-18,18.419723510742188
2013-07-19,18.499866485595703
2013-07-22,18.433860778808594
2013-07-23,18.481000900268555
2013-07-24,18.41501235961914
2013-07-25,18.32071304321289
2013-07-26,18.35843849182129
2013-07-29,18.2499942779541
2013-07-30,18.245290756225582
2013-07-31,18.344295501708984
2013-08-01,18.226877212524418
2013-08-02,18.241071701049805
2013-08-05,18.21267318725586
2013-08-06,18.14638900756836
2013-08-07,18.13219833374023
2013-08-08,18.11798858642578
2013-08-09,18.122732162475582
2013-08-12,18.16533088684082
2013-08-13,18.09905433654785
2013-08-14,17.961769104003906
2013-08-15,17.829193115234375
2013-08-16,17.73925018310547
2013-08-19,17.53567886352539
2013-08-20,17.625635147094727
2013-08-21,17.63036346435547
2013-08-22,17.767654418945312
2013-08-23,17.92862319946289
2013-08-26,17.886009216308594
2013-08-27,17.862348556518555
2013-08-28,17.904949188232422
2013-08-29,17.914426803588867
2013-08-30,17.942834854125977
2013-09-03,17.898616790771484
2013-09-04,17.94615364074707
2013-09-05,17.85582160949707
2013-09-06,17.874841690063477
2013-09-09,17.903362274169922
2013-09-10,17.89386749267578
2013-09-11,17.955656051635742
2013-09-12,17.870086669921875
2013-09-13,17.908109664916992
2013-09-16,17.912878036499023
2013-09-17,17.936643600463867
2013-09-18,18.126802444458008
2013-09-19,18.04598617553711
2013-09-20,18.0174617767334
2013-09-23,17.998437881469727
2013-09-24,18.0127010345459
2013-09-25,18.04122734069824
2013-09-26,18.07925796508789
2013-09-27,17.993690490722656
2013-09-30,18.065006256103516
2013-10-01,17.998172760009766
2013-10-02,18.002952575683594
2013-10-03,17.97431182861328
2013-10-04,18.002952575683594
2013-10-07,17.9456787109375
2013-10-08,17.91227912902832
2013-10-09,17.897945404052734
2013-10-10,17.955228805541992
2013-10-11,17.983867645263672
2013-10-14,17.959999084472656
2013-10-15,17.897945404052734
2013-10-16,17.940906524658203
2013-10-17,18.07453727722168
2013-10-18,18.174776077270508
2013-10-21,18.127044677734375
2013-10-22,18.22249984741211
2013-10-23,18.289321899414062
2013-10-24,18.22249984741211
2013-10-25,18.20817756652832
2013-10-28,18.198640823364254
2013-10-29,18.227275848388672
2013-10-30,18.20817756652832
2013-10-31,18.232044219970703
2013-11-01,18.24307632446289
2013-11-04,18.23348617553711
2013-11-05,18.19036293029785
2013-11-06,18.185565948486328
2013-11-07,18.214319229125977
2013-11-08,18.13765335083008
2013-11-11,18.16160774230957
2013-11-12,18.108888626098633
2013-11-13,18.142436981201172
2013-11-14,18.17118453979492
2013-11-15,18.195144653320312
2013-11-18,18.17599105834961
2013-11-19,18.15680694580078
2013-11-20,18.113677978515625
2013-11-21,18.166400909423828
2013-11-22,18.29098892211914
2013-11-25,18.23828125
2013-11-26,18.267024993896484
2013-11-27,18.262235641479492
2013-11-29,18.29098892211914
2013-12-02,18.27941513061523
2013-12-03,18.23602294921875
2013-12-04,18.173336029052734
2013-12-05,18.076906204223633
2013-12-06,18.086549758911133
2013-12-09,18.11065101623535
2013-12-10,18.125123977661133
2013-12-11,18.02387046813965
2013-12-12,17.985288619995117
2013-12-13,18.057607650756836
2013-12-16,18.086549758911133
2013-12-17,18.057607650756836
2013-12-18,18.067251205444336
2013-12-19,18.067251205444336
2013-12-20,18.081722259521484
2013-12-23,18.062429428100582
2013-12-24,18.072078704833984
2013-12-26,18.000518798828125
2013-12-27,17.971092224121094
2013-12-30,18.064239501953125
2013-12-31,18.054441452026367
2014-01-02,18.16227912902832
2014-01-03,18.270124435424805
2014-01-06,18.37797737121582
2014-01-07,18.343666076660156
2014-01-08,18.373062133789062
2014-01-09,18.43680000305176
2014-01-10,18.52993392944336
2014-01-13,18.51031494140625
2014-01-14,18.53483772277832
2014-01-15,18.52993392944336
2014-01-16,18.593671798706055
2014-01-17,18.642683029174805
2014-01-21,18.598575592041016
2014-01-22,18.63287925720215
2014-01-23,18.593671798706055
2014-01-24,18.52993392944336
2014-01-27,18.50542640686035
2014-01-28,18.58876037597656
2014-01-29,18.549556732177734
2014-01-30,18.618175506591797
2014-01-31,18.58876037597656
2014-02-03,18.554258346557617
2014-02-04,18.59368896484375
2014-02-05,18.59862518310547
2014-02-06,18.603553771972656
2014-02-07,18.642963409423828
2014-02-10,18.67253303527832
2014-02-11,18.721824645996097
2014-02-12,18.72675323486328
2014-02-13,18.78588104248047
2014-02-14,18.83023452758789
2014-02-18,18.899232864379883
2014-02-19,18.918941497802734
2014-02-20,18.92386054992676
2014-02-21,18.93372344970703
2014-02-24,18.918941497802734
2014-02-25,18.90414810180664
2014-02-26,18.93372344970703
2014-02-27,18.963294982910156
2014-02-28,19.012584686279297
2014-03-03,18.99771499633789
2014-03-04,19.0373592376709
2014-03-05,19.01753044128418
2014-03-06,19.047269821166992
2014-03-07,19.007633209228516
2014-03-10,19.0125675201416
2014-03-11,19.022491455078125
2014-03-12,19.05718994140625
2014-03-13,19.101795196533203
2014-03-14,19.156320571899418
2014-03-17,19.21578788757324
2014-03-18,19.240577697753903
2014-03-19,19.2009220123291
2014-03-20,19.210832595825195
2014-03-21,19.26039695739746
2014-03-24,19.285173416137695
2014-03-25,19.285173416137695
2014-03-26,19.28022003173828
2014-03-27,19.295085906982425
2014-03-28,19.314912796020508
2014-03-31,19.344646453857425
2014-04-01,19.42135238647461
2014-04-02,19.391477584838867
2014-04-03,19.37653350830078
2014-04-04,19.39645767211914
2014-04-07,19.381511688232425
2014-04-08,19.391477584838867
2014-04-09,19.42633819580078
2014-04-10,19.411399841308594
2014-04-11,19.42633819580078
2014-04-14,19.43631362915039
2014-04-15,19.476150512695312
2014-04-16,19.481130599975582
2014-04-17,19.476150512695312
2014-04-21,19.446277618408203
2014-04-22,19.48611068725586
2014-04-23,19.476150512695312
2014-04-24,19.50603675842285
2014-04-25,19.545894622802734
2014-04-28,19.590728759765625
2014-04-29,19.63554573059082
2014-04-30,19.70029640197754
2014-05-01,19.7158145904541
2014-05-02,19.7458553314209
2014-05-05,19.775882720947266
2014-05-06,19.7508602142334
2014-05-07,19.7708683013916
2014-05-08,19.78087997436523
2014-05-09,19.7708683013916
2014-05-12,19.775882720947266
2014-05-13,19.7858943939209
2014-05-14,19.825942993164062
2014-05-15,19.820924758911133
2014-05-16,19.845972061157227
2014-05-19,19.865982055664062
2014-05-20,19.855966567993164
2014-05-21,19.85096549987793
2014-05-22,19.800905227661133
2014-05-23,19.79590606689453
2014-05-27,19.855966567993164
2014-05-28,19.896015167236328
2014-05-29,19.94607162475586
2014-05-30,19.94607162475586
2014-06-02,19.93248748779297
2014-06-03,19.796724319458008
2014-06-04,19.726316452026367
2014-06-05,19.761520385742188
2014-06-06,19.806785583496097
2014-06-09,19.821870803833008
2014-06-10,19.766557693481445
2014-06-11,19.776607513427734
2014-06-12,19.816837310791016
2014-06-13,19.796724319458008
2014-06-16,19.83192443847656
2014-06-17,19.887235641479492
2014-06-18,19.93752670288086
2014-06-19,19.947572708129883
2014-06-20,19.96265411376953
2014-06-23,19.972713470458984
2014-06-24,19.97774314880371
2014-06-25,20.00791358947754
2014-06-26,20.0380859375
2014-06-27,20.068254470825195
2014-06-30,20.068254470825195
2014-07-01,20.09502220153809
2014-07-02,20.110187530517575
2014-07-03,20.034412384033203
2014-07-07,20.029369354248047
2014-07-08,20.05966567993164
2014-07-09,20.09502220153809
2014-07-10,20.064716339111328
2014-07-11,20.165746688842773
2014-07-14,20.16069221496582
2014-07-15,20.150596618652344
2014-07-16,20.14554786682129
2014-07-17,20.034412384033203
2014-07-18,20.135438919067383
2014-07-21,20.105127334594727
2014-07-22,20.09502220153809
2014-07-23,20.105127334594727
2014-07-24,20.125341415405273
2014-07-25,20.14554786682129
2014-07-28,20.14048767089844
2014-07-29,20.150596618652344
2014-07-30,20.110187530517575
2014-07-31,19.96874237060547
2014-08-01,19.92966079711914
2014-08-04,19.868738174438477
2014-08-05,19.84336280822754
2014-08-06,19.889036178588867
2014-08-07,20.010875701904297
2014-08-08,20.000730514526367
2014-08-11,20.026105880737305
2014-08-12,20.061626434326172
2014-08-13,20.117477416992188
2014-08-14,20.173322677612305
2014-08-15,20.18855094909668
2014-08-18,20.2443904876709
2014-08-19,20.23423194885254
2014-08-20,20.22915267944336
2014-08-21,20.239301681518555
2014-08-22,20.239301681518555
2014-08-25,20.269773483276367
2014-08-26,20.300233840942383
2014-08-27,20.315446853637695
2014-08-28,20.325597763061523
2014-08-29,20.325597763061523
2014-09-02,20.249601364135746
2014-09-03,20.239397048950195
2014-09-04,20.076189041137695
2014-09-05,20.122089385986328
2014-09-08,20.08129119873047
2014-09-09,20.045576095581055
2014-09-10,20.045576095581055
2014-09-11,20.040481567382812
2014-09-12,19.99458122253418
2014-09-15,20.02518081665039
2014-09-16,20.00987434387207
2014-09-17,20.065990447998047
2014-09-18,20.11699676513672
2014-09-19,20.14249610900879
2014-09-22,20.101686477661133
2014-09-23,20.08129119873047
2014-09-24,20.076189041137695
2014-09-25,20.030277252197266
2014-09-26,20.106782913208008
2014-09-29,20.132293701171875
2014-09-30,20.157785415649418
2014-10-01,20.10654640197754
2014-10-02,20.132164001464844
2014-10-03,20.132164001464844
2014-10-06,20.157785415649418
2014-10-07,20.121925354003903
2014-10-08,20.20904541015625
2014-10-09,20.121925354003903
2014-10-10,20.096296310424805
2014-10-13,20.060401916503903
2014-10-14,20.127042770385746
2014-10-15,20.147552490234375
2014-10-16,20.16292381286621
2014-10-17,20.193683624267575
2014-10-20,20.219308853149418
2014-10-21,20.270536422729492
2014-10-22,20.280799865722656
2014-10-23,20.296167373657227
2014-10-24,20.32180404663086
2014-10-27,20.32180404663086
2014-10-28,20.347429275512695
2014-10-29,20.332050323486328
2014-10-30,20.35767936706543
2014-10-31,20.373065948486328
2014-11-03,20.398286819458008
2014-11-04,20.41374397277832
2014-11-05,20.39312744140625
2014-11-06,20.403444290161133
2014-11-07,20.45494079589844
2014-11-10,20.465238571166992
2014-11-11,20.48069190979004
2014-11-12,20.501283645629883
2014-11-13,20.490976333618164
2014-11-14,20.52703094482422
2014-11-17,20.55792999267578
2014-11-18,20.563085556030273
2014-11-19,20.537334442138672
2014-11-20,20.54248046875
2014-11-21,20.55278205871582
2014-11-24,20.568227767944336
2014-11-25,20.583675384521484
2014-11-26,20.635175704956055
2014-11-28,20.624876022338867
2014-12-01,20.51677131652832
2014-12-02,20.563325881958008
2014-12-03,20.4857120513916
2014-12-04,20.366744995117188
2014-12-05,20.38227272033691
2014-12-08,20.413305282592773
2014-12-09,20.413305282592773
2014-12-10,20.35639190673828
2014-12-11,20.387434005737305
2014-12-12,20.335702896118164
2014-12-15,20.273624420166016
2014-12-16,20.18051528930664
2014-12-17,20.31501579284668
2014-12-18,20.371910095214844
2014-12-19,20.44951438903809
2014-12-22,20.4443302154541
2014-12-23,20.433988571166992
2014-12-24,20.4277286529541
2014-12-26,20.469511032104492
2014-12-29,20.511302947998047
2014-12-30,20.573976516723633
2014-12-31,20.600095748901367
2015-01-02,20.688884735107425
2015-01-05,20.61054039001465
2015-01-06,20.631420135498047
2015-01-07,20.67843437194824
2015-01-08,20.704559326171875
2015-01-09,20.720212936401367
2015-01-12,20.704559326171875
2015-01-13,20.68364715576172
2015-01-14,20.64186668395996
2015-01-15,20.6471004486084
2015-01-16,20.720212936401367
2015-01-20,20.70977020263672
2015-01-21,20.74110412597656
2015-01-22,20.782901763916016
2015-01-23,20.798574447631836
2015-01-26,20.85602378845215
2015-01-27,20.87169075012207
2015-01-28,20.897808074951172
2015-01-29,20.882150650024418
2015-01-30,20.87169075012207
2015-02-02,20.93886947631836
2015-02-03,20.93886947631836
2015-02-04,20.91787338256836
2015-02-05,20.94936752319336
2015-02-06,20.875886917114254
2015-02-09,20.896886825561523
2015-02-10,20.886371612548828
2015-02-11,20.93886947631836
2015-02-12,20.954608917236328
2015-02-13,20.991342544555664
2015-02-17,20.923114776611328
2015-02-18,20.849653244018555
2015-02-19,20.87065315246582
2015-02-20,20.907371520996097
2015-02-23,20.954608917236328
2015-02-24,20.986087799072266
2015-02-25,21.017576217651367
2015-02-26,21.03332138061523
2015-02-27,21.07530212402344
2015-03-02,21.07530212402344
2015-03-03,21.09638404846191
2015-03-04,21.10166358947754
2015-03-05,21.112194061279297
2015-03-06,20.92247200012207
2015-03-09,20.87505149841309
2015-03-10,20.90666389465332
2015-03-11,20.975162506103516
2015-03-12,20.95409393310547
2015-03-13,20.943546295166016
2015-03-16,20.969913482666016
2015-03-17,20.96463394165039
2015-03-18,21.043689727783203
2015-03-19,21.033145904541016
2015-03-20,21.10692024230957
2015-03-23,21.12800407409668
2015-03-24,21.12800407409668
2015-03-25,21.12800407409668
2015-03-26,21.117469787597656
2015-03-27,21.12274932861328
2015-03-30,21.138547897338867
2015-03-31,21.138547897338867
2015-04-01,21.13643264770508
2015-04-02,21.157611846923828
2015-04-06,21.14172744750977
2015-04-07,21.157611846923828
2015-04-08,21.194660186767575
2015-04-09,21.189359664916992
2015-04-10,21.184072494506836
2015-04-13,21.168190002441406
2015-04-14,21.184072494506836
2015-04-15,21.242298126220703
2015-04-16,21.210533142089844
2015-04-17,21.13113021850586
2015-04-20,21.11526107788086
2015-04-21,21.152320861816406
2015-04-22,21.16289710998535
2015-04-23,21.194660186767575
2015-04-24,21.19994354248047
2015-04-27,21.17878532409668
2015-04-28,21.189359664916992
2015-04-29,21.157611846923828
2015-04-30,21.14172744750977
2015-05-01,21.1013126373291
2015-05-04,21.117259979248047
2015-05-05,21.032167434692383
2015-05-06,20.755643844604492
2015-05-07,20.86200714111328
2015-05-08,21.042818069458008
2015-05-11,20.90986442565918
2015-05-12,20.984310150146484
2015-05-13,21.085355758666992
2015-05-14,21.18639373779297
2015-05-15,21.181081771850582
2015-05-18,21.13321304321289
2015-05-19,21.09598922729492
2015-05-20,21.149173736572266
2015-05-21,21.18639373779297
2015-05-22,21.1970157623291
2015-05-26,21.191709518432617
2015-05-27,21.218292236328125
2015-05-28,21.207660675048828
2015-05-29,21.138526916503903
2015-06-01,21.128381729125977
2015-06-02,21.15509033203125
2015-06-03,21.123046875
2015-06-04,21.15509033203125
2015-06-05,21.08563995361328
2015-06-08,21.074960708618164
2015-06-09,21.02687644958496
2015-06-10,21.010845184326172
2015-06-11,21.0322208404541
2015-06-12,21.000164031982425
2015-06-15,21.0322208404541
2015-06-16,21.069618225097656
2015-06-17,21.02153587341309
2015-06-18,20.962778091430664
2015-06-19,20.962778091430664
2015-06-22,20.989486694335938
2015-06-23,21.00551986694336
2015-06-24,21.00551986694336
2015-06-25,21.00551986694336
2015-06-26,21.000164031982425
2015-06-29,20.887985229492188
2015-06-30,20.925378799438477
2015-07-01,20.952098846435547
2015-07-02,20.985366821289062
2015-07-06,20.94779396057129
2015-07-07,20.96389389038086
2015-07-08,20.878032684326172
2015-07-09,20.93168258666992
2015-07-10,20.969257354736328
2015-07-13,21.03366470336914
2015-07-14,21.06587791442871
2015-07-15,21.114185333251953
2015-07-16,21.205408096313477
2015-07-17,21.200050354003903
2015-07-20,21.210779190063477
2015-07-21,21.200050354003903
2015-07-22,21.141010284423828
2015-07-23,21.124908447265625
2015-07-24,21.10880470275879
2015-07-27,21.087337493896484
2015-07-28,21.157106399536133
2015-07-29,21.141010284423828
2015-07-30,21.16784286499023
2015-07-31,21.210779190063477
2015-08-03,21.221521377563477
2015-08-04,21.202638626098633
2015-08-05,21.21882438659668
2015-08-06,21.208032608032227
2015-08-07,21.19186782836914
2015-08-10,21.267358779907227
2015-08-11,21.267358779907227
2015-08-12,21.267358779907227
2015-08-13,21.25118637084961
2015-08-14,21.256574630737305
2015-08-17,21.261959075927734
2015-08-18,21.229602813720703
2015-08-19,21.18107795715332
2015-08-20,21.143325805664062
2015-08-21,21.035478591918945
2015-08-24,20.63105010986328
2015-08-25,20.76046562194824
2015-08-26,20.884496688842773
2015-08-27,21.03008270263672
2015-08-28,21.08401679992676
2015-08-31,21.05166244506836
2015-09-01,20.97746467590332
2015-09-02,21.031618118286133
2015-09-03,21.058713912963867
2015-09-04,21.047866821289062
2015-09-08,21.09119415283203
2015-09-09,21.053285598754883
2015-09-10,21.02621078491211
2015-09-11,21.042451858520508
2015-09-14,21.02621078491211
2015-09-15,20.99912452697754
2015-09-16,21.058713912963867
2015-09-17,21.096620559692383
2015-09-18,21.047866821289062
2015-09-21,21.047866821289062
2015-09-22,21.01536750793457
2015-09-23,21.01536750793457
2015-09-24,21.06412696838379
2015-09-25,21.06952857971191
2015-09-28,20.92329216003418
2015-09-29,20.836620330810547
2015-09-30,20.90703773498535
2015-10-01,20.8695125579834
2015-10-02,20.913021087646484
2015-10-05,21.054479598999023
2015-10-06,21.06536293029785
2015-10-07,21.08713150024414
2015-10-08,21.1088809967041
2015-10-09,21.103452682495117
2015-10-12,21.103452682495117
2015-10-13,21.1088809967041
2015-10-14,21.136083602905273
2015-10-15,21.195924758911133
2015-10-16,21.26665687561035
2015-10-19,21.228574752807617
2015-10-20,21.223134994506836
2015-10-21,21.261211395263672
2015-10-22,21.299299240112305
2015-10-23,21.299299240112305
2015-10-26,21.30473518371582
2015-10-27,21.30473518371582
2015-10-28,21.337385177612305
2015-10-29,21.31562614440918
2015-10-30,21.359148025512695
2015-11-02,21.43615341186523
2015-11-03,21.419761657714844
2015-11-04,21.452539443969727
2015-11-05,21.463462829589844
2015-11-06,21.294166564941406
2015-11-09,21.29961585998535
2015-11-10,21.354236602783203
2015-11-11,21.408845901489254
2015-11-12,21.354236602783203
2015-11-13,21.354236602783203
2015-11-16,21.321456909179688
2015-11-17,21.326929092407227
2015-11-18,21.326929092407227
2015-11-19,21.34330940246582
2015-11-20,21.365148544311523
2015-11-23,21.376070022583008
2015-11-24,21.43615341186523
2015-11-25,21.49077033996582
2015-11-27,21.55083465576172
2015-11-30,21.50168228149414
2015-12-01,21.546113967895508
2015-12-02,21.447399139404297
2015-12-03,21.365135192871097
2015-12-04,21.398048400878903
2015-12-07,21.3102970123291
2015-12-08,21.26643180847168
2015-12-09,21.249982833862305
2015-12-10,21.2335262298584
2015-12-11,21.10190773010254
2015-12-14,20.729013442993164
2015-12-15,20.8770751953125
2015-12-16,21.014175415039062
2015-12-17,21.10190773010254
2015-12-18,21.07449722290039
2015-12-21,21.156749725341797
2015-12-22,21.211597442626953
2015-12-23,21.3102970123291
2015-12-24,21.381080627441406
2015-12-28,21.381080627441406
2015-12-29,21.441898345947266
2015-12-30,21.497190475463867
2015-12-31,21.48060607910156
2016-01-04,21.580123901367188
2016-01-05,21.60224151611328
2016-01-06,21.552480697631836
2016-01-07,21.41425895690918
2016-01-08,21.47507667541504
2016-01-11,21.35896110534668
2016-01-12,21.342361450195312
2016-01-13,21.204139709472656
2016-01-14,21.215211868286133
2016-01-15,21.13225746154785
2016-01-19,21.10462188720703
2016-01-20,20.977455139160156
2016-01-21,21.016149520874023
2016-01-22,21.12673568725586
2016-01-25,21.032737731933594
2016-01-26,21.054851531982425
2016-01-27,21.110137939453125
2016-01-28,21.14332389831543
2016-01-29,21.270496368408203
2016-02-01,21.339920043945312
2016-02-02,21.28437614440918
2016-02-03,21.251047134399418
2016-02-04,21.17329216003418
2016-02-05,21.03998374938965
2016-02-08,20.640073776245117
2016-02-09,20.456771850585938
2016-02-10,20.58452606201172
2016-02-11,20.14017677307129
2016-02-12,20.312358856201172
2016-02-16,20.66784286499023
2016-02-17,20.9011287689209
2016-02-18,21.0011043548584
2016-02-19,21.034427642822266
2016-02-22,20.9899959564209
2016-02-23,21.017759323120117
2016-02-24,21.067758560180664
2016-02-25,21.217729568481445
2016-02-26,21.22327995300293
2016-02-29,21.28437614440918
2016-03-01,21.34970474243164
2016-03-02,21.316200256347656
2016-03-03,21.338539123535156
2016-03-04,21.34412002563477
2016-03-07,21.37761688232422
2016-03-08,21.355283737182617
2016-03-09,21.41111183166504
2016-03-10,21.41111183166504
2016-03-11,21.539533615112305
2016-03-14,21.52277183532715
2016-03-15,21.44462203979492
2016-03-16,21.50602149963379
2016-03-17,21.545106887817383
2016-03-18,21.584184646606445
2016-03-21,21.56744384765625
2016-03-22,21.617691040039062
2016-03-23,21.60651397705078
2016-03-24,21.64001846313477
2016-03-28,21.70701789855957
2016-03-29,21.74609375
2016-03-30,21.768434524536133
2016-03-31,21.790756225585938
2016-04-01,21.651622772216797
2016-04-04,21.601131439208984
2016-04-05,21.545015335083008
2016-04-06,21.545015335083008
2016-04-07,21.488920211791992
2016-04-08,21.58989906311035
2016-04-11,21.634794235229492
2016-04-12,21.674060821533203
2016-04-13,21.718936920166016
2016-04-14,21.72455406188965
2016-04-15,21.746999740600582
2016-04-18,21.746999740600582
2016-04-19,21.847990036010746
2016-04-20,21.87044334411621
2016-04-21,21.85921859741211
2016-04-22,21.898487091064453
2016-04-25,21.842382431030273
2016-04-26,21.904109954833984
2016-04-27,21.9658203125
2016-04-28,21.948986053466797
2016-04-29,21.98265266418457
2016-05-02,22.006328582763672
2016-05-03,21.94432258605957
2016-05-04,21.966869354248047
2016-05-05,21.91613006591797
2016-05-06,21.97250747680664
2016-05-09,22.034503936767575
2016-05-10,22.085248947143555
2016-05-11,22.096515655517575
2016-05-12,22.068336486816406
2016-05-13,22.113422393798828
2016-05-16,22.181066513061523
2016-05-17,22.209253311157227
2016-05-18,22.113422393798828
2016-05-19,22.079601287841797
2016-05-20,22.079601287841797
2016-05-23,22.197975158691406
2016-05-24,22.209253311157227
2016-05-25,22.24307632446289
2016-05-26,22.248708724975582
2016-05-27,22.271251678466797
2016-05-31,22.32198905944824
2016-06-01,22.35992431640625
2016-06-02,22.354265213012695
2016-06-03,22.46750831604004
2016-06-06,22.456186294555664
2016-06-07,22.43351936340332
2016-06-08,22.43351936340332
2016-06-09,22.422212600708008
2016-06-10,22.354265213012695
2016-06-13,22.303302764892575
2016-06-14,22.24102210998535
2016-06-15,22.25800323486328
2016-06-16,22.263675689697266
2016-06-17,22.354265213012695
2016-06-20,22.47316551208496
2016-06-21,22.461851119995117
2016-06-22,22.46750831604004
2016-06-23,22.50149726867676
2016-06-24,22.34859848022461
2016-06-27,22.201385498046875
2016-06-28,22.450510025024418
2016-06-29,22.507143020629883
2016-06-30,22.586410522460938
2016-07-01,22.54112434387207
2016-07-05,22.450510025024418
2016-07-06,22.486343383789062
2016-07-07,22.509096145629883
2016-07-08,22.583023071289062
2016-07-11,22.628522872924805
2016-07-12,22.70814514160156
2016-07-13,22.719512939453125
2016-07-14,22.72519874572754
2016-07-15,22.78775978088379
2016-07-18,22.776386260986328
2016-07-19,22.782079696655273
2016-07-20,22.74795150756836
2016-07-21,22.74225425720215
2016-07-22,22.78775978088379
2016-07-25,22.782079696655273
2016-07-26,22.8048152923584
2016-07-27,22.838930130004883
2016-07-28,22.844633102416992
2016-07-29,22.901498794555664
2016-08-01,22.8901309967041
2016-08-02,22.832435607910156
2016-08-03,22.82671165466309
2016-08-04,22.895263671875
2016-08-05,22.9238338470459
2016-08-08,22.975238800048828
2016-08-09,23.0095157623291
2016-08-10,22.975238800048828
2016-08-11,22.958093643188477
2016-08-12,22.929536819458008
2016-08-15,22.872419357299805
2016-08-16,22.838130950927734
2016-08-17,22.872419357299805
2016-08-18,22.88384437561035
2016-08-19,22.843843460083008
2016-08-22,22.878129959106445
2016-08-23,22.90668678283691
2016-08-24,22.872419357299805
2016-08-25,22.878129959106445
2016-08-26,22.90668678283691
2016-08-29,22.940948486328125
2016-08-30,22.929536819458008
2016-08-31,22.90668678283691
2016-09-01,22.86135482788086
2016-09-02,22.924470901489254
2016-09-06,22.953153610229492
2016-09-07,22.935935974121097
2016-09-08,22.953153610229492
2016-09-09,22.677783966064453
2016-09-12,22.752376556396484
2016-09-13,22.568777084350582
2016-09-14,22.608945846557617
2016-09-15,22.62615966796875
2016-09-16,22.574527740478516
2016-09-19,22.574527740478516
2016-09-20,22.61469078063965
2016-09-21,22.71794891357422
2016-09-22,22.838415145874023
2016-09-23,22.84988594055176
2016-09-26,22.735157012939453
2016-09-27,22.769580841064453
2016-09-28,22.82695198059082
2016-09-29,22.563053131103516
2016-09-30,22.66057777404785
2016-10-03,22.659425735473633
2016-10-04,22.596044540405273
2016-10-05,22.584531784057617
2016-10-06,22.578773498535156
2016-10-07,22.567249298095703
2016-10-10,22.601808547973633
2016-10-11,22.428972244262695
2016-10-12,22.30221366882324
2016-10-13,22.325267791748047
2016-10-14,22.3944034576416
2016-10-17,22.3944034576416
2016-10-18,22.578773498535156
2016-10-19,22.613340377807617
2016-10-20,22.62485122680664
2016-10-21,22.67670440673828
2016-10-24,22.693992614746097
2016-10-25,22.72855758666992
2016-10-26,22.659425735473633
2016-10-27,22.578773498535156
2016-10-28,22.48082160949707
2016-10-31,22.440494537353516
2016-11-01,22.405179977416992
2016-11-02,22.17365837097168
2016-11-03,22.01740264892578
2016-11-04,22.07528305053711
2016-11-07,22.133161544799805
2016-11-08,22.07528305053711
2016-11-09,21.953718185424805
2016-11-10,21.63538932800293
2016-11-11,21.61223793029785
2016-11-14,21.288108825683594
2016-11-15,21.681690216064453
2016-11-16,21.861127853393555
2016-11-17,21.693265914916992
2016-11-18,21.50804328918457
2016-11-21,21.646970748901367
2016-11-22,21.80903053283691
2016-11-23,21.756938934326172
2016-11-25,21.80324363708496
2016-11-28,21.76851463317871
2016-11-29,21.797449111938477
2016-11-30,21.693265914916992
2016-12-01,21.554838180541992
2016-12-02,21.531591415405273
2016-12-05,21.56647300720215
2016-12-06,21.607194900512695
2016-12-07,21.65371322631836
2016-12-08,21.647905349731445
2016-12-09,21.59555435180664
2016-12-12,21.49086570739746
2016-12-13,21.519941329956055
2016-12-14,21.46177864074707
2016-12-15,21.53740119934082
2016-12-16,21.58972930908203
2016-12-19,21.676992416381836
2016-12-20,21.717693328857425
2016-12-21,21.78167152404785
2016-12-22,21.824365615844727
2016-12-23,21.841907501220703
2016-12-27,21.73080062866211
2016-12-28,21.70740127563477
2016-12-29,21.71910285949707
2016-12-30,21.76004219055176
2017-01-03,21.929628372192383
2017-01-04,22.192787170410156
2017-01-05,22.175249099731445
2017-01-06,22.16354179382324
2017-01-09,22.13431167602539
2017-01-10,22.227867126464844
2017-01-11,22.3331356048584
2017-01-12,22.280508041381836
2017-01-13,22.286352157592773
2017-01-17,22.21031951904297
2017-01-18,22.22201919555664
2017-01-19,22.023183822631836
2017-01-20,22.075841903686523
2017-01-23,22.16354179382324
2017-01-24,22.2044734954834
2017-01-25,22.128446578979492
2017-01-26,22.22201919555664
2017-01-27,22.2044734954834
2017-01-30,22.21031951904297
2017-01-31,22.280508041381836
2017-02-01,22.275217056274418
2017-02-02,22.369243621826172
2017-02-03,22.42802047729492
2017-02-06,22.469165802001953
2017-02-07,22.480918884277344
2017-02-08,22.62198257446289
2017-02-09,22.58670997619629
2017-02-10,22.60434341430664
2017-02-13,22.627859115600582
2017-02-14,22.627859115600582
2017-02-15,22.657243728637695
2017-02-16,22.62198257446289
2017-02-17,22.627859115600582
2017-02-21,22.627859115600582
2017-02-22,22.63960838317871
2017-02-23,22.721885681152344
2017-02-24,22.768918991088867
2017-02-27,22.79242515563965
2017-02-28,22.74540328979492
2017-03-01,22.681011199951172
2017-03-02,22.63968086242676
2017-03-03,22.66330909729004
2017-03-06,22.66330909729004
2017-03-07,22.59242248535156
2017-03-08,22.421131134033203
2017-03-09,22.308914184570312
2017-03-10,22.385698318481445
2017-03-13,22.397520065307617
2017-03-14,22.397520065307617
2017-03-15,22.63968086242676
2017-03-16,22.681011199951172
2017-03-17,22.716461181640625
2017-03-20,22.69873809814453
2017-03-21,22.621950149536133
2017-03-22,22.63968086242676
2017-03-23,22.710552215576172
2017-03-24,22.716461181640625
2017-03-27,22.740087509155273
2017-03-28,22.787343978881836
2017-03-29,22.80504989624023
2017-03-30,22.83458709716797
2017-03-31,22.85821533203125
2017-04-03,23.00720596313477
2017-04-04,22.99534034729004
2017-04-05,22.91223907470703
2017-04-06,23.00720596313477
2017-04-07,22.977521896362305
2017-04-10,23.054697036743164
2017-04-11,23.01313591003418
2017-04-12,23.01313591003418
2017-04-13,22.98345375061035
2017-04-17,23.066564559936523
2017-04-18,23.066564559936523
2017-04-19,23.03095054626465
2017-04-20,23.060623168945312
2017-04-21,23.108104705810547
2017-04-24,23.13186264038086
2017-04-25,23.11405372619629
2017-04-26,23.13186264038086
2017-04-27,23.155597686767575
2017-04-28,23.155597686767575
2017-05-01,23.191219329833984
2017-05-02,23.200166702270508
2017-05-03,23.22402572631836
2017-05-04,23.158409118652344
2017-05-05,23.206127166748047
2017-05-08,23.21803855895996
2017-05-09,23.176305770874023
2017-05-10,23.18822479248047
2017-05-11,23.146472930908203
2017-05-12,23.19419288635254
2017-05-15,23.212093353271484
2017-05-16,23.22402572631836
2017-05-17,23.15245819091797
2017-05-18,23.104745864868164
2017-05-19,23.110694885253903
2017-05-22,23.19419288635254
2017-05-23,23.22402572631836
2017-05-24,23.229978561401367
2017-05-25,23.247867584228516
2017-05-26,23.307514190673828
2017-05-30,23.253841400146484
2017-05-31,23.28365707397461
2017-06-01,23.29024124145508
2017-06-02,23.35616111755371
2017-06-05,23.308225631713867
2017-06-06,23.284257888793945
2017-06-07,23.254297256469727
2017-06-08,23.296241760253903
2017-06-09,23.2423152923584
2017-06-12,23.266284942626953
2017-06-13,23.32020568847656
2017-06-14,23.332189559936523
2017-06-15,23.350175857543945
2017-06-16,23.35616111755371
2017-06-19,23.416080474853516
2017-06-20,23.386119842529297
2017-06-21,23.374134063720703
2017-06-22,23.42806053161621
2017-06-23,23.45802116394043
2017-06-26,23.499956130981445
2017-06-27,23.446027755737305
2017-06-28,23.487977981567383
2017-06-29,23.41008949279785
2017-06-30,23.470008850097656
2017-07-03,23.434053421020508
2017-07-05,23.535907745361328
2017-07-06,23.46308135986328
2017-07-07,23.48113441467285
2017-07-10,23.511234283447266
2017-07-11,23.46910858154297
2017-07-12,23.517253875732425
2017-07-13,23.47511100769043
2017-07-14,23.511234283447266
2017-07-17,23.50521469116211
2017-07-18,23.553369522094727
2017-07-19,23.58346176147461
2017-07-20,23.58949279785156
2017-07-21,23.655702590942383
2017-07-24,23.64365577697754
2017-07-25,23.559389114379883
2017-07-26,23.61958885192871
2017-07-27,23.58346176147461
2017-07-28,23.63762855529785
2017-07-31,23.6256103515625
2017-08-01,23.702377319335938
2017-08-02,23.67216110229492
2017-08-03,23.67216110229492
2017-08-04,23.647972106933594
2017-08-07,23.67216110229492
2017-08-08,23.59960174560547
2017-08-09,23.56332015991211
2017-08-10,23.35169792175293
2017-08-11,23.35772705078125
2017-08-14,23.478668212890625
2017-08-15,23.51494407653809
2017-08-16,23.53308868408203
2017-08-17,23.430280685424805
2017-08-18,23.44239616394043
2017-08-21,23.424251556396484
2017-08-22,23.448436737060547
2017-08-23,23.454486846923828
2017-08-24,23.48471450805664
2017-08-25,23.490758895874023
2017-08-28,23.51494407653809
2017-08-29,23.490758895874023
2017-08-30,23.520992279052734
2017-08-31,23.61169052124023
2017-09-01,23.5855712890625
2017-09-05,23.579496383666992
2017-09-06,23.628093719482425
2017-09-07,23.59164810180664
2017-09-08,23.543052673339844
2017-09-11,23.615938186645508
2017-09-12,23.646318435668945
2017-09-13,23.597715377807617
2017-09-14,23.609872817993164
2017-09-15,23.63415145874023
2017-09-18,23.62201499938965
2017-09-19,23.603797912597656
2017-09-20,23.59164810180664
2017-09-21,23.5855712890625
2017-09-22,23.561281204223633
2017-09-25,23.609872817993164
2017-09-26,23.603797912597656
2017-09-27,23.567359924316406
2017-09-28,23.567359924316406
2017-09-29,23.57343292236328
2017-10-02,23.509361267089844
2017-10-03,23.50326156616211
2017-10-04,23.49716567993164
2017-10-05,23.478858947753903
2017-10-06,23.37511825561523
2017-10-09,23.38123321533203
2017-10-10,23.43004035949707
2017-10-11,23.43614387512207
2017-10-12,23.49716567993164
2017-10-13,23.521554946899418
2017-10-16,23.484941482543945
2017-10-17,23.478858947753903
2017-10-18,23.46056365966797
2017-10-19,23.49105453491211
2017-10-20,23.545970916748047
2017-10-23,23.55816650390625
2017-10-24,23.545970916748047
2017-10-25,23.44224739074707
2017-10-26,23.43614387512207
2017-10-27,23.49716567993164
2017-10-30,23.43614387512207
2017-10-31,23.484941482543945
2017-11-01,23.473302841186523
2017-11-02,23.479427337646484
2017-11-03,23.485567092895508
2017-11-06,23.44264030456543
2017-11-07,23.461040496826172
2017-11-08,23.503963470458984
2017-11-09,23.46717643737793
2017-11-10,23.418123245239254
2017-11-13,23.43038558959961
2017-11-14,23.399715423583984
2017-11-15,23.405845642089844
2017-11-16,23.461040496826172
2017-11-17,23.534629821777344
2017-11-20,23.62047004699707
2017-11-21,23.632736206054688
2017-11-22,23.6756591796875
2017-11-24,23.694053649902344
2017-11-27,23.7001953125
2017-11-28,23.6756591796875
2017-11-29,23.63886070251465
2017-11-30,23.645000457763672
2017-12-01,23.701698303222656
2017-12-04,23.683197021484375
2017-12-05,23.683197021484375
2017-12-06,23.701698303222656
2017-12-07,23.750995635986328
2017-12-08,23.750995635986328
2017-12-11,23.73251724243164
2017-12-12,23.64623260498047
2017-12-13,23.578439712524418
2017-12-14,23.56611442565918
2017-12-15,23.65239715576172
2017-12-18,23.621583938598633
2017-12-19,23.603097915649418
2017-12-20,23.58460998535156
2017-12-21,23.596357345581055
2017-12-22,23.54690742492676
2017-12-26,23.522201538085938
2017-12-27,23.559280395507812
2017-12-28,23.52837562561035
2017-12-29,23.522201538085938
2018-01-02,23.3924503326416
2018-01-03,23.43569564819336
2018-01-04,23.4542236328125
2018-01-05,23.460412979125977
2018-01-08,23.50365447998047
2018-01-09,23.565448760986328
2018-01-10,23.522201538085938
2018-01-11,23.596357345581055
2018-01-12,23.55309295654297
2018-01-16,23.49129867553711
2018-01-17,23.441883087158203
2018-01-18,23.355371475219727
2018-01-19,23.44806671142578
2018-01-22,23.441883087158203
2018-01-23,23.50365447998047
2018-01-24,23.472776412963867
2018-01-25,23.460412979125977
2018-01-26,23.417158126831055
2018-01-29,23.21944046020508
2018-01-30,23.120594024658203
2018-01-31,23.24416160583496
2018-02-01,23.119335174560547
2018-02-02,22.9578857421875
2018-02-05,22.914417266845703
2018-02-06,22.9578857421875
2018-02-07,23.007558822631836
2018-02-08,22.846118927001953
2018-02-09,22.877159118652344
2018-02-12,22.939239501953125
2018-02-13,22.933042526245117
2018-02-14,22.889585494995117
2018-02-15,22.939239501953125
2018-02-16,23.026195526123047
2018-02-20,23.03862190246582
2018-02-21,23.04482650756836
2018-02-22,23.088287353515625
2018-02-23,23.162813186645508
2018-02-26,23.249744415283203
2018-02-27,23.274580001831055
2018-02-28,23.30564308166504
2018-03-01,23.28193092346191
2018-03-02,23.250728607177734
2018-03-05,23.344316482543945
2018-03-06,23.400466918945312
2018-03-07,23.437894821166992
2018-03-08,23.45035743713379
2018-03-09,23.43165397644043
2018-03-12,23.419172286987305
2018-03-13,23.456602096557617
2018-03-14,23.469087600708008
2018-03-15,23.49403381347656
2018-03-16,23.50027847290039
2018-03-19,23.47532081604004
2018-03-20,23.406694412231445
2018-03-21,23.45035743713379
2018-03-22,23.375505447387695
2018-03-23,23.35055351257324
2018-03-26,23.35055351257324
2018-03-27,23.33183860778809
2018-03-28,23.387983322143555
2018-03-29,23.43165397644043
2018-04-02,23.36021614074707
2018-04-03,23.272499084472656
2018-04-04,23.278772354125977
2018-04-05,23.335161209106445
2018-04-06,23.310087203979492
2018-04-09,23.335161209106445
2018-04-10,23.37274932861328
2018-04-11,23.37274932861328
2018-04-12,23.341421127319336
2018-04-13,23.291284561157227
2018-04-16,23.335161209106445
2018-04-17,23.37274932861328
2018-04-18,23.39781188964844
2018-04-19,23.379009246826172
2018-04-20,23.36648178100586
2018-04-23,23.341421127319336
2018-04-24,23.291284561157227
2018-04-25,23.19729232788086
2018-04-26,23.216094970703125
2018-04-27,23.24742889404297
2018-04-30,23.2662296295166
2018-05-01,23.27882194519043
2018-05-02,23.253631591796875
2018-05-03,23.27882194519043
2018-05-04,23.291414260864254
2018-05-07,23.329185485839844
2018-05-08,23.27882194519043
2018-05-09,23.27882194519043
2018-05-10,23.31660270690918
2018-05-11,23.33548164367676
2018-05-14,23.35438537597656
2018-05-15,23.241037368774418
2018-05-16,23.259925842285156
2018-05-17,23.253631591796875
2018-05-18,23.27252960205078
2018-05-21,23.259925842285156
2018-05-22,23.266233444213867
2018-05-23,23.31660270690918
2018-05-24,23.392173767089844
2018-05-25,23.398448944091797
2018-05-29,23.43624687194824
2018-05-30,23.45512580871582
2018-05-31,23.45512580871582
2018-06-01,23.539941787719727
2018-06-04,23.62222671508789
2018-06-05,23.672866821289062
2018-06-06,23.698192596435547
2018-06-07,23.729835510253903
2018-06-08,23.74250030517578
2018-06-11,23.748817443847656
2018-06-12,23.729835510253903
2018-06-13,23.698192596435547
2018-06-14,23.755146026611328
2018-06-15,23.78680419921875
2018-06-18,23.761484146118164
2018-06-19,23.78680419921875
2018-06-20,23.755146026611328
2018-06-21,23.74250030517578
2018-06-22,23.78047752380371
2018-06-25,23.755146026611328
2018-06-26,23.78680419921875
2018-06-27,23.767812728881836
2018-06-28,23.81211853027344
2018-06-29,23.86909294128418
2018-07-02,23.995689392089844
2018-07-03,24.06820297241211
2018-07-05,24.12545585632324
2018-07-06,24.176362991333008
2018-07-09,24.157276153564453
2018-07-10,24.170011520385746
2018-07-11,24.10002326965332
2018-07-12,24.10002326965332
2018-07-13,23.96640968322754
2018-07-16,23.921865463256836
2018-07-17,23.883705139160156
2018-07-18,23.864622116088867
2018-07-19,23.94732666015625
2018-07-20,24.01094436645508
2018-07-23,23.979135513305664
2018-07-24,23.985492706298828
2018-07-25,24.02367401123047
2018-07-26,24.01730728149414
2018-07-27,23.921865463256836
2018-07-30,23.90279769897461
2018-07-31,23.915515899658203
2018-08-01,23.874603271484375
2018-08-02,23.887392044067383
2018-08-03,23.951318740844727
2018-08-06,23.964088439941406
2018-08-07,23.95771026611328
2018-08-08,23.93853187561035
2018-08-09,23.887392044067383
2018-08-10,23.868213653564453
2018-08-13,23.85542678833008
2018-08-14,23.906558990478516
2018-08-15,23.893789291381836
2018-08-16,23.951318740844727
2018-08-17,24.008848190307617
2018-08-20,24.059972763061523
2018-08-21,24.085548400878903
2018-08-22,24.059972763061523
2018-08-23,24.040796279907227
2018-08-24,24.136682510375977
2018-08-27,24.136682510375977
2018-08-28,24.18782615661621
2018-08-29,24.232568740844727
2018-08-30,24.18143844604492
2018-08-31,24.25174331665039
2018-09-04,24.07264709472656
2018-09-05,23.96351432800293
2018-09-06,23.937816619873047
2018-09-07,23.815868377685547
2018-09-10,23.892902374267575
2018-09-11,23.9185733795166
2018-09-12,23.94424819946289
2018-09-13,23.925003051757812
2018-09-14,23.969932556152344
2018-09-17,23.91214942932129
2018-09-18,23.886476516723633
2018-09-19,23.80303001403809
2018-09-20,23.815868377685547
2018-09-21,23.847963333129883
2018-09-24,23.822282791137695
2018-09-25,23.78376007080078
2018-09-26,23.764503479003903
2018-09-27,23.790191650390625
2018-09-28,23.83513069152832
2018-10-01,23.64751434326172
2018-10-02,23.58304977416992
2018-10-03,23.428321838378903
2018-10-04,23.241355895996097
2018-10-05,23.241355895996097
2018-10-08,23.280044555664062
2018-10-09,23.3509578704834
2018-10-10,23.17044448852539
2018-10-11,23.151103973388672
2018-10-12,23.112415313720703
2018-10-15,23.151103973388672
2018-10-16,23.196224212646484
2018-10-17,23.20912742614746
2018-10-18,23.26069450378418
2018-10-19,23.344512939453125
2018-10-22,23.36385154724121
2018-10-23,23.29293441772461
2018-10-24,23.20912742614746
2018-10-25,23.3509578704834
2018-10-26,23.273590087890625
2018-10-29,23.29293441772461
2018-10-30,23.280044555664062
2018-10-31,23.299381256103516
2018-11-01,23.322694778442383
2018-11-02,23.238508224487305
2018-11-05,23.238508224487305
2018-11-06,23.30327415466309
2018-11-07,23.355070114135746
2018-11-08,23.374488830566406
2018-11-09,23.380971908569336
2018-11-12,23.27090072631836
2018-11-13,23.251468658447266
2018-11-14,23.19318962097168
2018-11-15,23.1025447845459
2018-11-16,23.15434837341309
2018-11-19,23.01836395263672
2018-11-20,22.837064743041992
2018-11-21,22.960092544555664
2018-11-23,22.901824951171875
2018-11-26,22.895347595214844
2018-11-27,22.85649871826172
2018-11-28,22.88239097595215
2018-11-29,22.824119567871097
2018-11-30,22.778804779052734
2018-12-03,22.776195526123047
2018-12-04,22.67863655090332
2018-12-06,22.57457160949707
2018-12-07,22.600597381591797
2018-12-10,22.600597381591797
2018-12-11,22.63961601257324
2018-12-12,22.600597381591797
2018-12-13,22.535554885864254
2018-12-14,22.477020263671875
2018-12-17,22.346942901611328
2018-12-18,22.28666114807129
2018-12-19,22.253894805908203
2018-12-20,22.12283515930176
2018-12-21,22.031091690063477
2018-12-24,21.893484115600582
2018-12-26,22.031091690063477
2018-12-27,21.99833297729492
2018-12-28,22.214582443237305
2018-12-31,22.430822372436523
2019-01-02,22.6405086517334
2019-01-03,22.679841995239254
2019-01-04,22.922304153442383
2019-01-07,22.994382858276367
2019-01-08,23.05334854125977
2019-01-09,23.007497787475582
2019-01-10,23.079578399658203
2019-01-11,23.171310424804688
2019-01-14,23.158206939697266
2019-01-15,23.171310424804688
2019-01-16,23.151660919189453
2019-01-17,23.217182159423828
2019-01-18,23.26304817199707
2019-01-22,23.217182159423828
2019-01-23,23.24995231628418
2019-01-24,23.37445640563965
2019-01-25,23.453096389770508
2019-01-28,23.43998336791992
2019-01-29,23.479297637939453
2019-01-30,23.656234741210938
2019-01-31,23.695560455322266
2019-02-01,23.602718353271484
2019-02-04,23.60930633544922
2019-02-05,23.60930633544922
2019-02-06,23.556625366210938
2019-02-07,23.424959182739254
2019-02-08,23.47104835510254
2019-02-11,23.477622985839844
2019-02-12,23.648813247680664
2019-02-13,23.69489860534668
2019-02-14,23.67513656616211
2019-02-15,23.800220489501953
2019-02-19,23.819974899291992
2019-02-20,23.826560974121097
2019-02-21,23.79364967346191
2019-02-22,23.84631729125977
2019-02-25,23.85948181152344
2019-02-26,23.800220489501953
2019-02-27,23.833158493041992
2019-02-28,23.833158493041992
2019-03-01,24.010461807250977
2019-03-04,24.010461807250977
2019-03-05,24.017074584960938
2019-03-06,24.083240509033203
2019-03-07,23.9840030670166
2019-03-08,24.043542861938477
2019-03-11,24.06338882446289
2019-03-12,24.1163272857666
2019-03-13,24.18248748779297
2019-03-14,24.195709228515625
2019-03-15,24.235427856445312
2019-03-18,24.21556854248047
2019-03-19,24.1163272857666
2019-03-20,24.096473693847656
2019-03-21,24.156030654907227
2019-03-22,24.076623916625977
2019-03-25,24.03693962097168
2019-03-26,24.103090286254883
2019-03-27,24.043542861938477
2019-03-28,24.083240509033203
2019-03-29,24.18248748779297
2019-04-01,24.32877540588379
2019-04-02,24.36201286315918
2019-04-03,24.395248413085938
2019-04-04,24.435157775878903
2019-04-05,24.47504615783691
2019-04-08,24.40189552307129
2019-04-09,24.335412979125977
2019-04-10,24.36865997314453
2019-04-11,24.388608932495117
2019-04-12,24.388608932495117
2019-04-15,24.40189552307129
2019-04-16,24.40189552307129
2019-04-17,24.34872055053711
2019-04-18,24.30217170715332
2019-04-22,24.308822631835938
2019-04-23,24.36201286315918
2019-04-24,24.3819522857666
2019-04-25,24.308822631835938
2019-04-26,24.322114944458008
2019-04-29,24.34206771850586
2019-04-30,24.34872055053711
2019-05-01,24.40189552307129
2019-05-02,24.343116760253903
2019-05-03,24.376522064208984
2019-05-06,24.383201599121097
2019-05-07,24.28299903869629
2019-05-08,24.29635238647461
2019-05-09,24.289682388305664
2019-05-10,24.343116760253903
2019-05-13,24.22956085205078
2019-05-14,24.369848251342773
2019-05-15,24.443334579467773
2019-05-16,24.46337127685547
2019-05-17,24.396562576293945
2019-05-20,24.309715270996097
2019-05-21,24.403242111206055
2019-05-22,24.4366397857666
2019-05-23,24.396562576293945
2019-05-24,24.456689834594727
2019-05-28,24.42995834350586
2019-05-29,24.450000762939453
2019-05-30,24.4834041595459
2019-05-31,24.4099178314209
2019-06-03,24.40791130065918
2019-06-04,24.521987915039062
2019-06-05,24.555553436279297
2019-06-06,24.555553436279297
2019-06-07,24.642799377441406
2019-06-10,24.649507522583008
2019-06-11,24.602521896362305
2019-06-12,24.61594009399414
2019-06-13,24.67633628845215
2019-06-14,24.709901809692383
2019-06-17,24.756866455078125
2019-06-18,24.80385398864746
2019-06-19,24.850833892822266
2019-06-20,24.891096115112305
2019-06-21,24.80385398864746
2019-06-24,24.78373146057129
2019-06-25,24.736757278442383
2019-06-26,24.703195571899418
2019-06-27,24.716623306274418
2019-06-28,24.73004150390625
2019-07-01,24.743446350097656
2019-07-02,24.86545753479004
2019-07-03,24.912641525268555
2019-07-05,24.8385009765625
2019-07-08,24.784564971923828
2019-07-09,24.784564971923828
2019-07-10,24.872201919555664
2019-07-11,24.87894058227539
2019-07-12,24.939605712890625
2019-07-15,24.95982360839844
2019-07-16,24.95308494567871
2019-07-17,25.04071617126465
2019-07-18,25.074419021606445
2019-07-19,25.06766700744629
2019-07-22,25.074419021606445
2019-07-23,25.108104705810547
2019-07-24,25.195743560791016
2019-07-25,25.11485481262207
2019-07-26,25.155302047729492
2019-07-29,25.215961456298828
2019-07-30,25.175521850585938
2019-07-31,25.175521850585938
2019-08-01,25.192455291748047
2019-08-02,25.219518661499023
2019-08-05,24.969032287597656
2019-08-06,25.063810348510746
2019-08-07,24.982566833496097
2019-08-08,25.070575714111328
2019-08-09,25.09088897705078
2019-08-12,25.070575714111328
2019-08-13,25.192455291748047
2019-08-14,25.158594131469727
2019-08-15,25.26014518737793
2019-08-16,25.219518661499023
2019-08-19,25.25336647033691
2019-08-20,25.280458450317383
2019-08-21,25.354936599731445
2019-08-22,25.375246047973633
2019-08-23,25.266923904418945
2019-08-26,25.280458450317383
2019-08-27,25.300771713256836
2019-08-28,25.327857971191406
2019-08-29,25.314311981201172
2019-08-30,25.327857971191406
2019-09-03,25.334657669067383
2019-09-04,25.402650833129883
2019-09-05,25.416248321533203
2019-09-06,25.463842391967773
2019-09-09,25.39584732055664
2019-09-10,25.273460388183594
2019-09-11,25.259855270385746
2019-09-12,25.3006591796875
2019-09-13,25.0966854095459
2019-09-16,25.191864013671875
2019-09-17,25.273460388183594
2019-09-18,25.34145736694336
2019-09-19,25.375442504882812
2019-09-20,25.436643600463867
2019-09-23,25.491037368774418
2019-09-24,25.457035064697266
2019-09-25,25.44344139099121
2019-09-26,25.470645904541016
2019-09-27,25.436643600463867
2019-09-30,25.518238067626953
2019-10-01,25.483413696289062
2019-10-02,25.38099479675293
2019-10-03,25.42194938659668
2019-10-04,25.46293067932129
2019-10-07,25.442445755004883
2019-10-08,25.37415885925293
2019-10-09,25.428787231445312
2019-10-10,25.46293067932129
2019-10-11,25.510732650756836
2019-10-14,25.59948348999023
2019-10-15,25.59948348999023
2019-10-16,25.64729118347168
2019-10-17,25.667783737182617
2019-10-18,25.640459060668945
2019-10-21,25.626808166503903
2019-10-22,25.674606323242188
2019-10-23,25.729230880737305
2019-10-24,25.722408294677734
2019-10-25,25.70875358581543
2019-10-28,25.633644104003903
2019-10-29,25.60631942749023
2019-10-30,25.64729118347168
2019-10-31,25.626808166503903
2019-11-01,25.617212295532227
2019-11-04,25.64463996887207
2019-11-05,25.54861640930176
2019-11-06,25.589784622192383
2019-11-07,25.397727966308594
2019-11-08,25.404590606689453
2019-11-11,25.349721908569336
2019-11-12,25.425159454345703
2019-11-13,25.55548667907715
2019-11-14,25.56919860839844
2019-11-15,25.596630096435547
2019-11-18,25.55548667907715
2019-11-19,25.534896850585938
2019-11-20,25.54861640930176
2019-11-21,25.534896850585938
2019-11-22,25.50747299194336
2019-11-25,25.55548667907715
2019-11-26,25.603496551513672
2019-11-27,25.589784622192383
2019-11-29,25.51432228088379
2019-12-02,25.351743698120117
2019-12-03,25.331077575683594
2019-12-04,25.365524291992188
2019-12-05,25.365524291992188
2019-12-06,25.393091201782227
2019-12-09,25.40685272216797
2019-12-10,25.45507049560547
2019-12-11,25.544641494750977
2019-12-12,25.55841827392578
2019-12-13,25.654863357543945
2019-12-16,25.744415283203125
2019-12-17,25.820192337036133
2019-12-18,25.847749710083008
2019-12-19,25.871976852416992
2019-12-20,25.899641036987305
2019-12-23,25.941144943237305
2019-12-24,25.95497703552246
2019-12-26,25.98956871032715
2019-12-27,25.94806671142578
2019-12-30,25.899641036987305
2019-12-31,26.003398895263672
2020-01-02,26.155601501464844
2020-01-03,26.210922241210938
2020-01-06,26.190181732177734
2020-01-07,26.155601501464844
2020-01-08,26.18325424194336
2020-01-09,26.19709014892578
2020-01-10,26.231678009033203
2020-01-13,26.266281127929688
2020-01-14,26.273191452026367
2020-01-15,26.273191452026367
2020-01-16,26.293935775756836
2020-01-17,26.335453033447266
2020-01-21,26.335453033447266
2020-01-22,26.321611404418945
2020-01-23,26.321611404418945
2020-01-24,26.321611404418945
2020-01-27,26.252443313598633
2020-01-28,26.328536987304688
2020-01-29,26.383880615234375
2020-01-30,26.44612693786621
2020-01-31,26.397705078125
2020-02-03,26.397708892822266
2020-02-04,26.43939208984375
2020-02-05,26.508859634399418
2020-02-06,26.50191879272461
2020-02-07,26.47411346435547
2020-02-10,26.536645889282227
2020-02-11,26.59915542602539
2020-02-12,26.557470321655273
2020-02-13,26.536645889282227
2020-02-14,26.578330993652344
2020-02-18,26.564441680908203
2020-02-19,26.446327209472656
2020-02-20,26.508859634399418
2020-02-21,26.432435989379883
2020-02-24,26.092044830322266
2020-02-25,25.779449462890625
2020-02-26,25.800289154052734
2020-02-27,25.46684837341309
2020-02-28,25.216758728027344
2020-03-02,25.60052490234375
2020-03-03,25.57959747314453
2020-03-04,25.98429298400879
2020-03-05,25.712169647216797
2020-03-06,25.370264053344727
2020-03-09,24.421321868896484
2020-03-10,24.68646812438965
2020-03-11,24.27480125427246
2020-03-12,21.86754608154297
2020-03-13,23.360736846923828
2020-03-16,21.030242919921875
2020-03-17,21.10700035095215
2020-03-18,17.52754020690918
2020-03-19,18.98583984375
2020-03-20,19.36261558532715
2020-03-23,18.288084030151367
2020-03-24,19.739408493041992
2020-03-25,21.19072723388672
2020-03-26,22.593212127685547
2020-03-27,21.958255767822266
2020-03-30,22.188512802124023
2020-03-31,22.216419219970703
2020-04-01,21.117074966430664
2020-04-02,21.25037002563477
2020-04-03,21.053939819335938
2020-04-06,21.699377059936523
2020-04-07,22.309736251831055
2020-04-08,22.955167770385746
2020-04-09,23.832136154174805
2020-04-13,23.57956886291504
2020-04-14,23.733909606933594
2020-04-15,23.50239944458008
2020-04-16,23.46730613708496
2020-04-17,23.754953384399418
2020-04-20,23.64270782470703
2020-04-21,23.27788734436035
2020-04-22,23.481348037719727
2020-04-23,23.64270782470703
2020-04-24,23.860191345214844
2020-04-27,23.923336029052734
2020-04-28,23.93035125732422
2020-04-29,24.30920028686523
2020-04-30,24.30920028686523
2020-05-01,23.94257926940918
2020-05-04,23.963735580444336
2020-05-05,23.963735580444336
2020-05-06,23.872074127197266
2020-05-07,24.00602912902832
2020-05-08,24.154075622558594
2020-05-11,24.14703369140625
2020-05-12,24.041282653808594
2020-05-13,23.724021911621097
2020-05-14,23.65352249145508
2020-05-15,23.575965881347656
2020-05-18,23.91437530517578
2020-05-19,23.928489685058594
2020-05-20,24.048328399658203
2020-05-21,24.083585739135746
2020-05-22,24.203433990478516
2020-05-26,24.414945602416992
2020-05-27,24.562999725341797
2020-05-28,24.63349723815918
2020-05-29,24.774507522583008
2020-06-01,24.79505157470703
2020-06-02,24.89423179626465
2020-06-03,24.993404388427734
2020-06-04,25.007585525512695
2020-06-05,25.227184295654297
2020-06-08,25.40428924560547
2020-06-09,25.28386688232422
2020-06-10,25.213029861450195
2020-06-11,24.419572830200195
2020-06-12,24.3699893951416
2020-06-15,24.532930374145508
2020-06-16,24.79505157470703
2020-06-17,24.82339859008789
2020-06-18,24.766712188720703
2020-06-19,24.816307067871097
2020-06-22,24.70294952392578
2020-06-23,24.72420310974121
2020-06-24,24.5825252532959
2020-06-25,24.547101974487305
2020-06-26,24.419572830200195
2020-06-29,24.447912216186523
2020-06-30,24.540023803710938
2020-07-01,24.587711334228516
2020-07-02,24.708724975585938
2020-07-06,24.715845108032227
2020-07-07,24.6873722076416
2020-07-08,24.772796630859375
2020-07-09,24.765684127807617
2020-07-10,24.836856842041016
2020-07-13,24.6873722076416
2020-07-14,24.70160865783691
2020-07-15,24.89380645751953
2020-07-16,25.03618049621582
2020-07-17,25.14295959472656
2020-07-20,25.178564071655273
2020-07-21,25.29245376586914
2020-07-22,25.36363983154297
2020-07-23,25.406354904174805
2020-07-24,25.420576095581055
2020-07-27,25.484657287597656
2020-07-28,25.49889755249023
2020-07-29,25.7053279876709
2020-07-30,25.66974639892578
2020-07-31,25.75516128540039
2020-08-03,25.74300765991211
2020-08-04,25.700096130371097
2020-08-05,25.80735969543457
2020-08-06,25.72156143188477
2020-08-07,25.77161407470703
2020-08-10,25.86457061767578
2020-08-11,25.835966110229492
2020-08-12,26.02903938293457
2020-08-13,26.021888732910156
2020-08-14,26.00758934020996
2020-08-17,26.09339904785156
2020-08-18,26.143455505371097
2020-08-19,26.172060012817383
2020-08-20,26.15060043334961
2020-08-21,26.12200164794922
2020-08-24,26.236413955688477
2020-08-25,26.236413955688477
2020-08-26,26.243568420410156
2020-08-27,26.236413955688477
2020-08-28,26.236413955688477
2020-08-31,26.243568420410156
2020-09-01,26.22920608520508
2020-09-02,26.315385818481445
2020-09-03,26.042463302612305
2020-09-04,26.02810859680176
2020-09-08,25.827003479003903
2020-09-09,26.04964828491211
2020-09-10,26.04964828491211
2020-09-11,26.020923614501953
2020-09-14,26.19329071044922
2020-09-15,26.301023483276367
2020-09-16,26.344118118286133
2020-09-17,26.19329071044922
2020-09-18,26.17174530029297
2020-09-21,25.98500061035156
2020-09-22,26.020923614501953
2020-09-23,25.697725296020508
2020-09-24,25.683351516723633
2020-09-25,26.013734817504883
2020-09-28,26.250747680664062
2020-09-29,26.22201156616211
2020-09-30,26.178926467895508
2020-10-01,26.34266471862793
2020-10-02,26.349872589111328
2020-10-05,26.508569717407227
2020-10-06,26.530210494995117
2020-10-07,26.645627975463867
2020-10-08,26.69611167907715
2020-10-09,26.71776008605957
2020-10-12,26.75381851196289
2020-10-13,26.681699752807617
2020-10-14,26.61676597595215
2020-10-15,26.623985290527344
2020-10-16,26.530210494995117
2020-10-19,26.407581329345703
2020-10-20,26.57349395751953
2020-10-21,26.36431121826172
2020-10-22,26.57349395751953
2020-10-23,26.73939514160156
2020-10-26,26.508569717407227
2020-10-27,26.52299118041992
2020-10-28,26.06134605407715
2020-10-29,26.133487701416016
2020-10-30,26.12627220153809
2020-11-02,26.287073135375977
2020-11-03,26.424715042114254
2020-11-04,26.60580062866211
2020-11-05,26.68548011779785
2020-11-06,26.576824188232425
2020-11-09,26.996957778930664
2020-11-10,26.931764602661133
2020-11-11,27.004196166992188
2020-11-12,26.917274475097656
2020-11-13,27.011449813842773
2020-11-16,27.322917938232425
2020-11-17,27.2939395904541
2020-11-18,27.19252586364746
2020-11-19,27.235992431640625
2020-11-20,27.207012176513672
2020-11-23,27.2939395904541
2020-11-24,27.3591251373291
2020-11-25,27.344661712646484
2020-11-27,27.39535140991211
2020-11-30,27.330154418945312
2020-12-01,27.386890411376953
2020-12-02,27.415969848632812
2020-12-03,27.48869514465332
2020-12-04,27.51778221130371
2020-12-07,27.583223342895508
2020-12-08,27.626855850219727
2020-12-09,27.597776412963867
2020-12-10,27.539596557617188
2020-12-11,27.55413055419922
2020-12-14,27.59050178527832
2020-12-15,27.728675842285156
2020-12-16,27.765033721923828
2020-12-17,27.85316467285156
2020-12-18,27.816749572753903
2020-12-21,27.809459686279297
2020-12-22,27.72206687927246
2020-12-23,27.736631393432617
2020-12-24,27.831308364868164
2020-12-28,27.816749572753903
2020-12-29,27.802181243896484
2020-12-30,27.92600440979004
2020-12-31,28.04982566833496
2021-01-04,27.78032112121582
2021-01-05,27.91143798828125
2021-01-06,27.729351043701172
2021-01-07,27.656513214111328
2021-01-08,27.656513214111328
2021-01-11,27.4598388671875
2021-01-12,27.3942928314209
2021-01-13,27.794897079467773
2021-01-14,27.802181243896484
2021-01-15,27.729351043701172
2021-01-19,27.896873474121097
2021-01-20,28.01339340209961
2021-01-21,27.904142379760746
2021-01-22,27.955142974853516
2021-01-25,27.882293701171875
2021-01-26,27.809459686279297
2021-01-27,27.423429489135746
2021-01-28,27.678356170654297
2021-01-29,27.569103240966797
2021-02-01,27.722667694091797
2021-02-02,27.82503890991211
2021-02-03,27.722667694091797
2021-02-04,27.79578971862793
2021-02-05,27.861610412597656
2021-02-08,27.89085578918457
2021-02-09,27.91279411315918
2021-02-10,27.898183822631836
2021-02-11,27.832365036010746
2021-02-12,27.751916885375977
2021-02-16,27.61296844482422
2021-02-17,27.598350524902344
2021-02-18,27.598350524902344
2021-02-19,27.56179428100586
2021-02-22,27.444787979125977
2021-02-23,27.422842025756836
2021-02-24,27.38627052307129
2021-02-25,27.166900634765625
2021-02-26,27.327775955200195
2021-03-01,27.44525718688965
2021-03-02,27.562732696533203
2021-03-03,27.577417373657227
2021-03-04,27.357139587402344
2021-03-05,27.62879943847656
2021-03-08,27.54804229736328
2021-03-09,27.731599807739254
2021-03-10,27.782997131347656
2021-03-11,27.95921516418457
2021-03-12,27.871097564697266
2021-03-15,28.0106201171875
2021-03-16,28.054664611816406
2021-03-17,28.00325584411621
2021-03-18,27.66552734375
2021-03-19,27.834383010864254
2021-03-22,27.90045738220215
2021-03-23,27.885787963867188
2021-03-24,27.973894119262695
2021-03-25,27.966550827026367
2021-03-26,28.084020614624023
2021-03-29,28.00325584411621
2021-03-30,28.061994552612305
2021-03-31,28.19414710998535
2021-04-01,28.30547332763672
2021-04-05,28.43815040588379
2021-04-06,28.46026039123535
2021-04-07,28.467639923095703
2021-04-08,28.49711799621582
2021-04-09,28.504480361938477
2021-04-12,28.475008010864254
2021-04-13,28.563467025756836
2021-04-14,28.511852264404297
2021-04-15,28.64454460144043
2021-04-16,28.65190696716309
2021-04-19,28.541343688964844
2021-04-20,28.46026039123535
2021-04-21,28.585573196411133
2021-04-22,28.57083320617676
2021-04-23,28.681398391723633
2021-04-26,28.747743606567383
2021-04-27,28.66664695739746
2021-04-28,28.659292221069336
2021-04-29,28.57083320617676
2021-04-30,28.526601791381836
2021-05-03,28.597654342651367
2021-05-04,28.54584503173828
2021-05-05,28.50143241882324
2021-05-06,28.494037628173828
2021-05-07,28.68646240234375
2021-05-10,28.553247451782227
2021-05-11,28.368223190307617
2021-05-12,28.09438705444336
2021-05-13,28.175796508789062
2021-05-14,28.35342025756836
2021-05-17,28.331205368041992
2021-05-18,28.360815048217773
2021-05-19,28.301626205444336
2021-05-20,28.50143241882324
2021-05-21,28.50143241882324
2021-05-24,28.60504722595215
2021-05-25,28.51624298095703
2021-05-26,28.51624298095703
2021-05-27,28.590251922607425
2021-05-28,28.75306701660156
2021-06-01,28.80211639404297
2021-06-02,28.839269638061523
2021-06-03,28.82440757751465
2021-06-04,28.86156463623047
2021-06-07,28.81698989868164
2021-06-08,28.80211639404297
2021-06-09,28.854143142700195
2021-06-10,28.92100524902344
2021-06-11,28.96559715270996
2021-06-14,28.995325088500977
2021-06-15,28.97302627563477
2021-06-16,28.906158447265625
2021-06-17,28.987903594970703
2021-06-18,28.92100524902344
2021-06-21,29.010177612304688
2021-06-22,29.0919132232666
2021-06-23,29.0919132232666
2021-06-24,29.114208221435547
2021-06-25,29.0919132232666
2021-06-28,29.121641159057617
2021-06-29,29.121641159057617
2021-06-30,29.23310279846191
2021-07-01,29.25847625732422
2021-07-02,29.31815528869629
2021-07-06,29.340530395507812
2021-07-07,29.37036895751953
2021-07-08,29.25847625732422
2021-07-09,29.333084106445312
2021-07-12,29.3629150390625
2021-07-13,29.20624542236328
2021-07-14,29.221179962158203
2021-07-15,29.198795318603516
2021-07-16,29.13910484313965
2021-07-19,28.967538833618164
2021-07-20,29.131649017333984
2021-07-21,29.161479949951172
2021-07-22,29.109277725219727
2021-07-23,29.228626251220703
2021-07-26,29.198795318603516
2021-07-27,29.154027938842773
2021-07-28,29.20624542236328
2021-07-29,29.31815528869629
2021-07-30,29.40766716003418
2021-08-02,29.438364028930664
2021-08-03,29.48331069946289
2021-08-04,29.48331069946289
2021-08-05,29.55071258544922
2021-08-06,29.535734176635746
2021-08-09,29.37846946716309
2021-08-10,29.251148223876953
2021-08-11,29.333541870117188
2021-08-12,29.438364028930664
2021-08-13,29.49828338623047
2021-08-16,29.48331069946289
2021-08-17,29.35599708557129
2021-08-18,29.32605743408203
2021-08-19,29.27362632751465
2021-08-20,29.341014862060547
2021-08-23,29.393449783325195
2021-08-24,29.438364028930664
2021-08-25,29.43090057373047
2021-08-26,29.29608154296875
2021-08-27,29.505781173706055
2021-08-30,29.528244018554688
2021-08-31,29.505781173706055
2021-09-01,29.597492218017575
2021-09-02,29.680194854736328
2021-09-03,29.635074615478516
2021-09-07,29.50728416442871
2021-09-08,29.55237197875977
2021-09-09,29.62005043029785
2021-09-10,29.559917449951172
2021-09-13,29.514816284179688
2021-09-14,29.45464515686035
2021-09-15,29.60502052307129
2021-09-16,29.66515731811523
2021-09-17,29.55237197875977
2021-09-20,29.31181907653809
2021-09-21,29.40953826904297
2021-09-22,29.612525939941406
2021-09-23,29.499759674072266
2021-09-24,29.379480361938477
2021-09-27,29.28175926208496
2021-09-28,28.981037139892575
2021-09-29,29.28175926208496
2021-09-30,29.17650032043457
2021-10-01,29.16064453125
2021-10-04,28.956878662109375
2021-10-05,28.94932556152344
2021-10-06,29.03990364074707
2021-10-07,29.047449111938477
2021-10-08,29.047449111938477
2021-10-11,29.017255783081055
2021-10-12,29.1229190826416
2021-10-13,29.2889461517334
2021-10-14,29.50025177001953
2021-10-15,29.40214729309082
2021-10-18,29.43233871459961
2021-10-19,29.40970802307129
2021-10-20,29.560632705688477
2021-10-21,29.53799057006836
2021-10-22,29.477602005004883
2021-10-25,29.583263397216797
2021-10-26,29.60590934753418
2021-10-27,29.598363876342773
2021-10-28,29.60590934753418
2021-10-29,29.71156120300293
2021-11-01,29.76231384277344
2021-11-02,29.792593002319336
2021-11-03,29.739578247070312
2021-11-04,29.83803367614746
2021-11-05,29.845605850219727
2021-11-08,29.7774600982666
2021-11-09,29.732017517089844
2021-11-10,29.451805114746097
2021-11-11,29.451805114746097
2021-11-12,29.436656951904297
2021-11-15,29.421506881713867
2021-11-16,29.383649826049805
2021-11-17,29.376073837280273
2021-11-18,29.398794174194336
2021-11-19,29.4290828704834
2021-11-22,29.224607467651367
2021-11-23,29.186748504638672
2021-11-24,29.27762222290039
2021-11-26,29.058006286621097
2021-11-29,29.217039108276367
2021-11-30,29.088293075561523
2021-12-01,29.113367080688477
2021-12-02,29.257726669311523
2021-12-03,29.090574264526367
2021-12-06,29.26531982421875
2021-12-07,29.48564338684082
2021-12-08,29.51602554321289
2021-12-09,29.364084243774418
2021-12-10,29.39447784423828
2021-12-13,29.41726875305176
2021-12-14,29.257726669311523
2021-12-15,29.41726875305176
2021-12-16,29.604761123657227
2021-12-17,29.53617477416992
2021-12-20,29.368480682373047
2021-12-21,29.597150802612305
2021-12-22,29.749597549438477
2021-12-23,29.72673797607422
2021-12-27,29.749597549438477
2021-12-28,29.795326232910156
2021-12-29,29.85630989074707
2021-12-30,29.978261947631836
2021-12-31,30.054481506347656
2022-01-03,29.83344078063965
2022-01-04,29.68099594116211
2022-01-05,29.406587600708008
2022-01-06,29.566659927368164
2022-01-07,29.444711685180664
2022-01-10,29.42946434020996
2022-01-11,29.58190536499023
2022-01-12,29.635269165039062
2022-01-13,29.612396240234375
2022-01-14,29.437084197998047
2022-01-18,29.208419799804688
2022-01-19,29.19316864013672
2022-01-20,29.08646583557129
2022-01-21,29.010238647460938
2022-01-24,28.97974967956543
2022-01-25,28.74344825744629
2022-01-26,28.499555587768555
2022-01-27,28.1489200592041
2022-01-28,28.240394592285156
2022-01-31,28.697717666625977
2022-02-01,28.714542388916016
2022-02-02,28.538719177246097
2022-02-03,28.33230209350586
2022-02-04,28.102943420410156
2022-02-07,28.06471824645996
2022-02-08,27.97298812866211
2022-02-09,28.118227005004883
2022-02-10,27.735986709594727
2022-02-11,27.453126907348633
2022-02-14,27.261999130249023
2022-02-15,27.453126907348633
2022-02-16,27.651893615722656
2022-02-17,27.48370361328125
2022-02-18,27.54486083984375
2022-02-22,27.39960670471191
2022-02-23,27.25435256958008
2022-02-24,27.407257080078125
2022-02-25,27.72834014892578
2022-02-28,27.827733993530273
2022-03-01,27.645166397094727
2022-03-02,27.760225296020508
2022-03-03,27.72954750061035
2022-03-04,27.491748809814453
2022-03-07,27.223285675048828
2022-03-08,27.123558044433594
2022-03-09,27.42271423339844
2022-03-10,27.292316436767575
2022-03-11,27.131237030029297
2022-03-14,26.740018844604492
2022-03-15,27.008495330810547
2022-03-16,27.384357452392575
2022-03-17,27.57612991333008
2022-03-18,27.74488639831543
2022-03-21,27.53009605407715
2022-03-22,27.468738555908203
2022-03-23,27.42271423339844
2022-03-24,27.50711250305176
2022-03-25,27.3229923248291
2022-03-28,27.545446395874023
2022-03-29,27.836925506591797
2022-03-30,27.87529754638672
2022-03-31,27.936655044555664
2022-04-01,27.871978759765625
2022-04-04,27.91817283630371
2022-04-05,27.47160530090332
2022-04-06,27.3253231048584
2022-04-07,27.440807342529297
2022-04-08,27.256013870239254
2022-04-11,26.97884178161621
2022-04-12,26.940343856811523
2022-04-13,27.017332077026367
2022-04-14,26.894145965576172
2022-04-18,26.77094841003418
2022-04-19,26.77094841003418
2022-04-20,26.94803810119629
2022-04-21,26.60926628112793
2022-04-22,26.432186126708984
2022-04-25,26.49377822875977
2022-04-26,26.255090713500977
2022-04-27,26.07800674438477
2022-04-28,26.35518455505371
2022-04-29,26.139604568481445
2022-05-02,25.74009132385254
2022-05-03,25.825090408325195
2022-05-04,26.39692115783691
2022-05-05,25.886903762817383
2022-05-06,25.608718872070312
2022-05-09,25.253265380859375
2022-05-10,25.415538787841797
2022-05-11,25.33826065063477
2022-05-12,25.36144638061523
2022-05-13,25.600996017456055
2022-05-16,25.74009132385254
2022-05-17,25.786457061767575
2022-05-18,25.47735595703125
2022-05-19,25.57781219482422
2022-05-20,25.46961975097656
2022-05-23,25.59326934814453
2022-05-24,25.73236656188965
2022-05-25,26.15736961364746
2022-05-26,26.466466903686523
2022-05-27,27.022844314575195
2022-05-31,26.85284423828125
2022-06-01,26.748855590820312
2022-06-02,26.880781173706055
2022-06-03,26.787660598754883
2022-06-06,26.725574493408203
2022-06-07,26.880781173706055
2022-06-08,26.686777114868164
2022-06-09,26.314300537109375
2022-06-10,25.84093475341797
2022-06-13,24.995086669921875
2022-06-14,24.917484283447266
2022-06-15,25.468446731567383
2022-06-16,24.847646713256836
2022-06-17,24.870922088623047
2022-06-21,25.158052444458008
2022-06-22,25.212366104125977
2022-06-23,25.32876968383789
2022-06-24,25.600366592407227
2022-06-27,25.600366592407227
2022-06-28,25.47621154785156
2022-06-29,25.538291931152344
2022-06-30,25.5150146484375
2022-07-01,25.72773170471191
2022-07-05,25.657604217529297
2022-07-06,25.501758575439453
2022-07-07,25.852380752563477
2022-07-08,25.94588851928711
2022-07-11,25.86017608642578
2022-07-12,25.829010009765625
2022-07-13,25.852380752563477
2022-07-14,25.72773170471191
2022-07-15,25.94588851928711
2022-07-18,25.899141311645508
2022-07-19,26.0705509185791
2022-07-20,26.21080207824707
2022-07-21,26.304298400878903
2022-07-22,26.45233726501465
2022-07-25,26.45233726501465
2022-07-26,26.405582427978516
2022-07-27,26.61595916748047
2022-07-28,26.76399803161621
2022-07-29,27.091245651245117
2022-08-01,27.196149826049805
2022-08-02,27.415340423583984
2022-08-03,27.67367935180664
2022-08-04,27.67367935180664
2022-08-05,27.38402557373047
2022-08-08,27.454484939575195
2022-08-09,27.16482734680176
2022-08-10,27.430999755859375
2022-08-11,27.376201629638672
2022-08-12,27.50145721435547
2022-08-15,27.57973861694336
2022-08-16,27.53276634216309
2022-08-17,27.11003303527832
2022-08-18,27.196149826049805
2022-08-19,26.92997169494629
2022-08-22,26.624662399291992
2022-08-23,26.22541046142578
2022-08-24,26.311532974243164
2022-08-25,26.640323638916016
2022-08-26,26.358495712280273
2022-08-29,26.280208587646484
2022-08-30,26.15496253967285
2022-08-31,26.061016082763672
2022-09-01,25.82587432861328
2022-09-02,25.935977935791016
2022-09-06,25.67646026611328
2022-09-07,25.935977935791016
2022-09-08,25.818017959594727
2022-09-09,26.061796188354492
2022-09-12,26.258399963378903
2022-09-13,25.880924224853516
2022-09-14,25.959564208984375
2022-09-15,25.7786808013916
2022-09-16,25.684316635131836
2022-09-19,25.70792007446289
2022-09-20,25.448402404785156
2022-09-21,25.503448486328125
2022-09-22,25.19674491882324
2022-09-23,24.87431526184082
2022-09-26,24.693443298339844
2022-09-27,24.779949188232425
2022-09-28,25.118101119995117
2022-09-29,24.929367065429688
2022-09-30,24.90577507019043
2022-10-03,25.21332550048828
2022-10-04,25.442609786987305
2022-10-05,25.150075912475582
2022-10-06,24.98404884338379
2022-10-07,24.7547607421875
2022-10-10,24.58082389831543
2022-10-11,24.493846893310547
2022-10-12,24.30409240722656
2022-10-13,24.272478103637695
2022-10-14,24.19340705871582
2022-10-17,24.26456642150879
2022-10-18,24.31200408935547
2022-10-19,24.15387535095215
2022-10-20,23.82181739807129
2022-10-21,23.72693252563477
2022-10-24,23.798093795776367
2022-10-25,24.114349365234375
2022-10-26,24.201316833496097
2022-10-27,24.201316833496097
2022-10-28,24.35153007507324
2022-10-31,24.122251510620117
2022-11-01,24.050695419311523
2022-11-02,23.987091064453125
2022-11-03,23.867834091186523
2022-11-04,23.81218147277832
2022-11-07,23.939390182495117
2022-11-08,24.30511474609375
2022-11-09,24.098400115966797
2022-11-10,25.179689407348633
2022-11-11,25.32280731201172
2022-11-14,24.988872528076172
2022-11-15,25.330753326416016
2022-11-16,25.28304100036621
2022-11-17,25.108137130737305
2022-11-18,25.108137130737305
2022-11-21,25.07632827758789
2022-11-22,25.20354461669922
2022-11-23,25.32280731201172
2022-11-25,25.386402130126953
2022-11-28,25.259193420410156
2022-11-29,24.96501922607422
2022-11-30,25.32280731201172
2022-12-01,25.70010757446289
2022-12-02,25.804025650024418
2022-12-05,25.380355834960938
2022-12-06,25.308412551879883
2022-12-07,25.356369018554688
2022-12-08,25.244462966918945
2022-12-09,25.00464630126953
2022-12-12,25.100574493408203
2022-12-13,25.356369018554688
2022-12-14,25.348379135131836
2022-12-15,25.160724639892575
2022-12-16,25.152664184570312
2022-12-19,25.07212829589844
2022-12-20,24.97547912597656
2022-12-21,25.031858444213867
2022-12-22,24.766075134277344
2022-12-23,24.758018493652344
2022-12-27,24.613046646118164
2022-12-28,24.44391632080078
2022-12-29,24.52445411682129
2022-12-30,24.588890075683594
2023-01-03,24.709701538085938
2023-01-04,25.23320579528809
2023-01-05,25.337907791137695
2023-01-06,25.70839500427246
2023-01-09,25.73255729675293
2023-01-10,25.796979904174805
2023-01-11,26.01444625854492
2023-01-12,26.127199172973633
2023-01-13,26.19969367980957
2023-01-17,26.465473175048828
2023-01-18,26.473520278930664
2023-01-19,26.473520278930664
2023-01-20,26.53796005249023
2023-01-23,26.74735641479492
2023-01-24,26.690990447998047
2023-01-25,26.715147018432617
2023-01-26,26.86011505126953
2023-01-27,26.892333984375
2023-01-30,26.9003849029541
2023-01-31,27.06146240234375
2023-02-01,27.212100982666016
2023-02-02,27.382183074951172
2023-02-03,27.098724365234375
2023-02-06,26.863853454589844
2023-02-07,26.815263748168945
2023-02-08,26.831464767456055
2023-02-09,26.63708877563477
2023-02-10,26.63708877563477
2023-02-13,26.831464767456055
2023-02-14,26.863853454589844
2023-02-15,26.912452697753903
2023-02-16,26.693775177001953
2023-02-17,26.64518928527832
2023-02-21,25.997278213500977
2023-02-22,26.30503845214844
2023-02-23,26.51561164855957
2023-02-24,26.369827270507812
2023-02-27,26.41841506958008
2023-02-28,26.483213424682617
2023-03-01,26.361013412475582
2023-03-02,26.2551212310791
2023-03-03,26.47506332397461
2023-03-06,26.507644653320312
2023-03-07,26.29584503173828
2023-03-08,26.29584503173828
2023-03-09,25.831514358520508
2023-03-10,25.3997745513916
2023-03-13,24.438520431518555
2023-03-14,25.033191680908203
2023-03-15,24.536273956298828
2023-03-16,25.179826736450195
2023-03-17,24.58515357971191
2023-03-20,24.324474334716797
2023-03-21,24.73993492126465
2023-03-22,24.65032196044922
2023-03-23,24.373353958129883
2023-03-24,24.479251861572266
2023-03-27,24.674760818481445
2023-03-28,24.805099487304688
2023-03-29,25.00875663757324
2023-03-30,25.204261779785156
2023-03-31,25.43234634399414
2023-04-03,25.5347957611084
2023-04-04,25.379091262817383
2023-04-05,25.329925537109375
2023-04-06,25.469234466552734
2023-04-10,25.44464683532715
2023-04-11,25.61673927307129
2023-04-12,25.6003475189209
2023-04-13,25.715070724487305
2023-04-14,25.698686599731445
2023-04-17,25.624927520751953
2023-04-18,25.66590881347656
2023-04-19,25.739654541015625
2023-04-20,25.70688247680664
2023-04-21,25.78063201904297
2023-04-24,25.772436141967773
2023-04-25,25.469234466552734
2023-04-26,25.3463077545166
2023-04-27,25.55118179321289
2023-04-28,25.70688247680664
2023-05-01,25.509952545166016
2023-05-02,25.114452362060547
2023-05-03,24.718948364257812
2023-05-04,24.166889190673828
2023-05-05,24.521196365356445
2023-05-08,24.54591178894043
2023-05-09,24.479997634887695
2023-05-10,24.628305435180664
2023-05-11,24.48823356628418
2023-05-12,24.52943420410156
2023-05-15,24.479997634887695
2023-05-16,24.249286651611328
2023-05-17,24.735424041748047
2023-05-18,24.735424041748047
2023-05-19,24.718948364257812
2023-05-22,24.875497817993164
2023-05-23,24.809579849243164
2023-05-24,24.826059341430664
2023-05-25,24.68598747253418
2023-05-26,24.834304809570312
2023-05-30,24.990854263305664
2023-05-31,25.09796905517578
2023-06-01,25.23466682434082
2023-06-02,25.590890884399418
2023-06-05,25.491485595703125
2023-06-06,25.624034881591797
2023-06-07,25.54947853088379
2023-06-08,25.516340255737305
2023-06-09,25.441774368286133
2023-06-12,25.425207138061523
2023-06-13,25.40863800048828
2023-06-14,25.27608871459961
2023-06-15,25.3837833404541
2023-06-16,25.342361450195312
2023-06-20,25.24294662475586
2023-06-21,25.29265785217285
2023-06-22,25.23466682434082
2023-06-23,25.22638511657715
2023-06-26,25.342361450195312
2023-06-27,25.3837833404541
2023-06-28,25.425207138061523
2023-06-29,25.39206886291504
2023-06-30,25.624034881591797
2023-07-03,25.863855361938477
2023-07-05,25.730621337890625
2023-07-06,25.339252471923828
2023-07-07,25.46415901184082
2023-07-10,25.522445678710938
2023-07-11,25.672325134277344
2023-07-12,25.75560188293457
2023-07-13,25.83887481689453
2023-07-14,25.680662155151367
2023-07-17,25.497461318969727
2023-07-18,25.63902282714844
2023-07-19,25.763927459716797
2023-07-20,25.663999557495117
2023-07-21,25.713970184326172
2023-07-24,25.763927459716797
2023-07-25,25.78058433532715
2023-07-26,25.947132110595703
2023-07-27,25.74727439880371
2023-07-28,25.830543518066406
2023-07-31,25.997087478637695
2023-08-01,25.843931198120117
2023-08-02,25.726760864257812
2023-08-03,25.509164810180664
2023-08-04,25.68491554260254
2023-08-07,25.735130310058594
2023-08-08,25.7016544342041
2023-08-09,25.7016544342041
2023-08-10,25.643068313598633
2023-08-11,25.693286895751953
2023-08-14,25.67655372619629
2023-08-15,25.500795364379883
2023-08-16,25.358522415161133
2023-08-17,25.26646423339844
2023-08-18,25.22461700439453
2023-08-21,25.09907341003418
2023-08-22,25.107450485229492
2023-08-23,25.341787338256836
2023-08-24,25.22461700439453
2023-08-25,25.29157066345215
2023-08-28,25.366886138916016
2023-08-29,25.525903701782227
2023-08-30,25.551010131835938
2023-08-31,25.735130310058594
2023-09-01,25.788969039916992
2023-09-05,25.59550666809082
2023-09-06,25.528215408325195
2023-09-07,25.502979278564453
2023-09-08,25.61233139038086
2023-09-11,25.545042037963867
2023-09-12,25.51980209350586
2023-09-13,25.587093353271484
2023-09-14,25.679616928100582
2023-09-15,25.66279983520508
2023-09-18,25.755313873291016
2023-09-19,25.76373291015625
2023-09-20,25.755313873291016
2023-09-21,25.41046142578125
2023-09-22,25.502979278564453
2023-09-25,25.435691833496097
2023-09-26,25.267465591430664
2023-09-27,25.28428840637207
2023-09-28,25.35998916625977
2023-09-29,25.35998916625977
2023-10-02,25.04794692993164
2023-10-03,24.565929412841797
2023-10-04,24.52364921569824
2023-10-05,24.506736755371097
2023-10-06,24.42217063903809
2023-10-09,24.565929412841797
2023-10-10,24.66740608215332
2023-10-11,24.78579330444336
2023-10-12,24.540565490722656
2023-10-13,24.45599365234375
2023-10-16,24.472904205322266
2023-10-17,24.312240600585938
2023-10-18,24.219221115112305
2023-10-19,23.96552467346191
2023-10-20,24.109283447265625
2023-10-23,24.15156364440918
2023-10-24,24.37143325805664
2023-10-25,24.15156364440918
2023-10-26,24.168476104736328
2023-10-27,24.04162979125977
2023-10-30,24.06700134277344
2023-10-31,24.168476104736328
2023-11-01,24.613441467285156
2023-11-02,25.11541175842285
2023-11-03,25.515281677246097
2023-11-06,25.37064743041992
2023-11-07,25.302581787109375
2023-11-08,25.319608688354492
2023-11-09,25.05586051940918
2023-11-10,25.12392234802246
2023-11-13,25.260047912597656
2023-11-14,25.591856002807617
2023-11-15,25.58335304260254
2023-11-16,25.634397506713867
2023-11-17,25.651412963867188
2023-11-20,25.69395446777344
2023-11-21,25.608875274658203
2023-11-22,25.47274398803711
2023-11-24,25.506772994995117
2023-11-27,25.68544578552246
2023-11-28,25.770523071289062
2023-11-29,25.966209411621097
2023-11-30,26.085315704345703
2023-12-01,26.371965408325195
2023-12-04,26.200834274291992
2023-12-05,26.226503372192383
2023-12-06,26.2692928314209
2023-12-07,26.286401748657227
2023-12-08,26.23505973815918
2023-12-11,26.12382698059082
2023-12-12,26.13237953186035
2023-12-13,26.500316619873047
2023-12-14,26.847322463989254
2023-12-15,26.735387802124023
2023-12-18,26.64927864074707
2023-12-19,26.79566192626953
2023-12-20,26.787050247192383
2023-12-21,26.855932235717773
2023-12-22,26.89036750793457
2023-12-26,26.90759658813477
2023-12-27,27.036752700805664
2023-12-28,26.95924949645996
2023-12-29,26.855932235717773
2024-01-02,26.821487426757812
2024-01-03,26.830101013183594
2024-01-04,26.79566192626953
2024-01-05,26.79566192626953
2024-01-08,27.04535675048828
2024-01-09,27.053966522216797
2024-01-10,27.071191787719727
2024-01-11,27.1314640045166
2024-01-12,27.191740036010746
2024-01-16,27.07980728149414
2024-01-17,26.97647476196289
2024-01-18,26.90759658813477
2024-01-19,27.114246368408203
2024-01-22,27.21756935119629
2024-01-23,27.183130264282227
2024-01-24,27.277843475341797
2024-01-25,27.518930435180664
2024-01-26,27.544771194458008
2024-01-29,27.639484405517575
2024-01-30,27.70836067199707
2024-01-31,27.605043411254883
2024-02-01,27.80071449279785
2024-02-02,27.688156127929688
2024-02-05,27.38512420654297
2024-02-06,27.428417205810547
2024-02-07,27.445730209350582
2024-02-08,27.54096794128418
2024-02-09,27.67083740234375
2024-02-12,27.78339576721191
2024-02-13,27.38512420654297
2024-02-14,27.51499366760254
2024-02-15,27.610231399536133
2024-02-16,27.50634002685547
2024-02-20,27.55828094482422
2024-02-21,27.489023208618164
2024-02-22,27.63620948791504
2024-02-23,27.85265350341797
2024-02-26,27.757423400878903
2024-02-27,27.688156127929688
2024-02-28,27.72278594970703
2024-02-29,27.861312866210938
2024-03-01,27.80038833618164
2024-03-04,27.70463752746582
2024-03-05,27.817790985107425
2024-03-06,27.896129608154297
2024-03-07,28.026681900024418
2024-03-08,28.05280303955078
2024-03-11,28.000572204589844
2024-03-12,28.07021141052246
2024-03-13,28.10502243041992
2024-03-14,27.87871551513672
2024-03-15,27.939653396606445
2024-03-18,27.97446632385254
2024-03-19,28.10502243041992
2024-03-20,28.244285583496097
2024-03-21,28.32262420654297
2024-03-22,28.21817398071289
2024-03-25,28.087608337402344
2024-03-26,28.07021141052246
2024-03-27,28.209470748901367
2024-03-28,28.05280303955078
2024-04-01,28.11052894592285
2024-04-02,27.900617599487305
2024-04-03,27.988075256347656
2024-04-04,28.058046340942383
2024-04-05,28.040555953979492
2024-04-08,27.988075256347656
2024-04-09,27.988075256347656
2024-04-10,27.550764083862305
2024-04-11,27.5245304107666
2024-04-12,27.33210563659668
2024-04-15,26.868555068969727
2024-04-16,26.807329177856445
2024-04-17,26.929777145385746
2024-04-18,26.868555068969727
2024-04-19,27.02598571777344
2024-04-22,27.15717887878418
2024-04-23,27.41957092285156
2024-04-24,27.41082000732422
2024-04-25,27.183425903320312
2024-04-26,27.227149963378903
2024-04-29,27.393327713012695
2024-04-30,27.078466415405273
2024-05-01,27.37738037109375
2024-05-02,27.421342849731445
2024-05-03,27.729049682617188
2024-05-06,27.84334373474121
2024-05-07,27.737842559814453
2024-05-08,27.509258270263672
2024-05-09,27.588380813598633
2024-05-10,27.60597038269043
2024-05-13,27.632341384887695
2024-05-14,27.64992904663086
2024-05-15,27.922466278076172
2024-05-16,27.84334373474121
2024-05-17,27.80817222595215
2024-05-20,27.83455467224121
2024-05-21,27.781803131103516
2024-05-22,27.70267677307129
2024-05-23,27.482885360717773
2024-05-24,27.693885803222656
2024-05-28,27.66751480102539
2024-05-29,27.421342849731445
2024-05-30,27.658716201782227
2024-05-31,27.913679122924805
2024-06-03,28.04888153076172
2024-06-04,27.995861053466797
2024-06-05,28.04004669189453
2024-06-06,28.07539939880371
2024-06-07,27.978193283081055
2024-06-10,27.863306045532227
2024-06-11,27.73074722290039
2024-06-12,27.88981819152832
2024-06-13,27.88981819152832
2024-06-14,27.80144500732422
2024-06-17,27.757265090942383
2024-06-18,27.88981819152832
2024-06-20,27.854469299316406
2024-06-21,27.898656845092773
2024-06-24,27.960514068603516
2024-06-25,27.96934700012207
2024-06-26,27.960514068603516
2024-06-27,27.934001922607425
2024-06-28,27.880979537963867
2024-07-01,27.78681755065918
2024-07-02,27.91118049621582
2024-07-03,28.142148971557617
2024-07-05,28.12438201904297
2024-07-08,28.062198638916016
2024-07-09,27.884532928466797
2024-07-10,28.044437408447266
2024-07-11,28.3553466796875
2024-07-12,28.39976501464844
2024-07-15,28.37311363220215
2024-07-16,28.41753196716309
2024-07-17,28.37311363220215
2024-07-18,28.310930252075195
2024-07-19,28.29316139221191
2024-07-22,28.3553466796875
2024-07-23,28.29316139221191
2024-07-24,28.01778030395508
2024-07-25,28.09773063659668
2024-07-26,28.248743057250977
2024-07-29,28.177684783935547
2024-07-30,28.186561584472656
2024-07-31,28.168800354003903
2024-08-01,28.258974075317383
2024-08-02,28.24111557006836
2024-08-05,27.83933448791504
2024-08-06,27.97326278686523
2024-08-07,28.107192993164062
2024-08-08,28.196475982666016
2024-08-09,28.187549591064453
2024-08-12,28.00897789001465
2024-08-13,28.250045776367188
2024-08-14,28.366121292114254
2024-08-15,28.33040428161621
2024-08-16,28.50897216796875
2024-08-19,28.5357608795166
2024-08-20,28.607192993164062
2024-08-21,28.75897979736328
2024-08-22,28.723257064819336
2024-08-23,28.90183448791504
2024-08-26,28.875045776367188
2024-08-27,28.90183448791504
2024-08-28,28.91968536376953
2024-08-29,29.026836395263672
2024-08-30,28.89290428161621
2024-09-03,28.81483459472656
2024-09-04,28.99431037902832
2024-09-05,29.10198974609375
2024-09-06,29.03020477294922
2024-09-09,29.254549026489254
2024-09-10,29.281475067138672
2024-09-11,29.39812660217285
2024-09-12,29.469921112060547
2024-09-13,29.604530334472656
2024-09-16,29.766056060791016
2024-09-17,29.80194854736328
2024-09-18,29.87373733520508
2024-09-19,29.99039649963379
2024-09-20,30.04424095153809
2024-09-23,30.01732063293457
2024-09-24,30.0711612701416
2024-09-25,30.00835227966309
2024-09-26,30.053213119506836
2024-09-27,30.01732063293457
2024-09-30,29.819900512695312
2024-10-01,29.96870803833008
2024-10-02,30.040857315063477
2024-10-03,30.004777908325195
2024-10-04,29.91459274291992
2024-10-07,29.662071228027344
2024-10-08,29.860483169555664
2024-10-09,29.869497299194336
2024-10-10,29.79735565185547
2024-10-11,29.986745834350582
2024-10-14,30.094961166381836
2024-10-15,30.176136016845703
2024-10-16,30.221220016479492
2024-10-17,30.167112350463867
2024-10-18,30.19416618347168
2024-10-21,29.869497299194336
2024-10-22,29.995758056640625
2024-10-23,29.725194931030273
2024-10-24,29.788333892822266
2024-10-25,29.75225830078125
2024-10-28,29.662071228027344
2024-10-29,29.67109489440918
2024-10-30,29.662071228027344
2024-10-31,29.616981506347656
2024-11-01,29.494611740112305
2024-11-04,29.73027801513672
2024-11-05,29.9659481048584
2024-11-06,29.73027801513672
2024-11-07,29.911561965942383
2024-11-08,30.183494567871097
2024-11-11,29.92969512939453
2024-11-12,29.630571365356445
2024-11-13,29.612445831298828
2024-11-14,29.55806350708008
2024-11-15,29.539936065673828
2024-11-18,29.53086853027344
2024-11-19,29.46742057800293
2024-11-20,29.32239532470703
2024-11-21,29.58525276184082
2024-11-22,29.639638900756836
2024-11-25,29.748411178588867
2024-11-26,29.56712532043457
2024-11-27,29.68496322631836
2024-11-29,29.866239547729492
2024-12-02,29.67949104309082
2024-12-03,29.624835968017575
2024-12-04,29.661272048950195
2024-12-05,29.706823348999023
2024-12-06,29.652162551879883
2024-12-09,29.570180892944336
2024-12-10,29.588397979736328
2024-12-11,29.579286575317383
2024-12-12,29.39708709716797
2024-12-13,29.25132942199707
2024-12-16,29.27866554260254
2024-12-17,29.25132942199707
2024-12-18,28.964622497558594
2024-12-19,28.83637046813965
2024-12-20,28.992101669311523
2024-12-23,28.854700088500977
2024-12-24,28.818058013916016
2024-12-26,28.772254943847656
2024-12-27,28.60736846923828
2024-12-30,28.78141975402832
2024-12-31,28.79973602294922
2025-01-02,29.14782333374023
2025-01-03,29.358510971069336
2025-01-06,29.285226821899418
2025-01-07,28.946298599243164
2025-01-08,28.845537185668945
2025-01-10,28.469970703125
2025-01-13,28.332565307617188
2025-01-14,28.515764236450195
2025-01-15,29.047060012817383
2025-01-16,29.01958274841309
2025-01-17,29.08370018005371
2025-01-21,29.413471221923828
2025-01-22,29.303546905517575
2025-01-23,29.303546905517575
2025-01-24,29.3859920501709
2025-01-27,29.550870895385746
2025-01-28,29.349349975585938
2025-01-29,29.23026657104492
2025-01-30,29.404312133789062
2025-01-31,29.138662338256836
2025-02-03,28.96826171875
2025-02-04,29.06036949157715
2025-02-05,29.2906436920166
2025-02-06,29.20774269104004
2025-02-07,29.06036949157715
2025-02-10,29.143266677856445
2025-02-11,29.11564064025879
2025-02-12,29.023529052734375
2025-02-13,29.198535919189453
2025-02-14,29.2906436920166
2025-02-18,29.23537826538086
2025-02-19,29.21695899963379
2025-02-20,29.152477264404297
2025-02-21,29.134057998657227
2025-02-24,29.18932342529297
2025-02-25,29.327486038208008
2025-02-26,29.31827735900879
2025-02-27,29.226165771484375
2025-02-28,29.33669662475586
2025-03-03,29.20981788635254
2025-03-04,29.006072998046875
2025-03-05,29.024595260620117
2025-03-06,28.91345596313477
2025-03-07,28.77454376220703
2025-03-10,28.589319229125977
2025-03-11,28.589319229125977
2025-03-12,28.70970916748047
2025-03-13,28.6356258392334
2025-03-14,28.82084846496582
2025-03-17,28.94124412536621
2025-03-18,28.894941329956055
2025-03-19,29.043119430541992
2025-03-20,29.006072998046875
2025-03-21,28.996807098388672
2025-03-24,29.05238342285156
2025-03-25,29.006072998046875
2025-03-26,28.80232810974121
2025-03-27,28.72823905944824
2025-03-28,28.570798873901367
2025-03-31,28.45965576171875
2025-04-01,28.414958953857425
2025-04-02,28.498779296875
2025-04-03,27.9306640625
2025-04-04,27.399810791015625
2025-04-07,27.092464447021484
2025-04-08,27.00864601135254
2025-04-09,27.79096412658691
2025-04-10,27.22285270690918
2025-04-11,27.101776123046875
2025-04-14,27.35323715209961
2025-04-15,27.288042068481445
2025-04-16,27.2973575592041
2025-04-17,27.50225257873535
2025-04-21,27.27873420715332
2025-04-22,27.586069107055664
2025-04-23,27.85615921020508
2025-04-24,28.11693572998047
2025-04-25,28.154186248779297
2025-04-28,28.219377517700195
2025-04-29,28.25663185119629
2025-04-30,28.107622146606445
2025-05-01,28.04578971862793
2025-05-02,28.233137130737305
2025-05-05,28.111364364624023
2025-05-06,28.17693328857422
2025-05-07,28.233137130737305
2025-05-08,28.22377014160156
2025-05-09,28.26123809814453
2025-05-12,28.411115646362305
2025-05-13,28.504793167114254
2025-05-14,28.3736515045166
2025-05-15,28.542259216308594
2025-05-16,28.617198944091797
2025-05-19,28.63593482971191
2025-05-20,28.542259216308594
2025-05-21,28.10199928283691
2025-05-22,28.148834228515625
2025-05-23,28.17693328857422
2025-05-27,28.420488357543945
2025-05-28,28.24250602722168
2025-05-29,28.289344787597656
2025-05-30,28.317447662353516
2025-06-02,28.303312301635746
2025-06-03,28.42579460144043
2025-06-04,28.520015716552734
2025-06-05,28.557701110839844
2025-06-06,28.520015716552734
2025-06-09,28.59539031982422
2025-06-10,28.670764923095703
2025-06-11,28.65192222595215
2025-06-12,28.58596992492676
2025-06-13,28.41637420654297
2025-06-16,28.47290802001953
2025-06-17,28.43522071838379
2025-06-18,28.510595321655273
2025-06-20,28.557701110839844
2025-06-23,28.60481071472168
2025-06-24,28.802671432495117
2025-06-25,28.717870712280273
2025-06-26,28.89689064025879
2025-06-27,28.83094024658203
2025-06-30,28.906312942504883
2025-07-01,29.06171417236328
2025-07-02,29.279653549194336
2025-07-03,29.383886337280273
2025-07-07,29.289127349853516
2025-07-08,29.374408721923828
2025-07-09,29.554447174072266
2025-07-10,29.71552848815918
2025-07-11,29.573396682739254
2025-07-14,29.488115310668945
2025-07-15,29.317554473876953
2025-07-16,29.421785354614254
2025-07-17,29.58287239074707
2025-07-18,29.535493850708008
2025-07-21,29.497587203979492
2025-07-22,29.51654052734375
2025-07-23,29.478639602661133
2025-07-24,29.497587203979492
2025-07-25,29.54496955871582
2025-07-28,29.497587203979492
2025-07-29,29.601823806762695
2025-07-30,29.535493850708008
2025-07-31,29.61129570007324
2025-08-01,29.565580368041992
2025-08-04,29.765602111816406
2025-08-05,29.727502822875977
2025-08-06,29.660829544067383
2025-08-07,29.565580368041992
2025-08-08,29.67987823486328
2025-08-11,29.660829544067383
2025-08-12,29.84180450439453
2025-08-13,29.99420166015625
2025-08-14,29.946577072143555
2025-08-15,29.908477783203125
2025-08-18,29.99420166015625
2025-08-19,30.00372886657715
2025-08-20,29.965625762939453
2025-08-21,29.99420166015625
2025-08-22,30.21327781677246
2025-08-25,30.108503341674805
2025-08-26,30.108503341674805
2025-08-27,30.127546310424805
2025-08-28,30.11802864074707
2025-08-29,29.965625762939453
2025-09-02,29.976158142089844
2025-09-03,30.043174743652344
2025-09-04,30.15806579589844
2025-09-05,30.36869239807129
2025-09-08,30.51230239868164
2025-09-09,30.445281982421875
2025-09-10,30.51230239868164
2025-09-11,30.68463134765625
2025-09-12,30.61761474609375
2025-09-15,30.73250389099121
2025-09-16,30.742076873779297
2025-09-17,30.73250389099121
2025-09-18,30.73250389099121
2025-09-19,30.761226654052734
2025-09-22,30.71335792541504
2025-09-23,30.675060272216797
2025-09-24,30.521873474121097
2025-09-25,30.359115600585938
2025-09-26,30.435710906982425
2025-09-29,30.435710906982425
2025-09-30,30.272953033447266
2025-10-01,30.553070068359375
2025-10-02,30.543441772460938
2025-10-03,30.57232093811035
2025-10-06,30.6012020111084
2025-10-07,30.562694549560547
2025-10-08,30.51456642150879
2025-10-09,30.283538818359375
2025-10-10,29.96588134765625
2025-10-13,30.177654266357425
2025-10-14,30.225784301757812
2025-10-15,30.341297149658203
2025-10-16,30.158403396606445
2025-10-17,30.235410690307617
2025-10-20,30.476062774658203
2025-10-21,30.44717788696289
2025-10-22,30.283538818359375
2025-10-23,30.33166885375977
2025-10-24,30.45680809020996
2025-10-27,30.543441772460938
2025-10-28,30.476062774658203
2025-10-29,30.341297149658203
2025-10-30,30.139150619506836
2025-10-31,30.042890548706055
2025-11-03,30.024499893188477
2025-11-04,29.908349990844727
2025-11-05,30.024499893188477
2025-11-06,29.96642684936523
2025-11-07,30.01482391357422
2025-11-10,30.179367065429688
2025-11-11,30.179367065429688
2025-11-12,30.130970001220703
2025-11-13,29.850276947021484
2025-11-14,29.898670196533203
2025-11-17,29.65669631958008
2025-11-18,29.63734245300293
2025-11-19,29.51150894165039
2025-11-20,29.3372859954834
2025-11-21,29.492149353027344
2025-11-24,29.608299255371097
2025-11-25,29.78252220153809
2025-11-26,29.927709579467773
2025-11-28,29.95674705505371
2025-12-01,29.836036682128903
2025-12-02,30.011260986328125
2025-12-03,30.0599308013916
2025-12-04,29.97232437133789
2025-12-05,30.05019760131836
2025-12-08,30.05019760131836
2025-12-09,30.05019760131836
2025-12-10,30.24488639831543
2025-12-11,30.32276153564453
2025-12-12,30.196212768554688
2025-12-15,30.21568298339844
2025-12-16,30.254619598388672
2025-12-17,30.21568298339844
2025-12-18,30.32276153564453
2025-12-19,30.37738990783691
2025-12-22,30.387142181396484
2025-12-23,30.289594650268555
2025-12-24,30.33837127685547
2025-12-26,30.299346923828125
2025-12-29,30.24081802368164
2025-12-30,30.299346923828125
2025-12-31,30.20179557800293
2026-01-02,30.50420570373535
2026-01-05,30.562734603881836
2026-01-06,30.679798126220703
2026-01-07,30.640777587890625
2026-01-08,30.611513137817383
2026-01-09,30.796857833862305
2026-01-12,30.84563636779785
2026-01-13,30.874900817871097
2026-01-14,30.962696075439453
2026-01-15,31.04073715209961
2026-01-16,31.0017147064209
2026-01-20,30.835878372192383
2026-01-21,31.06999969482422
2026-01-22,31.157798767089844
2026-01-23,31.128530502319336
2026-01-26,31.099267959594727
2026-01-27,31.06024742126465
2026-01-28,31.03097915649414
2026-01-29,30.913921356201172
2026-01-30,30.913921356201172
2026-02-02,30.861927032470703
2026-02-03,30.74420928955078
2026-02-04,30.842308044433594
2026-02-05,30.567630767822266
2026-02-06,30.87173843383789
2026-02-09,30.910974502563477
2026-02-10,30.920787811279297
2026-02-11,30.979646682739254
2026-02-12,30.881547927856445
2026-02-13,31.087556838989254
2026-02-17,31.22489547729492
2026-02-18,31.175844192504883
2026-02-19,31.107173919677734
2026-02-20,31.097366333007812
2026-02-23,30.901166915893555
2026-02-24,31.087556838989254
2026-02-25,31.107173919677734
2026-02-26,31.0286922454834
2026-02-27,30.812877655029297
2026-03-02,30.89241600036621
2026-03-03,30.71566390991211
2026-03-04,30.853137969970703
2026-03-05,30.72548484802246
2026-03-06,30.55855178833008
2026-03-09,30.607650756835938
2026-03-10,30.5880069732666
2026-03-11,30.479995727539062
2026-03-12,30.293420791625977
2026-03-13,30.116668701171875
2026-03-16,30.19522476196289
2026-03-17,30.342519760131836
2026-03-18,30.116668701171875
2026-03-19,30.155948638916016
2026-03-20,29.723886489868164
2026-03-23,29.900638580322266
2026-03-24,29.890819549560547
2026-03-25,30.05775260925293
2026-03-26,29.83190155029297
2026-03-27,29.615869522094727
2026-03-30,29.57659149169922
2026-03-31,29.77298355102539
2026-04-01,29.972272872924805
2026-04-02,30.02160263061523
2026-04-06,30.090662002563477
2026-04-07,30.061063766479492
2026-04-08,30.327442169189453
2026-04-09,30.42609977722168
2026-04-10,30.376771926879883
2026-04-13,30.574085235595703
2026-04-14,30.830595016479492
2026-04-15,30.939123153686523
2026-04-16,30.909523010253903
2026-04-17,31.037776947021484
2026-04-20,31.018047332763672
2026-04-21,30.820730209350582
2026-04-22,31.08710670471191
2026-04-23,31.06737518310547
2026-04-24,31.096973419189453
2026-04-27,31.06737518310547
2026-04-28,30.87006187438965
2026-04-29,30.751670837402344
2026-04-30,31.027912139892575
2026-05-01,31.127012252807617
2026-05-04,30.978363037109375
2026-05-05,31.16665267944336
2026-05-06,31.325210571289062
2026-05-07,31.236021041870117
2026-05-08,31.43421936035156
2026-05-11,31.39457893371582
2026-05-12,31.28557014465332
2026-05-13,31.295480728149418
2026-05-14,31.31529998779297
2026-05-15,30.948633193969727
2026-05-18,30.879262924194336
2026-05-19,30.690975189208984
2026-05-20,30.829713821411133
2026-05-21,30.849533081054688
2026-05-22,30.95854377746582
2026-05-26,31.05764389038086
2026-05-27,31.10719108581543
2026-05-28,31.21620178222656
2026-05-29,31.275659561157227
2026-06-01,31.253761291503903
2026-06-02,31.29357528686523
2026-06-03,31.084552764892575
2026-06-04,31.10445976257324
2026-06-05,30.76604461669922
2026-06-08,30.825763702392575
2026-06-09,30.74613571166992
2026-06-10,30.62669563293457
2026-06-11,30.875532150268555
2026-06-12,30.9252986907959
2026-06-15,31.154226303100582
2026-06-16,31.044740676879883
2026-06-17,30.94520568847656
2026-06-18,31.084552764892575
2026-06-22,30.696369171142575
2026-06-23,30.63665008544922
2026-06-24,30.5371150970459
2026-06-25,30.29823303222656
2026-06-26,30.218605041503903
2026-06-29,30.46744155883789
2026-06-30,30.347999572753903
2026-07-01,30.469999313354492
2026-07-02,30.479999542236328
2026-07-06,30.739999771118164
2026-07-07,30.510000228881836
2026-07-08,30.450000762939453
2026-07-09,30.559999465942383
2026-07-10,30.540000915527344
2026-07-13,30.350000381469727
