date,adj close
2000-12-29,8.24457836151123
2001-01-02,7.659212589263916
2001-01-03,8.310535430908203
2001-01-04,8.20335578918457
2001-01-05,7.815858840942383
2001-01-08,7.708681106567383
2001-01-09,7.758147716522217
2001-01-10,8.046708106994629
2001-01-11,8.327024459838867
2001-01-12,8.335268020629883
2001-01-16,8.343512535095215
2001-01-17,8.483671188354492
2001-01-18,8.59909439086914
2001-01-19,8.533138275146484
2001-01-22,8.50015926361084
2001-01-23,8.747498512268066
2001-01-24,8.813454627990723
2001-01-25,8.698029518127441
2001-01-26,8.698029518127441
2001-01-29,8.920634269714355
2001-01-30,8.970101356506348
2001-01-31,8.887656211853027
2001-02-01,8.871164321899414
2001-02-02,8.632073402404785
2001-02-05,8.574360847473145
2001-02-06,8.615582466125488
2001-02-07,8.524893760681152
2001-02-08,8.425958633422852
2001-02-09,8.294047355651855
2001-02-12,8.368244171142578
2001-02-13,8.261068344116211
2001-02-14,8.401224136352539
2001-02-15,8.58260726928711
2001-02-16,8.327024459838867
2001-02-20,8.063197135925293
2001-02-21,7.931282043457031
2001-02-22,7.840594291687012
2001-02-23,7.881816387176514
2001-02-26,8.030220031738281
2001-02-27,7.7828803062438965
2001-02-28,7.626235485076904
2001-03-01,7.642723560333252
2001-03-02,7.626235485076904
2001-03-05,7.642723560333252
2001-03-06,7.791126728057861
2001-03-07,7.815858840942383
2001-03-08,7.683948040008545
2001-03-09,7.428364276885986
2001-03-12,7.0656023025512695
2001-03-13,7.189272403717041
2001-03-14,7.0656023025512695
2001-03-15,6.974913120269775
2001-03-16,6.752309322357178
2001-03-19,6.974913120269775
2001-03-20,6.760554790496826
2001-03-21,6.620395660400391
2001-03-22,6.686352252960205
2001-03-23,6.85124397277832
2001-03-26,6.908957004547119
2001-03-27,7.024380207061768
2001-03-28,6.72757625579834
2001-03-29,6.653373718261719
2001-03-30,6.719330310821533
2001-04-02,6.521461486816406
2001-04-03,6.175188064575195
2001-04-04,6.1174774169921875
2001-04-05,6.595662593841553
2001-04-06,6.439015865325928
2001-04-09,6.513216495513916
2001-04-10,6.85124397277832
2001-04-11,6.917200088500977
2001-04-12,7.082092761993408
2001-04-16,6.950179576873779
2001-04-17,7.05735969543457
2001-04-18,7.56852388381958
2001-04-19,7.824106216430664
2001-04-20,7.708681106567383
2001-04-23,7.436609268188477
2001-04-24,7.337674140930176
2001-04-25,7.519054412841797
2001-04-26,7.519054412841797
2001-04-27,7.667458534240723
2001-04-30,7.7828803062438965
2001-05-01,7.898305416107178
2001-05-02,8.013731002807617
2001-05-03,7.7828803062438965
2001-05-04,7.898305416107178
2001-05-07,7.8323493003845215
2001-05-08,7.873572826385498
2001-05-09,7.799371242523193
2001-05-10,7.766392230987549
2001-05-11,7.683948040008545
2001-05-14,7.626235485076904
2001-05-15,7.667458534240723
2001-05-16,7.964262962341309
2001-05-17,8.137397766113281
2001-05-18,8.129152297973633
2001-05-21,8.491915702819824
2001-05-22,8.508403778076172
2001-05-23,8.219844818115234
2001-05-24,8.277555465698242
2001-05-25,8.211599349975586
2001-05-29,8.013731002807617
2001-05-30,7.766392230987549
2001-05-31,7.857083797454834
2001-06-01,7.956018447875977
2001-06-04,7.988994598388672
2001-06-05,8.236332893371582
2001-06-06,8.178620338439941
2001-06-07,8.302290916442871
2001-06-08,8.178620338439941
2001-06-11,8.005484580993652
2001-06-12,8.005484580993652
2001-06-13,7.8900604248046875
2001-06-14,7.650968074798584
2001-06-15,7.650968074798584
2001-06-18,7.552031993865967
2001-06-19,7.560277938842773
2001-06-20,7.6921892166137695
2001-06-21,7.74990177154541
2001-06-22,7.626235485076904
2001-06-25,7.617990016937256
2001-06-26,7.650968074798584
2001-06-27,7.683948040008545
2001-06-28,7.865328788757324
2001-06-29,7.980751037597656
2001-07-02,7.939528465270996
2001-07-03,7.881816387176514
2001-07-05,7.758147716522217
2001-07-06,7.519054412841797
2001-07-09,7.552031993865967
2001-07-10,7.378897190093994
2001-07-11,7.3706536293029785
2001-07-12,7.6757025718688965
2001-07-13,7.6921892166137695
2001-07-16,7.552031993865967
2001-07-17,7.659212589263916
2001-07-18,7.543788433074951
2001-07-19,7.585010528564453
2001-07-20,7.543788433074951
2001-07-23,7.428364276885986
2001-07-24,7.304696083068848
2001-07-25,7.3624091148376465
2001-07-26,7.560277938842773
2001-07-27,7.617990016937256
2001-07-30,7.585010528564453
2001-07-31,7.60150146484375
2001-08-01,7.708681106567383
2001-08-02,7.741657257080078
2001-08-03,7.6921892166137695
2001-08-06,7.585010528564453
2001-08-07,7.560277938842773
2001-08-08,7.387141227722168
2001-08-09,7.354163646697998
2001-08-10,7.354163646697998
2001-08-13,7.436609268188477
2001-08-14,7.4118757247924805
2001-08-15,7.296452045440674
2001-08-16,7.304696083068848
2001-08-17,7.148048400878906
2001-08-20,7.205760955810547
2001-08-21,7.082092761993408
2001-08-22,7.214006423950195
2001-08-23,7.172783374786377
2001-08-24,7.378897190093994
2001-08-27,7.378897190093994
2001-08-28,7.230495452880859
2001-08-29,7.172783374786377
2001-08-30,7.0656023025512695
2001-08-31,7.082092761993408
2001-09-04,7.007892608642578
2001-09-05,6.908957004547119
2001-09-06,6.744065284729004
2001-09-07,6.645130634307861
2001-09-10,6.603906154632568
2001-09-17,6.142210960388184
2001-09-18,6.0020527839660645
2001-09-19,5.90311861038208
2001-09-20,5.713491439819336
2001-09-21,5.61455774307251
2001-09-24,5.861895561218262
2001-09-25,5.886628150939941
2001-09-26,5.7547149658203125
2001-09-27,5.820672035217285
2001-09-28,5.969074249267578
2001-10-01,5.870139122009277
2001-10-02,5.927852153778076
2001-10-03,6.199922561645508
2001-10-04,6.257635116577148
2001-10-05,6.224656581878662
2001-10-08,6.191677570343018
2001-10-09,6.142210960388184
2001-10-10,6.348325252532959
2001-10-11,6.595662593841553
2001-10-12,6.546194076538086
2001-10-15,6.504971981048584
2001-10-16,6.5874176025390625
2001-10-17,6.348325252532959
2001-10-18,6.307102680206299
2001-10-19,6.381302833557129
2001-10-22,6.496728897094727
2001-10-23,6.496728897094727
2001-10-24,6.579173564910889
2001-10-25,6.719330310821533
2001-10-26,6.702841281890869
2001-10-29,6.463749408721924
2001-10-30,6.323591709136963
2001-10-31,6.373058319091797
2001-11-01,6.513216495513916
2001-11-02,6.554440021514893
2001-11-05,6.711087226867676
2001-11-06,6.8347554206848145
2001-11-07,6.826509952545166
2001-11-08,6.785287857055664
2001-11-09,6.777042865753174
2001-11-12,6.810020923614502
2001-11-13,6.983159065246582
2001-11-14,7.049113750457764
2001-11-15,7.049113750457764
2001-11-16,7.032623767852783
2001-11-19,7.148048400878906
2001-11-20,6.999646186828613
2001-11-21,6.991401195526123
2001-11-23,7.073846817016602
2001-11-26,7.205760955810547
2001-11-27,7.189272403717041
2001-11-28,7.032623767852783
2001-11-29,7.148048400878906
2001-11-30,7.123316287994385
2001-12-03,7.032623767852783
2001-12-04,7.214006423950195
2001-12-05,7.494322299957275
2001-12-06,7.527299404144287
2001-12-07,7.436609268188477
2001-12-10,7.312941074371338
2001-12-11,7.3624091148376465
2001-12-12,7.345918655395508
2001-12-13,7.205760955810547
2001-12-14,7.214006423950195
2001-12-17,7.337674140930176
2001-12-18,7.444852352142334
2001-12-19,7.395385265350342
2001-12-20,7.255228519439697
2001-12-21,7.354163646697998
2001-12-24,7.3624091148376465
2001-12-26,7.420119762420654
2001-12-27,7.469588279724121
2001-12-28,7.543788433074951
2001-12-31,7.444852352142334
2002-01-02,7.444852352142334
2002-01-03,7.535543441772461
2002-01-04,7.626235485076904
2002-01-07,7.543788433074951
2002-01-08,7.560277938842773
2002-01-09,7.552031993865967
2002-01-10,7.56852388381958
2002-01-11,7.494322299957275
2002-01-14,7.378897190093994
2002-01-15,7.40363073348999
2002-01-16,7.255228519439697
2002-01-17,7.378897190093994
2002-01-18,7.271717548370361
2002-01-22,7.189272403717041
2002-01-23,7.312941074371338
2002-01-24,7.3706536293029785
2002-01-25,7.378897190093994
2002-01-28,7.378897190093994
2002-01-29,7.222249984741211
2002-01-30,7.312941074371338
2002-01-31,7.378897190093994
2002-02-01,7.354163646697998
2002-02-04,7.156292915344238
2002-02-05,7.1315598487854
2002-02-06,7.082092761993408
2002-02-07,7.016136169433594
2002-02-08,7.172783374786377
2002-02-11,7.271717548370361
2002-02-12,7.230495452880859
2002-02-13,7.321184158325195
2002-02-14,7.304696083068848
2002-02-15,7.205760955810547
2002-02-19,7.016136169433594
2002-02-20,7.098580837249756
2002-02-21,6.950179576873779
2002-02-22,6.983159065246582
2002-02-25,7.106826305389404
2002-02-26,7.148048400878906
2002-02-27,7.139803409576416
2002-02-28,7.09033727645874
2002-03-01,7.279962062835693
2002-03-04,7.527299404144287
2002-03-05,7.527299404144287
2002-03-06,7.593256950378418
2002-03-07,7.56852388381958
2002-03-08,7.725168228149414
2002-03-11,7.716924667358398
2002-03-12,7.642723560333252
2002-03-13,7.560277938842773
2002-03-14,7.576765537261963
2002-03-15,7.6757025718688965
2002-03-18,7.733413219451904
2002-03-19,7.74990177154541
2002-03-20,7.626235485076904
2002-03-21,7.683948040008545
2002-03-22,7.626235485076904
2002-03-25,7.477832794189453
2002-03-26,7.527299404144287
2002-03-27,7.585010528564453
2002-03-28,7.642723560333252
2002-04-01,7.650968074798584
2002-04-02,7.502565383911133
2002-04-03,7.4118757247924805
2002-04-04,7.428364276885986
2002-04-05,7.436609268188477
2002-04-08,7.486077308654785
2002-04-09,7.4613447189331055
2002-04-10,7.552031993865967
2002-04-11,7.395385265350342
2002-04-12,7.519054412841797
2002-04-15,7.519054412841797
2002-04-16,7.6757025718688965
2002-04-17,7.650968074798584
2002-04-18,7.617990016937256
2002-04-19,7.617990016937256
2002-04-22,7.494322299957275
2002-04-23,7.453097343444824
2002-04-24,7.387141227722168
2002-04-25,7.395385265350342
2002-04-26,7.255228519439697
2002-04-29,7.181026458740234
2002-04-30,7.312941074371338
2002-05-01,7.354163646697998
2002-05-02,7.296452045440674
2002-05-03,7.197515964508057
2002-05-06,7.09033727645874
2002-05-07,7.073846817016602
2002-05-08,7.395385265350342
2002-05-09,7.271717548370361
2002-05-10,7.139803409576416
2002-05-13,7.279962062835693
2002-05-14,7.486077308654785
2002-05-15,7.510810852050781
2002-05-16,7.494322299957275
2002-05-17,7.535543441772461
2002-05-20,7.4118757247924805
2002-05-21,7.296452045440674
2002-05-22,7.271717548370361
2002-05-23,7.3624091148376465
2002-05-24,7.296452045440674
2002-05-28,7.238739013671875
2002-05-29,7.181026458740234
2002-05-30,7.172783374786377
2002-05-31,7.197515964508057
2002-06-03,7.007892608642578
2002-06-04,6.991401195526123
2002-06-05,7.049113750457764
2002-06-06,6.900712013244629
2002-06-07,6.941935062408447
2002-06-10,6.958422660827637
2002-06-11,6.818266868591309
2002-06-12,6.793531894683838
2002-06-13,6.6781086921691895
2002-06-14,6.702841281890869
2002-06-17,6.908957004547119
2002-06-18,6.900712013244629
2002-06-19,6.785287857055664
2002-06-20,6.661617755889893
2002-06-21,6.562684535980225
2002-06-24,6.554440021514893
2002-06-25,6.422525882720947
2002-06-26,6.397792816162109
2002-06-27,6.480238914489746
2002-06-28,6.537949085235596
2002-07-01,6.307102680206299
2002-07-02,6.125721454620361
2002-07-03,6.1669440269470215
2002-07-05,6.447259902954102
2002-07-08,6.3153462409973145
2002-07-09,6.142210960388184
2002-07-10,5.952584743499756
2002-07-11,6.0185418128967285
2002-07-12,6.010296821594238
2002-07-15,5.969074249267578
2002-07-16,5.911362171173096
2002-07-17,5.952584743499756
2002-07-18,5.7464704513549805
2002-07-19,5.6063127517700195
2002-07-22,5.449666500091553
2002-07-23,5.284774303436279
2002-07-24,5.5980682373046875
2002-07-25,5.499134063720703
2002-07-26,5.540356159210205
2002-07-29,5.894872665405273
2002-07-30,5.919607162475586
2002-07-31,5.828916549682617
2002-08-01,5.65578031539917
2002-08-02,5.490888595581055
2002-08-05,5.276530742645264
2002-08-06,5.482645034790039
2002-08-07,5.523867130279541
2002-08-08,5.680513858795166
2002-08-09,5.680513858795166
2002-08-12,5.664024829864502
2002-08-13,5.532111644744873
2002-08-14,5.779449939727783
2002-08-15,5.894872665405273
2002-08-16,5.952584743499756
2002-08-19,6.084498405456543
2002-08-20,5.993807792663574
2002-08-21,6.084498405456543
2002-08-22,6.158699989318848
2002-08-23,5.977319717407227
2002-08-26,6.043276309967041
2002-08-27,5.870139122009277
2002-08-28,5.729981422424316
2002-08-29,5.795938491821289
2002-08-30,5.7547149658203125
2002-09-03,5.548599720001221
2002-09-04,5.680513858795166
2002-09-05,5.548599720001221
2002-09-06,5.721735954284668
2002-09-09,5.771204471588135
2002-09-10,5.828916549682617
2002-09-11,5.828916549682617
2002-09-12,5.680513858795166
2002-09-13,5.70524787902832
2002-09-16,5.647536754608154
2002-09-17,5.573335647583008
2002-09-18,5.565090656280518
2002-09-19,5.400198936462402
2002-09-20,5.408442974090576
2002-09-23,5.309508323669434
2002-09-24,5.251795768737793
2002-09-25,5.42493200302124
2002-09-26,5.507377624511719
2002-09-27,5.391953945159912
2002-09-30,5.317752838134766
2002-10-01,5.466155052185059
2002-10-02,5.317752838134766
2002-10-03,5.210572719573975
2002-10-04,5.062170505523682
2002-10-07,4.938501834869385
2002-10-08,5.053926944732666
2002-10-09,4.946746349334717
2002-10-10,5.161105632781982
2002-10-11,5.375463962554932
2002-10-14,5.42493200302124
2002-10-15,5.664024829864502
2002-10-16,5.515623092651367
2002-10-17,5.713491439819336
2002-10-18,5.721735954284668
2002-10-21,5.845405578613281
2002-10-22,5.729981422424316
2002-10-23,5.828916549682617
2002-10-24,5.721735954284668
2002-10-25,5.853649616241455
2002-10-28,5.771204471588135
2002-10-29,5.70524787902832
2002-10-30,5.779449939727783
2002-10-31,5.738226413726807
2002-11-01,5.861895561218262
2002-11-04,5.919607162475586
2002-11-05,5.911362171173096
2002-11-06,5.993807792663574
2002-11-07,5.820672035217285
2002-11-08,5.771204471588135
2002-11-11,5.61455774307251
2002-11-12,5.721735954284668
2002-11-13,5.729981422424316
2002-11-14,5.90311861038208
2002-11-15,5.944340229034424
2002-11-18,5.886628150939941
2002-11-19,5.820672035217285
2002-11-20,5.969074249267578
2002-11-21,6.133966445922852
2002-11-22,6.125721454620361
2002-11-25,6.150455474853516
2002-11-26,5.969074249267578
2002-11-27,6.158699989318848
2002-11-29,6.158699989318848
2002-12-02,6.142210960388184
2002-12-03,6.0185418128967285
2002-12-04,5.977319717407227
2002-12-05,5.911362171173096
2002-12-06,5.944340229034424
2002-12-09,5.7464704513549805
2002-12-10,5.845405578613281
2002-12-11,5.870139122009277
2002-12-12,5.853649616241455
2002-12-13,5.729981422424316
2002-12-16,5.861895561218262
2002-12-17,5.812427520751953
2002-12-18,5.70524787902832
2002-12-19,5.672269821166992
2002-12-20,5.7547149658203125
2002-12-23,5.795938491821289
2002-12-24,5.762959957122803
2002-12-26,5.771204471588135
2002-12-27,5.680513858795166
2002-12-30,5.680513858795166
2002-12-31,5.69700288772583
2003-01-02,5.886628150939941
2003-01-03,5.878384113311768
2003-01-06,6.0020527839660645
2003-01-07,5.985564708709717
2003-01-08,5.878384113311768
2003-01-09,6.010296821594238
2003-01-10,6.026785850524902
2003-01-13,5.993807792663574
2003-01-14,6.0185418128967285
2003-01-15,5.93609619140625
2003-01-16,5.90311861038208
2003-01-17,5.804182529449463
2003-01-21,5.70524787902832
2003-01-22,5.65578031539917
2003-01-23,5.738226413726807
2003-01-24,5.589824676513672
2003-01-27,5.507377624511719
2003-01-28,5.581578731536865
2003-01-29,5.631047248840332
2003-01-30,5.507377624511719
2003-01-31,5.573335647583008
2003-02-03,5.573335647583008
2003-02-04,5.474400043487549
2003-02-05,5.466155052185059
2003-02-06,5.4331769943237305
2003-02-07,5.375463962554932
2003-02-10,5.416687488555908
2003-02-11,5.391953945159912
2003-02-12,5.309508323669434
2003-02-13,5.260040760040283
2003-02-14,5.367220401763916
2003-02-18,5.499134063720703
2003-02-19,5.441422462463379
2003-02-20,5.4331769943237305
2003-02-21,5.515623092651367
2003-02-24,5.391953945159912
2003-02-25,5.4331769943237305
2003-02-26,5.358974456787109
2003-02-27,5.4331769943237305
2003-02-28,5.490888595581055
2003-03-03,5.42493200302124
2003-03-04,5.350731372833252
2003-03-05,5.367220401763916
2003-03-06,5.334242820739746
2003-03-07,5.375463962554932
2003-03-10,5.243550777435303
2003-03-11,5.194084644317627
2003-03-12,5.218817710876465
2003-03-13,5.449666500091553
2003-03-14,5.457910537719727
2003-03-17,5.69700288772583
2003-03-18,5.713491439819336
2003-03-19,5.688760280609131
2003-03-20,5.738226413726807
2003-03-21,5.845405578613281
2003-03-24,5.639290809631348
2003-03-25,5.721735954284668
2003-03-26,5.70524787902832
2003-03-27,5.69700288772583
2003-03-28,5.664024829864502
2003-03-31,5.573335647583008
2003-04-01,5.5980682373046875
2003-04-02,5.762959957122803
2003-04-03,5.7547149658203125
2003-04-04,5.70524787902832
2003-04-07,5.738226413726807
2003-04-08,5.70524787902832
2003-04-09,5.631047248840332
2003-04-10,5.664024829864502
2003-04-11,5.664024829864502
2003-04-14,5.771204471588135
2003-04-15,5.828916549682617
2003-04-16,5.762959957122803
2003-04-17,5.878384113311768
2003-04-21,5.861895561218262
2003-04-22,5.985564708709717
2003-04-23,6.043276309967041
2003-04-24,5.985564708709717
2003-04-25,5.886628150939941
2003-04-28,6.010296821594238
2003-04-29,6.059764385223389
2003-04-30,6.0680084228515625
2003-05-01,6.059764385223389
2003-05-02,6.1834330558776855
2003-05-05,6.191677570343018
2003-05-06,6.257635116577148
2003-05-07,6.208166599273682
2003-05-08,6.133966445922852
2003-05-09,6.216411113739014
2003-05-12,6.3153462409973145
2003-05-13,6.29885721206665
2003-05-14,6.265879154205322
2003-05-15,6.331836223602295
2003-05-16,6.3153462409973145
2003-05-19,6.133966445922852
2003-05-20,6.125721454620361
2003-05-21,6.142210960388184
2003-05-22,6.232900142669678
2003-05-23,6.249390125274658
2003-05-27,6.397792816162109
2003-05-28,6.422525882720947
2003-05-29,6.439015865325928
2003-05-30,6.562684535980225
2003-06-02,6.562684535980225
2003-06-03,6.562684535980225
2003-06-04,6.694596767425537
2003-06-05,6.752309322357178
2003-06-06,6.719330310821533
2003-06-09,6.5874176025390625
2003-06-10,6.653373718261719
2003-06-11,6.752309322357178
2003-06-12,6.752309322357178
2003-06-13,6.669864654541016
2003-06-16,6.8347554206848145
2003-06-17,6.8347554206848145
2003-06-18,6.8347554206848145
2003-06-19,6.694596767425537
2003-06-20,6.694596767425537
2003-06-23,6.5874176025390625
2003-06-24,6.595662593841553
2003-06-25,6.5874176025390625
2003-06-26,6.686352252960205
2003-06-27,6.645130634307861
2003-06-30,6.645130634307861
2003-07-01,6.694596767425537
2003-07-02,6.793531894683838
2003-07-03,6.760554790496826
2003-07-07,6.917200088500977
2003-07-08,6.991401195526123
2003-07-09,6.983159065246582
2003-07-10,6.875977993011475
2003-07-11,6.925444602966309
2003-07-14,7.007892608642578
2003-07-15,6.991401195526123
2003-07-16,6.933690547943115
2003-07-17,6.785287857055664
2003-07-18,6.8347554206848145
2003-07-21,6.752309322357178
2003-07-22,6.810020923614502
2003-07-23,6.8429999351501465
2003-07-24,6.826509952545166
2003-07-25,6.900712013244629
2003-07-28,6.925444602966309
2003-07-29,6.925444602966309
2003-07-30,6.884222507476807
2003-07-31,6.917200088500977
2003-08-01,6.85124397277832
2003-08-04,6.8429999351501465
2003-08-05,6.711087226867676
2003-08-06,6.669864654541016
2003-08-07,6.694596767425537
2003-08-08,6.711087226867676
2003-08-11,6.760554790496826
2003-08-12,6.85124397277832
2003-08-13,6.85124397277832
2003-08-14,6.900712013244629
2003-08-15,6.917200088500977
2003-08-18,7.024380207061768
2003-08-19,7.082092761993408
2003-08-20,7.082092761993408
2003-08-21,7.148048400878906
2003-08-22,7.073846817016602
2003-08-25,7.049113750457764
2003-08-26,7.05735969543457
2003-08-27,7.09033727645874
2003-08-28,7.156292915344238
2003-08-29,7.197515964508057
2003-09-02,7.296452045440674
2003-09-03,7.288207530975342
2003-09-04,7.312941074371338
2003-09-05,7.238739013671875
2003-09-08,7.32943058013916
2003-09-09,7.255228519439697
2003-09-10,7.106826305389404
2003-09-11,7.1645379066467285
2003-09-12,7.189272403717041
2003-09-15,7.156292915344238
2003-09-16,7.271717548370361
2003-09-17,7.263472557067871
2003-09-18,7.3624091148376465
2003-09-19,7.337674140930176
2003-09-22,7.238739013671875
2003-09-23,7.304696083068848
2003-09-24,7.148048400878906
2003-09-25,7.0656023025512695
2003-09-26,6.966669082641602
2003-09-29,7.040870189666748
2003-09-30,6.983159065246582
2003-10-01,7.139803409576416
2003-10-02,7.148048400878906
2003-10-03,7.263472557067871
2003-10-06,7.279962062835693
2003-10-07,7.32943058013916
2003-10-08,7.304696083068848
2003-10-09,7.354163646697998
2003-10-10,7.354163646697998
2003-10-13,7.428364276885986
2003-10-14,7.4613447189331055
2003-10-15,7.40363073348999
2003-10-16,7.453097343444824
2003-10-17,7.345918655395508
2003-10-20,7.40363073348999
2003-10-21,7.444852352142334
2003-10-22,7.32943058013916
2003-10-23,7.32943058013916
2003-10-24,7.32943058013916
2003-10-27,7.3706536293029785
2003-10-28,7.519054412841797
2003-10-29,7.552031993865967
2003-10-30,7.543788433074951
2003-10-31,7.543788433074951
2003-11-03,7.642723560333252
2003-11-04,7.593256950378418
2003-11-05,7.609745979309082
2003-11-06,7.642723560333252
2003-11-07,7.634479522705078
2003-11-10,7.543788433074951
2003-11-11,7.527299404144287
2003-11-12,7.659212589263916
2003-11-13,7.6757025718688965
2003-11-14,7.56852388381958
2003-11-17,7.494322299957275
2003-11-18,7.387141227722168
2003-11-19,7.428364276885986
2003-11-20,7.387141227722168
2003-11-21,7.436609268188477
2003-11-24,7.609745979309082
2003-11-25,7.626235485076904
2003-11-26,7.650968074798584
2003-11-28,7.683948040008545
2003-12-01,7.791126728057861
2003-12-02,7.758147716522217
2003-12-03,7.6757025718688965
2003-12-04,7.659212589263916
2003-12-05,7.56852388381958
2003-12-08,7.617990016937256
2003-12-09,7.502565383911133
2003-12-10,7.486077308654785
2003-12-11,7.617990016937256
2003-12-12,7.626235485076904
2003-12-15,7.527299404144287
2003-12-16,7.527299404144287
2003-12-17,7.543788433074951
2003-12-18,7.659212589263916
2003-12-19,7.650968074798584
2003-12-22,7.6757025718688965
2003-12-23,7.725168228149414
2003-12-24,7.716924667358398
2003-12-26,7.725168228149414
2003-12-29,7.824106216430664
2003-12-30,7.824106216430664
2003-12-31,7.807615280151367
2004-01-02,7.791126728057861
2004-01-05,7.8900604248046875
2004-01-06,7.90654993057251
2004-01-07,7.939528465270996
2004-01-08,7.980751037597656
2004-01-09,7.939528465270996
2004-01-12,8.013731002807617
2004-01-13,7.964262962341309
2004-01-14,8.038463592529297
2004-01-15,8.071439743041992
2004-01-16,8.137397766113281
2004-01-20,8.145642280578613
2004-01-21,8.153887748718262
2004-01-22,8.137397766113281
2004-01-23,8.120908737182617
2004-01-26,8.211599349975586
2004-01-27,8.120908737182617
2004-01-28,8.005484580993652
2004-01-29,8.054953575134277
2004-01-30,8.063197135925293
2004-02-02,8.071439743041992
2004-02-03,8.063197135925293
2004-02-04,7.997241497039795
2004-02-05,8.005484580993652
2004-02-06,8.153887748718262
2004-02-09,8.145642280578613
2004-02-10,8.18686580657959
2004-02-11,8.285801887512207
2004-02-12,8.236332893371582
2004-02-13,8.17037582397461
2004-02-17,8.261068344116211
2004-02-18,8.24457836151123
2004-02-19,8.162131309509277
2004-02-20,8.129152297973633
2004-02-23,8.030220031738281
2004-02-24,8.046708106994629
2004-02-25,8.07968807220459
2004-02-26,8.120908737182617
2004-02-27,8.145642280578613
2004-03-01,8.252822875976562
2004-03-02,8.18686580657959
2004-03-03,8.18686580657959
2004-03-04,8.236332893371582
2004-03-05,8.252822875976562
2004-03-08,8.162131309509277
2004-03-09,8.096174240112305
2004-03-10,7.980751037597656
2004-03-11,7.873572826385498
2004-03-12,7.997241497039795
2004-03-15,7.8488383293151855
2004-03-16,7.873572826385498
2004-03-17,7.997241497039795
2004-03-18,7.972507953643799
2004-03-19,7.90654993057251
2004-03-22,7.7828803062438965
2004-03-23,7.791126728057861
2004-03-24,7.799371242523193
2004-03-25,7.956018447875977
2004-03-26,7.947775363922119
2004-03-29,8.063197135925293
2004-03-30,8.096174240112305
2004-03-31,8.112665176391602
2004-04-01,8.18686580657959
2004-04-02,8.302290916442871
2004-04-05,8.384736061096191
2004-04-06,8.335268020629883
2004-04-07,8.310535430908203
2004-04-08,8.318779945373535
2004-04-12,8.368244171142578
2004-04-13,8.24457836151123
2004-04-14,8.219844818115234
2004-04-15,8.17037582397461
2004-04-16,8.20335578918457
2004-04-19,8.252822875976562
2004-04-20,8.129152297973633
2004-04-21,8.211599349975586
2004-04-22,8.376492500305176
2004-04-23,8.376492500305176
2004-04-26,8.310535430908203
2004-04-27,8.318779945373535
2004-04-28,8.195110321044922
2004-04-29,8.112665176391602
2004-04-30,8.038463592529297
2004-05-03,8.120908737182617
2004-05-04,8.137397766113281
2004-05-05,8.18686580657959
2004-05-06,8.10442066192627
2004-05-07,7.997241497039795
2004-05-10,7.873572826385498
2004-05-11,7.964262962341309
2004-05-12,7.947775363922119
2004-05-13,7.964262962341309
2004-05-14,7.914793968200684
2004-05-17,7.807615280151367
2004-05-18,7.898305416107178
2004-05-19,7.8900604248046875
2004-05-20,7.865328788757324
2004-05-21,7.923038005828857
2004-05-24,7.964262962341309
2004-05-25,8.112665176391602
2004-05-26,8.137397766113281
2004-05-27,8.18686580657959
2004-05-28,8.20335578918457
2004-06-01,8.22808837890625
2004-06-02,8.236332893371582
2004-06-03,8.153887748718262
2004-06-04,8.211599349975586
2004-06-07,8.368244171142578
2004-06-08,8.376492500305176
2004-06-09,8.261068344116211
2004-06-10,8.269311904907227
2004-06-14,8.162131309509277
2004-06-15,8.219844818115234
2004-06-16,8.22808837890625
2004-06-17,8.178620338439941
2004-06-18,8.17037582397461
2004-06-21,8.129152297973633
2004-06-22,8.178620338439941
2004-06-23,8.22808837890625
2004-06-24,8.211599349975586
2004-06-25,8.285801887512207
2004-06-28,8.236332893371582
2004-06-29,8.269311904907227
2004-06-30,8.335268020629883
2004-07-01,8.22808837890625
2004-07-02,8.178620338439941
2004-07-06,8.046708106994629
2004-07-07,8.063197135925293
2004-07-08,7.947775363922119
2004-07-09,7.972507953643799
2004-07-12,7.947775363922119
2004-07-13,7.939528465270996
2004-07-14,7.898305416107178
2004-07-15,7.90654993057251
2004-07-16,7.799371242523193
2004-07-19,7.774637222290039
2004-07-20,7.881816387176514
2004-07-21,7.741657257080078
2004-07-22,7.74990177154541
2004-07-23,7.642723560333252
2004-07-26,7.56852388381958
2004-07-27,7.6757025718688965
2004-07-28,7.626235485076904
2004-07-29,7.708681106567383
2004-07-30,7.74990177154541
2004-08-02,7.733413219451904
2004-08-03,7.642723560333252
2004-08-04,7.60150146484375
2004-08-05,7.469588279724121
2004-08-06,7.321184158325195
2004-08-09,7.321184158325195
2004-08-10,7.444852352142334
2004-08-11,7.4118757247924805
2004-08-12,7.312941074371338
2004-08-13,7.304696083068848
2004-08-16,7.428364276885986
2004-08-17,7.4613447189331055
2004-08-18,7.576765537261963
2004-08-19,7.543788433074951
2004-08-20,7.617990016937256
2004-08-23,7.593256950378418
2004-08-24,7.576765537261963
2004-08-25,7.659212589263916
2004-08-26,7.650968074798584
2004-08-27,7.6757025718688965
2004-08-30,7.593256950378418
2004-08-31,7.617990016937256
2004-09-01,7.667458534240723
2004-09-02,7.774637222290039
2004-09-03,7.716924667358398
2004-09-07,7.774637222290039
2004-09-08,7.733413219451904
2004-09-09,7.774637222290039
2004-09-10,7.8488383293151855
2004-09-13,7.90654993057251
2004-09-14,7.923038005828857
2004-09-15,7.857083797454834
2004-09-16,7.8900604248046875
2004-09-17,7.914793968200684
2004-09-20,7.8900604248046875
2004-09-21,7.947775363922119
2004-09-22,7.824106216430664
2004-09-23,7.824106216430664
2004-09-24,7.840594291687012
2004-09-27,7.758147716522217
2004-09-28,7.791126728057861
2004-09-29,7.873572826385498
2004-09-30,7.90654993057251
2004-10-01,8.038463592529297
2004-10-04,8.063197135925293
2004-10-05,8.030220031738281
2004-10-06,8.07968807220459
2004-10-07,7.980751037597656
2004-10-08,7.873572826385498
2004-10-11,7.898305416107178
2004-10-12,7.881816387176514
2004-10-13,7.857083797454834
2004-10-14,7.7828803062438965
2004-10-15,7.799371242523193
2004-10-18,7.873572826385498
2004-10-19,7.799371242523193
2004-10-20,7.824106216430664
2004-10-21,7.931282043457031
2004-10-22,7.8323493003845215
2004-10-25,7.8323493003845215
2004-10-26,7.923038005828857
2004-10-27,8.120908737182617
2004-10-28,8.112665176391602
2004-10-29,8.120908737182617
2004-11-01,8.120908737182617
2004-11-02,8.129152297973633
2004-11-03,8.22808837890625
2004-11-04,8.343512535095215
2004-11-05,8.376492500305176
2004-11-08,8.360002517700195
2004-11-09,8.368244171142578
2004-11-10,8.384736061096191
2004-11-11,8.483671188354492
2004-11-12,8.54138469696045
2004-11-15,8.557872772216797
2004-11-16,8.50015926361084
2004-11-17,8.549630165100098
2004-11-18,8.566117286682129
2004-11-19,8.425958633422852
2004-11-22,8.491915702819824
2004-11-23,8.50015926361084
2004-11-24,8.58260726928711
2004-11-26,8.58260726928711
2004-11-29,8.58260726928711
2004-11-30,8.557872772216797
2004-12-01,8.714517593383789
2004-12-02,8.731008529663086
2004-12-03,8.731008529663086
2004-12-06,8.747498512268066
2004-12-07,8.615582466125488
2004-12-08,8.673296928405762
2004-12-09,8.722763061523438
2004-12-10,8.739253997802734
2004-12-13,8.80521011352539
2004-12-14,8.854677200317383
2004-12-15,8.854677200317383
2004-12-16,8.755742073059082
2004-12-17,8.747498512268066
2004-12-20,8.714517593383789
2004-12-21,8.788719177246094
2004-12-22,8.821697235107422
2004-12-23,8.829941749572754
2004-12-27,8.788719177246094
2004-12-28,8.887656211853027
2004-12-29,8.904144287109375
2004-12-30,8.920634269714355
2004-12-31,8.904144287109375
2005-01-03,8.788719177246094
2005-01-04,8.656807899475098
2005-01-05,8.607337951660156
2005-01-06,8.59909439086914
2005-01-07,8.590849876403809
2005-01-10,8.62382698059082
2005-01-11,8.58260726928711
2005-01-12,8.615582466125488
2005-01-13,8.533138275146484
2005-01-14,8.615582466125488
2005-01-18,8.698029518127441
2005-01-19,8.607337951660156
2005-01-20,8.524893760681152
2005-01-21,8.45893669128418
2005-01-24,8.39298152923584
2005-01-25,8.409469604492188
2005-01-26,8.50015926361084
2005-01-27,8.491915702819824
2005-01-28,8.45893669128418
2005-01-31,8.574360847473145
2005-02-01,8.632073402404785
2005-02-02,8.648561477661133
2005-02-03,8.615582466125488
2005-02-04,8.731008529663086
2005-02-07,8.698029518127441
2005-02-08,8.698029518127441
2005-02-09,8.574360847473145
2005-02-10,8.58260726928711
2005-02-11,8.698029518127441
2005-02-14,8.698029518127441
2005-02-15,8.731008529663086
2005-02-16,8.714517593383789
2005-02-17,8.6403169631958
2005-02-18,8.607337951660156
2005-02-22,8.475422859191895
2005-02-23,8.508403778076172
2005-02-24,8.590849876403809
2005-02-25,8.656807899475098
2005-02-28,8.59909439086914
2005-03-01,8.681540489196777
2005-03-02,8.689785957336426
2005-03-03,8.689785957336426
2005-03-04,8.747498512268066
2005-03-07,8.796964645385742
2005-03-08,8.731008529663086
2005-03-09,8.648561477661133
2005-03-10,8.648561477661133
2005-03-11,8.590849876403809
2005-03-14,8.6403169631958
2005-03-15,8.590849876403809
2005-03-16,8.516648292541504
2005-03-17,8.533138275146484
2005-03-18,8.516648292541504
2005-03-21,8.491915702819824
2005-03-22,8.434205055236816
2005-03-23,8.425958633422852
2005-03-24,8.425958633422852
2005-03-28,8.450691223144531
2005-03-29,8.376492500305176
2005-03-30,8.508403778076172
2005-03-31,8.475422859191895
2005-04-01,8.425958633422852
2005-04-04,8.434205055236816
2005-04-05,8.483671188354492
2005-04-06,8.50015926361084
2005-04-07,8.566117286682129
2005-04-08,8.483671188354492
2005-04-11,8.450691223144531
2005-04-12,8.491915702819824
2005-04-13,8.376492500305176
2005-04-14,8.261068344116211
2005-04-15,8.120908737182617
2005-04-18,8.145642280578613
2005-04-19,8.22808837890625
2005-04-20,8.120908737182617
2005-04-21,8.285801887512207
2005-04-22,8.18686580657959
2005-04-25,8.285801887512207
2005-04-26,8.219844818115234
2005-04-27,8.24457836151123
2005-04-28,8.129152297973633
2005-04-29,8.195110321044922
2005-05-02,8.22808837890625
2005-05-03,8.219844818115234
2005-05-04,8.335268020629883
2005-05-05,8.318779945373535
2005-05-06,8.335268020629883
2005-05-09,8.384736061096191
2005-05-10,8.310535430908203
2005-05-11,8.343512535095215
2005-05-12,8.294047355651855
2005-05-13,8.269311904907227
2005-05-16,8.368244171142578
2005-05-17,8.425958633422852
2005-05-18,8.549630165100098
2005-05-19,8.59909439086914
2005-05-20,8.59909439086914
2005-05-23,8.632073402404785
2005-05-24,8.6403169631958
2005-05-25,8.566117286682129
2005-05-26,8.62382698059082
2005-05-27,8.632073402404785
2005-05-31,8.607337951660156
2005-06-01,8.673296928405762
2005-06-02,8.722763061523438
2005-06-03,8.665053367614746
2005-06-06,8.689785957336426
2005-06-07,8.689785957336426
2005-06-08,8.648561477661133
2005-06-09,8.70627498626709
2005-06-10,8.648561477661133
2005-06-13,8.681540489196777
2005-06-14,8.70627498626709
2005-06-15,8.70627498626709
2005-06-16,8.763985633850098
2005-06-17,8.772229194641113
2005-06-20,8.747498512268066
2005-06-21,8.747498512268066
2005-06-22,8.747498512268066
2005-06-23,8.665053367614746
2005-06-24,8.607337951660156
2005-06-27,8.59909439086914
2005-06-28,8.714517593383789
2005-06-29,8.70627498626709
2005-06-30,8.673296928405762
2005-07-01,8.689785957336426
2005-07-05,8.763985633850098
2005-07-06,8.722763061523438
2005-07-07,8.739253997802734
2005-07-08,8.854677200317383
2005-07-11,8.928877830505371
2005-07-12,8.945367813110352
2005-07-13,8.93712329864502
2005-07-14,8.95361042022705
2005-07-15,8.95361042022705
2005-07-18,8.928877830505371
2005-07-19,9.003080368041992
2005-07-20,9.052545547485352
2005-07-21,8.978346824645996
2005-07-22,9.01956844329834
2005-07-25,8.970101356506348
2005-07-26,9.011323928833008
2005-07-27,9.052545547485352
2005-07-28,9.143237113952637
2005-07-29,9.077281951904297
2005-08-01,9.093770027160645
2005-08-02,9.134990692138672
2005-08-03,9.11850357055664
2005-08-04,9.027812004089355
2005-08-05,8.945367813110352
2005-08-08,8.904144287109375
2005-08-09,8.95361042022705
2005-08-10,8.928877830505371
2005-08-11,8.986590385437012
2005-08-12,8.945367813110352
2005-08-15,8.978346824645996
2005-08-16,8.887656211853027
2005-08-17,8.920634269714355
2005-08-18,8.904144287109375
2005-08-19,8.904144287109375
2005-08-22,8.912388801574707
2005-08-23,8.887656211853027
2005-08-24,8.871164321899414
2005-08-25,8.887656211853027
2005-08-26,8.829941749572754
2005-08-29,8.879409790039062
2005-08-30,8.829941749572754
2005-08-31,8.945367813110352
2005-09-01,8.93712329864502
2005-09-02,8.912388801574707
2005-09-06,9.027812004089355
2005-09-07,9.060789108276367
2005-09-08,9.011323928833008
2005-09-09,9.069034576416016
2005-09-12,9.085526466369629
2005-09-13,9.027812004089355
2005-09-14,8.9618558883667
2005-09-15,8.945367813110352
2005-09-16,9.003080368041992
2005-09-19,8.928877830505371
2005-09-20,8.862921714782715
2005-09-21,8.755742073059082
2005-09-22,8.788719177246094
2005-09-23,8.838187217712402
2005-09-26,8.846431732177734
2005-09-27,8.854677200317383
2005-09-28,8.854677200317383
2005-09-29,8.945367813110352
2005-09-30,9.011323928833008
2005-10-03,9.036059379577637
2005-10-04,8.970101356506348
2005-10-05,8.821697235107422
2005-10-06,8.747498512268066
2005-10-07,8.772229194641113
2005-10-10,8.698029518127441
2005-10-11,8.62382698059082
2005-10-12,8.533138275146484
2005-10-13,8.549630165100098
2005-10-14,8.648561477661133
2005-10-17,8.673296928405762
2005-10-18,8.615582466125488
2005-10-19,8.731008529663086
2005-10-20,8.656807899475098
2005-10-21,8.722763061523438
2005-10-24,8.854677200317383
2005-10-25,8.796964645385742
2005-10-26,8.747498512268066
2005-10-27,8.648561477661133
2005-10-28,8.763985633850098
2005-10-31,8.871164321899414
2005-11-01,8.879409790039062
2005-11-02,8.986590385437012
2005-11-03,9.027812004089355
2005-11-04,9.04430103302002
2005-11-07,9.077281951904297
2005-11-08,9.036059379577637
2005-11-09,9.060789108276367
2005-11-10,9.192703247070312
2005-11-11,9.209192276000977
2005-11-14,9.200948715209961
2005-11-15,9.151482582092285
2005-11-16,9.159725189208984
2005-11-17,9.29163932800293
2005-11-18,9.324617385864258
2005-11-21,9.390573501586914
2005-11-22,9.415308952331543
2005-11-23,9.440041542053223
2005-11-25,9.440041542053223
2005-11-28,9.332862854003906
2005-11-29,9.341105461120605
2005-11-30,9.316372871398926
2005-12-01,9.45653247833252
2005-12-02,9.489509582519531
2005-12-05,9.45653247833252
2005-12-06,9.47301959991455
2005-12-07,9.431796073913574
2005-12-08,9.415308952331543
2005-12-09,9.464774131774902
2005-12-12,9.464774131774902
2005-12-13,9.497754096984863
2005-12-14,9.530732154846191
2005-12-15,9.489509582519531
2005-12-16,9.45653247833252
2005-12-19,9.341105461120605
2005-12-20,9.35759449005127
2005-12-21,9.39881706237793
2005-12-22,9.448286056518555
2005-12-23,9.464774131774902
2005-12-27,9.365839958190918
2005-12-28,9.390573501586914
2005-12-29,9.374085426330566
2005-12-30,9.316372871398926
2006-01-03,9.415308952331543
2006-01-04,9.464774131774902
2006-01-05,9.4812650680542
2006-01-06,9.588444709777832
2006-01-09,9.662646293640137
2006-01-10,9.670889854431152
2006-01-11,9.712113380432129
2006-01-12,9.637910842895508
2006-01-13,9.629666328430176
2006-01-17,9.580199241638184
2006-01-18,9.555463790893555
2006-01-19,9.637910842895508
2006-01-20,9.47301959991455
2006-01-23,9.464774131774902
2006-01-24,9.53897476196289
2006-01-25,9.505998611450195
2006-01-26,9.646157264709473
2006-01-27,9.728602409362793
2006-01-30,9.712113380432129
2006-01-31,9.712113380432129
2006-02-01,9.728602409362793
2006-02-02,9.646157264709473
2006-02-03,9.588444709777832
2006-02-06,9.59669017791748
2006-02-07,9.522488594055176
2006-02-08,9.580199241638184
2006-02-09,9.571956634521484
2006-02-10,9.580199241638184
2006-02-13,9.547219276428223
2006-02-14,9.62142276763916
2006-02-15,9.6791353225708
2006-02-16,9.745091438293457
2006-02-17,9.720356941223145
2006-02-21,9.646157264709473
2006-02-22,9.761580467224121
2006-02-23,9.736846923828125
2006-02-24,9.778067588806152
2006-02-27,9.844024658203125
2006-02-28,9.736846923828125
2006-03-01,9.83578109741211
2006-03-02,9.827536582946777
2006-03-03,9.794557571411133
2006-03-06,9.720356941223145
2006-03-07,9.654398918151855
2006-03-08,9.654398918151855
2006-03-09,9.613178253173828
2006-03-10,9.662646293640137
2006-03-13,9.687378883361816
2006-03-14,9.794557571411133
2006-03-15,9.83578109741211
2006-03-16,9.811047554016113
2006-03-17,9.844024658203125
2006-03-20,9.844024658203125
2006-03-21,9.7863130569458
2006-03-22,9.852270126342773
2006-03-23,9.827536582946777
2006-03-24,9.844024658203125
2006-03-27,9.83578109741211
2006-03-28,9.794557571411133
2006-03-29,9.893492698669434
2006-03-30,9.901739120483398
2006-03-31,9.901739120483398
2006-04-03,9.885248184204102
2006-04-04,9.942962646484375
2006-04-05,9.967696189880371
2006-04-06,9.967696189880371
2006-04-07,9.893492698669434
2006-04-10,9.87700366973877
2006-04-11,9.761580467224121
2006-04-12,9.7863130569458
2006-04-13,9.819292068481445
2006-04-17,9.7863130569458
2006-04-18,9.934718132019043
2006-04-19,10.008917808532715
2006-04-20,10.041895866394043
2006-04-21,9.975940704345703
2006-04-24,9.934718132019043
2006-04-25,9.893492698669434
2006-04-26,9.868760108947754
2006-04-27,9.844024658203125
2006-04-28,9.860515594482422
2006-05-01,9.778067588806152
2006-05-02,9.811047554016113
2006-05-03,9.802803993225098
2006-05-04,9.860515594482422
2006-05-05,9.967696189880371
2006-05-08,9.975940704345703
2006-05-09,9.942962646484375
2006-05-10,9.926472663879395
2006-05-11,9.802803993225098
2006-05-12,9.670889854431152
2006-05-15,9.646157264709473
2006-05-16,9.637910842895508
2006-05-17,9.47301959991455
2006-05-18,9.390573501586914
2006-05-19,9.423552513122559
2006-05-22,9.332862854003906
2006-05-23,9.29163932800293
2006-05-24,9.283394813537598
2006-05-25,9.390573501586914
2006-05-26,9.45653247833252
2006-05-30,9.283394813537598
2006-05-31,9.415308952331543
2006-06-01,9.555463790893555
2006-06-02,9.555463790893555
2006-06-05,9.341105461120605
2006-06-06,9.283394813537598
2006-06-07,9.258663177490234
2006-06-08,9.225683212280273
2006-06-09,9.209192276000977
2006-06-12,9.01956844329834
2006-06-13,8.904144287109375
2006-06-14,8.93712329864502
2006-06-15,9.217439651489258
2006-06-16,9.176214218139648
2006-06-19,9.069034576416016
2006-06-20,9.036059379577637
2006-06-21,9.184459686279297
2006-06-22,9.126747131347656
2006-06-23,9.159725189208984
2006-06-26,9.176214218139648
2006-06-27,9.052545547485352
2006-06-28,9.077281951904297
2006-06-29,9.341105461120605
2006-06-30,9.382330894470215
2006-07-03,9.431796073913574
2006-07-05,9.29163932800293
2006-07-06,9.299881935119629
2006-07-07,9.192703247070312
2006-07-10,9.167969703674316
2006-07-11,9.225683212280273
2006-07-12,9.134990692138672
2006-07-13,8.986590385437012
2006-07-14,8.904144287109375
2006-07-17,8.879409790039062
2006-07-18,8.879409790039062
2006-07-19,9.077281951904297
2006-07-20,8.912388801574707
2006-07-21,8.796964645385742
2006-07-24,8.978346824645996
2006-07-25,9.060789108276367
2006-07-26,8.978346824645996
2006-07-27,8.904144287109375
2006-07-28,9.036059379577637
2006-07-31,9.036059379577637
2006-08-01,8.93712329864502
2006-08-02,9.036059379577637
2006-08-03,9.093770027160645
2006-08-04,9.077281951904297
2006-08-07,9.027812004089355
2006-08-08,8.9618558883667
2006-08-09,8.904144287109375
2006-08-10,8.978346824645996
2006-08-11,8.912388801574707
2006-08-14,8.928877830505371
2006-08-15,9.10201358795166
2006-08-16,9.233928680419922
2006-08-17,9.283394813537598
2006-08-18,9.283394813537598
2006-08-21,9.200948715209961
2006-08-22,9.184459686279297
2006-08-23,9.11850357055664
2006-08-24,9.10201358795166
2006-08-25,9.085526466369629
2006-08-28,9.176214218139648
2006-08-29,9.217439651489258
2006-08-30,9.25041675567627
2006-08-31,9.258663177490234
2006-09-01,9.29163932800293
2006-09-05,9.316372871398926
2006-09-06,9.192703247070312
2006-09-07,9.134990692138672
2006-09-08,9.184459686279297
2006-09-11,9.209192276000977
2006-09-12,9.374085426330566
2006-09-13,9.431796073913574
2006-09-14,9.407065391540527
2006-09-15,9.448286056518555
2006-09-18,9.415308952331543
2006-09-19,9.374085426330566
2006-09-20,9.440041542053223
2006-09-21,9.365839958190918
2006-09-22,9.308125495910645
2006-09-25,9.39881706237793
2006-09-26,9.45653247833252
2006-09-27,9.45653247833252
2006-09-28,9.4812650680542
2006-09-29,9.448286056518555
2006-10-02,9.382330894470215
2006-10-03,9.382330894470215
2006-10-04,9.555463790893555
2006-10-05,9.646157264709473
2006-10-06,9.588444709777832
2006-10-09,9.613178253173828
2006-10-10,9.613178253173828
2006-10-11,9.563712120056152
2006-10-12,9.6791353225708
2006-10-13,9.6791353225708
2006-10-16,9.728602409362793
2006-10-17,9.670889854431152
2006-10-18,9.646157264709473
2006-10-19,9.654398918151855
2006-10-20,9.637910842895508
2006-10-23,9.712113380432129
2006-10-24,9.695623397827148
2006-10-25,9.703868865966797
2006-10-26,9.811047554016113
2006-10-27,9.728602409362793
2006-10-30,9.761580467224121
2006-10-31,9.745091438293457
2006-11-01,9.629666328430176
2006-11-02,9.646157264709473
2006-11-03,9.629666328430176
2006-11-06,9.769824028015137
2006-11-07,9.811047554016113
2006-11-08,9.844024658203125
2006-11-09,9.745091438293457
2006-11-10,9.819292068481445
2006-11-13,9.87700366973877
2006-11-14,9.967696189880371
2006-11-15,10.050140380859375
2006-11-16,10.091361999511719
2006-11-17,10.066628456115723
2006-11-20,10.066628456115723
2006-11-21,10.091361999511719
2006-11-22,10.140830039978027
2006-11-24,10.116097450256348
2006-11-27,9.926472663879395
2006-11-28,9.942962646484375
2006-11-29,10.033649444580078
2006-11-30,10.05838394165039
2006-12-01,10.008917808532715
2006-12-04,10.19029712677002
2006-12-05,10.223278045654297
2006-12-06,10.231520652770996
2006-12-07,10.16556453704834
2006-12-08,10.173809051513672
2006-12-11,10.16556453704834
2006-12-12,10.132586479187012
2006-12-13,10.132586479187012
2006-12-14,10.206787109375
2006-12-15,10.206787109375
2006-12-18,10.149075508117676
2006-12-19,10.157320976257324
2006-12-20,10.16556453704834
2006-12-21,10.124341011047363
2006-12-22,10.074874877929688
2006-12-26,10.107853889465332
2006-12-27,10.173809051513672
2006-12-28,10.157320976257324
2006-12-29,10.107853889465332
2007-01-03,10.132586479187012
2007-01-04,10.173809051513672
2007-01-05,10.091361999511719
2007-01-08,10.132586479187012
2007-01-09,10.157320976257324
2007-01-10,10.231520652770996
2007-01-11,10.355191230773926
2007-01-12,10.396413803100586
2007-01-16,10.404657363891602
2007-01-17,10.404657363891602
2007-01-18,10.297478675842285
2007-01-19,10.33045482635498
2007-01-22,10.26449966430664
2007-01-23,10.313966751098633
2007-01-24,10.429390907287598
2007-01-25,10.305723190307617
2007-01-26,10.297478675842285
2007-01-29,10.297478675842285
2007-01-30,10.338700294494629
2007-01-31,10.429390907287598
2007-02-01,10.528326988220215
2007-02-02,10.553061485290527
2007-02-05,10.544816017150879
2007-02-06,10.561305046081543
2007-02-07,10.635505676269531
2007-02-08,10.651996612548828
2007-02-09,10.536571502685547
2007-02-12,10.487101554870605
2007-02-13,10.528326988220215
2007-02-14,10.643750190734863
2007-02-15,10.668485641479492
2007-02-16,10.668485641479492
2007-02-20,10.734440803527832
2007-02-21,10.734440803527832
2007-02-22,10.750927925109863
2007-02-23,10.726195335388184
2007-02-26,10.660239219665527
2007-02-27,10.28923225402832
2007-02-28,10.322211265563965
2007-03-01,10.28923225402832
2007-03-02,10.140830039978027
2007-03-05,10.000673294067383
2007-03-06,10.182053565979004
2007-03-07,10.157320976257324
2007-03-08,10.239766120910645
2007-03-09,10.256254196166992
2007-03-12,10.28923225402832
2007-03-13,10.05838394165039
2007-03-14,10.124341011047363
2007-03-15,10.198543548583984
2007-03-16,10.157320976257324
2007-03-19,10.256254196166992
2007-03-20,10.322211265563965
2007-03-21,10.495345115661621
2007-03-22,10.487101554870605
2007-03-23,10.511836051940918
2007-03-26,10.487101554870605
2007-03-27,10.41290283203125
2007-03-28,10.33045482635498
2007-03-29,10.322211265563965
2007-03-30,10.33045482635498
2007-04-02,10.363433837890625
2007-04-03,10.478858947753906
2007-04-04,10.478858947753906
2007-04-05,10.528326988220215
2007-04-09,10.520081520080566
2007-04-10,10.536571502685547
2007-04-11,10.45412540435791
2007-04-12,10.544816017150879
2007-04-13,10.594284057617188
2007-04-16,10.734440803527832
2007-04-17,10.742684364318848
2007-04-18,10.742684364318848
2007-04-19,10.693219184875488
2007-04-20,10.767416954040527
2007-04-23,10.767416954040527
2007-04-24,10.767416954040527
2007-04-25,10.84986400604248
2007-04-26,10.882844924926758
2007-04-27,10.866353988647461
2007-04-30,10.734440803527832
2007-05-01,10.750927925109863
2007-05-02,10.866353988647461
2007-05-03,10.899333000183105
2007-05-04,10.940555572509766
2007-05-07,10.924065589904785
2007-05-08,10.915821075439453
2007-05-09,10.973532676696777
2007-05-10,10.816885948181152
2007-05-11,10.924065589904785
2007-05-14,10.882844924926758
2007-05-15,10.833374977111816
2007-05-16,10.915821075439453
2007-05-17,10.882844924926758
2007-05-18,10.973532676696777
2007-05-21,11.02299976348877
2007-05-22,11.05597972869873
2007-05-23,11.039491653442383
2007-05-24,10.882844924926758
2007-05-25,10.940555572509766
2007-05-29,10.98177719116211
2007-05-30,11.08071231842041
2007-05-31,11.130181312561035
2007-06-01,11.171401977539062
2007-06-04,11.204381942749023
2007-06-05,11.146671295166016
2007-06-06,11.031246185302734
2007-06-07,10.825130462646484
2007-06-08,10.948800086975098
2007-06-11,10.973532676696777
2007-06-12,10.866353988647461
2007-06-13,11.006510734558105
2007-06-14,11.047734260559082
2007-06-15,11.121935844421387
2007-06-18,11.105447769165039
2007-06-19,11.105447769165039
2007-06-20,10.998268127441406
2007-06-21,11.047734260559082
2007-06-22,10.924065589904785
2007-06-25,10.84986400604248
2007-06-26,10.84986400604248
2007-06-27,10.990022659301758
2007-06-28,10.998268127441406
2007-06-29,10.973532676696777
2007-07-02,11.088957786560059
2007-07-03,11.121935844421387
2007-07-05,11.179649353027344
2007-07-06,11.27033805847168
2007-07-09,11.27033805847168
2007-07-10,11.130181312561035
2007-07-11,11.204381942749023
2007-07-12,11.385764122009277
2007-07-13,11.418741226196289
2007-07-16,11.377520561218262
2007-07-17,11.385764122009277
2007-07-18,11.361027717590332
2007-07-19,11.418741226196289
2007-07-20,11.295073509216309
2007-07-23,11.31156063079834
2007-07-24,11.088957786560059
2007-07-25,11.113688468933105
2007-07-26,10.882844924926758
2007-07-27,10.783907890319824
2007-07-30,10.899333000183105
2007-07-31,10.750927925109863
2007-08-01,10.775663375854492
2007-08-02,10.907575607299805
2007-08-03,10.635505676269531
2007-08-06,10.833374977111816
2007-08-07,10.965290069580078
2007-08-08,11.121935844421387
2007-08-09,10.874597549438477
2007-08-10,10.816885948181152
2007-08-13,10.800397872924805
2007-08-14,10.586038589477539
2007-08-15,10.396413803100586
2007-08-16,10.355191230773926
2007-08-17,10.586038589477539
2007-08-20,10.577792167663574
2007-08-21,10.610770225524902
2007-08-22,10.767416954040527
2007-08-23,10.726195335388184
2007-08-24,10.858108520507812
2007-08-27,10.775663375854492
2007-08-28,10.528326988220215
2007-08-29,10.759173393249512
2007-08-30,10.750927925109863
2007-08-31,10.899333000183105
2007-09-04,11.031246185302734
2007-09-05,10.932310104370117
2007-09-06,10.998268127441406
2007-09-07,10.783907890319824
2007-09-10,10.750927925109863
2007-09-11,10.924065589904785
2007-09-12,10.940555572509766
2007-09-13,10.998268127441406
2007-09-14,11.031246185302734
2007-09-17,10.957043647766113
2007-09-18,11.295073509216309
2007-09-19,11.36927604675293
2007-09-20,11.295073509216309
2007-09-21,11.344539642333984
2007-09-24,11.336294174194336
2007-09-25,11.39400577545166
2007-09-26,11.459962844848633
2007-09-27,11.558899879455566
2007-09-28,11.509429931640625
2007-10-01,11.666078567504883
2007-10-02,11.715546607971191
2007-10-03,11.657833099365234
2007-10-04,11.674322128295898
2007-10-05,11.847457885742188
2007-10-08,11.839214324951172
2007-10-09,11.954639434814453
2007-10-10,11.971129417419434
2007-10-11,11.863948822021484
2007-10-12,11.954639434814453
2007-10-15,11.847457885742188
2007-10-16,11.789745330810547
2007-10-17,11.822724342346191
2007-10-18,11.855704307556152
2007-10-19,11.534164428710938
2007-10-22,11.624855041503906
2007-10-23,11.781501770019531
2007-10-24,11.715546607971191
2007-10-25,11.715546607971191
2007-10-26,11.847457885742188
2007-10-29,11.905169486999512
2007-10-30,11.81447982788086
2007-10-31,11.995861053466797
2007-11-01,11.70729923248291
2007-11-02,11.756768226623535
2007-11-05,11.674322128295898
2007-11-06,11.773256301879883
2007-11-07,11.468206405639648
2007-11-08,11.468206405639648
2007-11-09,11.278581619262695
2007-11-12,11.105447769165039
2007-11-13,11.402252197265625
2007-11-14,11.336294174194336
2007-11-15,11.212625503540039
2007-11-16,11.286825180053711
2007-11-19,11.088957786560059
2007-11-20,11.088957786560059
2007-11-21,10.907575607299805
2007-11-23,11.064223289489746
2007-11-26,10.882844924926758
2007-11-27,11.039491653442383
2007-11-28,11.39400577545166
2007-11-29,11.39400577545166
2007-11-30,11.43522834777832
2007-12-03,11.402252197265625
2007-12-04,11.352783203125
2007-12-05,11.509429931640625
2007-12-06,11.674322128295898
2007-12-07,11.68256664276123
2007-12-10,11.76501178741455
2007-12-11,11.4517183303833
2007-12-12,11.51767635345459
2007-12-13,11.51767635345459
2007-12-14,11.39400577545166
2007-12-17,11.179649353027344
2007-12-18,11.237360954284668
2007-12-19,11.27033805847168
2007-12-20,11.385764122009277
2007-12-21,11.58363151550293
2007-12-24,11.657833099365234
2007-12-26,11.68256664276123
2007-12-27,11.501184463500977
2007-12-28,11.509429931640625
2007-12-31,11.459962844848633
2008-01-02,11.278581619262695
2008-01-03,11.295073509216309
2008-01-04,10.98177719116211
2008-01-07,10.990022659301758
2008-01-08,10.792153358459473
2008-01-09,10.874597549438477
2008-01-10,10.973532676696777
2008-01-11,10.783907890319824
2008-01-14,10.882844924926758
2008-01-15,10.594284057617188
2008-01-16,10.544816017150879
2008-01-17,10.239766120910645
2008-01-18,10.231520652770996
2008-01-22,10.074874877929688
2008-01-23,10.231520652770996
2008-01-24,10.429390907287598
2008-01-25,10.272745132446289
2008-01-28,10.445880889892578
2008-01-29,10.503591537475586
2008-01-30,10.429390907287598
2008-01-31,10.610770225524902
2008-02-01,10.84986400604248
2008-02-04,10.750927925109863
2008-02-05,10.429390907287598
2008-02-06,10.26449966430664
2008-02-07,10.379922866821289
2008-02-08,10.404657363891602
2008-02-11,10.520081520080566
2008-02-12,10.553061485290527
2008-02-13,10.68497371673584
2008-02-14,10.520081520080566
2008-02-15,10.487101554870605
2008-02-19,10.495345115661621
2008-02-20,10.586038589477539
2008-02-21,10.445880889892578
2008-02-22,10.503591537475586
2008-02-25,10.68497371673584
2008-02-26,10.759173393249512
2008-02-27,10.717948913574219
2008-02-28,10.619016647338867
2008-02-29,10.33045482635498
2008-03-03,10.338700294494629
2008-03-04,10.28923225402832
2008-03-05,10.388169288635254
2008-03-06,10.140830039978027
2008-03-07,10.017160415649414
2008-03-10,9.778067588806152
2008-03-11,10.074874877929688
2008-03-12,10.008917808532715
2008-03-13,10.124341011047363
2008-03-14,9.926472663879395
2008-03-17,9.670889854431152
2008-03-18,10.083118438720703
2008-03-19,9.811047554016113
2008-03-20,10.025405883789062
2008-03-24,10.28923225402832
2008-03-25,10.388169288635254
2008-03-26,10.313966751098633
2008-03-27,10.19029712677002
2008-03-28,10.066628456115723
2008-03-31,10.132586479187012
2008-04-01,10.511836051940918
2008-04-02,10.544816017150879
2008-04-03,10.569548606872559
2008-04-04,10.619016647338867
2008-04-07,10.594284057617188
2008-04-08,10.586038589477539
2008-04-09,10.462368965148926
2008-04-10,10.536571502685547
2008-04-11,10.313966751098633
2008-04-14,10.280989646911621
2008-04-15,10.313966751098633
2008-04-16,10.577792167663574
2008-04-17,10.536571502685547
2008-04-18,10.742684364318848
2008-04-21,10.742684364318848
2008-04-22,10.594284057617188
2008-04-23,10.717948913574219
2008-04-24,10.750927925109863
2008-04-25,10.899333000183105
2008-04-28,10.907575607299805
2008-04-29,10.841618537902832
2008-04-30,10.792153358459473
2008-05-01,10.957043647766113
2008-05-02,10.98177719116211
2008-05-05,10.973532676696777
2008-05-06,11.072468757629395
2008-05-07,10.891088485717773
2008-05-08,10.973532676696777
2008-05-09,10.948800086975098
2008-05-12,11.064223289489746
2008-05-13,11.113688468933105
2008-05-14,11.13842487335205
2008-05-15,11.286825180053711
2008-05-16,11.328049659729004
2008-05-19,11.295073509216309
2008-05-20,11.237360954284668
2008-05-21,11.039491653442383
2008-05-22,11.064223289489746
2008-05-23,10.957043647766113
2008-05-27,11.047734260559082
2008-05-28,11.154913902282715
2008-05-29,11.196136474609375
2008-05-30,11.295073509216309
2008-06-02,11.187891006469727
2008-06-03,11.179649353027344
2008-06-04,11.187891006469727
2008-06-05,11.443471908569336
2008-06-06,11.13842487335205
2008-06-09,11.146671295166016
2008-06-10,11.039491653442383
2008-06-11,10.84986400604248
2008-06-12,10.858108520507812
2008-06-13,11.088957786560059
2008-06-16,11.13842487335205
2008-06-17,11.13842487335205
2008-06-18,11.064223289489746
2008-06-19,11.13842487335205
2008-06-20,10.965290069580078
2008-06-23,10.990022659301758
2008-06-24,10.84986400604248
2008-06-25,10.915821075439453
2008-06-26,10.643750190734863
2008-06-27,10.643750190734863
2008-06-30,10.6272611618042
2008-07-01,10.635505676269531
2008-07-02,10.33045482635498
2008-07-03,10.248010635375977
2008-07-07,10.173809051513672
2008-07-08,10.322211265563965
2008-07-09,10.132586479187012
2008-07-10,10.206787109375
2008-07-11,10.140830039978027
2008-07-14,10.099609375
2008-07-15,10.017160415649414
2008-07-16,10.248010635375977
2008-07-17,10.297478675842285
2008-07-18,10.272745132446289
2008-07-21,10.305723190307617
2008-07-22,10.396413803100586
2008-07-23,10.371678352355957
2008-07-24,10.140830039978027
2008-07-25,10.256254196166992
2008-07-28,10.099609375
2008-07-29,10.297478675842285
2008-07-30,10.462368965148926
2008-07-31,10.313966751098633
2008-08-01,10.231520652770996
2008-08-04,10.033649444580078
2008-08-05,10.26449966430664
2008-08-06,10.371678352355957
2008-08-07,10.198543548583984
2008-08-08,10.371678352355957
2008-08-11,10.429390907287598
2008-08-12,10.338700294494629
2008-08-13,10.371678352355957
2008-08-14,10.462368965148926
2008-08-15,10.462368965148926
2008-08-18,10.305723190307617
2008-08-19,10.223278045654297
2008-08-20,10.272745132446289
2008-08-21,10.297478675842285
2008-08-22,10.379922866821289
2008-08-25,10.16556453704834
2008-08-26,10.198543548583984
2008-08-27,10.297478675842285
2008-08-28,10.42114543914795
2008-08-29,10.28923225402832
2008-09-02,10.157320976257324
2008-09-03,10.033649444580078
2008-09-04,9.736846923828125
2008-09-05,9.761580467224121
2008-09-08,9.844024658203125
2008-09-09,9.464774131774902
2008-09-10,9.571956634521484
2008-09-11,9.712113380432129
2008-09-12,9.794557571411133
2008-09-15,9.39881706237793
2008-09-16,9.547219276428223
2008-09-17,9.10201358795166
2008-09-18,9.440041542053223
2008-09-19,9.819292068481445
2008-09-22,9.440041542053223
2008-09-23,9.266908645629883
2008-09-24,9.25041675567627
2008-09-25,9.324617385864258
2008-09-26,9.275151252746582
2008-09-29,8.475422859191895
2008-09-30,8.904144287109375
2008-10-01,8.739253997802734
2008-10-02,8.211599349975586
2008-10-03,8.071439743041992
2008-10-06,7.683948040008545
2008-10-07,7.296452045440674
2008-10-08,7.296452045440674
2008-10-09,6.8429999351501465
2008-10-10,6.768798828125
2008-10-13,7.60150146484375
2008-10-14,7.444852352142334
2008-10-15,6.686352252960205
2008-10-16,6.966669082641602
2008-10-17,6.974913120269775
2008-10-20,7.288207530975342
2008-10-21,7.007892608642578
2008-10-22,6.546194076538086
2008-10-23,6.414281368255615
2008-10-24,6.199922561645508
2008-10-27,5.960830211639404
2008-10-28,6.546194076538086
2008-10-29,6.661617755889893
2008-10-30,6.908957004547119
2008-10-31,7.040870189666748
2008-11-03,7.016136169433594
2008-11-04,7.288207530975342
2008-11-05,6.900712013244629
2008-11-06,6.546194076538086
2008-11-07,6.702841281890869
2008-11-10,6.603906154632568
2008-11-11,6.389547824859619
2008-11-12,6.035031318664551
2008-11-13,6.463749408721924
2008-11-14,6.150455474853516
2008-11-17,5.993807792663574
2008-11-18,5.977319717407227
2008-11-19,5.573335647583008
2008-11-20,5.194084644317627
2008-11-21,5.499134063720703
2008-11-24,5.894872665405273
2008-11-25,5.927852153778076
2008-11-26,6.249390125274658
2008-11-28,6.290613651275635
2008-12-01,5.69700288772583
2008-12-02,5.886628150939941
2008-12-03,6.043276309967041
2008-12-04,5.837161064147949
2008-12-05,6.084498405456543
2008-12-08,6.340080261230469
2008-12-09,6.232900142669678
2008-12-10,6.348325252532959
2008-12-11,6.150455474853516
2008-12-12,6.208166599273682
2008-12-15,6.1174774169921875
2008-12-16,6.447259902954102
2008-12-17,6.463749408721924
2008-12-18,6.340080261230469
2008-12-19,6.373058319091797
2008-12-22,6.191677570343018
2008-12-23,6.158699989318848
2008-12-24,6.175188064575195
2008-12-26,6.216411113739014
2008-12-29,6.1834330558776855
2008-12-30,6.364813327789307
2008-12-31,6.480238914489746
2009-01-02,6.702841281890869
2009-01-05,6.711087226867676
2009-01-06,6.793531894683838
2009-01-07,6.595662593841553
2009-01-08,6.620395660400391
2009-01-09,6.463749408721924
2009-01-12,6.3153462409973145
2009-01-13,6.348325252532959
2009-01-14,6.125721454620361
2009-01-15,6.232900142669678
2009-01-16,6.307102680206299
2009-01-20,5.952584743499756
2009-01-21,6.216411113739014
2009-01-22,6.1174774169921875
2009-01-23,6.158699989318848
2009-01-26,6.191677570343018
2009-01-27,6.265879154205322
2009-01-28,6.488482475280762
2009-01-29,6.29885721206665
2009-01-30,6.1834330558776855
2009-02-02,6.175188064575195
2009-02-03,6.29885721206665
2009-02-04,6.307102680206299
2009-02-05,6.447259902954102
2009-02-06,6.612153053283691
2009-02-09,6.612153053283691
2009-02-10,6.356568813323975
2009-02-11,6.381302833557129
2009-02-12,6.430770397186279
2009-02-13,6.4060378074646
2009-02-17,6.142210960388184
2009-02-18,6.125721454620361
2009-02-19,6.051520824432373
2009-02-20,6.035031318664551
2009-02-23,5.804182529449463
2009-02-24,6.0185418128967285
2009-02-25,5.944340229034424
2009-02-26,5.845405578613281
2009-02-27,5.779449939727783
2009-03-02,5.466155052185059
2009-03-03,5.490888595581055
2009-03-04,5.65578031539917
2009-03-05,5.457910537719727
2009-03-06,5.449666500091553
2009-03-09,5.400198936462402
2009-03-10,5.729981422424316
2009-03-11,5.762959957122803
2009-03-12,5.985564708709717
2009-03-13,6.0185418128967285
2009-03-16,5.944340229034424
2009-03-17,6.150455474853516
2009-03-18,6.282368183135986
2009-03-19,6.241145610809326
2009-03-20,6.109232425689697
2009-03-23,6.504971981048584
2009-03-24,6.381302833557129
2009-03-25,6.430770397186279
2009-03-26,6.620395660400391
2009-03-27,6.463749408721924
2009-03-30,6.282368183135986
2009-03-31,6.348325252532959
2009-04-01,6.389547824859619
2009-04-02,6.620395660400391
2009-04-03,6.702841281890869
2009-04-06,6.628640651702881
2009-04-07,6.447259902954102
2009-04-08,6.562684535980225
2009-04-09,6.801775932312012
2009-04-13,6.793531894683838
2009-04-14,6.711087226867676
2009-04-15,6.752309322357178
2009-04-16,6.900712013244629
2009-04-17,6.950179576873779
2009-04-20,6.669864654541016
2009-04-21,6.793531894683838
2009-04-22,6.8347554206848145
2009-04-23,6.867733478546143
2009-04-24,6.999646186828613
2009-04-27,6.933690547943115
2009-04-28,6.900712013244629
2009-04-29,7.0656023025512695
2009-04-30,7.098580837249756
2009-05-01,7.106826305389404
2009-05-04,7.345918655395508
2009-05-05,7.32943058013916
2009-05-06,7.378897190093994
2009-05-07,7.214006423950195
2009-05-08,7.354163646697998
2009-05-11,7.255228519439697
2009-05-12,7.222249984741211
2009-05-13,6.999646186828613
2009-05-14,7.09033727645874
2009-05-15,7.040870189666748
2009-05-18,7.271717548370361
2009-05-19,7.304696083068848
2009-05-20,7.279962062835693
2009-05-21,7.148048400878906
2009-05-22,7.148048400878906
2009-05-26,7.3706536293029785
2009-05-27,7.263472557067871
2009-05-28,7.337674140930176
2009-05-29,7.453097343444824
2009-06-01,7.708681106567383
2009-06-02,7.725168228149414
2009-06-03,7.593256950378418
2009-06-04,7.650968074798584
2009-06-05,7.650968074798584
2009-06-08,7.609745979309082
2009-06-09,7.716924667358398
2009-06-10,7.683948040008545
2009-06-11,7.708681106567383
2009-06-12,7.683948040008545
2009-06-15,7.494322299957275
2009-06-16,7.3706536293029785
2009-06-17,7.395385265350342
2009-06-18,7.420119762420654
2009-06-19,7.453097343444824
2009-06-22,7.181026458740234
2009-06-23,7.189272403717041
2009-06-24,7.288207530975342
2009-06-25,7.469588279724121
2009-06-26,7.4613447189331055
2009-06-29,7.494322299957275
2009-06-30,7.453097343444824
2009-07-01,7.469588279724121
2009-07-02,7.255228519439697
2009-07-06,7.205760955810547
2009-07-07,7.049113750457764
2009-07-08,7.049113750457764
2009-07-09,7.106826305389404
2009-07-10,7.082092761993408
2009-07-13,7.222249984741211
2009-07-14,7.288207530975342
2009-07-15,7.486077308654785
2009-07-16,7.56852388381958
2009-07-17,7.56852388381958
2009-07-20,7.683948040008545
2009-07-21,7.700437545776367
2009-07-22,7.725168228149414
2009-07-23,7.923038005828857
2009-07-24,7.964262962341309
2009-07-27,7.964262962341309
2009-07-28,7.931282043457031
2009-07-29,7.8900604248046875
2009-07-30,7.980751037597656
2009-07-31,7.988994598388672
2009-08-03,8.137397766113281
2009-08-04,8.162131309509277
2009-08-05,8.112665176391602
2009-08-06,8.038463592529297
2009-08-07,8.18686580657959
2009-08-10,8.145642280578613
2009-08-11,8.054953575134277
2009-08-12,8.162131309509277
2009-08-13,8.219844818115234
2009-08-14,8.10442066192627
2009-08-17,7.881816387176514
2009-08-18,7.980751037597656
2009-08-19,8.038463592529297
2009-08-20,8.129152297973633
2009-08-21,8.277555465698242
2009-08-24,8.24457836151123
2009-08-25,8.252822875976562
2009-08-26,8.24457836151123
2009-08-27,8.285801887512207
2009-08-28,8.294047355651855
2009-08-31,8.20335578918457
2009-09-01,8.063197135925293
2009-09-02,8.063197135925293
2009-09-03,8.120908737182617
2009-09-04,8.236332893371582
2009-09-08,8.318779945373535
2009-09-09,8.368244171142578
2009-09-10,8.45893669128418
2009-09-11,8.467181205749512
2009-09-14,8.491915702819824
2009-09-15,8.508403778076172
2009-09-16,8.615582466125488
2009-09-17,8.607337951660156
2009-09-18,8.632073402404785
2009-09-21,8.632073402404785
2009-09-22,8.665053367614746
2009-09-23,8.590849876403809
2009-09-24,8.508403778076172
2009-09-25,8.467181205749512
2009-09-28,8.59909439086914
2009-09-29,8.590849876403809
2009-09-30,8.590849876403809
2009-10-01,8.384736061096191
2009-10-02,8.360002517700195
2009-10-05,8.45893669128418
2009-10-06,8.574360847473145
2009-10-07,8.59909439086914
2009-10-08,8.656807899475098
2009-10-09,8.722763061523438
2009-10-12,8.755742073059082
2009-10-13,8.739253997802734
2009-10-14,8.862921714782715
2009-10-15,8.904144287109375
2009-10-16,8.854677200317383
2009-10-19,8.93712329864502
2009-10-20,8.879409790039062
2009-10-21,8.821697235107422
2009-10-22,8.887656211853027
2009-10-23,8.80521011352539
2009-10-26,8.731008529663086
2009-10-27,8.656807899475098
2009-10-28,8.483671188354492
2009-10-29,8.632073402404785
2009-10-30,8.417712211608887
2009-11-02,8.483671188354492
2009-11-03,8.516648292541504
2009-11-04,8.533138275146484
2009-11-05,8.70627498626709
2009-11-06,8.722763061523438
2009-11-09,8.912388801574707
2009-11-10,8.912388801574707
2009-11-11,8.95361042022705
2009-11-12,8.871164321899414
2009-11-13,8.945367813110352
2009-11-16,9.060789108276367
2009-11-17,9.077281951904297
2009-11-18,9.036059379577637
2009-11-19,8.920634269714355
2009-11-20,8.887656211853027
2009-11-23,8.994833946228027
2009-11-24,8.994833946228027
2009-11-25,9.04430103302002
2009-11-27,8.904144287109375
2009-11-30,8.904144287109375
2009-12-01,9.036059379577637
2009-12-02,9.052545547485352
2009-12-03,8.978346824645996
2009-12-04,9.027812004089355
2009-12-07,9.003080368041992
2009-12-08,8.920634269714355
2009-12-09,8.95361042022705
2009-12-10,9.01956844329834
2009-12-11,9.027812004089355
2009-12-14,9.11850357055664
2009-12-15,9.085526466369629
2009-12-16,9.10201358795166
2009-12-17,8.978346824645996
2009-12-18,9.036059379577637
2009-12-21,9.126747131347656
2009-12-22,9.167969703674316
2009-12-23,9.217439651489258
2009-12-24,9.266908645629883
2009-12-28,9.283394813537598
2009-12-29,9.275151252746582
2009-12-30,9.275151252746582
2009-12-31,9.184459686279297
2010-01-04,9.332862854003906
2010-01-05,9.332862854003906
2010-01-06,9.341105461120605
2010-01-07,9.365839958190918
2010-01-08,9.415308952331543
2010-01-11,9.407065391540527
2010-01-12,9.316372871398926
2010-01-13,9.407065391540527
2010-01-14,9.431796073913574
2010-01-15,9.332862854003906
2010-01-19,9.440041542053223
2010-01-20,9.316372871398926
2010-01-21,9.176214218139648
2010-01-22,8.978346824645996
2010-01-25,9.003080368041992
2010-01-26,8.978346824645996
2010-01-27,9.01956844329834
2010-01-28,8.89590072631836
2010-01-29,8.788719177246094
2010-02-01,8.920634269714355
2010-02-02,9.027812004089355
2010-02-03,8.994833946228027
2010-02-04,8.714517593383789
2010-02-05,8.739253997802734
2010-02-08,8.681540489196777
2010-02-09,8.80521011352539
2010-02-10,8.788719177246094
2010-02-11,8.912388801574707
2010-02-12,8.912388801574707
2010-02-16,9.060789108276367
2010-02-17,9.093770027160645
2010-02-18,9.159725189208984
2010-02-19,9.176214218139648
2010-02-22,9.151482582092285
2010-02-23,9.036059379577637
2010-02-24,9.11850357055664
2010-02-25,9.11850357055664
2010-02-26,9.126747131347656
2010-03-01,9.24217414855957
2010-03-02,9.283394813537598
2010-03-03,9.29163932800293
2010-03-04,9.316372871398926
2010-03-05,9.448286056518555
2010-03-08,9.440041542053223
2010-03-09,9.45653247833252
2010-03-10,9.497754096984863
2010-03-11,9.530732154846191
2010-03-12,9.53897476196289
2010-03-15,9.53897476196289
2010-03-16,9.59669017791748
2010-03-17,9.637910842895508
2010-03-18,9.629666328430176
2010-03-19,9.580199241638184
2010-03-22,9.646157264709473
2010-03-23,9.712113380432129
2010-03-24,9.629666328430176
2010-03-25,9.60493278503418
2010-03-26,9.60493278503418
2010-03-29,9.670889854431152
2010-03-30,9.695623397827148
2010-03-31,9.654398918151855
2010-04-01,9.720356941223145
2010-04-05,9.794557571411133
2010-04-06,9.802803993225098
2010-04-07,9.753337860107422
2010-04-08,9.778067588806152
2010-04-09,9.844024658203125
2010-04-12,9.852270126342773
2010-04-13,9.87700366973877
2010-04-14,9.975940704345703
2010-04-15,9.984184265136719
2010-04-16,9.860515594482422
2010-04-19,9.860515594482422
2010-04-20,9.942962646484375
2010-04-21,9.942962646484375
2010-04-22,9.992429733276367
2010-04-23,10.05838394165039
2010-04-26,10.025405883789062
2010-04-27,9.827536582946777
2010-04-28,9.852270126342773
2010-04-29,9.975940704345703
2010-04-30,9.802803993225098
2010-05-03,9.909982681274414
2010-05-04,9.662646293640137
2010-05-05,9.60493278503418
2010-05-06,9.324617385864258
2010-05-07,9.151482582092285
2010-05-10,9.563712120056152
2010-05-11,9.522488594055176
2010-05-12,9.687378883361816
2010-05-13,9.580199241638184
2010-05-14,9.382330894470215
2010-05-17,9.39881706237793
2010-05-18,9.283394813537598
2010-05-19,9.225683212280273
2010-05-20,8.879409790039062
2010-05-21,9.003080368041992
2010-05-24,8.928877830505371
2010-05-25,8.920634269714355
2010-05-26,8.879409790039062
2010-05-27,9.176214218139648
2010-05-28,9.069034576416016
2010-06-01,8.920634269714355
2010-06-02,9.159725189208984
2010-06-03,9.233928680419922
2010-06-04,8.912388801574707
2010-06-07,8.772229194641113
2010-06-08,8.829941749572754
2010-06-09,8.80521011352539
2010-06-10,9.069034576416016
2010-06-11,9.11850357055664
2010-06-14,9.110260009765625
2010-06-15,9.332862854003906
2010-06-16,9.332862854003906
2010-06-17,9.332862854003906
2010-06-18,9.324617385864258
2010-06-21,9.29163932800293
2010-06-22,9.143237113952637
2010-06-23,9.134990692138672
2010-06-24,8.986590385437012
2010-06-25,9.011323928833008
2010-06-28,8.986590385437012
2010-06-29,8.689785957336426
2010-06-30,8.59909439086914
2010-07-01,8.58260726928711
2010-07-02,8.549630165100098
2010-07-06,8.574360847473145
2010-07-07,8.846431732177734
2010-07-08,8.920634269714355
2010-07-09,8.994833946228027
2010-07-12,8.978346824645996
2010-07-13,9.11850357055664
2010-07-14,9.134990692138672
2010-07-15,9.134990692138672
2010-07-16,8.879409790039062
2010-07-19,8.945367813110352
2010-07-20,9.069034576416016
2010-07-21,8.9618558883667
2010-07-22,9.159725189208984
2010-07-23,9.266908645629883
2010-07-26,9.35759449005127
2010-07-27,9.299881935119629
2010-07-28,9.233928680419922
2010-07-29,9.192703247070312
2010-07-30,9.209192276000977
2010-08-02,9.39881706237793
2010-08-03,9.35759449005127
2010-08-04,9.45653247833252
2010-08-05,9.431796073913574
2010-08-06,9.407065391540527
2010-08-09,9.47301959991455
2010-08-10,9.382330894470215
2010-08-11,9.110260009765625
2010-08-12,9.052545547485352
2010-08-13,9.011323928833008
2010-08-16,9.027812004089355
2010-08-17,9.176214218139648
2010-08-18,9.200948715209961
2010-08-19,9.077281951904297
2010-08-20,9.069034576416016
2010-08-23,9.011323928833008
2010-08-24,8.862921714782715
2010-08-25,8.89590072631836
2010-08-26,8.829941749572754
2010-08-27,8.986590385437012
2010-08-30,8.846431732177734
2010-08-31,8.829941749572754
2010-09-01,9.10201358795166
2010-09-02,9.225683212280273
2010-09-03,9.349350929260254
2010-09-07,9.25041675567627
2010-09-08,9.324617385864258
2010-09-09,9.332862854003906
2010-09-10,9.390573501586914
2010-09-13,9.514242172241211
2010-09-14,9.522488594055176
2010-09-15,9.563712120056152
2010-09-16,9.571956634521484
2010-09-17,9.59669017791748
2010-09-20,9.761580467224121
2010-09-21,9.736846923828125
2010-09-22,9.687378883361816
2010-09-23,9.629666328430176
2010-09-24,9.852270126342773
2010-09-27,9.811047554016113
2010-09-28,9.87700366973877
2010-09-29,9.87700366973877
2010-09-30,9.852270126342773
2010-10-01,9.885248184204102
2010-10-04,9.7863130569458
2010-10-05,10.000673294067383
2010-10-06,9.959451675415039
2010-10-07,9.934718132019043
2010-10-08,10.025405883789062
2010-10-11,10.033649444580078
2010-10-12,10.066628456115723
2010-10-13,10.157320976257324
2010-10-14,10.116097450256348
2010-10-15,10.19029712677002
2010-10-18,10.215031623840332
2010-10-19,10.041895866394043
2010-10-20,10.149075508117676
2010-10-21,10.173809051513672
2010-10-22,10.231520652770996
2010-10-25,10.280989646911621
2010-10-26,10.28923225402832
2010-10-27,10.28923225402832
2010-10-28,10.280989646911621
2010-10-29,10.305723190307617
2010-11-01,10.322211265563965
2010-11-02,10.42114543914795
2010-11-03,10.45412540435791
2010-11-04,10.660239219665527
2010-11-05,10.693219184875488
2010-11-08,10.693219184875488
2010-11-09,10.619016647338867
2010-11-10,10.68497371673584
2010-11-11,10.643750190734863
2010-11-12,10.487101554870605
2010-11-15,10.462368965148926
2010-11-16,10.28923225402832
2010-11-17,10.322211265563965
2010-11-18,10.503591537475586
2010-11-19,10.569548606872559
2010-11-22,10.602526664733887
2010-11-23,10.45412540435791
2010-11-24,10.660239219665527
2010-11-26,10.594284057617188
2010-11-29,10.569548606872559
2010-11-30,10.503591537475586
2010-12-01,10.742684364318848
2010-12-02,10.866353988647461
2010-12-03,10.924065589904785
2010-12-06,10.932310104370117
2010-12-07,10.924065589904785
2010-12-08,10.932310104370117
2010-12-09,10.957043647766113
2010-12-10,11.006510734558105
2010-12-13,11.00733757019043
2010-12-14,11.00733757019043
2010-12-15,10.966049194335938
2010-12-16,11.032109260559082
2010-12-17,11.065140724182129
2010-12-20,11.089914321899414
2010-12-21,11.164233207702637
2010-12-22,11.17248821258545
2010-12-23,11.147716522216797
2010-12-27,11.131197929382324
2010-12-28,11.122943878173828
2010-12-29,11.17248821258545
2010-12-30,11.164233207702637
2010-12-31,11.147716522216797
2011-01-03,11.263321876525879
2011-01-04,11.189002990722656
2011-01-05,11.263321876525879
2011-01-06,11.27157974243164
2011-01-07,11.263321876525879
2011-01-10,11.279837608337402
2011-01-11,11.345897674560547
2011-01-12,11.428472518920898
2011-01-13,11.428472518920898
2011-01-14,11.511048316955566
2011-01-18,11.568853378295898
2011-01-19,11.42021656036377
2011-01-20,11.321125030517578
2011-01-21,11.288094520568848
2011-01-24,11.378926277160645
2011-01-25,11.362412452697754
2011-01-26,11.46976089477539
2011-01-27,11.494534492492676
2011-01-28,11.27157974243164
2011-01-31,11.387187957763672
2011-02-01,11.568853378295898
2011-02-02,11.552336692810059
2011-02-03,11.560593605041504
2011-02-04,11.626654624938965
2011-02-07,11.684457778930664
2011-02-08,11.734004020690918
2011-02-09,11.709229469299316
2011-02-10,11.758774757385254
2011-02-11,11.841350555419922
2011-02-14,11.899154663085938
2011-02-15,11.841350555419922
2011-02-16,11.932185173034668
2011-02-17,11.948699951171875
2011-02-18,11.95695686340332
2011-02-22,11.634912490844727
2011-02-23,11.519305229187012
2011-02-24,11.552336692810059
2011-02-25,11.725744247436523
2011-02-28,11.750519752502441
2011-03-01,11.552336692810059
2011-03-02,11.61839771270752
2011-03-03,11.849609375
2011-03-04,11.775291442871094
2011-03-07,11.634912490844727
2011-03-08,11.69271469116211
2011-03-09,11.65142822265625
2011-03-10,11.411956787109375
2011-03-11,11.502792358398438
2011-03-14,11.436731338500977
2011-03-15,11.329381942749023
2011-03-16,11.147716522216797
2011-03-17,11.27157974243164
2011-03-18,11.296351432800293
2011-03-21,11.511048316955566
2011-03-22,11.45324420928955
2011-03-23,11.519305229187012
2011-03-24,11.65142822265625
2011-03-25,11.709229469299316
2011-03-28,11.65142822265625
2011-03-29,11.767034530639648
2011-03-30,11.857867240905762
2011-03-31,11.86612319946289
2011-04-01,11.94044303894043
2011-04-04,11.94044303894043
2011-04-05,11.94044303894043
2011-04-06,11.915670394897461
2011-04-07,11.899154663085938
2011-04-08,11.857867240905762
2011-04-11,11.800064086914062
2011-04-12,11.676199913024902
2011-04-13,11.74226188659668
2011-04-14,11.750519752502441
2011-04-15,11.783548355102539
2011-04-18,11.659685134887695
2011-04-19,11.734004020690918
2011-04-20,11.932185173034668
2011-04-21,12.023017883300781
2011-04-25,11.989989280700684
2011-04-26,12.072562217712402
2011-04-27,12.138623237609863
2011-04-28,12.155137062072754
2011-04-29,12.204684257507324
2011-05-02,12.17165470123291
2011-05-03,12.031275749206543
2011-05-04,11.923927307128906
2011-05-05,11.857867240905762
2011-05-06,11.923927307128906
2011-05-09,12.023017883300781
2011-05-10,12.122109413146973
2011-05-11,11.981730461120605
2011-05-12,12.047791481018066
2011-05-13,11.932185173034668
2011-05-16,11.816576957702637
2011-05-17,11.791805267333984
2011-05-18,11.948699951171875
2011-05-19,11.989989280700684
2011-05-20,11.923927307128906
2011-05-23,11.750519752502441
2011-05-24,11.734004020690918
2011-05-25,11.808320045471191
2011-05-26,11.899154663085938
2011-05-27,11.95695686340332
2011-05-31,12.072562217712402
2011-06-01,11.800064086914062
2011-06-02,11.824837684631348
2011-06-03,11.676199913024902
2011-06-06,11.544078826904297
2011-06-07,11.552336692810059
2011-06-08,11.45324420928955
2011-06-09,11.535821914672852
2011-06-10,11.354154586791992
2011-06-13,11.321125030517578
2011-06-14,11.519305229187012
2011-06-15,11.31286907196045
2011-06-16,11.27157974243164
2011-06-17,11.279837608337402
2011-06-20,11.337639808654785
2011-06-21,11.560593605041504
2011-06-22,11.486274719238281
2011-06-23,11.511048316955566
2011-06-24,11.370670318603516
2011-06-27,11.46976089477539
2011-06-28,11.676199913024902
2011-06-29,11.767034530639648
2011-06-30,11.899154663085938
2011-07-01,12.089079856872559
2011-07-05,12.122109413146973
2011-07-06,12.1633939743042
2011-07-07,12.295517921447754
2011-07-08,12.21294116973877
2011-07-11,11.95695686340332
2011-07-12,11.874382972717285
2011-07-13,11.94044303894043
2011-07-14,11.816576957702637
2011-07-15,11.94044303894043
2011-07-18,11.849609375
2011-07-19,12.064306259155273
2011-07-20,12.031275749206543
2011-07-21,12.138623237609863
2011-07-22,12.21294116973877
2011-07-25,12.146881103515625
2011-07-26,12.105594635009766
2011-07-27,11.791805267333984
2011-07-28,11.767034530639648
2011-07-29,11.717486381530762
2011-08-01,11.65142822265625
2011-08-02,11.31286907196045
2011-08-03,11.395445823669434
2011-08-04,10.75135326385498
2011-08-05,10.693548202514648
2011-08-08,9.975142478942871
2011-08-09,10.495368957519531
2011-08-10,10.115521430969238
2011-08-11,10.569686889648438
2011-08-12,10.677034378051758
2011-08-15,10.883474349975586
2011-08-16,10.71832275390625
2011-08-17,10.693548202514648
2011-08-18,10.123778343200684
2011-08-19,9.96688461303711
2011-08-22,9.991658210754395
2011-08-23,10.404535293579102
2011-08-24,10.511880874633789
2011-08-25,10.32196044921875
2011-08-26,10.561429023742676
2011-08-29,10.883474349975586
2011-08-30,10.957792282104492
2011-08-31,10.990821838378906
2011-09-01,10.866957664489746
2011-09-02,10.602717399597168
2011-09-06,10.55317211151123
2011-09-07,10.866957664489746
2011-09-08,10.75135326385498
2011-09-09,10.4623384475708
2011-09-12,10.528397560119629
2011-09-13,10.685293197631836
2011-09-14,10.850441932678223
2011-09-15,10.999078750610352
2011-09-16,11.040367126464844
2011-09-19,10.974306106567383
2011-09-20,10.883474349975586
2011-09-21,10.619231224060059
2011-09-22,10.231125831604004
2011-09-23,10.297187805175781
2011-09-26,10.487109184265137
2011-09-27,10.644004821777344
2011-09-28,10.36324691772461
2011-09-29,10.33847427368164
2011-09-30,10.049457550048828
2011-10-03,9.743929862976074
2011-10-04,9.991658210754395
2011-10-05,10.214611053466797
2011-10-06,10.454080581665039
2011-10-07,10.354989051818848
2011-10-10,10.726581573486328
2011-10-11,10.759610176086426
2011-10-12,10.850441932678223
2011-10-13,10.891730308532715
2011-10-14,11.114683151245117
2011-10-17,10.866957664489746
2011-10-18,11.048625946044922
2011-10-19,10.858699798583984
2011-10-20,10.858699798583984
2011-10-21,11.089914321899414
2011-10-24,11.329381942749023
2011-10-25,11.098169326782227
2011-10-26,11.180745124816895
2011-10-27,11.593626022338867
2011-10-28,11.61839771270752
2011-10-31,11.321125030517578
2011-11-01,11.015596389770508
2011-11-02,11.189002990722656
2011-11-03,11.436731338500977
2011-11-04,11.42021656036377
2011-11-07,11.428472518920898
2011-11-08,11.552336692810059
2011-11-09,11.106427192687988
2011-11-10,11.164233207702637
2011-11-11,11.395445823669434
2011-11-14,11.304607391357422
2011-11-15,11.378926277160645
2011-11-16,11.213776588439941
2011-11-17,10.966049194335938
2011-11-18,10.933019638061523
2011-11-21,10.726581573486328
2011-11-22,10.701807975769043
2011-11-23,10.445822715759277
2011-11-25,10.388018608093262
2011-11-28,10.734835624694824
2011-11-29,10.743094444274902
2011-11-30,11.222034454345703
2011-12-01,11.230291366577148
2011-12-02,11.213776588439941
2011-12-05,11.321125030517578
2011-12-06,11.279837608337402
2011-12-07,11.246807098388672
2011-12-08,11.015596389770508
2011-12-09,11.205517768859863
2011-12-12,11.032109260559082
2011-12-13,10.86251163482666
2011-12-14,10.663960456848145
2011-12-15,10.688779830932617
2011-12-16,10.763235092163086
2011-12-19,10.630868911743164
2011-12-20,10.9783353805542
2011-12-21,10.92869758605957
2011-12-22,11.027973175048828
2011-12-23,11.118976593017578
2011-12-27,11.135520935058594
2011-12-28,10.9783353805542
2011-12-29,11.077611923217773
2011-12-30,11.044519424438477
2012-01-03,11.20170783996582
2012-01-04,11.20170783996582
2012-01-05,11.243072509765625
2012-01-06,11.218255043029785
2012-01-09,11.243072509765625
2012-01-10,11.375441551208496
2012-01-11,11.38371467590332
2012-01-12,11.433351516723633
2012-01-13,11.367168426513672
2012-01-17,11.416808128356934
2012-01-18,11.598814010620117
2012-01-19,11.714634895324707
2012-01-20,11.656725883483887
2012-01-23,11.673270225524902
2012-01-24,11.698089599609375
2012-01-25,11.847005844116211
2012-01-26,11.764275550842285
2012-01-27,11.813912391662598
2012-01-30,11.764275550842285
2012-01-31,11.764275550842285
2012-02-01,11.904918670654297
2012-02-02,11.946279525756836
2012-02-03,12.144834518432617
2012-02-06,12.128288269042969
2012-02-07,12.128288269042969
2012-02-08,12.153107643127441
2012-02-09,12.211018562316895
2012-02-10,12.111742973327637
2012-02-13,12.22756290435791
2012-02-14,12.244111061096191
2012-02-15,12.177926063537598
2012-02-16,12.310296058654785
2012-02-17,12.293746948242188
2012-02-21,12.293746948242188
2012-02-22,12.293746948242188
2012-02-23,12.359933853149414
2012-02-24,12.401299476623535
2012-02-27,12.409570693969727
2012-02-28,12.459210395812988
2012-02-29,12.393025398254395
2012-03-01,12.492302894592285
2012-03-02,12.4343900680542
2012-03-05,12.335115432739258
2012-03-06,12.136561393737793
2012-03-07,12.244111061096191
2012-03-08,12.401299476623535
2012-03-09,12.467483520507812
2012-03-12,12.426117897033691
2012-03-13,12.641215324401855
2012-03-14,12.591580390930176
2012-03-15,12.674308776855469
2012-03-16,12.707402229309082
2012-03-19,12.765313148498535
2012-03-20,12.699128150939941
2012-03-21,12.723947525024414
2012-03-22,12.641215324401855
2012-03-23,12.682583808898926
2012-03-26,12.87286376953125
2012-03-27,12.823225021362305
2012-03-28,12.732222557067871
2012-03-29,12.74876880645752
2012-03-30,12.773584365844727
2012-04-02,12.881135940551758
2012-04-03,12.881135940551758
2012-04-04,12.732222557067871
2012-04-05,12.765313148498535
2012-04-09,12.63294506072998
2012-04-10,12.393025398254395
2012-04-11,12.525395393371582
2012-04-12,12.723947525024414
2012-04-13,12.583306312561035
2012-04-16,12.492302894592285
2012-04-17,12.690855979919434
2012-04-18,12.690855979919434
2012-04-19,12.591580390930176
2012-04-20,12.558487892150879
2012-04-23,12.426117897033691
2012-04-24,12.393025398254395
2012-04-25,12.63294506072998
2012-04-26,12.74876880645752
2012-04-27,12.823225021362305
2012-04-30,12.740495681762695
2012-05-01,12.790132522583008
2012-05-02,12.81495189666748
2012-05-03,12.64948844909668
2012-05-04,12.417845726013184
2012-05-07,12.409570693969727
2012-05-08,12.318568229675293
2012-05-09,12.244111061096191
2012-05-10,12.22756290435791
2012-05-11,12.219291687011719
2012-05-14,12.05383014678955
2012-05-15,12.02073860168457
2012-05-16,11.962827682495117
2012-05-17,11.7063627243042
2012-05-18,11.590540885925293
2012-05-21,11.880097389221191
2012-05-22,11.880097389221191
2012-05-23,11.946279525756836
2012-05-24,11.921462059020996
2012-05-25,11.888370513916016
2012-05-29,12.02073860168457
2012-05-30,11.830458641052246
2012-05-31,11.7808198928833
2012-06-01,11.433351516723633
2012-06-04,11.458171844482422
2012-06-05,11.557448387145996
2012-06-06,11.847005844116211
2012-06-07,11.813912391662598
2012-06-08,11.888370513916016
2012-06-11,11.7063627243042
2012-06-12,11.838730812072754
2012-06-13,11.7063627243042
2012-06-14,11.77254867553711
2012-06-15,11.929734230041504
2012-06-18,12.029010772705078
2012-06-19,12.16137981414795
2012-06-20,12.120016098022461
2012-06-21,11.805639266967773
2012-06-22,11.921462059020996
2012-06-25,11.698089599609375
2012-06-26,11.7808198928833
2012-06-27,11.830458641052246
2012-06-28,11.756002426147461
2012-06-29,12.095195770263672
2012-07-02,12.128288269042969
2012-07-03,12.22756290435791
2012-07-05,12.23583698272705
2012-07-06,12.04555892944336
2012-07-09,11.99592113494873
2012-07-10,11.863550186157227
2012-07-11,11.805639266967773
2012-07-12,11.77254867553711
2012-07-13,11.938008308410645
2012-07-16,11.871824264526367
2012-07-17,11.921462059020996
2012-07-18,12.05383014678955
2012-07-19,12.153107643127441
2012-07-20,11.99592113494873
2012-07-23,11.855278015136719
2012-07-24,11.731181144714355
2012-07-25,11.739455223083496
2012-07-26,11.921462059020996
2012-07-27,12.177926063537598
2012-07-30,12.128288269042969
2012-07-31,12.05383014678955
2012-08-01,11.971099853515625
2012-08-02,11.913189888000488
2012-08-03,12.153107643127441
2012-08-06,12.194473266601562
2012-08-07,12.310296058654785
2012-08-08,12.285475730895996
2012-08-09,12.293746948242188
2012-08-10,12.310296058654785
2012-08-13,12.310296058654785
2012-08-14,12.293746948242188
2012-08-15,12.35166072845459
2012-08-16,12.459210395812988
2012-08-17,12.517123222351074
2012-08-20,12.47575569152832
2012-08-21,12.4343900680542
2012-08-22,12.467483520507812
2012-08-23,12.384754180908203
2012-08-24,12.45093822479248
2012-08-27,12.442665100097656
2012-08-28,12.459210395812988
2012-08-29,12.484031677246094
2012-08-30,12.376480102539062
2012-08-31,12.442665100097656
2012-09-04,12.459210395812988
2012-09-05,12.4343900680542
2012-09-06,12.707402229309082
2012-09-07,12.765313148498535
2012-09-10,12.674308776855469
2012-09-11,12.682583808898926
2012-09-12,12.71567440032959
2012-09-13,12.881135940551758
2012-09-14,12.9638671875
2012-09-17,12.930773735046387
2012-09-18,12.914227485656738
2012-09-19,12.947319984436035
2012-09-20,12.881135940551758
2012-09-21,12.889409065246582
2012-09-24,12.823225021362305
2012-09-25,12.682583808898926
2012-09-26,12.599855422973633
2012-09-27,12.765313148498535
2012-09-28,12.71567440032959
2012-10-01,12.723947525024414
2012-10-02,12.71567440032959
2012-10-03,12.773584365844727
2012-10-04,12.848044395446777
2012-10-05,12.823225021362305
2012-10-08,12.757039070129395
2012-10-09,12.591580390930176
2012-10-10,12.525395393371582
2012-10-11,12.550213813781738
2012-10-12,12.541940689086914
2012-10-15,12.624671936035156
2012-10-16,12.773584365844727
2012-10-17,12.781859397888184
2012-10-18,12.690855979919434
2012-10-19,12.467483520507812
2012-10-22,12.484031677246094
2012-10-23,12.368207931518555
2012-10-24,12.318568229675293
2012-10-25,12.318568229675293
2012-10-26,12.326842308044434
2012-10-31,12.326842308044434
2012-11-01,12.533666610717773
2012-11-02,12.409570693969727
2012-11-05,12.467483520507812
2012-11-06,12.550213813781738
2012-11-07,12.310296058654785
2012-11-08,12.153107643127441
2012-11-09,12.177926063537598
2012-11-12,12.194473266601562
2012-11-13,12.186198234558105
2012-11-14,12.012466430664062
2012-11-15,11.99592113494873
2012-11-16,12.078649520874023
2012-11-19,12.343389511108398
2012-11-20,12.35166072845459
2012-11-21,12.401299476623535
2012-11-23,12.550213813781738
2012-11-26,12.533666610717773
2012-11-27,12.484031677246094
2012-11-28,12.575033187866211
2012-11-29,12.666036605834961
2012-11-30,12.64948844909668
2012-12-03,12.591580390930176
2012-12-04,12.558487892150879
2012-12-05,12.517123222351074
2012-12-06,12.566761016845703
2012-12-07,12.583306312561035
2012-12-10,12.599855422973633
2012-12-11,12.690855979919434
2012-12-12,12.690855979919434
2012-12-13,12.612030982971191
2012-12-14,12.570541381835938
2012-12-17,12.71989631652832
2012-12-18,12.860952377319336
2012-12-19,12.786275863647461
2012-12-20,12.852655410766602
2012-12-21,12.761383056640625
2012-12-24,12.736490249633789
2012-12-26,12.62032699584961
2012-12-27,12.62032699584961
2012-12-28,12.504162788391113
2012-12-31,12.732418060302734
2013-01-02,13.056121826171875
2013-01-03,13.031224250793457
2013-01-04,13.081024169921875
2013-01-07,13.064424514770508
2013-01-08,13.031224250793457
2013-01-09,13.105923652648926
2013-01-10,13.164024353027344
2013-01-11,13.172325134277344
2013-01-14,13.164024353027344
2013-01-15,13.172325134277344
2013-01-16,13.139124870300293
2013-01-17,13.222125053405762
2013-01-18,13.247026443481445
2013-01-22,13.29682731628418
2013-01-23,13.321727752685547
2013-01-24,13.379829406738281
2013-01-25,13.479430198669434
2013-01-28,13.421330451965332
2013-01-29,13.421330451965332
2013-01-30,13.379829406738281
2013-01-31,13.388128280639648
2013-02-01,13.5126314163208
2013-02-04,13.330028533935547
2013-02-05,13.446231842041016
2013-02-06,13.454529762268066
2013-02-07,13.429630279541016
2013-02-08,13.520931243896484
2013-02-11,13.479430198669434
2013-02-12,13.471132278442383
2013-02-13,13.496030807495117
2013-02-14,13.5126314163208
2013-02-15,13.5292329788208
2013-02-19,13.595632553100586
2013-02-20,13.404729843139648
2013-02-21,13.313429832458496
2013-02-22,13.446231842041016
2013-02-25,13.222125053405762
2013-02-26,13.288527488708496
2013-02-27,13.471132278442383
2013-02-28,13.479430198669434
2013-03-01,13.520931243896484
2013-03-04,13.595632553100586
2013-03-05,13.736733436584473
2013-03-06,13.728436470031738
2013-03-07,13.745036125183105
2013-03-08,13.803136825561523
2013-03-11,13.81973648071289
2013-03-12,13.778236389160156
2013-03-13,13.803136825561523
2013-03-14,13.861236572265625
2013-03-15,13.79483699798584
2013-03-18,13.711833953857422
2013-03-19,13.662034034729004
2013-03-20,13.778236389160156
2013-03-21,13.662034034729004
2013-03-22,13.736733436584473
2013-03-25,13.695233345031738
2013-03-26,13.803136825561523
2013-03-27,13.81973648071289
2013-03-28,13.902738571166992
2013-04-01,13.79483699798584
2013-04-02,13.84463882446289
2013-04-03,13.662034034729004
2013-04-04,13.703536033630371
2013-04-05,13.637133598327637
2013-04-08,13.736733436584473
2013-04-09,13.75333309173584
2013-04-10,13.944238662719727
2013-04-11,14.027239799499512
2013-04-12,14.002340316772461
2013-04-15,13.62883472442627
2013-04-16,13.861236572265625
2013-04-17,13.678633689880371
2013-04-18,13.554132461547852
2013-04-19,13.695233345031738
2013-04-22,13.736733436584473
2013-04-23,13.886136054992676
2013-04-24,13.911036491394043
2013-04-25,14.010639190673828
2013-04-26,13.935941696166992
2013-04-29,14.027239799499512
2013-04-30,14.11024284362793
2013-05-01,13.977439880371094
2013-05-02,14.11024284362793
2013-05-03,14.284544944763184
2013-05-06,14.309443473815918
2013-05-07,14.384145736694336
2013-05-08,14.475449562072754
2013-05-09,14.458845138549805
2013-05-10,14.558450698852539
2013-05-13,14.541847229003906
2013-05-14,14.716151237487793
2013-05-15,14.77425479888916
2013-05-16,14.666351318359375
2013-05-17,14.807454109191895
2013-05-20,14.765954971313477
2013-05-21,14.765954971313477
2013-05-22,14.57504940032959
2013-05-23,14.550152778625488
2013-05-24,14.525246620178223
2013-05-28,14.624853134155273
2013-05-29,14.492050170898438
2013-05-30,14.58335018157959
2013-05-31,14.409049034118652
2013-06-03,14.409049034118652
2013-06-04,14.301146507263184
2013-06-05,14.118539810180664
2013-06-06,14.276246070861816
2013-06-07,14.483748435974121
2013-06-10,14.483748435974121
2013-06-11,14.34264850616455
2013-06-12,14.209845542907715
2013-06-13,14.41734790802002
2013-06-14,14.359247207641602
2013-06-17,14.467147827148438
2013-06-18,14.59994888305664
2013-06-19,14.41734790802002
2013-06-20,14.052140235900879
2013-06-21,14.052140235900879
2013-06-24,13.911036491394043
2013-06-25,14.018939018249512
2013-06-26,14.176642417907715
2013-06-27,14.301146507263184
2013-06-28,14.22644329071045
2013-07-01,14.375844955444336
2013-07-02,14.350946426391602
2013-07-03,14.384145736694336
2013-07-05,14.533549308776855
2013-07-08,14.59994888305664
2013-07-09,14.682950973510742
2013-07-10,14.732752799987793
2013-07-11,14.965157508850098
2013-07-12,15.039860725402832
2013-07-15,15.0315580368042
2013-07-16,14.948554039001465
2013-07-17,14.981758117675781
2013-07-18,15.039860725402832
2013-07-19,15.073060035705566
2013-07-22,15.097955703735352
2013-07-23,15.0149564743042
2013-07-24,14.931953430175781
2013-07-25,15.039860725402832
2013-07-26,15.039860725402832
2013-07-29,14.973456382751465
2013-07-30,15.0066556930542
2013-07-31,15.0149564743042
2013-08-01,15.297163009643555
2013-08-02,15.338662147521973
2013-08-05,15.330362319946289
2013-08-06,15.230761528015137
2013-08-07,15.122859001159668
2013-08-08,15.20586109161377
2013-08-09,15.180961608886719
2013-08-12,15.139457702636719
2013-08-13,15.180961608886719
2013-08-14,15.073060035705566
2013-08-15,14.840654373168945
2013-08-16,14.807454109191895
2013-08-19,14.77425479888916
2013-08-20,14.86555290222168
2013-08-21,14.815752029418945
2013-08-22,14.973456382751465
2013-08-23,15.0149564743042
2013-08-26,14.998358726501465
2013-08-27,14.732752799987793
2013-08-28,14.782553672790527
2013-08-29,14.857254028320312
2013-08-30,14.77425479888916
2013-09-03,14.907054901123047
2013-09-04,15.06475830078125
2013-09-05,15.106258392333984
2013-09-06,15.139457702636719
2013-09-09,15.322065353393555
2013-09-10,15.471464157104492
2013-09-11,15.537866592407227
2013-09-12,15.479765892028809
2013-09-13,15.496367454528809
2013-09-16,15.579368591308594
2013-09-17,15.678969383239746
2013-09-18,15.853270530700684
2013-09-19,15.853270530700684
2013-09-20,15.770269393920898
2013-09-23,15.662365913391113
2013-09-24,15.670670509338379
2013-09-25,15.620867729187012
2013-09-26,15.770269393920898
2013-09-27,15.72046947479248
2013-09-30,15.670670509338379
2013-10-01,15.84497356414795
2013-10-02,15.836669921875
2013-10-03,15.678969383239746
2013-10-04,15.820070266723633
2013-10-07,15.64576530456543
2013-10-08,15.34696102142334
2013-10-09,15.255661010742188
2013-10-10,15.620867729187012
2013-10-11,15.72046947479248
2013-10-14,15.803467750549316
2013-10-15,15.678969383239746
2013-10-16,15.927973747253418
2013-10-17,16.027572631835938
2013-10-18,16.235076904296875
2013-10-21,16.226776123046875
2013-10-22,16.284875869750977
2013-10-23,16.19357681274414
2013-10-24,16.334678649902344
2013-10-25,16.417682647705078
2013-10-28,16.36787986755371
2013-10-29,16.484085083007812
2013-10-30,16.351280212402344
2013-10-31,16.29317855834961
2013-11-01,16.318078994750977
2013-11-04,16.376182556152344
2013-11-05,16.409378051757812
2013-11-06,16.359580993652344
2013-11-07,16.069074630737305
2013-11-08,16.29317855834961
2013-11-11,16.318078994750977
2013-11-12,16.309782028198242
2013-11-13,16.484085083007812
2013-11-14,16.567079544067383
2013-11-15,16.666685104370117
2013-11-18,16.542186737060547
2013-11-19,16.45088005065918
2013-11-20,16.392780303955078
2013-11-21,16.567079544067383
2013-11-22,16.67498779296875
2013-11-25,16.64178466796875
2013-11-26,16.716487884521484
2013-11-27,16.74968719482422
2013-11-29,16.74968719482422
2013-12-02,16.72478485107422
2013-12-03,16.633487701416016
2013-12-04,16.616886138916016
2013-12-05,16.600282669067383
2013-12-06,16.733091354370117
2013-12-09,16.733091354370117
2013-12-10,16.716487884521484
2013-12-11,16.53388214111328
2013-12-12,16.499897003173828
2013-12-13,16.542381286621094
2013-12-16,16.635841369628906
2013-12-17,16.601852416992188
2013-12-18,16.848249435424805
2013-12-19,16.839750289916992
2013-12-20,16.992685317993164
2013-12-23,17.086149215698242
2013-12-24,17.120128631591797
2013-12-26,17.188100814819336
2013-12-27,17.137123107910156
2013-12-30,17.154117584228516
2013-12-31,17.247575759887695
2014-01-02,17.086149215698242
2014-01-03,17.069154739379883
2014-01-06,16.984189987182617
2014-01-07,17.16261100769043
2014-01-08,17.213590621948242
2014-01-09,17.196598052978516
2014-01-10,17.264570236206055
2014-01-13,16.992685317993164
2014-01-14,17.264570236206055
2014-01-15,17.31554412841797
2014-01-16,17.324045181274414
2014-01-17,17.307052612304688
2014-01-21,17.409006118774414
2014-01-22,17.459983825683594
2014-01-23,17.332542419433594
2014-01-24,16.87373924255371
2014-01-27,16.695316314697266
2014-01-28,16.907724380493164
2014-01-29,16.695316314697266
2014-01-30,17.026674270629883
2014-01-31,16.87373924255371
2014-02-03,16.431926727294922
2014-02-04,16.584861755371094
2014-02-05,16.542381286621094
2014-02-06,16.780277252197266
2014-02-07,17.086149215698242
2014-02-10,17.103134155273438
2014-02-11,17.28156280517578
2014-02-12,17.307052612304688
2014-02-13,17.468477249145508
2014-02-14,17.502466201782227
2014-02-18,17.604421615600586
2014-02-19,17.493968963623047
2014-02-20,17.629915237426758
2014-02-21,17.646900177001953
2014-02-24,17.79134178161621
2014-02-25,17.79134178161621
2014-02-26,17.799840927124023
2014-02-27,17.90179443359375
2014-02-28,17.84231948852539
2014-03-03,17.723373413085938
2014-03-04,18.029237747192383
2014-03-05,18.012248992919922
2014-03-06,17.995254516601562
2014-03-07,17.96976089477539
2014-03-10,17.927282333374023
2014-03-11,17.83382797241211
2014-03-12,17.884796142578125
2014-03-13,17.604421615600586
2014-03-14,17.5704402923584
2014-03-17,17.71487808227539
2014-03-18,17.884796142578125
2014-03-19,17.7403621673584
2014-03-20,17.774349212646484
2014-03-21,17.5704402923584
2014-03-24,17.324045181274414
2014-03-25,17.298551559448242
2014-03-26,17.069154739379883
2014-03-27,17.035167694091797
2014-03-28,17.05216407775879
2014-03-31,17.205095291137695
2014-04-01,17.4429931640625
2014-04-02,17.45149040222168
2014-04-03,17.298551559448242
2014-04-04,16.890731811523438
2014-04-07,16.64433479309082
2014-04-08,16.780277252197266
2014-04-09,17.103134155273438
2014-04-10,16.576364517211914
2014-04-11,16.321474075317383
2014-04-14,16.431926727294922
2014-04-15,16.525386810302734
2014-04-16,16.780277252197266
2014-04-17,16.805767059326172
2014-04-21,16.87373924255371
2014-04-22,17.035167694091797
2014-04-23,16.907724380493164
2014-04-24,16.87373924255371
2014-04-25,16.525386810302734
2014-04-28,16.44042205810547
2014-04-29,16.618844985961914
2014-04-30,16.678319931030273
2014-05-01,16.763286590576172
2014-05-02,16.780277252197266
2014-05-05,16.8652400970459
2014-05-06,16.64433479309082
2014-05-07,16.601852416992188
2014-05-08,16.542381286621094
2014-05-09,16.635841369628906
2014-05-12,16.924715042114258
2014-05-13,16.882230758666992
2014-05-14,16.780277252197266
2014-05-15,16.610349655151367
2014-05-16,16.695316314697266
2014-05-19,16.81426239013672
2014-05-20,16.669822692871094
2014-05-21,16.848249435424805
2014-05-22,16.94170570373535
2014-05-23,17.05216407775879
2014-05-27,17.23058319091797
2014-05-28,17.17960548400879
2014-05-29,17.290061950683594
2014-05-30,17.28156280517578
2014-06-02,17.28156280517578
2014-06-03,17.264570236206055
2014-06-04,17.332542419433594
2014-06-05,17.4429931640625
2014-06-06,17.56194305419922
2014-06-09,17.578933715820312
2014-06-10,17.553443908691406
2014-06-11,17.519460678100586
2014-06-12,17.366525650024414
2014-06-13,17.409006118774414
2014-06-16,17.417503356933594
2014-06-17,17.468477249145508
2014-06-18,17.59592628479004
2014-06-19,17.59592628479004
2014-06-20,17.672391891479492
2014-06-23,17.65540313720703
2014-06-24,17.536449432373047
2014-06-25,17.663896560668945
2014-06-26,17.638410568237305
2014-06-27,17.663896560668945
2014-06-30,17.680889129638672
2014-07-01,17.87630844116211
2014-07-02,17.85081672668457
2014-07-03,17.96976089477539
2014-07-07,17.808332443237305
2014-07-08,17.59592628479004
2014-07-09,17.706377029418945
2014-07-10,17.59592628479004
2014-07-11,17.646900177001953
2014-07-14,17.765851974487305
2014-07-15,17.663896560668945
2014-07-16,17.663896560668945
2014-07-17,17.417503356933594
2014-07-18,17.680889129638672
2014-07-21,17.646900177001953
2014-07-22,17.774349212646484
2014-07-23,17.83382797241211
2014-07-24,17.816829681396484
2014-07-25,17.680889129638672
2014-07-28,17.638410568237305
2014-07-29,17.612916946411133
2014-07-30,17.706377029418945
2014-07-31,17.349533081054688
2014-08-01,17.307052612304688
2014-08-04,17.45149040222168
2014-08-05,17.324045181274414
2014-08-06,17.341033935546875
2014-08-07,17.23058319091797
2014-08-08,17.434497833251953
2014-08-11,17.502466201782227
2014-08-12,17.434497833251953
2014-08-13,17.578933715820312
2014-08-14,17.680889129638672
2014-08-15,17.672391891479492
2014-08-18,17.859315872192383
2014-08-19,17.944276809692383
2014-08-20,17.995254516601562
2014-08-21,17.9782657623291
2014-08-22,18.00374984741211
2014-08-25,18.1057071685791
2014-08-26,18.173677444458008
2014-08-27,18.13119888305664
2014-08-28,18.080215454101562
2014-08-29,18.148189544677734
2014-09-02,18.182172775268555
2014-09-03,18.165180206298828
2014-09-04,18.122697830200195
2014-09-05,18.20766258239746
2014-09-08,18.216161727905273
2014-09-09,18.054731369018555
2014-09-10,18.139692306518555
2014-09-11,18.139692306518555
2014-09-12,18.012248992919922
2014-09-15,17.867809295654297
2014-09-16,18.029237747192383
2014-09-17,18.06322479248047
2014-09-18,18.148189544677734
2014-09-19,18.148189544677734
2014-09-22,17.90179443359375
2014-09-23,17.79134178161621
2014-09-24,18.012248992919922
2014-09-25,17.71487808227539
2014-09-26,17.884796142578125
2014-09-29,17.859315872192383
2014-09-30,17.79134178161621
2014-10-01,17.502466201782227
2014-10-02,17.54494857788086
2014-10-03,17.765851974487305
2014-10-06,17.706377029418945
2014-10-07,17.400510787963867
2014-10-08,17.68938636779785
2014-10-09,17.31554412841797
2014-10-10,16.984189987182617
2014-10-13,16.661327362060547
2014-10-14,16.780277252197266
2014-10-15,16.788774490356445
2014-10-16,16.882230758666992
2014-10-17,17.086149215698242
2014-10-20,17.264570236206055
2014-10-21,17.663896560668945
2014-10-22,17.45149040222168
2014-10-23,17.757356643676758
2014-10-24,17.87630844116211
2014-10-27,17.867809295654297
2014-10-28,18.122697830200195
2014-10-29,18.012248992919922
2014-10-30,18.22465705871582
2014-10-31,18.43706703186035
2014-11-03,18.43706703186035
2014-11-04,18.360597610473633
2014-11-05,18.38608169555664
2014-11-06,18.547517776489258
2014-11-07,18.5305233001709
2014-11-10,18.632482528686523
2014-11-11,18.674959182739258
2014-11-12,18.708948135375977
2014-11-13,18.683456420898438
2014-11-14,18.674959182739258
2014-11-17,18.606992721557617
2014-11-18,18.734432220458984
2014-11-19,18.683456420898438
2014-11-20,18.734432220458984
2014-11-21,18.844892501831055
2014-11-24,18.955339431762695
2014-11-25,18.94684410095215
2014-11-26,18.99782371520996
2014-11-28,18.99782371520996
2014-12-01,18.77692222595215
2014-12-02,18.86188316345215
2014-12-03,18.972332000732422
2014-12-04,18.9383487701416
2014-12-05,18.963836669921875
2014-12-08,18.81089973449707
2014-12-09,18.853384017944336
2014-12-10,18.52202796936035
2014-12-11,18.61069107055664
2014-12-12,18.380163192749023
2014-12-15,18.28263282775879
2014-12-16,18.06097412109375
2014-12-17,18.468830108642578
2014-12-18,18.86781883239746
2014-12-19,18.974214553833008
2014-12-22,19.054014205932617
2014-12-23,19.018550872802734
2014-12-24,19.054014205932617
2014-12-26,19.12494659423828
2014-12-29,19.142677307128906
2014-12-30,19.045148849487305
2014-12-31,18.91214942932129
2015-01-02,18.91214942932129
2015-01-05,18.575227737426758
2015-01-06,18.371295928955078
2015-01-07,18.637290954589844
2015-01-08,18.956483840942383
2015-01-09,18.788021087646484
2015-01-12,18.6284236907959
2015-01-13,18.637290954589844
2015-01-14,18.530893325805664
2015-01-15,18.300363540649414
2015-01-16,18.566360473632812
2015-01-20,18.655027389526367
2015-01-21,18.79688835144043
2015-01-22,19.12494659423828
2015-01-23,19.133811950683594
2015-01-26,19.23134422302246
2015-01-27,19.045148849487305
2015-01-28,18.788021087646484
2015-01-29,18.956483840942383
2015-01-30,18.788021087646484
2015-02-02,18.92988395690918
2015-02-03,19.151548385620117
2015-02-04,19.107213973999023
2015-02-05,19.346609115600586
2015-02-06,19.284543991088867
2015-02-09,19.151548385620117
2015-02-10,19.382076263427734
2015-02-11,19.426406860351562
2015-02-12,19.639196395874023
2015-02-13,19.75446891784668
2015-02-17,19.781064987182617
2015-02-18,19.860858917236328
2015-02-19,19.95839500427246
2015-02-20,20.135719299316406
2015-02-23,20.117992401123047
2015-02-24,20.10912322998047
2015-02-25,20.233251571655273
2015-02-26,20.215518951416016
2015-02-27,20.10025405883789
2015-03-02,20.295316696166992
2015-03-03,20.18892478942871
2015-03-04,20.10912322998047
2015-03-05,20.22438621520996
2015-03-06,19.940658569335938
2015-03-09,19.993858337402344
2015-03-10,19.69239616394043
2015-03-11,19.701265335083008
2015-03-12,19.931791305541992
2015-03-13,19.825397491455078
2015-03-16,20.091388702392578
2015-03-17,20.10025405883789
2015-03-18,20.286453247070312
2015-03-19,20.33965301513672
2015-03-20,20.49038314819336
2015-03-23,20.35738182067871
2015-03-24,20.286453247070312
2015-03-25,19.89632797241211
2015-03-26,19.85199546813965
2015-03-27,20.020456314086914
2015-03-30,20.22438621520996
2015-03-31,20.047061920166016
2015-04-01,19.940658569335938
2015-04-02,20.002727508544922
2015-04-06,20.091388702392578
2015-04-07,20.082523345947266
2015-04-08,20.250986099243164
2015-04-09,20.31304931640625
2015-04-10,20.383983612060547
2015-04-13,20.321918487548828
2015-04-14,20.304183959960938
2015-04-15,20.35738182067871
2015-04-16,20.419450759887695
2015-04-17,20.162322998046875
2015-04-20,20.348520278930664
2015-04-21,20.437183380126953
2015-04-22,20.50811767578125
2015-04-23,20.579042434692383
2015-04-24,20.57018280029297
2015-04-27,20.383983612060547
2015-04-28,20.304183959960938
2015-04-29,20.215518951416016
2015-04-30,19.95839500427246
2015-05-01,20.162322998046875
2015-05-04,20.2066593170166
2015-05-05,19.949527740478516
2015-05-06,19.931791305541992
2015-05-07,20.047061920166016
2015-05-08,20.295316696166992
2015-05-11,20.24211883544922
2015-05-12,20.180055618286133
2015-05-13,20.162322998046875
2015-05-14,20.383983612060547
2015-05-15,20.428316116333008
2015-05-18,20.5435791015625
2015-05-19,20.50811767578125
2015-05-20,20.472646713256836
2015-05-21,20.56131362915039
2015-05-22,20.534711837768555
2015-05-26,20.330785751342773
2015-05-27,20.50811767578125
2015-05-28,20.446046829223633
2015-05-29,20.348520278930664
2015-06-01,20.40171241760254
2015-06-02,20.36625099182129
2015-06-03,20.454912185668945
2015-06-04,20.321918487548828
2015-06-05,20.40171241760254
2015-06-08,20.2066593170166
2015-06-09,20.180055618286133
2015-06-10,20.419450759887695
2015-06-11,20.472646713256836
2015-06-12,20.36625099182129
2015-06-15,20.286453247070312
2015-06-16,20.392850875854492
2015-06-17,20.446046829223633
2015-06-18,20.685443878173828
2015-06-19,20.614513397216797
2015-06-22,20.75637435913086
2015-06-23,20.809572219848633
2015-06-24,20.57018280029297
2015-06-25,20.56131362915039
2015-06-26,20.48151206970215
2015-06-29,20.002727508544922
2015-06-30,20.135719299316406
2015-07-01,20.250986099243164
2015-07-02,20.24211883544922
2015-07-06,20.18892478942871
2015-07-07,20.277585983276367
2015-07-08,19.9140625
2015-07-09,20.055925369262695
2015-07-10,20.33965301513672
2015-07-13,20.58791160583496
2015-07-14,20.712045669555664
2015-07-15,20.641115188598633
2015-07-16,20.85390281677246
2015-07-17,20.933706283569336
2015-07-20,20.96916961669922
2015-07-21,20.898237228393555
2015-07-22,20.924835205078125
2015-07-23,20.82730484008789
2015-07-24,20.58791160583496
2015-07-27,20.383983612060547
2015-07-28,20.623374938964844
2015-07-29,20.75637435913086
2015-07-30,20.78297233581543
2015-07-31,20.791839599609375
2015-08-03,20.729774475097656
2015-08-04,20.809572219848633
2015-08-05,20.97803497314453
2015-08-06,20.67657470703125
2015-08-07,20.596776962280273
2015-08-10,20.82730484008789
2015-08-11,20.66771125793457
2015-08-12,20.66771125793457
2015-08-13,20.67657470703125
2015-08-14,20.74750518798828
2015-08-17,20.924835205078125
2015-08-18,20.862773895263672
2015-08-19,20.729774475097656
2015-08-20,20.153451919555664
2015-08-21,19.50620460510254
2015-08-24,18.752552032470703
2015-08-25,18.646160125732422
2015-08-26,19.3554744720459
2015-08-27,19.843130111694336
2015-08-28,19.887462615966797
2015-08-31,19.62146759033203
2015-09-01,19.089481353759766
2015-09-02,19.479604721069336
2015-09-03,19.461872100830078
2015-09-04,19.23134422302246
2015-09-08,19.710132598876953
2015-09-09,19.48847007751465
2015-09-10,19.577136993408203
2015-09-11,19.69239616394043
2015-09-14,19.577136993408203
2015-09-15,19.816530227661133
2015-09-16,19.98499298095703
2015-09-17,20.020456314086914
2015-09-18,19.736730575561523
2015-09-21,19.710132598876953
2015-09-22,19.426406860351562
2015-09-23,19.382076263427734
2015-09-24,19.249074935913086
2015-09-25,19.11608123779297
2015-09-28,18.47769546508789
2015-09-29,18.43336296081543
2015-09-30,18.85895347595215
2015-10-01,18.974214553833008
2015-10-02,19.302276611328125
2015-10-05,19.568267822265625
2015-10-06,19.311140060424805
2015-10-07,19.497337341308594
2015-10-08,19.630332946777344
2015-10-09,19.69239616394043
2015-10-12,19.75446891784668
2015-10-13,19.550535202026367
2015-10-14,19.461872100830078
2015-10-15,19.763330459594727
2015-10-16,19.80766487121582
2015-10-19,19.86972999572754
2015-10-20,19.75446891784668
2015-10-21,19.577136993408203
2015-10-22,19.825397491455078
2015-10-23,20.055925369262695
2015-10-26,20.135719299316406
2015-10-27,20.144588470458984
2015-10-28,20.35738182067871
2015-10-29,20.383983612060547
2015-10-30,20.35738182067871
2015-11-02,20.579042434692383
2015-11-03,20.596776962280273
2015-11-04,20.579042434692383
2015-11-05,20.5435791015625
2015-11-06,20.52584457397461
2015-11-09,20.52584457397461
2015-11-10,20.392850875854492
2015-11-11,20.321918487548828
2015-11-12,20.038192749023438
2015-11-13,19.781064987182617
2015-11-16,20.002727508544922
2015-11-17,20.064788818359375
2015-11-18,20.410587310791016
2015-11-19,20.410587310791016
2015-11-20,20.48151206970215
2015-11-23,20.49924659729004
2015-11-24,20.49038314819336
2015-11-25,20.56131362915039
2015-11-27,20.596776962280273
2015-11-30,20.446046829223633
2015-12-01,20.67657470703125
2015-12-02,20.52584457397461
2015-12-03,20.18892478942871
2015-12-04,20.57018280029297
2015-12-07,20.40171241760254
2015-12-08,20.36625099182129
2015-12-09,20.126855850219727
2015-12-10,20.197786331176758
2015-12-11,19.75647735595703
2015-12-14,19.82779884338379
2015-12-15,20.032852172851562
2015-12-16,20.335975646972656
2015-12-17,20.059600830078125
2015-12-18,19.747556686401367
2015-12-21,19.86346435546875
2015-12-22,19.988277435302734
2015-12-23,20.211158752441406
2015-12-24,20.18441390991211
2015-12-28,20.193328857421875
2015-12-29,20.425127029418945
2015-12-30,20.28248405456543
2015-12-31,20.104175567626953
2016-01-04,19.69407081604004
2016-01-05,19.738643646240234
2016-01-06,19.497928619384766
2016-01-07,18.99867057800293
2016-01-08,18.7312068939209
2016-01-11,18.677717208862305
2016-01-12,18.856019973754883
2016-01-13,18.231948852539062
2016-01-14,18.508323669433594
2016-01-15,18.080385208129883
2016-01-19,18.009061813354492
2016-01-20,17.9288272857666
2016-01-21,17.919906616210938
2016-01-22,18.32110023498535
2016-01-25,18.035808563232422
2016-01-26,18.240859985351562
2016-01-27,17.91099739074707
2016-01-28,17.893159866333008
2016-01-29,18.34784698486328
2016-02-01,18.42808723449707
2016-02-02,18.009061813354492
2016-02-03,18.00014877319336
2016-02-04,18.044723510742188
2016-02-05,17.420644760131836
2016-02-08,16.939218521118164
2016-02-09,16.983795166015625
2016-02-10,17.081863403320312
2016-02-11,16.90355682373047
2016-02-12,17.251253128051758
2016-02-16,17.625699996948242
2016-02-17,18.026893615722656
2016-02-18,17.866418838500977
2016-02-19,17.937740325927734
2016-02-22,18.196285247802734
2016-02-23,17.99123191833496
2016-02-24,18.098215103149414
2016-02-25,18.330015182495117
2016-02-26,18.37459373474121
2016-02-29,18.240859985351562
2016-03-01,18.722291946411133
2016-03-02,18.740123748779297
2016-03-03,18.802534103393555
2016-03-04,18.838191986083984
2016-03-07,18.820362091064453
2016-03-08,18.579647064208984
2016-03-09,18.64205551147461
2016-03-10,18.624225616455078
2016-03-11,18.98975372314453
2016-03-14,18.963008880615234
2016-03-15,18.84710693359375
2016-03-16,18.954090118408203
2016-03-17,19.016498565673828
2016-03-18,19.15914535522461
2016-03-21,19.20372200012207
2016-03-22,19.23046875
2016-03-23,19.08782386779785
2016-03-24,19.08782386779785
2016-03-28,19.09674072265625
2016-03-29,19.346370697021484
2016-03-30,19.39986228942871
2016-03-31,19.408777236938477
2016-04-01,19.58708381652832
2016-04-04,19.497928619384766
2016-04-05,19.30179214477539
2016-04-06,19.57816505432129
2016-04-07,19.346370697021484
2016-04-08,19.355281829833984
2016-04-11,19.24829864501953
2016-04-12,19.390947341918945
2016-04-13,19.658405303955078
2016-04-14,19.658405303955078
2016-04-15,19.676237106323242
2016-04-18,19.801050186157227
2016-04-19,19.765392303466797
2016-04-20,19.818883895874023
2016-04-21,19.765392303466797
2016-04-22,19.747556686401367
2016-04-25,19.68515396118164
2016-04-26,19.7297306060791
2016-04-27,19.747556686401367
2016-04-28,19.57816505432129
2016-04-29,19.515758514404297
2016-05-02,19.702985763549805
2016-05-03,19.497928619384766
2016-05-04,19.355281829833984
2016-05-05,19.32853889465332
2016-05-06,19.382030487060547
2016-05-09,19.462268829345703
2016-05-10,19.7297306060791
2016-05-11,19.497928619384766
2016-05-12,19.462268829345703
2016-05-13,19.32853889465332
2016-05-16,19.54250717163086
2016-05-17,19.373111724853516
2016-05-18,19.408777236938477
2016-05-19,19.319623947143555
2016-05-20,19.480098724365234
2016-05-23,19.444438934326172
2016-05-24,19.75647735595703
2016-05-25,19.84562873840332
2016-05-26,19.854549407958984
2016-05-27,19.95261573791504
2016-05-31,19.95261573791504
2016-06-01,19.9971923828125
2016-06-02,20.12200355529785
2016-06-03,20.02393913269043
2016-06-06,20.13983726501465
2016-06-07,20.12200355529785
2016-06-08,20.193328857421875
2016-06-09,20.11309242248535
2016-06-10,19.818883895874023
2016-06-13,19.658405303955078
2016-06-14,19.631662368774414
2016-06-15,19.631662368774414
2016-06-16,19.631662368774414
2016-06-17,19.533592224121094
2016-06-20,19.71190071105957
2016-06-21,19.720815658569336
2016-06-22,19.667322158813477
2016-06-23,19.961528778076172
2016-06-24,19.17697525024414
2016-06-27,18.7044620513916
2016-06-28,19.09674072265625
2016-06-29,19.489017486572266
2016-06-30,19.69407081604004
2016-07-01,19.774309158325195
2016-07-05,19.658405303955078
2016-07-06,19.75647735595703
2016-07-07,19.801050186157227
2016-07-08,20.13092041015625
2016-07-11,20.20224380493164
2016-07-12,20.353805541992188
2016-07-13,20.309228897094727
2016-07-14,20.39838409423828
2016-07-15,20.371639251708984
2016-07-18,20.46079444885254
2016-07-19,20.38055419921875
2016-07-20,20.549945831298828
2016-07-21,20.45187759399414
2016-07-22,20.58560562133789
2016-07-25,20.541030883789062
2016-07-26,20.594520568847656
2016-07-27,20.567773818969727
2016-07-28,20.692588806152344
2016-07-29,20.737165451049805
2016-08-01,20.728254318237305
2016-08-02,20.576688766479492
2016-08-03,20.63018226623535
2016-08-04,20.648012161254883
2016-08-05,20.799575805664062
2016-08-08,20.728254318237305
2016-08-09,20.728254318237305
2016-08-10,20.683679580688477
2016-08-11,20.790658950805664
2016-08-12,20.772829055786133
2016-08-15,20.835237503051758
2016-08-16,20.674760818481445
2016-08-17,20.683679580688477
2016-08-18,20.737165451049805
2016-08-19,20.737165451049805
2016-08-22,20.78174591064453
2016-08-23,20.85306739807129
2016-08-24,20.701505661010742
2016-08-25,20.648012161254883
2016-08-26,20.639097213745117
2016-08-29,20.719335556030273
2016-08-30,20.66584587097168
2016-08-31,20.62127113342285
2016-09-01,20.639097213745117
2016-09-02,20.763914108276367
2016-09-06,20.826324462890625
2016-09-07,20.861980438232422
2016-09-08,20.763914108276367
2016-09-09,20.228994369506836
2016-09-12,20.541030883789062
2016-09-13,20.228994369506836
2016-09-14,20.228994369506836
2016-09-15,20.434045791625977
2016-09-16,20.38055419921875
2016-09-19,20.407297134399414
2016-09-20,20.407297134399414
2016-09-21,20.63018226623535
2016-09-22,20.799575805664062
2016-09-23,20.66584587097168
2016-09-26,20.505369186401367
2016-09-27,20.65692901611328
2016-09-28,20.710420608520508
2016-09-29,20.514280319213867
2016-09-30,20.674760818481445
2016-10-03,20.62127113342285
2016-10-04,20.523202896118164
2016-10-05,20.576688766479492
2016-10-06,20.567773818969727
2016-10-07,20.469703674316406
2016-10-10,20.576688766479492
2016-10-11,20.2646484375
2016-10-12,20.2646484375
2016-10-13,20.211158752441406
2016-10-14,20.20224380493164
2016-10-17,20.12200355529785
2016-10-18,20.291399002075195
2016-10-19,20.362722396850586
2016-10-20,20.309228897094727
2016-10-21,20.353805541992188
2016-10-24,20.469703674316406
2016-10-25,20.300317764282227
2016-10-26,20.228994369506836
2016-10-27,20.11309242248535
2016-10-28,20.086347579956055
2016-10-31,20.095260620117188
2016-11-01,19.970441818237305
2016-11-02,19.809967041015625
2016-11-03,19.702985763549805
2016-11-04,19.71190071105957
2016-11-07,20.17549705505371
2016-11-08,20.273569107055664
2016-11-09,20.478622436523438
2016-11-10,20.416213989257812
2016-11-11,20.371639251708984
2016-11-14,20.34488868713379
2016-11-15,20.478622436523438
2016-11-16,20.478622436523438
2016-11-17,20.65692901611328
2016-11-18,20.58560562133789
2016-11-21,20.755002975463867
2016-11-22,20.78174591064453
2016-11-23,20.808488845825195
2016-11-25,20.87981414794922
2016-11-28,20.710420608520508
2016-11-29,20.755002975463867
2016-11-30,20.576688766479492
2016-12-01,20.371639251708984
2016-12-02,20.389469146728516
2016-12-05,20.567773818969727
2016-12-06,20.63018226623535
2016-12-07,20.85306739807129
2016-12-08,20.915477752685547
2016-12-09,20.960052490234375
2016-12-12,20.85306739807129
2016-12-13,20.978151321411133
2016-12-14,20.817331314086914
2016-12-15,20.88880729675293
2016-12-16,20.817331314086914
2016-12-19,20.83519744873047
2016-12-20,20.9334774017334
2016-12-21,20.88880729675293
2016-12-22,20.763723373413086
2016-12-23,20.763723373413086
2016-12-27,20.879871368408203
2016-12-28,20.70117950439453
2016-12-29,20.71011734008789
2016-12-30,20.59396743774414
2017-01-03,20.781591415405273
2017-01-04,21.00495147705078
2017-01-05,21.00495147705078
2017-01-06,21.112167358398438
2017-01-09,21.09429931640625
2017-01-10,21.130035400390625
2017-01-11,21.165775299072266
2017-01-12,21.156841278076172
2017-01-13,21.228315353393555
2017-01-17,21.156841278076172
2017-01-18,21.246187210083008
2017-01-19,21.18364143371582
2017-01-20,21.228315353393555
2017-01-23,21.210447311401367
2017-01-24,21.38020133972168
2017-01-25,21.55889129638672
2017-01-26,21.532085418701172
2017-01-27,21.50528335571289
2017-01-30,21.38020133972168
2017-01-31,21.389135360717773
2017-02-01,21.38020133972168
2017-02-02,21.389135360717773
2017-02-03,21.549957275390625
2017-02-06,21.50528335571289
2017-02-07,21.514219284057617
2017-02-08,21.594627380371094
2017-02-09,21.773319244384766
2017-02-10,21.853729248046875
2017-02-13,21.934141159057617
2017-02-14,21.996681213378906
2017-02-15,22.112829208374023
2017-02-16,22.0502872467041
2017-02-17,22.10389518737793
2017-02-21,22.220041275024414
2017-02-22,22.184307098388672
2017-02-23,22.130699157714844
2017-02-24,22.228979110717773
2017-02-27,22.282583236694336
2017-02-28,22.184307098388672
2017-03-01,22.443403244018555
2017-03-02,22.300451278686523
2017-03-03,22.354061126708984
2017-03-06,22.24684715270996
2017-03-07,22.16643524169922
2017-03-08,22.184307098388672
2017-03-09,22.1932373046875
2017-03-10,22.300451278686523
2017-03-13,22.371929168701172
2017-03-14,22.26471519470215
2017-03-15,22.443403244018555
2017-03-16,22.41659927368164
2017-03-17,22.41659927368164
2017-03-20,22.371929168701172
2017-03-21,22.04135513305664
2017-03-22,22.130699157714844
2017-03-23,22.10389518737793
2017-03-24,22.121763229370117
2017-03-27,22.14856719970703
2017-03-28,22.282583236694336
2017-03-29,22.362995147705078
2017-03-30,22.380863189697266
2017-03-31,22.362995147705078
2017-04-03,22.291521072387695
2017-04-04,22.24684715270996
2017-04-05,22.184307098388672
2017-04-06,22.273651123046875
2017-04-07,22.291521072387695
2017-04-10,22.318321228027344
2017-04-11,22.32725715637207
2017-04-12,22.228979110717773
2017-04-13,22.130699157714844
2017-04-17,22.33618927001953
2017-04-18,22.300451278686523
2017-04-19,22.354061126708984
2017-04-20,22.532751083374023
2017-04-21,22.49700927734375
2017-04-24,22.78291130065918
2017-04-25,22.89012908935547
2017-04-26,22.881195068359375
2017-04-27,23.006277084350586
2017-04-28,22.970537185668945
2017-05-01,23.042015075683594
2017-05-02,23.122425079345703
2017-05-03,23.05988311767578
2017-05-04,23.167097091674805
2017-05-05,23.265380859375
2017-05-08,23.211769104003906
2017-05-09,23.256441116333008
2017-05-10,23.301116943359375
2017-05-11,23.220705032348633
2017-05-12,23.193899154663086
2017-05-15,23.354721069335938
2017-05-16,23.372589111328125
2017-05-17,22.970537185668945
2017-05-18,23.095623016357422
2017-05-19,23.265380859375
2017-05-22,23.444068908691406
2017-05-23,23.444068908691406
2017-05-24,23.551279067993164
2017-05-25,23.747840881347656
2017-05-26,23.73890495300293
2017-05-30,23.703166961669922
2017-05-31,23.712100982666016
2017-06-01,23.962265014648438
2017-06-02,24.096281051635742
2017-06-05,24.060543060302734
2017-06-06,23.953330993652344
2017-06-07,24.006938934326172
2017-06-08,24.006938934326172
2017-06-09,23.801443099975586
2017-06-12,23.694231033325195
2017-06-13,23.890789031982422
2017-06-14,23.890789031982422
2017-06-15,23.81037712097168
2017-06-16,23.801443099975586
2017-06-19,24.060543060302734
2017-06-20,23.899721145629883
2017-06-21,23.98906707763672
2017-06-22,24.006938934326172
2017-06-23,24.096281051635742
2017-06-26,24.051612854003906
2017-06-27,23.801443099975586
2017-06-28,24.04267692565918
2017-06-29,23.747840881347656
2017-06-30,23.792510986328125
2017-07-03,23.73890495300293
2017-07-05,23.84611701965332
2017-07-06,23.62275505065918
2017-07-07,23.855051040649414
2017-07-10,23.881855010986328
2017-07-11,23.890789031982422
2017-07-12,24.149887084960938
2017-07-13,24.149887084960938
2017-07-14,24.25710105895996
2017-07-17,24.230300903320312
2017-07-18,24.292842864990234
2017-07-19,24.435794830322266
2017-07-20,24.417922973632812
2017-07-21,24.462594985961914
2017-07-24,24.498332977294922
2017-07-25,24.50726890563965
2017-07-26,24.560874938964844
2017-07-27,24.444726943969727
2017-07-28,24.444726943969727
2017-07-31,24.355382919311523
2017-08-01,24.400054931640625
2017-08-02,24.301776885986328
2017-08-03,24.25710105895996
2017-08-04,24.283905029296875
2017-08-07,24.355382919311523
2017-08-08,24.23923110961914
2017-08-09,24.194562911987305
2017-08-10,23.756771087646484
2017-08-11,23.881855010986328
2017-08-14,24.149887084960938
2017-08-15,24.140954971313477
2017-08-16,24.248165130615234
2017-08-17,23.881855010986328
2017-08-18,23.855051040649414
2017-08-21,23.899721145629883
2017-08-22,24.194562911987305
2017-08-23,24.08734703063965
2017-08-24,24.069480895996094
2017-08-25,24.08734703063965
2017-08-28,24.12308692932129
2017-08-29,24.149887084960938
2017-08-30,24.355382919311523
2017-08-31,24.578744888305664
2017-09-01,24.614482879638672
2017-09-05,24.47153091430664
2017-09-06,24.50726890563965
2017-09-07,24.605546951293945
2017-09-08,24.560874938964844
2017-09-11,24.819976806640625
2017-09-12,24.873580932617188
2017-09-13,24.819976806640625
2017-09-14,24.748498916625977
2017-09-15,24.766366958618164
2017-09-18,24.8110408782959
2017-09-19,24.793170928955078
2017-09-20,24.855709075927734
2017-09-21,24.78423500061035
2017-09-22,24.82891082763672
2017-09-25,24.64128875732422
2017-09-26,24.63235092163086
2017-09-27,24.8110408782959
2017-09-28,24.873580932617188
2017-09-29,25.007600784301758
2017-10-02,25.07907485961914
2017-10-03,25.150550842285156
2017-10-04,25.213092803955078
2017-10-05,25.356042861938477
2017-10-06,25.409648895263672
2017-10-09,25.36497688293457
2017-10-10,25.382844924926758
2017-10-11,25.463254928588867
2017-10-12,25.490062713623047
2017-10-13,25.498994827270508
2017-10-16,25.48112678527832
2017-10-17,25.490062713623047
2017-10-18,25.490062713623047
2017-10-19,25.463254928588867
2017-10-20,25.633014678955078
2017-10-23,25.507930755615234
2017-10-24,25.55260467529297
2017-10-25,25.409648895263672
2017-10-26,25.48112678527832
2017-10-27,25.767030715942383
2017-10-30,25.695554733276367
2017-10-31,25.784900665283203
2017-11-01,25.731290817260742
2017-11-02,25.767030715942383
2017-11-03,25.892112731933594
2017-11-06,25.9278507232666
2017-11-07,25.8385066986084
2017-11-08,25.90998077392578
2017-11-09,25.740224838256836
2017-11-10,25.77596664428711
2017-11-13,25.79383659362793
2017-11-14,25.81170082092285
2017-11-15,25.659812927246094
2017-11-16,25.936786651611328
2017-11-17,25.9278507232666
2017-11-20,25.990388870239258
2017-11-21,26.195884704589844
2017-11-22,26.16014862060547
2017-11-24,26.285228729248047
2017-11-27,26.285228729248047
2017-11-28,26.472850799560547
2017-11-29,26.222686767578125
2017-11-30,26.499658584594727
2017-12-01,26.356704711914062
2017-12-04,26.10654067993164
2017-12-05,26.070802688598633
2017-12-06,26.142276763916016
2017-12-07,26.338834762573242
2017-12-08,26.472850799560547
2017-12-11,26.481788635253906
2017-12-12,26.446048736572266
2017-12-13,26.473684310913086
2017-12-14,26.372356414794922
2017-12-15,26.630277633666992
2017-12-18,26.75923728942871
2017-12-19,26.685546875
2017-12-20,26.63949203491211
2017-12-21,26.63949203491211
2017-12-22,26.62106704711914
2017-12-26,26.62106704711914
2017-12-27,26.67633628845215
2017-12-28,26.74081802368164
2017-12-29,26.593435287475586
2018-01-02,26.842140197753906
2018-01-03,27.100061416625977
2018-01-04,27.210601806640625
2018-01-05,27.46851921081543
2018-01-08,27.560636520385742
2018-01-09,27.63432502746582
2018-01-10,27.579057693481445
2018-01-11,27.790922164916992
2018-01-12,27.9659366607666
2018-01-16,27.836977005004883
2018-01-17,28.104110717773438
2018-01-18,28.131744384765625
2018-01-19,28.334394454956055
2018-01-22,28.555469512939453
2018-01-23,28.721275329589844
2018-01-24,28.656795501708984
2018-01-25,28.693641662597656
2018-01-26,29.0068302154541
2018-01-29,28.822603225708008
2018-01-30,28.592313766479492
2018-01-31,28.656795501708984
2018-02-01,28.592313766479492
2018-02-02,28.039628982543945
2018-02-05,27.01715850830078
2018-02-06,27.459304809570312
2018-02-07,27.348770141601562
2018-02-08,26.28945541381836
2018-02-09,26.657917022705078
2018-02-12,27.044795989990234
2018-02-13,27.127696990966797
2018-02-14,27.59748077392578
2018-02-15,27.95672607421875
2018-02-16,27.947513580322266
2018-02-20,27.901458740234375
2018-02-21,27.81855583190918
2018-02-22,27.800132751464844
2018-02-23,28.233068466186523
2018-02-26,28.472566604614258
2018-02-27,28.131744384765625
2018-02-28,27.947513580322266
2018-03-01,27.61590003967285
2018-03-02,27.88303565979004
2018-03-05,28.20543670654297
2018-03-06,28.35281753540039
2018-03-07,28.472566604614258
2018-03-08,28.601526260375977
2018-03-09,29.108158111572266
2018-03-12,29.089733123779297
2018-03-13,28.90550422668457
2018-03-14,28.84102439880371
2018-03-15,28.822603225708008
2018-03-16,28.850236892700195
2018-03-19,28.463354110717773
2018-03-20,28.629159927368164
2018-03-21,28.54625701904297
2018-03-22,27.836977005004883
2018-03-23,27.302715301513672
2018-03-26,28.039628982543945
2018-03-27,27.404037475585938
2018-03-28,27.229021072387695
2018-03-29,27.671171188354492
2018-04-02,26.989524841308594
2018-04-03,27.256656646728516
2018-04-04,27.56984519958496
2018-04-05,27.744863510131836
2018-04-06,27.090848922729492
2018-04-09,27.192176818847656
2018-04-10,27.643537521362305
2018-04-11,27.51457977294922
2018-04-12,27.763282775878906
2018-04-13,27.6251163482666
2018-04-16,27.85540199279785
2018-04-17,28.325185775756836
2018-04-18,28.4265079498291
2018-04-19,28.214645385742188
2018-04-20,27.993572235107422
2018-04-23,27.947513580322266
2018-04-24,27.477731704711914
2018-04-25,27.44088363647461
2018-04-26,27.89224624633789
2018-04-27,27.92909049987793
2018-04-30,27.781707763671875
2018-05-01,27.89224624633789
2018-05-02,27.708019256591797
2018-05-03,27.763282775878906
2018-05-04,28.104110717773438
2018-05-07,28.28833770751953
2018-05-08,28.343605041503906
2018-05-09,28.583105087280273
2018-05-10,28.767333984375
2018-05-11,28.785755157470703
2018-05-14,28.730487823486328
2018-05-15,28.54625701904297
2018-05-16,28.656795501708984
2018-05-17,28.638370513916016
2018-05-18,28.666004180908203
2018-05-21,28.822603225708008
2018-05-22,28.629159927368164
2018-05-23,28.80417823791504
2018-05-24,28.822603225708008
2018-05-25,28.813390731811523
2018-05-29,28.573890686035156
2018-05-30,28.896291732788086
2018-05-31,28.73969841003418
2018-06-01,29.089733123779297
2018-06-04,29.292387008666992
2018-06-05,29.393709182739258
2018-06-06,29.660842895507812
2018-06-07,29.439769744873047
2018-06-08,29.577938079833984
2018-06-11,29.623998641967773
2018-06-12,29.826648712158203
2018-06-13,29.734533309936523
2018-06-14,29.918764114379883
2018-06-15,29.93718910217285
2018-06-18,29.97403335571289
2018-06-19,29.826648712158203
2018-06-20,29.946393966674805
2018-06-21,29.71611213684082
2018-06-22,29.614788055419922
2018-06-25,29.02525520324707
2018-06-26,29.108158111572266
2018-06-27,28.693641662597656
2018-06-28,28.960773468017578
2018-06-29,29.016042709350586
2018-07-02,29.154212951660156
2018-07-03,28.997621536254883
2018-07-05,29.273963928222656
2018-07-06,29.577938079833984
2018-07-09,29.83585548400879
2018-07-10,29.87270736694336
2018-07-11,29.789804458618164
2018-07-12,30.16747283935547
2018-07-13,30.185894012451172
2018-07-16,30.066144943237305
2018-07-17,30.287220001220703
2018-07-18,30.37933349609375
2018-07-19,30.287220001220703
2018-07-20,30.259586334228516
2018-07-23,30.27800941467285
2018-07-24,30.195104598999023
2018-07-25,30.572776794433594
2018-07-26,30.34248924255371
2018-07-27,29.983240127563477
2018-07-30,29.45819091796875
2018-07-31,29.65163230895996
2018-08-01,29.64242172241211
2018-08-02,29.9279727935791
2018-08-03,29.93718910217285
2018-08-06,30.084571838378906
2018-08-07,30.213529586791992
2018-08-08,30.204320907592773
2018-08-09,30.250375747680664
2018-08-10,30.07535743713379
2018-08-13,29.955608367919922
2018-08-14,30.158260345458984
2018-08-15,29.85428237915039
2018-08-16,29.992456436157227
2018-08-17,30.038511276245117
2018-08-20,30.149049758911133
2018-08-21,30.250375747680664
2018-08-22,30.34248924255371
2018-08-23,30.33327865600586
2018-08-24,30.655677795410156
2018-08-27,30.913599014282227
2018-08-28,30.95966148376465
2018-08-29,31.180727005004883
2018-08-30,31.005708694458008
2018-08-31,31.07940673828125
2018-09-04,31.11625099182129
2018-09-05,30.747793197631836
2018-09-06,30.701740264892578
2018-09-07,30.664894104003906
2018-09-10,30.76621437072754
2018-09-11,30.913599014282227
2018-09-12,30.950441360473633
2018-09-13,31.097824096679688
2018-09-14,31.14388656616211
2018-09-17,30.76621437072754
2018-09-18,30.978076934814453
2018-09-19,30.895177841186523
2018-09-20,31.125465393066406
2018-09-21,31.051769256591797
2018-09-24,31.014925003051758
2018-09-25,31.051769256591797
2018-09-26,30.996505737304688
2018-09-27,31.097824096679688
2018-09-28,31.107040405273438
2018-10-01,31.070188522338867
2018-10-02,30.885961532592773
2018-10-03,30.941232681274414
2018-10-04,30.425390243530273
2018-10-05,30.185894012451172
2018-10-08,29.90955352783203
2018-10-09,29.845075607299805
2018-10-10,28.656795501708984
2018-10-11,28.251493453979492
2018-10-12,28.86865997314453
2018-10-15,28.684429168701172
2018-10-16,29.485824584960938
2018-10-17,29.43055534362793
2018-10-18,28.86865997314453
2018-10-19,28.666004180908203
2018-10-22,28.70285415649414
2018-10-23,28.527835845947266
2018-10-24,27.459304809570312
2018-10-25,28.08568572998047
2018-10-26,27.51457977294922
2018-10-29,27.23823356628418
2018-10-30,27.717227935791016
2018-10-31,28.297548294067383
2018-11-01,28.730487823486328
2018-11-02,28.638370513916016
2018-11-05,28.592313766479492
2018-11-06,28.712066650390625
2018-11-07,29.448978424072266
2018-11-08,29.347654342651367
2018-11-09,28.96998405456543
2018-11-12,28.269916534423828
2018-11-13,28.269916534423828
2018-11-14,28.048839569091797
2018-11-15,28.454145431518555
2018-11-16,28.38045310974121
2018-11-19,27.505367279052734
2018-11-20,27.164541244506836
2018-11-21,27.44088363647461
2018-11-23,27.357982635498047
2018-11-26,27.910669326782227
2018-11-27,27.864612579345703
2018-11-28,28.730487823486328
2018-11-29,28.67521858215332
2018-11-30,28.96998405456543
2018-12-03,29.38450050354004
2018-12-04,28.334394454956055
2018-12-06,28.398876190185547
2018-12-07,27.560636520385742
2018-12-10,27.7264404296875
2018-12-11,27.717227935791016
2018-12-12,28.001819610595703
2018-12-13,27.852527618408203
2018-12-14,27.339330673217773
2018-12-17,26.658180236816406
2018-12-18,26.742156982421875
2018-12-19,26.28494644165039
2018-12-20,25.81840705871582
2018-12-21,25.165246963500977
2018-12-24,24.64272117614746
2018-12-26,26.005023956298828
2018-12-27,26.256954193115234
2018-12-28,26.21963119506836
2018-12-31,26.4715633392334
2019-01-02,26.415578842163086
2019-01-03,25.69710350036621
2019-01-04,26.695505142211914
2019-01-07,27.087400436401367
2019-01-08,27.404647827148438
2019-01-09,27.609926223754883
2019-01-10,27.777877807617188
2019-01-11,27.777877807617188
2019-01-14,27.591262817382812
2019-01-15,27.964494705200195
2019-01-16,28.039140701293945
2019-01-17,28.27241325378418
2019-01-18,28.67363929748535
2019-01-22,28.235090255737305
2019-01-23,28.235090255737305
2019-01-24,28.421707153320312
2019-01-25,28.78561019897461
2019-01-28,28.53367805480957
2019-01-29,28.412376403808594
2019-01-30,28.916240692138672
2019-01-31,29.28014373779297
2019-02-01,29.382780075073242
2019-02-04,29.644044876098633
2019-02-05,29.83066177368164
2019-02-06,29.74668312072754
2019-02-07,29.50408363342285
2019-02-08,29.62538719177246
2019-02-11,29.67203712463379
2019-02-12,30.10125732421875
2019-02-13,30.185230255126953
2019-02-14,30.1759033203125
2019-02-15,30.455825805664062
2019-02-19,30.427837371826172
2019-02-20,30.41850471496582
2019-02-21,30.297204971313477
2019-02-22,30.614450454711914
2019-02-25,30.679765701293945
2019-02-26,30.65177345275879
2019-02-27,30.726421356201172
2019-02-28,30.66110610961914
2019-03-01,30.931703567504883
2019-03-04,30.66110610961914
2019-03-05,30.642444610595703
2019-03-06,30.381181716918945
2019-03-07,30.119916915893555
2019-03-08,30.063932418823242
2019-03-11,30.558467864990234
2019-03-12,30.642444610595703
2019-03-13,30.857051849365234
2019-03-14,30.81972885131836
2019-03-15,30.95035743713379
2019-03-18,31.062334060668945
2019-03-19,31.108983993530273
2019-03-20,31.043670654296875
2019-03-21,31.500879287719727
2019-03-22,30.773075103759766
2019-03-25,30.782407760620117
2019-03-26,30.99701690673828
2019-03-27,30.80106544494629
2019-03-28,31.006345748901367
2019-03-29,31.295604705810547
2019-04-01,31.687496185302734
2019-04-02,31.743478775024414
2019-04-03,31.88344383239746
2019-04-04,31.80879783630371
2019-04-05,31.986083984375
2019-04-08,32.00474548339844
2019-04-09,31.85545539855957
2019-04-10,32.04206848144531
2019-04-11,32.051395416259766
2019-04-12,32.200687408447266
2019-04-15,32.21002197265625
2019-04-16,32.163368225097656
2019-04-17,31.939430236816406
2019-04-18,32.014076232910156
2019-04-22,32.08872604370117
2019-04-23,32.471282958984375
2019-04-24,32.42463302612305
2019-04-25,32.4339599609375
2019-04-26,32.657901763916016
2019-04-29,32.67656326293945
2019-04-30,32.72321701049805
2019-05-01,32.3499870300293
2019-05-02,32.39664077758789
2019-05-03,32.779205322265625
2019-05-06,32.69522476196289
2019-05-07,32.098052978515625
2019-05-08,32.135372161865234
2019-05-09,32.08872604370117
2019-05-10,32.19136047363281
2019-05-13,31.23961639404297
2019-05-14,31.612855911254883
2019-05-15,31.85545539855957
2019-05-16,32.21935272216797
2019-05-17,31.94876480102539
2019-05-20,31.65017318725586
2019-05-21,32.023406982421875
2019-05-22,31.967422485351562
2019-05-23,31.519542694091797
2019-05-24,31.612855911254883
2019-05-28,31.454225540161133
2019-05-29,31.202295303344727
2019-05-30,31.37957763671875
2019-05-31,31.062334060668945
2019-06-03,30.679765701293945
2019-06-04,31.435565948486328
2019-06-05,31.799467086791992
2019-06-06,31.94876480102539
2019-06-07,32.35931396484375
2019-06-10,32.629913330078125
2019-06-11,32.49928283691406
2019-06-12,32.471282958984375
2019-06-13,32.6019172668457
2019-06-14,32.50860595703125
2019-06-17,32.6019172668457
2019-06-18,32.92849349975586
2019-06-19,33.16176986694336
2019-06-20,33.451019287109375
2019-06-21,33.36704635620117
2019-06-24,33.199092864990234
2019-06-25,32.788536071777344
2019-06-26,32.7325553894043
2019-06-27,33.00314712524414
2019-06-28,33.24574279785156
2019-07-01,33.53499984741211
2019-07-02,33.637638092041016
2019-07-03,33.637638092041016
2019-07-05,33.88957595825195
2019-07-08,33.68429946899414
2019-07-09,33.824256896972656
2019-07-10,33.954891204833984
2019-07-11,34.132179260253906
2019-07-12,34.3094596862793
2019-07-15,34.328121185302734
2019-07-16,34.1788330078125
2019-07-17,34.1135139465332
2019-07-18,34.21615219116211
2019-07-19,33.99221420288086
2019-07-22,34.1135139465332
2019-07-23,34.328121185302734
2019-07-24,34.52406692504883
2019-07-25,34.2628059387207
2019-07-26,34.60805130004883
2019-07-29,34.402767181396484
2019-07-30,34.28146743774414
2019-07-31,33.89890670776367
2019-08-01,33.65630340576172
2019-08-02,33.28306579589844
2019-08-05,32.18203353881836
2019-08-06,32.70455551147461
2019-08-07,32.88185119628906
2019-08-08,33.60031509399414
2019-08-09,33.339054107666016
2019-08-12,32.88185119628906
2019-08-13,33.385711669921875
2019-08-14,32.415306091308594
2019-08-15,32.58325958251953
2019-08-16,33.06846237182617
2019-08-19,33.385711669921875
2019-08-20,33.21775436401367
2019-08-21,33.54433059692383
2019-08-22,33.46968078613281
2019-08-23,32.685890197753906
2019-08-26,32.98447799682617
2019-08-27,32.89117431640625
2019-08-28,33.00314712524414
2019-08-29,33.460357666015625
2019-08-30,33.39503860473633
2019-09-03,33.06846237182617
2019-09-04,33.385711669921875
2019-09-05,33.87091064453125
2019-09-06,33.824256896972656
2019-09-09,33.46968078613281
2019-09-10,33.236412048339844
2019-09-11,33.441688537597656
2019-09-12,33.58165740966797
2019-09-13,33.50700759887695
2019-09-16,33.46968078613281
2019-09-17,33.66563415527344
2019-09-18,33.60964584350586
2019-09-19,33.637638092041016
2019-09-20,33.43236541748047
2019-09-23,33.42303466796875
2019-09-24,33.05912780761719
2019-09-25,33.30173110961914
2019-09-26,33.189762115478516
2019-09-27,32.7512092590332
2019-09-30,32.97515106201172
2019-10-01,32.620582580566406
2019-10-02,32.08872604370117
2019-10-03,32.46195983886719
2019-10-04,32.89117431640625
2019-10-07,32.788536071777344
2019-10-08,32.21935272216797
2019-10-09,32.58325958251953
2019-10-10,32.769874572753906
2019-10-11,33.16176986694336
2019-10-14,33.124446868896484
2019-10-15,33.50700759887695
2019-10-16,33.30173110961914
2019-10-17,33.43236541748047
2019-10-18,33.18042755126953
2019-10-21,33.339054107666016
2019-10-22,32.94715881347656
2019-10-23,33.02180480957031
2019-10-24,33.42303466796875
2019-10-25,33.525672912597656
2019-10-28,33.758941650390625
2019-10-29,33.71228790283203
2019-10-30,33.908233642578125
2019-10-31,33.71228790283203
2019-11-01,34.03886032104492
2019-11-04,34.02953338623047
2019-11-05,33.91756820678711
2019-11-06,33.87091064453125
2019-11-07,33.99221420288086
2019-11-08,34.1135139465332
2019-11-11,34.1135139465332
2019-11-12,34.225486755371094
2019-11-13,34.30012893676758
2019-11-14,34.43075942993164
2019-11-15,34.729347229003906
2019-11-18,34.776004791259766
2019-11-19,34.925296783447266
2019-11-20,34.878639221191406
2019-11-21,34.729347229003906
2019-11-22,34.766666412353516
2019-11-25,35.16789627075195
2019-11-26,35.335853576660156
2019-11-27,35.50380325317383
2019-11-29,35.345176696777344
2019-12-02,34.9439582824707
2019-12-03,34.803993225097656
2019-12-04,34.934627532958984
2019-12-05,34.95328903198242
2019-12-06,35.20521926879883
2019-12-09,35.05592346191406
2019-12-10,34.98128128051758
2019-12-11,35.10258102416992
2019-12-12,35.26210021972656
2019-12-13,35.38407897949219
2019-12-16,35.64680862426758
2019-12-17,35.60927200317383
2019-12-18,35.628047943115234
2019-12-19,35.86262893676758
2019-12-20,36.05028533935547
2019-12-23,36.04090118408203
2019-12-24,36.059669494628906
2019-12-26,36.20979690551758
2019-12-27,36.20979690551758
2019-12-30,35.94706726074219
2019-12-31,36.01275634765625
2020-01-02,36.42560958862305
2020-01-03,36.25672149658203
2020-01-06,36.42560958862305
2020-01-07,36.42560958862305
2020-01-08,36.67896270751953
2020-01-09,36.96984100341797
2020-01-10,36.932308197021484
2020-01-13,37.195037841796875
2020-01-14,37.11058807373047
2020-01-15,37.25133514404297
2020-01-16,37.60790252685547
2020-01-17,37.71110916137695
2020-01-21,37.64543151855469
2020-01-22,37.692344665527344
2020-01-23,37.76741409301758
2020-01-24,37.44837951660156
2020-01-27,36.8290901184082
2020-01-28,37.2419548034668
2020-01-29,37.223182678222656
2020-01-30,37.28886795043945
2020-01-31,36.650814056396484
2020-02-03,37.08243942260742
2020-02-04,37.7486457824707
2020-02-05,37.851863861083984
2020-02-06,37.89877700805664
2020-02-07,37.63604736328125
2020-02-10,37.992610931396484
2020-02-11,38.15211868286133
2020-02-12,38.50868606567383
2020-02-13,38.56498718261719
2020-02-14,38.79018020629883
2020-02-18,38.79018020629883
2020-02-19,39.052913665771484
2020-02-20,38.8652458190918
2020-02-21,38.321022033691406
2020-02-24,37.04490661621094
2020-02-25,35.87200164794922
2020-02-26,35.731258392333984
2020-02-27,34.36130905151367
2020-02-28,34.25809097290039
2020-03-02,35.58112335205078
2020-03-03,34.61465072631836
2020-03-04,36.02214050292969
2020-03-05,34.8398551940918
2020-03-06,34.18302917480469
2020-03-09,31.762155532836914
2020-03-10,33.32915496826172
2020-03-11,31.640178680419922
2020-03-12,28.759532928466797
2020-03-13,30.992733001708984
2020-03-16,27.033021926879883
2020-03-17,28.468652725219727
2020-03-18,26.592012405395508
2020-03-19,27.2113037109375
2020-03-20,26.263599395751953
2020-03-23,25.785057067871094
2020-03-24,28.36543846130371
2020-03-25,28.87213134765625
2020-03-26,30.532960891723633
2020-03-27,29.406972885131836
2020-03-30,30.307762145996094
2020-03-31,29.81045150756836
2020-04-01,28.431119918823242
2020-04-02,28.806447982788086
2020-04-03,28.2716064453125
2020-04-06,30.561107635498047
2020-04-07,30.514192581176758
2020-04-08,31.602645874023438
2020-04-09,32.006126403808594
2020-04-13,31.68709373474121
2020-04-14,32.80369186401367
2020-04-15,32.28761672973633
2020-04-16,32.63479995727539
2020-04-17,33.54496765136719
2020-04-20,33.075809478759766
2020-04-21,31.92167091369629
2020-04-22,32.81307601928711
2020-04-23,32.850608825683594
2020-04-24,33.31039047241211
2020-04-27,33.90153121948242
2020-04-28,33.62003707885742
2020-04-29,34.717864990234375
2020-04-30,34.38945770263672
2020-05-01,33.44175338745117
2020-05-04,33.751399993896484
2020-05-05,34.276859283447266
2020-05-06,34.35192108154297
2020-05-07,34.88676834106445
2020-05-08,35.337162017822266
2020-05-11,35.534210205078125
2020-05-12,34.80231857299805
2020-05-13,34.23933029174805
2020-05-14,34.66157150268555
2020-05-15,34.98998260498047
2020-05-18,35.84385299682617
2020-05-19,35.70310592651367
2020-05-20,36.34115982055664
2020-05-21,36.07843780517578
2020-05-22,36.331783294677734
2020-05-26,36.491294860839844
2020-05-27,36.78218078613281
2020-05-28,36.87601089477539
2020-05-29,37.3170166015625
2020-06-01,37.56098175048828
2020-06-02,37.84247589111328
2020-06-03,38.189659118652344
2020-06-04,37.692344665527344
2020-06-05,38.480533599853516
2020-06-08,38.74327087402344
2020-06-09,38.61190414428711
2020-06-10,38.77141571044922
2020-06-11,36.70711135864258
2020-06-12,37.11058807373047
2020-06-15,37.589134216308594
2020-06-16,38.274105072021484
2020-06-17,38.39608383178711
2020-06-18,38.53683853149414
2020-06-19,38.461769104003906
2020-06-22,38.8652458190918
2020-06-23,39.034141540527344
2020-06-24,38.039527893066406
2020-06-25,38.518070220947266
2020-06-26,37.673583984375
2020-06-29,38.020755767822266
2020-06-30,38.68696975708008
2020-07-01,39.137359619140625
2020-07-02,39.353172302246094
2020-07-06,39.98185348510742
2020-07-07,39.68158721923828
2020-07-08,40.2070426940918
2020-07-09,40.282108306884766
2020-07-10,40.38532638549805
2020-07-13,39.48454284667969
2020-07-14,39.98185348510742
2020-07-15,40.2914924621582
2020-07-16,40.03814697265625
2020-07-17,40.300880432128906
2020-07-20,41.19228744506836
2020-07-21,40.892024993896484
2020-07-22,41.11722183227539
2020-07-23,40.40409851074219
2020-07-24,40.12259292602539
2020-07-27,40.68558883666992
2020-07-28,40.22581100463867
2020-07-29,40.98585510253906
2020-07-30,41.08906936645508
2020-07-31,41.44562911987305
2020-08-03,41.89602279663086
2020-08-04,41.92417526245117
2020-08-05,42.24320602416992
2020-08-06,42.440250396728516
2020-08-07,42.08368682861328
2020-08-10,41.783424377441406
2020-08-11,41.333030700683594
2020-08-12,42.03676986694336
2020-08-13,42.27135467529297
2020-08-14,42.15875244140625
2020-08-17,42.62791061401367
2020-08-18,42.834346771240234
2020-08-19,42.59976577758789
2020-08-20,42.94694519042969
2020-08-21,43.040775299072266
2020-08-24,43.1909065246582
2020-08-25,43.538089752197266
2020-08-26,44.43886947631836
2020-08-27,44.26997756958008
2020-08-28,44.57962417602539
2020-08-31,44.739139556884766
2020-09-01,45.45225143432617
2020-09-02,45.98710250854492
2020-09-03,43.84772872924805
2020-09-04,43.02200698852539
2020-09-08,41.60514450073242
2020-09-09,42.62791061401367
2020-09-10,41.9054069519043
2020-09-11,41.689598083496094
2020-09-14,42.36518859863281
2020-09-15,42.82495880126953
2020-09-16,42.37457275390625
2020-09-17,41.914791107177734
2020-09-18,41.56761169433594
2020-09-21,41.49254608154297
2020-09-22,42.14937210083008
2020-09-23,41.135982513427734
2020-09-24,41.22043228149414
2020-09-25,42.10245132446289
2020-09-28,42.79681396484375
2020-09-29,42.79681396484375
2020-09-30,43.09707260131836
2020-10-01,43.65068054199219
2020-10-02,42.984474182128906
2020-10-05,43.84772872924805
2020-10-06,43.294124603271484
2020-10-07,44.138607025146484
2020-10-08,44.33565902709961
2020-10-09,44.954952239990234
2020-10-12,45.73375701904297
2020-10-13,45.8088264465332
2020-10-14,45.386573791503906
2020-10-15,45.245826721191406
2020-10-16,45.21767807006836
2020-10-19,44.551475524902344
2020-10-20,44.65468978881836
2020-10-21,44.560855865478516
2020-10-22,44.57023620605469
2020-10-23,44.90803146362305
2020-10-26,44.11045837402344
2020-10-27,44.33565902709961
2020-10-28,42.75927734375
2020-10-29,43.21905517578125
2020-10-30,42.23381423950195
2020-11-02,42.496551513671875
2020-11-03,43.3316535949707
2020-11-04,45.15199661254883
2020-11-05,46.1466178894043
2020-11-06,46.32489776611328
2020-11-09,45.45225143432617
2020-11-10,44.71099090576172
2020-11-11,45.55547332763672
2020-11-12,45.236446380615234
2020-11-13,45.536705017089844
2020-11-16,45.8088264465332
2020-11-17,45.76190948486328
2020-11-18,45.3678092956543
2020-11-19,45.7900505065918
2020-11-20,45.583621978759766
2020-11-23,45.705604553222656
2020-11-24,45.98710250854492
2020-11-25,46.240447998046875
2020-11-27,46.67207717895508
2020-11-30,46.76591110229492
2020-12-01,47.09432601928711
2020-12-02,46.934810638427734
2020-12-03,46.95357131958008
2020-12-04,47.357051849365234
2020-12-07,47.516563415527344
2020-12-08,47.685462951660156
2020-12-09,46.7846794128418
2020-12-10,47.122474670410156
2020-12-11,47.093746185302734
2020-12-14,47.2469596862793
2020-12-15,47.75447463989258
2020-12-16,48.05132293701172
2020-12-17,48.63544464111328
2020-12-18,48.75992965698242
2020-12-21,48.654598236083984
2020-12-22,48.88441467285156
2020-12-23,48.54926300048828
2020-12-24,48.6641731262207
2020-12-28,48.692901611328125
2020-12-29,48.53968811035156
2020-12-30,48.64501953125
2020-12-31,48.731201171875
2021-01-04,48.032169342041016
2021-01-05,48.386474609375
2021-01-06,48.05132293701172
2021-01-07,49.257869720458984
2021-01-08,49.7653923034668
2021-01-11,49.30575180053711
2021-01-12,49.30575180053711
2021-01-13,49.33448028564453
2021-01-14,48.9227180480957
2021-01-15,48.606719970703125
2021-01-19,49.20999526977539
2021-01-20,50.1101188659668
2021-01-21,50.253753662109375
2021-01-22,50.14841842651367
2021-01-25,50.167572021484375
2021-01-26,49.79411315917969
2021-01-27,48.23326110839844
2021-01-28,49.06635665893555
2021-01-29,48.23326110839844
2021-02-01,49.37278366088867
2021-02-02,50.32078552246094
2021-02-03,50.12926483154297
2021-02-04,50.7516975402832
2021-02-05,51.06769943237305
2021-02-08,51.422000885009766
2021-02-09,51.56563949584961
2021-02-10,51.642242431640625
2021-02-11,52.006126403808594
2021-02-12,52.33169937133789
2021-02-16,52.159339904785156
2021-02-17,51.8529167175293
2021-02-18,51.69012451171875
2021-02-19,51.69012451171875
2021-02-22,50.43569564819336
2021-02-23,50.23460388183594
2021-02-24,50.61763381958008
2021-02-25,48.903568267822266
2021-02-26,49.171688079833984
2021-03-01,50.48357391357422
2021-03-02,49.698360443115234
2021-03-03,48.127925872802734
2021-03-04,47.02671432495117
2021-03-05,47.725746154785156
2021-03-08,46.66283416748047
2021-03-09,48.223690032958984
2021-03-10,48.10877990722656
2021-03-11,49.34405517578125
2021-03-12,49.037628173828125
2021-03-15,49.53556823730469
2021-03-16,49.43981170654297
2021-03-17,49.50684356689453
2021-03-18,48.19496154785156
2021-03-19,48.46308135986328
2021-03-22,49.07593536376953
2021-03-23,48.75992965698242
2021-03-24,47.945987701416016
2021-03-25,47.859806060791016
2021-03-26,48.702476501464844
2021-03-29,48.482234954833984
2021-03-30,48.357749938964844
2021-03-31,49.114234924316406
2021-04-01,50.0239372253418
2021-04-05,50.703819274902344
2021-04-06,50.828304290771484
2021-04-07,50.80915069580078
2021-04-08,51.46988296508789
2021-04-09,51.8720588684082
2021-04-12,51.83375930786133
2021-04-13,52.36043167114258
2021-04-14,51.82418441772461
2021-04-15,52.7530403137207
2021-04-16,52.695579528808594
2021-04-19,52.159339904785156
2021-04-20,51.82418441772461
2021-04-21,52.350852966308594
2021-04-22,52.08272933959961
2021-04-23,52.85837173461914
2021-04-26,53.23182678222656
2021-04-27,53.0977668762207
2021-04-28,53.00200653076172
2021-04-29,53.08818817138672
2021-04-30,52.53279495239258
2021-05-03,52.23594284057617
2021-05-04,51.374122619628906
2021-05-05,51.09642791748047
2021-05-06,51.077274322509766
2021-05-07,51.61351776123047
2021-05-10,50.48357391357422
2021-05-11,50.48357391357422
2021-05-12,49.14296340942383
2021-05-13,49.37278366088867
2021-05-14,50.39739227294922
2021-05-17,50.12926483154297
2021-05-18,49.918601989746094
2021-05-19,49.97605514526367
2021-05-20,50.933631896972656
2021-05-21,50.761268615722656
2021-05-24,51.44115447998047
2021-05-25,51.47945785522461
2021-05-26,51.642242431640625
2021-05-27,51.56563949584961
2021-05-28,51.74757766723633
2021-06-01,51.53691101074219
2021-06-02,51.60394287109375
2021-06-03,51.048545837402344
2021-06-04,51.74757766723633
2021-06-07,51.88164138793945
2021-06-08,51.996543884277344
2021-06-09,51.9390983581543
2021-06-10,52.5423698425293
2021-06-11,52.781761169433594
2021-06-14,53.19352340698242
2021-06-15,52.877525329589844
2021-06-16,52.72431182861328
2021-06-17,53.46164321899414
2021-06-18,53.18394470214844
2021-06-21,53.61486053466797
2021-06-22,54.17025375366211
2021-06-23,54.179832458496094
2021-06-24,54.53413391113281
2021-06-25,54.65861892700195
2021-06-28,55.08953094482422
2021-06-29,55.21401596069336
2021-06-30,54.98419189453125
2021-07-01,55.118255615234375
2021-07-02,55.597049713134766
2021-07-06,55.913047790527344
2021-07-07,55.980079650878906
2021-07-08,55.49171447753906
2021-07-09,56.01837921142578
2021-07-12,56.05668258666992
2021-07-13,55.893898010253906
2021-07-14,55.731109619140625
2021-07-15,55.367225646972656
2021-07-16,55.118255615234375
2021-07-19,54.601165771484375
2021-07-20,55.49171447753906
2021-07-21,55.980079650878906
2021-07-22,56.410987854003906
2021-07-23,57.28238296508789
2021-07-26,57.13875198364258
2021-07-27,56.592926025390625
2021-07-28,56.822750091552734
2021-07-29,56.91851043701172
2021-07-30,56.65995788574219
2021-08-02,56.65038299560547
2021-08-03,56.90892791748047
2021-08-04,57.167476654052734
2021-08-05,57.53135681152344
2021-08-06,57.28238296508789
2021-08-09,57.301536560058594
2021-08-10,56.93765640258789
2021-08-11,56.74613952636719
2021-08-12,56.97595977783203
2021-08-13,57.07171630859375
2021-08-16,57.01426696777344
2021-08-17,56.56420135498047
2021-08-18,56.066261291503906
2021-08-19,56.26734924316406
2021-08-20,56.81317138671875
2021-08-23,57.56965637207031
2021-08-24,57.809051513671875
2021-08-25,57.99099349975586
2021-08-26,57.6654167175293
2021-08-27,58.31657028198242
2021-08-30,58.76663589477539
2021-08-31,58.50808334350586
2021-09-01,58.70918273925781
2021-09-02,58.73790740966797
2021-09-03,59.01560592651367
2021-09-07,58.814510345458984
2021-09-08,58.54639434814453
2021-09-09,58.40275192260742
2021-09-10,58.03887176513672
2021-09-13,57.81863021850586
2021-09-14,57.722869873046875
2021-09-15,58.12505340576172
2021-09-16,58.31657028198242
2021-09-17,57.828208923339844
2021-09-20,56.74613952636719
2021-09-21,56.87062454223633
2021-09-22,57.41644287109375
2021-09-23,58.06760025024414
2021-09-24,58.058021545410156
2021-09-27,57.43559646606445
2021-09-28,55.70237731933594
2021-09-29,55.597049713134766
2021-09-30,55.281044006347656
2021-10-01,55.78855895996094
2021-10-04,54.47667694091797
2021-10-05,55.1469841003418
2021-10-06,55.453407287597656
2021-10-07,56.09498977661133
2021-10-08,55.78855895996094
2021-10-11,55.34807586669922
2021-10-12,55.44383239746094
2021-10-13,55.97050094604492
2021-10-14,57.02383804321289
2021-10-15,57.387725830078125
2021-10-18,57.91438674926758
2021-10-19,58.30699157714844
2021-10-20,58.287841796875
2021-10-21,58.80493927001953
2021-10-22,58.45063400268555
2021-10-25,58.76663589477539
2021-10-26,58.77621078491211
2021-10-27,58.421905517578125
2021-10-28,59.09221267700195
2021-10-29,59.427364349365234
2021-11-01,59.50396728515625
2021-11-02,59.62845230102539
2021-11-03,59.95402908325195
2021-11-04,60.6530647277832
2021-11-05,60.67221450805664
2021-11-08,60.988216400146484
2021-11-09,60.86373519897461
2021-11-10,59.858272552490234
2021-11-11,60.04978942871094
2021-11-12,60.83500289916992
2021-11-15,60.82542419433594
2021-11-16,61.47658157348633
2021-11-17,61.0456657409668
2021-11-18,61.18931198120117
2021-11-19,61.246761322021484
2021-11-22,60.202999114990234
2021-11-23,59.87742614746094
2021-11-24,60.27960968017578
2021-11-26,59.14009094238281
2021-11-29,60.16469955444336
2021-11-30,58.91984558105469
2021-12-01,57.57923889160156
2021-12-02,58.43148422241211
2021-12-03,57.3206901550293
2021-12-06,57.69414520263672
2021-12-07,59.50396728515625
2021-12-08,60.01148223876953
2021-12-09,59.09221267700195
2021-12-10,59.31245422363281
2021-12-13,58.628116607666016
2021-12-14,57.836238861083984
2021-12-15,59.048492431640625
2021-12-16,57.81668472290039
2021-12-17,57.71892547607422
2021-12-20,56.93682861328125
2021-12-21,58.41303634643555
2021-12-22,59.0191650390625
2021-12-23,59.40043640136719
2021-12-27,60.24119567871094
2021-12-28,59.879478454589844
2021-12-29,59.89902877807617
2021-12-30,59.840370178222656
2021-12-31,59.54708480834961
2022-01-03,59.49820327758789
2022-01-04,58.647666931152344
2022-01-05,56.653316497802734
2022-01-06,56.604434967041016
2022-01-07,55.81256103515625
2022-01-10,55.80278015136719
2022-01-11,56.565330505371094
2022-01-12,56.64353942871094
2022-01-13,55.089115142822266
2022-01-14,55.138004302978516
2022-01-18,53.77909851074219
2022-01-19,53.34894561767578
2022-01-20,52.73303985595703
2022-01-21,51.31549072265625
2022-01-24,51.882511138916016
2022-01-25,50.46495056152344
2022-01-26,50.30853271484375
2022-01-27,49.83927536010742
2022-01-28,51.511009216308594
2022-01-31,53.290287017822266
2022-02-01,53.82798385620117
2022-02-02,54.04305648803711
2022-02-03,52.00960159301758
2022-02-04,52.82102584838867
2022-02-07,52.478858947753906
2022-02-08,52.98722457885742
2022-02-09,54.27769088745117
2022-02-10,53.202301025390625
2022-02-11,51.66743087768555
2022-02-14,51.54034423828125
2022-02-15,52.76237106323242
2022-02-16,52.62550735473633
2022-02-17,50.953765869140625
2022-02-18,50.33786392211914
2022-02-22,49.682857513427734
2022-02-23,48.402164459228516
2022-02-24,50.15211486816406
2022-02-25,51.061302185058594
2022-02-28,51.129737854003906
2022-03-01,50.40629959106445
2022-03-02,51.19816970825195
2022-03-03,50.38674545288086
2022-03-04,49.60464859008789
2022-03-07,47.473426818847656
2022-03-08,47.17036056518555
2022-03-09,49.03762435913086
2022-03-10,48.60746765136719
2022-03-11,47.60051727294922
2022-03-14,46.83797073364258
2022-03-15,48.167537689208984
2022-03-16,49.92726516723633
2022-03-17,50.74846649169922
2022-03-18,51.91183853149414
2022-03-21,51.55989456176758
2022-03-22,52.35176467895508
2022-03-23,51.462135314941406
2022-03-24,52.42998123168945
2022-03-25,52.2735595703125
2022-03-28,52.99700164794922
2022-03-29,54.023502349853516
2022-03-30,53.34894561767578
2022-03-31,52.4886360168457
2022-04-01,52.635276794433594
2022-04-04,53.44670867919922
2022-04-05,52.41042709350586
2022-04-06,51.344818115234375
2022-04-07,51.55011749267578
2022-04-08,51.00264358520508
2022-04-11,49.98591613769531
2022-04-12,49.70240783691406
2022-04-13,50.592044830322266
2022-04-14,49.653526306152344
2022-04-18,49.48733139038086
2022-04-19,50.57249450683594
2022-04-20,50.17166519165039
2022-04-21,48.94963836669922
2022-04-22,47.46364974975586
2022-04-25,48.06977462768555
2022-04-26,46.33938217163086
2022-04-27,46.456695556640625
2022-04-28,47.96223831176758
2022-04-29,46.08519744873047
2022-05-02,46.60334014892578
2022-05-03,46.61311721801758
2022-05-04,48.05022430419922
2022-05-05,45.7430305480957
2022-05-06,45.04891586303711
2022-05-09,42.995906829833984
2022-05-10,43.37717819213867
2022-05-11,42.29201889038086
2022-05-12,42.39955139160156
2022-05-13,44.00285720825195
2022-05-16,43.45539093017578
2022-05-17,44.45256423950195
2022-05-18,42.3897819519043
2022-05-19,42.604862213134766
2022-05-20,42.634185791015625
2022-05-23,43.259864807128906
2022-05-24,42.28224182128906
2022-05-25,42.868812561035156
2022-05-26,44.02240753173828
2022-05-27,45.48884963989258
2022-05-31,45.08802032470703
2022-06-01,44.706748962402344
2022-06-02,46.124305725097656
2022-06-03,45.12712478637695
2022-06-06,45.37153244018555
2022-06-07,45.85057067871094
2022-06-08,45.420413970947266
2022-06-09,44.32547378540039
2022-06-10,42.771053314208984
2022-06-13,40.82558059692383
2022-06-14,40.82558059692383
2022-06-15,41.71521759033203
2022-06-16,40.043479919433594
2022-06-17,40.395423889160156
2022-06-21,41.421932220458984
2022-06-22,41.421932220458984
2022-06-23,42.12582015991211
2022-06-24,43.61180877685547
2022-06-27,43.37717819213867
2022-06-28,42.1453742980957
2022-06-29,42.1551513671875
2022-06-30,41.627235412597656
2022-07-01,41.9400749206543
2022-07-05,42.497318267822266
2022-07-06,42.683067321777344
2022-07-07,43.55315399169922
2022-07-08,43.57270431518555
2022-07-11,42.868812561035156
2022-07-12,42.22358322143555
2022-07-13,42.09649658203125
2022-07-14,42.09649658203125
2022-07-15,42.92747497558594
2022-07-18,42.575531005859375
2022-07-19,43.91487503051758
2022-07-20,44.481895446777344
2022-07-21,45.17601013183594
2022-07-22,44.491668701171875
2022-07-25,44.36458206176758
2022-07-26,43.582481384277344
2022-07-27,45.107574462890625
2022-07-28,45.90922546386719
2022-07-29,46.671775817871094
2022-08-01,46.5544548034668
2022-08-02,46.466468811035156
2022-08-03,47.31700897216797
2022-08-04,47.473426818847656
2022-08-05,47.40499496459961
2022-08-08,47.28767395019531
2022-08-09,46.74020767211914
2022-08-10,48.030670166015625
2022-08-11,47.756935119628906
2022-08-12,48.68567657470703
2022-08-15,48.978965759277344
2022-08-16,48.92030715942383
2022-08-17,48.451045989990234
2022-08-18,48.568363189697266
2022-08-19,47.74715805053711
2022-08-22,46.70110321044922
2022-08-23,46.61311721801758
2022-08-24,46.789085388183594
2022-08-25,47.5614128112793
2022-08-26,45.752803802490234
2022-08-29,45.332427978515625
2022-08-30,44.882720947265625
2022-08-31,44.51122283935547
2022-09-01,44.37435531616211
2022-09-02,43.924652099609375
2022-09-06,43.807334899902344
2022-09-07,44.716529846191406
2022-09-08,45.08802032470703
2022-09-09,45.889671325683594
2022-09-12,46.35893249511719
2022-09-13,44.208160400390625
2022-09-14,44.38413619995117
2022-09-15,43.74867630004883
2022-09-16,43.357627868652344
2022-09-19,43.63136672973633
2022-09-20,43.162105560302734
2022-09-21,42.44843673706055
2022-09-22,41.793426513671875
2022-09-23,41.17752456665039
2022-09-26,40.86468505859375
2022-09-27,40.923343658447266
2022-09-28,41.76409912109375
2022-09-29,40.89401626586914
2022-09-30,40.307437896728516
2022-10-03,41.32417297363281
2022-10-04,42.64396286010742
2022-10-05,42.64396286010742
2022-10-06,42.321346282958984
2022-10-07,40.89401626586914
2022-10-10,40.385650634765625
2022-10-11,39.887062072753906
2022-10-12,39.759971618652344
2022-10-13,40.5713996887207
2022-10-14,39.37869644165039
2022-10-17,40.60072708129883
2022-10-18,41.0406608581543
2022-10-19,40.63983154296875
2022-10-20,40.336769104003906
2022-10-21,41.24595642089844
2022-10-24,41.685890197753906
2022-10-25,42.585304260253906
2022-10-26,42.047607421875
2022-10-27,41.812984466552734
2022-10-28,42.88836669921875
2022-10-31,42.555973052978516
2022-11-01,42.272464752197266
2022-11-02,40.923343658447266
2022-11-03,40.336769104003906
2022-11-04,40.75714874267578
2022-11-07,41.13842010498047
2022-11-08,41.451263427734375
2022-11-09,40.47364044189453
2022-11-10,43.28919219970703
2022-11-11,43.74867630004883
2022-11-14,43.28919219970703
2022-11-15,43.875770568847656
2022-11-16,43.445613861083984
2022-11-17,43.18165588378906
2022-11-18,43.31852722167969
2022-11-21,42.9567985534668
2022-11-22,43.582481384277344
2022-11-23,44.012638092041016
2022-11-25,43.93442153930664
2022-11-28,43.26963806152344
2022-11-29,43.00568389892578
2022-11-30,44.706748962402344
2022-12-01,44.8436164855957
2022-12-02,44.72629928588867
2022-12-05,43.85621643066406
2022-12-06,43.12300109863281
2022-12-07,43.02523422241211
2022-12-08,43.52382278442383
2022-12-09,43.113216400146484
2022-12-12,43.7291259765625
2022-12-13,44.10062026977539
2022-12-14,43.82688903808594
2022-12-15,42.51678466796875
2022-12-16,42.033748626708984
2022-12-19,41.481712341308594
2022-12-20,41.47185134887695
2022-12-21,42.15203857421875
2022-12-22,41.35356140136719
2022-12-23,41.501426696777344
2022-12-27,41.156402587890625
2022-12-28,40.653656005859375
2022-12-29,41.540855407714844
2022-12-30,41.37327575683594
2023-01-03,41.06768035888672
2023-01-04,41.274696350097656
2023-01-05,40.5255012512207
2023-01-06,41.46199417114258
2023-01-09,41.67886734008789
2023-01-10,42.014034271240234
2023-01-11,42.75336837768555
2023-01-12,42.90123748779297
2023-01-13,43.098392486572266
2023-01-17,43.19697189331055
2023-01-18,42.66464614868164
2023-01-19,42.27033996582031
2023-01-20,43.27583312988281
2023-01-23,43.92645263671875
2023-01-24,43.80815505981445
2023-01-25,43.7490119934082
2023-01-26,44.320762634277344
2023-01-27,44.50806427001953
2023-01-30,43.78843688964844
2023-01-31,44.547489166259766
2023-02-01,45.306541442871094
2023-02-02,46.10503005981445
2023-02-03,45.51355743408203
2023-02-06,45.13896179199219
2023-02-07,45.878299713134766
2023-02-08,45.37554931640625
2023-02-09,45.08967590332031
2023-02-10,44.96152114868164
2023-02-13,45.56284713745117
2023-02-14,45.730430603027344
2023-02-15,46.03602600097656
2023-02-16,45.267112731933594
2023-02-17,44.96152114868164
2023-02-21,43.985595703125
2023-02-22,43.96588134765625
2023-02-23,44.36019515991211
2023-02-24,43.71943664550781
2023-02-27,43.93630599975586
2023-02-28,43.798301696777344
2023-03-01,43.55185317993164
2023-03-02,43.985595703125
2023-03-03,44.72492980957031
2023-03-06,44.75450897216797
2023-03-07,44.15318298339844
2023-03-08,44.36019515991211
2023-03-09,43.611000061035156
2023-03-10,42.80265808105469
2023-03-13,42.911094665527344
2023-03-14,43.73915100097656
2023-03-15,43.532135009765625
2023-03-16,44.50806427001953
2023-03-17,44.21232223510742
2023-03-20,44.43906021118164
2023-03-21,45.07981491088867
2023-03-22,44.458770751953125
2023-03-23,44.79393768310547
2023-03-24,44.853084564208984
2023-03-27,44.77421951293945
2023-03-28,44.61649703979492
2023-03-29,45.306541442871094
2023-03-30,45.63185501098633
2023-03-31,46.361331939697266
2023-04-03,46.45005416870117
2023-04-04,46.19375228881836
2023-04-05,45.76986312866211
2023-04-06,45.98673629760742
2023-04-10,46.05574035644531
2023-04-11,45.97687530517578
2023-04-12,45.76986312866211
2023-04-13,46.53877258300781
2023-04-14,46.42047882080078
2023-04-17,46.52891540527344
2023-04-18,46.6077766418457
2023-04-19,46.50919723510742
2023-04-20,46.35147476196289
2023-04-21,46.35147476196289
2023-04-24,46.331756591796875
2023-04-25,45.385406494140625
2023-04-26,45.54313278198242
2023-04-27,46.43033218383789
2023-04-28,46.81479263305664
2023-05-01,46.85422134399414
2023-05-02,46.43033218383789
2023-05-03,46.17403030395508
2023-05-04,45.927589416503906
2023-05-05,46.804935455322266
2023-05-08,46.893653869628906
2023-05-09,46.68663787841797
2023-05-10,47.0908088684082
2023-05-11,47.11052703857422
2023-05-12,47.03166580200195
2023-05-15,47.2091064453125
2023-05-16,47.07109451293945
2023-05-17,47.603416442871094
2023-05-18,48.283607482910156
2023-05-19,48.145599365234375
2023-05-22,48.22446060180664
2023-05-23,47.4062614440918
2023-05-24,47.10066604614258
2023-05-25,48.066734313964844
2023-05-26,48.82578659057617
2023-05-30,48.85536193847656
2023-05-31,48.45119094848633
2023-06-01,49.062374114990234
2023-06-02,49.61441421508789
2023-06-05,49.565120697021484
2023-06-06,49.624271392822266
2023-06-07,48.93422317504883
2023-06-08,49.3482551574707
2023-06-09,49.42711639404297
2023-06-12,50.117164611816406
2023-06-13,50.4720458984375
2023-06-14,50.62976837158203
2023-06-15,51.23109817504883
2023-06-16,50.895931243896484
2023-06-20,50.73820495605469
2023-06-21,50.403038024902344
2023-06-22,50.826927185058594
2023-06-23,50.42275619506836
2023-06-26,49.99886703491211
2023-06-27,50.72834777832031
2023-06-28,50.78749465942383
2023-06-29,50.945220947265625
2023-06-30,51.70426940917969
2023-07-03,51.59583282470703
2023-07-05,51.477542877197266
2023-07-06,51.13251876831055
2023-07-07,50.93535614013672
2023-07-10,51.09308624267578
2023-07-11,51.329673767089844
2023-07-12,51.78313064575195
2023-07-13,52.45346450805664
2023-07-14,52.54218292236328
2023-07-17,52.975929260253906
2023-07-18,53.350528717041016
2023-07-19,53.30123519897461
2023-07-20,52.384456634521484
2023-07-21,52.3253173828125
2023-07-24,52.384456634521484
2023-07-25,52.74919891357422
2023-07-26,52.63090515136719
2023-07-27,52.31545639038086
2023-07-28,53.06465148925781
2023-07-31,53.14351272583008
2023-08-01,53.06465148925781
2023-08-02,52.00986099243164
2023-08-03,51.930999755859375
2023-08-04,51.56626510620117
2023-08-07,51.990150451660156
2023-08-08,51.6746940612793
2023-08-09,51.24095153808594
2023-08-10,51.309959411621094
2023-08-11,51.07337188720703
2023-08-14,51.66484069824219
2023-08-15,51.16209030151367
2023-08-16,50.75791931152344
2023-08-17,50.1861686706543
2023-08-18,50.1861686706543
2023-08-21,50.85649490356445
2023-08-22,50.80720901489258
2023-08-23,51.56626510620117
2023-08-24,50.619911193847656
2023-08-25,51.00436782836914
2023-08-28,51.349388122558594
2023-08-29,52.26616668701172
2023-08-30,52.61119079589844
2023-08-31,52.63090515136719
2023-09-01,52.788631439208984
2023-09-05,52.75905990600586
2023-09-06,52.33517074584961
2023-09-07,52.08872604370117
2023-09-08,52.10844039916992
2023-09-11,52.50275421142578
2023-09-12,51.94085693359375
2023-09-13,52.06901168823242
2023-09-14,52.345027923583984
2023-09-15,51.50711441040039
2023-09-18,51.58597946166992
2023-09-19,51.457828521728516
2023-09-20,50.826927185058594
2023-09-21,49.82142639160156
2023-09-22,49.85100173950195
2023-09-25,50.087589263916016
2023-09-26,49.2989616394043
2023-09-27,49.417259216308594
2023-09-28,49.82142639160156
2023-09-29,49.77214050292969
2023-10-02,50.136878967285156
2023-10-03,49.22995376586914
2023-10-04,49.88057327270508
2023-10-05,49.88057327270508
2023-10-06,50.78749465942383
2023-10-09,51.024078369140625
2023-10-10,51.31981658935547
2023-10-11,51.70426940917969
2023-10-12,51.44796371459961
2023-10-13,50.895931243896484
2023-10-16,51.516971588134766
2023-10-17,51.388824462890625
2023-10-18,50.570621490478516
2023-10-19,50.176307678222656
2023-10-20,49.45668411254883
2023-10-23,49.565120697021484
2023-10-24,49.96929168701172
2023-10-25,48.95393753051758
2023-10-26,48.047019958496094
2023-10-27,48.185028076171875
2023-10-30,48.77649688720703
2023-10-31,49.052513122558594
2023-11-01,49.72284698486328
2023-11-02,50.64948654174805
2023-11-03,51.21138381958008
2023-11-06,51.457828521728516
2023-11-07,51.930999755859375
2023-11-08,52.15773010253906
2023-11-09,51.792991638183594
2023-11-10,52.76891326904297
2023-11-13,52.72948455810547
2023-11-14,53.74483871459961
2023-11-15,53.626548767089844
2023-11-16,53.823699951171875
2023-11-17,53.823699951171875
2023-11-20,54.385597229003906
2023-11-21,54.23773193359375
2023-11-22,54.51374816894531
2023-11-24,54.45460510253906
2023-11-27,54.4151725769043
2023-11-28,54.425025939941406
2023-11-29,54.39545440673828
2023-11-30,54.44474792480469
2023-12-01,54.691192626953125
2023-12-04,54.188446044921875
2023-12-05,54.385597229003906
2023-12-06,54.07014465332031
2023-12-07,54.661617279052734
2023-12-08,54.9474983215332
2023-12-11,55.105220794677734
2023-12-12,55.588253021240234
2023-12-13,56.21915054321289
2023-12-14,55.99242401123047
2023-12-15,56.1283073425293
2023-12-18,56.50520706176758
2023-12-19,56.73332977294922
2023-12-20,55.95969009399414
2023-12-21,56.59447479248047
2023-12-22,56.59447479248047
2023-12-26,56.763084411621094
2023-12-27,56.83251190185547
2023-12-28,56.86227035522461
2023-12-29,56.67382049560547
2024-01-02,55.78116226196289
2024-01-03,55.25548553466797
2024-01-04,55.0571174621582
2024-01-05,55.106712341308594
2024-01-08,56.26716232299805
2024-01-09,56.40602111816406
2024-01-10,56.971370697021484
2024-01-11,57.139984130859375
2024-01-12,57.23917007446289
2024-01-16,57.229251861572266
2024-01-17,56.971370697021484
2024-01-18,57.73508834838867
2024-01-19,58.597991943359375
2024-01-22,58.84595489501953
2024-01-23,58.98480987548828
2024-01-24,59.2030143737793
2024-01-25,59.34187316894531
2024-01-26,59.19309616088867
2024-01-29,59.867549896240234
2024-01-30,59.68901824951172
2024-01-31,58.47896957397461
2024-02-01,59.31211853027344
2024-02-02,60.50232696533203
2024-02-05,60.50232696533203
2024-02-06,60.50232696533203
2024-02-07,61.35531234741211
2024-02-08,61.504085540771484
2024-02-09,62.16862106323242
2024-02-12,61.79172134399414
2024-02-13,60.95857238769531
2024-02-14,61.81155776977539
2024-02-15,61.871070861816406
2024-02-16,61.504085540771484
2024-02-20,60.82963562011719
2024-02-21,60.59159469604492
2024-02-22,62.55543899536133
2024-02-23,62.52568435668945
2024-02-26,62.43642044067383
2024-02-27,62.48601150512695
2024-02-28,62.29756164550781
2024-02-29,62.753807067871094
2024-03-01,63.428260803222656
2024-03-04,63.299320220947266
2024-03-05,62.25788879394531
2024-03-06,62.64470672607422
2024-03-07,63.547279357910156
2024-03-08,62.81332015991211
2024-03-11,62.47609329223633
2024-03-12,63.57703399658203
2024-03-13,63.34891128540039
2024-03-14,63.32907485961914
2024-03-15,62.634788513183594
2024-03-18,63.140625
2024-03-19,63.55720138549805
2024-03-20,64.2514877319336
2024-03-21,64.43994140625
2024-03-22,64.45977020263672
2024-03-25,64.14238739013672
2024-03-26,63.92417907714844
2024-03-27,64.02336883544922
2024-03-28,63.94401931762695
2024-04-01,63.94401931762695
2024-04-02,63.418338775634766
2024-04-03,63.58695602416992
2024-04-04,62.68437957763672
2024-04-05,63.67621612548828
2024-04-08,63.606788635253906
2024-04-09,63.58695602416992
2024-04-10,63.180301666259766
2024-04-11,63.98369216918945
2024-04-12,63.0216064453125
2024-04-15,61.94049835205078
2024-04-16,62.01984405517578
2024-04-17,61.41482162475586
2024-04-18,61.14702606201172
2024-04-19,59.87746810913086
2024-04-22,60.46265411376953
2024-04-23,61.46441650390625
2024-04-24,61.41482162475586
2024-04-25,61.11726760864258
2024-04-26,62.24796676635742
2024-04-29,62.22813415527344
2024-04-30,61.14702606201172
2024-05-01,60.87922668457031
2024-05-02,61.6826171875
2024-05-03,62.68437957763672
2024-05-06,63.59687423706055
2024-05-07,63.58695602416992
2024-05-08,63.497684478759766
2024-05-09,63.68613815307617
2024-05-10,63.82499313354492
2024-05-13,63.74564743041992
2024-05-14,64.10270690917969
2024-05-15,65.18382263183594
2024-05-16,64.9061050415039
2024-05-17,64.9061050415039
2024-05-20,65.28300476074219
2024-05-21,65.34251403808594
2024-05-22,65.21357727050781
2024-05-23,65.1044692993164
2024-05-24,65.63014221191406
2024-05-28,65.81859588623047
2024-05-29,65.46153259277344
2024-05-30,64.50936889648438
2024-05-31,64.61846923828125
2024-06-03,64.916015625
2024-06-04,65.11439514160156
2024-06-05,66.39386749267578
2024-06-06,66.3244400024414
2024-06-07,66.20541381835938
2024-06-10,66.53272247314453
2024-06-11,67.05840301513672
2024-06-12,68.01056671142578
2024-06-13,68.28828430175781
2024-06-14,68.44698333740234
2024-06-17,69.10159301757812
2024-06-18,69.29996490478516
2024-06-20,68.7842025756836
2024-06-21,68.61559295654297
2024-06-24,67.93122100830078
2024-06-25,68.71477508544922
2024-06-26,68.95281219482422
2024-06-27,69.0916748046875
2024-06-28,68.65526580810547
2024-07-01,69.00241088867188
2024-07-02,69.46857452392578
2024-07-03,70.01408386230469
2024-07-05,70.6290283203125
2024-07-08,70.63894653320312
2024-07-09,70.61911010742188
2024-07-10,71.30348205566406
2024-07-11,70.0835189819336
2024-07-12,70.49017333984375
2024-07-15,70.668701171875
2024-07-16,70.75796508789062
2024-07-17,68.65526580810547
2024-07-18,68.1791763305664
2024-07-19,67.76260375976562
2024-07-22,68.84371948242188
2024-07-23,68.91314697265625
2024-07-24,66.40377807617188
2024-07-25,65.8582763671875
2024-07-26,66.47321319580078
2024-07-29,66.51288604736328
2024-07-30,65.7888412475586
2024-07-31,67.54440307617188
2024-08-01,66.3343505859375
2024-08-02,64.88626861572266
2024-08-05,62.79348373413086
2024-08-06,63.67621612548828
2024-08-07,63.1009521484375
2024-08-08,64.95569610595703
2024-08-09,65.46153259277344
2024-08-12,65.64006805419922
2024-08-13,67.05840301513672
2024-08-14,67.3162841796875
2024-08-15,68.70484924316406
2024-08-16,68.7445297241211
2024-08-19,69.50824737548828
2024-08-20,69.41898345947266
2024-08-21,69.81571960449219
2024-08-22,68.81395721435547
2024-08-23,69.60742950439453
2024-08-26,69.10159301757812
2024-08-27,69.34954833984375
2024-08-28,68.6651840209961
2024-08-29,68.47673034667969
2024-08-30,69.210693359375
2024-09-03,67.13774871826172
2024-09-04,66.88978576660156
2024-09-05,66.85011291503906
2024-09-06,65.39210510253906
2024-09-09,66.24508666992188
2024-09-10,66.74101257324219
2024-09-11,68.14942169189453
2024-09-12,68.9329833984375
2024-09-13,69.2503662109375
2024-09-16,69.08175659179688
2024-09-17,69.12142944335938
2024-09-18,68.90322875976562
2024-09-19,70.52984619140625
2024-09-20,70.40090942382812
2024-09-23,70.52984619140625
2024-09-24,70.80755615234375
2024-09-25,70.88690948486328
2024-09-26,71.0555191040039
2024-09-27,70.58935546875
2024-09-30,70.90674591064453
2024-10-01,69.99424743652344
2024-10-02,70.14302825927734
2024-10-03,70.25212860107422
2024-10-04,71.04560089111328
2024-10-07,70.33148193359375
2024-10-08,71.50184631347656
2024-10-09,72.01760864257812
2024-10-10,72.0076904296875
2024-10-11,72.36475372314453
2024-10-14,72.94994354248047
2024-10-15,72.13662719726562
2024-10-16,72.2754898071289
2024-10-17,72.33499908447266
2024-10-18,72.7118911743164
2024-10-21,72.94001770019531
2024-10-22,72.93009948730469
2024-10-23,71.86882781982422
2024-10-24,72.126708984375
2024-10-25,72.40442657470703
2024-10-28,72.50360870361328
2024-10-29,73.1582260131836
2024-10-30,72.7515640258789
2024-10-31,70.82740020751953
2024-11-01,71.2935562133789
2024-11-04,71.14479064941406
2024-11-05,72.14654541015625
2024-11-06,73.94178009033203
2024-11-07,75.21133422851562
2024-11-08,75.51880645751953
2024-11-11,75.49897003173828
2024-11-12,75.71717071533203
2024-11-13,75.66758728027344
2024-11-14,75.15182495117188
2024-11-15,73.52519989013672
2024-11-18,73.7037353515625
2024-11-19,74.47737121582031
2024-11-20,74.42778015136719
2024-11-21,74.75508880615234
2024-11-22,74.87410736083984
2024-11-25,74.99313354492188
2024-11-26,75.64774322509766
2024-11-27,75.06256103515625
2024-11-29,75.60807800292969
2024-12-02,76.16350555419922
2024-12-03,76.63958740234375
2024-12-04,77.75045013427734
2024-12-05,77.48265838623047
2024-12-06,78.01824951171875
2024-12-09,77.19502258300781
2024-12-10,76.8082046508789
2024-12-11,78.06784057617188
2024-12-12,77.56199645996094
2024-12-13,77.56199645996094
2024-12-16,78.36000061035156
2024-12-17,77.98999786376953
2024-12-18,75.31999969482422
2024-12-19,75.31999969482422
2024-12-20,76.1500015258789
2024-12-23,76.8499984741211
2024-12-24,77.75
2024-12-26,77.62999725341797
2024-12-27,76.54000091552734
2024-12-30,75.69000244140625
2024-12-31,75.0199966430664
2025-01-02,75.0199966430664
2025-01-03,76.19999694824219
2025-01-06,77.02999877929688
2025-01-07,75.55999755859375
2025-01-08,75.77999877929688
2025-01-10,74.61000061035156
2025-01-13,74.31999969482422
2025-01-14,74.13999938964844
2025-01-15,75.83999633789062
2025-01-16,75.44999694824219
2025-01-17,76.30999755859375
2025-01-21,77.0
2025-01-22,78.08999633789062
2025-01-23,78.44000244140625
2025-01-24,78.16999816894531
2025-01-27,75.83999633789062
2025-01-28,77.51000213623047
2025-01-29,76.97000122070312
2025-01-30,77.33000183105469
2025-01-31,77.02999877929688
2025-02-03,76.30999755859375
2025-02-04,77.26000213623047
2025-02-05,77.58999633789062
2025-02-06,78.0
2025-02-07,77.20999908447266
2025-02-10,77.95999908447266
2025-02-11,77.6500015258789
2025-02-12,77.54000091552734
2025-02-13,78.4800033569336
2025-02-14,78.58999633789062
2025-02-18,78.55999755859375
2025-02-19,78.44000244140625
2025-02-20,77.76000213623047
2025-02-21,75.87000274658203
2025-02-24,75.05999755859375
2025-02-25,74.31999969482422
2025-02-26,74.75
2025-02-27,72.77999877929688
2025-02-28,74.05999755859375
2025-03-03,72.2300033569336
2025-03-04,71.7300033569336
2025-03-05,72.75
2025-03-06,70.66999816894531
2025-03-07,70.88999938964844
2025-03-10,68.12000274658203
2025-03-11,68.08000183105469
2025-03-12,68.98999786376953
2025-03-13,67.48999786376953
2025-03-14,69.26000213623047
2025-03-17,69.5999984741211
2025-03-18,68.4000015258789
2025-03-19,69.4800033569336
2025-03-20,69.30999755859375
2025-03-21,69.62000274658203
2025-03-24,71.22000122070312
2025-03-25,71.55999755859375
2025-03-26,70.05000305175781
2025-03-27,69.62999725341797
2025-03-28,67.91000366210938
2025-03-31,67.9800033569336
2025-04-01,68.54000091552734
2025-04-02,69.16999816894531
2025-04-03,65.3499984741211
2025-04-04,61.439998626708984
2025-04-07,61.59000015258789
2025-04-08,60.650001525878906
2025-04-09,67.56999969482422
2025-04-10,65.0
2025-04-11,66.23999786376953
2025-04-14,66.55999755859375
2025-04-15,66.5999984741211
2025-04-16,64.75
2025-04-17,64.76000213623047
2025-04-21,62.93000030517578
2025-04-22,64.63999938964844
2025-04-23,66.16000366210938
2025-04-24,67.97000122070312
2025-04-25,68.87999725341797
2025-04-28,68.80999755859375
2025-04-29,69.2699966430664
2025-04-30,69.43000030517578
2025-05-01,70.22000122070312
2025-05-02,71.4000015258789
2025-05-05,71.05999755859375
2025-05-06,70.41000366210938
2025-05-07,70.41000366210938
2025-05-08,71.2300033569336
2025-05-09,71.0999984741211
2025-05-12,73.83999633789062
2025-05-13,74.94999694824219
2025-05-14,75.41999816894531
2025-05-15,75.41000366210938
2025-05-16,75.88999938964844
2025-05-19,75.97000122070312
2025-05-20,75.58000183105469
2025-05-21,74.44999694824219
2025-05-22,74.55999755859375
2025-05-23,73.9000015258789
2025-05-27,75.55999755859375
2025-05-28,75.2699966430664
2025-05-29,75.4800033569336
2025-05-30,75.58000183105469
2025-06-02,76.0999984741211
2025-06-03,76.56999969482422
2025-06-04,76.91000366210938
2025-06-05,76.56999969482422
2025-06-06,77.30999755859375
2025-06-09,77.19999694824219
2025-06-10,77.51000213623047
2025-06-11,77.3499984741211
2025-06-12,77.6500015258789
2025-06-13,76.62999725341797
2025-06-16,77.51000213623047
2025-06-17,76.94999694824219
2025-06-18,76.79000091552734
2025-06-20,76.37999725341797
2025-06-23,77.20999908447266
2025-06-24,77.20999908447266
2025-06-25,78.54000091552734
2025-06-26,79.25
2025-06-27,79.72000122070312
2025-06-30,80.25
2025-07-01,79.43000030517578
2025-07-02,79.87999725341797
2025-07-03,80.77999877929688
2025-07-07,80.30000305175781
2025-07-08,80.11000061035156
2025-07-09,80.86000061035156
2025-07-10,80.61000061035156
2025-07-11,80.33999633789062
2025-07-14,80.62999725341797
2025-07-15,80.68000030517578
2025-07-16,80.9000015258789
2025-07-17,81.38999938964844
2025-07-18,81.41000366210938
2025-07-21,81.5999984741211
2025-07-22,81.06999969482422
2025-07-23,81.69000244140625
2025-07-24,82.0199966430664
2025-07-25,82.38999938964844
2025-07-28,82.62999725341797
2025-07-29,82.30000305175781
2025-07-30,82.55000305175781
2025-07-31,82.6500015258789
2025-08-01,81.08000183105469
2025-08-04,82.63999938964844
2025-08-05,81.98999786376953
2025-08-06,83.01000213623047
2025-08-07,82.75
2025-08-08,83.22000122070312
2025-08-11,82.97000122070312
2025-08-12,83.9000015258789
2025-08-13,83.83000183105469
2025-08-14,83.98999786376953
2025-08-15,83.80999755859375
2025-08-18,83.88999938964844
2025-08-19,82.80000305175781
2025-08-20,82.44000244140625
2025-08-21,82.0999984741211
2025-08-22,83.2300033569336
2025-08-25,83.01000213623047
2025-08-26,83.48999786376953
2025-08-27,83.66999816894531
2025-08-28,84.23999786376953
2025-08-29,83.30000305175781
2025-09-02,82.66000366210938
2025-09-03,83.37999725341797
2025-09-04,84.16000366210938
2025-09-05,84.0
2025-09-08,84.58000183105469
2025-09-09,84.87999725341797
2025-09-10,85.36000061035156
2025-09-11,85.73999786376953
2025-09-12,85.7300033569336
2025-09-15,86.43000030517578
2025-09-16,86.25
2025-09-17,85.86000061035156
2025-09-18,86.4800033569336
2025-09-19,87.12000274658203
2025-09-22,87.69999694824219
2025-09-23,86.80000305175781
2025-09-24,86.30000305175781
2025-09-25,85.87000274658203
2025-09-26,86.18000030517578
2025-09-29,86.5199966430664
2025-09-30,86.83000183105469
2025-10-01,87.08000183105469
2025-10-02,87.33000183105469
2025-10-03,87.0
2025-10-06,87.5
2025-10-07,87.05000305175781
2025-10-08,87.95999908447266
2025-10-09,87.91000366210938
2025-10-10,85.0999984741211
2025-10-13,86.83000183105469
2025-10-14,86.16000366210938
2025-10-15,86.55999755859375
2025-10-16,86.12000274658203
2025-10-17,86.41000366210938
2025-10-20,87.33999633789062
2025-10-21,87.31999969482422
2025-10-22,86.62999725341797
2025-10-23,87.45999908447266
2025-10-24,88.3499984741211
2025-10-27,89.7699966430664
2025-10-28,90.38999938964844
2025-10-29,90.7699966430664
2025-10-30,89.26000213623047
2025-10-31,89.58999633789062
2025-11-03,90.02999877929688
2025-11-04,88.4000015258789
2025-11-05,88.5999984741211
2025-11-06,87.16999816894531
2025-11-07,87.12000274658203
2025-11-10,89.04000091552734
2025-11-11,88.77999877929688
2025-11-12,88.55000305175781
2025-11-13,86.62000274658203
2025-11-14,86.73999786376953
2025-11-17,85.93000030517578
2025-11-18,84.86000061035156
2025-11-19,85.58000183105469
2025-11-20,83.79000091552734
2025-11-21,84.22000122070312
2025-11-24,86.23999786376953
2025-11-25,86.97000122070312
2025-11-26,87.56999969482422
2025-11-28,88.01000213623047
2025-12-01,87.56999969482422
2025-12-02,87.91999816894531
2025-12-03,87.8499984741211
2025-12-04,88.05000305175781
2025-12-05,88.30999755859375
2025-12-08,88.23999786376953
2025-12-09,88.22000122070312
2025-12-10,88.44000244140625
2025-12-11,88.5
2025-12-12,86.98999786376953
2025-12-15,86.45999908447266
2025-12-16,86.63999938964844
2025-12-17,85.08000183105469
2025-12-18,86.19999694824219
2025-12-19,87.37999725341797
2025-12-22,87.93000030517578
2025-12-23,88.44999694824219
2025-12-24,88.63999938964844
2025-12-26,88.6500015258789
2025-12-29,88.16999816894531
2025-12-30,87.97000122070312
2025-12-31,87.25
2026-01-02,87.12000274658203
2026-01-05,87.58999633789062
2026-01-06,88.11000061035156
2026-01-07,88.26000213623047
2026-01-08,87.58000183105469
2026-01-09,88.18000030517578
2026-01-12,88.43000030517578
2026-01-13,88.25
2026-01-14,87.12999725341797
2026-01-15,87.36000061035156
2026-01-16,87.3499984741211
2026-01-20,85.16999816894531
2026-01-21,85.91999816894531
2026-01-22,86.56999969482422
2026-01-23,86.91000366210938
2026-01-26,87.36000061035156
2026-01-27,87.9000015258789
2026-01-28,87.70999908447266
2026-01-29,87.16999816894531
2026-01-30,86.27999877929688
2026-02-02,86.56999969482422
2026-02-03,85.0199966430664
2026-02-04,83.83999633789062
2026-02-05,82.4800033569336
2026-02-06,84.47000122070312
2026-02-09,85.31999969482422
2026-02-10,84.94000244140625
2026-02-11,84.75
2026-02-12,83.08999633789062
2026-02-13,82.88999938964844
2026-02-17,83.19000244140625
2026-02-18,83.79000091552734
2026-02-19,83.56999969482422
2026-02-20,84.19999694824219
2026-02-23,83.06999969482422
2026-02-24,83.94000244140625
2026-02-25,84.95999908447266
2026-02-26,84.27999877929688
2026-02-27,83.56999969482422
2026-03-02,83.80999755859375
2026-03-03,83.11000061035156
2026-03-04,83.97000122070312
2026-03-05,83.8499984741211
2026-03-06,82.63999938964844
2026-03-09,83.72000122070312
2026-03-10,83.51000213623047
2026-03-11,83.41999816894531
2026-03-12,81.88999938964844
2026-03-13,81.08000183105469
2026-03-16,82.06999969482422
2026-03-17,82.18000030517578
2026-03-18,81.05999755859375
2026-03-19,80.7300033569336
2026-03-20,79.19000244140625
2026-03-23,80.36000061035156
2026-03-24,79.6500015258789
2026-03-25,80.22000122070312
2026-03-26,78.2300033569336
2026-03-27,76.52999877929688
2026-03-30,76.08000183105469
2026-03-31,78.9800033569336
2026-04-01,79.75
2026-04-02,79.80000305175781
2026-04-06,80.1500015258789
2026-04-07,80.30000305175781
2026-04-08,82.5
2026-04-09,82.94000244140625
2026-04-10,83.12999725341797
2026-04-13,84.23999786376953
2026-04-14,85.75
2026-04-15,87.0
2026-04-16,87.02999877929688
2026-04-17,88.37000274658203
2026-04-20,88.11000061035156
2026-04-21,87.44000244140625
2026-04-22,88.83000183105469
2026-04-23,87.83999633789062
2026-04-24,88.98999786376953
2026-04-27,89.19999694824219
2026-04-28,88.31999969482422
2026-04-29,88.12000274658203
2026-04-30,88.58000183105469
2026-05-01,89.12000274658203
2026-05-04,88.9800033569336
2026-05-05,89.41999816894531
2026-05-06,90.94000244140625
2026-05-07,90.95999908447266
2026-05-08,91.5999984741211
2026-05-11,91.69000244140625
2026-05-12,91.41999816894531
2026-05-13,92.29000091552734
2026-05-14,93.41000366210938
2026-05-15,92.0199966430664
2026-05-18,91.69000244140625
2026-05-19,90.88999938964844
2026-05-20,92.11000061035156
2026-05-21,92.16999816894531
2026-05-22,92.33000183105469
2026-05-26,93.06999969482422
2026-05-27,93.0999984741211
2026-05-28,94.06999969482422
2026-05-29,94.41000366210938
2026-06-01,95.04000091552734
2026-06-02,94.83999633789062
2026-06-03,93.70999908447266
2026-06-04,93.80000305175781
2026-06-05,90.58999633789062
2026-06-08,90.98999786376953
2026-06-09,90.44999694824219
2026-06-10,88.58999633789062
2026-06-11,90.33999633789062
2026-06-12,90.4800033569336
2026-06-15,92.72000122070312
2026-06-16,91.81999969482422
2026-06-17,90.69999694824219
2026-06-18,92.19999694824219
2026-06-22,91.20999908447266
2026-06-23,89.43000030517578
2026-06-24,89.33999633789062
2026-06-25,88.5199966430664
2026-06-26,88.72000122070312
2026-06-29,90.36000061035156
2026-06-30,91.66999816894531
2026-07-01,91.56999969482422
2026-07-02,91.16000366210938
2026-07-06,92.23999786376953
2026-07-07,91.51000213623047
2026-07-08,91.58999633789062
2026-07-09,92.5199966430664
2026-07-10,92.83000183105469
2026-07-13,91.66999816894531
