date,adj close
2009-03-25,19.898393630981445
2009-03-26,19.906295776367188
2009-03-27,19.724609375
2009-03-30,19.550825119018555
2009-03-31,19.677213668823242
2009-04-01,19.621917724609375
2009-04-02,19.8351993560791
2009-04-03,19.748306274414062
2009-04-06,19.843101501464844
2009-04-07,19.8351993560791
2009-04-08,19.850996017456055
2009-04-09,19.993183135986328
2009-04-13,20.048480987548828
2009-04-14,19.993183135986328
2009-04-15,20.0247802734375
2009-04-16,20.04058074951172
2009-04-17,20.056381225585938
2009-04-20,19.827301025390625
2009-04-21,19.92998695373535
2009-04-22,19.92998695373535
2009-04-23,19.945789337158203
2009-04-24,20.008983612060547
2009-04-27,19.874696731567383
2009-04-28,19.906295776367188
2009-04-29,19.993183135986328
2009-04-30,20.127473831176758
2009-05-01,20.09588050842285
2009-05-04,20.372356414794922
2009-05-05,20.34865379333496
2009-05-06,20.388147354125977
2009-05-07,20.435544967651367
2009-05-08,20.3802490234375
2009-05-11,20.3249568939209
2009-05-12,20.396055221557617
2009-05-13,20.3249568939209
2009-05-14,20.372356414794922
2009-05-15,20.332855224609375
2009-05-18,20.467144012451172
2009-05-19,20.50663948059082
2009-05-20,20.617229461669922
2009-05-21,20.467144012451172
2009-05-22,20.514541625976562
2009-05-26,20.459245681762695
2009-05-27,20.427650451660156
2009-05-28,20.846309661865234
2009-05-29,20.688325881958008
2009-06-01,20.75151824951172
2009-06-02,20.735719680786133
2009-06-03,20.58563804626465
2009-06-04,20.617229461669922
2009-06-05,20.617229461669922
2009-06-08,20.490842819213867
2009-06-09,20.538236618041992
2009-06-10,20.593534469604492
2009-06-11,20.688325881958008
2009-06-12,20.617229461669922
2009-06-15,20.538236618041992
2009-06-16,20.522441864013672
2009-06-17,20.48294448852539
2009-06-18,20.44344139099121
2009-06-19,20.44344139099121
2009-06-22,20.301259994506836
2009-06-23,20.34865379333496
2009-06-24,20.47504425048828
2009-06-25,20.514541625976562
2009-06-26,20.593534469604492
2009-06-29,20.64093017578125
2009-06-30,20.617229461669922
2009-07-01,20.593534469604492
2009-07-02,20.60143280029297
2009-07-06,20.554039001464844
2009-07-07,20.514541625976562
2009-07-08,20.498741149902344
2009-07-09,20.617229461669922
2009-07-10,20.459245681762695
2009-07-13,20.435544967651367
2009-07-14,20.490842819213867
2009-07-15,20.63302993774414
2009-07-16,20.593534469604492
2009-07-17,20.63302993774414
2009-07-20,20.862112045288086
2009-07-21,20.901607513427734
2009-07-22,20.759424209594727
2009-07-23,20.901607513427734
2009-07-24,20.885812759399414
2009-07-27,20.91740608215332
2009-07-28,20.87000846862793
2009-07-29,20.76732063293457
2009-07-30,20.877910614013672
2009-07-31,20.93320655822754
2009-08-03,21.083295822143555
2009-08-04,21.02799415588379
2009-08-05,20.996400833129883
2009-08-06,20.93320655822754
2009-08-07,20.877910614013672
2009-08-10,21.012197494506836
2009-08-11,20.85421371459961
2009-08-12,20.909503936767578
2009-08-13,20.964799880981445
2009-08-14,20.862112045288086
2009-08-17,20.743621826171875
2009-08-18,20.862112045288086
2009-08-19,20.87000846862793
2009-08-20,20.91740608215332
2009-08-21,20.93320655822754
2009-08-24,20.972702026367188
2009-08-25,20.909503936767578
2009-08-26,20.93320655822754
2009-08-27,20.925304412841797
2009-08-28,20.93320655822754
2009-08-31,20.846309661865234
2009-09-01,20.69622230529785
2009-09-02,20.893709182739258
2009-09-03,20.964799880981445
2009-09-04,21.083295822143555
2009-09-08,21.154380798339844
2009-09-09,21.130687713623047
2009-09-10,21.154380798339844
2009-09-11,21.16228675842285
2009-09-14,21.122785568237305
2009-09-15,21.16228675842285
2009-09-16,21.29657554626465
2009-09-17,21.2570743560791
2009-09-18,21.24917984008789
2009-09-21,21.20968246459961
2009-09-22,21.2570743560791
2009-09-23,21.24127960205078
2009-09-24,21.193880081176758
2009-09-25,21.24917984008789
2009-09-28,21.272878646850586
2009-09-29,21.225479125976562
2009-09-30,21.36766815185547
2009-10-01,21.2017822265625
2009-10-02,21.312376022338867
2009-10-05,21.501955032348633
2009-10-06,21.47035789489746
2009-10-07,21.41506004333496
2009-10-08,21.509857177734375
2009-10-09,21.422964096069336
2009-10-12,21.501955032348633
2009-10-13,21.525651931762695
2009-10-14,21.699438095092773
2009-10-15,21.620447158813477
2009-10-16,21.580947875976562
2009-10-19,21.68364143371582
2009-10-20,21.628345489501953
2009-10-21,21.636245727539062
2009-10-22,21.707340240478516
2009-10-23,21.659942626953125
2009-10-26,21.549354553222656
2009-10-27,21.541454315185547
2009-10-28,21.288673400878906
2009-10-29,21.565149307250977
2009-10-30,21.2570743560791
2009-11-02,21.43086051940918
2009-11-03,21.407163619995117
2009-11-04,21.51775360107422
2009-11-05,21.565149307250977
2009-11-06,21.51775360107422
2009-11-09,21.71523666381836
2009-11-10,21.746835708618164
2009-11-11,21.75473403930664
2009-11-12,21.675743103027344
2009-11-13,21.8021297454834
2009-11-16,21.87322235107422
2009-11-17,21.85742950439453
2009-11-18,21.810028076171875
2009-11-19,21.746835708618164
2009-11-20,21.71523666381836
2009-11-23,21.8021297454834
2009-11-24,21.699438095092773
2009-11-25,21.865324020385742
2009-11-27,21.604650497436523
2009-11-30,21.69153594970703
2009-12-01,21.746835708618164
2009-12-02,21.8021297454834
2009-12-03,21.810028076171875
2009-12-04,21.69153594970703
2009-12-07,21.746835708618164
2009-12-08,21.64414405822754
2009-12-09,21.64414405822754
2009-12-10,21.699438095092773
2009-12-11,21.699438095092773
2009-12-14,21.738937377929688
2009-12-15,21.58884620666504
2009-12-16,21.707340240478516
2009-12-17,21.565149307250977
2009-12-18,21.533550262451172
2009-12-21,21.44666290283203
2009-12-22,21.462459564208984
2009-12-23,21.6146297454834
2009-12-24,21.487154006958008
2009-12-28,21.4632568359375
2009-12-29,21.566829681396484
2009-12-30,21.598697662353516
2009-12-31,21.6146297454834
2010-01-04,21.853641510009766
2010-01-05,21.90941047668457
2010-01-06,21.94924545288086
2010-01-07,21.893476486206055
2010-01-08,21.94924545288086
2010-01-11,21.9412784576416
2010-01-12,21.853641510009766
2010-01-13,21.869571685791016
2010-01-14,21.86161231994629
2010-01-15,21.773971557617188
2010-01-19,21.87754249572754
2010-01-20,21.7022705078125
2010-01-21,21.519025802612305
2010-01-22,21.359682083129883
2010-01-25,21.487154006958008
2010-01-26,21.36764907836914
2010-01-27,21.32781410217285
2010-01-28,21.295948028564453
2010-01-29,21.272043228149414
2010-02-01,21.391550064086914
2010-02-02,21.43935775756836
2010-02-03,21.399520874023438
2010-02-04,21.096771240234375
2010-02-05,21.017099380493164
2010-02-08,20.96132469177246
2010-02-09,21.216276168823242
2010-02-10,21.120670318603516
2010-02-11,21.232213973999023
2010-02-12,21.176441192626953
2010-02-16,21.32781410217285
2010-02-17,21.30391502380371
2010-02-18,21.359682083129883
2010-02-19,21.272043228149414
2010-02-22,21.31188201904297
2010-02-23,21.18440818786621
2010-02-24,21.25611114501953
2010-02-25,21.192373275756836
2010-02-26,21.264080047607422
2010-03-01,21.343748092651367
2010-03-02,21.49512481689453
2010-03-03,21.526994705200195
2010-03-04,21.47122573852539
2010-03-05,21.590730667114258
2010-03-08,21.590730667114258
2010-03-09,21.598697662353516
2010-03-10,21.654464721679688
2010-03-11,21.646499633789062
2010-03-12,21.67040252685547
2010-03-15,21.598697662353516
2010-03-16,21.678363800048828
2010-03-17,21.742103576660156
2010-03-18,21.69430160522461
2010-03-19,21.598697662353516
2010-03-22,21.590730667114258
2010-03-23,21.678363800048828
2010-03-24,21.479190826416016
2010-03-25,21.407489776611328
2010-03-26,21.503089904785156
2010-03-29,21.582759857177734
2010-03-30,21.654464721679688
2010-03-31,21.67040252685547
2010-04-01,21.821773529052734
2010-04-05,21.766002655029297
2010-04-06,21.75803565979004
2010-04-07,21.75006866455078
2010-04-08,21.79787254333496
2010-04-09,21.82973861694336
2010-04-12,21.83770751953125
2010-04-13,21.82973861694336
2010-04-14,21.93331527709961
2010-04-15,21.94924545288086
2010-04-16,21.781936645507812
2010-04-19,21.773971557617188
2010-04-20,21.82973861694336
2010-04-21,21.821773529052734
2010-04-22,21.718202590942383
2010-04-23,21.773971557617188
2010-04-26,21.742103576660156
2010-04-27,21.49512481689453
2010-04-28,21.57479476928711
2010-04-29,21.68633270263672
2010-04-30,21.63056755065918
2010-05-03,21.678363800048828
2010-05-04,21.407489776611328
2010-05-05,21.224239349365234
2010-05-06,20.849790573120117
2010-05-07,20.817922592163086
2010-05-10,21.25611114501953
2010-05-11,21.160507202148438
2010-05-12,21.128639221191406
2010-05-13,21.152538299560547
2010-05-14,20.969297409057617
2010-05-17,20.953365325927734
2010-05-18,20.93743133544922
2010-05-19,20.897592544555664
2010-05-20,20.531112670898438
2010-05-21,20.722320556640625
2010-05-24,20.74622344970703
2010-05-25,20.706384658813477
2010-05-26,20.5948486328125
2010-05-27,20.84182357788086
2010-05-28,20.730287551879883
2010-06-01,20.722320556640625
2010-06-02,20.873695373535156
2010-06-03,20.85776138305664
2010-06-04,20.69045066833496
2010-06-07,20.754186630249023
2010-06-08,20.913528442382812
2010-06-09,20.889625549316406
2010-06-10,20.953365325927734
2010-06-11,20.977266311645508
2010-06-14,20.90555763244629
2010-06-15,21.041000366210938
2010-06-16,21.017099380493164
2010-06-17,21.048967361450195
2010-06-18,21.144577026367188
2010-06-21,21.20034408569336
2010-06-22,21.20034408569336
2010-06-23,21.25611114501953
2010-06-24,21.152538299560547
2010-06-25,21.25611114501953
2010-06-28,21.24018096923828
2010-06-29,21.112703323364258
2010-06-30,21.041000366210938
2010-07-01,21.128639221191406
2010-07-02,21.20034408569336
2010-07-06,21.295948028564453
2010-07-07,21.25611114501953
2010-07-08,21.31188201904297
2010-07-09,21.31188201904297
2010-07-12,21.31188201904297
2010-07-13,21.375621795654297
2010-07-14,21.343748092651367
2010-07-15,21.32781410217285
2010-07-16,21.31985092163086
2010-07-19,21.31985092163086
2010-07-20,21.415451049804688
2010-07-21,21.407489776611328
2010-07-22,21.511058807373047
2010-07-23,21.542926788330078
2010-07-26,21.55885887145996
2010-07-27,21.534957885742188
2010-07-28,21.49512481689453
2010-07-29,21.534957885742188
2010-07-30,21.590730667114258
2010-08-02,21.55089569091797
2010-08-03,21.6146297454834
2010-08-04,21.622596740722656
2010-08-05,21.646499633789062
2010-08-06,21.67040252685547
2010-08-09,21.69430160522461
2010-08-10,21.654464721679688
2010-08-11,21.542926788330078
2010-08-12,21.534957885742188
2010-08-13,21.638534545898438
2010-08-16,21.766002655029297
2010-08-17,21.726165771484375
2010-08-18,21.7022705078125
2010-08-19,21.75006866455078
2010-08-20,21.742103576660156
2010-08-23,21.734134674072266
2010-08-24,21.68633270263672
2010-08-25,21.654464721679688
2010-08-26,21.638534545898438
2010-08-27,21.638534545898438
2010-08-30,21.566829681396484
2010-08-31,21.63056755065918
2010-09-01,21.69430160522461
2010-09-02,21.69430160522461
2010-09-03,21.69430160522461
2010-09-07,21.63056755065918
2010-09-08,21.68633270263672
2010-09-09,21.68633270263672
2010-09-10,21.69430160522461
2010-09-13,21.821773529052734
2010-09-14,21.805837631225586
2010-09-15,21.82973861694336
2010-09-16,21.789907455444336
2010-09-17,21.821773529052734
2010-09-20,21.853641510009766
2010-09-21,21.925342559814453
2010-09-22,21.9412784576416
2010-09-23,21.93331527709961
2010-09-24,21.965181350708008
2010-09-27,21.981117248535156
2010-09-28,22.044849395751953
2010-09-29,22.068754196166992
2010-09-30,22.124521255493164
2010-10-01,22.164356231689453
2010-10-04,22.18029022216797
2010-10-05,22.251995086669922
2010-10-06,22.283864974975586
2010-10-07,22.204193115234375
2010-10-08,22.299795150756836
2010-10-11,22.315732955932617
2010-10-12,22.275896072387695
2010-10-13,22.315732955932617
2010-10-14,22.220125198364258
2010-10-15,22.156389236450195
2010-10-18,22.172327041625977
2010-10-19,22.10858917236328
2010-10-20,22.220125198364258
2010-10-21,22.116554260253906
2010-10-22,22.188257217407227
2010-10-25,22.267927169799805
2010-10-26,22.267927169799805
2010-10-27,22.18029022216797
2010-10-28,22.18029022216797
2010-10-29,22.259963989257812
2010-11-01,22.315732955932617
2010-11-02,22.395401000976562
2010-11-03,22.43523597717285
2010-11-04,22.48303985595703
2010-11-05,22.46710777282715
2010-11-08,22.459138870239258
2010-11-09,22.41930389404297
2010-11-10,22.36353302001953
2010-11-11,22.339637756347656
2010-11-12,22.172327041625977
2010-11-15,22.06078338623047
2010-11-16,21.997051239013672
2010-11-17,22.068754196166992
2010-11-18,22.14842414855957
2010-11-19,22.212160110473633
2010-11-22,22.164356231689453
2010-11-23,21.997051239013672
2010-11-24,22.068754196166992
2010-11-26,21.893476486206055
2010-11-29,21.98908042907715
2010-11-30,21.94924545288086
2010-12-01,21.997051239013672
2010-12-02,22.068754196166992
2010-12-03,22.132488250732422
2010-12-06,22.14842414855957
2010-12-07,21.98908042907715
2010-12-08,21.981117248535156
2010-12-09,21.98908042907715
2010-12-10,21.94924545288086
2010-12-13,21.957210540771484
2010-12-14,21.973146438598633
2010-12-15,21.885507583618164
2010-12-16,21.87754249572754
2010-12-17,21.965181350708008
2010-12-20,21.917377471923828
2010-12-21,21.94924545288086
2010-12-22,22.01297950744629
2010-12-23,21.983863830566406
2010-12-27,22.02430534362793
2010-12-28,21.983863830566406
2010-12-29,21.991952896118164
2010-12-30,22.113277435302734
2010-12-31,22.169893264770508
2011-01-03,22.177982330322266
2011-01-04,22.137540817260742
2011-01-05,22.16180419921875
2011-01-06,22.105188369750977
2011-01-07,22.169893264770508
2011-01-10,22.089012145996094
2011-01-11,22.129451751708984
2011-01-12,22.234601974487305
2011-01-13,22.234601974487305
2011-01-14,22.22650909423828
2011-01-18,22.18607521057129
2011-01-19,22.113277435302734
2011-01-20,22.056659698486328
2011-01-21,22.02430534362793
2011-01-24,22.040485382080078
2011-01-25,21.983863830566406
2011-01-26,22.04857063293457
2011-01-27,22.032394409179688
2011-01-28,21.870630264282227
2011-01-31,21.919160842895508
2011-02-01,22.00813102722168
2011-02-02,21.943424224853516
2011-02-03,21.911069869995117
2011-02-04,21.88680648803711
2011-02-07,21.870630264282227
2011-02-08,21.862539291381836
2011-02-09,21.781658172607422
2011-02-10,21.73313331604004
2011-02-11,21.814010620117188
2011-02-14,21.822099685668945
2011-02-15,21.797840118408203
2011-02-16,21.911069869995117
2011-02-17,21.95151138305664
2011-02-18,21.991952896118164
2011-02-22,21.76548194885254
2011-02-23,21.805923461914062
2011-02-24,21.83827781677246
2011-02-25,21.943424224853516
2011-02-28,21.975778579711914
2011-03-01,21.911069869995117
2011-03-02,22.02430534362793
2011-03-03,22.072839736938477
2011-03-04,22.113277435302734
2011-03-07,22.04857063293457
2011-03-08,22.040485382080078
2011-03-09,22.056659698486328
2011-03-10,21.92724609375
2011-03-11,21.92724609375
2011-03-14,21.88680648803711
2011-03-15,21.69268798828125
2011-03-16,21.547101974487305
2011-03-17,21.73313331604004
2011-03-18,21.846364974975586
2011-03-21,21.95151138305664
2011-03-22,21.959596633911133
2011-03-23,21.991952896118164
2011-03-24,22.032394409179688
2011-03-25,21.991952896118164
2011-03-28,21.975778579711914
2011-03-29,21.975778579711914
2011-03-30,22.064746856689453
2011-03-31,22.097103118896484
2011-04-01,22.16180419921875
2011-04-04,22.27504539489746
2011-04-05,22.234601974487305
2011-04-06,22.19415855407715
2011-04-07,22.202247619628906
2011-04-08,22.202247619628906
2011-04-11,22.145631790161133
2011-04-12,22.12136459350586
2011-04-13,22.19415855407715
2011-04-14,22.177982330322266
2011-04-15,22.218421936035156
2011-04-18,22.210336685180664
2011-04-19,22.234601974487305
2011-04-20,22.32357406616211
2011-04-21,22.339750289916992
2011-04-25,22.372100830078125
2011-04-26,22.396366119384766
2011-04-27,22.485334396362305
2011-04-28,22.469160079956055
2011-04-29,22.5176944732666
2011-05-02,22.477249145507812
2011-05-03,22.41254234313965
2011-05-04,22.372100830078125
2011-05-05,22.25886344909668
2011-05-06,22.28312873840332
2011-05-09,22.41254234313965
2011-05-10,22.396366119384766
2011-05-11,22.355928421020508
2011-05-12,22.347837448120117
2011-05-13,22.315481185913086
2011-05-16,22.28312873840332
2011-05-17,22.30739402770996
2011-05-18,22.347837448120117
2011-05-19,22.28312873840332
2011-05-20,22.28312873840332
2011-05-23,22.25078010559082
2011-05-24,22.242694854736328
2011-05-25,22.26695442199707
2011-05-26,22.32357406616211
2011-05-27,22.436805725097656
2011-05-31,22.5176944732666
2011-06-01,22.404451370239258
2011-06-02,22.396366119384766
2011-06-03,22.364011764526367
2011-06-06,22.291217803955078
2011-06-07,22.32357406616211
2011-06-08,22.26695442199707
2011-06-09,22.339750289916992
2011-06-10,22.202247619628906
2011-06-13,22.202247619628906
2011-06-14,22.234601974487305
2011-06-15,22.19415855407715
2011-06-16,22.145631790161133
2011-06-17,22.177982330322266
2011-06-20,22.16180419921875
2011-06-21,22.242694854736328
2011-06-22,22.22650909423828
2011-06-23,22.202247619628906
2011-06-24,22.202247619628906
2011-06-27,22.202247619628906
2011-06-28,22.18607521057129
2011-06-29,22.210336685180664
2011-06-30,22.27504539489746
2011-07-01,22.315481185913086
2011-07-05,22.372100830078125
2011-07-06,22.32357406616211
2011-07-07,22.41254234313965
2011-07-08,22.469160079956055
2011-07-11,22.355928421020508
2011-07-12,22.388277053833008
2011-07-13,22.44489860534668
2011-07-14,22.388277053833008
2011-07-15,22.436805725097656
2011-07-18,22.355928421020508
2011-07-19,22.477249145507812
2011-07-20,22.469160079956055
2011-07-21,22.46107292175293
2011-07-22,22.525779724121094
2011-07-25,22.44489860534668
2011-07-26,22.509601593017578
2011-07-27,22.372100830078125
2011-07-28,22.404451370239258
2011-07-29,22.42871856689453
2011-08-01,22.452983856201172
2011-08-02,22.41254234313965
2011-08-03,22.485334396362305
2011-08-04,22.210336685180664
2011-08-05,22.153717041015625
2011-08-08,21.862539291381836
2011-08-09,22.032394409179688
2011-08-10,21.911069869995117
2011-08-11,21.959596633911133
2011-08-12,22.089012145996094
2011-08-15,22.218421936035156
2011-08-16,22.202247619628906
2011-08-17,22.18607521057129
2011-08-18,22.00813102722168
2011-08-19,22.056659698486328
2011-08-22,22.04857063293457
2011-08-23,22.097103118896484
2011-08-24,21.991952896118164
2011-08-25,22.00004005432129
2011-08-26,22.105188369750977
2011-08-29,22.18607521057129
2011-08-30,22.27504539489746
2011-08-31,22.28312873840332
2011-09-01,22.25078010559082
2011-09-02,22.234601974487305
2011-09-06,22.25886344909668
2011-09-07,22.32357406616211
2011-09-08,22.30739402770996
2011-09-09,22.202247619628906
2011-09-12,22.137540817260742
2011-09-13,22.12136459350586
2011-09-14,22.234601974487305
2011-09-15,22.25886344909668
2011-09-16,22.25886344909668
2011-09-19,22.242694854736328
2011-09-20,22.22650909423828
2011-09-21,22.153717041015625
2011-09-22,21.983863830566406
2011-09-23,21.87871742248535
2011-09-26,21.975778579711914
2011-09-27,21.967693328857422
2011-09-28,21.919160842895508
2011-09-29,21.830190658569336
2011-09-30,21.78974723815918
2011-10-03,21.700777053833008
2011-10-04,21.716951370239258
2011-10-05,21.854450225830078
2011-10-06,21.95151138305664
2011-10-07,21.92724609375
2011-10-10,21.959596633911133
2011-10-11,22.02430534362793
2011-10-12,22.129451751708984
2011-10-13,22.16180419921875
2011-10-14,22.210336685180664
2011-10-17,22.032394409179688
2011-10-18,22.18607521057129
2011-10-19,22.105188369750977
2011-10-20,22.145631790161133
2011-10-21,22.210336685180664
2011-10-24,22.339750289916992
2011-10-25,22.364011764526367
2011-10-26,22.355928421020508
2011-10-27,22.59048843383789
2011-10-28,22.56621742248535
2011-10-31,22.339750289916992
2011-11-01,22.177982330322266
2011-11-02,22.41254234313965
2011-11-03,22.41254234313965
2011-11-04,22.44489860534668
2011-11-07,22.46107292175293
2011-11-08,22.452983856201172
2011-11-09,22.291217803955078
2011-11-10,22.291217803955078
2011-11-11,22.331661224365234
2011-11-14,22.380189895629883
2011-11-15,22.315481185913086
2011-11-16,22.210336685180664
2011-11-17,22.105188369750977
2011-11-18,22.19415855407715
2011-11-21,22.064746856689453
2011-11-22,22.016216278076172
2011-11-23,21.88680648803711
2011-11-25,21.846364974975586
2011-11-28,22.016216278076172
2011-11-29,22.00813102722168
2011-11-30,22.16180419921875
2011-12-01,22.153717041015625
2011-12-02,22.218421936035156
2011-12-05,22.242694854736328
2011-12-06,22.25886344909668
2011-12-07,22.315481185913086
2011-12-08,22.202247619628906
2011-12-09,22.22650909423828
2011-12-12,22.153717041015625
2011-12-13,22.145631790161133
2011-12-14,22.064746856689453
2011-12-15,22.089012145996094
2011-12-16,22.105188369750977
2011-12-19,22.145631790161133
2011-12-20,22.137540817260742
2011-12-21,22.145631790161133
2011-12-22,22.242694854736328
2011-12-23,22.22650909423828
2011-12-27,22.242694854736328
2011-12-28,22.186119079589844
2011-12-29,22.104127883911133
2011-12-30,22.2025146484375
2012-01-03,22.333696365356445
2012-01-04,22.27630615234375
2012-01-05,22.300901412963867
2012-01-06,22.284502029418945
2012-01-09,22.300901412963867
2012-01-10,22.317296981811523
2012-01-11,22.350093841552734
2012-01-12,22.391088485717773
2012-01-13,22.407485961914062
2012-01-17,22.42388343811035
2012-01-18,22.44028091430664
2012-01-19,22.464876174926758
2012-01-20,22.45667839050293
2012-01-23,22.464876174926758
2012-01-24,22.464876174926758
2012-01-25,22.53866958618164
2012-01-26,22.522268295288086
2012-01-27,22.546871185302734
2012-01-30,22.55506706237793
2012-01-31,22.57966423034668
2012-02-01,22.678049087524414
2012-02-02,22.74363899230957
2012-02-03,22.77643394470215
2012-02-06,22.784635543823242
2012-02-07,22.792829513549805
2012-02-08,22.8010311126709
2012-02-09,22.751842498779297
2012-02-10,22.71084213256836
2012-02-13,22.784635543823242
2012-02-14,22.8010311126709
2012-02-15,22.784635543823242
2012-02-16,22.833829879760742
2012-02-17,22.809232711791992
2012-02-21,22.81743049621582
2012-02-22,22.891216278076172
2012-02-23,22.89942169189453
2012-02-24,22.90761375427246
2012-02-27,22.90761375427246
2012-02-28,22.98140525817871
2012-02-29,22.874818801879883
2012-03-01,22.90761375427246
2012-03-02,22.89942169189453
2012-03-05,22.833829879760742
2012-03-06,22.74363899230957
2012-03-07,22.784635543823242
2012-03-08,22.825632095336914
2012-03-09,22.825632095336914
2012-03-12,22.81743049621582
2012-03-13,22.842025756835938
2012-03-14,22.686246871948242
2012-03-15,22.702646255493164
2012-03-16,22.694446563720703
2012-03-19,22.694446563720703
2012-03-20,22.653451919555664
2012-03-21,22.702646255493164
2012-03-22,22.637056350708008
2012-03-23,22.678049087524414
2012-03-26,22.751842498779297
2012-03-27,22.784635543823242
2012-03-28,22.74363899230957
2012-03-29,22.727243423461914
2012-03-30,22.735441207885742
2012-04-02,22.77643394470215
2012-04-03,22.64525604248047
2012-04-04,22.612457275390625
2012-04-05,22.620655059814453
2012-04-09,22.62885856628418
2012-04-10,22.57966423034668
2012-04-11,22.60425567626953
2012-04-12,22.702646255493164
2012-04-13,22.694446563720703
2012-04-16,22.653451919555664
2012-04-17,22.702646255493164
2012-04-18,22.71084213256836
2012-04-19,22.678049087524414
2012-04-20,22.678049087524414
2012-04-23,22.620655059814453
2012-04-24,22.637056350708008
2012-04-25,22.686246871948242
2012-04-26,22.66984748840332
2012-04-27,22.71084213256836
2012-04-30,22.66984748840332
2012-05-01,22.661653518676758
2012-05-02,22.727243423461914
2012-05-03,22.678049087524414
2012-05-04,22.620655059814453
2012-05-07,22.612457275390625
2012-05-08,22.57966423034668
2012-05-09,22.546871185302734
2012-05-10,22.522268295288086
2012-05-11,22.49767303466797
2012-05-14,22.4484806060791
2012-05-15,22.42388343811035
2012-05-16,22.382890701293945
2012-05-17,22.300901412963867
2012-05-18,22.268110275268555
2012-05-21,22.366493225097656
2012-05-22,22.350093841552734
2012-05-23,22.333696365356445
2012-05-24,22.300901412963867
2012-05-25,22.317296981811523
2012-05-29,22.366493225097656
2012-05-30,22.325496673583984
2012-05-31,22.382890701293945
2012-06-01,22.300901412963867
2012-06-04,22.27630615234375
2012-06-05,22.309101104736328
2012-06-06,22.325496673583984
2012-06-07,22.333696365356445
2012-06-08,22.333696365356445
2012-06-11,22.358293533325195
2012-06-12,22.341896057128906
2012-06-13,22.358293533325195
2012-06-14,22.366493225097656
2012-06-15,22.415685653686523
2012-06-18,22.43208122253418
2012-06-19,22.43208122253418
2012-06-20,22.47307586669922
2012-06-21,22.37469482421875
2012-06-22,22.43208122253418
2012-06-25,22.415685653686523
2012-06-26,22.407485961914062
2012-06-27,22.45667839050293
2012-06-28,22.47307586669922
2012-06-29,22.546871185302734
2012-07-02,22.751842498779297
2012-07-03,22.62885856628418
2012-07-05,22.62885856628418
2012-07-06,22.57146453857422
2012-07-09,22.60425567626953
2012-07-10,23.637311935424805
2012-07-11,22.612457275390625
2012-07-12,22.563262939453125
2012-07-13,22.637056350708008
2012-07-16,22.678049087524414
2012-07-17,22.66984748840332
2012-07-18,22.66984748840332
2012-07-19,22.792829513549805
2012-07-20,22.74363899230957
2012-07-23,22.686246871948242
2012-07-24,22.661653518676758
2012-07-25,22.686246871948242
2012-07-26,22.735441207885742
2012-07-27,22.809232711791992
2012-07-30,22.842025756835938
2012-07-31,22.825632095336914
2012-08-01,22.842025756835938
2012-08-02,22.735441207885742
2012-08-03,22.874818801879883
2012-08-06,22.825632095336914
2012-08-07,22.90761375427246
2012-08-08,22.88301658630371
2012-08-09,22.932212829589844
2012-08-10,22.874818801879883
2012-08-13,22.842025756835938
2012-08-14,22.874818801879883
2012-08-15,22.842025756835938
2012-08-16,22.8010311126709
2012-08-17,22.842025756835938
2012-08-20,22.81743049621582
2012-08-21,22.924013137817383
2012-08-22,22.89942169189453
2012-08-23,22.874818801879883
2012-08-24,22.88301658630371
2012-08-27,22.973209381103516
2012-08-28,22.956809997558594
2012-08-29,22.940414428710938
2012-08-30,22.90761375427246
2012-08-31,22.98140525817871
2012-09-04,22.965009689331055
2012-09-05,22.940414428710938
2012-09-06,22.997804641723633
2012-09-07,23.05519676208496
2012-09-10,23.03059959411621
2012-09-11,23.05519676208496
2012-09-12,23.03059959411621
2012-09-13,23.104387283325195
2012-09-14,23.06339454650879
2012-09-17,23.0469970703125
2012-09-18,23.087993621826172
2012-09-19,23.128984451293945
2012-09-20,23.104387283325195
2012-09-21,23.153579711914062
2012-09-24,23.128984451293945
2012-09-25,23.096189498901367
2012-09-26,23.104387283325195
2012-09-27,23.128984451293945
2012-09-28,23.087993621826172
2012-10-01,23.128984451293945
2012-10-02,23.096189498901367
2012-10-03,23.13718605041504
2012-10-04,23.104387283325195
2012-10-05,23.104387283325195
2012-10-08,23.145383834838867
2012-10-09,23.112590789794922
2012-10-10,23.104387283325195
2012-10-11,23.13718605041504
2012-10-12,23.120786666870117
2012-10-15,23.16178321838379
2012-10-16,23.178180694580078
2012-10-17,23.186378479003906
2012-10-18,23.145383834838867
2012-10-19,23.096189498901367
2012-10-22,23.087993621826172
2012-10-23,23.07159423828125
2012-10-24,23.05519676208496
2012-10-25,23.0469970703125
2012-10-26,23.104387283325195
2012-10-31,23.120786666870117
2012-11-01,23.227371215820312
2012-11-02,23.120786666870117
2012-11-05,23.145383834838867
2012-11-06,23.120786666870117
2012-11-07,23.079790115356445
2012-11-08,23.038801193237305
2012-11-09,23.038801193237305
2012-11-12,23.03059959411621
2012-11-13,23.014198303222656
2012-11-14,22.973209381103516
2012-11-15,23.03059959411621
2012-11-16,22.98140525817871
2012-11-19,23.06339454650879
2012-11-20,23.014198303222656
2012-11-21,23.03059959411621
2012-11-23,23.038801193237305
2012-11-26,23.05519676208496
2012-11-27,23.087993621826172
2012-11-28,23.087993621826172
2012-11-29,23.13718605041504
2012-11-30,23.16178321838379
2012-12-03,23.079790115356445
2012-12-04,23.104387283325195
2012-12-05,23.128984451293945
2012-12-06,23.13718605041504
2012-12-07,23.096189498901367
2012-12-10,23.120786666870117
2012-12-11,23.096189498901367
2012-12-12,23.0469970703125
2012-12-13,23.022403717041016
2012-12-14,23.014198303222656
2012-12-17,23.022403717041016
2012-12-18,23.014198303222656
2012-12-19,23.112590789794922
2012-12-20,23.022403717041016
2012-12-21,23.087993621826172
2012-12-24,23.006000518798828
2012-12-26,23.014198303222656
2012-12-27,23.038244247436523
2012-12-28,23.063114166259766
2012-12-31,23.05482292175293
2013-01-02,23.187463760375977
2013-01-03,23.13772201538086
2013-01-04,23.162595748901367
2013-01-07,23.129432678222656
2013-01-08,23.08798599243164
2013-01-09,23.15431022644043
2013-01-10,23.187463760375977
2013-01-11,23.129432678222656
2013-01-14,23.21233367919922
2013-01-15,23.146013259887695
2013-01-16,23.15431022644043
2013-01-17,23.170886993408203
2013-01-18,23.245500564575195
2013-01-22,23.228918075561523
2013-01-23,23.187463760375977
2013-01-24,23.179176330566406
2013-01-25,23.179176330566406
2013-01-28,23.12114143371582
2013-01-29,23.170886993408203
2013-01-30,23.12114143371582
2013-01-31,23.187463760375977
2013-02-01,23.179176330566406
2013-02-04,23.170886993408203
2013-02-05,23.15431022644043
2013-02-06,23.179176330566406
2013-02-07,23.15431022644043
2013-02-08,23.195756912231445
2013-02-11,23.179176330566406
2013-02-12,23.179176330566406
2013-02-13,23.187463760375977
2013-02-14,23.170886993408203
2013-02-15,23.228918075561523
2013-02-19,23.245500564575195
2013-02-20,23.129432678222656
2013-02-21,23.079696655273438
2013-02-22,23.146013259887695
2013-02-25,23.05482292175293
2013-02-26,23.11285400390625
2013-02-27,23.162595748901367
2013-02-28,23.179176330566406
2013-03-01,23.195756912231445
2013-03-04,23.179176330566406
2013-03-05,23.27036476135254
2013-03-06,23.228918075561523
2013-03-07,23.228918075561523
2013-03-08,23.220626831054688
2013-03-11,23.29524040222168
2013-03-12,23.28694725036621
2013-03-13,23.278657913208008
2013-03-14,23.27036476135254
2013-03-15,23.32839584350586
2013-03-18,23.278657913208008
2013-03-19,23.253786087036133
2013-03-20,23.253786087036133
2013-03-21,23.21233367919922
2013-03-22,23.27036476135254
2013-03-25,23.220626831054688
2013-03-26,23.32010841369629
2013-03-27,23.27036476135254
2013-03-28,23.353267669677734
2013-04-01,23.228918075561523
2013-04-02,23.220626831054688
2013-04-03,23.195756912231445
2013-04-04,23.253786087036133
2013-04-05,23.253786087036133
2013-04-08,23.278657913208008
2013-04-09,23.245500564575195
2013-04-10,23.41129493713379
2013-04-11,23.41958999633789
2013-04-12,23.494199752807617
2013-04-15,23.37813949584961
2013-04-16,23.37813949584961
2013-04-17,23.262073516845703
2013-04-18,23.220626831054688
2013-04-19,23.32010841369629
2013-04-22,23.32839584350586
2013-04-23,23.45275115966797
2013-04-24,23.45275115966797
2013-04-25,23.494199752807617
2013-04-26,23.50248908996582
2013-04-29,23.568811416625977
2013-04-30,23.57710075378418
2013-05-01,23.51078224182129
2013-05-02,23.601972579956055
2013-05-03,23.57710075378418
2013-05-06,23.65171241760254
2013-05-07,23.66828727722168
2013-05-08,23.701454162597656
2013-05-09,23.66828727722168
2013-05-10,23.67658042907715
2013-05-13,24.306631088256836
2013-05-14,23.65171241760254
2013-05-15,23.792646408081055
2013-05-16,23.67658042907715
2013-05-17,23.75119400024414
2013-05-20,23.908706665039062
2013-05-21,23.792646408081055
2013-05-22,23.660005569458008
2013-05-23,23.610265731811523
2013-05-24,23.57710075378418
2013-05-28,23.568811416625977
2013-05-29,23.51078224182129
2013-05-30,23.568811416625977
2013-05-31,23.593679428100586
2013-06-03,23.427879333496094
2013-06-04,23.36985206604004
2013-06-05,23.237205505371094
2013-06-06,23.262073516845703
2013-06-07,23.336685180664062
2013-06-10,23.29524040222168
2013-06-11,23.187463760375977
2013-06-12,23.10456657409668
2013-06-13,23.228918075561523
2013-06-14,23.21233367919922
2013-06-17,23.27036476135254
2013-06-18,23.32839584350586
2013-06-19,23.792646408081055
2013-06-20,22.797832489013672
2013-06-21,22.72321891784668
2013-06-24,22.557416915893555
2013-06-25,22.6817684173584
2013-06-26,22.83099365234375
2013-06-27,22.95534324645996
2013-06-28,22.938762664794922
2013-07-01,23.01337432861328
2013-07-02,22.99679183959961
2013-07-03,22.99679183959961
2013-07-05,22.947052001953125
2013-07-08,23.021663665771484
2013-07-09,23.096275329589844
2013-07-10,23.07140350341797
2013-07-11,23.27036476135254
2013-07-12,23.262073516845703
2013-07-15,23.32839584350586
2013-07-16,23.32010841369629
2013-07-17,23.361557006835938
2013-07-18,23.38642692565918
2013-07-19,23.41958999633789
2013-07-22,23.45275115966797
2013-07-23,23.43617057800293
2013-07-24,23.37813949584961
2013-07-25,23.41958999633789
2013-07-26,23.41129493713379
2013-07-29,23.353267669677734
2013-07-30,23.361557006835938
2013-07-31,23.394718170166016
2013-08-01,23.48590850830078
2013-08-02,23.494199752807617
2013-08-05,23.50248908996582
2013-08-06,23.469331741333008
2013-08-07,23.45275115966797
2013-08-08,23.519071578979492
2013-08-09,23.527359008789062
2013-08-12,23.519071578979492
2013-08-13,23.48590850830078
2013-08-14,23.494199752807617
2013-08-15,23.37813949584961
2013-08-16,23.34497833251953
2013-08-19,23.262073516845703
2013-08-20,23.27036476135254
2013-08-21,23.15431022644043
2013-08-22,23.253786087036133
2013-08-23,23.30352783203125
2013-08-26,23.29524040222168
2013-08-27,23.187463760375977
2013-08-28,23.40300941467285
2013-08-29,23.187463760375977
2013-08-30,23.15431022644043
2013-09-03,23.220626831054688
2013-09-04,23.278657913208008
2013-09-05,23.237205505371094
2013-09-06,23.253786087036133
2013-09-09,23.394718170166016
2013-09-10,23.40300941467285
2013-09-11,23.477617263793945
2013-09-12,23.45275115966797
2013-09-13,23.494199752807617
2013-09-16,23.568811416625977
2013-09-17,23.610265731811523
2013-09-18,23.792646408081055
2013-09-19,23.792646408081055
2013-09-20,23.64342498779297
2013-09-23,23.759483337402344
2013-09-24,23.7263240814209
2013-09-25,23.7263240814209
2013-09-26,23.78435707092285
2013-09-27,23.718034744262695
2013-09-30,23.684873580932617
2013-10-01,23.7263240814209
2013-10-02,23.73461151123047
2013-10-03,23.66828727722168
2013-10-04,23.7263240814209
2013-10-07,23.64342498779297
2013-10-08,23.535648345947266
2013-10-09,23.535648345947266
2013-10-10,23.69316291809082
2013-10-11,23.73461151123047
2013-10-14,23.767772674560547
2013-10-15,23.67658042907715
2013-10-16,23.825803756713867
2013-10-17,23.908706665039062
2013-10-18,23.991607666015625
2013-10-21,23.983318328857422
2013-10-22,24.066219329833984
2013-10-23,23.983318328857422
2013-10-24,24.02476692199707
2013-10-25,24.041349411010742
2013-10-28,24.041349411010742
2013-10-29,24.07451057434082
2013-10-30,24.041349411010742
2013-10-31,24.033058166503906
2013-11-01,23.983318328857422
2013-11-04,24.02476692199707
2013-11-05,23.983318328857422
2013-11-06,24.008188247680664
2013-11-07,23.892127990722656
2013-11-08,23.983318328857422
2013-11-11,23.941864013671875
2013-11-12,23.958446502685547
2013-11-13,24.008188247680664
2013-11-14,24.066219329833984
2013-11-15,24.107667922973633
2013-11-18,24.09937858581543
2013-11-19,24.049638748168945
2013-11-20,23.999900817871094
2013-11-21,24.115957260131836
2013-11-22,24.14082908630371
2013-11-25,24.124248504638672
2013-11-26,24.149118423461914
2013-11-27,24.2071533203125
2013-11-29,24.190570831298828
2013-12-02,24.09937858581543
2013-12-03,24.07451057434082
2013-12-04,24.016477584838867
2013-12-05,23.983318328857422
2013-12-06,24.07451057434082
2013-12-09,24.07451057434082
2013-12-10,24.066219329833984
2013-12-11,23.966737747192383
2013-12-12,23.9169979095459
2013-12-13,23.933576583862305
2013-12-16,23.991607666015625
2013-12-17,23.975025177001953
2013-12-18,24.09937858581543
2013-12-19,24.05792999267578
2013-12-20,24.15740966796875
2013-12-23,24.215436935424805
2013-12-24,24.223730087280273
2013-12-26,24.248600006103516
2013-12-27,24.236846923828125
2013-12-30,24.270427703857422
2013-12-31,24.32080078125
2014-01-02,24.220054626464844
2014-01-03,24.220054626464844
2014-01-06,24.220054626464844
2014-01-07,24.270427703857422
2014-01-08,24.262033462524414
2014-01-09,24.27882194519043
2014-01-10,24.35437774658203
2014-01-13,24.220054626464844
2014-01-14,24.337589263916016
2014-01-15,24.38796043395996
2014-01-16,24.413145065307617
2014-01-17,24.39635467529297
2014-01-21,24.438331604003906
2014-01-22,24.4299373626709
2014-01-23,24.371173858642578
2014-01-24,24.161291122436523
2014-01-27,24.068944931030273
2014-01-28,24.178081512451172
2014-01-29,24.110919952392578
2014-01-30,24.21166229248047
2014-01-31,24.136106491088867
2014-02-03,23.97659683227539
2014-02-04,24.001781463623047
2014-02-05,23.99338722229004
2014-02-06,24.052152633666992
2014-02-07,24.21166229248047
2014-02-10,24.19487190246582
2014-02-11,24.262033462524414
2014-02-12,24.295612335205078
2014-02-13,24.379568099975586
2014-02-14,24.40475082397461
2014-02-18,24.48030662536621
2014-02-19,24.40475082397461
2014-02-20,24.455120086669922
2014-02-21,24.471908569335938
2014-02-24,24.53067970275879
2014-02-25,24.555862426757812
2014-02-26,24.58944320678711
2014-02-27,24.68178939819336
2014-02-28,24.639816284179688
2014-03-03,24.57265281677246
2014-03-04,24.68178939819336
2014-03-05,24.68178939819336
2014-03-06,24.68178939819336
2014-03-07,24.631420135498047
2014-03-10,24.59783935546875
2014-03-11,24.53067970275879
2014-03-12,24.564260482788086
2014-03-13,24.455120086669922
2014-03-14,24.446725845336914
2014-03-17,24.48870277404785
2014-03-18,24.59783935546875
2014-03-19,24.48030662536621
2014-03-20,24.48870277404785
2014-03-21,24.413145065307617
2014-03-24,24.446725845336914
2014-03-25,24.379568099975586
2014-03-26,24.413145065307617
2014-03-27,24.38796043395996
2014-03-28,24.438331604003906
2014-03-31,24.53067970275879
2014-04-01,24.59783935546875
2014-04-02,24.59783935546875
2014-04-03,24.58944320678711
2014-04-04,24.4299373626709
2014-04-07,24.304012298583984
2014-04-08,24.362775802612305
2014-04-09,24.471908569335938
2014-04-10,24.25364112854004
2014-04-11,24.186477661132812
2014-04-14,24.564260482788086
2014-04-15,24.236846923828125
2014-04-16,24.38796043395996
2014-04-17,24.39635467529297
2014-04-21,24.4299373626709
2014-04-22,24.539073944091797
2014-04-23,24.522281646728516
2014-04-24,24.539073944091797
2014-04-25,24.40475082397461
2014-04-28,24.40475082397461
2014-04-29,24.497102737426758
2014-04-30,24.58944320678711
2014-05-01,24.623027801513672
2014-05-02,24.631420135498047
2014-05-05,24.66499900817871
2014-05-06,24.5810489654541
2014-05-07,24.65660858154297
2014-05-08,24.58944320678711
2014-05-09,24.5810489654541
2014-05-12,24.698579788208008
2014-05-13,24.698579788208008
2014-05-14,24.698579788208008
2014-05-15,24.606231689453125
2014-05-16,24.66499900817871
2014-05-19,24.732160568237305
2014-05-20,24.65660858154297
2014-05-21,24.740556716918945
2014-05-22,24.782535552978516
2014-05-23,24.824506759643555
2014-05-27,24.900068283081055
2014-05-28,24.925251007080078
2014-05-29,24.958831787109375
2014-05-30,24.942041397094727
2014-06-02,24.90846061706543
2014-06-03,24.90846061706543
2014-06-04,24.98401641845703
2014-06-05,25.01759910583496
2014-06-06,25.059574127197266
2014-06-09,25.034387588500977
2014-06-10,24.992408752441406
2014-06-11,25.00920295715332
2014-06-12,24.950437545776367
2014-06-13,24.97562026977539
2014-06-16,24.958831787109375
2014-06-17,25.025991439819336
2014-06-18,25.101547241210938
2014-06-19,25.101547241210938
2014-06-20,25.126737594604492
2014-06-23,25.109941482543945
2014-06-24,25.07636833190918
2014-06-25,25.109941482543945
2014-06-26,25.118335723876953
2014-06-27,25.1351318359375
2014-06-30,25.177106857299805
2014-07-01,25.277847290039062
2014-07-02,25.261058807373047
2014-07-03,25.33661460876465
2014-07-07,25.202293395996094
2014-07-08,25.06797218322754
2014-07-09,25.168710708618164
2014-07-10,25.051179885864258
2014-07-11,25.109941482543945
2014-07-14,25.160316467285156
2014-07-15,25.109941482543945
2014-07-16,25.1351318359375
2014-07-17,24.992408752441406
2014-07-18,25.084760665893555
2014-07-21,25.06797218322754
2014-07-22,25.151920318603516
2014-07-23,25.168710708618164
2014-07-24,25.177106857299805
2014-07-25,25.1351318359375
2014-07-28,25.126737594604492
2014-07-29,25.084760665893555
2014-07-30,25.084760665893555
2014-07-31,24.849693298339844
2014-08-01,24.824506759643555
2014-08-04,24.891672134399414
2014-08-05,24.79092788696289
2014-08-06,24.782535552978516
2014-08-07,24.706974029541016
2014-08-08,24.824506759643555
2014-08-11,24.88327407836914
2014-08-12,24.849693298339844
2014-08-13,24.91685676574707
2014-08-14,25.000808715820312
2014-08-15,25.01759910583496
2014-08-18,25.101547241210938
2014-08-19,25.143529891967773
2014-08-20,25.151920318603516
2014-08-21,25.168710708618164
2014-08-22,25.177106857299805
2014-08-25,25.252662658691406
2014-08-26,25.286245346069336
2014-08-27,25.29463768005371
2014-08-28,25.277847290039062
2014-08-29,25.31982421875
2014-09-02,25.286245346069336
2014-09-03,25.303037643432617
2014-09-04,25.227474212646484
2014-09-05,25.303037643432617
2014-09-08,25.252662658691406
2014-09-09,25.151920318603516
2014-09-10,25.193899154663086
2014-09-11,25.18549919128418
2014-09-12,25.084760665893555
2014-09-15,25.025991439819336
2014-09-16,25.118335723876953
2014-09-17,25.126737594604492
2014-09-18,25.168710708618164
2014-09-19,25.126737594604492
2014-09-22,25.025991439819336
2014-09-23,24.992408752441406
2014-09-24,25.101547241210938
2014-09-25,24.925251007080078
2014-09-26,24.98401641845703
2014-09-29,24.950437545776367
2014-09-30,24.90846061706543
2014-10-01,24.757349014282227
2014-10-02,24.740556716918945
2014-10-03,24.80771827697754
2014-10-06,24.81611442565918
2014-10-07,24.68178939819336
2014-10-08,24.849693298339844
2014-10-09,24.59783935546875
2014-10-10,24.39635467529297
2014-10-13,24.236846923828125
2014-10-14,24.236846923828125
2014-10-15,24.161291122436523
2014-10-16,24.152894973754883
2014-10-17,24.362775802612305
2014-10-20,24.446725845336914
2014-10-21,24.673397064208984
2014-10-22,24.57265281677246
2014-10-23,24.690187454223633
2014-10-24,24.774139404296875
2014-10-27,24.74895477294922
2014-10-28,24.891672134399414
2014-10-29,24.80771827697754
2014-10-30,24.88327407836914
2014-10-31,25.000808715820312
2014-11-03,24.992408752441406
2014-11-04,24.93364715576172
2014-11-05,24.958831787109375
2014-11-06,24.950437545776367
2014-11-07,24.925251007080078
2014-11-10,24.967227935791016
2014-11-11,24.992408752441406
2014-11-12,24.958831787109375
2014-11-13,24.967227935791016
2014-11-14,24.967227935791016
2014-11-17,24.992408752441406
2014-11-18,25.126737594604492
2014-11-19,25.07636833190918
2014-11-20,25.093156814575195
2014-11-21,25.193899154663086
2014-11-24,25.252662658691406
2014-11-25,25.269453048706055
2014-11-26,25.33661460876465
2014-11-28,25.303037643432617
2014-12-01,25.193899154663086
2014-12-02,25.2106876373291
2014-12-03,25.2106876373291
2014-12-04,25.2106876373291
2014-12-05,25.193899154663086
2014-12-08,25.093156814575195
2014-12-09,25.084760665893555
2014-12-10,24.925251007080078
2014-12-11,24.93364715576172
2014-12-12,24.80771827697754
2014-12-15,24.606231689453125
2014-12-16,24.6146297454834
2014-12-17,24.832902908325195
2014-12-18,25.000808715820312
2014-12-19,25.101547241210938
2014-12-22,25.1351318359375
2014-12-23,25.059574127197266
2014-12-24,25.059574127197266
2014-12-26,25.1351318359375
2014-12-29,25.121519088745117
2014-12-30,25.061965942382812
2014-12-31,25.00242042541504
2015-01-02,24.942867279052734
2015-01-05,24.755714416503906
2015-01-06,24.755714416503906
2015-01-07,24.90884017944336
2015-01-08,25.061965942382812
2015-01-09,25.019433975219727
2015-01-12,24.934358596801758
2015-01-13,24.942867279052734
2015-01-14,24.934358596801758
2015-01-15,24.806753158569336
2015-01-16,25.0534610748291
2015-01-20,25.019433975219727
2015-01-21,25.0789852142334
2015-01-22,25.20659065246582
2015-01-23,25.1895751953125
2015-01-26,25.283153533935547
2015-01-27,25.198081970214844
2015-01-28,25.044954299926758
2015-01-29,25.164052963256836
2015-01-30,24.670639038085938
2015-02-02,25.13002586364746
2015-02-03,25.26613998413086
2015-02-04,25.198081970214844
2015-02-05,25.308671951293945
2015-02-06,25.1895751953125
2015-02-09,25.138532638549805
2015-02-10,25.198081970214844
2015-02-11,25.198081970214844
2015-02-12,25.325687408447266
2015-02-13,25.427776336669922
2015-02-17,25.359716415405273
2015-02-18,25.444786071777344
2015-02-19,25.419267654418945
2015-02-20,25.529863357543945
2015-02-23,25.521350860595703
2015-02-24,25.58940887451172
2015-02-25,25.597917556762695
2015-02-26,25.563886642456055
2015-02-27,25.512845993041992
2015-03-02,25.580900192260742
2015-03-03,25.50433921813965
2015-03-04,25.47882080078125
2015-03-05,25.47882080078125
2015-03-06,25.283153533935547
2015-03-09,25.308671951293945
2015-03-10,25.181066513061523
2015-03-11,25.172561645507812
2015-03-12,25.334197998046875
2015-03-13,25.223604202270508
2015-03-16,25.38524055480957
2015-03-17,25.37672996520996
2015-03-18,25.580900192260742
2015-03-19,25.521350860595703
2015-03-20,25.648958206176758
2015-03-23,25.657466888427734
2015-03-24,25.623441696166992
2015-03-25,25.453292846679688
2015-03-26,25.393747329711914
2015-03-27,25.46180534362793
2015-03-30,25.55537986755371
2015-03-31,25.47031021118164
2015-04-01,25.444786071777344
2015-04-02,25.529863357543945
2015-04-06,25.614931106567383
2015-04-07,25.57239532470703
2015-04-08,25.597917556762695
2015-04-09,25.60642433166504
2015-04-10,25.623441696166992
2015-04-13,25.58940887451172
2015-04-14,25.614931106567383
2015-04-15,25.64045524597168
2015-04-16,25.700000762939453
2015-04-17,25.57239532470703
2015-04-20,25.58940887451172
2015-04-21,25.597917556762695
2015-04-22,25.614931106567383
2015-04-23,25.674480438232422
2015-04-24,25.682987213134766
2015-04-27,25.657466888427734
2015-04-28,25.682987213134766
2015-04-29,25.58940887451172
2015-04-30,25.521350860595703
2015-05-01,25.57239532470703
2015-05-04,25.57239532470703
2015-05-05,25.453292846679688
2015-05-06,25.40225601196289
2015-05-07,25.427776336669922
2015-05-08,25.546875
2015-05-11,25.46180534362793
2015-05-12,25.444786071777344
2015-05-13,25.47882080078125
2015-05-14,25.57239532470703
2015-05-15,25.597917556762695
2015-05-18,25.57239532470703
2015-05-19,25.580900192260742
2015-05-20,25.57239532470703
2015-05-21,25.58940887451172
2015-05-22,25.580900192260742
2015-05-26,25.50433921813965
2015-05-27,25.57239532470703
2015-05-28,25.546875
2015-05-29,25.512845993041992
2015-06-01,25.529863357543945
2015-06-02,25.50433921813965
2015-06-03,25.47031021118164
2015-06-04,25.46180534362793
2015-06-05,25.342702865600586
2015-06-08,25.325687408447266
2015-06-09,25.29166030883789
2015-06-10,25.36822509765625
2015-06-11,25.37672996520996
2015-06-12,25.342702865600586
2015-06-15,25.29166030883789
2015-06-16,25.300168991088867
2015-06-17,25.35120964050293
2015-06-18,25.410764694213867
2015-06-19,25.40225601196289
2015-06-22,25.40225601196289
2015-06-23,25.36822509765625
2015-06-24,25.37672996520996
2015-06-25,25.334197998046875
2015-06-26,25.232112884521484
2015-06-29,25.14703941345215
2015-06-30,25.164052963256836
2015-07-01,25.164052963256836
2015-07-02,25.181066513061523
2015-07-06,25.07047462463379
2015-07-07,25.03644561767578
2015-07-08,24.951377868652344
2015-07-09,24.98540496826172
2015-07-10,25.0789852142334
2015-07-13,25.07047462463379
2015-07-14,25.138532638549805
2015-07-15,25.104503631591797
2015-07-16,25.20659065246582
2015-07-17,25.172561645507812
2015-07-20,25.198081970214844
2015-07-21,25.172561645507812
2015-07-22,25.14703941345215
2015-07-23,25.14703941345215
2015-07-24,25.0789852142334
2015-07-27,25.061965942382812
2015-07-28,25.13002586364746
2015-07-29,25.13002586364746
2015-07-30,25.104503631591797
2015-07-31,25.155546188354492
2015-08-03,25.13002586364746
2015-08-04,25.113012313842773
2015-08-05,25.13002586364746
2015-08-06,25.121519088745117
2015-08-07,25.138532638549805
2015-08-10,25.1895751953125
2015-08-11,25.181066513061523
2015-08-12,25.14703941345215
2015-08-13,25.13002586364746
2015-08-14,25.113012313842773
2015-08-17,25.14703941345215
2015-08-18,25.07047462463379
2015-08-19,25.0534610748291
2015-08-20,24.942867279052734
2015-08-21,24.883317947387695
2015-08-24,24.721683502197266
2015-08-25,24.679147720336914
2015-08-26,24.730192184448242
2015-08-27,24.840787887573242
2015-08-28,24.806753158569336
2015-08-31,24.730192184448242
2015-09-01,24.64512062072754
2015-09-02,24.65362548828125
2015-09-03,24.670639038085938
2015-09-04,24.585569381713867
2015-09-08,24.70467185974121
2015-09-09,24.65362548828125
2015-09-10,24.679147720336914
2015-09-11,24.738697052001953
2015-09-14,24.70467185974121
2015-09-15,24.68765640258789
2015-09-16,24.764219284057617
2015-09-17,24.857799530029297
2015-09-18,24.78973960876465
2015-09-21,24.713176727294922
2015-09-22,24.61109161376953
2015-09-23,24.602582931518555
2015-09-24,24.568557739257812
2015-09-25,24.526020050048828
2015-09-28,24.398414611816406
2015-09-29,24.38140106201172
2015-09-30,24.500499725341797
2015-10-01,24.517513275146484
2015-10-02,24.65362548828125
2015-10-05,24.730192184448242
2015-10-06,24.730192184448242
2015-10-07,24.738697052001953
2015-10-08,24.721683502197266
2015-10-09,24.755714416503906
2015-10-12,24.764219284057617
2015-10-13,24.679147720336914
2015-10-14,24.755714416503906
2015-10-15,24.764219284057617
2015-10-16,24.798246383666992
2015-10-19,24.755714416503906
2015-10-20,24.713176727294922
2015-10-21,24.74720573425293
2015-10-22,24.806753158569336
2015-10-23,24.77272605895996
2015-10-26,24.77272605895996
2015-10-27,24.798246383666992
2015-10-28,24.815261840820312
2015-10-29,24.670639038085938
2015-10-30,24.713176727294922
2015-11-02,24.70467185974121
2015-11-03,24.755714416503906
2015-11-04,24.696165084838867
2015-11-05,24.679147720336914
2015-11-06,24.619598388671875
2015-11-09,24.560049057006836
2015-11-10,24.594078063964844
2015-11-11,24.483484268188477
2015-11-12,24.44945526123047
2015-11-13,24.398414611816406
2015-11-16,24.50900650024414
2015-11-17,24.483484268188477
2015-11-18,24.594078063964844
2015-11-19,24.585569381713867
2015-11-20,24.577064514160156
2015-11-23,24.594078063964844
2015-11-24,24.61109161376953
2015-11-25,24.65362548828125
2015-11-27,24.662134170532227
2015-11-30,24.585569381713867
2015-12-01,24.721683502197266
2015-12-02,24.721683502197266
2015-12-03,24.500499725341797
2015-12-04,24.560049057006836
2015-12-07,24.543031692504883
2015-12-08,24.483484268188477
2015-12-09,24.44945526123047
2015-12-10,24.466468811035156
2015-12-11,24.432443618774414
2015-12-14,24.287818908691406
2015-12-15,24.245285034179688
2015-12-16,24.34737205505371
2015-12-17,24.321849822998047
2015-12-18,24.270809173583984
2015-12-21,24.321849822998047
2015-12-22,24.3643856048584
2015-12-23,24.38140106201172
2015-12-24,24.40692138671875
2015-12-28,24.415428161621094
2015-12-29,24.396621704101562
2015-12-30,24.34532928466797
2015-12-31,24.328231811523438
2016-01-04,24.251304626464844
2016-01-05,24.225656509399414
2016-01-06,24.23420524597168
2016-01-07,24.114530563354492
2016-01-08,24.080337524414062
2016-01-11,24.020498275756836
2016-01-12,24.088884353637695
2016-01-13,23.986305236816406
2016-01-14,24.020498275756836
2016-01-15,23.883729934692383
2016-01-19,23.84099006652832
2016-01-20,23.84099006652832
2016-01-21,23.832435607910156
2016-01-22,23.909372329711914
2016-01-25,23.86663246154785
2016-01-26,23.926469802856445
2016-01-27,23.858083724975586
2016-01-28,23.90082359313965
2016-01-29,23.986305236816406
2016-02-01,24.011951446533203
2016-02-02,23.95211410522461
2016-02-03,23.977760314941406
2016-02-04,24.037599563598633
2016-02-05,23.858083724975586
2016-02-08,23.764053344726562
2016-02-09,23.78969955444336
2016-02-10,23.78969955444336
2016-02-11,23.729862213134766
2016-02-12,23.764053344726562
2016-02-16,23.781150817871094
2016-02-17,23.90082359313965
2016-02-18,23.926469802856445
2016-02-19,23.960662841796875
2016-02-22,24.0290470123291
2016-02-23,23.994853973388672
2016-02-24,24.071788787841797
2016-02-25,24.13162612915039
2016-02-26,24.140172958374023
2016-02-29,24.071788787841797
2016-03-01,24.174367904663086
2016-03-02,24.191465377807617
2016-03-03,24.251304626464844
2016-03-04,24.276945114135742
2016-03-07,24.276945114135742
2016-03-08,24.294044494628906
2016-03-09,24.294044494628906
2016-03-10,24.294044494628906
2016-03-11,24.38807487487793
2016-03-14,24.379528045654297
2016-03-15,24.41371726989746
2016-03-16,24.456459045410156
2016-03-17,24.516298294067383
2016-03-18,24.541940689086914
2016-03-21,24.490652084350586
2016-03-22,24.499202728271484
2016-03-23,24.456459045410156
2016-03-24,24.405168533325195
2016-03-28,24.44791030883789
2016-03-29,24.559036254882812
2016-03-30,24.610326766967773
2016-03-31,24.63597297668457
2016-04-01,24.66161346435547
2016-04-04,24.678714752197266
2016-04-05,24.61887550354004
2016-04-06,24.670166015625
2016-04-07,24.64451789855957
2016-04-08,24.678714752197266
2016-04-11,24.61887550354004
2016-04-12,24.670166015625
2016-04-13,24.755647659301758
2016-04-14,24.747098922729492
2016-04-15,24.747098922729492
2016-04-18,24.806936264038086
2016-04-19,24.892419815063477
2016-04-20,24.84967803955078
2016-04-21,24.85822296142578
2016-04-22,24.892419815063477
2016-04-25,24.806936264038086
2016-04-26,24.815486907958984
2016-04-27,24.88387107849121
2016-04-28,24.841127395629883
2016-04-29,24.841127395629883
2016-05-02,24.88387107849121
2016-05-03,24.815486907958984
2016-05-04,24.755647659301758
2016-05-05,24.73000144958496
2016-05-06,24.712905883789062
2016-05-09,24.712905883789062
2016-05-10,24.815486907958984
2016-05-11,24.755647659301758
2016-05-12,24.73000144958496
2016-05-13,24.712905883789062
2016-05-16,24.721452713012695
2016-05-17,24.695812225341797
2016-05-18,24.627424240112305
2016-05-19,24.61887550354004
2016-05-20,24.678714752197266
2016-05-23,24.64451789855957
2016-05-24,24.704355239868164
2016-05-25,24.764196395874023
2016-05-26,24.781291961669922
2016-05-27,24.764196395874023
2016-05-31,24.755647659301758
2016-06-01,24.772743225097656
2016-06-02,24.79838752746582
2016-06-03,24.86677360534668
2016-06-06,24.85822296142578
2016-06-07,24.88387107849121
2016-06-08,24.900964736938477
2016-06-09,24.926610946655273
2016-06-10,24.85822296142578
2016-06-13,24.85822296142578
2016-06-14,24.764196395874023
2016-06-15,24.824033737182617
2016-06-16,24.88387107849121
2016-06-17,24.789838790893555
2016-06-20,24.824033737182617
2016-06-21,24.824033737182617
2016-06-22,24.83258056640625
2016-06-23,24.900964736938477
2016-06-24,24.695812225341797
2016-06-27,24.678714752197266
2016-06-28,24.747098922729492
2016-06-29,24.824033737182617
2016-06-30,24.926610946655273
2016-07-01,24.969350814819336
2016-07-05,24.952259063720703
2016-07-06,24.969350814819336
2016-07-07,24.960805892944336
2016-07-08,25.012096405029297
2016-07-11,25.06338119506836
2016-07-12,25.037738800048828
2016-07-13,25.054832458496094
2016-07-14,25.04628562927246
2016-07-15,24.789838790893555
2016-07-18,24.969350814819336
2016-07-19,24.986446380615234
2016-07-20,25.020641326904297
2016-07-21,24.994997024536133
2016-07-22,25.020641326904297
2016-07-25,24.986446380615234
2016-07-26,25.003543853759766
2016-07-27,25.071931838989258
2016-07-28,25.06338119506836
2016-07-29,25.12322235107422
2016-08-01,25.06338119506836
2016-08-02,24.994997024536133
2016-08-03,24.943710327148438
2016-08-04,25.003543853759766
2016-08-05,24.943710327148438
2016-08-08,24.960805892944336
2016-08-09,25.029190063476562
2016-08-10,25.071931838989258
2016-08-11,25.04628562927246
2016-08-12,25.097576141357422
2016-08-15,25.097576141357422
2016-08-16,25.037738800048828
2016-08-17,25.08047866821289
2016-08-18,25.089027404785156
2016-08-19,25.037738800048828
2016-08-22,25.08047866821289
2016-08-23,25.12322235107422
2016-08-24,25.114669799804688
2016-08-25,25.06338119506836
2016-08-26,25.029190063476562
2016-08-29,25.08047866821289
2016-08-30,25.054832458496094
2016-08-31,25.054832458496094
2016-09-01,25.097576141357422
2016-09-02,25.089027404785156
2016-09-06,25.14886474609375
2016-09-07,25.140317916870117
2016-09-08,25.071931838989258
2016-09-09,24.909515380859375
2016-09-12,24.994997024536133
2016-09-13,24.900964736938477
2016-09-14,24.918060302734375
2016-09-15,24.943710327148438
2016-09-16,24.909515380859375
2016-09-19,24.926610946655273
2016-09-20,24.926610946655273
2016-09-21,24.977901458740234
2016-09-22,25.097576141357422
2016-09-23,25.06338119506836
2016-09-26,25.04628562927246
2016-09-27,25.089027404785156
2016-09-28,25.08047866821289
2016-09-29,25.029190063476562
2016-09-30,25.04628562927246
2016-10-03,25.029190063476562
2016-10-04,24.986446380615234
2016-10-05,24.969350814819336
2016-10-06,24.93515968322754
2016-10-07,24.892419815063477
2016-10-10,24.93515968322754
2016-10-11,24.772743225097656
2016-10-12,24.781291961669922
2016-10-13,24.747098922729492
2016-10-14,24.73000144958496
2016-10-17,24.712905883789062
2016-10-18,24.789838790893555
2016-10-19,24.79838752746582
2016-10-20,24.806936264038086
2016-10-21,24.789838790893555
2016-10-24,24.83258056640625
2016-10-25,24.815486907958984
2016-10-26,24.747098922729492
2016-10-27,24.712905883789062
2016-10-28,24.6872615814209
2016-10-31,24.704355239868164
2016-11-01,24.627424240112305
2016-11-02,24.584680557250977
2016-11-03,24.524845123291016
2016-11-04,24.490652084350586
2016-11-07,24.567584991455078
2016-11-08,24.559036254882812
2016-11-09,24.490652084350586
2016-11-10,24.456459045410156
2016-11-11,24.43081283569336
2016-11-14,24.362430572509766
2016-11-15,24.41371726989746
2016-11-16,24.38807487487793
2016-11-17,24.41371726989746
2016-11-18,24.34532928466797
2016-11-21,24.3538818359375
2016-11-22,24.379528045654297
2016-11-23,24.37097930908203
2016-11-25,24.379528045654297
2016-11-28,24.3538818359375
2016-11-29,24.405168533325195
2016-11-30,24.37097930908203
2016-12-01,24.294044494628906
2016-12-02,24.31968879699707
2016-12-05,24.37097930908203
2016-12-06,24.38807487487793
2016-12-07,24.473552703857422
2016-12-08,24.499202728271484
2016-12-09,24.499202728271484
2016-12-12,24.41371726989746
2016-12-13,24.499202728271484
2016-12-14,24.396621704101562
2016-12-15,24.396621704101562
2016-12-16,24.405168533325195
2016-12-19,24.465009689331055
2016-12-20,24.499202728271484
2016-12-21,24.524845123291016
2016-12-22,24.507749557495117
2016-12-23,24.541940689086914
2016-12-27,24.541940689086914
2016-12-28,24.48210334777832
2016-12-29,24.507749557495117
2016-12-30,24.507749557495117
2017-01-03,24.516298294067383
2017-01-04,24.593231201171875
2017-01-05,24.627424240112305
2017-01-06,24.593231201171875
2017-01-09,24.627424240112305
2017-01-10,24.61887550354004
2017-01-11,24.64451789855957
2017-01-12,24.610326766967773
2017-01-13,24.63597297668457
2017-01-17,24.601778030395508
2017-01-18,24.567584991455078
2017-01-19,24.516298294067383
2017-01-20,24.559036254882812
2017-01-23,24.567584991455078
2017-01-24,24.567584991455078
2017-01-25,24.61887550354004
2017-01-26,24.601778030395508
2017-01-27,24.61887550354004
2017-01-30,24.559036254882812
2017-01-31,24.559036254882812
2017-02-01,24.584680557250977
2017-02-02,24.584680557250977
2017-02-03,24.627424240112305
2017-02-06,24.627424240112305
2017-02-07,24.6872615814209
2017-02-08,24.695812225341797
2017-02-09,24.73000144958496
2017-02-10,24.695812225341797
2017-02-13,24.712905883789062
2017-02-14,24.738550186157227
2017-02-15,24.73000144958496
2017-02-16,24.764196395874023
2017-02-17,24.789838790893555
2017-02-21,24.84967803955078
2017-02-22,24.875322341918945
2017-02-23,24.85822296142578
2017-02-24,24.892419815063477
2017-02-27,24.88387107849121
2017-02-28,24.86677360534668
2017-03-01,24.909515380859375
2017-03-02,24.83258056640625
2017-03-03,24.84967803955078
2017-03-06,24.79838752746582
2017-03-07,24.747098922729492
2017-03-08,24.73000144958496
2017-03-09,24.704355239868164
2017-03-10,24.772743225097656
2017-03-13,24.755647659301758
2017-03-14,24.704355239868164
2017-03-15,24.79838752746582
2017-03-16,24.79838752746582
2017-03-17,24.815486907958984
2017-03-20,24.824033737182617
2017-03-21,24.721452713012695
2017-03-22,24.772743225097656
2017-03-23,24.772743225097656
2017-03-24,24.789838790893555
2017-03-27,24.815486907958984
2017-03-28,24.824033737182617
2017-03-29,24.88387107849121
2017-03-30,24.85822296142578
2017-03-31,24.86677360534668
2017-04-03,24.892419815063477
2017-04-04,24.875322341918945
2017-04-05,24.841127395629883
2017-04-06,24.806936264038086
2017-04-07,24.781291961669922
2017-04-10,24.824033737182617
2017-04-11,24.789838790893555
2017-04-12,24.789838790893555
2017-04-13,24.738550186157227
2017-04-17,24.764196395874023
2017-04-18,24.738550186157227
2017-04-19,24.712905883789062
2017-04-20,24.781291961669922
2017-04-21,24.764196395874023
2017-04-24,24.892419815063477
2017-04-25,24.918060302734375
2017-04-26,24.926610946655273
2017-04-27,24.943710327148438
2017-04-28,24.926610946655273
2017-05-01,24.943710327148438
2017-05-02,24.969350814819336
2017-05-03,24.918060302734375
2017-05-04,24.875322341918945
2017-05-05,24.952259063720703
2017-05-08,24.909515380859375
2017-05-09,24.900964736938477
2017-05-10,24.943710327148438
2017-05-11,24.952259063720703
2017-05-12,24.986446380615234
2017-05-15,25.04628562927246
2017-05-16,25.029190063476562
2017-05-17,24.86677360534668
2017-05-18,24.88387107849121
2017-05-19,24.943710327148438
2017-05-22,24.960805892944336
2017-05-23,24.977901458740234
2017-05-24,25.012096405029297
2017-05-25,25.06338119506836
2017-05-26,25.04628562927246
2017-05-30,25.054832458496094
2017-05-31,25.037738800048828
2017-06-01,25.14886474609375
2017-06-02,25.225799560546875
2017-06-05,25.17450714111328
2017-06-06,25.183055877685547
2017-06-07,25.183055877685547
2017-06-08,25.242895126342773
2017-06-09,25.20015525817871
2017-06-12,25.16596221923828
2017-06-13,25.191606521606445
2017-06-14,25.20015525817871
2017-06-15,25.14886474609375
2017-06-16,25.157411575317383
2017-06-19,25.259990692138672
2017-06-20,25.217248916625977
2017-06-21,25.191606521606445
2017-06-22,25.242895126342773
2017-06-23,25.242895126342773
2017-06-26,25.302730560302734
2017-06-27,25.183055877685547
2017-06-28,25.23434829711914
2017-06-29,25.089027404785156
2017-06-30,25.140317916870117
2017-07-03,25.157411575317383
2017-07-05,25.20015525817871
2017-07-06,25.06338119506836
2017-07-07,25.10612678527832
2017-07-10,25.17450714111328
2017-07-11,25.17450714111328
2017-07-12,25.311281204223633
2017-07-13,25.285634994506836
2017-07-14,25.345474243164062
2017-07-17,25.311281204223633
2017-07-18,25.328378677368164
2017-07-19,25.39676284790039
2017-07-20,25.379667282104492
2017-07-21,25.388216018676758
2017-07-24,25.336925506591797
2017-07-25,25.362571716308594
2017-07-26,25.422409057617188
2017-07-27,25.379667282104492
2017-07-28,25.388216018676758
2017-07-31,25.371118545532227
2017-08-01,25.40531349182129
2017-08-02,25.371118545532227
2017-08-03,25.371118545532227
2017-08-04,25.388216018676758
2017-08-07,25.430952072143555
2017-08-08,25.354022979736328
2017-08-09,25.371118545532227
2017-08-10,25.183055877685547
2017-08-11,25.208703994750977
2017-08-14,25.285634994506836
2017-08-15,25.277088165283203
2017-08-16,25.354022979736328
2017-08-17,25.285634994506836
2017-08-18,25.26854133605957
2017-08-21,25.285634994506836
2017-08-22,25.354022979736328
2017-08-23,25.336925506591797
2017-08-24,25.336925506591797
2017-08-25,25.345474243164062
2017-08-28,25.336925506591797
2017-08-29,25.345474243164062
2017-08-30,25.40531349182129
2017-08-31,25.499340057373047
2017-09-01,25.507892608642578
2017-09-05,25.430952072143555
2017-09-06,25.44805335998535
2017-09-07,25.490793228149414
2017-09-08,25.456602096557617
2017-09-11,25.52499008178711
2017-09-12,25.533538818359375
2017-09-13,25.48224449157715
2017-09-14,25.48224449157715
2017-09-15,25.507892608642578
2017-09-18,25.507892608642578
2017-09-19,25.55917739868164
2017-09-20,25.533538818359375
2017-09-21,25.533538818359375
2017-09-22,25.516437530517578
2017-09-25,25.48224449157715
2017-09-26,25.456602096557617
2017-09-27,25.499340057373047
2017-09-28,25.490793228149414
2017-09-29,25.542083740234375
2017-10-02,25.56772804260254
2017-10-03,25.65321159362793
2017-10-04,25.6446590423584
2017-10-05,25.65321159362793
2017-10-06,25.661760330200195
2017-10-09,25.65321159362793
2017-10-10,25.670307159423828
2017-10-11,25.670307159423828
2017-10-12,25.687400817871094
2017-10-13,25.738691329956055
2017-10-16,25.747241973876953
2017-10-17,25.713045120239258
2017-10-18,25.747241973876953
2017-10-19,25.678855895996094
2017-10-20,25.721595764160156
2017-10-23,25.713045120239258
2017-10-24,25.721595764160156
2017-10-25,25.678855895996094
2017-10-26,25.678855895996094
2017-10-27,25.721595764160156
2017-10-30,25.764339447021484
2017-10-31,25.755786895751953
2017-11-01,25.78998374938965
2017-11-02,25.77288246154785
2017-11-03,25.807077407836914
2017-11-06,25.79853057861328
2017-11-07,25.78998374938965
2017-11-08,25.81562614440918
2017-11-09,25.73014259338379
2017-11-10,25.704500198364258
2017-11-13,25.704500198364258
2017-11-14,25.661760330200195
2017-11-15,25.670307159423828
2017-11-16,25.738691329956055
2017-11-17,25.713045120239258
2017-11-20,25.738691329956055
2017-11-21,25.81562614440918
2017-11-22,25.88401222229004
2017-11-24,25.88401222229004
2017-11-27,25.875465393066406
2017-11-28,25.94384765625
2017-11-29,25.88401222229004
2017-11-30,25.90965461730957
2017-12-01,25.866914749145508
2017-12-04,25.84981918334961
2017-12-05,25.841270446777344
2017-12-06,25.81562614440918
2017-12-07,25.841270446777344
2017-12-08,25.875465393066406
2017-12-11,25.875465393066406
2017-12-12,25.88401222229004
2017-12-13,25.9267520904541
2017-12-14,25.901105880737305
2017-12-15,25.90965461730957
2017-12-18,26.012235641479492
2017-12-19,25.94384765625
2017-12-20,25.901105880737305
2017-12-21,25.986591339111328
2017-12-22,25.99513816833496
2017-12-26,25.986591339111328
2017-12-27,26.02933120727539
2017-12-28,26.046428680419922
2017-12-29,26.02078628540039
2018-01-02,26.114816665649414
2018-01-03,26.17465591430664
2018-01-04,26.2344913482666
2018-01-05,26.294326782226562
2018-01-08,26.31142234802246
2018-01-09,26.302875518798828
2018-01-10,26.251585006713867
2018-01-11,26.32851791381836
2018-01-12,26.439645767211914
2018-01-16,26.405454635620117
2018-01-17,26.473838806152344
2018-01-18,26.41400146484375
2018-01-19,26.482385635375977
2018-01-22,26.567867279052734
2018-01-23,26.593515396118164
2018-01-24,26.60206413269043
2018-01-25,26.60206413269043
2018-01-26,26.713186264038086
2018-01-29,26.610610961914062
2018-01-30,26.499483108520508
2018-01-31,26.54222297668457
2018-02-01,26.473838806152344
2018-02-02,26.32851791381836
2018-02-05,26.037879943847656
2018-02-06,26.17465591430664
2018-02-07,26.054973602294922
2018-02-08,25.83272361755371
2018-02-09,25.866914749145508
2018-02-12,25.99513816833496
2018-02-13,25.986591339111328
2018-02-14,26.06352424621582
2018-02-15,26.225940704345703
2018-02-16,26.217391967773438
2018-02-20,26.183197021484375
2018-02-21,26.131912231445312
2018-02-22,26.131912231445312
2018-02-23,26.260135650634766
2018-02-26,26.34561538696289
2018-02-27,26.251585006713867
2018-02-28,26.183197021484375
2018-03-01,26.072071075439453
2018-03-02,26.080623626708984
2018-03-05,26.131912231445312
2018-03-06,26.17465591430664
2018-03-07,26.208845138549805
2018-03-08,26.225940704345703
2018-03-09,26.337066650390625
2018-03-12,26.354164123535156
2018-03-13,26.31142234802246
2018-03-14,26.302875518798828
2018-03-15,26.32851791381836
2018-03-16,26.285776138305664
2018-03-19,26.208845138549805
2018-03-20,26.225940704345703
2018-03-21,26.208845138549805
2018-03-22,26.02933120727539
2018-03-23,25.824174880981445
2018-03-26,26.054973602294922
2018-03-27,25.978044509887695
2018-03-28,25.9267520904541
2018-03-29,26.054973602294922
2018-04-02,25.90965461730957
2018-04-03,25.978044509887695
2018-04-04,26.003686904907227
2018-04-05,26.054973602294922
2018-04-06,25.90965461730957
2018-04-09,25.986591339111328
2018-04-10,26.089168548583984
2018-04-11,26.072071075439453
2018-04-12,26.157554626464844
2018-04-13,26.140457153320312
2018-04-16,26.149005889892578
2018-04-17,26.217391967773438
2018-04-18,26.225940704345703
2018-04-19,26.140457153320312
2018-04-20,26.046428680419922
2018-04-23,26.02078628540039
2018-04-24,25.94384765625
2018-04-25,25.90965461730957
2018-04-26,25.986591339111328
2018-04-27,26.037879943847656
2018-04-30,25.986591339111328
2018-05-01,25.978044509887695
2018-05-02,25.94384765625
2018-05-03,25.9182071685791
2018-05-04,25.986591339111328
2018-05-07,26.046428680419922
2018-05-08,26.06352424621582
2018-05-09,26.114816665649414
2018-05-10,26.17465591430664
2018-05-11,26.217391967773438
2018-05-14,26.20029640197754
2018-05-15,26.089168548583984
2018-05-16,26.149005889892578
2018-05-17,26.149005889892578
2018-05-18,26.123361587524414
2018-05-21,26.17465591430664
2018-05-22,26.157554626464844
2018-05-23,26.16610336303711
2018-05-24,26.16610336303711
2018-05-25,26.183197021484375
2018-05-29,26.114816665649414
2018-05-30,26.183197021484375
2018-05-31,26.157554626464844
2018-06-01,26.208845138549805
2018-06-04,26.225940704345703
2018-06-05,26.251585006713867
2018-06-06,26.319971084594727
2018-06-07,26.294326782226562
2018-06-08,26.302875518798828
2018-06-11,26.32851791381836
2018-06-12,26.337066650390625
2018-06-13,26.294326782226562
2018-06-14,26.294326782226562
2018-06-15,26.260135650634766
2018-06-18,26.251585006713867
2018-06-19,26.191749572753906
2018-06-20,26.191749572753906
2018-06-21,26.097719192504883
2018-06-22,26.131912231445312
2018-06-25,25.969491958618164
2018-06-26,26.02078628540039
2018-06-27,25.892560958862305
2018-06-28,25.9267520904541
2018-06-29,25.978044509887695
2018-07-02,25.94384765625
2018-07-03,25.94384765625
2018-07-05,25.99513816833496
2018-07-06,26.097719192504883
2018-07-09,26.149005889892578
2018-07-10,26.16610336303711
2018-07-11,26.06352424621582
2018-07-12,26.140457153320312
2018-07-13,26.16610336303711
2018-07-16,26.140457153320312
2018-07-17,26.16610336303711
2018-07-18,26.16610336303711
2018-07-19,26.149005889892578
2018-07-20,26.16610336303711
2018-07-23,26.157554626464844
2018-07-24,26.16610336303711
2018-07-25,26.260135650634766
2018-07-26,26.2686824798584
2018-07-27,26.217391967773438
2018-07-30,26.16610336303711
2018-07-31,26.208845138549805
2018-08-01,26.157554626464844
2018-08-02,26.157554626464844
2018-08-03,26.208845138549805
2018-08-06,26.191749572753906
2018-08-07,26.208845138549805
2018-08-08,26.208845138549805
2018-08-09,26.20029640197754
2018-08-10,26.149005889892578
2018-08-13,26.054973602294922
2018-08-14,26.072071075439453
2018-08-15,25.969491958618164
2018-08-16,26.02933120727539
2018-08-17,26.06352424621582
2018-08-20,26.123361587524414
2018-08-21,26.191749572753906
2018-08-22,26.183197021484375
2018-08-23,26.157554626464844
2018-08-24,26.2344913482666
2018-08-27,26.32851791381836
2018-08-28,26.302875518798828
2018-08-29,26.337066650390625
2018-08-30,26.251585006713867
2018-08-31,26.277231216430664
2018-09-04,26.225940704345703
2018-09-05,26.131912231445312
2018-09-06,26.10626792907715
2018-09-07,26.046428680419922
2018-09-10,26.046428680419922
2018-09-11,26.080623626708984
2018-09-12,26.10626792907715
2018-09-13,26.140457153320312
2018-09-14,26.183197021484375
2018-09-17,26.140457153320312
2018-09-18,26.20029640197754
2018-09-19,26.183197021484375
2018-09-20,26.285776138305664
2018-09-21,26.294326782226562
2018-09-24,26.217391967773438
2018-09-25,26.2686824798584
2018-09-26,26.277231216430664
2018-09-27,26.251585006713867
2018-09-28,26.260135650634766
2018-10-01,26.2344913482666
2018-10-02,26.225940704345703
2018-10-03,26.191749572753906
2018-10-04,26.046428680419922
2018-10-05,25.969491958618164
2018-10-08,25.9182071685791
2018-10-09,25.901105880737305
2018-10-10,25.661760330200195
2018-10-11,25.6190185546875
2018-10-12,25.661760330200195
2018-10-15,25.678855895996094
2018-10-16,25.858367919921875
2018-10-17,25.81562614440918
2018-10-18,25.6446590423584
2018-10-19,25.670307159423828
2018-10-22,25.678855895996094
2018-10-23,25.56772804260254
2018-10-24,25.40531349182129
2018-10-25,25.456602096557617
2018-10-26,25.379667282104492
2018-10-29,25.354022979736328
2018-10-30,25.422409057617188
2018-10-31,25.533538818359375
2018-11-01,25.661760330200195
2018-11-02,25.661760330200195
2018-11-05,25.661760330200195
2018-11-06,25.670307159423828
2018-11-07,25.77288246154785
2018-11-08,25.73014259338379
2018-11-09,25.6190185546875
2018-11-12,25.499340057373047
2018-11-13,25.55063247680664
2018-11-14,25.55917739868164
2018-11-15,25.576274871826172
2018-11-16,25.576274871826172
2018-11-19,25.46514892578125
2018-11-20,25.40531349182129
2018-11-21,25.473695755004883
2018-11-23,25.39676284790039
2018-11-26,25.507892608642578
2018-11-27,25.499340057373047
2018-11-28,25.627565383911133
2018-11-29,25.6190185546875
2018-11-30,25.6019229888916
2018-12-03,25.747241973876953
2018-12-04,25.56772804260254
2018-12-06,25.490793228149414
2018-12-07,25.388216018676758
2018-12-10,25.362571716308594
2018-12-11,25.388216018676758
2018-12-12,25.439504623413086
2018-12-13,25.422409057617188
2018-12-14,25.345474243164062
2018-12-17,25.285634994506836
2018-12-18,25.277088165283203
2018-12-19,25.16596221923828
2018-12-20,25.097576141357422
2018-12-21,25.020641326904297
2018-12-24,24.952259063720703
2018-12-26,25.13176727294922
2018-12-27,25.09605598449707
2018-12-28,25.20929527282715
2018-12-31,25.15703010559082
2019-01-02,25.183162689208984
2019-01-03,25.15703010559082
2019-01-04,25.374801635742188
2019-01-07,25.42706871032715
2019-01-08,25.470623016357422
2019-01-09,25.557729721069336
2019-01-10,25.557729721069336
2019-01-11,25.540306091308594
2019-01-14,25.479331970214844
2019-01-15,25.531597137451172
2019-01-16,25.575153350830078
2019-01-17,25.609994888305664
2019-01-18,25.670970916748047
2019-01-22,25.583866119384766
2019-01-23,25.609994888305664
2019-01-24,25.679685592651367
2019-01-25,25.749370574951172
2019-01-28,25.679685592651367
2019-01-29,25.7058162689209
2019-01-30,25.819055557250977
2019-01-31,25.85390281677246
2019-02-01,25.862611770629883
2019-02-04,25.880033493041992
2019-02-05,25.949718475341797
2019-02-06,25.9235897064209
2019-02-07,25.845190048217773
2019-02-08,25.83648109436035
2019-02-11,25.810348510742188
2019-02-12,25.888744354248047
2019-02-13,25.880033493041992
2019-02-14,25.91487693786621
2019-02-15,25.967144012451172
2019-02-19,26.00198745727539
2019-02-20,26.019411087036133
2019-02-21,26.00198745727539
2019-02-22,26.089096069335938
2019-02-25,26.089096069335938
2019-02-26,26.132648468017578
2019-02-27,26.097806930541992
2019-02-28,26.08038330078125
2019-03-01,26.106517791748047
2019-03-04,26.089096069335938
2019-03-05,26.1152286529541
2019-03-06,26.08038330078125
2019-03-07,26.00198745727539
2019-03-08,25.975852966308594
2019-03-11,26.04553985595703
2019-03-12,26.07167625427246
2019-03-13,26.1152286529541
2019-03-14,26.097806930541992
2019-03-15,26.15007209777832
2019-03-18,26.193626403808594
2019-03-19,26.193626403808594
2019-03-20,26.254602432250977
2019-03-21,26.254602432250977
2019-03-22,26.106517791748047
2019-03-25,26.123937606811523
2019-03-26,26.15007209777832
2019-03-27,26.158784866333008
2019-03-28,26.158784866333008
2019-03-29,26.193626403808594
2019-04-01,26.245891571044922
2019-04-02,26.254602432250977
2019-04-03,26.289443969726562
2019-04-04,26.315576553344727
2019-04-05,26.34170913696289
2019-04-08,26.36784553527832
2019-04-09,26.315576553344727
2019-04-10,26.359130859375
2019-04-11,26.33300018310547
2019-04-12,26.359130859375
2019-04-15,26.385265350341797
2019-04-16,26.376554489135742
2019-04-17,26.385265350341797
2019-04-18,26.36784553527832
2019-04-22,26.36784553527832
2019-04-23,26.41139793395996
2019-04-24,26.36784553527832
2019-04-25,26.34170913696289
2019-04-26,26.359130859375
2019-04-29,26.39397430419922
2019-04-30,26.36784553527832
2019-05-01,26.324289321899414
2019-05-02,26.315576553344727
2019-05-03,26.420108795166016
2019-05-06,26.359130859375
2019-05-07,26.2371826171875
2019-05-08,26.20233726501465
2019-05-09,26.15007209777832
2019-05-10,26.20233726501465
2019-05-13,26.019411087036133
2019-05-14,26.132648468017578
2019-05-15,26.167491912841797
2019-05-16,26.158784866333008
2019-05-17,26.097806930541992
2019-05-20,26.06296157836914
2019-05-21,26.097806930541992
2019-05-22,26.07167625427246
2019-05-23,26.036827087402344
2019-05-24,26.04553985595703
2019-05-28,26.04553985595703
2019-05-29,26.019411087036133
2019-05-30,26.04553985595703
2019-05-31,26.028120040893555
2019-06-03,26.028120040893555
2019-06-04,26.141359329223633
2019-06-05,26.106517791748047
2019-06-06,26.132648468017578
2019-06-07,26.219758987426758
2019-06-10,26.254602432250977
2019-06-11,26.289443969726562
2019-06-12,26.219758987426758
2019-06-13,26.245891571044922
2019-06-14,26.20233726501465
2019-06-17,26.20233726501465
2019-06-18,26.33300018310547
2019-06-19,26.41139793395996
2019-06-20,26.4810848236084
2019-06-21,26.437530517578125
2019-06-24,26.463661193847656
2019-06-25,26.420108795166016
2019-06-26,26.41139793395996
2019-06-27,26.4810848236084
2019-06-28,26.49850845336914
2019-07-01,26.59432601928711
2019-07-02,26.59432601928711
2019-07-03,26.63787841796875
2019-07-05,26.559480667114258
2019-07-08,26.507217407226562
2019-07-09,26.48979377746582
2019-07-10,26.507217407226562
2019-07-11,26.48979377746582
2019-07-12,26.507217407226562
2019-07-15,26.533348083496094
2019-07-16,26.507217407226562
2019-07-17,26.51593017578125
2019-07-18,26.559480667114258
2019-07-19,26.524641036987305
2019-07-22,26.54206085205078
2019-07-23,26.585615158081055
2019-07-24,26.59432601928711
2019-07-25,26.550769805908203
2019-07-26,26.550769805908203
2019-07-29,26.54206085205078
2019-07-30,26.4810848236084
2019-07-31,26.463661193847656
2019-08-01,26.41139793395996
2019-08-02,26.35042381286621
2019-08-05,26.17620277404785
2019-08-06,26.245891571044922
2019-08-07,26.306867599487305
2019-08-08,26.359130859375
2019-08-09,26.289443969726562
2019-08-12,26.2371826171875
2019-08-13,26.306867599487305
2019-08-14,26.158784866333008
2019-08-15,26.20233726501465
2019-08-16,26.26331329345703
2019-08-19,26.298154830932617
2019-08-20,26.298154830932617
2019-08-21,26.359130859375
2019-08-22,26.34170913696289
2019-08-23,26.26331329345703
2019-08-26,26.306867599487305
2019-08-27,26.34170913696289
2019-08-28,26.359130859375
2019-08-29,26.36784553527832
2019-08-30,26.385265350341797
2019-09-03,26.385265350341797
2019-09-04,26.48979377746582
2019-09-05,26.507217407226562
2019-09-06,26.51593017578125
2019-09-09,26.51593017578125
2019-09-10,26.4810848236084
2019-09-11,26.550769805908203
2019-09-12,26.576906204223633
2019-09-13,26.585615158081055
2019-09-16,26.559480667114258
2019-09-17,26.585615158081055
2019-09-18,26.603038787841797
2019-09-19,26.585615158081055
2019-09-20,26.62917137145996
2019-09-23,26.59432601928711
2019-09-24,26.568193435668945
2019-09-25,26.524641036987305
2019-09-26,26.533348083496094
2019-09-27,26.463661193847656
2019-09-30,26.49850845336914
2019-10-01,26.4549503326416
2019-10-02,26.385265350341797
2019-10-03,26.463661193847656
2019-10-04,26.524641036987305
2019-10-07,26.48979377746582
2019-10-08,26.437530517578125
2019-10-09,26.48979377746582
2019-10-10,26.49850845336914
2019-10-11,26.620458602905273
2019-10-14,26.568193435668945
2019-10-15,26.655303955078125
2019-10-16,26.63787841796875
2019-10-17,26.69014549255371
2019-10-18,26.664012908935547
2019-10-21,26.69014549255371
2019-10-22,26.672725677490234
2019-10-23,26.707569122314453
2019-10-24,26.733701705932617
2019-10-25,26.75111961364746
2019-10-28,26.777254104614258
2019-10-29,26.742412567138672
2019-10-30,26.759836196899414
2019-10-31,26.75111961364746
2019-11-01,26.864364624023438
2019-11-04,26.890499114990234
2019-11-05,26.890499114990234
2019-11-06,26.881784439086914
2019-11-07,26.899206161499023
2019-11-08,26.881784439086914
2019-11-11,26.890499114990234
2019-11-12,26.846942901611328
2019-11-13,26.820810317993164
2019-11-14,26.812097549438477
2019-11-15,26.864364624023438
2019-11-18,26.890499114990234
2019-11-19,26.890499114990234
2019-11-20,26.83823013305664
2019-11-21,26.83823013305664
2019-11-22,26.864364624023438
2019-11-25,26.951475143432617
2019-11-26,26.934051513671875
2019-11-27,26.960182189941406
2019-11-29,26.881784439086914
2019-12-02,26.829519271850586
2019-12-03,26.864364624023438
2019-12-04,26.916627883911133
2019-12-05,26.942760467529297
2019-12-06,27.00373649597168
2019-12-09,26.960182189941406
2019-12-10,27.00373649597168
2019-12-11,27.029869079589844
2019-12-12,27.1343994140625
2019-12-13,27.16924285888672
2019-12-16,27.247642517089844
2019-12-17,27.25635528564453
2019-12-18,27.230222702026367
2019-12-19,27.273775100708008
2019-12-20,27.291196823120117
2019-12-23,27.29990577697754
2019-12-24,27.30862045288086
2019-12-26,27.360885620117188
2019-12-27,27.38701629638672
2019-12-30,27.34085464477539
2019-12-31,27.34085464477539
2020-01-02,27.491762161254883
2020-01-03,27.38524055480957
2020-01-06,27.411869049072266
2020-01-07,27.40299415588379
2020-01-08,27.411869049072266
2020-01-09,27.465133666992188
2020-01-10,27.447378158569336
2020-01-13,27.509517669677734
2020-01-14,27.536151885986328
2020-01-15,27.500640869140625
2020-01-16,27.553903579711914
2020-01-17,27.56277847290039
2020-01-21,27.474008560180664
2020-01-22,27.509517669677734
2020-01-23,27.500640869140625
2020-01-24,27.438501358032227
2020-01-27,27.260961532592773
2020-01-28,27.34085464477539
2020-01-29,27.35860824584961
2020-01-30,27.32309913635254
2020-01-31,27.181074142456055
2020-02-03,27.260961532592773
2020-02-04,27.411869049072266
2020-02-05,27.465133666992188
2020-02-06,27.456254959106445
2020-02-07,27.40299415588379
2020-02-10,27.420745849609375
2020-02-11,27.509517669677734
2020-02-12,27.545026779174805
2020-02-13,27.491762161254883
2020-02-14,27.518394470214844
2020-02-18,27.482885360717773
2020-02-19,27.518394470214844
2020-02-20,27.474008560180664
2020-02-21,27.438501358032227
2020-02-24,27.154441833496094
2020-02-25,27.074548721313477
2020-02-26,27.074548721313477
2020-02-27,26.83487319946289
2020-02-28,26.781612396240234
2020-03-02,26.950275421142578
2020-03-03,26.959148406982422
2020-03-04,27.101181030273438
2020-03-05,26.941396713256836
2020-03-06,26.87038230895996
2020-03-09,26.142473220825195
2020-03-10,26.408781051635742
2020-03-11,25.849536895751953
2020-03-12,24.91745948791504
2020-03-13,25.36130714416504
2020-03-16,24.56238555908203
2020-03-17,24.775432586669922
2020-03-18,24.04752540588379
2020-03-19,23.68357276916504
2020-03-20,23.798969268798828
2020-03-23,23.67469596862793
2020-03-24,24.331584930419922
2020-03-25,24.828689575195312
2020-03-26,25.245908737182617
2020-03-27,25.11275291442871
2020-03-30,25.237031936645508
2020-03-31,25.272539138793945
2020-04-01,24.944091796875
2020-04-02,25.07724380493164
2020-04-03,24.837568283081055
2020-04-06,25.228153228759766
2020-04-07,25.325801849365234
2020-04-08,25.467830657958984
2020-04-09,25.73413848876953
2020-04-13,25.70750617980957
2020-04-14,25.796274185180664
2020-04-15,25.663122177124023
2020-04-16,25.663122177124023
2020-04-17,25.93830680847168
2020-04-20,25.840662002563477
2020-04-21,25.627613067626953
2020-04-22,25.71638298034668
2020-04-23,25.796274185180664
2020-04-24,25.840662002563477
2020-04-27,25.849536895751953
2020-04-28,25.929426193237305
2020-04-29,26.186857223510742
2020-04-30,26.0537052154541
2020-05-01,25.92055320739746
2020-05-04,25.902799606323242
2020-05-05,25.982690811157227
2020-05-06,25.929426193237305
2020-05-07,26.04482650756836
2020-05-08,26.151350021362305
2020-05-11,26.080333709716797
2020-05-12,26.071460723876953
2020-05-13,26.01819610595703
2020-05-14,25.991567611694336
2020-05-15,26.02707290649414
2020-05-18,26.266752243041992
2020-05-19,26.24899673461914
2020-05-20,26.408781051635742
2020-05-21,26.373273849487305
2020-05-22,26.373273849487305
2020-05-26,26.46204376220703
2020-05-27,26.50642967224121
2020-05-28,26.524181365966797
2020-05-29,26.568567276000977
2020-06-01,26.710594177246094
2020-06-02,26.82599449157715
2020-06-03,26.97690200805664
2020-06-04,26.932519912719727
2020-06-05,27.056793212890625
2020-06-08,27.101181030273438
2020-06-09,27.04791831970215
2020-06-10,27.101181030273438
2020-06-11,26.719472885131836
2020-06-12,26.82599449157715
2020-06-15,26.88813591003418
2020-06-16,26.941396713256836
2020-06-17,26.97690200805664
2020-06-18,26.96802520751953
2020-06-19,26.950275421142578
2020-06-22,27.0035343170166
2020-06-23,27.04791831970215
2020-06-24,26.932519912719727
2020-06-25,26.950275421142578
2020-06-26,26.81711769104004
2020-06-29,26.87038230895996
2020-06-30,26.914764404296875
2020-07-01,26.82599449157715
2020-07-02,27.021289825439453
2020-07-06,27.225454330444336
2020-07-07,27.118934631347656
2020-07-08,27.181074142456055
2020-07-09,27.181074142456055
2020-07-10,27.172195434570312
2020-07-13,27.172195434570312
2020-07-14,27.20770263671875
2020-07-15,27.287593841552734
2020-07-16,27.234333038330078
2020-07-17,27.278717041015625
2020-07-20,27.37636375427246
2020-07-21,27.438501358032227
2020-07-22,27.438501358032227
2020-07-23,27.331979751586914
2020-07-24,27.36748695373535
2020-07-27,27.474008560180664
2020-07-28,27.40299415588379
2020-07-29,27.500640869140625
2020-07-30,27.447378158569336
2020-07-31,27.394115447998047
2020-08-03,27.509517669677734
2020-08-04,27.527273178100586
2020-08-05,27.62491798400879
2020-08-06,27.63379669189453
2020-08-07,27.518394470214844
2020-08-10,27.536151885986328
2020-08-11,27.482885360717773
2020-08-12,27.58940887451172
2020-08-13,27.58940887451172
2020-08-14,27.545026779174805
2020-08-17,27.651548385620117
2020-08-18,27.695934295654297
2020-08-19,27.59828758239746
2020-08-20,27.642671585083008
2020-08-21,27.58940887451172
2020-08-24,27.63379669189453
2020-08-25,27.651548385620117
2020-08-26,27.749195098876953
2020-08-27,27.704809188842773
2020-08-28,27.722562789916992
2020-08-31,27.74031639099121
2020-09-01,27.7935791015625
2020-09-02,27.82908821105957
2020-09-03,27.687055587768555
2020-09-04,27.642671585083008
2020-09-08,27.420745849609375
2020-09-09,27.5716552734375
2020-09-10,27.465133666992188
2020-09-11,27.456254959106445
2020-09-14,27.63379669189453
2020-09-15,27.695934295654297
2020-09-16,27.687055587768555
2020-09-17,27.642671585083008
2020-09-18,27.59828758239746
2020-09-21,27.474008560180664
2020-09-22,27.447378158569336
2020-09-23,27.296470642089844
2020-09-24,27.32309913635254
2020-09-25,27.32309913635254
2020-09-28,27.38524055480957
2020-09-29,27.394115447998047
2020-09-30,27.509517669677734
2020-10-01,27.58940887451172
2020-10-02,27.456254959106445
2020-10-05,27.58053207397461
2020-10-06,27.545026779174805
2020-10-07,27.651548385620117
2020-10-08,27.651548385620117
2020-10-09,27.713685989379883
2020-10-12,27.7935791015625
2020-10-13,27.7935791015625
2020-10-14,27.722562789916992
2020-10-15,27.651548385620117
2020-10-16,27.722562789916992
2020-10-19,27.660425186157227
2020-10-20,27.704809188842773
2020-10-21,27.687055587768555
2020-10-22,27.678178787231445
2020-10-23,27.713685989379883
2020-10-26,27.59828758239746
2020-10-27,27.63379669189453
2020-10-28,27.438501358032227
2020-10-29,27.474008560180664
2020-10-30,27.38524055480957
2020-11-02,27.447378158569336
2020-11-03,27.536151885986328
2020-11-04,27.78470230102539
2020-11-05,27.971115112304688
2020-11-06,27.95336151123047
2020-11-09,27.988868713378906
2020-11-10,27.90897560119629
2020-11-11,27.97999382019043
2020-11-12,27.97999382019043
2020-11-13,28.059886932373047
2020-11-16,28.15753173828125
2020-11-17,28.059886932373047
2020-11-18,28.08651351928711
2020-11-19,28.193038940429688
2020-11-20,28.210792541503906
2020-11-23,28.264053344726562
2020-11-24,28.33506965637207
2020-11-25,28.379453659057617
2020-11-27,28.423837661743164
2020-11-30,28.299560546875
2020-12-01,28.432714462280273
2020-12-02,28.450469970703125
2020-12-03,28.512603759765625
2020-12-04,28.574743270874023
2020-12-07,28.60137367248535
2020-12-08,28.619129180908203
2020-12-09,28.548114776611328
2020-12-10,28.645763397216797
2020-12-11,28.5836238861084
2020-12-14,28.628007888793945
2020-12-15,28.70789909362793
2020-12-16,28.734529495239258
2020-12-17,28.823301315307617
2020-12-18,28.823301315307617
2020-12-21,28.70789909362793
2020-12-22,28.716773986816406
2020-12-23,28.778913497924805
2020-12-24,28.787790298461914
2020-12-28,28.796667098999023
2020-12-29,28.805545806884766
2020-12-30,28.935009002685547
2020-12-31,28.90785026550293
2021-01-04,28.944063186645508
2021-01-05,29.061758041381836
2021-01-06,29.03459930419922
2021-01-07,29.10702896118164
2021-01-08,29.197561264038086
2021-01-11,29.025545120239258
2021-01-12,29.125133514404297
2021-01-13,29.134185791015625
2021-01-14,29.161348342895508
2021-01-15,29.088918685913086
2021-01-19,29.215669631958008
2021-01-20,29.31525993347168
2021-01-21,29.351469039916992
2021-01-22,29.324310302734375
2021-01-25,29.360525131225586
2021-01-26,29.324310302734375
2021-01-27,29.052705764770508
2021-01-28,29.097972869873047
2021-01-29,28.944063186645508
2021-02-01,29.197561264038086
2021-02-02,29.306201934814453
2021-02-03,29.260934829711914
2021-02-04,29.297149658203125
2021-02-05,29.405790328979492
2021-02-08,29.432952880859375
2021-02-09,29.532541275024414
2021-02-10,29.487272262573242
2021-02-11,29.55970001220703
2021-02-12,29.55970001220703
2021-02-16,29.505380630493164
2021-02-17,29.57780647277832
2021-02-18,29.442007064819336
2021-02-19,29.469165802001953
2021-02-22,29.324310302734375
2021-02-23,29.342418670654297
2021-02-24,29.324310302734375
2021-02-25,29.07081413269043
2021-02-26,28.998384475708008
2021-03-01,29.242828369140625
2021-03-02,29.088918685913086
2021-03-03,29.052705764770508
2021-03-04,28.79015350341797
2021-03-05,28.935009002685547
2021-03-08,28.63624382019043
2021-03-09,28.862579345703125
2021-03-10,28.85352897644043
2021-03-11,29.079864501953125
2021-03-12,28.944063186645508
2021-03-15,28.953115463256836
2021-03-16,28.98933219909668
2021-03-17,29.016489028930664
2021-03-18,28.79015350341797
2021-03-19,28.862579345703125
2021-03-22,28.96217155456543
2021-03-23,28.808259963989258
2021-03-24,28.681514739990234
2021-03-25,28.645296096801758
2021-03-26,28.75394058227539
2021-03-29,28.699617385864258
2021-03-30,28.708669662475586
2021-03-31,28.79015350341797
2021-04-01,28.862579345703125
2021-04-05,28.89879608154297
2021-04-06,28.944063186645508
2021-04-07,28.772048950195312
2021-04-08,28.935009002685547
2021-04-09,28.880687713623047
2021-04-12,28.880687713623047
2021-04-13,28.980276107788086
2021-04-14,28.953115463256836
2021-04-15,29.04365348815918
2021-04-16,29.0074405670166
2021-04-19,28.98933219909668
2021-04-20,28.87163543701172
2021-04-21,28.998384475708008
2021-04-22,28.944063186645508
2021-04-23,29.079864501953125
2021-04-26,29.116079330444336
2021-04-27,29.116079330444336
2021-04-28,29.134185791015625
2021-04-29,29.061758041381836
2021-04-30,28.96217155456543
2021-05-03,29.016489028930664
2021-05-04,28.79920768737793
2021-05-05,28.92595672607422
2021-05-06,28.96217155456543
2021-05-07,29.04365348815918
2021-05-10,28.862579345703125
2021-05-11,28.83542251586914
2021-05-12,28.61813735961914
2021-05-13,28.65435028076172
2021-05-14,28.83542251586914
2021-05-17,28.83542251586914
2021-05-18,28.889741897583008
2021-05-19,28.81731414794922
2021-05-20,28.90785026550293
2021-05-21,28.92595672607422
2021-05-24,28.935009002685547
2021-05-25,28.971221923828125
2021-05-26,29.079864501953125
2021-05-27,29.079864501953125
2021-05-28,29.134185791015625
2021-06-01,29.23377799987793
2021-06-02,29.20661163330078
2021-06-03,29.07081413269043
2021-06-04,29.23377799987793
2021-06-07,29.242828369140625
2021-06-08,29.22472381591797
2021-06-09,29.188508987426758
2021-06-10,29.251882553100586
2021-06-11,29.251882553100586
2021-06-14,29.279043197631836
2021-06-15,29.188508987426758
2021-06-16,29.088918685913086
2021-06-17,29.143238067626953
2021-06-18,29.0074405670166
2021-06-21,29.134185791015625
2021-06-22,29.143238067626953
2021-06-23,29.161348342895508
2021-06-24,29.22472381591797
2021-06-25,29.279043197631836
2021-06-28,29.31525993347168
2021-06-29,29.297149658203125
2021-06-30,29.20661163330078
2021-07-01,29.260934829711914
2021-07-02,29.242828369140625
2021-07-06,29.20661163330078
2021-07-07,29.197561264038086
2021-07-08,29.097972869873047
2021-07-09,29.20661163330078
2021-07-12,29.20661163330078
2021-07-13,29.15229606628418
2021-07-14,29.143238067626953
2021-07-15,29.097972869873047
2021-07-16,29.03459930419922
2021-07-19,28.944063186645508
2021-07-20,28.98933219909668
2021-07-21,29.097972869873047
2021-07-22,29.143238067626953
2021-07-23,29.134185791015625
2021-07-26,29.052705764770508
2021-07-27,28.96217155456543
2021-07-28,29.10702896118164
2021-07-29,29.161348342895508
2021-07-30,29.10702896118164
2021-08-02,29.097972869873047
2021-08-03,29.116079330444336
2021-08-04,29.134185791015625
2021-08-05,29.179454803466797
2021-08-06,29.088918685913086
2021-08-09,29.016489028930664
2021-08-10,29.0074405670166
2021-08-11,29.052705764770508
2021-08-12,29.025545120239258
2021-08-13,29.025545120239258
2021-08-16,28.96217155456543
2021-08-17,28.880687713623047
2021-08-18,28.862579345703125
2021-08-19,28.772048950195312
2021-08-20,28.79920768737793
2021-08-23,28.90785026550293
2021-08-24,29.061758041381836
2021-08-25,29.07081413269043
2021-08-26,29.0074405670166
2021-08-27,29.15229606628418
2021-08-30,29.161348342895508
2021-08-31,29.143238067626953
2021-09-01,29.279043197631836
2021-09-02,29.288097381591797
2021-09-03,29.360525131225586
2021-09-07,29.279043197631836
2021-09-08,29.20661163330078
2021-09-09,29.20661163330078
2021-09-10,29.161348342895508
2021-09-13,29.188508987426758
2021-09-14,29.134185791015625
2021-09-15,29.125133514404297
2021-09-16,29.061758041381836
2021-09-17,29.052705764770508
2021-09-20,28.87163543701172
2021-09-21,28.935009002685547
2021-09-22,29.016489028930664
2021-09-23,29.061758041381836
2021-09-24,28.998384475708008
2021-09-27,29.0074405670166
2021-09-28,28.81731414794922
2021-09-29,28.699617385864258
2021-09-30,28.75394058227539
2021-10-01,28.862579345703125
2021-10-04,28.681514739990234
2021-10-05,28.79015350341797
2021-10-06,28.772048950195312
2021-10-07,28.808259963989258
2021-10-08,28.83542251586914
2021-10-11,28.781099319458008
2021-10-12,28.81731414794922
2021-10-13,28.89879608154297
2021-10-14,28.98933219909668
2021-10-15,29.03459930419922
2021-10-18,28.980276107788086
2021-10-19,29.125133514404297
2021-10-20,29.17040252685547
2021-10-21,29.10702896118164
2021-10-22,29.116079330444336
2021-10-25,29.125133514404297
2021-10-26,29.10702896118164
2021-10-27,29.04365348815918
2021-10-28,29.052705764770508
2021-10-29,29.061758041381836
2021-11-01,29.161348342895508
2021-11-02,29.052705764770508
2021-11-03,29.088918685913086
2021-11-04,29.179454803466797
2021-11-05,29.251882553100586
2021-11-08,29.22472381591797
2021-11-09,29.269990921020508
2021-11-10,29.116079330444336
2021-11-11,29.215669631958008
2021-11-12,29.197561264038086
2021-11-15,29.242828369140625
2021-11-16,29.215669631958008
2021-11-17,29.197561264038086
2021-11-18,29.116079330444336
2021-11-19,29.07081413269043
2021-11-22,28.880687713623047
2021-11-23,28.87163543701172
2021-11-24,28.8444766998291
2021-11-26,28.645296096801758
2021-11-29,28.708669662475586
2021-11-30,28.6271915435791
2021-12-01,28.554763793945312
2021-12-02,28.50044059753418
2021-12-03,28.54570770263672
2021-12-06,28.49138832092285
2021-12-07,28.681514739990234
2021-12-08,28.72677993774414
2021-12-09,28.65435028076172
2021-12-10,28.65435028076172
2021-12-13,28.61813735961914
2021-12-14,28.527603149414062
2021-12-15,28.609085083007812
2021-12-16,28.56381607055664
2021-12-17,28.554763793945312
2021-12-20,28.49138832092285
2021-12-21,28.65435028076172
2021-12-22,28.73583221435547
2021-12-23,28.772048950195312
2021-12-27,28.89879608154297
2021-12-28,28.79920768737793
2021-12-29,28.770156860351562
2021-12-30,28.751998901367188
2021-12-31,28.86094093322754
2022-01-03,28.80647087097168
2022-01-04,28.833707809448242
2022-01-05,28.59766387939453
2022-01-06,28.724761962890625
2022-01-07,28.643054962158203
2022-01-10,28.59766387939453
2022-01-11,28.779233932495117
2022-01-12,28.870019912719727
2022-01-13,28.68844985961914
2022-01-14,28.706605911254883
2022-01-18,28.46148109436035
2022-01-19,28.50687599182129
2022-01-20,28.379776000976562
2022-01-21,28.279909133911133
2022-01-24,28.17096710205078
2022-01-25,28.12557601928711
2022-01-26,27.971237182617188
2022-01-27,27.871374130249023
2022-01-28,27.89860725402832
2022-01-31,28.26175308227539
2022-02-01,28.270830154418945
2022-02-02,28.307146072387695
2022-02-03,28.2072811126709
2022-02-04,28.2072811126709
2022-02-07,28.288990020751953
2022-02-08,28.3525390625
2022-02-09,28.55226707458496
2022-02-10,28.397932052612305
2022-02-11,28.298067092895508
2022-02-14,28.19820213317871
2022-02-15,28.379776000976562
2022-02-16,28.3525390625
2022-02-17,28.189125061035156
2022-02-18,28.11649513244629
2022-02-22,28.016630172729492
2022-02-23,27.862293243408203
2022-02-24,27.844135284423828
2022-02-25,28.14373016357422
2022-02-28,28.071102142333984
2022-03-01,27.962156295776367
2022-03-02,28.05294418334961
2022-03-03,27.889530181884766
2022-03-04,27.78058624267578
2022-03-07,27.453754425048828
2022-03-08,27.471912384033203
2022-03-09,27.744274139404297
2022-03-10,27.562700271606445
2022-03-11,27.381126403808594
2022-03-14,27.244949340820312
2022-03-15,27.299419403076172
2022-03-16,27.653486251831055
2022-03-17,27.862293243408203
2022-03-18,27.962156295776367
2022-03-21,27.798742294311523
2022-03-22,27.916763305664062
2022-03-23,27.862293243408203
2022-03-24,27.971237182617188
2022-03-25,27.880451202392578
2022-03-28,27.907686233520508
2022-03-29,28.11649513244629
2022-03-30,28.098339080810547
2022-03-31,27.99847412109375
2022-04-01,28.034786224365234
2022-04-04,28.152807235717773
2022-04-05,27.953081130981445
2022-04-06,27.853214263916016
2022-04-07,27.862293243408203
2022-04-08,27.825977325439453
2022-04-11,27.66256332397461
2022-04-12,27.707956314086914
2022-04-13,27.798742294311523
2022-04-14,27.735191345214844
2022-04-18,27.626251220703125
2022-04-19,27.653486251831055
2022-04-20,27.717037200927734
2022-04-21,27.544540405273438
2022-04-22,27.272184371948242
2022-04-25,27.272184371948242
2022-04-26,27.11784553527832
2022-04-27,27.054296493530273
2022-04-28,27.199552536010742
2022-04-29,27.06337547302246
2022-05-02,26.99982452392578
2022-05-03,27.017982482910156
2022-05-04,27.281259536743164
2022-05-05,26.945354461669922
2022-05-06,26.781936645507812
2022-05-09,26.455106735229492
2022-05-10,26.43695068359375
2022-05-11,26.33708381652832
2022-05-12,26.30984878540039
2022-05-13,26.49142074584961
2022-05-16,26.509580612182617
2022-05-17,26.691150665283203
2022-05-18,26.49142074584961
2022-05-19,26.573129653930664
2022-05-20,26.61852264404297
2022-05-23,26.68207359313965
2022-05-24,26.636682510375977
2022-05-25,26.718385696411133
2022-05-26,26.82733154296875
2022-05-27,26.99982452392578
2022-05-31,26.954431533813477
2022-06-01,26.836408615112305
2022-06-02,27.06337547302246
2022-06-03,26.927194595336914
2022-06-06,26.936275482177734
2022-06-07,27.00890350341797
2022-06-08,26.972585678100586
2022-06-09,26.72746467590332
2022-06-10,26.455106735229492
2022-06-13,25.864994049072266
2022-06-14,25.846837997436523
2022-06-15,26.064725875854492
2022-06-16,25.837759017944336
2022-06-17,25.90131187438965
2022-06-21,25.98301887512207
2022-06-22,25.928544998168945
2022-06-23,26.07380485534668
2022-06-24,26.20090675354004
2022-06-27,26.24629783630371
2022-06-28,26.082883834838867
2022-06-29,26.128276824951172
2022-06-30,26.04656982421875
2022-07-01,26.137357711791992
2022-07-05,26.019332885742188
2022-07-06,26.001176834106445
2022-07-07,26.119199752807617
2022-07-08,26.119199752807617
2022-07-11,25.992095947265625
2022-07-12,25.964860916137695
2022-07-13,25.874074935913086
2022-07-14,25.874074935913086
2022-07-15,25.928544998168945
2022-07-18,25.98301887512207
2022-07-19,26.146432876586914
2022-07-20,26.182748794555664
2022-07-21,26.273534774780273
2022-07-22,26.291690826416016
2022-07-25,26.22814178466797
2022-07-26,26.16459083557129
2022-07-27,26.382478713989258
2022-07-28,26.536813735961914
2022-07-29,26.536813735961914
2022-08-01,26.536813735961914
2022-08-02,26.455106735229492
2022-08-03,26.564050674438477
2022-08-04,26.700231552124023
2022-08-05,26.573129653930664
2022-08-08,26.68207359313965
2022-08-09,26.60036277770996
2022-08-10,26.772859573364258
2022-08-11,26.836408615112305
2022-08-12,26.963510513305664
2022-08-15,26.963510513305664
2022-08-16,26.90903663635254
2022-08-17,26.76378059387207
2022-08-18,26.818252563476562
2022-08-19,26.59128761291504
2022-08-22,26.455106735229492
2022-08-23,26.46418571472168
2022-08-24,26.49142074584961
2022-08-25,26.6457576751709
2022-08-26,26.42786979675293
2022-08-29,26.391557693481445
2022-08-30,26.30984878540039
2022-08-31,26.22814178466797
2022-09-01,26.22814178466797
2022-09-02,26.091960906982422
2022-09-06,25.955781936645508
2022-09-07,26.21906089782715
2022-09-08,26.20090675354004
2022-09-09,26.382478713989258
2022-09-12,26.509580612182617
2022-09-13,26.173667907714844
2022-09-14,26.22814178466797
2022-09-15,26.082883834838867
2022-09-16,26.04656982421875
2022-09-19,26.028409957885742
2022-09-20,25.910390853881836
2022-09-21,25.765132904052734
2022-09-22,25.647109985351562
2022-09-23,25.392906188964844
2022-09-26,25.26580810546875
2022-09-27,25.247650146484375
2022-09-28,25.501853942871094
2022-09-29,25.256729125976562
2022-09-30,25.184101104736328
2022-10-03,25.4473819732666
2022-10-04,25.74697494506836
2022-10-05,25.79236602783203
2022-10-06,25.728816986083984
2022-10-07,25.46553611755371
2022-10-10,25.329357147216797
2022-10-11,25.220415115356445
2022-10-12,25.247650146484375
2022-10-13,25.311201095581055
2022-10-14,25.156862258911133
2022-10-17,25.274887084960938
2022-10-18,25.401987075805664
2022-10-19,25.274887084960938
2022-10-20,25.238569259643555
2022-10-21,25.55632209777832
2022-10-24,25.347515106201172
2022-10-25,25.51093101501465
2022-10-26,25.628952026367188
2022-10-27,25.574481964111328
2022-10-28,25.647109985351562
2022-10-31,25.55632209777832
2022-11-01,25.647109985351562
2022-11-02,25.420143127441406
2022-11-03,25.347515106201172
2022-11-04,25.628952026367188
2022-11-07,25.701580047607422
2022-11-08,25.765132904052734
2022-11-09,25.61079216003418
2022-11-10,26.110118865966797
2022-11-11,26.300769805908203
2022-11-14,26.237220764160156
2022-11-15,26.42786979675293
2022-11-16,26.33708381652832
2022-11-17,26.22814178466797
2022-11-18,26.209985733032227
2022-11-21,26.173667907714844
2022-11-22,26.25537872314453
2022-11-23,26.30984878540039
2022-11-25,26.30984878540039
2022-11-28,26.20090675354004
2022-11-29,26.291690826416016
2022-11-30,26.573129653930664
2022-12-01,26.691150665283203
2022-12-02,26.691150665283203
2022-12-05,26.49142074584961
2022-12-06,26.400634765625
2022-12-07,26.482341766357422
2022-12-08,26.482341766357422
2022-12-09,26.473264694213867
2022-12-12,26.60036277770996
2022-12-13,26.6457576751709
2022-12-14,26.72746467590332
2022-12-15,26.400634765625
2022-12-16,26.28261375427246
2022-12-19,26.25537872314453
2022-12-20,26.25537872314453
2022-12-21,26.446029663085938
2022-12-22,26.328006744384766
2022-12-23,26.346162796020508
2022-12-27,26.382478713989258
2022-12-28,26.21906089782715
2022-12-29,26.430208206176758
2022-12-30,26.356121063232422
2023-01-03,26.356121063232422
2023-01-04,26.569120407104492
2023-01-05,26.430208206176758
2023-01-06,26.698768615722656
2023-01-09,26.754335403442383
2023-01-10,26.763595581054688
2023-01-11,26.828418731689453
2023-01-12,26.939550399780273
2023-01-13,27.00437355041504
2023-01-17,26.98585319519043
2023-01-18,27.03215789794922
2023-01-19,26.958072662353516
2023-01-20,27.059938430786133
2023-01-23,27.078460693359375
2023-01-24,27.13402557373047
2023-01-25,27.180330276489258
2023-01-26,27.226633071899414
2023-01-27,27.208110809326172
2023-01-30,27.013635635375977
2023-01-31,27.124765396118164
2023-02-01,27.29145622253418
2023-02-02,27.43962860107422
2023-02-03,27.124765396118164
2023-02-06,27.050676345825195
2023-02-07,27.13402557373047
2023-02-08,27.050676345825195
2023-02-09,27.069198608398438
2023-02-10,27.03215789794922
2023-02-13,27.096981048583984
2023-02-14,27.078460693359375
2023-02-15,27.00437355041504
2023-02-16,27.180330276489258
2023-02-17,26.976591110229492
2023-02-21,26.73581314086914
2023-02-22,26.763595581054688
2023-02-23,26.939550399780273
2023-02-24,26.837678909301758
2023-02-27,26.948810577392578
2023-02-28,26.893245697021484
2023-03-01,26.726552963256836
2023-03-02,26.772855758666992
2023-03-03,26.930288314819336
2023-03-06,26.893245697021484
2023-03-07,26.73581314086914
2023-03-08,26.708032608032227
2023-03-09,26.61542320251465
2023-03-10,26.578380584716797
2023-03-13,26.550596237182617
2023-03-14,26.624683380126953
2023-03-15,26.5135555267334
2023-03-16,26.58763885498047
2023-03-17,26.643203735351562
2023-03-20,26.633943557739258
2023-03-21,26.726552963256836
2023-03-22,26.745071411132812
2023-03-23,26.80063819885254
2023-03-24,26.7913761138916
2023-03-27,26.754335403442383
2023-03-28,26.7913761138916
2023-03-29,26.90250587463379
2023-03-30,26.948810577392578
2023-03-31,27.050676345825195
2023-04-03,27.08772087097168
2023-04-04,27.124765396118164
2023-04-05,27.161808013916016
2023-04-06,27.161808013916016
2023-04-10,27.161808013916016
2023-04-11,27.208110809326172
2023-04-12,27.198850631713867
2023-04-13,27.245153427124023
2023-04-14,27.245153427124023
2023-04-17,27.263675689697266
2023-04-18,27.263675689697266
2023-04-19,27.17106819152832
2023-04-20,27.161808013916016
2023-04-21,27.161808013916016
2023-04-24,27.17106819152832
2023-04-25,27.096981048583984
2023-04-26,27.041418075561523
2023-04-27,27.143285751342773
2023-04-28,27.189590454101562
2023-05-01,27.13402557373047
2023-05-02,27.096981048583984
2023-05-03,27.124765396118164
2023-05-04,27.13402557373047
2023-05-05,27.254413604736328
2023-05-08,27.208110809326172
2023-05-09,27.180330276489258
2023-05-10,27.245153427124023
2023-05-11,27.189590454101562
2023-05-12,27.124765396118164
2023-05-15,27.23589324951172
2023-05-16,27.11550521850586
2023-05-17,27.189590454101562
2023-05-18,27.161808013916016
2023-05-19,27.13402557373047
2023-05-22,27.161808013916016
2023-05-23,27.069198608398438
2023-05-24,26.976591110229492
2023-05-25,26.930288314819336
2023-05-26,27.02289581298828
2023-05-30,27.041418075561523
2023-05-31,27.013635635375977
2023-06-01,27.189590454101562
2023-06-02,27.254413604736328
2023-06-05,27.300718307495117
2023-06-06,27.282196044921875
2023-06-07,27.272937774658203
2023-06-08,27.347023010253906
2023-06-09,27.328502655029297
2023-06-12,27.393325805664062
2023-06-13,27.522977828979492
2023-06-14,27.532238006591797
2023-06-15,27.58780288696289
2023-06-16,27.55076026916504
2023-06-20,27.485933303833008
2023-06-21,27.485933303833008
2023-06-22,27.4674129486084
2023-06-23,27.3377628326416
2023-06-26,27.402585983276367
2023-06-27,27.411849975585938
2023-06-28,27.430370330810547
2023-06-29,27.50445556640625
2023-06-30,27.624845504760742
2023-07-03,27.64336585998535
2023-07-05,27.615585327148438
2023-07-06,27.56928253173828
2023-07-07,27.597063064575195
2023-07-10,27.65262794494629
2023-07-11,27.88414764404297
2023-07-12,27.893407821655273
2023-07-13,27.939712524414062
2023-07-14,27.92119026184082
2023-07-17,27.958232879638672
2023-07-18,28.023059844970703
2023-07-19,28.032320022583008
2023-07-20,27.96749496459961
2023-07-21,28.004535675048828
2023-07-24,28.041580200195312
2023-07-25,28.06936264038086
2023-07-26,28.106403350830078
2023-07-27,27.995275497436523
2023-07-28,28.106403350830078
2023-07-31,28.161968231201172
2023-08-01,28.115665435791016
2023-08-02,27.939712524414062
2023-08-03,27.96749496459961
2023-08-04,27.976755142211914
2023-08-07,28.050840377807617
2023-08-08,27.939712524414062
2023-08-09,27.930452346801758
2023-08-10,27.911928176879883
2023-08-11,27.828580856323242
2023-08-14,27.83784294128418
2023-08-15,27.828580856323242
2023-08-16,27.708192825317383
2023-08-17,27.745235443115234
2023-08-18,27.726715087890625
2023-08-21,27.73597526550293
2023-08-22,27.726715087890625
2023-08-23,27.902666091918945
2023-08-24,27.763757705688477
2023-08-25,27.83784294128418
2023-08-28,27.911928176879883
2023-08-29,28.078622817993164
2023-08-30,28.106403350830078
2023-08-31,27.995275497436523
2023-09-01,28.078622817993164
2023-09-05,27.911928176879883
2023-09-06,28.06009864807129
2023-09-07,27.995275497436523
2023-09-08,28.023059844970703
2023-09-11,28.106403350830078
2023-09-12,28.06009864807129
2023-09-13,28.041580200195312
2023-09-14,28.171232223510742
2023-09-15,28.097143173217773
2023-09-18,28.08788299560547
2023-09-19,28.078622817993164
2023-09-20,28.013795852661133
2023-09-21,27.847103118896484
2023-09-22,27.87488555908203
2023-09-25,27.902666091918945
2023-09-26,27.791540145874023
2023-09-27,27.77301788330078
2023-09-28,27.85636329650879
2023-09-29,27.810060501098633
2023-10-02,27.763757705688477
2023-10-03,27.615585327148438
2023-10-04,27.624845504760742
2023-10-05,27.65262794494629
2023-10-06,27.726715087890625
2023-10-09,27.726715087890625
2023-10-10,27.85636329650879
2023-10-11,27.83784294128418
2023-10-12,27.782278060913086
2023-10-13,27.800800323486328
2023-10-16,27.87488555908203
2023-10-17,27.893407821655273
2023-10-18,27.71745491027832
2023-10-19,27.661888122558594
2023-10-20,27.513717651367188
2023-10-23,27.4674129486084
2023-10-24,27.597063064575195
2023-10-25,27.476673126220703
2023-10-26,27.347023010253906
2023-10-27,27.319242477416992
2023-10-30,27.50445556640625
2023-10-31,27.4674129486084
2023-11-01,27.55076026916504
2023-11-02,27.75449562072754
2023-11-03,27.87488555908203
2023-11-06,27.865625381469727
2023-11-07,27.88414764404297
2023-11-08,27.88414764404297
2023-11-09,27.791540145874023
2023-11-10,27.85636329650879
2023-11-13,27.902666091918945
2023-11-14,28.078622817993164
2023-11-15,28.134187698364258
2023-11-16,28.06936264038086
2023-11-17,28.124929428100586
2023-11-20,28.236055374145508
2023-11-21,28.226795196533203
2023-11-22,28.236055374145508
2023-11-24,28.236055374145508
2023-11-27,28.226795196533203
2023-11-28,28.282360076904297
2023-11-29,28.300878524780273
2023-11-30,28.365705490112305
2023-12-01,28.476835250854492
2023-12-04,28.365705490112305
2023-12-05,28.412010192871094
2023-12-06,28.347185134887695
2023-12-07,28.476835250854492
2023-12-08,28.45831298828125
2023-12-11,28.495357513427734
2023-12-12,28.486095428466797
2023-12-13,28.773178100585938
2023-12-14,28.791702270507812
2023-12-15,28.726877212524414
2023-12-18,28.83800506591797
2023-12-19,28.884309768676758
2023-12-20,28.745399475097656
2023-12-21,28.921350479125977
2023-12-22,28.930614471435547
2023-12-26,28.949134826660156
2023-12-27,29.02322006225586
2023-12-28,29.020328521728516
2023-12-29,29.010690689086914
2024-01-02,28.99141502380371
2024-01-03,28.856481552124023
2024-01-04,28.885395050048828
2024-01-05,28.885395050048828
2024-01-08,28.981775283813477
2024-01-09,28.89503288269043
2024-01-10,29.107072830200195
2024-01-11,28.904672622680664
2024-01-12,28.923948287963867
2024-01-16,28.827566146850586
2024-01-17,28.74082374572754
2024-01-18,28.760099411010742
2024-01-19,28.83720588684082
2024-01-22,28.856481552124023
2024-01-23,28.83720588684082
2024-01-24,28.93358612060547
2024-01-25,28.952863693237305
2024-01-26,29.010690689086914
2024-01-29,29.058881759643555
2024-01-30,28.99141502380371
2024-01-31,28.89503288269043
2024-02-01,28.952863693237305
2024-02-02,28.904672622680664
2024-02-05,28.827566146850586
2024-02-06,28.952863693237305
2024-02-07,29.03960418701172
2024-02-08,29.049243927001953
2024-02-09,29.116708755493164
2024-02-12,29.116708755493164
2024-02-13,28.99141502380371
2024-02-14,29.049243927001953
2024-02-15,29.18417739868164
2024-02-16,29.20345115661621
2024-02-20,29.107072830200195
2024-02-21,29.135986328125
2024-02-22,29.299833297729492
2024-02-23,29.26128387451172
2024-02-26,29.26128387451172
2024-02-27,29.309473037719727
2024-02-28,29.27092170715332
2024-02-29,29.348026275634766
2024-03-01,29.44440460205078
2024-03-04,29.44440460205078
2024-03-05,29.425128936767578
2024-03-06,29.47332000732422
2024-03-07,29.560062408447266
2024-03-08,29.550424575805664
2024-03-11,29.540786743164062
2024-03-12,29.598613739013672
2024-03-13,29.569700241088867
2024-03-14,29.53114891052246
2024-03-15,29.492597579956055
2024-03-18,29.521509170532227
2024-03-19,29.44440460205078
2024-03-20,29.66608238220215
2024-03-21,29.733549118041992
2024-03-22,29.608251571655273
2024-03-25,29.68535804748535
2024-03-26,29.63716697692871
2024-03-27,29.656442642211914
2024-03-28,29.7721004486084
2024-04-01,29.743186950683594
2024-04-02,29.68535804748535
2024-04-03,29.743186950683594
2024-04-04,29.67572021484375
2024-04-05,29.67572021484375
2024-04-08,29.71427345275879
2024-04-09,29.801015853881836
2024-04-10,29.608251571655273
2024-04-11,29.71427345275879
2024-04-12,29.511873245239258
2024-04-15,29.43476676940918
2024-04-16,29.309473037719727
2024-04-17,29.26128387451172
2024-04-18,29.299833297729492
2024-04-19,29.299833297729492
2024-04-22,29.396215438842773
2024-04-23,29.463680267333984
2024-04-24,29.502235412597656
2024-04-25,29.425128936767578
2024-04-26,29.569700241088867
2024-04-29,29.550424575805664
2024-04-30,29.415491104125977
2024-05-01,29.357662200927734
2024-05-02,29.47332000732422
2024-05-03,29.608251571655273
2024-05-06,29.704635620117188
2024-05-07,29.67572021484375
2024-05-08,29.68535804748535
2024-05-09,29.66608238220215
2024-05-10,29.72391128540039
2024-05-13,29.704635620117188
2024-05-14,29.78173828125
2024-05-15,29.897397994995117
2024-05-16,29.849205017089844
2024-05-17,29.87811851501465
2024-05-20,29.91667366027832
2024-05-21,29.868480682373047
2024-05-22,29.78173828125
2024-05-23,29.743186950683594
2024-05-24,29.801015853881836
2024-05-28,29.810653686523438
2024-05-29,29.78173828125
2024-05-30,29.78173828125
2024-05-31,29.810653686523438
2024-06-03,29.82029151916504
2024-06-04,29.72391128540039
2024-06-05,29.78173828125
2024-06-06,29.868480682373047
2024-06-07,29.762462615966797
2024-06-10,29.92630958557129
2024-06-11,29.752826690673828
2024-06-12,29.90703582763672
2024-06-13,29.849205017089844
2024-06-14,29.801015853881836
2024-06-17,29.849205017089844
2024-06-18,29.887758255004883
2024-06-20,29.82992935180664
2024-06-21,29.82992935180664
2024-06-24,29.801015853881836
2024-06-25,29.7913761138916
2024-06-26,29.82992935180664
2024-06-27,29.849205017089844
2024-06-28,29.90703582763672
2024-07-01,30.09015655517578
2024-07-02,29.974502563476562
2024-07-03,30.099794387817383
2024-07-05,30.09015655517578
2024-07-08,30.051605224609375
2024-07-09,30.032329559326172
2024-07-10,30.10943603515625
2024-07-11,30.254005432128906
2024-07-12,30.331111907958984
2024-07-15,30.292558670043945
2024-07-16,30.446767807006836
2024-07-17,30.254005432128906
2024-07-18,30.196178436279297
2024-07-19,30.08051872253418
2024-07-22,30.254005432128906
2024-07-23,30.196178436279297
2024-07-24,29.984140396118164
2024-07-25,29.974502563476562
2024-07-26,30.128711700439453
2024-07-29,30.07088279724121
2024-07-30,30.06124496459961
2024-07-31,30.244367599487305
2024-08-01,30.013051986694336
2024-08-02,29.68535804748535
2024-08-05,29.396215438842773
2024-08-06,29.53114891052246
2024-08-07,29.521509170532227
2024-08-08,29.743186950683594
2024-08-09,29.810653686523438
2024-08-12,29.801015853881836
2024-08-13,29.91667366027832
2024-08-14,29.92630958557129
2024-08-15,30.06124496459961
2024-08-16,30.15762710571289
2024-08-19,30.254005432128906
2024-08-20,30.16726303100586
2024-08-21,30.27328109741211
2024-08-22,30.2250919342041
2024-08-23,30.427492141723633
2024-08-26,30.379302978515625
2024-08-27,30.408214569091797
2024-08-28,30.331111907958984
2024-08-29,30.41785430908203
2024-08-30,30.475683212280273
2024-09-03,30.186538696289062
2024-09-04,30.16726303100586
2024-09-05,30.196178436279297
2024-09-06,29.984140396118164
2024-09-09,30.10943603515625
2024-09-10,30.147987365722656
2024-09-11,30.254005432128906
2024-09-12,30.340749740600586
2024-09-13,30.456405639648438
2024-09-16,30.504594802856445
2024-09-17,30.55278968811035
2024-09-18,30.533512115478516
2024-09-19,30.75518798828125
2024-09-20,30.678081512451172
2024-09-23,30.76482582092285
2024-09-24,30.832292556762695
2024-09-25,30.774465560913086
2024-09-26,30.967227935791016
2024-09-27,30.928672790527344
2024-09-30,30.919036865234375
2024-10-01,30.841930389404297
2024-10-02,30.89975929260254
2024-10-03,30.832292556762695
2024-10-04,30.919036865234375
2024-10-07,30.89975929260254
2024-10-08,30.81301498413086
2024-10-09,30.89975929260254
2024-10-10,30.90939712524414
2024-10-11,31.053970336914062
2024-10-14,31.092519760131836
2024-10-15,30.95758819580078
2024-10-16,31.082881927490234
2024-10-17,31.06360626220703
2024-10-18,31.082881927490234
2024-10-21,31.00577735900879
2024-10-22,30.95758819580078
2024-10-23,30.851566314697266
2024-10-24,30.851566314697266
2024-10-25,30.8708438873291
2024-10-28,30.95758819580078
2024-10-29,30.938308715820312
2024-10-30,30.90939712524414
2024-10-31,30.735912322998047
2024-11-01,30.803377151489258
2024-11-04,30.79374122619629
2024-11-05,30.89975929260254
2024-11-06,31.11179542541504
2024-11-07,31.217815399169922
2024-11-08,31.179264068603516
2024-11-11,31.22745704650879
2024-11-12,31.10215950012207
2024-11-13,31.073246002197266
2024-11-14,31.034692764282227
2024-11-15,30.996139526367188
2024-11-18,31.073246002197266
2024-11-19,31.092519760131836
2024-11-20,31.121435165405273
2024-11-21,31.22745704650879
2024-11-22,31.362388610839844
2024-11-25,31.38166618347168
2024-11-26,31.372026443481445
2024-11-27,31.39130210876465
2024-11-29,31.439491271972656
2024-12-02,31.458768844604492
2024-12-03,31.468408584594727
2024-12-04,31.516597747802734
2024-12-05,31.49732208251953
2024-12-06,31.535877227783203
2024-12-09,31.526233673095703
2024-12-10,31.429855346679688
2024-12-11,31.516597747802734
2024-12-12,31.39130210876465
2024-12-13,31.35274887084961
2024-12-16,31.362388610839844
2024-12-17,31.275646209716797
2024-12-18,31.00577735900879
2024-12-19,30.8708438873291
2024-12-20,30.967227935791016
2024-12-23,31.00577735900879
2024-12-24,31.11179542541504
2024-12-26,31.11179542541504
2024-12-27,30.996139526367188
2024-12-30,30.916336059570312
2024-12-31,30.945894241333008
2025-01-02,31.01485824584961
2025-01-03,31.18234634399414
2025-01-06,31.202051162719727
2025-01-07,31.133087158203125
2025-01-08,31.044416427612305
2025-01-10,30.9360408782959
2025-01-13,30.926189422607422
2025-01-14,30.995153427124023
2025-01-15,31.1429386138916
2025-01-16,31.162641525268555
2025-01-17,31.330129623413086
2025-01-21,31.40894889831543
2025-01-22,31.389245986938477
2025-01-23,31.517322540283203
2025-01-24,31.468063354492188
2025-01-27,31.330129623413086
2025-01-28,31.379392623901367
2025-01-29,31.438505172729492
2025-01-30,31.53702735900879
2025-01-31,31.4483585357666
2025-02-03,31.40894889831543
2025-02-04,31.458209991455078
2025-02-05,31.5468807220459
2025-02-06,31.556732177734375
2025-02-07,31.517322540283203
2025-02-10,31.596141815185547
2025-02-11,31.5468807220459
2025-02-12,31.527175903320312
2025-02-13,31.67496109008789
2025-02-14,31.67496109008789
2025-02-18,31.79318618774414
2025-02-19,31.684812545776367
2025-02-20,31.625696182250977
2025-02-21,31.418800354003906
2025-02-24,31.379392623901367
2025-02-25,31.300575256347656
2025-02-26,31.349834442138672
2025-02-27,31.211904525756836
2025-02-28,31.261165618896484
2025-03-03,31.093677520751953
2025-03-04,31.02471160888672
2025-03-05,31.19219970703125
2025-03-06,31.01485824584961
2025-03-07,31.044416427612305
2025-03-10,30.699586868286133
2025-03-11,30.709440231323242
2025-03-12,30.798110961914062
2025-03-13,30.729145050048828
2025-03-14,30.945894241333008
2025-03-17,31.1429386138916
2025-03-18,30.995153427124023
2025-03-19,31.202051162719727
2025-03-20,31.10352897644043
2025-03-21,31.18234634399414
2025-03-24,31.300575256347656
2025-03-25,31.310426712036133
2025-03-26,31.10352897644043
2025-03-27,31.15279197692871
2025-03-28,30.88677978515625
2025-03-31,30.847370147705078
2025-04-01,30.945894241333008
2025-04-02,31.005006790161133
2025-04-03,30.50254249572754
2025-04-04,29.674955368041992
2025-04-07,29.487762451171875
2025-04-08,29.320274353027344
2025-04-09,30.24638557434082
2025-04-10,29.80303382873535
2025-04-11,29.940963745117188
2025-04-14,30.06904411315918
2025-04-15,30.16756820678711
2025-04-16,30.088748931884766
2025-04-17,30.20697593688965
2025-04-21,30.039487838745117
2025-04-22,30.315349578857422
2025-04-23,30.44342803955078
2025-04-24,30.650327682495117
2025-04-25,30.689735412597656
2025-04-28,30.71929168701172
2025-04-29,30.788257598876953
2025-04-30,30.768552780151367
2025-05-01,30.788257598876953
2025-05-02,31.005006790161133
2025-05-05,30.995153427124023
2025-05-06,30.955745697021484
2025-05-07,30.965599060058594
2025-05-08,30.995153427124023
2025-05-09,31.02471160888672
2025-05-12,31.073972702026367
2025-05-13,31.40894889831543
2025-05-14,31.35968780517578
2025-05-15,31.4483585357666
2025-05-16,31.527175903320312
2025-05-19,31.527175903320312
2025-05-20,31.497617721557617
2025-05-21,31.330129623413086
2025-05-22,31.320280075073242
2025-05-23,31.290721893310547
2025-05-27,31.497617721557617
2025-05-28,31.339982986450195
2025-05-29,31.369539260864258
2025-05-30,31.35968780517578
2025-06-02,31.35968780517578
2025-06-03,31.418800354003906
2025-06-04,31.497617721557617
2025-06-05,31.517322540283203
2025-06-06,31.596141815185547
2025-06-09,31.63555145263672
2025-06-10,31.63555145263672
2025-06-11,31.625696182250977
2025-06-12,31.605995178222656
2025-06-13,31.458209991455078
2025-06-16,31.615846633911133
2025-06-17,31.497617721557617
2025-06-18,31.507471084594727
2025-06-20,31.4483585357666
2025-06-23,31.566585540771484
2025-06-24,31.684812545776367
2025-06-25,31.655256271362305
2025-06-26,31.79318618774414
2025-06-27,31.812891006469727
2025-06-30,31.84244728088379
2025-07-01,31.832595825195312
2025-07-02,31.921266555786133
2025-07-03,31.990232467651367
2025-07-07,31.911413192749023
2025-07-08,31.93111801147461
2025-07-09,32.039493560791016
2025-07-10,32.06904983520508
2025-07-11,31.990232467651367
2025-07-14,32.029640197753906
2025-07-15,31.97052764892578
2025-07-16,32.039493560791016
2025-07-17,32.10845947265625
2025-07-18,32.07890319824219
2025-07-21,32.1281623840332
2025-07-22,32.14786911010742
2025-07-23,32.24638748168945
2025-07-24,32.167572021484375
2025-07-25,32.19712829589844
2025-07-28,32.18727493286133
2025-07-29,32.167572021484375
2025-07-30,32.1281623840332
2025-07-31,32.05919647216797
2025-08-01,32.04934310913086
2025-08-04,32.08875274658203
2025-08-05,32.06904983520508
2025-08-06,32.10845947265625
2025-08-07,32.18727493286133
2025-08-08,32.18727493286133
2025-08-11,32.19712829589844
2025-08-12,32.37446975708008
2025-08-13,32.463138580322266
2025-08-14,32.40402603149414
2025-08-15,32.37446975708008
2025-08-18,32.4335823059082
2025-08-19,32.36461639404297
2025-08-20,32.38431930541992
2025-08-21,32.35476303100586
2025-08-22,32.640480041503906
2025-08-25,32.55181121826172
2025-08-26,32.57151412963867
2025-08-27,32.61091995239258
2025-08-28,32.62077713012695
2025-08-29,32.541954040527344
2025-09-02,32.5321044921875
2025-09-03,32.52225112915039
2025-09-04,32.59122085571289
2025-09-05,32.65032958984375
2025-09-08,32.758705139160156
2025-09-09,32.768558502197266
2025-09-10,32.85722732543945
2025-09-11,33.00501251220703
2025-09-12,32.99516296386719
2025-09-15,33.073978424072266
2025-09-16,33.05427169799805
2025-09-17,33.05427169799805
2025-09-18,33.1429443359375
2025-09-19,33.15279769897461
2025-09-22,33.18235397338867
2025-09-23,33.1429443359375
2025-09-24,33.073978424072266
2025-09-25,33.024715423583984
2025-09-26,33.06412887573242
2025-09-29,33.10353469848633
2025-09-30,33.13309097290039
2025-10-01,33.16264724731445
2025-10-02,33.221763610839844
2025-10-03,33.221763610839844
2025-10-06,33.320281982421875
2025-10-07,33.2414665222168
2025-10-08,33.31043243408203
2025-10-09,33.2414665222168
2025-10-10,32.85722732543945
2025-10-13,33.18235397338867
2025-10-14,33.202056884765625
2025-10-15,33.31043243408203
2025-10-16,33.26116943359375
2025-10-17,33.2414665222168
2025-10-20,33.399105072021484
2025-10-21,33.339988708496094
2025-10-22,33.26116943359375
2025-10-23,33.339988708496094
2025-10-24,33.46806716918945
2025-10-27,33.52717971801758
2025-10-28,33.458213806152344
2025-10-29,33.4483642578125
2025-10-30,33.369544982910156
2025-10-31,33.35969543457031
2025-11-03,33.379398345947266
2025-11-04,33.16264724731445
2025-11-05,33.33013916015625
2025-11-06,33.1429443359375
2025-11-07,33.18235397338867
2025-11-10,33.40895462036133
2025-11-11,33.41880416870117
2025-11-12,33.379398345947266
2025-11-13,33.083831787109375
2025-11-14,33.05427169799805
2025-11-17,32.916343688964844
2025-11-18,32.876930236816406
2025-11-19,32.88678741455078
2025-11-20,32.62077713012695
2025-11-21,32.7390022277832
2025-11-24,32.9360466003418
2025-11-25,33.06412887573242
2025-11-26,33.221763610839844
2025-11-28,33.33013916015625
2025-12-01,33.221763610839844
2025-12-02,33.27102279663086
2025-12-03,33.339988708496094
2025-12-04,33.34983825683594
2025-12-05,33.38924789428711
2025-12-08,33.379398345947266
2025-12-09,33.41880416870117
2025-12-10,33.5468864440918
2025-12-11,33.615848541259766
2025-12-12,33.43851089477539
2025-12-15,33.379398345947266
2025-12-16,33.35969543457031
2025-12-17,33.251319885253906
2025-12-18,33.379398345947266
2025-12-19,33.53703308105469
2025-12-22,33.57644271850586
2025-12-23,33.615848541259766
2025-12-24,33.66511154174805
2025-12-26,33.674964904785156
2025-12-29,33.60599899291992
2025-12-30,33.61000061035156
2025-12-31,33.5099983215332
2026-01-02,33.7400016784668
2026-01-05,33.90999984741211
2026-01-06,34.13999938964844
2026-01-07,33.970001220703125
2026-01-08,33.9900016784668
2026-01-09,34.13999938964844
2026-01-12,34.220001220703125
2026-01-13,34.20000076293945
2026-01-14,34.22999954223633
2026-01-15,34.31999969482422
2026-01-16,34.31999969482422
2026-01-20,34.08000183105469
2026-01-21,34.27000045776367
2026-01-22,34.38999938964844
2026-01-23,34.38999938964844
2026-01-26,34.38999938964844
2026-01-27,34.560001373291016
2026-01-28,34.630001068115234
2026-01-29,34.619998931884766
2026-01-30,34.290000915527344
2026-02-02,34.38999938964844
2026-02-03,34.45000076293945
2026-02-04,34.33000183105469
2026-02-05,34.119998931884766
2026-02-06,34.529998779296875
2026-02-09,34.66999816894531
2026-02-10,34.709999084472656
2026-02-11,34.77000045776367
2026-02-12,34.540000915527344
2026-02-13,34.619998931884766
2026-02-17,34.59000015258789
2026-02-18,34.75
2026-02-19,34.7400016784668
2026-02-20,34.86000061035156
2026-02-23,34.689998626708984
2026-02-24,34.86000061035156
2026-02-25,35.0
2026-02-26,34.97999954223633
2026-02-27,34.900001525878906
2026-03-02,34.79999923706055
2026-03-03,34.45000076293945
2026-03-04,34.61000061035156
2026-03-05,34.41999816894531
2026-03-06,34.25
2026-03-09,34.38999938964844
2026-03-10,34.45000076293945
2026-03-11,34.470001220703125
2026-03-12,34.20000076293945
2026-03-13,34.13999938964844
2026-03-16,34.33000183105469
2026-03-17,34.45000076293945
2026-03-18,34.2400016784668
2026-03-19,34.220001220703125
2026-03-20,33.849998474121094
2026-03-23,34.060001373291016
2026-03-24,34.0
2026-03-25,34.150001525878906
2026-03-26,33.81999969482422
2026-03-27,33.709999084472656
2026-03-30,33.70000076293945
2026-03-31,34.119998931884766
2026-04-01,34.25
2026-04-02,34.349998474121094
2026-04-06,34.38999938964844
2026-04-07,34.439998626708984
2026-04-08,34.849998474121094
2026-04-09,34.849998474121094
2026-04-10,34.88999938964844
2026-04-13,35.04999923706055
2026-04-14,35.209999084472656
2026-04-15,35.220001220703125
2026-04-16,35.29999923706055
2026-04-17,35.459999084472656
2026-04-20,35.43000030517578
2026-04-21,35.33000183105469
2026-04-22,35.4900016784668
2026-04-23,35.380001068115234
2026-04-24,35.540000915527344
2026-04-27,35.540000915527344
2026-04-28,35.400001525878906
2026-04-29,35.459999084472656
2026-04-30,35.689998626708984
2026-05-01,35.68000030517578
2026-05-04,35.65999984741211
2026-05-05,35.900001525878906
2026-05-06,36.18000030517578
2026-05-07,36.0
2026-05-08,36.130001068115234
2026-05-11,36.25
2026-05-12,36.099998474121094
2026-05-13,36.22999954223633
2026-05-14,36.290000915527344
2026-05-15,35.93000030517578
2026-05-18,35.849998474121094
2026-05-19,35.790000915527344
2026-05-20,35.9900016784668
2026-05-21,36.04999923706055
2026-05-22,36.119998931884766
2026-05-26,36.400001525878906
2026-05-27,36.369998931884766
2026-05-28,36.41999816894531
2026-05-29,36.40999984741211
2026-06-01,36.56999969482422
2026-06-02,36.68000030517578
2026-06-03,36.54999923706055
2026-06-04,36.529998779296875
2026-06-05,35.900001525878906
2026-06-08,36.04999923706055
2026-06-09,36.0099983215332
2026-06-10,35.810001373291016
2026-06-11,36.25
2026-06-12,36.36000061035156
2026-06-15,36.689998626708984
2026-06-16,36.52000045776367
2026-06-17,36.45000076293945
2026-06-18,36.72999954223633
2026-06-22,36.779998779296875
2026-06-23,36.34000015258789
2026-06-24,36.34000015258789
2026-06-25,36.529998779296875
2026-06-26,36.290000915527344
2026-06-29,36.4900016784668
2026-06-30,36.599998474121094
2026-07-01,36.40999984741211
2026-07-02,36.34000015258789
2026-07-06,36.470001220703125
2026-07-07,36.209999084472656
2026-07-08,36.150001525878906
2026-07-09,36.29999923706055
2026-07-10,36.34000015258789
2026-07-13,36.16999816894531
2026-07-14,36.279998779296875
2026-07-15,36.22999954223633
2026-07-16,36.09000015258789
