date,adj close
2002-07-30,51.180076599121094
2002-07-31,51.33805465698242
2002-08-01,51.43907165527344
2002-08-02,51.54014205932617
2002-08-05,51.6223258972168
2002-08-06,51.49597930908203
2002-08-07,51.57175827026367
2002-08-08,51.49597930908203
2002-08-09,51.50859069824219
2002-08-12,51.50225830078125
2002-08-13,51.59075927734375
2002-08-14,51.47702407836914
2002-08-15,51.43278121948242
2002-08-16,51.40119171142578
2002-08-19,51.407474517822266
2002-08-20,51.52753829956055
2002-08-21,51.48331069946289
2002-08-22,51.42645263671875
2002-08-23,51.489627838134766
2002-08-26,51.48331069946289
2002-08-27,51.44544219970703
2002-08-28,51.48331069946289
2002-08-29,51.54014205932617
2002-08-30,51.5590934753418
2002-09-03,51.68125915527344
2002-09-04,51.662288665771484
2002-09-05,51.71919631958008
2002-09-06,51.618038177490234
2002-09-09,51.548377990722656
2002-09-10,51.57997512817383
2002-09-11,51.548377990722656
2002-09-12,51.58638000488281
2002-09-13,51.624271392822266
2002-09-16,51.60533142089844
2002-09-17,51.64335250854492
2002-09-18,51.63692855834961
2002-09-19,51.74453353881836
2002-09-20,51.75088882446289
2002-09-23,51.763519287109375
2002-09-24,51.78884506225586
2002-09-25,51.73821258544922
2002-09-26,51.75718688964844
2002-09-27,51.864784240722656
2002-09-30,51.94070053100586
2002-10-01,51.87731170654297
2002-10-02,51.921695709228516
2002-10-03,51.92802810668945
2002-10-04,51.883663177490234
2002-10-07,51.94704055786133
2002-10-08,51.896331787109375
2002-10-09,52.004051208496094
2002-10-10,51.953392028808594
2002-10-11,51.87095260620117
2002-10-14,51.883663177490234
2002-10-15,51.68720245361328
2002-10-16,51.70624542236328
2002-10-17,51.66191101074219
2002-10-18,51.70624542236328
2002-10-21,51.5921745300293
2002-10-22,51.58580780029297
2002-10-23,51.623844146728516
2002-10-24,51.712528228759766
2002-10-25,51.80130386352539
2002-10-28,51.87095260620117
2002-10-29,51.985111236572266
2002-10-30,51.978729248046875
2002-10-31,52.06743621826172
2002-11-01,52.012229919433594
2002-11-04,51.961429595947266
2002-11-05,51.9550666809082
2002-11-06,51.97415542602539
2002-11-07,51.99952697753906
2002-11-08,51.980472564697266
2002-11-11,52.0312614440918
2002-11-12,52.04391098022461
2002-11-13,52.05033874511719
2002-11-14,51.923362731933594
2002-11-15,51.948760986328125
2002-11-18,51.948760986328125
2002-11-19,51.936073303222656
2002-11-20,51.89164733886719
2002-11-21,51.82182312011719
2002-11-22,51.802825927734375
2002-11-25,51.83451843261719
2002-11-26,51.929710388183594
2002-11-27,51.84084701538086
2002-11-29,51.8662223815918
2002-12-02,51.88528823852539
2002-12-03,51.90437316894531
2002-12-04,51.936153411865234
2002-12-05,51.980648040771484
2002-12-06,52.031471252441406
2002-12-09,52.044212341308594
2002-12-10,52.0378532409668
2002-12-11,52.08237075805664
2002-12-12,52.1014518737793
2002-12-13,52.06330108642578
2002-12-16,52.0378532409668
2002-12-17,52.08872604370117
2002-12-18,52.17135238647461
2002-12-19,52.228553771972656
2002-12-20,52.2031135559082
2002-12-23,52.20952606201172
2002-12-24,52.26674270629883
2002-12-26,52.30487823486328
2002-12-27,52.36842727661133
2002-12-30,52.37478256225586
2002-12-31,52.412349700927734
2003-01-02,52.21502685546875
2003-01-03,52.22133255004883
2003-01-06,52.189491271972656
2003-01-07,52.227718353271484
2003-01-08,52.272239685058594
2003-01-09,52.176734924316406
2003-01-10,52.24683380126953
2003-01-13,52.23405456542969
2003-01-14,52.25315856933594
2003-01-15,52.272239685058594
2003-01-16,52.304141998291016
2003-01-17,52.29136657714844
2003-01-21,52.35506820678711
2003-01-22,52.39327621459961
2003-01-23,52.361446380615234
2003-01-24,52.35506820678711
2003-01-27,52.35506820678711
2003-01-28,52.36782455444336
2003-01-29,52.32319641113281
2003-01-30,52.386898040771484
2003-01-31,52.37417984008789
2003-02-03,52.343570709228516
2003-02-04,52.40094757080078
2003-02-05,52.38182830810547
2003-02-06,52.407352447509766
2003-02-07,52.451934814453125
2003-02-10,52.41367721557617
2003-02-11,52.43285369873047
2003-02-12,52.477508544921875
2003-02-13,52.52212905883789
2003-02-14,52.477508544921875
2003-02-18,52.45830154418945
2003-02-19,52.48387145996094
2003-02-20,52.51569747924805
2003-02-21,52.4710578918457
2003-02-24,52.496604919433594
2003-02-25,52.528465270996094
2003-02-26,52.55400085449219
2003-02-27,52.55400085449219
2003-02-28,52.57951354980469
2003-03-03,52.59672927856445
2003-03-04,52.59040069580078
2003-03-05,52.63506317138672
2003-03-06,52.65424728393555
2003-03-07,52.70526885986328
2003-03-10,52.75635528564453
2003-03-11,52.711673736572266
2003-03-12,52.673343658447266
2003-03-13,52.51376724243164
2003-03-14,52.564823150634766
2003-03-17,52.5009880065918
2003-03-18,52.456260681152344
2003-03-19,52.44352722167969
2003-03-20,52.50735855102539
2003-03-21,52.37328338623047
2003-03-24,52.48822021484375
2003-03-25,52.48822021484375
2003-03-26,52.552085876464844
2003-03-27,52.564823150634766
2003-03-28,52.63506317138672
2003-03-31,52.673343658447266
2003-04-01,52.66185760498047
2003-04-02,52.60430145263672
2003-04-03,52.63627624511719
2003-04-04,52.62348937988281
2003-04-07,52.591495513916016
2003-04-08,52.642669677734375
2003-04-09,52.674625396728516
2003-04-10,52.60430145263672
2003-04-11,52.5787467956543
2003-04-14,52.53400421142578
2003-04-15,52.57231903076172
2003-04-16,52.5787467956543
2003-04-17,52.53400421142578
2003-04-21,52.56600570678711
2003-04-22,52.55952835083008
2003-04-23,52.59787368774414
2003-04-24,52.649051666259766
2003-04-25,52.70024490356445
2003-04-28,52.6874885559082
2003-04-29,52.649051666259766
2003-04-30,52.757747650146484
2003-05-01,52.757755279541016
2003-05-02,52.700164794921875
2003-05-05,52.738590240478516
2003-05-06,52.815452575683594
2003-05-07,52.82821273803711
2003-05-08,52.802608489990234
2003-05-09,52.789798736572266
2003-05-12,52.82821273803711
2003-05-13,52.815452575683594
2003-05-14,52.847469329833984
2003-05-15,52.82821273803711
2003-05-16,52.885860443115234
2003-05-19,52.89864730834961
2003-05-20,52.96913146972656
2003-05-21,52.89864730834961
2003-05-22,52.9178466796875
2003-05-23,52.93708419799805
2003-05-27,52.9178466796875
2003-05-28,52.94990158081055
2003-05-29,52.96913146972656
2003-05-30,52.94990158081055
2003-06-02,52.922325134277344
2003-06-03,53.02491760253906
2003-06-04,53.069793701171875
2003-06-05,53.037757873535156
2003-06-06,53.02491760253906
2003-06-09,53.09546661376953
2003-06-10,53.15318298339844
2003-06-11,53.114662170410156
2003-06-12,53.14676284790039
2003-06-13,53.19166564941406
2003-06-16,53.12754821777344
2003-06-17,53.05057144165039
2003-06-18,53.05697250366211
2003-06-19,53.108272552490234
2003-06-20,53.09546661376953
2003-06-23,53.14676284790039
2003-06-24,53.18520736694336
2003-06-25,53.07621765136719
2003-06-26,52.98005676269531
2003-06-27,52.99287033081055
2003-06-30,53.037757873535156
2003-07-01,53.03901290893555
2003-07-02,53.064720153808594
2003-07-03,53.0069465637207
2003-07-07,52.99404525756836
2003-07-08,52.974815368652344
2003-07-09,52.98766326904297
2003-07-10,53.032649993896484
2003-07-11,53.051856994628906
2003-07-14,53.0069465637207
2003-07-15,52.942718505859375
2003-07-16,52.949161529541016
2003-07-17,52.91705322265625
2003-07-18,52.910614013671875
2003-07-21,52.820735931396484
2003-07-22,52.87211227416992
2003-07-23,52.89778137207031
2003-07-24,52.89136505126953
2003-07-25,52.91705322265625
2003-07-28,52.846378326416016
2003-07-29,52.80144500732422
2003-07-30,52.8271484375
2003-07-31,52.76939392089844
2003-08-01,52.71281051635742
2003-08-04,52.79638671875
2003-08-05,52.699947357177734
2003-08-06,52.75136184692383
2003-08-07,52.80923843383789
2003-08-08,52.8221435546875
2003-08-11,52.75136184692383
2003-08-12,52.84135818481445
2003-08-13,52.738525390625
2003-08-14,52.72565460205078
2003-08-15,52.76420974731445
2003-08-18,52.75777053833008
2003-08-19,52.8221435546875
2003-08-20,52.78347396850586
2003-08-21,52.70635986328125
2003-08-22,52.69354248046875
2003-08-25,52.66782760620117
2003-08-26,52.72565460205078
2003-08-27,52.67420196533203
2003-08-28,52.75136184692383
2003-08-29,52.744964599609375
2003-09-02,52.676055908203125
2003-09-03,52.71466064453125
2003-09-04,52.785491943359375
2003-09-05,52.96573257446289
2003-09-08,52.90134811401367
2003-09-09,52.991477966308594
2003-09-10,53.023643493652344
2003-09-11,52.98502731323242
2003-09-12,53.03009033203125
2003-09-15,53.08157730102539
2003-09-16,53.08797073364258
2003-09-17,53.08157730102539
2003-09-18,53.03009033203125
2003-09-19,53.03009033203125
2003-09-22,53.04936981201172
2003-09-23,53.06227111816406
2003-09-24,53.094459533691406
2003-09-25,53.10086441040039
2003-09-26,53.165283203125
2003-09-29,53.13946533203125
2003-09-30,53.24889373779297
2003-10-01,53.257301330566406
2003-10-02,53.257301330566406
2003-10-03,53.12195587158203
2003-10-06,53.160640716552734
2003-10-07,53.109073638916016
2003-10-08,53.109073638916016
2003-10-09,53.10265350341797
2003-10-10,53.134864807128906
2003-10-13,53.141292572021484
2003-10-14,53.0897331237793
2003-10-15,53.02534103393555
2003-10-16,52.90290451049805
2003-10-17,52.967342376708984
2003-10-20,52.97374725341797
2003-10-21,52.98666763305664
2003-10-22,53.04470443725586
2003-10-23,53.03171920776367
2003-10-24,53.09621047973633
2003-10-27,53.03822708129883
2003-10-28,53.12843322753906
2003-10-29,53.070465087890625
2003-10-30,53.02534103393555
2003-10-31,53.03171920776367
2003-11-03,53.00018310546875
2003-11-04,53.03892135620117
2003-11-05,52.98725891113281
2003-11-06,52.92918014526367
2003-11-07,52.884033203125
2003-11-10,52.89690399169922
2003-11-11,52.89690399169922
2003-11-12,52.92918014526367
2003-11-13,53.04530334472656
2003-11-14,53.109867095947266
2003-11-17,53.14213180541992
2003-11-18,53.14851379394531
2003-11-19,53.051780700683594
2003-11-20,53.15507507324219
2003-11-21,53.1356315612793
2003-11-24,53.06470489501953
2003-11-25,53.12274932861328
2003-11-26,53.06470489501953
2003-11-28,53.00018310546875
2003-12-01,52.92778015136719
2003-12-02,52.98598861694336
2003-12-03,52.940704345703125
2003-12-04,52.99237823486328
2003-12-05,53.16034698486328
2003-12-08,53.10222625732422
2003-12-09,53.06991958618164
2003-12-10,53.13458251953125
2003-12-11,53.244380950927734
2003-12-12,53.23145294189453
2003-12-15,53.21852493286133
2003-12-16,53.468292236328125
2003-12-17,53.47479248046875
2003-12-18,53.48775863647461
2003-12-19,53.50071334838867
2003-12-22,53.468292236328125
2003-12-23,53.383914947509766
2003-12-24,53.507205963134766
2003-12-26,53.5526008605957
2003-12-29,53.48125076293945
2003-12-30,53.507205963134766
2003-12-31,53.576045989990234
2004-01-02,53.44613265991211
2004-01-05,53.45263671875
2004-01-06,53.51760482788086
2004-01-07,53.55656814575195
2004-01-08,53.5630989074707
2004-01-09,53.69302749633789
2004-01-12,53.72550582885742
2004-01-13,53.79048156738281
2004-01-14,53.73849105834961
2004-01-15,53.73199462890625
2004-01-16,53.69302749633789
2004-01-20,53.7190055847168
2004-01-21,53.751529693603516
2004-01-22,53.79048156738281
2004-01-23,53.71247482299805
2004-01-26,53.673526763916016
2004-01-27,53.73849105834961
2004-01-28,53.60209655761719
2004-01-29,53.615047454833984
2004-01-30,53.641021728515625
2004-02-02,53.659934997558594
2004-02-03,53.711910247802734
2004-02-04,53.67947006225586
2004-02-05,53.64040756225586
2004-02-06,53.724998474121094
2004-02-09,53.74447250366211
2004-02-10,53.67292785644531
2004-02-11,53.75746536254883
2004-02-12,53.77702713012695
2004-02-13,53.855037689208984
2004-02-17,53.809539794921875
2004-02-18,53.816043853759766
2004-02-19,53.84202575683594
2004-02-20,53.78352355957031
2004-02-23,53.83555221557617
2004-02-24,53.84202575683594
2004-02-25,53.8811149597168
2004-02-26,53.86159133911133
2004-02-27,53.900638580322266
2004-03-01,53.883052825927734
2004-03-02,53.83092498779297
2004-03-03,53.791831970214844
2004-03-04,53.837440490722656
2004-03-05,53.95469284057617
2004-03-08,54.03938674926758
2004-03-09,54.07197952270508
2004-03-10,54.03938674926758
2004-03-11,54.0849723815918
2004-03-12,54.04589080810547
2004-03-15,54.01987075805664
2004-03-16,54.05897521972656
2004-03-17,54.05897521972656
2004-03-18,54.03938674926758
2004-03-19,54.05897521972656
2004-03-22,54.09151840209961
2004-03-23,54.10454177856445
2004-03-24,54.117557525634766
2004-03-25,54.11105728149414
2004-03-26,54.05897521972656
2004-03-29,54.01987075805664
2004-03-30,54.013328552246094
2004-03-31,54.052425384521484
2004-04-01,53.987186431884766
2004-04-02,53.79796600341797
2004-04-05,53.745750427246094
2004-04-06,53.81102752685547
2004-04-07,53.82407760620117
2004-04-08,53.82407760620117
2004-04-12,53.7718505859375
2004-04-13,53.70009994506836
2004-04-14,53.608760833740234
2004-04-15,53.64141082763672
2004-04-16,53.71311569213867
2004-04-19,53.647911071777344
2004-04-20,53.52396011352539
2004-04-21,53.530452728271484
2004-04-22,53.608760833740234
2004-04-23,53.497901916503906
2004-04-26,53.50439453125
2004-04-27,53.56957244873047
2004-04-28,53.45868682861328
2004-04-29,53.45220947265625
2004-04-30,53.478294372558594
2004-05-03,53.50181579589844
2004-05-04,53.48871994018555
2004-05-05,53.46915054321289
2004-05-06,53.4560661315918
2004-05-07,53.23395538330078
2004-05-10,53.26011657714844
2004-05-11,53.2665901184082
2004-05-12,53.27964782714844
2004-05-13,53.25353240966797
2004-05-14,53.33849334716797
2004-05-17,53.41032409667969
2004-05-18,53.35805130004883
2004-05-19,53.331939697265625
2004-05-20,53.35805130004883
2004-05-21,53.35805130004883
2004-05-24,53.371150970458984
2004-05-25,53.371150970458984
2004-05-26,53.46915054321289
2004-05-27,53.49527359008789
2004-05-28,53.475650787353516
2004-06-01,53.399757385253906
2004-06-02,53.367027282714844
2004-06-03,53.3801155090332
2004-06-04,53.295066833496094
2004-06-07,53.314720153808594
2004-06-08,53.3212890625
2004-06-09,53.23623275756836
2004-06-10,53.22964096069336
2004-06-14,53.09223175048828
2004-06-15,53.268924713134766
2004-06-16,53.22964096069336
2004-06-17,53.295066833496094
2004-06-18,53.26239776611328
2004-06-21,53.3016471862793
2004-06-22,53.3212890625
2004-06-23,53.334346771240234
2004-06-24,53.38670349121094
2004-06-25,53.39319610595703
2004-06-28,53.268924713134766
2004-06-29,53.3212890625
2004-06-30,53.46523666381836
2004-07-01,53.47632598876953
2004-07-02,53.620548248291016
2004-07-06,53.607513427734375
2004-07-07,53.614013671875
2004-07-08,53.63364791870117
2004-07-09,53.63364791870117
2004-07-12,53.65335464477539
2004-07-13,53.614013671875
2004-07-14,53.59440231323242
2004-07-15,53.59440231323242
2004-07-16,53.69920349121094
2004-07-19,53.673011779785156
2004-07-20,53.57469177246094
2004-07-21,53.56156921386719
2004-07-22,53.57469177246094
2004-07-23,53.57469177246094
2004-07-26,53.535335540771484
2004-07-27,53.489437103271484
2004-07-28,53.522254943847656
2004-07-29,53.535335540771484
2004-07-30,53.614013671875
2004-08-02,53.65536880493164
2004-08-03,53.66850662231445
2004-08-04,53.66197204589844
2004-08-05,53.69481658935547
2004-08-06,53.885231018066406
2004-08-09,53.87862014770508
2004-08-10,53.747283935546875
2004-08-11,53.83271789550781
2004-08-12,53.84579849243164
2004-08-13,53.898372650146484
2004-08-16,53.885231018066406
2004-08-17,53.937767028808594
2004-08-18,53.92460632324219
2004-08-19,53.957427978515625
2004-08-20,53.92460632324219
2004-08-23,53.87862014770508
2004-08-24,53.90492630004883
2004-08-25,53.885231018066406
2004-08-26,53.937767028808594
2004-08-27,53.918087005615234
2004-08-30,53.931190490722656
2004-08-31,54.0099983215332
2004-09-01,54.02445602416992
2004-09-02,53.938961029052734
2004-09-03,53.866580963134766
2004-09-07,53.866580963134766
2004-09-08,53.94553756713867
2004-09-09,53.952110290527344
2004-09-10,53.965232849121094
2004-09-13,53.97185134887695
2004-09-14,53.98496627807617
2004-09-15,53.952110290527344
2004-09-16,54.04417037963867
2004-09-17,53.9783935546875
2004-09-20,54.06393051147461
2004-09-21,53.98496627807617
2004-09-22,54.037593841552734
2004-09-23,53.97185134887695
2004-09-24,53.938961029052734
2004-09-27,53.97185134887695
2004-09-28,54.004764556884766
2004-09-29,53.938961029052734
2004-09-30,53.95867156982422
2004-10-01,53.920440673828125
2004-10-04,53.927059173583984
2004-10-05,53.93366241455078
2004-10-06,53.88755798339844
2004-10-07,53.867740631103516
2004-10-08,54.006103515625
2004-10-11,54.04559326171875
2004-10-12,54.05880355834961
2004-10-13,54.09833908081055
2004-10-14,54.11151885986328
2004-10-15,54.09175491333008
2004-10-18,54.09833908081055
2004-10-19,54.078590393066406
2004-10-20,54.12472152709961
2004-10-21,54.05880355834961
2004-10-22,54.11151885986328
2004-10-25,54.13126754760742
2004-10-26,54.12472152709961
2004-10-27,54.05221939086914
2004-10-28,54.07197570800781
2004-10-29,54.11813735961914
2004-11-01,54.083763122558594
2004-11-02,54.110164642333984
2004-11-03,54.10357666015625
2004-11-04,54.05739974975586
2004-11-05,53.918827056884766
2004-11-08,53.89242935180664
2004-11-09,53.93199920654297
2004-11-10,53.86600875854492
2004-11-11,53.905609130859375
2004-11-12,53.89242935180664
2004-11-15,53.89242935180664
2004-11-16,53.852813720703125
2004-11-17,53.93199920654297
2004-11-18,53.92540740966797
2004-11-19,53.839683532714844
2004-11-22,53.852813720703125
2004-11-23,53.8462028503418
2004-11-24,53.839683532714844
2004-11-26,53.78679656982422
2004-11-29,53.79341506958008
2004-11-30,53.806636810302734
2004-12-01,53.84297180175781
2004-12-02,53.82317352294922
2004-12-03,53.94212341308594
2004-12-06,53.94874954223633
2004-12-07,53.94874954223633
2004-12-08,53.968658447265625
2004-12-09,53.96196365356445
2004-12-10,53.968658447265625
2004-12-13,53.92890930175781
2004-12-14,53.94212341308594
2004-12-15,53.99504852294922
2004-12-16,53.9355583190918
2004-12-17,53.915706634521484
2004-12-20,53.915706634521484
2004-12-21,53.92232894897461
2004-12-22,53.92232894897461
2004-12-23,53.909095764160156
2004-12-27,53.87605667114258
2004-12-28,53.895877838134766
2004-12-29,53.889251708984375
2004-12-30,53.909095764160156
2004-12-31,53.931640625
2005-01-03,53.93822479248047
2005-01-04,53.819007873535156
2005-01-05,53.832271575927734
2005-01-06,53.858741760253906
2005-01-07,53.865379333496094
2005-01-10,53.832271575927734
2005-01-11,53.845489501953125
2005-01-12,53.85210037231445
2005-01-13,53.91837692260742
2005-01-14,53.89191436767578
2005-01-18,53.87196350097656
2005-01-19,53.878623962402344
2005-01-20,53.92497634887695
2005-01-21,53.97795867919922
2005-01-24,53.94482421875
2005-01-25,53.92497634887695
2005-01-26,53.90514373779297
2005-01-27,53.89191436767578
2005-01-28,53.91837692260742
2005-01-31,53.91177749633789
2005-02-01,53.925636291503906
2005-02-02,53.905738830566406
2005-02-03,53.87255859375
2005-02-04,53.925636291503906
2005-02-07,53.912445068359375
2005-02-08,53.89250564575195
2005-02-09,53.99203872680664
2005-02-10,53.95224380493164
2005-02-11,53.925636291503906
2005-02-14,53.89912033081055
2005-02-15,53.905738830566406
2005-02-16,53.87923049926758
2005-02-17,53.905738830566406
2005-02-18,53.83274841308594
2005-02-22,53.85268020629883
2005-02-23,53.84604263305664
2005-02-24,53.83274841308594
2005-02-25,53.80622863769531
2005-02-28,53.773014068603516
2005-03-01,53.7617301940918
2005-03-02,53.79494857788086
2005-03-03,53.814918518066406
2005-03-04,53.814918518066406
2005-03-07,53.79494857788086
2005-03-08,53.79494857788086
2005-03-09,53.77501678466797
2005-03-10,53.73512268066406
2005-03-11,53.72183609008789
2005-03-14,53.70185470581055
2005-03-15,53.68190002441406
2005-03-16,53.74847412109375
2005-03-17,53.768394470214844
2005-03-18,53.741783142089844
2005-03-21,53.77501678466797
2005-03-22,53.68190002441406
2005-03-23,53.67528533935547
2005-03-24,53.68857192993164
2005-03-28,53.661956787109375
2005-03-29,53.70185470581055
2005-03-30,53.708553314208984
2005-03-31,53.781700134277344
2005-04-01,53.81498718261719
2005-04-04,53.81498718261719
2005-04-05,53.82831954956055
2005-04-06,53.86834716796875
2005-04-07,53.84831619262695
2005-04-08,53.84169387817383
2005-04-11,53.84169387817383
2005-04-12,53.875038146972656
2005-04-13,53.95498275756836
2005-04-14,54.00162124633789
2005-04-15,54.08829879760742
2005-04-18,54.061676025390625
2005-04-19,54.12828063964844
2005-04-20,54.108314514160156
2005-04-21,54.014984130859375
2005-04-22,54.02832794189453
2005-04-25,54.041648864746094
2005-04-26,54.02832794189453
2005-04-27,54.0683479309082
2005-04-28,54.114990234375
2005-04-29,54.061676025390625
2005-05-02,54.0683479309082
2005-05-03,54.101749420166016
2005-05-04,54.12179183959961
2005-05-05,54.17525100708008
2005-05-06,54.05494689941406
2005-05-09,54.028236389160156
2005-05-10,54.0683479309082
2005-05-11,54.101749420166016
2005-05-12,54.128440856933594
2005-05-13,54.18861770629883
2005-05-16,54.17525100708008
2005-05-17,54.17525100708008
2005-05-18,54.22867202758789
2005-05-19,54.14851760864258
2005-05-20,54.14851760864258
2005-05-23,54.181888580322266
2005-05-24,54.215309143066406
2005-05-25,54.23538589477539
2005-05-26,54.215309143066406
2005-05-27,54.23538589477539
2005-05-31,54.27544021606445
2005-06-01,54.38262176513672
2005-06-02,54.36251449584961
2005-06-03,54.295570373535156
2005-06-06,54.32233428955078
2005-06-07,54.33576965332031
2005-06-08,54.32233428955078
2005-06-09,54.288848876953125
2005-06-10,54.24200439453125
2005-06-13,54.24200439453125
2005-06-14,54.2553596496582
2005-06-15,54.24200439453125
2005-06-16,54.288848876953125
2005-06-17,54.282203674316406
2005-06-20,54.268733978271484
2005-06-21,54.27542495727539
2005-06-22,54.3959846496582
2005-06-23,54.37594985961914
2005-06-24,54.402713775634766
2005-06-27,54.42277908325195
2005-06-28,54.36251449584961
2005-06-29,54.37594985961914
2005-06-30,54.409461975097656
2005-07-01,54.259010314941406
2005-07-05,54.27244567871094
2005-07-06,54.3060188293457
2005-07-07,54.353004455566406
2005-07-08,54.292625427246094
2005-07-11,54.252342224121094
2005-07-12,54.252342224121094
2005-07-13,54.259010314941406
2005-07-14,54.259010314941406
2005-07-15,54.26575469970703
2005-07-18,54.252342224121094
2005-07-19,54.27244567871094
2005-07-20,54.26575469970703
2005-07-21,54.212066650390625
2005-07-22,54.26575469970703
2005-07-25,54.24562454223633
2005-07-26,54.23221206665039
2005-07-27,54.23221206665039
2005-07-28,54.23887252807617
2005-07-29,54.205352783203125
2005-08-01,54.172386169433594
2005-08-02,54.179073333740234
2005-08-03,54.199302673339844
2005-08-04,54.199302673339844
2005-08-05,54.15216064453125
2005-08-08,54.0983772277832
2005-08-09,54.15890121459961
2005-08-10,54.15890121459961
2005-08-11,54.199302673339844
2005-08-12,54.26659393310547
2005-08-15,54.23963165283203
2005-08-16,54.26659393310547
2005-08-17,54.28001022338867
2005-08-18,54.32708740234375
2005-08-19,54.30693054199219
2005-08-22,54.31369400024414
2005-08-23,54.367496490478516
2005-08-24,54.37419891357422
2005-08-25,54.367496490478516
2005-08-26,54.32708740234375
2005-08-29,54.34053421020508
2005-08-30,54.42133712768555
2005-08-31,54.56255340576172
2005-09-01,54.62873840332031
2005-09-02,54.69618225097656
2005-09-06,54.60847854614258
2005-09-07,54.56797790527344
2005-09-08,54.541015625
2005-09-09,54.55448532104492
2005-09-12,54.534278869628906
2005-09-13,54.56797790527344
2005-09-14,54.56128692626953
2005-09-15,54.5477180480957
2005-09-16,54.50728988647461
2005-09-19,54.5207633972168
2005-09-20,54.48033142089844
2005-09-21,54.534278869628906
2005-09-22,54.55448532104492
2005-09-23,54.50728988647461
2005-09-26,54.46680450439453
2005-09-27,54.446537017822266
2005-09-28,54.46680450439453
2005-09-29,54.446537017822266
2005-09-30,54.39933776855469
2005-10-03,54.37495040893555
2005-10-04,54.368194580078125
2005-10-05,54.395267486572266
2005-10-06,54.395267486572266
2005-10-07,54.435848236083984
2005-10-10,54.42906188964844
2005-10-11,54.41554641723633
2005-10-12,54.37495040893555
2005-10-13,54.37495040893555
2005-10-14,54.38849639892578
2005-10-17,54.36146545410156
2005-10-18,54.4088134765625
2005-10-19,54.435848236083984
2005-10-20,54.435848236083984
2005-10-21,54.46968078613281
2005-10-24,54.44939422607422
2005-10-25,54.35464096069336
2005-10-26,54.334381103515625
2005-10-27,54.37495040893555
2005-10-28,54.37495040893555
2005-10-31,54.35464096069336
2005-11-01,54.369606018066406
2005-11-02,54.36281204223633
2005-11-03,54.33566665649414
2005-11-04,54.33566665649414
2005-11-07,54.32890319824219
2005-11-08,54.39676284790039
2005-11-09,54.32890319824219
2005-11-10,54.40351486206055
2005-11-11,54.42388153076172
2005-11-14,54.34244918823242
2005-11-15,54.383155822753906
2005-11-16,54.451053619384766
2005-11-17,54.4985466003418
2005-11-18,54.4985466003418
2005-11-21,54.532447814941406
2005-11-22,54.60710144042969
2005-11-23,54.53923034667969
2005-11-25,54.58671188354492
2005-11-28,54.60033416748047
2005-11-29,54.55961227416992
2005-11-30,54.56639862060547
2005-12-01,54.51261901855469
2005-12-02,54.560218811035156
2005-12-05,54.499019622802734
2005-12-06,54.57384490966797
2005-12-07,54.58069610595703
2005-12-08,54.648746490478516
2005-12-09,54.59428024291992
2005-12-12,54.58745193481445
2005-12-13,54.61470031738281
2005-12-14,54.67599868774414
2005-12-15,54.67599868774414
2005-12-16,54.70999526977539
2005-12-19,54.67599868774414
2005-12-20,54.66914749145508
2005-12-21,54.66914749145508
2005-12-22,54.71680450439453
2005-12-23,54.74398422241211
2005-12-27,54.750823974609375
2005-12-28,54.81843185424805
2005-12-29,54.77743911743164
2005-12-30,54.75691604614258
2006-01-03,54.83206558227539
2006-01-04,54.88667297363281
2006-01-05,54.838871002197266
2006-01-06,54.852535247802734
2006-01-09,54.85934829711914
2006-01-10,54.80473709106445
2006-01-11,54.80473709106445
2006-01-12,54.83206558227539
2006-01-13,54.941314697265625
2006-01-17,54.92080307006836
2006-01-18,54.913944244384766
2006-01-19,54.92080307006836
2006-01-20,54.941314697265625
2006-01-23,54.94813537597656
2006-01-24,54.934478759765625
2006-01-25,54.85934829711914
2006-01-26,54.8662109375
2006-01-27,54.82524108886719
2006-01-30,54.852535247802734
2006-01-31,54.852535247802734
2006-02-01,54.80255889892578
2006-02-02,54.80255889892578
2006-02-03,54.82992935180664
2006-02-06,54.80255889892578
2006-02-07,54.80940246582031
2006-02-08,54.78886032104492
2006-02-09,54.77515411376953
2006-02-10,54.73408126831055
2006-02-13,54.77515411376953
2006-02-14,54.77515411376953
2006-02-15,54.768306732177734
2006-02-16,54.80940246582031
2006-02-17,54.85049057006836
2006-02-21,54.80940246582031
2006-02-22,54.85049057006836
2006-02-23,54.80255889892578
2006-02-24,54.823089599609375
2006-02-27,54.79570007324219
2006-02-28,54.87104034423828
2006-03-01,54.842796325683594
2006-03-02,54.86344528198242
2006-03-03,54.80849838256836
2006-03-06,54.82907485961914
2006-03-07,54.82907485961914
2006-03-08,54.86344528198242
2006-03-09,54.884117126464844
2006-03-10,54.82907485961914
2006-03-13,54.82907485961914
2006-03-14,54.939048767089844
2006-03-15,54.95281982421875
2006-03-16,55.04902267456055
2006-03-17,55.028377532958984
2006-03-20,55.05586242675781
2006-03-21,54.95966339111328
2006-03-22,54.973445892333984
2006-03-23,54.95966339111328
2006-03-24,55.03528594970703
2006-03-27,55.02155303955078
2006-03-28,54.973445892333984
2006-03-29,54.973445892333984
2006-03-30,54.94590759277344
2006-03-31,54.9665412902832
2006-04-03,54.93619155883789
2006-04-04,54.977577209472656
2006-04-05,54.98448181152344
2006-04-06,54.977577209472656
2006-04-07,54.94309616088867
2006-04-10,54.95689392089844
2006-04-11,55.00517272949219
2006-04-12,54.97062683105469
2006-04-13,54.96381378173828
2006-04-17,54.99824142456055
2006-04-18,55.07411575317383
2006-04-19,55.06032943725586
2006-04-20,55.03961944580078
2006-04-21,55.03961944580078
2006-04-24,55.067230224609375
2006-04-25,55.025794982910156
2006-04-26,54.98448181152344
2006-04-27,55.07411575317383
2006-04-28,55.0879020690918
2006-05-01,55.05538558959961
2006-05-02,55.062286376953125
2006-05-03,55.062286376953125
2006-05-04,55.069252014160156
2006-05-05,55.08306884765625
2006-05-08,55.076114654541016
2006-05-09,55.08306884765625
2006-05-10,55.08306884765625
2006-05-11,55.10383224487305
2006-05-12,55.08306884765625
2006-05-15,55.11071014404297
2006-05-16,55.15912628173828
2006-05-17,55.13145065307617
2006-05-18,55.18682861328125
2006-05-19,55.1729850769043
2006-05-22,55.1729850769043
2006-05-23,55.20750045776367
2006-05-24,55.242156982421875
2006-05-25,55.242156982421875
2006-05-26,55.26287078857422
2006-05-30,55.22138595581055
2006-05-31,55.17987823486328
2006-06-01,55.24790954589844
2006-06-02,55.331207275390625
2006-06-05,55.28262710571289
2006-06-06,55.28262710571289
2006-06-07,55.24790954589844
2006-06-08,55.31036376953125
2006-06-09,55.31036376953125
2006-06-12,55.31728744506836
2006-06-13,55.303443908691406
2006-06-14,55.24790954589844
2006-06-15,55.234031677246094
2006-06-16,55.206298828125
2006-06-19,55.185462951660156
2006-06-20,55.17847442626953
2006-06-21,55.19239807128906
2006-06-22,55.16464614868164
2006-06-23,55.150733947753906
2006-06-26,55.157676696777344
2006-06-27,55.19239807128906
2006-06-28,55.16464614868164
2006-06-29,55.261802673339844
2006-06-30,55.31036376953125
2006-07-03,55.30198669433594
2006-07-05,55.25328826904297
2006-07-06,55.29506301879883
2006-07-07,55.336830139160156
2006-07-10,55.336830139160156
2006-07-11,55.336830139160156
2006-07-12,55.35774612426758
2006-07-13,55.427398681640625
2006-07-14,55.43434524536133
2006-07-17,55.427398681640625
2006-07-18,55.385589599609375
2006-07-19,55.462188720703125
2006-07-20,55.53181838989258
2006-07-21,55.51795959472656
2006-07-24,55.51795959472656
2006-07-25,55.50403594970703
2006-07-26,55.57365798950195
2006-07-27,55.60151672363281
2006-07-28,55.67116165161133
2006-07-31,55.67810821533203
2006-08-01,55.712371826171875
2006-08-02,55.712371826171875
2006-08-03,55.70537185668945
2006-08-04,55.754329681396484
2006-08-07,55.77530288696289
2006-08-08,55.80327224731445
2006-08-09,55.824222564697266
2006-08-10,55.810237884521484
2006-08-11,55.76129913330078
2006-08-14,55.73331069946289
2006-08-15,55.810237884521484
2006-08-16,55.901100158691406
2006-08-17,55.89412307739258
2006-08-18,55.91510009765625
2006-08-21,55.95005416870117
2006-08-22,55.94308853149414
2006-08-23,55.92910385131836
2006-08-24,55.96400833129883
2006-08-25,55.97803497314453
2006-08-28,55.99199676513672
2006-08-29,56.012969970703125
2006-08-30,56.04789733886719
2006-08-31,56.09680938720703
2006-09-01,56.160701751708984
2006-09-05,56.09755325317383
2006-09-06,56.09755325317383
2006-09-07,56.09755325317383
2006-09-08,56.13262939453125
2006-09-11,56.12559509277344
2006-09-12,56.1536865234375
2006-09-13,56.160701751708984
2006-09-14,56.111572265625
2006-09-15,56.13262939453125
2006-09-18,56.12559509277344
2006-09-19,56.20279312133789
2006-09-20,56.22385787963867
2006-09-21,56.322021484375
2006-09-22,56.35011291503906
2006-09-25,56.39924621582031
2006-09-26,56.336090087890625
2006-09-27,56.37819290161133
2006-09-28,56.39924621582031
2006-09-29,56.34307098388672
2006-10-02,56.4093017578125
2006-10-03,56.416358947753906
2006-10-04,56.5149040222168
2006-10-05,56.45859146118164
2006-10-06,56.388160705566406
2006-10-09,56.395206451416016
2006-10-10,56.31773376464844
2006-10-11,56.31069564819336
2006-10-12,56.33888244628906
2006-10-13,56.31773376464844
2006-10-16,56.34589767456055
2006-10-17,56.35295867919922
2006-10-18,56.360015869140625
2006-10-19,56.35295867919922
2006-10-20,56.374061584472656
2006-10-23,56.34589767456055
2006-10-24,56.34589767456055
2006-10-25,56.4093017578125
2006-10-26,56.479671478271484
2006-10-27,56.53606033325195
2006-10-30,56.500831604003906
2006-10-31,56.5782470703125
2006-11-01,56.618560791015625
2006-11-02,56.60442352294922
2006-11-03,56.49839401245117
2006-11-06,56.4913330078125
2006-11-07,56.562007904052734
2006-11-08,56.590293884277344
2006-11-09,56.58322525024414
2006-11-10,56.62565612792969
2006-11-13,56.62565612792969
2006-11-14,56.632694244384766
2006-11-15,56.59737014770508
2006-11-16,56.5761604309082
2006-11-17,56.64683151245117
2006-11-20,56.66099548339844
2006-11-21,56.675086975097656
2006-11-22,56.717533111572266
2006-11-24,56.72453689575195
2006-11-27,56.75992202758789
2006-11-28,56.788177490234375
2006-11-29,56.788177490234375
2006-11-30,56.85182571411133
2006-12-01,56.96317672729492
2006-12-04,56.956050872802734
2006-12-05,56.956050872802734
2006-12-06,56.948974609375
2006-12-07,56.934749603271484
2006-12-08,56.86387634277344
2006-12-11,56.87095642089844
2006-12-12,56.948974609375
2006-12-13,56.87095642089844
2006-12-14,56.84257888793945
2006-12-15,56.86387634277344
2006-12-18,56.86387634277344
2006-12-19,56.87095642089844
2006-12-20,56.9063720703125
2006-12-21,56.948974609375
2006-12-22,56.941871643066406
2006-12-26,56.941871643066406
2006-12-27,56.91057586669922
2006-12-28,56.87499237060547
2006-12-29,56.889251708984375
2007-01-03,56.94613265991211
2007-01-04,57.00300216674805
2007-01-05,56.96748352050781
2007-01-08,56.931922912597656
2007-01-09,56.9532356262207
2007-01-10,56.93898010253906
2007-01-11,56.896366119384766
2007-01-12,56.86077880859375
2007-01-16,56.91768264770508
2007-01-17,56.896366119384766
2007-01-18,56.91768264770508
2007-01-19,56.91057586669922
2007-01-22,56.931922912597656
2007-01-23,56.903472900390625
2007-01-24,56.931922912597656
2007-01-25,56.889251708984375
2007-01-26,56.896366119384766
2007-01-29,56.903472900390625
2007-01-30,56.91768264770508
2007-01-31,56.98170852661133
2007-02-01,56.97454833984375
2007-02-02,56.995975494384766
2007-02-05,56.98169708251953
2007-02-06,57.04597473144531
2007-02-07,57.0745735168457
2007-02-08,57.095985412597656
2007-02-09,57.038856506347656
2007-02-12,57.038856506347656
2007-02-13,57.03171920776367
2007-02-14,57.16025924682617
2007-02-15,57.18885803222656
2007-02-16,57.20307159423828
2007-02-20,57.19597244262695
2007-02-21,57.231666564941406
2007-02-22,57.19597244262695
2007-02-23,57.26021957397461
2007-02-26,57.303096771240234
2007-02-27,57.43875503540039
2007-02-28,57.39595031738281
2007-03-01,57.47544860839844
2007-03-02,57.539974212646484
2007-03-05,57.56145095825195
2007-03-06,57.51124572753906
2007-03-07,57.56861114501953
2007-03-08,57.56861114501953
2007-03-09,57.468292236328125
2007-03-12,57.51847839355469
2007-03-13,57.59731674194336
2007-03-14,57.61162185668945
2007-03-15,57.59731674194336
2007-03-16,57.590084075927734
2007-03-19,57.539974212646484
2007-03-20,57.590084075927734
2007-03-21,57.68326950073242
2007-03-22,57.62590408325195
2007-03-23,57.590084075927734
2007-03-26,57.64740753173828
2007-03-27,57.654605865478516
2007-03-28,57.68326950073242
2007-03-29,57.654605865478516
2007-03-30,57.654605865478516
2007-04-02,57.66543197631836
2007-04-03,57.66543197631836
2007-04-04,57.701324462890625
2007-04-05,57.679779052734375
2007-04-09,57.55035400390625
2007-04-10,57.62226486206055
2007-04-11,57.62226486206055
2007-04-12,57.615089416503906
2007-04-13,57.586299896240234
2007-04-16,57.57908630371094
2007-04-17,57.672550201416016
2007-04-18,57.75171661376953
2007-04-19,57.75171661376953
2007-04-20,57.737300872802734
2007-04-23,57.780452728271484
2007-04-24,57.83079528808594
2007-04-25,57.80927276611328
2007-04-26,57.76602554321289
2007-04-27,57.78766632080078
2007-04-30,57.83079528808594
2007-05-01,57.80625534057617
2007-05-02,57.835166931152344
2007-05-03,57.79183578491211
2007-05-04,57.82072448730469
2007-05-07,57.82072448730469
2007-05-08,57.849578857421875
2007-05-09,57.80625534057617
2007-05-10,57.85681915283203
2007-05-11,57.835166931152344
2007-05-14,57.79183578491211
2007-05-15,57.80625534057617
2007-05-16,57.86399459838867
2007-05-17,57.827945709228516
2007-05-18,57.77015686035156
2007-05-21,57.78459930419922
2007-05-22,57.79910659790039
2007-05-23,57.78459930419922
2007-05-24,57.80625534057617
2007-05-25,57.84236526489258
2007-05-29,57.78459930419922
2007-05-30,57.827945709228516
2007-05-31,57.79183578491211
2007-06-01,57.76213455200195
2007-06-04,57.783870697021484
2007-06-05,57.73312759399414
2007-06-06,57.80560302734375
2007-06-07,57.74040603637695
2007-06-08,57.76213455200195
2007-06-11,57.76935577392578
2007-06-12,57.71870040893555
2007-06-13,57.73312759399414
2007-06-14,57.73312759399414
2007-06-15,57.812843322753906
2007-06-18,57.812843322753906
2007-06-19,57.914222717285156
2007-06-20,57.856292724609375
2007-06-21,57.87800979614258
2007-06-22,57.95768737792969
2007-06-25,58.008453369140625
2007-06-26,57.97218322753906
2007-06-27,57.96499252319336
2007-06-28,57.95045852661133
2007-06-29,58.066383361816406
2007-07-02,58.10414505004883
2007-07-03,58.08233642578125
2007-07-05,58.002357482910156
2007-07-06,57.995140075683594
2007-07-09,58.03874206542969
2007-07-10,58.14780807495117
2007-07-11,58.118736267089844
2007-07-12,58.08233642578125
2007-07-13,58.11144256591797
2007-07-16,58.169612884521484
2007-07-17,58.13325119018555
2007-07-18,58.22053527832031
2007-07-19,58.213260650634766
2007-07-20,58.30778121948242
2007-07-23,58.26418685913086
2007-07-24,58.322288513183594
2007-07-25,58.36595916748047
2007-07-26,58.50409698486328
2007-07-27,58.56956481933594
2007-07-30,58.49679946899414
2007-07-31,58.59135055541992
2007-08-01,58.5344123840332
2007-08-02,58.56360626220703
2007-08-03,58.70958709716797
2007-08-06,58.6366081237793
2007-08-07,58.58552551269531
2007-08-08,58.54172897338867
2007-08-09,58.70958709716797
2007-08-10,58.68769836425781
2007-08-13,58.73883056640625
2007-08-14,58.81904220581055
2007-08-15,58.89931869506836
2007-08-16,59.01613998413086
2007-08-17,59.06718444824219
2007-08-20,59.14017105102539
2007-08-21,59.220455169677734
2007-08-22,59.14017105102539
2007-08-23,59.10367965698242
2007-08-24,58.9942741394043
2007-08-27,59.074527740478516
2007-08-28,59.22779083251953
2007-08-29,59.154815673828125
2007-08-30,59.20589065551758
2007-08-31,59.20589065551758
2007-09-04,59.202964782714844
2007-09-05,59.35682678222656
2007-09-06,59.28355407714844
2007-09-07,59.48862838745117
2007-09-10,59.51064682006836
2007-09-11,59.422706604003906
2007-09-12,59.47405242919922
2007-09-13,59.38608169555664
2007-09-14,59.37881851196289
2007-09-17,59.37145233154297
2007-09-18,59.45204544067383
2007-09-19,59.45204544067383
2007-09-20,59.32746505737305
2007-09-21,59.40807342529297
2007-09-24,59.47405242919922
2007-09-25,59.525299072265625
2007-09-26,59.48862838745117
2007-09-27,59.598548889160156
2007-09-28,59.532649993896484
2007-10-01,59.54515075683594
2007-10-02,59.58192443847656
2007-10-03,59.57453918457031
2007-10-04,59.60395431518555
2007-10-05,59.537757873535156
2007-10-08,59.59660720825195
2007-10-09,59.46427536010742
2007-10-10,59.47898483276367
2007-10-11,59.493656158447266
2007-10-12,59.42753219604492
2007-10-15,59.42753219604492
2007-10-16,59.501041412353516
2007-10-17,59.640689849853516
2007-10-18,59.72160720825195
2007-10-19,59.87605667114258
2007-10-22,59.824588775634766
2007-10-23,59.83192825317383
2007-10-24,59.94953155517578
2007-10-25,59.912818908691406
2007-10-26,59.92012023925781
2007-10-29,59.92012023925781
2007-10-30,59.912818908691406
2007-10-31,59.81719207763672
2007-11-01,60.01129150390625
2007-11-02,60.08517837524414
2007-11-05,60.07774353027344
2007-11-06,60.04081344604492
2007-11-07,60.21061325073242
2007-11-08,60.30653381347656
2007-11-09,60.32865524291992
2007-11-12,60.468910217285156
2007-11-13,60.28440856933594
2007-11-14,60.313934326171875
2007-11-15,60.51316452026367
2007-11-16,60.51316452026367
2007-11-19,60.71248245239258
2007-11-20,60.69034957885742
2007-11-21,60.882164001464844
2007-11-23,60.81584548950195
2007-11-26,60.98554229736328
2007-11-27,60.801002502441406
2007-11-28,60.74931335449219
2007-11-29,60.86007308959961
2007-11-30,60.889583587646484
2007-12-03,61.02730178833008
2007-12-04,61.019935607910156
2007-12-05,61.04215621948242
2007-12-06,60.91626739501953
2007-12-07,60.84961700439453
2007-12-10,60.805152893066406
2007-12-11,61.02730178833008
2007-12-12,60.87179946899414
2007-12-13,60.782962799072266
2007-12-14,60.63486099243164
2007-12-17,60.81254196166992
2007-12-18,60.775550842285156
2007-12-19,60.93107986450195
2007-12-20,60.9754753112793
2007-12-21,60.879249572753906
2007-12-24,60.82741165161133
2007-12-26,60.76812744140625
2007-12-27,60.9011344909668
2007-12-28,60.97544860839844
2007-12-31,61.072105407714844
2008-01-02,61.18349075317383
2008-01-03,61.28008270263672
2008-01-04,61.36930847167969
2008-01-07,61.332122802734375
2008-01-08,61.42131042480469
2008-01-09,61.39160919189453
2008-01-10,61.39160919189453
2008-01-11,61.56247329711914
2008-01-14,61.58477783203125
2008-01-15,61.63679122924805
2008-01-16,61.6888313293457
2008-01-17,61.79281997680664
2008-01-18,61.84486770629883
2008-01-22,62.10490036010742
2008-01-23,62.07517623901367
2008-01-24,61.88199996948242
2008-01-25,62.04548263549805
2008-01-28,62.01567459106445
2008-01-29,61.978641510009766
2008-01-30,62.02321243286133
2008-01-31,62.08263397216797
2008-02-01,62.150447845458984
2008-02-04,62.1578369140625
2008-02-05,62.2994270324707
2008-02-06,62.321773529052734
2008-02-07,62.23981857299805
2008-02-08,62.35153579711914
2008-02-11,62.37393569946289
2008-02-12,62.39628982543945
2008-02-13,62.41864013671875
2008-02-14,62.37393569946289
2008-02-15,62.3068962097168
2008-02-19,62.262142181396484
2008-02-20,62.187713623046875
2008-02-21,62.35906219482422
2008-02-22,62.2919921875
2008-02-25,62.19512176513672
2008-02-26,62.284507751464844
2008-02-27,62.35906219482422
2008-02-28,62.5080451965332
2008-02-29,62.724082946777344
2008-03-03,62.72636795043945
2008-03-04,62.71137237548828
2008-03-05,62.674102783203125
2008-03-06,62.860687255859375
2008-03-07,62.83085250854492
2008-03-10,62.89798355102539
2008-03-11,62.58451843261719
2008-03-12,62.7861328125
2008-03-13,62.75619125366211
2008-03-14,62.942813873291016
2008-03-17,63.08457565307617
2008-03-18,62.860687255859375
2008-03-19,62.927886962890625
2008-03-20,62.85322189331055
2008-03-24,62.591957092285156
2008-03-25,62.63677215576172
2008-03-26,62.77110290527344
2008-03-27,62.8382682800293
2008-03-28,62.86818313598633
2008-03-31,62.883094787597656
2008-04-01,62.65566635131836
2008-04-02,62.60334777832031
2008-04-03,62.558494567871094
2008-04-04,62.6706657409668
2008-04-07,62.55098342895508
2008-04-08,62.588375091552734
2008-04-09,62.70807647705078
2008-04-10,62.685585021972656
2008-04-11,62.79035186767578
2008-04-14,62.752906799316406
2008-04-15,62.6706657409668
2008-04-16,62.53596115112305
2008-04-17,62.4238166809082
2008-04-18,62.38639831542969
2008-04-21,62.32655334472656
2008-04-22,62.348995208740234
2008-04-23,62.348995208740234
2008-04-24,62.17695617675781
2008-04-25,62.18439865112305
2008-04-28,62.251705169677734
2008-04-29,62.23676681518555
2008-04-30,62.35642623901367
2008-05-01,62.245548248291016
2008-05-02,62.1630973815918
2008-05-05,62.23054885864258
2008-05-06,62.2680549621582
2008-05-07,62.34294509887695
2008-05-08,62.39550018310547
2008-05-09,62.41798782348633
2008-05-12,62.29801559448242
2008-05-13,62.19306945800781
2008-05-14,62.14809036254883
2008-05-15,62.20060348510742
2008-05-16,62.21556091308594
2008-05-19,62.28304672241211
2008-05-20,62.37293243408203
2008-05-21,62.305572509765625
2008-05-22,62.133094787597656
2008-05-23,62.25299072265625
2008-05-27,62.18558883666992
2008-05-28,62.07312774658203
2008-05-29,62.05064010620117
2008-05-30,62.14057540893555
2008-06-02,62.26313400268555
2008-06-03,62.35329055786133
2008-06-04,62.33075714111328
2008-06-05,62.248077392578125
2008-06-06,62.33075714111328
2008-06-09,62.01511764526367
2008-06-10,61.87235641479492
2008-06-11,61.97755813598633
2008-06-12,61.676918029785156
2008-06-13,61.74456787109375
2008-06-16,61.782169342041016
2008-06-17,61.902408599853516
2008-06-18,61.96247482299805
2008-06-19,61.842288970947266
2008-06-20,61.95500183105469
2008-06-23,61.88731002807617
2008-06-24,62.0001106262207
2008-06-25,62.04521942138672
2008-06-26,62.225528717041016
2008-06-27,62.25560760498047
2008-06-30,62.29316329956055
2008-07-01,62.277347564697266
2008-07-02,62.28485107421875
2008-07-03,62.390357971191406
2008-07-07,62.428077697753906
2008-07-08,62.435630798339844
2008-07-09,62.54111099243164
2008-07-10,62.46571731567383
2008-07-11,62.33761978149414
2008-07-14,62.48080062866211
2008-07-15,62.571231842041016
2008-07-16,62.51091766357422
2008-07-17,62.42048645019531
2008-07-18,62.30743408203125
2008-07-21,62.33761978149414
2008-07-22,62.28485107421875
2008-07-23,62.2547492980957
2008-07-24,62.428077697753906
2008-07-25,62.34510803222656
2008-07-28,62.47327423095703
2008-07-29,62.42048645019531
2008-07-30,62.435630798339844
2008-07-31,62.563716888427734
2008-08-01,62.5757942199707
2008-08-04,62.56822204589844
2008-08-05,62.537994384765625
2008-08-06,62.545509338378906
2008-08-07,62.681644439697266
2008-08-08,62.628665924072266
2008-08-11,62.545509338378906
2008-08-12,62.65895080566406
2008-08-13,62.651336669921875
2008-08-14,62.67402648925781
2008-08-15,62.71944046020508
2008-08-18,62.772308349609375
2008-08-19,62.81769943237305
2008-08-20,62.900821685791016
2008-08-21,62.847904205322266
2008-08-22,62.73455810546875
2008-08-25,62.84039306640625
2008-08-26,62.81769943237305
2008-08-27,62.85546112060547
2008-08-28,62.82526397705078
2008-08-29,62.85546112060547
2008-09-02,62.935054779052734
2008-09-03,62.9577751159668
2008-09-04,62.995697021484375
2008-09-05,62.97298049926758
2008-09-08,62.94261932373047
2008-09-09,63.041168212890625
2008-09-10,63.056304931640625
2008-09-11,63.03364562988281
2008-09-12,63.041168212890625
2008-09-15,63.488433837890625
2008-09-16,63.374752044677734
2008-09-17,63.67795181274414
2008-09-18,63.47325134277344
2008-09-19,63.11701202392578
2008-09-22,63.16250228881836
2008-09-23,63.20799255371094
2008-09-24,63.34441375732422
2008-09-25,63.2307014465332
2008-09-26,63.2307014465332
2008-09-29,63.59457778930664
2008-09-30,63.34441375732422
2008-10-01,63.542198181152344
2008-10-02,63.67913055419922
2008-10-03,63.8539924621582
2008-10-06,63.983360290527344
2008-10-07,63.998573303222656
2008-10-08,63.72465896606445
2008-10-09,63.76274871826172
2008-10-10,63.861637115478516
2008-10-13,63.58020782470703
2008-10-14,63.595458984375
2008-10-15,63.80839920043945
2008-10-16,63.770320892333984
2008-10-17,63.81596755981445
2008-10-20,63.770320892333984
2008-10-21,63.89968490600586
2008-10-22,63.99095916748047
2008-10-23,63.95293045043945
2008-10-24,64.00617218017578
2008-10-27,63.84640121459961
2008-10-28,63.92246627807617
2008-10-29,63.960514068603516
2008-10-30,64.01375579833984
2008-10-31,64.04420471191406
2008-11-03,64.1640853881836
2008-11-04,64.1412124633789
2008-11-05,64.2557601928711
2008-11-06,64.27859497070312
2008-11-07,64.1640853881836
2008-11-10,64.36261749267578
2008-11-11,64.40841674804688
2008-11-12,64.50769805908203
2008-11-13,64.34733581542969
2008-11-14,64.33208465576172
2008-11-17,64.44661712646484
2008-11-18,64.51535034179688
2008-11-19,64.6069107055664
2008-11-20,64.72908020019531
2008-11-21,64.62226867675781
2008-11-24,64.46187591552734
2008-11-25,64.51535034179688
2008-11-26,64.7138900756836
2008-11-28,64.75200653076172
2008-12-01,64.8585205078125
2008-12-02,64.85086059570312
2008-12-03,64.90451049804688
2008-12-04,64.91978454589844
2008-12-05,64.84320831298828
2008-12-08,64.75128936767578
2008-12-09,64.95051574707031
2008-12-10,64.8661880493164
2008-12-11,65.0194091796875
2008-12-12,65.05009460449219
2008-12-15,65.09600067138672
2008-12-16,65.12674713134766
2008-12-17,64.9887466430664
2008-12-18,65.0194091796875
2008-12-19,64.95811462402344
2008-12-22,64.83556365966797
2008-12-23,64.85086059570312
2008-12-24,64.8661880493164
2008-12-26,64.94279479980469
2008-12-29,65.08585357666016
2008-12-30,65.14741516113281
2008-12-31,65.11660766601562
2009-01-02,64.7705078125
2009-01-05,64.90128326416016
2009-01-06,64.93203735351562
2009-01-07,64.88590240478516
2009-01-08,64.90128326416016
2009-01-09,64.94742584228516
2009-01-12,64.96281433105469
2009-01-13,64.97046661376953
2009-01-14,65.0473861694336
2009-01-15,64.97822570800781
2009-01-16,65.00901794433594
2009-01-20,65.03974914550781
2009-01-21,64.93973541259766
2009-01-22,64.97046661376953
2009-01-23,64.9550552368164
2009-01-26,64.87051391601562
2009-01-27,64.93973541259766
2009-01-28,64.91670227050781
2009-01-29,64.79361724853516
2009-01-30,64.83206176757812
2009-02-02,64.89209747314453
2009-02-03,64.82279205322266
2009-02-04,64.7149429321289
2009-02-05,64.73035430908203
2009-02-06,64.69180297851562
2009-02-09,64.66873931884766
2009-02-10,64.81513214111328
2009-02-11,64.7996597290039
2009-02-12,64.876708984375
2009-02-13,64.75342559814453
2009-02-17,64.92288970947266
2009-02-18,64.81513214111328
2009-02-19,64.79200744628906
2009-02-20,64.84589385986328
2009-02-23,64.83818817138672
2009-02-24,64.79200744628906
2009-02-25,64.66873931884766
2009-02-26,64.6995620727539
2009-02-27,64.73805236816406
2009-03-02,64.88388061523438
2009-03-03,64.82986450195312
2009-03-04,64.76042938232422
2009-03-05,64.83757019042969
2009-03-06,64.79127502441406
2009-03-09,64.72957611083984
2009-03-10,64.69093322753906
2009-03-11,64.7218246459961
2009-03-12,64.74495697021484
2009-03-13,64.79895782470703
2009-03-16,64.71415710449219
2009-03-17,64.69866180419922
2009-03-18,64.94559478759766
2009-03-19,64.86849212646484
2009-03-20,64.94559478759766
2009-03-23,64.89161682128906
2009-03-24,64.80672454833984
2009-03-25,64.79127502441406
2009-03-26,64.87614440917969
2009-03-27,64.90702819824219
2009-03-30,64.96873474121094
2009-03-31,65.06137084960938
2009-04-01,65.04666137695312
2009-04-02,64.9384765625
2009-04-03,64.7916259765625
2009-04-06,64.8380126953125
2009-04-07,64.86114501953125
2009-04-08,64.86114501953125
2009-04-09,64.78390502929688
2009-04-13,64.90757751464844
2009-04-14,64.96168518066406
2009-04-15,64.99258422851562
2009-04-16,64.89978790283203
2009-04-17,64.83021545410156
2009-04-20,64.89204406738281
2009-04-21,64.89978790283203
2009-04-22,64.89978790283203
2009-04-23,64.85343933105469
2009-04-24,64.85343933105469
2009-04-27,64.93074035644531
2009-04-28,64.868896484375
2009-04-29,64.89978790283203
2009-04-30,64.95391082763672
2009-05-01,64.90516662597656
2009-05-04,64.88963317871094
2009-05-05,64.87415313720703
2009-05-06,64.91291046142578
2009-05-07,64.81993103027344
2009-05-08,64.86639404296875
2009-05-11,64.97484588623047
2009-05-12,64.96710205078125
2009-05-13,64.99809265136719
2009-05-14,65.02129364013672
2009-05-15,65.01355743408203
2009-05-18,64.95161437988281
2009-05-19,64.99029541015625
2009-05-20,65.0755386352539
2009-05-21,64.99029541015625
2009-05-22,65.00579833984375
2009-05-26,64.92060852050781
2009-05-27,64.90516662597656
2009-05-28,64.8973617553711
2009-05-29,64.99029541015625
2009-06-01,64.93680572509766
2009-06-02,64.91355895996094
2009-06-03,65.02987670898438
2009-06-04,64.9677963256836
2009-06-05,64.54122161865234
2009-06-08,64.37052154541016
2009-06-09,64.51797485351562
2009-06-10,64.51024627685547
2009-06-11,64.51797485351562
2009-06-12,64.5877456665039
2009-06-15,64.63431549072266
2009-06-16,64.70411682128906
2009-06-17,64.77394104003906
2009-06-18,64.66534423828125
2009-06-19,64.70411682128906
2009-06-22,64.7894515991211
2009-06-23,64.7894515991211
2009-06-24,64.78164672851562
2009-06-25,64.90575408935547
2009-06-26,64.93680572509766
2009-06-29,64.93680572509766
2009-06-30,64.92901611328125
2009-07-01,64.99272918701172
2009-07-02,65.0626220703125
2009-07-06,65.08586883544922
2009-07-07,65.07817840576172
2009-07-08,65.1791000366211
2009-07-09,65.1480484008789
2009-07-10,65.2101821899414
2009-07-13,65.17137908935547
2009-07-14,65.12474060058594
2009-07-15,64.96942901611328
2009-07-16,65.07037353515625
2009-07-17,65.04708099365234
2009-07-20,65.03931427001953
2009-07-21,65.11698150634766
2009-07-22,65.08586883544922
2009-07-23,64.96942901611328
2009-07-24,65.00829315185547
2009-07-27,64.96170806884766
2009-07-28,64.92276763916016
2009-07-29,64.88400268554688
2009-07-30,64.89173889160156
2009-07-31,65.00054931640625
2009-08-03,64.90873718261719
2009-08-04,64.85428619384766
2009-08-05,64.83096313476562
2009-08-06,64.83096313476562
2009-08-07,64.7220687866211
2009-08-10,64.82321166992188
2009-08-11,64.89311981201172
2009-08-12,64.91655731201172
2009-08-13,65.02538299560547
2009-08-14,65.072021484375
2009-08-17,65.14203643798828
2009-08-18,65.12651824951172
2009-08-19,65.1575927734375
2009-08-20,65.14203643798828
2009-08-21,65.04093933105469
2009-08-24,65.11872863769531
2009-08-25,65.11872863769531
2009-08-26,65.1575927734375
2009-08-27,65.14983367919922
2009-08-28,65.21987915039062
2009-08-31,65.26644134521484
2009-09-01,65.31940460205078
2009-09-02,65.38951110839844
2009-09-03,65.32720184326172
2009-09-04,65.29608154296875
2009-09-08,65.30390167236328
2009-09-09,65.31167602539062
2009-09-10,65.35052490234375
2009-09-11,65.32720184326172
2009-09-14,65.28828430175781
2009-09-15,65.31940460205078
2009-09-16,65.23377990722656
2009-09-17,65.32720184326172
2009-09-18,65.2649154663086
2009-09-21,65.28828430175781
2009-09-22,65.27268981933594
2009-09-23,65.37393951416016
2009-09-24,65.38951110839844
2009-09-25,65.36614990234375
2009-09-28,65.35834503173828
2009-09-29,65.35052490234375
2009-09-30,65.42066955566406
2009-10-01,65.4861068725586
2009-10-02,65.50953674316406
2009-10-05,65.50953674316406
2009-10-06,65.47061920166016
2009-10-07,65.55632781982422
2009-10-08,65.49394989013672
2009-10-09,65.40043640136719
2009-10-12,65.47831726074219
2009-10-13,65.51737213134766
2009-10-14,65.43154907226562
2009-10-15,65.39262390136719
2009-10-16,65.43154907226562
2009-10-19,65.43154907226562
2009-10-20,65.46277618408203
2009-10-21,65.43154907226562
2009-10-22,65.43939971923828
2009-10-23,65.33025360107422
2009-10-26,65.26004791259766
2009-10-27,65.39262390136719
2009-10-28,65.4861068725586
2009-10-29,65.43154907226562
2009-10-30,65.50953674316406
2009-11-02,65.51739501953125
2009-11-03,65.50953674316406
2009-11-04,65.50171661376953
2009-11-05,65.56426239013672
2009-11-06,65.61114501953125
2009-11-09,65.61114501953125
2009-11-10,65.59551239013672
2009-11-11,65.66586303710938
2009-11-12,65.65804290771484
2009-11-13,65.67364501953125
2009-11-16,65.71271514892578
2009-11-17,65.72834014892578
2009-11-18,65.72834014892578
2009-11-19,65.75179290771484
2009-11-20,65.76739501953125
2009-11-23,65.7596206665039
2009-11-24,65.81426239013672
2009-11-25,65.84556579589844
2009-11-27,65.89248657226562
2009-11-30,65.90026092529297
2009-12-01,65.91683959960938
2009-12-02,65.86170196533203
2009-12-03,65.82237243652344
2009-12-04,65.65711212158203
2009-12-07,65.79876708984375
2009-12-08,65.86170196533203
2009-12-09,65.814453125
2009-12-10,65.79090118408203
2009-12-11,65.72013092041016
2009-12-14,65.64927673339844
2009-12-15,65.63346862792969
2009-12-16,65.68071746826172
2009-12-17,65.80664825439453
2009-12-18,65.75940704345703
2009-12-21,65.65711212158203
2009-12-22,65.57841491699219
2009-12-23,65.57841491699219
2009-12-24,65.49976348876953
2009-12-28,65.40534973144531
2009-12-29,65.44863891601562
2009-12-30,65.42501831054688
2009-12-31,65.34622192382812
2010-01-04,65.43287658691406
2010-01-05,65.51168823242188
2010-01-06,65.51960754394531
2010-01-07,65.50373840332031
2010-01-08,65.56683349609375
2010-01-11,65.5982894897461
2010-01-12,65.65348052978516
2010-01-13,65.5982894897461
2010-01-14,65.66130065917969
2010-01-15,65.71647644042969
2010-01-19,65.73220825195312
2010-01-20,65.73220825195312
2010-01-21,65.78743743896484
2010-01-22,65.84252166748047
2010-01-25,65.78743743896484
2010-01-26,65.79522705078125
2010-01-27,65.77157592773438
2010-01-28,65.80313110351562
2010-01-29,65.86614990234375
2010-02-01,65.83769226074219
2010-02-02,65.84562683105469
2010-02-03,65.79829406738281
2010-02-04,65.89290618896484
2010-02-05,65.99542999267578
2010-02-08,65.94811248779297
2010-02-09,65.88506317138672
2010-02-10,65.81404113769531
2010-02-11,65.83769226074219
2010-02-12,65.89290618896484
2010-02-16,65.90084075927734
2010-02-17,65.84562683105469
2010-02-18,65.80619049072266
2010-02-19,65.78260040283203
2010-02-22,65.80619049072266
2010-02-23,65.86135864257812
2010-02-24,65.89290618896484
2010-02-25,65.94811248779297
2010-02-26,65.97180938720703
2010-03-01,65.95996856689453
2010-03-02,65.95996856689453
2010-03-03,65.95205688476562
2010-03-04,65.92839813232422
2010-03-05,65.87310791015625
2010-03-08,65.84159088134766
2010-03-09,65.88893127441406
2010-03-10,65.87310791015625
2010-03-11,65.7942123413086
2010-03-12,65.80208587646484
2010-03-15,65.8258056640625
2010-03-16,65.84159088134766
2010-03-17,65.85733032226562
2010-03-18,65.81792449951172
2010-03-19,65.77052307128906
2010-03-22,65.7942123413086
2010-03-23,65.77052307128906
2010-03-24,65.66790771484375
2010-03-25,65.69159698486328
2010-03-26,65.73108673095703
2010-03-29,65.76268005371094
2010-03-30,65.74684143066406
2010-03-31,65.7942123413086
2010-04-01,65.77050018310547
2010-04-05,65.58883666992188
2010-04-06,65.63624572753906
2010-04-07,65.7389144897461
2010-04-08,65.7231216430664
2010-04-09,65.7389144897461
2010-04-12,65.77050018310547
2010-04-13,65.75469207763672
2010-04-14,65.75469207763672
2010-04-15,65.80208587646484
2010-04-16,65.90481567382812
2010-04-19,65.84159851074219
2010-04-20,65.8495101928711
2010-04-21,65.8573989868164
2010-04-22,65.80999755859375
2010-04-23,65.78631591796875
2010-04-26,65.78631591796875
2010-04-27,65.91264343261719
2010-04-28,65.89688110351562
2010-04-29,65.91264343261719
2010-04-30,65.99171447753906
2010-05-03,65.9268569946289
2010-05-04,65.96644592285156
2010-05-05,66.05337524414062
2010-05-06,66.19568634033203
2010-05-07,66.17196655273438
2010-05-10,66.08499908447266
2010-05-11,66.12452697753906
2010-05-12,66.10871124267578
2010-05-13,66.14820098876953
2010-05-14,66.2352523803711
2010-05-17,66.21148681640625
2010-05-18,66.28267669677734
2010-05-19,66.25109100341797
2010-05-20,66.33011627197266
2010-05-21,66.28267669677734
2010-05-24,66.27476501464844
2010-05-25,66.26681518554688
2010-05-26,66.21148681640625
2010-05-27,66.16405487060547
2010-05-28,66.29052734375
2010-06-01,66.29138946533203
2010-06-02,66.24388885498047
2010-06-03,66.22804260253906
2010-06-04,66.37841033935547
2010-06-07,66.35469055175781
2010-06-08,66.3467025756836
2010-06-09,66.35469055175781
2010-06-10,66.26760864257812
2010-06-11,66.33885192871094
2010-06-14,66.35469055175781
2010-06-15,66.3229751586914
2010-06-16,66.33885192871094
2010-06-17,66.37841033935547
2010-06-18,66.3863296508789
2010-06-21,66.39427947998047
2010-06-22,66.42588806152344
2010-06-23,66.47339630126953
2010-06-24,66.48918914794922
2010-06-25,66.51290130615234
2010-06-28,66.55254364013672
2010-06-29,66.58417510986328
2010-06-30,66.56837463378906
2010-07-01,66.5469741821289
2010-07-02,66.5469741821289
2010-07-06,66.5469741821289
2010-07-07,66.53902435302734
2010-07-08,66.5469741821289
2010-07-09,66.52327728271484
2010-07-12,66.5311279296875
2010-07-13,66.48358917236328
2010-07-14,66.55485534667969
2010-07-15,66.5706787109375
2010-07-16,66.63408660888672
2010-07-19,66.6103286743164
2010-07-20,66.63408660888672
2010-07-21,66.6657485961914
2010-07-22,66.64202880859375
2010-07-23,66.6103286743164
2010-07-26,66.58656311035156
2010-07-27,66.5469741821289
2010-07-28,66.6103286743164
2010-07-29,66.6657485961914
2010-07-30,66.69745635986328
2010-08-02,66.68241882324219
2010-08-03,66.72994232177734
2010-08-04,66.67445373535156
2010-08-05,66.75370025634766
2010-08-06,66.76957702636719
2010-08-09,66.72994232177734
2010-08-10,66.7616958618164
2010-08-11,66.77753448486328
2010-08-12,66.7616958618164
2010-08-13,66.75370025634766
2010-08-16,66.81715393066406
2010-08-17,66.80126190185547
2010-08-18,66.81715393066406
2010-08-19,66.83300018310547
2010-08-20,66.8092269897461
2010-08-23,66.81715393066406
2010-08-24,66.8647232055664
2010-08-25,66.80126190185547
2010-08-26,66.80126190185547
2010-08-27,66.75370025634766
2010-08-30,66.83300018310547
2010-08-31,66.85681915283203
2010-09-01,66.81709289550781
2010-09-02,66.80120086669922
2010-09-03,66.76949310302734
2010-09-07,66.84091186523438
2010-09-08,66.79329681396484
2010-09-09,66.721923828125
2010-09-10,66.71398162841797
2010-09-13,66.76949310302734
2010-09-14,66.81709289550781
2010-09-15,66.83300018310547
2010-09-16,66.84883117675781
2010-09-17,66.86473083496094
2010-09-20,66.8726577758789
2010-09-21,66.92023468017578
2010-09-22,66.91234588623047
2010-09-23,66.92023468017578
2010-09-24,66.91234588623047
2010-09-27,66.92816162109375
2010-09-28,66.94400024414062
2010-09-29,66.92816162109375
2010-09-30,66.93611145019531
2010-10-01,66.94799041748047
2010-10-04,66.9559326171875
2010-10-05,66.98770141601562
2010-10-06,66.99562072753906
2010-10-07,67.05123901367188
2010-10-08,67.05123901367188
2010-10-11,67.05916595458984
2010-10-12,67.0115737915039
2010-10-13,67.01953125
2010-10-14,66.98770141601562
2010-10-15,67.0115737915039
2010-10-18,67.02742767333984
2010-10-19,67.05916595458984
2010-10-20,67.06712341308594
2010-10-21,67.07502746582031
2010-10-22,67.05916595458984
2010-10-25,67.07502746582031
2010-10-26,67.0115737915039
2010-10-27,66.97976684570312
2010-10-28,67.06712341308594
2010-10-29,67.08302307128906
2010-11-01,67.11241912841797
2010-11-02,67.07266235351562
2010-11-03,67.09651184082031
2010-11-04,67.11241912841797
2010-11-05,67.05681610107422
2010-11-08,67.02497100830078
2010-11-09,66.93760681152344
2010-11-10,66.9773178100586
2010-11-11,66.8740234375
2010-11-12,66.8740234375
2010-11-15,66.83426666259766
2010-11-16,66.86608123779297
2010-11-17,66.90580749511719
2010-11-18,66.9137191772461
2010-11-19,66.8740234375
2010-11-22,66.93760681152344
2010-11-23,66.9773178100586
2010-11-24,66.85820007324219
2010-11-26,66.90580749511719
2010-11-29,66.89778137207031
2010-11-30,66.94551849365234
2010-12-01,66.8453140258789
2010-12-02,66.8453140258789
2010-12-03,66.93282318115234
2010-12-06,66.97259521484375
2010-12-07,66.85328674316406
2010-12-08,66.7499008178711
2010-12-09,66.7419662475586
2010-12-10,66.7181396484375
2010-12-13,66.7577896118164
2010-12-14,66.72599029541016
2010-12-15,66.70216369628906
2010-12-16,66.7181396484375
2010-12-17,66.7737808227539
2010-12-20,66.7896499633789
2010-12-21,66.7737808227539
2010-12-22,66.7577896118164
2010-12-23,66.67034912109375
2010-12-27,66.71015930175781
2010-12-28,66.62095642089844
2010-12-29,66.78012084960938
2010-12-30,66.75627899169922
2010-12-31,66.83592224121094
2011-01-03,66.8199691772461
2011-01-04,66.80404663085938
2011-01-05,66.68464660644531
2011-01-06,66.75627899169922
2011-01-07,66.85179138183594
2011-01-10,66.88361358642578
2011-01-11,66.84382629394531
2011-01-12,66.84382629394531
2011-01-13,66.86772918701172
2011-01-14,66.86772918701172
2011-01-18,66.85179138183594
2011-01-19,66.88361358642578
2011-01-20,66.81195068359375
2011-01-21,66.82794952392578
2011-01-24,66.8199691772461
2011-01-25,66.86772918701172
2011-01-26,66.85179138183594
2011-01-27,66.8995361328125
2011-01-28,66.93143463134766
2011-01-31,66.92340850830078
2011-02-01,66.85013580322266
2011-02-02,66.81033325195312
2011-02-03,66.7466049194336
2011-02-04,66.69087982177734
2011-02-07,66.65898895263672
2011-02-08,66.57141876220703
2011-02-09,66.61914825439453
2011-02-10,66.58731079101562
2011-02-11,66.58731079101562
2011-02-14,66.58731079101562
2011-02-15,66.61914825439453
2011-02-16,66.61122131347656
2011-02-17,66.69087982177734
2011-02-18,66.71475219726562
2011-02-22,66.78645324707031
2011-02-23,66.77051544189453
2011-02-24,66.80236053466797
2011-02-25,66.81830596923828
2011-02-28,66.84215545654297
2011-03-01,66.88280487060547
2011-03-02,66.8509750366211
2011-03-03,66.71540069580078
2011-03-04,66.86693572998047
2011-03-07,66.81910705566406
2011-03-08,66.79521179199219
2011-03-09,66.84305572509766
2011-03-10,66.91470336914062
2011-03-11,66.92268371582031
2011-03-14,66.9625015258789
2011-03-15,66.9306869506836
2011-03-16,67.05018615722656
2011-03-17,67.01829528808594
2011-03-18,66.98639678955078
2011-03-21,66.91470336914062
2011-03-22,66.89876556396484
2011-03-23,66.90675354003906
2011-03-24,66.85894012451172
2011-03-25,66.8110580444336
2011-03-28,66.7791748046875
2011-03-29,66.75531768798828
2011-03-30,66.79521179199219
2011-03-31,66.75531768798828
2011-04-01,66.8087387084961
2011-04-04,66.8247299194336
2011-04-05,66.75292205810547
2011-04-06,66.75292205810547
2011-04-07,66.80078887939453
2011-04-08,66.77681732177734
2011-04-11,66.76884460449219
2011-04-12,66.88053894042969
2011-04-13,66.9124526977539
2011-04-14,66.8486328125
2011-04-15,66.97625732421875
2011-04-18,66.99225616455078
2011-04-19,67.0082015991211
2011-04-20,67.00018310546875
2011-04-21,66.98426818847656
2011-04-25,66.99225616455078
2011-04-26,67.0560531616211
2011-04-27,67.07999420166016
2011-04-28,67.07999420166016
2011-04-29,67.11187744140625
2011-05-02,67.10066986083984
2011-05-03,67.12467193603516
2011-05-04,67.1566390991211
2011-05-05,67.17255401611328
2011-05-06,67.18050384521484
2011-05-09,67.21249389648438
2011-05-10,67.14862060546875
2011-05-11,67.21249389648438
2011-05-12,67.18050384521484
2011-05-13,67.21249389648438
2011-05-16,67.24444580078125
2011-05-17,67.25239562988281
2011-05-18,67.22042846679688
2011-05-19,67.22840881347656
2011-05-20,67.25239562988281
2011-05-23,67.2603759765625
2011-05-24,67.2603759765625
2011-05-25,67.29231262207031
2011-05-26,67.33216094970703
2011-05-27,67.35620880126953
2011-05-31,67.35620880126953
2011-06-01,67.40089416503906
2011-06-02,67.3609619140625
2011-06-03,67.38489532470703
2011-06-06,67.39289093017578
2011-06-07,67.44087219238281
2011-06-08,67.4488525390625
2011-06-09,67.37691497802734
2011-06-10,67.43292999267578
2011-06-13,67.4089584350586
2011-06-14,67.35301208496094
2011-06-15,67.4488525390625
2011-06-16,67.45687866210938
2011-06-17,67.4728012084961
2011-06-20,67.4728012084961
2011-06-21,67.48085021972656
2011-06-22,67.46484375
2011-06-23,67.50479125976562
2011-06-24,67.54476165771484
2011-06-27,67.48085021972656
2011-06-28,67.3609619140625
2011-06-29,67.3609619140625
2011-06-30,67.35301208496094
2011-07-01,67.32979583740234
2011-07-05,67.40972137451172
2011-07-06,67.4336929321289
2011-07-07,67.3697509765625
2011-07-08,67.46574401855469
2011-07-11,67.51370239257812
2011-07-12,67.50572967529297
2011-07-13,67.52166748046875
2011-07-14,67.49768829345703
2011-07-15,67.51370239257812
2011-07-18,67.51370239257812
2011-07-19,67.51370239257812
2011-07-20,67.48971557617188
2011-07-21,67.45777130126953
2011-07-22,67.46574401855469
2011-07-25,67.4336929321289
2011-07-26,67.4737319946289
2011-07-27,67.4336929321289
2011-07-28,67.4737319946289
2011-07-29,67.5456771850586
2011-08-01,67.52246856689453
2011-08-02,67.61046600341797
2011-08-03,67.60247039794922
2011-08-04,67.66650390625
2011-08-05,67.6505126953125
2011-08-08,67.67450714111328
2011-08-09,67.74652862548828
2011-08-10,67.7945556640625
2011-08-11,67.7784652709961
2011-08-12,67.78649139404297
2011-08-15,67.76251220703125
2011-08-16,67.76251220703125
2011-08-17,67.7784652709961
2011-08-18,67.77054595947266
2011-08-19,67.77054595947266
2011-08-22,67.76251220703125
2011-08-23,67.73051452636719
2011-08-24,67.73051452636719
2011-08-25,67.77054595947266
2011-08-26,67.7784652709961
2011-08-29,67.76251220703125
2011-08-30,67.7784652709961
2011-08-31,67.7784652709961
2011-09-01,67.79773712158203
2011-09-02,67.76569366455078
2011-09-06,67.77371215820312
2011-09-07,67.75765991210938
2011-09-08,67.78174591064453
2011-09-09,67.80572509765625
2011-09-12,67.75765991210938
2011-09-13,67.76569366455078
2011-09-14,67.76569366455078
2011-09-15,67.77371215820312
2011-09-16,67.78974151611328
2011-09-19,67.82169342041016
2011-09-20,67.78974151611328
2011-09-21,67.71765899658203
2011-09-22,67.72566223144531
2011-09-23,67.73370361328125
2011-09-26,67.70967864990234
2011-09-27,67.68563842773438
2011-09-28,67.66163635253906
2011-09-29,67.67759704589844
2011-09-30,67.70967864990234
2011-10-03,67.72489929199219
2011-10-04,67.684814453125
2011-10-05,67.684814453125
2011-10-06,67.66883087158203
2011-10-07,67.64482116699219
2011-10-10,67.58869171142578
2011-10-11,67.62077331542969
2011-10-12,67.62077331542969
2011-10-13,67.63678741455078
2011-10-14,67.66883087158203
2011-10-17,67.67683410644531
2011-10-18,67.67683410644531
2011-10-19,67.70085906982422
2011-10-20,67.70890045166016
2011-10-21,67.684814453125
2011-10-24,67.684814453125
2011-10-25,67.72489929199219
2011-10-26,67.684814453125
2011-10-27,67.63678741455078
2011-10-28,67.66883087158203
2011-10-31,67.73286437988281
2011-11-01,67.73930358886719
2011-11-02,67.75537109375
2011-11-03,67.76335144042969
2011-11-04,67.76335144042969
2011-11-07,67.74732208251953
2011-11-08,67.73930358886719
2011-11-09,67.75537109375
2011-11-10,67.76335144042969
2011-11-11,67.73133087158203
2011-11-14,67.76335144042969
2011-11-15,67.75537109375
2011-11-16,67.73930358886719
2011-11-17,67.74732208251953
2011-11-18,67.7232666015625
2011-11-21,67.73133087158203
2011-11-22,67.73930358886719
2011-11-23,67.74732208251953
2011-11-25,67.74732208251953
2011-11-28,67.75537109375
2011-11-29,67.76335144042969
2011-11-30,67.76335144042969
2011-12-01,67.76737213134766
2011-12-02,67.75125122070312
2011-12-05,67.75935363769531
2011-12-06,67.75935363769531
2011-12-07,67.78340148925781
2011-12-08,67.79145050048828
2011-12-09,67.79145050048828
2011-12-12,67.79145050048828
2011-12-13,67.79145050048828
2011-12-14,67.77538299560547
2011-12-15,67.76737213134766
2011-12-16,67.79945373535156
2011-12-19,67.79145050048828
2011-12-20,67.77538299560547
2011-12-21,67.75125122070312
2011-12-22,67.74332427978516
2011-12-23,67.75935363769531
2011-12-27,67.73445892333984
2011-12-28,67.75047302246094
2011-12-29,67.75851440429688
2011-12-30,67.79867553710938
2012-01-03,67.75851440429688
2012-01-04,67.76657104492188
2012-01-05,67.77460479736328
2012-01-06,67.76657104492188
2012-01-09,67.78257751464844
2012-01-10,67.79061889648438
2012-01-11,67.81468963623047
2012-01-12,67.80667877197266
2012-01-13,67.82276153564453
2012-01-17,67.83074188232422
2012-01-18,67.82276153564453
2012-01-19,67.82276153564453
2012-01-20,67.80667877197266
2012-01-23,67.81468963623047
2012-01-24,67.81468963623047
2012-01-25,67.85484313964844
2012-01-26,67.86288452148438
2012-01-27,67.87892150878906
2012-01-30,67.85484313964844
2012-01-31,67.85484313964844
2012-02-01,67.83159637451172
2012-02-02,67.83955383300781
2012-02-03,67.83955383300781
2012-02-06,67.82347869873047
2012-02-07,67.80746459960938
2012-02-08,67.80746459960938
2012-02-09,67.775390625
2012-02-10,67.79146575927734
2012-02-13,67.75123596191406
2012-02-14,67.767333984375
2012-02-15,67.775390625
2012-02-16,67.75123596191406
2012-02-17,67.7352523803711
2012-02-21,67.71914672851562
2012-02-22,67.75123596191406
2012-02-23,67.7432632446289
2012-02-24,67.72716522216797
2012-02-27,67.7432632446289
2012-02-28,67.75933837890625
2012-02-29,67.75933837890625
2012-03-01,67.74722290039062
2012-03-02,67.76335906982422
2012-03-05,67.76335906982422
2012-03-06,67.76335906982422
2012-03-07,67.74722290039062
2012-03-08,67.72313690185547
2012-03-09,67.72313690185547
2012-03-12,67.73126220703125
2012-03-13,67.69105529785156
2012-03-14,67.59471130371094
2012-03-15,67.63480377197266
2012-03-16,67.67500305175781
2012-03-19,67.6268081665039
2012-03-20,67.61075592041016
2012-03-21,67.6508560180664
2012-03-22,67.65892028808594
2012-03-23,67.66695404052734
2012-03-26,67.68302917480469
2012-03-27,67.70711517333984
2012-03-28,67.69105529785156
2012-03-29,67.71516418457031
2012-03-30,67.70711517333984
2012-04-02,67.72310638427734
2012-04-03,67.67493438720703
2012-04-04,67.69104766845703
2012-04-05,67.71514892578125
2012-04-09,67.76334381103516
2012-04-10,67.79547882080078
2012-04-11,67.7874755859375
2012-04-12,67.79547882080078
2012-04-13,67.8034896850586
2012-04-16,67.8034896850586
2012-04-17,67.8034896850586
2012-04-18,67.81958770751953
2012-04-19,67.82762908935547
2012-04-20,67.82762908935547
2012-04-23,67.84368133544922
2012-04-24,67.81958770751953
2012-04-25,67.83563995361328
2012-04-26,67.84368133544922
2012-04-27,67.82762908935547
2012-04-30,67.84368133544922
2012-05-01,67.84207153320312
2012-05-02,67.85009765625
2012-05-03,67.84207153320312
2012-05-04,67.86620330810547
2012-05-07,67.86620330810547
2012-05-08,67.8741683959961
2012-05-09,67.86620330810547
2012-05-10,67.8581314086914
2012-05-11,67.86620330810547
2012-05-14,67.8581314086914
2012-05-15,67.85009765625
2012-05-16,67.84207153320312
2012-05-17,67.80992126464844
2012-05-18,67.81795501708984
2012-05-21,67.82599639892578
2012-05-22,67.80182647705078
2012-05-23,67.83403778076172
2012-05-24,67.80992126464844
2012-05-25,67.84207153320312
2012-05-29,67.82599639892578
2012-05-30,67.8581314086914
2012-05-31,67.88224792480469
2012-06-01,67.88871002197266
2012-06-04,67.88062286376953
2012-06-05,67.8967056274414
2012-06-06,67.8725814819336
2012-06-07,67.86454772949219
2012-06-08,67.86454772949219
2012-06-11,67.86454772949219
2012-06-12,67.83240509033203
2012-06-13,67.8243179321289
2012-06-14,67.83240509033203
2012-06-15,67.85650634765625
2012-06-18,67.84043884277344
2012-06-19,67.83240509033203
2012-06-20,67.80828094482422
2012-06-21,67.81635284423828
2012-06-22,67.8243179321289
2012-06-25,67.8243179321289
2012-06-26,67.80828094482422
2012-06-27,67.80828094482422
2012-06-28,67.81635284423828
2012-06-29,67.81635284423828
2012-07-02,67.83724212646484
2012-07-03,67.82113647460938
2012-07-05,67.84523010253906
2012-07-06,67.86942291259766
2012-07-09,67.86942291259766
2012-07-10,67.86942291259766
2012-07-11,67.87742614746094
2012-07-12,67.89350128173828
2012-07-13,67.90961456298828
2012-07-16,67.93373107910156
2012-07-17,67.92564392089844
2012-07-18,67.94171142578125
2012-07-19,67.95780181884766
2012-07-20,67.96588897705078
2012-07-23,67.97391510009766
2012-07-24,67.95780181884766
2012-07-25,67.96588897705078
2012-07-26,67.96588897705078
2012-07-27,67.91764831542969
2012-07-30,67.94979095458984
2012-07-31,67.96588897705078
2012-08-01,67.9546127319336
2012-08-02,67.96266174316406
2012-08-03,67.93850708007812
2012-08-06,67.94654083251953
2012-08-07,67.91437530517578
2012-08-08,67.89031219482422
2012-08-09,67.89031219482422
2012-08-10,67.90632629394531
2012-08-13,67.91437530517578
2012-08-14,67.89830780029297
2012-08-15,67.87421417236328
2012-08-16,67.86613464355469
2012-08-17,67.87421417236328
2012-08-20,67.87421417236328
2012-08-21,67.87421417236328
2012-08-22,67.91437530517578
2012-08-23,67.92243194580078
2012-08-24,67.92243194580078
2012-08-27,67.91437530517578
2012-08-28,67.92243194580078
2012-08-29,67.92243194580078
2012-08-30,67.93054962158203
2012-08-31,67.9707260131836
2012-09-04,67.96588897705078
2012-09-05,67.96588897705078
2012-09-06,67.93367767333984
2012-09-07,67.94983673095703
2012-09-10,67.93367767333984
2012-09-11,67.94983673095703
2012-09-12,67.94169616699219
2012-09-13,67.96588897705078
2012-09-14,67.93367767333984
2012-09-17,67.93367767333984
2012-09-18,67.94169616699219
2012-09-19,67.94169616699219
2012-09-20,67.9256362915039
2012-09-21,67.93367767333984
2012-09-24,67.94169616699219
2012-09-25,67.9256362915039
2012-09-26,67.94169616699219
2012-09-27,67.94983673095703
2012-09-28,67.98196411132812
2012-10-01,67.98358154296875
2012-10-02,67.967529296875
2012-10-03,67.967529296875
2012-10-04,67.967529296875
2012-10-05,67.93528747558594
2012-10-08,67.94332885742188
2012-10-09,67.94332885742188
2012-10-10,67.93528747558594
2012-10-11,67.92725372314453
2012-10-12,67.95137786865234
2012-10-15,67.93528747558594
2012-10-16,67.93528747558594
2012-10-17,67.8950424194336
2012-10-18,67.9030990600586
2012-10-19,67.9030990600586
2012-10-22,67.87895202636719
2012-10-23,67.91117095947266
2012-10-24,67.9030990600586
2012-10-25,67.87895202636719
2012-10-26,67.8950424194336
2012-10-31,67.93528747558594
2012-11-01,67.91919708251953
2012-11-02,67.91117095947266
2012-11-05,67.91117095947266
2012-11-06,67.88699340820312
2012-11-07,67.94332885742188
2012-11-08,67.94332885742188
2012-11-09,67.94332885742188
2012-11-12,67.94332885742188
2012-11-13,67.95137786865234
2012-11-14,67.967529296875
2012-11-15,67.967529296875
2012-11-16,67.967529296875
2012-11-19,67.95938873291016
2012-11-20,67.94332885742188
2012-11-21,67.93528747558594
2012-11-23,67.93528747558594
2012-11-26,67.92725372314453
2012-11-27,67.93528747558594
2012-11-28,67.94332885742188
2012-11-29,67.94332885742188
2012-11-30,67.95137786865234
2012-12-03,67.95939636230469
2012-12-04,67.95939636230469
2012-12-05,67.97554779052734
2012-12-06,67.97554779052734
2012-12-07,67.97554779052734
2012-12-10,67.97554779052734
2012-12-11,67.97554779052734
2012-12-12,67.96751403808594
2012-12-13,67.96751403808594
2012-12-14,67.9836196899414
2012-12-17,67.96751403808594
2012-12-18,67.92724609375
2012-12-19,67.94332885742188
2012-12-20,67.93531036376953
2012-12-21,67.94332885742188
2012-12-24,67.94332885742188
2012-12-26,67.94417572021484
2012-12-27,67.96832275390625
2012-12-28,67.96832275390625
2012-12-31,67.96832275390625
2013-01-02,67.95219421386719
2013-01-03,67.95219421386719
2013-01-04,67.960205078125
2013-01-07,67.960205078125
2013-01-08,67.96832275390625
2013-01-09,67.99243927001953
2013-01-10,67.98442077636719
2013-01-11,67.97639465332031
2013-01-14,67.97639465332031
2013-01-15,67.98442077636719
2013-01-16,67.98442077636719
2013-01-17,67.97639465332031
2013-01-18,67.97639465332031
2013-01-22,67.99243927001953
2013-01-23,67.99243927001953
2013-01-24,67.99243927001953
2013-01-25,67.960205078125
2013-01-28,67.93609619140625
2013-01-29,67.94417572021484
2013-01-30,67.96832275390625
2013-01-31,67.97639465332031
2013-02-01,67.96907806396484
2013-02-04,67.9852294921875
2013-02-05,67.9852294921875
2013-02-06,68.00130462646484
2013-02-07,68.00130462646484
2013-02-08,68.0093765258789
2013-02-11,67.9852294921875
2013-02-12,67.96907806396484
2013-02-13,67.96105194091797
2013-02-14,67.96907806396484
2013-02-15,67.9771499633789
2013-02-19,67.96907806396484
2013-02-20,67.96907806396484
2013-02-21,67.9933090209961
2013-02-22,67.9933090209961
2013-02-25,68.0093765258789
2013-02-26,68.02552032470703
2013-02-27,68.02552032470703
2013-02-28,68.01747131347656
2013-03-01,68.03189086914062
2013-03-04,68.02384948730469
2013-03-05,68.01580047607422
2013-03-06,68.00775909423828
2013-03-07,67.99166870117188
2013-03-08,67.99971771240234
2013-03-11,67.99166870117188
2013-03-12,68.00775909423828
2013-03-13,67.99166870117188
2013-03-14,67.99166870117188
2013-03-15,68.01580047607422
2013-03-18,68.03189086914062
2013-03-19,68.02384948730469
2013-03-20,68.01580047607422
2013-03-21,68.02384948730469
2013-03-22,68.00775909423828
2013-03-25,68.00775909423828
2013-03-26,68.01580047607422
2013-03-27,68.03189086914062
2013-03-28,68.04000854492188
2013-04-01,68.04640197753906
2013-04-02,68.04640197753906
2013-04-03,68.03837585449219
2013-04-04,68.06250762939453
2013-04-05,68.06250762939453
2013-04-08,68.04640197753906
2013-04-09,68.04640197753906
2013-04-10,68.04640197753906
2013-04-11,68.04640197753906
2013-04-12,68.05445861816406
2013-04-15,68.06250762939453
2013-04-16,68.06250762939453
2013-04-17,68.06250762939453
2013-04-18,68.06250762939453
2013-04-19,68.06250762939453
2013-04-22,68.07064056396484
2013-04-23,68.06250762939453
2013-04-24,68.07064056396484
2013-04-25,68.06250762939453
2013-04-26,68.07864379882812
2013-04-29,68.09481048583984
2013-04-30,68.08672332763672
2013-05-01,68.10037231445312
2013-05-02,68.09235382080078
2013-05-03,68.06814575195312
2013-05-06,68.06814575195312
2013-05-07,68.06814575195312
2013-05-08,68.07625579833984
2013-05-09,68.06814575195312
2013-05-10,68.06010437011719
2013-05-13,68.04401397705078
2013-05-14,68.04401397705078
2013-05-15,68.05201721191406
2013-05-16,68.06814575195312
2013-05-17,68.05201721191406
2013-05-20,68.06010437011719
2013-05-21,68.06010437011719
2013-05-22,68.03593444824219
2013-05-23,68.05201721191406
2013-05-24,68.03593444824219
2013-05-28,67.9875717163086
2013-05-29,67.9875717163086
2013-05-30,68.00370788574219
2013-05-31,67.9955825805664
2013-06-03,68.01744079589844
2013-06-04,68.01744079589844
2013-06-05,68.02549743652344
2013-06-06,68.01744079589844
2013-06-07,68.00929260253906
2013-06-10,67.9852066040039
2013-06-11,67.97708892822266
2013-06-12,67.96905517578125
2013-06-13,68.00126647949219
2013-06-14,68.04965209960938
2013-06-17,68.04965209960938
2013-06-18,68.04965209960938
2013-06-19,67.96905517578125
2013-06-20,67.96098327636719
2013-06-21,67.90455627441406
2013-06-24,67.87235260009766
2013-06-25,67.86426544189453
2013-06-26,67.89651489257812
2013-06-27,67.93682098388672
2013-06-28,67.92869567871094
2013-07-01,67.95858764648438
2013-07-02,67.9666519165039
2013-07-03,67.95858764648438
2013-07-05,67.88602447509766
2013-07-08,67.93440246582031
2013-07-09,67.92633819580078
2013-07-10,67.92633819580078
2013-07-11,67.98274993896484
2013-07-12,67.94242095947266
2013-07-15,67.97468566894531
2013-07-16,67.98274993896484
2013-07-17,68.00697326660156
2013-07-18,67.99891662597656
2013-07-19,68.03118896484375
2013-07-22,68.03118896484375
2013-07-23,68.02304077148438
2013-07-24,67.99082946777344
2013-07-25,68.03118896484375
2013-07-26,68.03919982910156
2013-07-29,68.03118896484375
2013-07-30,68.03919982910156
2013-07-31,68.03919982910156
2013-08-01,68.01338958740234
2013-08-02,68.06180572509766
2013-08-05,68.05374145507812
2013-08-06,68.04566192626953
2013-08-07,68.06180572509766
2013-08-08,68.06180572509766
2013-08-09,68.04566192626953
2013-08-12,68.04566192626953
2013-08-13,68.01338958740234
2013-08-14,68.01338958740234
2013-08-15,67.98919677734375
2013-08-16,67.9972915649414
2013-08-19,67.98110961914062
2013-08-20,67.9972915649414
2013-08-21,67.9569320678711
2013-08-22,67.93273162841797
2013-08-23,67.93273162841797
2013-08-26,67.9569320678711
2013-08-27,67.98919677734375
2013-08-28,67.94889068603516
2013-08-29,67.96501922607422
2013-08-30,67.97306823730469
2013-09-03,67.94725799560547
2013-09-04,67.88274383544922
2013-09-05,67.81824493408203
2013-09-06,67.88274383544922
2013-09-09,67.8989028930664
2013-09-10,67.87468719482422
2013-09-11,67.90691375732422
2013-09-12,67.90691375732422
2013-09-13,67.90691375732422
2013-09-16,67.95533752441406
2013-09-17,67.97955322265625
2013-09-18,68.06826782226562
2013-09-19,68.0440444946289
2013-09-20,68.05206298828125
2013-09-23,68.06826782226562
2013-09-24,68.07632446289062
2013-09-25,68.10047149658203
2013-09-26,68.06826782226562
2013-09-27,68.1085433959961
2013-09-30,68.12466430664062
2013-10-01,68.10693359375
2013-10-02,68.11500549316406
2013-10-03,68.11500549316406
2013-10-04,68.0908203125
2013-10-07,68.0908203125
2013-10-08,68.03435516357422
2013-10-09,68.05854034423828
2013-10-10,68.05854034423828
2013-10-11,68.05854034423828
2013-10-14,68.03435516357422
2013-10-15,68.05854034423828
2013-10-16,68.08274841308594
2013-10-17,68.10693359375
2013-10-18,68.10693359375
2013-10-21,68.10693359375
2013-10-22,68.16343688964844
2013-10-23,68.1391830444336
2013-10-24,68.13117218017578
2013-10-25,68.14727783203125
2013-10-28,68.16343688964844
2013-10-29,68.16343688964844
2013-10-30,68.16343688964844
2013-10-31,68.17147064208984
2013-11-01,68.14649200439453
2013-11-04,68.16260528564453
2013-11-05,68.16260528564453
2013-11-06,68.17877197265625
2013-11-07,68.19487762451172
2013-11-08,68.14649200439453
2013-11-11,68.16260528564453
2013-11-12,68.14649200439453
2013-11-13,68.14649200439453
2013-11-14,68.18679809570312
2013-11-15,68.18679809570312
2013-11-18,68.21904754638672
2013-11-19,68.19487762451172
2013-11-20,68.20291900634766
2013-11-21,68.23518371582031
2013-11-22,68.21904754638672
2013-11-25,68.21904754638672
2013-11-26,68.22711944580078
2013-11-27,68.22711944580078
2013-11-29,68.23518371582031
2013-12-02,68.1941146850586
2013-12-03,68.21019744873047
2013-12-04,68.1941146850586
2013-12-05,68.20209503173828
2013-12-06,68.17790222167969
2013-12-09,68.17790222167969
2013-12-10,68.20209503173828
2013-12-11,68.17790222167969
2013-12-12,68.1537094116211
2013-12-13,68.16986846923828
2013-12-16,68.16986846923828
2013-12-17,68.18599700927734
2013-12-18,68.18599700927734
2013-12-19,68.14562225341797
2013-12-20,68.12147521972656
2013-12-23,68.11335754394531
2013-12-24,68.0891342163086
2013-12-26,68.08184814453125
2013-12-27,68.1141586303711
2013-12-30,68.13031768798828
2013-12-31,68.1141586303711
2014-01-02,68.14649200439453
2014-01-03,68.12223815917969
2014-01-06,68.13031768798828
2014-01-07,68.13031768798828
2014-01-08,68.06568908691406
2014-01-09,68.08184814453125
2014-01-10,68.14649200439453
2014-01-13,68.16255950927734
2014-01-14,68.14649200439453
2014-01-15,68.12223815917969
2014-01-16,68.1384048461914
2014-01-17,68.1384048461914
2014-01-21,68.13031768798828
2014-01-22,68.09800720214844
2014-01-23,68.16255950927734
2014-01-24,68.18679809570312
2014-01-27,68.17874908447266
2014-01-28,68.17874908447266
2014-01-29,68.22716522216797
2014-01-30,68.21906280517578
2014-01-31,68.25140380859375
2014-02-03,68.26997375488281
2014-02-04,68.27806091308594
2014-02-05,68.24578094482422
2014-02-06,68.25386047363281
2014-02-07,68.26997375488281
2014-02-10,68.25386047363281
2014-02-11,68.23766326904297
2014-02-12,68.20536804199219
2014-02-13,68.24578094482422
2014-02-14,68.24578094482422
2014-02-18,68.26997375488281
2014-02-19,68.24578094482422
2014-02-20,68.25386047363281
2014-02-21,68.26189422607422
2014-02-24,68.26189422607422
2014-02-25,68.25386047363281
2014-02-26,68.2861328125
2014-02-27,68.27806091308594
2014-02-28,68.27806091308594
2014-03-03,68.31683349609375
2014-03-04,68.26028442382812
2014-03-05,68.28451538085938
2014-03-06,68.24411010742188
2014-03-07,68.19568634033203
2014-03-10,68.20372772216797
2014-03-11,68.20372772216797
2014-03-12,68.22792053222656
2014-03-13,68.26836395263672
2014-03-14,68.25218200683594
2014-03-17,68.22792053222656
2014-03-18,68.24411010742188
2014-03-19,68.13104248046875
2014-03-20,68.13912963867188
2014-03-21,68.14720916748047
2014-03-24,68.11489868164062
2014-03-25,68.12296295166016
2014-03-26,68.17142486572266
2014-03-27,68.16337585449219
2014-03-28,68.16337585449219
2014-03-31,68.20372772216797
2014-04-01,68.16414642333984
2014-04-02,68.13995361328125
2014-04-03,68.15609741210938
2014-04-04,68.21257019042969
2014-04-07,68.220703125
2014-04-08,68.22877502441406
2014-04-09,68.2611083984375
2014-04-10,68.301513671875
2014-04-11,68.29336547851562
2014-04-14,68.28538513183594
2014-04-15,68.28538513183594
2014-04-16,68.2611083984375
2014-04-17,68.24494171142578
2014-04-21,68.24494171142578
2014-04-22,68.21257019042969
2014-04-23,68.24494171142578
2014-04-24,68.22877502441406
2014-04-25,68.23684692382812
2014-04-28,68.23684692382812
2014-04-29,68.22877502441406
2014-04-30,68.27726745605469
2014-05-01,68.27808380126953
2014-05-02,68.26995849609375
2014-05-05,68.27808380126953
2014-05-06,68.25382995605469
2014-05-07,68.27808380126953
2014-05-08,68.294189453125
2014-05-09,68.31847381591797
2014-05-12,68.30226135253906
2014-05-13,68.32655334472656
2014-05-14,68.35081481933594
2014-05-15,68.35884857177734
2014-05-16,68.36698913574219
2014-05-19,68.38312530517578
2014-05-20,68.39115142822266
2014-05-21,68.39115142822266
2014-05-22,68.37505340576172
2014-05-23,68.35884857177734
2014-05-27,68.37505340576172
2014-05-28,68.39115142822266
2014-05-29,68.38312530517578
2014-05-30,68.39926147460938
2014-06-02,68.35322570800781
2014-06-03,68.3370361328125
2014-06-04,68.36125946044922
2014-06-05,68.36940002441406
2014-06-06,68.35322570800781
2014-06-09,68.30471801757812
2014-06-10,68.28849029541016
2014-06-11,68.31275177001953
2014-06-12,68.3370361328125
2014-06-13,68.296630859375
2014-06-16,68.28046417236328
2014-06-17,68.2238540649414
2014-06-18,68.28046417236328
2014-06-19,68.27236938476562
2014-06-20,68.27236938476562
2014-06-23,68.27236938476562
2014-06-24,68.296630859375
2014-06-25,68.30471801757812
2014-06-26,68.3208236694336
2014-06-27,68.3370361328125
2014-06-30,68.34510803222656
2014-07-01,68.31683349609375
2014-07-02,68.29254913330078
2014-07-03,68.28447723388672
2014-07-07,68.26831817626953
2014-07-08,68.28447723388672
2014-07-09,68.29254913330078
2014-07-10,68.32490539550781
2014-07-11,68.34102630615234
2014-07-14,68.33296203613281
2014-07-15,68.30064392089844
2014-07-16,68.29254913330078
2014-07-17,68.34911346435547
2014-07-18,68.29254913330078
2014-07-21,68.30064392089844
2014-07-22,68.30064392089844
2014-07-23,68.32490539550781
2014-07-24,68.30064392089844
2014-07-25,68.30868530273438
2014-07-28,68.2763671875
2014-07-29,68.29254913330078
2014-07-30,68.2602767944336
2014-07-31,68.29254913330078
2014-08-01,68.37911987304688
2014-08-04,68.37911987304688
2014-08-05,68.37911987304688
2014-08-06,68.39529418945312
2014-08-07,68.42762756347656
2014-08-08,68.38719940185547
2014-08-11,68.38719940185547
2014-08-12,68.38719940185547
2014-08-13,68.41949462890625
2014-08-14,68.43572235107422
2014-08-15,68.43572235107422
2014-08-18,68.43572235107422
2014-08-19,68.43572235107422
2014-08-20,68.3709716796875
2014-08-21,68.3709716796875
2014-08-22,68.35480499267578
2014-08-25,68.33053588867188
2014-08-26,68.35480499267578
2014-08-27,68.3709716796875
2014-08-28,68.38719940185547
2014-08-29,68.41949462890625
2014-09-02,68.36128997802734
2014-09-03,68.37744140625
2014-09-04,68.36937713623047
2014-09-05,68.39360809326172
2014-09-08,68.35318756103516
2014-09-09,68.31270599365234
2014-09-10,68.3208236694336
2014-09-11,68.32892608642578
2014-09-12,68.31270599365234
2014-09-15,68.34513854980469
2014-09-16,68.38550567626953
2014-09-17,68.31270599365234
2014-09-18,68.3208236694336
2014-09-19,68.31270599365234
2014-09-22,68.36128997802734
2014-09-23,68.37744140625
2014-09-24,68.35318756103516
2014-09-25,68.4017562866211
2014-09-26,68.36937713623047
2014-09-29,68.38550567626953
2014-09-30,68.36937713623047
2014-10-01,68.4422378540039
2014-10-02,68.43412017822266
2014-10-03,68.36937713623047
2014-10-06,68.43412017822266
2014-10-07,68.47463989257812
2014-10-08,68.54739379882812
2014-10-09,68.54739379882812
2014-10-10,68.57977294921875
2014-10-13,68.60403442382812
2014-10-14,68.64448547363281
2014-10-15,68.73356628417969
2014-10-16,68.6930923461914
2014-10-17,68.65264892578125
2014-10-20,68.6930923461914
2014-10-21,68.6769027709961
2014-10-22,68.66069793701172
2014-10-23,68.62834167480469
2014-10-24,68.64448547363281
2014-10-27,68.64448547363281
2014-10-28,68.62834167480469
2014-10-29,68.53933715820312
2014-10-30,68.56353759765625
2014-10-31,68.54739379882812
2014-11-03,68.53852844238281
2014-11-04,68.53046417236328
2014-11-05,68.51422119140625
2014-11-06,68.49808502197266
2014-11-07,68.54659271240234
2014-11-10,68.49808502197266
2014-11-11,68.48992156982422
2014-11-12,68.51422119140625
2014-11-13,68.53046417236328
2014-11-14,68.56283569335938
2014-11-17,68.5546875
2014-11-18,68.54659271240234
2014-11-19,68.53852844238281
2014-11-20,68.5546875
2014-11-21,68.57086944580078
2014-11-24,68.57899475097656
2014-11-25,68.5870590209961
2014-11-26,68.59515380859375
2014-11-28,68.61945343017578
2014-12-01,68.61863708496094
2014-12-02,68.57818603515625
2014-12-03,68.54576110839844
2014-12-04,68.58627319335938
2014-12-05,68.45669555664062
2014-12-08,68.44856262207031
2014-12-09,68.47285461425781
2014-12-10,68.52959442138672
2014-12-11,68.49718475341797
2014-12-12,68.56200408935547
2014-12-15,68.51336669921875
2014-12-16,68.55386352539062
2014-12-17,68.48908996582031
2014-12-18,68.44856262207031
2014-12-19,68.39998626708984
2014-12-22,68.4162368774414
2014-12-23,68.34330749511719
2014-12-24,68.37810516357422
2014-12-26,68.35382080078125
2014-12-29,68.41867065429688
2014-12-30,68.44295501708984
2014-12-31,68.41867065429688
2015-01-02,68.49154663085938
2015-01-05,68.49154663085938
2015-01-06,68.52400207519531
2015-01-07,68.55641174316406
2015-01-08,68.54825592041016
2015-01-09,68.60506439208984
2015-01-12,68.64553833007812
2015-01-13,68.6860122680664
2015-01-14,68.7265396118164
2015-01-15,68.83184814453125
2015-01-16,68.76702117919922
2015-01-20,68.73464965820312
2015-01-21,68.73464965820312
2015-01-22,68.7103271484375
2015-01-23,68.74271392822266
2015-01-26,68.70220947265625
2015-01-27,68.74271392822266
2015-01-28,68.79137420654297
2015-01-29,68.76702117919922
2015-01-30,68.84805297851562
2015-02-02,68.82613372802734
2015-02-03,68.76942443847656
2015-02-04,68.77751159667969
2015-02-05,68.75321960449219
2015-02-06,68.59113311767578
2015-02-09,68.58305358886719
2015-02-10,68.56680297851562
2015-02-11,68.57486724853516
2015-02-12,68.59920501708984
2015-02-13,68.59920501708984
2015-02-17,68.56680297851562
2015-02-18,68.64781188964844
2015-02-19,68.60733032226562
2015-02-20,68.59920501708984
2015-02-23,68.63172912597656
2015-02-24,68.68841552734375
2015-02-25,68.68841552734375
2015-02-26,68.62357330322266
2015-02-27,68.64781188964844
2015-03-02,68.5919189453125
2015-03-03,68.5756607055664
2015-03-04,68.5919189453125
2015-03-05,68.61627197265625
2015-03-06,68.54324340820312
2015-03-09,68.5756607055664
2015-03-10,68.5919189453125
2015-03-11,68.5919189453125
2015-03-12,68.60814666748047
2015-03-13,68.61627197265625
2015-03-16,68.62434387207031
2015-03-17,68.60814666748047
2015-03-18,68.77029418945312
2015-03-19,68.68114471435547
2015-03-20,68.729736328125
2015-03-23,68.75404357910156
2015-03-24,68.77838897705078
2015-03-25,68.76216125488281
2015-03-26,68.729736328125
2015-03-27,68.77029418945312
2015-03-30,68.76216125488281
2015-03-31,68.81890869140625
2015-04-01,68.84895324707031
2015-04-02,68.8408432006836
2015-04-06,68.89761352539062
2015-04-07,68.84895324707031
2015-04-08,68.84895324707031
2015-04-09,68.82462310791016
2015-04-10,68.80836486816406
2015-04-13,68.84895324707031
2015-04-14,68.88139343261719
2015-04-15,68.88139343261719
2015-04-16,68.91383361816406
2015-04-17,68.88139343261719
2015-04-20,68.87325286865234
2015-04-21,68.88139343261719
2015-04-22,68.82462310791016
2015-04-23,68.85706329345703
2015-04-24,68.88139343261719
2015-04-27,68.87325286865234
2015-04-28,68.8408432006836
2015-04-29,68.84895324707031
2015-04-30,68.8408432006836
2015-05-01,68.81246185302734
2015-05-04,68.81246185302734
2015-05-05,68.79618835449219
2015-05-06,68.7718734741211
2015-05-07,68.74747467041016
2015-05-08,68.84485626220703
2015-05-11,68.77999114990234
2015-05-12,68.7880859375
2015-05-13,68.82057189941406
2015-05-14,68.88549041748047
2015-05-15,68.88549041748047
2015-05-18,68.84485626220703
2015-05-19,68.80437469482422
2015-05-20,68.82867431640625
2015-05-21,68.85302734375
2015-05-22,68.80437469482422
2015-05-26,68.81246185302734
2015-05-27,68.82057189941406
2015-05-28,68.85302734375
2015-05-29,68.86921691894531
2015-06-01,68.8261947631836
2015-06-02,68.8180923461914
2015-06-03,68.79371643066406
2015-06-04,68.80186462402344
2015-06-05,68.73692321777344
2015-06-08,68.7774658203125
2015-06-09,68.74503326416016
2015-06-10,68.72879028320312
2015-06-11,68.74503326416016
2015-06-12,68.72879028320312
2015-06-15,68.76126861572266
2015-06-16,68.78562927246094
2015-06-17,68.8343734741211
2015-06-18,68.85057830810547
2015-06-19,68.86679077148438
2015-06-22,68.8180923461914
2015-06-23,68.80186462402344
2015-06-24,68.8343734741211
2015-06-25,68.8180923461914
2015-06-26,68.7774658203125
2015-06-29,68.89117431640625
2015-06-30,68.89117431640625
2015-07-01,68.83268737792969
2015-07-02,68.93824768066406
2015-07-06,68.95453643798828
2015-07-07,68.94641876220703
2015-07-08,69.01948547363281
2015-07-09,68.970703125
2015-07-10,68.9057388305664
2015-07-13,68.87332153320312
2015-07-14,68.9057388305664
2015-07-15,68.93013000488281
2015-07-16,68.89765167236328
2015-07-17,68.88142395019531
2015-07-20,68.8408203125
2015-07-21,68.84891510009766
2015-07-22,68.8408203125
2015-07-23,68.84891510009766
2015-07-24,68.8652114868164
2015-07-27,68.91392517089844
2015-07-28,68.89765167236328
2015-07-29,68.88142395019531
2015-07-30,68.84891510009766
2015-07-31,68.92202758789062
2015-08-03,68.94476318359375
2015-08-04,68.83914184570312
2015-08-05,68.84729766845703
2015-08-06,68.863525390625
2015-08-07,68.8310317993164
2015-08-10,68.8310317993164
2015-08-11,68.92036437988281
2015-08-12,68.92036437988281
2015-08-13,68.863525390625
2015-08-14,68.8310317993164
2015-08-17,68.87164306640625
2015-08-18,68.863525390625
2015-08-19,68.92851257324219
2015-08-20,68.90413665771484
2015-08-21,68.97728729248047
2015-08-24,69.00977325439453
2015-08-25,68.97728729248047
2015-08-26,68.9366455078125
2015-08-27,68.94476318359375
2015-08-28,68.91227722167969
2015-08-31,68.88788604736328
2015-09-01,68.91227722167969
2015-09-02,68.92859649658203
2015-09-03,68.92859649658203
2015-09-04,68.93665313720703
2015-09-08,68.91227722167969
2015-09-09,68.89605712890625
2015-09-10,68.92039489746094
2015-09-11,68.9448013305664
2015-09-14,68.92859649658203
2015-09-15,68.83100891113281
2015-09-16,68.8228530883789
2015-09-17,68.97731018066406
2015-09-18,69.00984954833984
2015-09-21,68.96919250488281
2015-09-22,69.00984954833984
2015-09-23,68.98542785644531
2015-09-24,69.02607727050781
2015-09-25,68.99361419677734
2015-09-28,69.04236602783203
2015-09-29,69.07485961914062
2015-09-30,69.09110260009766
2015-10-01,69.09110260009766
2015-10-02,69.18871307373047
2015-10-05,69.13992309570312
2015-10-06,69.13178253173828
2015-10-07,69.1155014038086
2015-10-08,69.0992660522461
2015-10-09,69.0992660522461
2015-10-12,69.08303833007812
2015-10-13,69.10736846923828
2015-10-14,69.2049789428711
2015-10-15,69.16434478759766
2015-10-16,69.13178253173828
2015-10-19,69.15615844726562
2015-10-20,69.1155014038086
2015-10-21,69.13992309570312
2015-10-22,69.16434478759766
2015-10-23,69.10736846923828
2015-10-26,69.10736846923828
2015-10-27,69.13178253173828
2015-10-28,69.04234313964844
2015-10-29,68.99352264404297
2015-10-30,68.99352264404297
2015-11-02,68.9536361694336
2015-11-03,68.9455337524414
2015-11-04,68.87225341796875
2015-11-05,68.87225341796875
2015-11-06,68.80722045898438
2015-11-09,68.79086303710938
2015-11-10,68.82344818115234
2015-11-11,68.80722045898438
2015-11-12,68.83160400390625
2015-11-13,68.88858032226562
2015-11-16,68.88858032226562
2015-11-17,68.86418151855469
2015-11-18,68.8397216796875
2015-11-19,68.82344818115234
2015-11-20,68.82344818115234
2015-11-23,68.8153076171875
2015-11-24,68.8153076171875
2015-11-25,68.82344818115234
2015-11-27,68.8397216796875
2015-11-30,68.8153076171875
2015-12-01,68.85684204101562
2015-12-02,68.79986572265625
2015-12-03,68.79986572265625
2015-12-04,68.81610870361328
2015-12-07,68.80799102783203
2015-12-08,68.79986572265625
2015-12-09,68.8242416381836
2015-12-10,68.78356170654297
2015-12-11,68.8649673461914
2015-12-14,68.78356170654297
2015-12-15,68.77543640136719
2015-12-16,68.71843719482422
2015-12-17,68.71843719482422
2015-12-18,68.80799102783203
2015-12-21,68.79986572265625
2015-12-22,68.78356170654297
2015-12-23,68.75912475585938
2015-12-24,68.7860107421875
2015-12-28,68.74527740478516
2015-12-29,68.72901916503906
2015-12-30,68.74527740478516
2015-12-31,68.71271514892578
2016-01-04,68.80232238769531
2016-01-05,68.7615737915039
2016-01-06,68.80232238769531
2016-01-07,68.8267593383789
2016-01-08,68.87562561035156
2016-01-11,68.90006256103516
2016-01-12,68.90821838378906
2016-01-13,68.94889831542969
2016-01-14,68.96524810791016
2016-01-15,69.02225494384766
2016-01-19,69.01411437988281
2016-01-20,69.06298828125
2016-01-21,69.05482482910156
2016-01-22,69.03034210205078
2016-01-25,69.03034210205078
2016-01-26,69.06298828125
2016-01-27,69.07923889160156
2016-01-28,69.07923889160156
2016-01-29,69.16069793701172
2016-02-01,69.12405395507812
2016-02-02,69.21367645263672
2016-02-03,69.22994995117188
2016-02-04,69.24626159667969
2016-02-05,69.22994995117188
2016-02-08,69.31145477294922
2016-02-09,69.28706359863281
2016-02-10,69.28706359863281
2016-02-11,69.35221862792969
2016-02-12,69.27073669433594
2016-02-16,69.22994995117188
2016-02-17,69.24626159667969
2016-02-18,69.30331420898438
2016-02-19,69.2381362915039
2016-02-22,69.24626159667969
2016-02-23,69.25442504882812
2016-02-24,69.27073669433594
2016-02-25,69.28706359863281
2016-02-26,69.19739532470703
2016-02-29,69.2381362915039
2016-03-01,69.14598083496094
2016-03-02,69.13784790039062
2016-03-03,69.16230010986328
2016-03-04,69.11335754394531
2016-03-07,69.06444549560547
2016-03-08,69.11335754394531
2016-03-09,69.08892059326172
2016-03-10,69.08071899414062
2016-03-11,69.01551055908203
2016-03-14,69.01551055908203
2016-03-15,69.03997039794922
2016-03-16,69.1785659790039
2016-03-17,69.17041778564453
2016-03-18,69.1867446899414
2016-03-21,69.1785659790039
2016-03-22,69.13784790039062
2016-03-23,69.1785659790039
2016-03-24,69.14598083496094
2016-03-28,69.16230010986328
2016-03-29,69.292724609375
2016-03-30,69.30093383789062
2016-03-31,69.33350372314453
2016-04-01,69.29354095458984
2016-04-04,69.34249877929688
2016-04-05,69.36698150634766
2016-04-06,69.34249877929688
2016-04-07,69.38334655761719
2016-04-08,69.38334655761719
2016-04-11,69.37517547607422
2016-04-12,69.35879516601562
2016-04-13,69.32617950439453
2016-04-14,69.32617950439453
2016-04-15,69.37517547607422
2016-04-18,69.36698150634766
2016-04-19,69.34249877929688
2016-04-20,69.29354095458984
2016-04-21,69.27723693847656
2016-04-22,69.27723693847656
2016-04-25,69.26091766357422
2016-04-26,69.24463653564453
2016-04-27,69.29354095458984
2016-04-28,69.33432006835938
2016-04-29,69.35879516601562
2016-05-02,69.33348083496094
2016-05-03,69.40701293945312
2016-05-04,69.39884185791016
2016-05-05,69.42337799072266
2016-05-06,69.40701293945312
2016-05-09,69.4396743774414
2016-05-10,69.4559326171875
2016-05-11,69.43147277832031
2016-05-12,69.39066314697266
2016-05-13,69.39884185791016
2016-05-16,69.36614227294922
2016-05-17,69.34172821044922
2016-05-18,69.21923065185547
2016-05-19,69.23554992675781
2016-05-20,69.26004028320312
2016-05-23,69.25188446044922
2016-05-24,69.20291900634766
2016-05-25,69.2436752319336
2016-05-26,69.28453063964844
2016-05-27,69.2436752319336
2016-05-31,69.27633666992188
2016-06-01,69.22817993164062
2016-06-02,69.28532409667969
2016-06-03,69.39970397949219
2016-06-06,69.38341522216797
2016-06-07,69.39970397949219
2016-06-08,69.41606140136719
2016-06-09,69.4323959350586
2016-06-10,69.47319793701172
2016-06-13,69.48957824707031
2016-06-14,69.49776458740234
2016-06-15,69.57941436767578
2016-06-16,69.5385971069336
2016-06-17,69.54678344726562
2016-06-20,69.5058822631836
2016-06-21,69.45690155029297
2016-06-22,69.48140716552734
2016-06-23,69.45690155029297
2016-06-24,69.6202392578125
2016-06-27,69.6611099243164
2016-06-28,69.68561553955078
2016-06-29,69.6611099243164
2016-06-30,69.69380187988281
2016-07-01,69.71829986572266
2016-07-05,69.7509765625
2016-07-06,69.71829986572266
2016-07-07,69.68563079833984
2016-07-08,69.68563079833984
2016-07-11,69.6120376586914
2016-07-12,69.58756256103516
2016-07-13,69.60386657714844
2016-07-14,69.56299591064453
2016-07-15,69.5302963256836
2016-07-18,69.57122039794922
2016-07-19,69.579345703125
2016-07-20,69.5466537475586
2016-07-21,69.59571838378906
2016-07-22,69.57122039794922
2016-07-25,69.52218627929688
2016-07-26,69.5302963256836
2016-07-27,69.579345703125
2016-07-28,69.57122039794922
2016-07-29,69.66108703613281
2016-08-01,69.63734436035156
2016-08-02,69.61280059814453
2016-08-03,69.62095642089844
2016-08-04,69.67007446289062
2016-08-05,69.57192993164062
2016-08-08,69.54739379882812
2016-08-09,69.58826446533203
2016-08-10,69.62095642089844
2016-08-11,69.55555725097656
2016-08-12,69.60468292236328
2016-08-15,69.58826446533203
2016-08-16,69.5637435913086
2016-08-17,69.5637435913086
2016-08-18,69.61280059814453
2016-08-19,69.54739379882812
2016-08-22,69.55555725097656
2016-08-23,69.5637435913086
2016-08-24,69.54739379882812
2016-08-25,69.52288055419922
2016-08-26,69.4574203491211
2016-08-29,69.49840545654297
2016-08-30,69.5064926147461
2016-08-31,69.49840545654297
2016-09-01,69.53106689453125
2016-09-02,69.53106689453125
2016-09-06,69.58019256591797
2016-09-07,69.58019256591797
2016-09-08,69.53106689453125
2016-09-09,69.50652313232422
2016-09-12,69.53106689453125
2016-09-13,69.50652313232422
2016-09-14,69.54742431640625
2016-09-15,69.60469818115234
2016-09-16,69.57197570800781
2016-09-19,69.55559539794922
2016-09-20,69.53931427001953
2016-09-21,69.55559539794922
2016-09-22,69.53931427001953
2016-09-23,69.58019256591797
2016-09-26,69.62107849121094
2016-09-27,69.62923431396484
2016-09-28,69.62107849121094
2016-09-29,69.6456527709961
2016-09-30,69.58832550048828
2016-10-03,69.57939910888672
2016-10-04,69.52206420898438
2016-10-05,69.48110961914062
2016-10-06,69.48110961914062
2016-10-07,69.50568389892578
2016-10-10,69.4728775024414
2016-10-11,69.4647216796875
2016-10-12,69.4647216796875
2016-10-13,69.48931884765625
2016-10-14,69.4728775024414
2016-10-17,69.53020477294922
2016-10-18,69.55482482910156
2016-10-19,69.55482482910156
2016-10-20,69.52206420898438
2016-10-21,69.53839874267578
2016-10-24,69.51387023925781
2016-10-25,69.51387023925781
2016-10-26,69.48931884765625
2016-10-27,69.50568389892578
2016-10-28,69.50568389892578
2016-10-31,69.55482482910156
2016-11-01,69.55558776855469
2016-11-02,69.59656524658203
2016-11-03,69.60472869873047
2016-11-04,69.62932586669922
2016-11-07,69.60472869873047
2016-11-08,69.53105926513672
2016-11-09,69.44091033935547
2016-11-10,69.41633605957031
2016-11-11,69.41633605957031
2016-11-14,69.30986785888672
2016-11-15,69.33438873291016
2016-11-16,69.326171875
2016-11-17,69.31803894042969
2016-11-18,69.27706146240234
2016-11-21,69.26886749267578
2016-11-22,69.25244903564453
2016-11-23,69.21148681640625
2016-11-25,69.20329284667969
2016-11-28,69.24427795410156
2016-11-29,69.25244903564453
2016-11-30,69.2279052734375
2016-12-01,69.19512939453125
2016-12-02,69.26890563964844
2016-12-05,69.26890563964844
2016-12-06,69.25245666503906
2016-12-07,69.27709197998047
2016-12-08,69.26890563964844
2016-12-09,69.26066589355469
2016-12-12,69.23611450195312
2016-12-13,69.22789764404297
2016-12-14,69.09673309326172
2016-12-15,69.06391143798828
2016-12-16,69.09673309326172
2016-12-19,69.12947845458984
2016-12-20,69.13775634765625
2016-12-21,69.17050170898438
2016-12-22,69.18775177001953
2016-12-23,69.18775177001953
2016-12-27,69.15493774414062
2016-12-28,69.17951965332031
2016-12-29,69.25336456298828
2016-12-30,69.27800750732422
2017-01-03,69.22055053710938
2017-01-04,69.23695373535156
2017-01-05,69.28619384765625
2017-01-06,69.22876739501953
2017-01-09,69.28619384765625
2017-01-10,69.2615966796875
2017-01-11,69.29438018798828
2017-01-12,69.31903076171875
2017-01-13,69.28619384765625
2017-01-17,69.33537292480469
2017-01-18,69.269775390625
2017-01-19,69.24519348144531
2017-01-20,69.28619384765625
2017-01-23,69.35181427001953
2017-01-24,69.31078338623047
2017-01-25,69.29438018798828
2017-01-26,69.30257415771484
2017-01-27,69.33537292480469
2017-01-30,69.33537292480469
2017-01-31,69.35181427001953
2017-02-01,69.3280258178711
2017-02-02,69.35259246826172
2017-02-03,69.3280258178711
2017-02-06,69.40185546875
2017-02-07,69.38548278808594
2017-02-08,69.45111083984375
2017-02-09,69.39372253417969
2017-02-10,69.38548278808594
2017-02-13,69.36907958984375
2017-02-14,69.31979370117188
2017-02-15,69.29518127441406
2017-02-16,69.3280258178711
2017-02-17,69.37723541259766
2017-02-21,69.38548278808594
2017-02-22,69.40185546875
2017-02-23,69.4347152709961
2017-02-24,69.467529296875
2017-02-27,69.4100570678711
2017-02-28,69.37723541259766
2017-03-01,69.32303619384766
2017-03-02,69.24913787841797
2017-03-03,69.26553344726562
2017-03-06,69.28197479248047
2017-03-07,69.25736999511719
2017-03-08,69.19979858398438
2017-03-09,69.19165802001953
2017-03-10,69.23273468017578
2017-03-13,69.19979858398438
2017-03-14,69.19165802001953
2017-03-15,69.32303619384766
2017-03-16,69.27376556396484
2017-03-17,69.30661010742188
2017-03-20,69.34768676757812
2017-03-21,69.38053131103516
2017-03-22,69.39691162109375
2017-03-23,69.39691162109375
2017-03-24,69.39691162109375
2017-03-27,69.42160034179688
2017-03-28,69.38874816894531
2017-03-29,69.42981719970703
2017-03-30,69.41342163085938
2017-03-31,69.42160034179688
2017-04-03,69.48572540283203
2017-04-04,69.46109771728516
2017-04-05,69.46109771728516
2017-04-06,69.47749328613281
2017-04-07,69.38710021972656
2017-04-10,69.4199447631836
2017-04-11,69.48572540283203
2017-04-12,69.53501892089844
2017-04-13,69.56791687011719
2017-04-17,69.55967712402344
2017-04-18,69.61723327636719
2017-04-19,69.58432006835938
2017-04-20,69.57616424560547
2017-04-21,69.60901641845703
2017-04-24,69.53501892089844
2017-04-25,69.46927642822266
2017-04-26,69.49397277832031
2017-04-27,69.51861572265625
2017-04-28,69.55145263671875
2017-05-01,69.5037612915039
2017-05-02,69.52845764160156
2017-05-03,69.47907257080078
2017-05-04,69.47087097167969
2017-05-05,69.49553680419922
2017-05-08,69.462646484375
2017-05-09,69.42970275878906
2017-05-10,69.44617462158203
2017-05-11,69.45445251464844
2017-05-12,69.53667449951172
2017-05-15,69.52845764160156
2017-05-16,69.52845764160156
2017-05-17,69.60249328613281
2017-05-18,69.56956481933594
2017-05-19,69.58600616455078
2017-05-22,69.56133270263672
2017-05-23,69.53667449951172
2017-05-24,69.57777404785156
2017-05-25,69.57777404785156
2017-05-26,69.56956481933594
2017-05-30,69.59428405761719
2017-05-31,69.60249328613281
2017-06-01,69.58931732177734
2017-06-02,69.63867950439453
2017-06-05,69.5810775756836
2017-06-06,69.60575866699219
2017-06-07,69.5810775756836
2017-06-08,69.56462097167969
2017-06-09,69.53990936279297
2017-06-12,69.53169250488281
2017-06-13,69.53169250488281
2017-06-14,69.56462097167969
2017-06-15,69.53990936279297
2017-06-16,69.57283782958984
2017-06-19,69.53169250488281
2017-06-20,69.53990936279297
2017-06-21,69.54812622070312
2017-06-22,69.556396484375
2017-06-23,69.5975341796875
2017-06-26,69.5975341796875
2017-06-27,69.556396484375
2017-06-28,69.58931732177734
2017-06-29,69.54812622070312
2017-06-30,69.54812622070312
2017-07-03,69.4962387084961
2017-07-05,69.52094268798828
2017-07-06,69.53742218017578
2017-07-07,69.52919006347656
2017-07-10,69.5621337890625
2017-07-11,69.58683013916016
2017-07-12,69.61980438232422
2017-07-13,69.58683013916016
2017-07-14,69.61980438232422
2017-07-17,69.62806701660156
2017-07-18,69.6445083618164
2017-07-19,69.6445083618164
2017-07-20,69.6445083618164
2017-07-21,69.6774673461914
2017-07-24,69.65275573730469
2017-07-25,69.61158752441406
2017-07-26,69.66099548339844
2017-07-27,69.6445083618164
2017-07-28,69.68569946289062
2017-07-31,69.6774673461914
2017-08-01,69.70304870605469
2017-08-02,69.67007446289062
2017-08-03,69.69477844238281
2017-08-04,69.67007446289062
2017-08-07,69.69477844238281
2017-08-08,69.69477844238281
2017-08-09,69.68655395507812
2017-08-10,69.7112808227539
2017-08-11,69.80197143554688
2017-08-14,69.74425506591797
2017-08-15,69.7112808227539
2017-08-16,69.75247955322266
2017-08-17,69.76902770996094
2017-08-18,69.76075744628906
2017-08-21,69.77727508544922
2017-08-22,69.76902770996094
2017-08-23,69.8349609375
2017-08-24,69.76902770996094
2017-08-25,69.79376220703125
2017-08-28,69.76902770996094
2017-08-29,69.80197143554688
2017-08-30,69.8184585571289
2017-08-31,69.8184585571289
2017-09-01,69.80355834960938
2017-09-05,69.86962890625
2017-09-06,69.86138153076172
2017-09-07,69.9026107788086
2017-09-08,69.88614654541016
2017-09-11,69.82014465332031
2017-09-12,69.7870864868164
2017-09-13,69.7706298828125
2017-09-14,69.77884674072266
2017-09-15,69.7706298828125
2017-09-18,69.72936248779297
2017-09-19,69.7375717163086
2017-09-20,69.67980194091797
2017-09-21,69.6633071899414
2017-09-22,69.67980194091797
2017-09-25,69.7210922241211
2017-09-26,69.70458221435547
2017-09-27,69.69636535644531
2017-09-28,69.70458221435547
2017-09-29,69.68809509277344
2017-10-02,69.7401123046875
2017-10-03,69.6988525390625
2017-10-04,69.83097839355469
2017-10-05,69.68226623535156
2017-10-06,69.65753936767578
2017-10-09,69.65753936767578
2017-10-10,69.674072265625
2017-10-11,69.665771484375
2017-10-12,69.65753936767578
2017-10-13,69.6988525390625
2017-10-16,69.63277435302734
2017-10-17,69.64100646972656
2017-10-18,69.61621856689453
2017-10-19,69.65753936767578
2017-10-20,69.61621856689453
2017-10-23,69.61621856689453
2017-10-24,69.59967803955078
2017-10-25,69.58318328857422
2017-10-26,69.58318328857422
2017-10-27,69.63277435302734
2017-10-30,69.665771484375
2017-10-31,69.62450408935547
2017-11-01,69.61456298828125
2017-11-02,69.6311264038086
2017-11-03,69.58975219726562
2017-11-06,69.6311264038086
2017-11-07,69.59801483154297
2017-11-08,69.58975219726562
2017-11-09,69.58148193359375
2017-11-10,69.55667877197266
2017-11-13,69.54840087890625
2017-11-14,69.56498718261719
2017-11-15,69.54015350341797
2017-11-16,69.54840087890625
2017-11-17,69.507080078125
2017-11-20,69.48229217529297
2017-11-21,69.46576690673828
2017-11-22,69.52365112304688
2017-11-24,69.52365112304688
2017-11-27,69.52365112304688
2017-11-28,69.53192901611328
2017-11-29,69.51533508300781
2017-11-30,69.4740219116211
2017-12-01,69.48974609375
2017-12-04,69.44835662841797
2017-12-05,69.44010925292969
2017-12-06,69.47323608398438
2017-12-07,69.48149108886719
2017-12-08,69.48149108886719
2017-12-11,69.44835662841797
2017-12-12,69.44835662841797
2017-12-13,69.52284240722656
2017-12-14,69.49803161621094
2017-12-15,69.46492004394531
2017-12-18,69.46492004394531
2017-12-19,69.43187713623047
2017-12-20,69.44010925292969
2017-12-21,69.43513488769531
2017-12-22,69.4103012084961
2017-12-26,69.40202331542969
2017-12-27,69.43513488769531
2017-12-28,69.44341278076172
2017-12-29,69.45999908447266
2018-01-02,69.43513488769531
2018-01-03,69.43513488769531
2018-01-04,69.40202331542969
2018-01-05,69.40202331542969
2018-01-08,69.40202331542969
2018-01-09,69.37714385986328
2018-01-10,69.40202331542969
2018-01-11,69.37714385986328
2018-01-12,69.36888122558594
2018-01-16,69.360595703125
2018-01-17,69.33572387695312
2018-01-18,69.31916046142578
2018-01-19,69.34398651123047
2018-01-22,69.31086730957031
2018-01-23,69.3523178100586
2018-01-24,69.33572387695312
2018-01-25,69.31916046142578
2018-01-26,69.27777099609375
2018-01-29,69.25286865234375
2018-01-30,69.26115417480469
2018-01-31,69.26115417480469
2018-02-01,69.23297882080078
2018-02-02,69.24129486083984
2018-02-05,69.36563873291016
2018-02-06,69.3158950805664
2018-02-07,69.26616668701172
2018-02-08,69.2744369506836
2018-02-09,69.33248138427734
2018-02-12,69.29932403564453
2018-02-13,69.29932403564453
2018-02-14,69.19976043701172
2018-02-15,69.17493438720703
2018-02-16,69.19148254394531
2018-02-20,69.18319702148438
2018-02-21,69.19148254394531
2018-02-22,69.19976043701172
2018-02-23,69.21640014648438
2018-02-26,69.22467803955078
2018-02-27,69.17493438720703
2018-02-28,69.19148254394531
2018-03-01,69.28781127929688
2018-03-02,69.25460052490234
2018-03-05,69.25460052490234
2018-03-06,69.23804473876953
2018-03-07,69.23804473876953
2018-03-08,69.25460052490234
2018-03-09,69.221435546875
2018-03-12,69.25460052490234
2018-03-13,69.27118682861328
2018-03-14,69.26287841796875
2018-03-15,69.27118682861328
2018-03-16,69.23804473876953
2018-03-19,69.23804473876953
2018-03-20,69.2131118774414
2018-03-21,69.26287841796875
2018-03-22,69.29610443115234
2018-03-23,69.31272888183594
2018-03-26,69.27945709228516
2018-03-27,69.3293228149414
2018-03-28,69.3376235961914
2018-03-29,69.36250305175781
2018-04-02,69.3824462890625
2018-04-03,69.34919738769531
2018-04-04,69.30770111083984
2018-04-05,69.32430267333984
2018-04-06,69.3824462890625
2018-04-09,69.3741455078125
2018-04-10,69.34088897705078
2018-04-11,69.34088897705078
2018-04-12,69.29938507080078
2018-04-13,69.28272247314453
2018-04-16,69.2744369506836
2018-04-17,69.2744369506836
2018-04-18,69.21623992919922
2018-04-19,69.21623992919922
2018-04-20,69.1913070678711
2018-04-23,69.18301391601562
2018-04-24,69.19963836669922
2018-04-25,69.1913070678711
2018-04-26,69.20793914794922
2018-04-27,69.2245864868164
2018-04-30,69.19963836669922
2018-05-01,69.16883850097656
2018-05-02,69.19380187988281
2018-05-03,69.24372100830078
2018-05-04,69.21878814697266
2018-05-07,69.21878814697266
2018-05-08,69.22709655761719
2018-05-09,69.19380187988281
2018-05-10,69.19380187988281
2018-05-11,69.19380187988281
2018-05-14,69.19380187988281
2018-05-15,69.15222930908203
2018-05-16,69.15222930908203
2018-05-17,69.16883850097656
2018-05-18,69.20211029052734
2018-05-21,69.20211029052734
2018-05-22,69.20211029052734
2018-05-23,69.26034545898438
2018-05-24,69.30195617675781
2018-05-25,69.36024475097656
2018-05-29,69.55989837646484
2018-05-30,69.47674560546875
2018-05-31,69.44338989257812
2018-06-01,69.39007568359375
2018-06-04,69.331787109375
2018-06-05,69.3734359741211
2018-06-06,69.34844207763672
2018-06-07,69.41507720947266
2018-06-08,69.3984146118164
2018-06-11,69.3734359741211
2018-06-12,69.34010314941406
2018-06-13,69.3067626953125
2018-06-14,69.331787109375
2018-06-15,69.36510467529297
2018-06-18,69.38172912597656
2018-06-19,69.40674591064453
2018-06-20,69.3734359741211
2018-06-21,69.41507720947266
2018-06-22,69.42342376708984
2018-06-25,69.44841766357422
2018-06-26,69.44841766357422
2018-06-27,69.4900894165039
2018-06-28,69.4900894165039
2018-06-29,69.47344207763672
2018-07-02,69.46505737304688
2018-07-03,69.49009704589844
2018-07-05,69.48177337646484
2018-07-06,69.49845123291016
2018-07-09,69.45674896240234
2018-07-10,69.4483642578125
2018-07-11,69.47344970703125
2018-07-12,69.46505737304688
2018-07-13,69.48177337646484
2018-07-16,69.46505737304688
2018-07-17,69.45674896240234
2018-07-18,69.4483642578125
2018-07-19,69.48177337646484
2018-07-20,69.48177337646484
2018-07-23,69.44010162353516
2018-07-24,69.4483642578125
2018-07-25,69.42334747314453
2018-07-26,69.42334747314453
2018-07-27,69.43170166015625
2018-07-30,69.43170166015625
2018-07-31,69.43170166015625
2018-08-01,69.4383544921875
2018-08-02,69.4802017211914
2018-08-03,69.48854064941406
2018-08-06,69.5052719116211
2018-08-07,69.4802017211914
2018-08-08,69.48854064941406
2018-08-09,69.53031921386719
2018-08-10,69.59724426269531
2018-08-13,69.58049774169922
2018-08-14,69.58049774169922
2018-08-15,69.61392211914062
2018-08-16,69.59724426269531
2018-08-17,69.62227630615234
2018-08-20,69.66407775878906
2018-08-21,69.64737701416016
2018-08-22,69.66407775878906
2018-08-23,69.65571594238281
2018-08-24,69.66407775878906
2018-08-27,69.63899993896484
2018-08-28,69.61392211914062
2018-08-29,69.6055679321289
2018-08-30,69.65571594238281
2018-08-31,69.6724853515625
2018-09-04,69.65655517578125
2018-09-05,69.65655517578125
2018-09-06,69.68167114257812
2018-09-07,69.60631561279297
2018-09-10,69.61468505859375
2018-09-11,69.5728530883789
2018-09-12,69.5728530883789
2018-09-13,69.58116149902344
2018-09-14,69.5561294555664
2018-09-17,69.53931427001953
2018-09-18,69.53096008300781
2018-09-19,69.51421356201172
2018-09-20,69.53931427001953
2018-09-21,69.5225830078125
2018-09-24,69.5225830078125
2018-09-25,69.53096008300781
2018-09-26,69.53931427001953
2018-09-27,69.53931427001953
2018-09-28,69.5728530883789
2018-10-01,69.55351257324219
2018-10-02,69.57867431640625
2018-10-03,69.54517364501953
2018-10-04,69.52840423583984
2018-10-05,69.51998901367188
2018-10-08,69.50321197509766
2018-10-09,69.52840423583984
2018-10-10,69.54517364501953
2018-10-11,69.57032012939453
2018-10-12,69.57032012939453
2018-10-15,69.59548950195312
2018-10-16,69.57032012939453
2018-10-17,69.57032012939453
2018-10-18,69.61222839355469
2018-10-19,69.57032012939453
2018-10-22,69.55351257324219
2018-10-23,69.59548950195312
2018-10-24,69.70454406738281
2018-10-25,69.67936706542969
2018-10-26,69.72128295898438
2018-10-29,69.74644470214844
2018-10-30,69.71286010742188
2018-10-31,69.67936706542969
2018-11-01,69.71802520751953
2018-11-02,69.63396453857422
2018-11-05,69.65918731689453
2018-11-06,69.6423568725586
2018-11-07,69.61715698242188
2018-11-08,69.6087875366211
2018-11-09,69.6423568725586
2018-11-12,69.6927719116211
2018-11-13,69.7011947631836
2018-11-14,69.75162506103516
2018-11-15,69.78518676757812
2018-11-16,69.83557891845703
2018-11-19,69.8944320678711
2018-11-20,69.87760162353516
2018-11-21,69.87760162353516
2018-11-23,69.86078643798828
2018-11-26,69.86920928955078
2018-11-27,69.87760162353516
2018-11-28,69.90287780761719
2018-11-29,69.9196548461914
2018-11-30,69.94483184814453
2018-12-03,69.88761901855469
2018-12-04,69.93805694580078
2018-12-06,70.00544738769531
2018-12-07,70.08116149902344
2018-12-10,70.08116149902344
2018-12-11,70.01385498046875
2018-12-12,70.00544738769531
2018-12-13,70.07275390625
2018-12-14,70.11483764648438
2018-12-17,70.18216705322266
2018-12-18,70.22343444824219
2018-12-19,70.24031829833984
2018-12-20,70.23186492919922
2018-12-21,70.28248596191406
2018-12-24,70.34146118164062
2018-12-26,70.27404022216797
2018-12-27,70.34990692138672
2018-12-28,70.45106506347656
2018-12-31,70.47633361816406
2019-01-02,70.4847412109375
2019-01-03,70.62800598144531
2019-01-04,70.47633361816406
2019-01-07,70.42578125
2019-01-08,70.38361358642578
2019-01-09,70.41728973388672
2019-01-10,70.42578125
2019-01-11,70.46785736083984
2019-01-14,70.46785736083984
2019-01-15,70.49317169189453
2019-01-16,70.47633361816406
2019-01-17,70.46785736083984
2019-01-18,70.40886688232422
2019-01-22,70.46785736083984
2019-01-23,70.45106506347656
2019-01-24,70.51000213623047
2019-01-25,70.45946502685547
2019-01-28,70.46785736083984
2019-01-29,70.50159454345703
2019-01-30,70.59431457519531
2019-01-31,70.65327453613281
2019-02-01,70.57058715820312
2019-02-04,70.57058715820312
2019-02-05,70.57058715820312
2019-02-06,70.60433959960938
2019-02-07,70.65499114990234
2019-02-08,70.68033599853516
2019-02-11,70.65499114990234
2019-02-12,70.64656066894531
2019-02-13,70.59587860107422
2019-02-14,70.68875885009766
2019-02-15,70.65499114990234
2019-02-19,70.7056655883789
2019-02-20,70.69720458984375
2019-02-21,70.67185974121094
2019-02-22,70.72251892089844
2019-02-25,70.71410369873047
2019-02-26,70.7479019165039
2019-02-27,70.7309799194336
2019-02-28,70.71410369873047
2019-03-01,70.66674041748047
2019-03-04,70.68360900878906
2019-03-05,70.69209289550781
2019-03-06,70.74285125732422
2019-03-07,70.80208587646484
2019-03-08,70.82742309570312
2019-03-11,70.81050109863281
2019-03-12,70.83586883544922
2019-03-13,70.8443832397461
2019-03-14,70.86127471923828
2019-03-15,70.88670349121094
2019-03-18,70.86974334716797
2019-03-19,70.86127471923828
2019-03-20,70.96279907226562
2019-03-21,70.96279907226562
2019-03-22,71.08125305175781
2019-03-25,71.15734100341797
2019-03-26,71.14889526367188
2019-03-27,71.20812225341797
2019-03-28,71.19966125488281
2019-03-29,71.15734100341797
2019-04-01,71.08448791503906
2019-04-02,71.118408203125
2019-04-03,71.08448791503906
2019-04-04,71.1014175415039
2019-04-05,71.09294128417969
2019-04-08,71.07597351074219
2019-04-09,71.08448791503906
2019-04-10,71.14380645751953
2019-04-11,71.1014175415039
2019-04-12,71.05906677246094
2019-04-15,71.0675048828125
2019-04-16,71.05906677246094
2019-04-17,71.08448791503906
2019-04-18,71.1014175415039
2019-04-22,71.10990142822266
2019-04-23,71.14380645751953
2019-04-24,71.18617248535156
2019-04-25,71.18617248535156
2019-04-26,71.26242065429688
2019-04-29,71.23700714111328
2019-04-30,71.28787994384766
2019-05-01,71.22503662109375
2019-05-02,71.19109344482422
2019-05-03,71.21656036376953
2019-05-06,71.25900268554688
2019-05-07,71.29297637939453
2019-05-08,71.28449249267578
2019-05-09,71.32693481445312
2019-05-10,71.34396362304688
2019-05-13,71.42884826660156
2019-05-14,71.42884826660156
2019-05-15,71.47978973388672
2019-05-16,71.43732452392578
2019-05-17,71.45429992675781
2019-05-20,71.42034912109375
2019-05-21,71.38633728027344
2019-05-22,71.42034912109375
2019-05-23,71.54769134521484
2019-05-24,71.52225494384766
2019-05-28,71.58169555664062
2019-05-29,71.59015655517578
2019-05-30,71.64959716796875
2019-05-31,71.80245971679688
2019-06-03,71.93777465820312
2019-06-04,71.88671875
2019-06-05,71.92073059082031
2019-06-06,71.87816619873047
2019-06-07,71.9547348022461
2019-06-10,71.88671875
2019-06-11,71.86114501953125
2019-06-12,71.92073059082031
2019-06-13,71.99729919433594
2019-06-14,71.9717788696289
2019-06-17,71.93777465820312
2019-06-18,71.94622802734375
2019-06-19,72.09943389892578
2019-06-20,72.13343811035156
2019-06-21,72.09943389892578
2019-06-24,72.1419448852539
2019-06-25,72.158935546875
2019-06-26,72.0738754272461
2019-06-27,72.13343811035156
2019-06-28,72.13343811035156
2019-07-01,72.08738708496094
2019-07-02,72.13003540039062
2019-07-03,72.14704895019531
2019-07-05,72.00214385986328
2019-07-08,71.96804809570312
2019-07-09,71.94247436523438
2019-07-10,72.07035827636719
2019-07-11,72.03627014160156
2019-07-12,72.04479217529297
2019-07-15,72.06181335449219
2019-07-16,72.03627014160156
2019-07-17,72.10442352294922
2019-07-18,72.18968963623047
2019-07-19,72.11296844482422
2019-07-22,72.1214828491211
2019-07-23,72.10442352294922
2019-07-24,72.1214828491211
2019-07-25,72.078857421875
2019-07-26,72.08738708496094
2019-07-29,72.08738708496094
2019-07-30,72.0959243774414
2019-07-31,72.08738708496094
2019-08-01,72.29236602783203
2019-08-02,72.30941772460938
2019-08-05,72.45454406738281
2019-08-06,72.4887466430664
2019-08-07,72.4972915649414
2019-08-08,72.47164916992188
2019-08-09,72.42893981933594
2019-08-12,72.50580596923828
2019-08-13,72.42040252685547
2019-08-14,72.51434326171875
2019-08-15,72.66807556152344
2019-08-16,72.6595230102539
2019-08-19,72.58265686035156
2019-08-20,72.63391876220703
2019-08-21,72.56558990478516
2019-08-22,72.53142547607422
2019-08-23,72.65101623535156
2019-08-26,72.61682891845703
2019-08-27,72.6424331665039
2019-08-28,72.6595230102539
2019-08-29,72.62535095214844
2019-08-30,72.65101623535156
2019-09-03,72.7074203491211
2019-09-04,72.7673110961914
2019-09-05,72.60478210449219
2019-09-06,72.61335754394531
2019-09-09,72.53638458251953
2019-09-10,72.41659545898438
2019-09-11,72.41659545898438
2019-09-12,72.39948272705078
2019-09-13,72.27978515625
2019-09-16,72.33958435058594
2019-09-17,72.37381744384766
2019-09-18,72.33106994628906
2019-09-19,72.33958435058594
2019-09-20,72.41659545898438
2019-09-23,72.4593734741211
2019-09-24,72.53638458251953
2019-09-25,72.44226837158203
2019-09-26,72.47648620605469
2019-09-27,72.51924896240234
2019-09-30,72.55345916748047
2019-10-01,72.63485717773438
2019-10-02,72.71194458007812
2019-10-03,72.86617279052734
2019-10-04,72.85763549804688
2019-10-07,72.7804946899414
2019-10-08,72.82331085205078
2019-10-09,72.7804946899414
2019-10-10,72.69482421875
2019-10-11,72.62626647949219
2019-10-14,72.63485717773438
2019-10-15,72.61772155761719
2019-10-16,72.6520004272461
2019-10-17,72.6520004272461
2019-10-18,72.67770385742188
2019-10-21,72.64338684082031
2019-10-22,72.66912078857422
2019-10-23,72.66056060791016
2019-10-24,72.66056060791016
2019-10-25,72.61772155761719
2019-10-28,72.59201049804688
2019-10-29,72.60916137695312
2019-10-30,72.6520004272461
2019-10-31,72.7804946899414
2019-11-01,72.73760986328125
2019-11-04,72.68610382080078
2019-11-05,72.63463592529297
2019-11-06,72.67752838134766
2019-11-07,72.59169006347656
2019-11-08,72.60029602050781
2019-11-11,72.6174545288086
2019-11-12,72.62601470947266
2019-11-13,72.66035461425781
2019-11-14,72.72901153564453
2019-11-15,72.70330810546875
2019-11-18,72.73760986328125
2019-11-19,72.72901153564453
2019-11-20,72.76332092285156
2019-11-21,72.72901153564453
2019-11-22,72.7204360961914
2019-11-25,72.72901153564453
2019-11-26,72.76332092285156
2019-11-27,72.7204360961914
2019-11-29,72.74614715576172
2019-12-02,72.72383117675781
2019-12-03,72.82695770263672
2019-12-04,72.79261016845703
2019-12-05,72.75822448730469
2019-12-06,72.7324447631836
2019-12-09,72.7324447631836
2019-12-10,72.69804382324219
2019-12-11,72.75822448730469
2019-12-12,72.68943786621094
2019-12-13,72.77540588378906
2019-12-16,72.7324447631836
2019-12-17,72.74959564208984
2019-12-18,72.75822448730469
2019-12-19,72.7728271484375
2019-12-20,72.7728271484375
2019-12-23,72.7556381225586
2019-12-24,72.76419830322266
2019-12-26,72.7900390625
2019-12-27,72.84171295166016
2019-12-30,72.86753845214844
2019-12-31,72.8589096069336
2020-01-02,72.89337158203125
2020-01-03,72.95365905761719
2020-01-06,72.92781829833984
2020-01-07,72.92781829833984
2020-01-08,72.89337158203125
2020-01-09,72.90196228027344
2020-01-10,72.91919708251953
2020-01-13,72.9106216430664
2020-01-14,72.91919708251953
2020-01-15,72.95365905761719
2020-01-16,72.95365905761719
2020-01-17,72.97943878173828
2020-01-21,72.99666595458984
2020-01-22,73.01390075683594
2020-01-23,73.03971099853516
2020-01-24,73.0655288696289
2020-01-27,73.14302062988281
2020-01-28,73.10860443115234
2020-01-29,73.17745208740234
2020-01-30,73.1861343383789
2020-01-31,73.28080749511719
2020-02-03,73.25921630859375
2020-02-04,73.1816177368164
2020-02-05,73.12989807128906
2020-02-06,73.14713287353516
2020-02-07,73.19023895263672
2020-02-10,73.22474670410156
2020-02-11,73.19023895263672
2020-02-12,73.15577697753906
2020-02-13,73.17298889160156
2020-02-14,73.20751190185547
2020-02-18,73.23334503173828
2020-02-19,73.24201965332031
2020-02-20,73.25921630859375
2020-02-21,73.3196029663086
2020-02-24,73.44029235839844
2020-02-25,73.51789855957031
2020-02-26,73.56962585449219
2020-02-27,73.6558609008789
2020-02-28,73.92317199707031
2020-03-02,73.8929443359375
2020-03-03,74.18656921386719
2020-03-04,74.1951675415039
2020-03-05,74.35062408447266
2020-03-06,74.43700408935547
2020-03-09,74.84286499023438
2020-03-10,74.51471710205078
2020-03-11,74.42833709716797
2020-03-12,74.41107177734375
2020-03-13,74.50608825683594
2020-03-16,74.62696838378906
2020-03-17,74.45427703857422
2020-03-18,74.3592529296875
2020-03-19,74.48880767822266
2020-03-20,74.68738555908203
2020-03-23,74.77372741699219
2020-03-24,74.67017364501953
2020-03-25,74.75647735595703
2020-03-26,74.84286499023438
2020-03-27,74.82557678222656
2020-03-30,74.86012268066406
2020-03-31,74.84286499023438
2020-04-01,74.89127349853516
2020-04-02,74.90853881835938
2020-04-03,74.89127349853516
2020-04-06,74.83938598632812
2020-04-07,74.82207489013672
2020-04-08,74.8653335571289
2020-04-09,74.89127349853516
2020-04-13,74.89990997314453
2020-04-14,74.89990997314453
2020-04-15,74.92583465576172
2020-04-16,74.94313049316406
2020-04-17,74.91722106933594
2020-04-20,74.91722106933594
2020-04-21,74.93449401855469
2020-04-22,74.90853881835938
2020-04-23,74.89990997314453
2020-04-24,74.89990997314453
2020-04-27,74.89990997314453
2020-04-28,74.92583465576172
2020-04-29,74.91722106933594
2020-04-30,75.04689025878906
2020-05-01,74.93611145019531
2020-05-04,74.93611145019531
2020-05-05,74.92748260498047
2020-05-06,74.95346069335938
2020-05-07,75.00535583496094
2020-05-08,74.988037109375
2020-05-11,74.96208190917969
2020-05-12,74.97941589355469
2020-05-13,74.97941589355469
2020-05-14,74.96208190917969
2020-05-15,75.00535583496094
2020-05-18,74.94482421875
2020-05-19,74.988037109375
2020-05-20,74.988037109375
2020-05-21,74.97073364257812
2020-05-22,74.97073364257812
2020-05-26,74.97073364257812
2020-05-27,74.95346069335938
2020-05-28,74.988037109375
2020-05-29,74.988037109375
2020-06-01,74.9793930053711
2020-06-02,74.9793930053711
2020-06-03,74.91878509521484
2020-06-04,74.93608093261719
2020-06-05,74.91011810302734
2020-06-08,74.89282989501953
2020-06-09,74.91878509521484
2020-06-10,74.96206665039062
2020-06-11,74.92741394042969
2020-06-12,74.95344543457031
2020-06-15,74.93608093261719
2020-06-16,74.92741394042969
2020-06-17,74.95344543457031
2020-06-18,74.94478607177734
2020-06-19,74.96206665039062
2020-06-22,74.94478607177734
2020-06-23,74.96206665039062
2020-06-24,74.9707260131836
2020-06-25,74.9707260131836
2020-06-26,74.99671173095703
2020-06-29,75.01403045654297
2020-06-30,75.00536346435547
2020-07-01,74.98023986816406
2020-07-02,75.01492309570312
2020-07-06,74.98888397216797
2020-07-07,75.00627136230469
2020-07-08,75.00627136230469
2020-07-09,75.02357482910156
2020-07-10,74.99757385253906
2020-07-13,74.99757385253906
2020-07-14,75.00627136230469
2020-07-15,75.01492309570312
2020-07-16,75.01492309570312
2020-07-17,75.0322036743164
2020-07-20,75.01492309570312
2020-07-21,75.0322036743164
2020-07-22,75.02357482910156
2020-07-23,75.02357482910156
2020-07-24,75.0322036743164
2020-07-27,75.00627136230469
2020-07-28,75.02357482910156
2020-07-29,75.04093170166016
2020-07-30,75.06689453125
2020-07-31,75.0755615234375
2020-08-03,75.0755615234375
2020-08-04,75.08423614501953
2020-08-05,75.06689453125
2020-08-06,75.06689453125
2020-08-07,75.05823516845703
2020-08-10,75.04090881347656
2020-08-11,75.0235366821289
2020-08-12,75.00621795654297
2020-08-13,74.99754333496094
2020-08-14,75.00621795654297
2020-08-17,75.01487731933594
2020-08-18,75.0235366821289
2020-08-19,75.0235366821289
2020-08-20,75.0235366821289
2020-08-21,75.01487731933594
2020-08-24,75.00621795654297
2020-08-25,75.01487731933594
2020-08-26,75.01487731933594
2020-08-27,75.00621795654297
2020-08-28,75.03216552734375
2020-08-31,75.05823516845703
2020-09-01,75.04000854492188
2020-09-02,75.04869079589844
2020-09-03,75.04000854492188
2020-09-04,75.01398468017578
2020-09-08,75.02267456054688
2020-09-09,75.03134155273438
2020-09-10,75.02267456054688
2020-09-11,75.04000854492188
2020-09-14,75.03134155273438
2020-09-15,75.04000854492188
2020-09-16,75.04869079589844
2020-09-17,75.03134155273438
2020-09-18,75.04000854492188
2020-09-21,75.03134155273438
2020-09-22,75.04869079589844
2020-09-23,75.04869079589844
2020-09-24,75.04000854492188
2020-09-25,75.04869079589844
2020-09-28,75.05736541748047
2020-09-29,75.04869079589844
2020-09-30,75.05736541748047
2020-10-01,75.03999328613281
2020-10-02,75.04867553710938
2020-10-05,75.02262878417969
2020-10-06,75.02262878417969
2020-10-07,75.01396179199219
2020-10-08,75.01396179199219
2020-10-09,75.01396179199219
2020-10-12,75.03133392333984
2020-10-13,75.02262878417969
2020-10-14,75.02262878417969
2020-10-15,75.03999328613281
2020-10-16,75.03133392333984
2020-10-19,75.03133392333984
2020-10-20,75.02262878417969
2020-10-21,75.02262878417969
2020-10-22,74.99658203125
2020-10-23,75.00526428222656
2020-10-26,75.01396179199219
2020-10-27,75.01396179199219
2020-10-28,75.01396179199219
2020-10-29,75.03133392333984
2020-10-30,75.02262878417969
2020-11-02,75.02178955078125
2020-11-03,75.00439453125
2020-11-04,75.02178955078125
2020-11-05,75.00439453125
2020-11-06,75.01309204101562
2020-11-09,74.98703002929688
2020-11-10,74.97831726074219
2020-11-11,74.96099090576172
2020-11-12,74.96967315673828
2020-11-13,74.96967315673828
2020-11-16,74.98703002929688
2020-11-17,74.97831726074219
2020-11-18,74.97831726074219
2020-11-19,74.99571990966797
2020-11-20,75.00439453125
2020-11-23,75.00439453125
2020-11-24,75.01309204101562
2020-11-25,75.02178955078125
2020-11-27,75.02178955078125
2020-11-30,75.03912353515625
2020-12-01,74.99830627441406
2020-12-02,75.01570129394531
2020-12-03,75.0330581665039
2020-12-04,75.0243911743164
2020-12-07,75.0417251586914
2020-12-08,75.0243911743164
2020-12-09,75.01570129394531
2020-12-10,75.0330581665039
2020-12-11,75.07649230957031
2020-12-14,75.06780242919922
2020-12-15,75.06780242919922
2020-12-16,75.06780242919922
2020-12-17,75.06954956054688
2020-12-18,75.06084442138672
2020-12-21,75.06084442138672
2020-12-22,75.06084442138672
2020-12-23,75.07821655273438
2020-12-24,75.06084442138672
2020-12-28,75.06954956054688
2020-12-29,75.06954956054688
2020-12-30,75.07821655273438
2020-12-31,75.06954956054688
2021-01-04,75.07821655273438
2021-01-05,75.07821655273438
2021-01-06,75.03474426269531
2021-01-07,75.05216217041016
2021-01-08,75.04346466064453
2021-01-11,75.03474426269531
2021-01-12,75.03474426269531
2021-01-13,75.02609252929688
2021-01-14,75.03474426269531
2021-01-15,75.04346466064453
2021-01-19,75.06954956054688
2021-01-20,75.06084442138672
2021-01-21,75.06954956054688
2021-01-22,75.06954956054688
2021-01-25,75.07821655273438
2021-01-26,75.06954956054688
2021-01-27,75.06954956054688
2021-01-28,75.06084442138672
2021-01-29,75.08690643310547
2021-02-01,75.0956039428711
2021-02-02,75.06953430175781
2021-02-03,75.0782241821289
2021-02-04,75.0782241821289
2021-02-05,75.0956039428711
2021-02-08,75.08692169189453
2021-02-09,75.06953430175781
2021-02-10,75.0782241821289
2021-02-11,75.0782241821289
2021-02-12,75.08692169189453
2021-02-16,75.06082916259766
2021-02-17,75.0782241821289
2021-02-18,75.0782241821289
2021-02-19,75.08692169189453
2021-02-22,75.06953430175781
2021-02-23,75.0782241821289
2021-02-24,75.06082916259766
2021-02-25,74.94782257080078
2021-02-26,75.04344940185547
2021-03-01,75.03649139404297
2021-03-02,75.05388641357422
2021-03-03,75.01042938232422
2021-03-04,75.01042938232422
2021-03-05,75.01042938232422
2021-03-08,74.98434448242188
2021-03-09,74.98434448242188
2021-03-10,75.01042938232422
2021-03-11,75.01042938232422
2021-03-12,75.0016860961914
2021-03-15,75.01042938232422
2021-03-16,75.01042938232422
2021-03-17,75.02778625488281
2021-03-18,75.01911163330078
2021-03-19,75.01911163330078
2021-03-22,75.01042938232422
2021-03-23,75.01911163330078
2021-03-24,75.03649139404297
2021-03-25,75.0451889038086
2021-03-26,75.0451889038086
2021-03-29,75.02778625488281
2021-03-30,75.02778625488281
2021-03-31,75.0016860961914
2021-04-01,75.00084686279297
2021-04-05,74.98344421386719
2021-04-06,75.00084686279297
2021-04-07,75.00953674316406
2021-04-08,75.03564453125
2021-04-09,75.00953674316406
2021-04-12,74.99215698242188
2021-04-13,75.01823425292969
2021-04-14,75.01823425292969
2021-04-15,75.03564453125
2021-04-16,75.02694702148438
2021-04-19,75.01823425292969
2021-04-20,75.03564453125
2021-04-21,75.0530014038086
2021-04-22,75.0443344116211
2021-04-23,75.02694702148438
2021-04-26,75.00953674316406
2021-04-27,75.00084686279297
2021-04-28,75.01823425292969
2021-04-29,75.03564453125
2021-04-30,75.0443344116211
2021-05-03,75.037353515625
2021-05-04,75.037353515625
2021-05-05,75.05479431152344
2021-05-06,75.05479431152344
2021-05-07,75.08084106445312
2021-05-10,75.05479431152344
2021-05-11,75.04603576660156
2021-05-12,75.037353515625
2021-05-13,75.05479431152344
2021-05-14,75.05479431152344
2021-05-17,75.05479431152344
2021-05-18,75.06346130371094
2021-05-19,75.037353515625
2021-05-20,75.07217407226562
2021-05-21,75.05479431152344
2021-05-24,75.07217407226562
2021-05-25,75.07217407226562
2021-05-26,75.0895767211914
2021-05-27,75.0895767211914
2021-05-28,75.0895767211914
2021-06-01,75.07391357421875
2021-06-02,75.0826187133789
2021-06-03,75.0564956665039
2021-06-04,75.0826187133789
2021-06-07,75.07391357421875
2021-06-08,75.09127807617188
2021-06-09,75.07391357421875
2021-06-10,75.0999984741211
2021-06-11,75.0826187133789
2021-06-14,75.0564956665039
2021-06-15,75.04779815673828
2021-06-16,74.9781723022461
2021-06-17,74.9781723022461
2021-06-18,74.91728210449219
2021-06-21,74.93468475341797
2021-06-22,74.9781723022461
2021-06-23,74.92599487304688
2021-06-24,74.93468475341797
2021-06-25,74.92599487304688
2021-06-28,74.95210266113281
2021-06-29,74.94340515136719
2021-06-30,74.9608154296875
2021-07-01,74.94601440429688
2021-07-02,74.98080444335938
2021-07-06,75.00691986083984
2021-07-07,75.01564025878906
2021-07-08,75.0504150390625
2021-07-09,75.02432250976562
2021-07-12,75.00691986083984
2021-07-13,74.94601440429688
2021-07-14,74.9981918334961
2021-07-15,75.00691986083984
2021-07-16,74.9981918334961
2021-07-19,75.03302001953125
2021-07-20,75.0678482055664
2021-07-21,75.04171752929688
2021-07-22,75.0504150390625
2021-07-23,75.05912780761719
2021-07-26,75.04171752929688
2021-07-27,75.05912780761719
2021-07-28,75.0678482055664
2021-07-29,75.0678482055664
2021-07-30,75.08519744873047
2021-08-02,75.11309051513672
2021-08-03,75.11309051513672
2021-08-04,75.08698272705078
2021-08-05,75.0521469116211
2021-08-06,75.02603912353516
2021-08-09,74.99995422363281
2021-08-10,74.9738540649414
2021-08-11,75.00865936279297
2021-08-12,75.00865936279297
2021-08-13,75.01734924316406
2021-08-16,75.03473663330078
2021-08-17,75.01734924316406
2021-08-18,75.01734924316406
2021-08-19,75.01734924316406
2021-08-20,75.01734924316406
2021-08-23,75.01734924316406
2021-08-24,75.00865936279297
2021-08-25,74.99995422363281
2021-08-26,74.99995422363281
2021-08-27,75.0521469116211
2021-08-30,75.06952667236328
2021-08-31,75.06086730957031
2021-09-01,75.05480194091797
2021-09-02,75.05480194091797
2021-09-03,75.05480194091797
2021-09-07,75.02864074707031
2021-09-08,75.0460433959961
2021-09-09,75.0634765625
2021-09-10,75.0373306274414
2021-09-13,75.05480194091797
2021-09-14,75.0634765625
2021-09-15,75.0634765625
2021-09-16,75.0373306274414
2021-09-17,75.01997375488281
2021-09-20,75.0373306274414
2021-09-21,75.05480194091797
2021-09-22,75.0112533569336
2021-09-23,74.96772003173828
2021-09-24,74.94160461425781
2021-09-27,74.93292999267578
2021-09-28,74.94160461425781
2021-09-29,74.96772003173828
2021-09-30,74.985107421875
2021-10-01,75.02083587646484
2021-10-04,74.98600769042969
2021-10-05,74.977294921875
2021-10-06,74.96859741210938
2021-10-07,74.9425048828125
2021-10-08,74.91637420654297
2021-10-11,74.85546112060547
2021-10-12,74.89024353027344
2021-10-13,74.86415100097656
2021-10-14,74.86415100097656
2021-10-15,74.82061004638672
2021-10-18,74.76840209960938
2021-10-19,74.79447174072266
2021-10-20,74.82061004638672
2021-10-21,74.73353576660156
2021-10-22,74.71614837646484
2021-10-25,74.7509994506836
2021-10-26,74.73353576660156
2021-10-27,74.71614837646484
2021-10-28,74.72484588623047
2021-10-29,74.73353576660156
2021-11-01,74.69960021972656
2021-11-02,74.7779541015625
2021-11-03,74.76053619384766
2021-11-04,74.83018493652344
2021-11-05,74.86502838134766
2021-11-08,74.7779541015625
2021-11-09,74.8215103149414
2021-11-10,74.67347717285156
2021-11-11,74.62129211425781
2021-11-12,74.68217468261719
2021-11-15,74.67347717285156
2021-11-16,74.67347717285156
2021-11-17,74.69960021972656
2021-11-18,74.69090270996094
2021-11-19,74.67347717285156
2021-11-22,74.58643341064453
2021-11-23,74.58643341064453
2021-11-24,74.56902313232422
2021-11-26,74.7170181274414
2021-11-29,74.7518539428711
2021-11-30,74.69090270996094
2021-12-01,74.69961547851562
2021-12-02,74.60379028320312
2021-12-03,74.64732360839844
2021-12-06,74.58636474609375
2021-12-07,74.49053955078125
2021-12-08,74.51669311523438
2021-12-09,74.49053955078125
2021-12-10,74.52539825439453
2021-12-13,74.56892395019531
2021-12-14,74.52539825439453
2021-12-15,74.55150604248047
2021-12-16,74.61078643798828
2021-12-17,74.5759048461914
2021-12-20,74.59333038330078
2021-12-21,74.54981231689453
2021-12-22,74.54108428955078
2021-12-23,74.5323486328125
2021-12-27,74.50621795654297
2021-12-28,74.50621795654297
2021-12-29,74.49749755859375
2021-12-30,74.54108428955078
2021-12-31,74.5323486328125
2022-01-03,74.44519805908203
2022-01-04,74.48878479003906
2022-01-05,74.3929443359375
2022-01-06,74.33193969726562
2022-01-07,74.31451416015625
2022-01-10,74.2709732055664
2022-01-11,74.29708099365234
2022-01-12,74.2709732055664
2022-01-13,74.3057861328125
2022-01-14,74.20996856689453
2022-01-18,74.09667205810547
2022-01-19,74.13152313232422
2022-01-20,74.11412811279297
2022-01-21,74.17510223388672
2022-01-24,74.21865844726562
2022-01-25,74.18383026123047
2022-01-26,74.05313110351562
2022-01-27,73.99211883544922
2022-01-28,74.01824188232422
2022-01-31,74.01824188232422
2022-02-01,74.01217651367188
2022-02-02,74.02958679199219
2022-02-03,73.96858978271484
2022-02-04,73.82044219970703
2022-02-07,73.83786010742188
2022-02-08,73.75940704345703
2022-02-09,73.75070190429688
2022-02-10,73.37592315673828
2022-02-11,73.60253143310547
2022-02-14,73.44564056396484
2022-02-15,73.47179412841797
2022-02-16,73.56767272949219
2022-02-17,73.61125946044922
2022-02-18,73.61996459960938
2022-02-22,73.55025482177734
2022-02-23,73.50667572021484
2022-02-24,73.56767272949219
2022-02-25,73.56767272949219
2022-02-28,73.6983871459961
2022-03-01,73.86843872070312
2022-03-02,73.62430572509766
2022-03-03,73.62430572509766
2022-03-04,73.70276641845703
2022-03-07,73.60688781738281
2022-03-08,73.5109634399414
2022-03-09,73.46736145019531
2022-03-10,73.4063491821289
2022-03-11,73.38020324707031
2022-03-14,73.18838500976562
2022-03-15,73.21453857421875
2022-03-16,73.14482116699219
2022-03-17,73.11864471435547
2022-03-18,73.1012191772461
2022-03-21,72.85714721679688
2022-03-22,72.80481719970703
2022-03-23,72.86582946777344
2022-03-24,72.84839630126953
2022-03-25,72.64788818359375
2022-03-28,72.57813262939453
2022-03-29,72.6130142211914
2022-03-30,72.66532897949219
2022-03-31,72.66532897949219
2022-04-01,72.51355743408203
2022-04-04,72.55714416503906
2022-04-05,72.42634582519531
2022-04-06,72.4786605834961
2022-04-07,72.53105163574219
2022-04-08,72.44379425048828
2022-04-11,72.46125793457031
2022-04-12,72.64437866210938
2022-04-13,72.67929077148438
2022-04-14,72.54843139648438
2022-04-18,72.54843139648438
2022-04-19,72.38272857666016
2022-04-20,72.42634582519531
2022-04-21,72.30422973632812
2022-04-22,72.2867660522461
2022-04-25,72.40017700195312
2022-04-26,72.53105163574219
2022-04-27,72.49610137939453
2022-04-28,72.44379425048828
2022-04-29,72.30422973632812
2022-05-02,72.29898834228516
2022-05-03,72.26407623291016
2022-05-04,72.45604705810547
2022-05-05,72.33390045166016
2022-05-06,72.32514953613281
2022-05-09,72.5084228515625
2022-05-10,72.46479797363281
2022-05-11,72.47354125976562
2022-05-12,72.57825469970703
2022-05-13,72.55206298828125
2022-05-16,72.59567260742188
2022-05-17,72.43862915039062
2022-05-18,72.47354125976562
2022-05-19,72.57825469970703
2022-05-20,72.6305923461914
2022-05-23,72.59567260742188
2022-05-24,72.76148986816406
2022-05-25,72.81389617919922
2022-05-26,72.8313217163086
2022-05-27,72.8487777709961
2022-05-31,72.73532104492188
2022-06-01,72.59996032714844
2022-06-02,72.61744689941406
2022-06-03,72.59123229980469
2022-06-06,72.49515533447266
2022-06-07,72.5038833618164
2022-06-08,72.45154571533203
2022-06-09,72.39906311035156
2022-06-10,72.0934066772461
2022-06-13,71.72663879394531
2022-06-14,71.58690643310547
2022-06-15,71.86634826660156
2022-06-16,71.96243286132812
2022-06-17,71.9449462890625
2022-06-21,71.91876220703125
2022-06-22,72.12836456298828
2022-06-23,72.1894760131836
2022-06-24,72.17203521728516
2022-06-27,72.0934066772461
2022-06-28,72.07598114013672
2022-06-29,72.16328430175781
2022-06-30,72.30299377441406
2022-07-01,72.52073669433594
2022-07-05,72.51197814941406
2022-07-06,72.3109130859375
2022-07-07,72.25843048095703
2022-07-08,72.1710433959961
2022-07-11,72.19725036621094
2022-07-12,72.23220825195312
2022-07-13,72.15355682373047
2022-07-14,72.12732696533203
2022-07-15,72.17977142333984
2022-07-18,72.13606262207031
2022-07-19,72.05738830566406
2022-07-20,72.04862976074219
2022-07-21,72.24970245361328
2022-07-22,72.43327331542969
2022-07-25,72.37205505371094
2022-07-26,72.33712005615234
2022-07-27,72.45075225830078
2022-07-28,72.60813903808594
2022-07-29,72.59935760498047
2022-08-01,72.59764099121094
2022-08-02,72.34384155273438
2022-08-03,72.37008666992188
2022-08-04,72.4663314819336
2022-08-05,72.16881561279297
2022-08-08,72.23880767822266
2022-08-09,72.16881561279297
2022-08-10,72.23880767822266
2022-08-11,72.21256256103516
2022-08-12,72.2300796508789
2022-08-15,72.29132080078125
2022-08-16,72.2300796508789
2022-08-17,72.16881561279297
2022-08-18,72.27384185791016
2022-08-19,72.22134399414062
2022-08-22,72.12507629394531
2022-08-23,72.16007232666016
2022-08-24,72.08130645751953
2022-08-25,72.12507629394531
2022-08-26,72.10758209228516
2022-08-29,72.05506134033203
2022-08-30,72.02003479003906
2022-08-31,72.01129150390625
2022-09-01,71.95875549316406
2022-09-02,72.11642456054688
2022-09-06,71.95875549316406
2022-09-07,72.06389617919922
2022-09-08,71.97625732421875
2022-09-09,71.91492462158203
2022-09-12,71.9061508178711
2022-09-13,71.6608657836914
2022-09-14,71.59949493408203
2022-09-15,71.5206527709961
2022-09-16,71.5556869506836
2022-09-19,71.47687530517578
2022-09-20,71.44184112548828
2022-09-21,71.38047790527344
2022-09-22,71.24903869628906
2022-09-23,71.16143035888672
2022-09-26,71.00371551513672
2022-09-27,71.00371551513672
2022-09-28,71.31034851074219
2022-09-29,71.2140121459961
2022-09-30,71.1526870727539
2022-10-03,71.30883026123047
2022-10-04,71.33514404296875
2022-10-05,71.26496887207031
2022-10-06,71.17724609375
2022-10-07,71.08952331542969
2022-10-10,71.06318664550781
2022-10-11,71.0982666015625
2022-10-12,71.16847229003906
2022-10-13,70.9578857421875
2022-10-14,70.92279815673828
2022-10-17,71.00178527832031
2022-10-18,71.03683471679688
2022-10-19,70.9052505493164
2022-10-20,70.8262939453125
2022-10-21,71.01053619384766
2022-10-24,70.99299621582031
2022-10-25,71.06318664550781
2022-10-26,71.12458801269531
2022-10-27,71.27375030517578
2022-10-28,71.16847229003906
2022-10-31,71.06318664550781
2022-11-01,70.99372100830078
2022-11-02,70.95860290527344
2022-11-03,70.82678985595703
2022-11-04,70.9058837890625
2022-11-07,70.8443374633789
2022-11-08,70.91466522216797
2022-11-09,71.02890014648438
2022-11-10,71.41560363769531
2022-11-11,71.39801788330078
2022-11-14,71.33650970458984
2022-11-15,71.40682220458984
2022-11-16,71.41560363769531
2022-11-17,71.32772064208984
2022-11-18,71.24861145019531
2022-11-21,71.2310562133789
2022-11-22,71.28376770019531
2022-11-23,71.34529113769531
2022-11-25,71.35408020019531
2022-11-28,71.3716812133789
2022-11-29,71.34529113769531
2022-11-30,71.55620574951172
2022-12-01,71.71031951904297
2022-12-02,71.6927261352539
2022-12-05,71.49016571044922
2022-12-06,71.56942749023438
2022-12-07,71.71915435791016
2022-12-08,71.64868927001953
2022-12-09,71.61345672607422
2022-12-12,71.56942749023438
2022-12-13,71.78077697753906
2022-12-14,71.78958129882812
2022-12-15,71.79930877685547
2022-12-16,71.86988830566406
2022-12-19,71.78166198730469
2022-12-20,71.78166198730469
2022-12-21,71.85225677490234
2022-12-22,71.80811309814453
2022-12-23,71.77281188964844
2022-12-27,71.67573547363281
2022-12-28,71.67573547363281
2022-12-29,71.72868347167969
2022-12-30,71.64042663574219
2023-01-03,71.70220184326172
2023-01-04,71.77281188964844
2023-01-05,71.67573547363281
2023-01-06,71.94934844970703
2023-01-09,72.01996612548828
2023-01-10,71.95817565917969
2023-01-11,72.01996612548828
2023-01-12,72.1788101196289
2023-01-13,72.05525970458984
2023-01-17,72.09941101074219
2023-01-18,72.25823974609375
2023-01-19,72.24060821533203
2023-01-20,72.1788101196289
2023-01-23,72.10820770263672
2023-01-24,72.13470458984375
2023-01-25,72.1788101196289
2023-01-26,72.13470458984375
2023-01-27,72.13470458984375
2023-01-30,72.0641098022461
2023-01-31,72.19647216796875
2023-02-01,72.32205200195312
2023-02-02,72.33087158203125
2023-02-03,72.06556701660156
2023-02-06,71.86222076416016
2023-02-07,71.89761352539062
2023-02-08,71.92411804199219
2023-02-09,71.87107849121094
2023-02-10,71.83570098876953
2023-02-13,71.8533706665039
2023-02-14,71.70304870605469
2023-02-15,71.7118911743164
2023-02-16,71.72076416015625
2023-02-17,71.78265380859375
2023-02-21,71.64117431640625
2023-02-22,71.67652893066406
2023-02-23,71.72076416015625
2023-02-24,71.57042694091797
2023-02-27,71.63233947753906
2023-02-28,71.61463165283203
2023-03-01,71.48350524902344
2023-03-02,71.51007843017578
2023-03-03,71.55438232421875
2023-03-06,71.51893615722656
2023-03-07,71.36833190917969
2023-03-08,71.3328857421875
2023-03-09,71.56326293945312
2023-03-10,71.95310974121094
2023-03-13,72.67079162597656
2023-03-14,72.39607238769531
2023-03-15,72.82139587402344
2023-03-16,72.52900695800781
2023-03-17,72.89225769042969
2023-03-20,72.80364990234375
2023-03-21,72.52900695800781
2023-03-22,72.86571502685547
2023-03-23,73.07832336425781
2023-03-24,73.11376190185547
2023-03-27,72.80364990234375
2023-03-28,72.72394561767578
2023-03-29,72.69734954833984
2023-03-30,72.70620727539062
2023-03-31,72.79481506347656
2023-04-03,72.88361358642578
2023-04-04,73.05232238769531
2023-04-05,73.14997863769531
2023-04-06,73.12333679199219
2023-04-10,72.8658447265625
2023-04-11,72.85697937011719
2023-04-12,72.9368896484375
2023-04-13,72.98129272460938
2023-04-14,72.81256103515625
2023-04-17,72.70599365234375
2023-04-18,72.6882553100586
2023-04-19,72.62609100341797
2023-04-20,72.80370330810547
2023-04-21,72.7593002319336
2023-04-24,72.83921813964844
2023-04-25,73.12333679199219
2023-04-26,73.03455352783203
2023-04-27,72.89247131347656
2023-04-28,72.97238159179688
2023-05-01,72.8130874633789
2023-05-02,73.05339813232422
2023-05-03,73.23139953613281
2023-05-04,73.34709167480469
2023-05-05,73.16912078857422
2023-05-08,73.05339813232422
2023-05-09,73.03560638427734
2023-05-10,73.2136001586914
2023-05-11,73.25808715820312
2023-05-12,73.13346099853516
2023-05-15,73.14237976074219
2023-05-16,73.05339813232422
2023-05-17,72.97329711914062
2023-05-18,72.83978271484375
2023-05-19,72.78638458251953
2023-05-22,72.75968933105469
2023-05-23,72.75080108642578
2023-05-24,72.66177368164062
2023-05-25,72.50157165527344
2023-05-26,72.48377990722656
2023-05-30,72.62617492675781
2023-05-31,72.6973876953125
2023-06-01,72.81069946289062
2023-06-02,72.6054916381836
2023-06-05,72.62332153320312
2023-06-06,72.58766174316406
2023-06-07,72.53411865234375
2023-06-08,72.65007781982422
2023-06-09,72.51627349853516
2023-06-12,72.57874298095703
2023-06-13,72.44488525390625
2023-06-14,72.4002914428711
2023-06-15,72.55197143554688
2023-06-16,72.4538345336914
2023-06-20,72.48058319091797
2023-06-21,72.48058319091797
2023-06-22,72.4002914428711
2023-06-23,72.46273803710938
2023-06-26,72.51627349853516
2023-06-27,72.4092025756836
2023-06-28,72.48954010009766
2023-06-29,72.31107330322266
2023-06-30,72.33782958984375
2023-07-03,72.25373077392578
2023-07-05,72.23585510253906
2023-07-06,72.19113159179688
2023-07-07,72.27164459228516
2023-07-10,72.37899017333984
2023-07-11,72.37002563476562
2023-07-12,72.58470153808594
2023-07-13,72.79043579101562
2023-07-14,72.60259246826172
2023-07-17,72.62942504882812
2023-07-18,72.62942504882812
2023-07-19,72.65626525878906
2023-07-20,72.56681823730469
2023-07-21,72.57573699951172
2023-07-24,72.486328125
2023-07-25,72.47738647460938
2023-07-26,72.5489273071289
2023-07-27,72.44157409667969
2023-07-28,72.53997039794922
2023-07-31,72.55784606933594
2023-08-01,72.49688720703125
2023-08-02,72.53276062011719
2023-08-03,72.55965423583984
2023-08-04,72.7031478881836
2023-08-07,72.73004150390625
2023-08-08,72.76591491699219
2023-08-09,72.72106170654297
2023-08-10,72.68521118164062
2023-08-11,72.61346435546875
2023-08-14,72.55068969726562
2023-08-15,72.5776138305664
2023-08-16,72.54170989990234
2023-08-17,72.62242126464844
2023-08-18,72.64934539794922
2023-08-21,72.56863403320312
2023-08-22,72.53276062011719
2023-08-23,72.66728210449219
2023-08-24,72.62242126464844
2023-08-25,72.5776138305664
2023-08-28,72.62242126464844
2023-08-29,72.78387451171875
2023-08-30,72.78387451171875
2023-08-31,72.85560607910156
2023-09-01,72.81603240966797
2023-09-05,72.72612762451172
2023-09-06,72.64521789550781
2023-09-07,72.78007507324219
2023-09-08,72.74410247802734
2023-09-11,72.76211547851562
2023-09-12,72.72612762451172
2023-09-13,72.7890853881836
2023-09-14,72.77110290527344
2023-09-15,72.7351303100586
2023-09-18,72.72612762451172
2023-09-19,72.67218780517578
2023-09-20,72.62722778320312
2023-09-21,72.6631851196289
2023-09-22,72.7351303100586
2023-09-25,72.70816040039062
2023-09-26,72.71715545654297
2023-09-27,72.6631851196289
2023-09-28,72.7890853881836
2023-09-29,72.79804992675781
2023-10-02,72.72505950927734
2023-10-03,72.67098999023438
2023-10-04,72.83320617675781
2023-10-05,72.90532684326172
2023-10-06,72.84222412109375
2023-10-09,73.05858612060547
2023-10-10,73.01349639892578
2023-10-11,72.9954833984375
2023-10-12,72.90532684326172
2023-10-13,72.95040893554688
2023-10-16,72.90532684326172
2023-10-17,72.74308776855469
2023-10-18,72.74308776855469
2023-10-19,72.84222412109375
2023-10-20,72.95939636230469
2023-10-23,73.00447845458984
2023-10-24,72.9864501953125
2023-10-25,72.90532684326172
2023-10-26,73.04957580566406
2023-10-27,73.0946273803711
2023-10-30,73.06758117675781
2023-10-31,73.04055786132812
2023-11-01,73.2032699584961
2023-11-02,73.2122802734375
2023-11-03,73.41114044189453
2023-11-06,73.27556610107422
2023-11-07,73.329833984375
2023-11-08,73.31173706054688
2023-11-09,73.2032699584961
2023-11-10,73.2213363647461
2023-11-13,73.24845886230469
2023-11-14,73.5377197265625
2023-11-15,73.40210723876953
2023-11-16,73.52867126464844
2023-11-17,73.47442626953125
2023-11-20,73.48348999023438
2023-11-21,73.52867126464844
2023-11-22,73.5377197265625
2023-11-24,73.48348999023438
2023-11-27,73.57388305664062
2023-11-28,73.70945739746094
2023-11-29,73.85409545898438
2023-11-30,73.80891418457031
2023-12-01,74.0238265991211
2023-12-04,73.91499328613281
2023-12-05,74.00566864013672
2023-12-06,73.98751831054688
2023-12-07,74.04193878173828
2023-12-08,73.87872314453125
2023-12-11,73.8968505859375
2023-12-12,73.90592193603516
2023-12-13,74.2776870727539
2023-12-14,74.405029296875
2023-12-15,74.32316589355469
2023-12-18,74.31405639648438
2023-12-19,74.34136962890625
2023-12-20,74.44141387939453
2023-12-21,74.5141830444336
2023-12-22,74.54147338867188
2023-12-26,74.50508880615234
2023-12-27,74.5960464477539
2023-12-28,74.58692932128906
2023-12-29,74.62329864501953
2024-01-02,74.5323486328125
2024-01-03,74.5505599975586
2024-01-04,74.50508880615234
2024-01-05,74.48689270019531
2024-01-08,74.5505599975586
2024-01-09,74.5687484741211
2024-01-10,74.5687484741211
2024-01-11,74.7415771484375
2024-01-12,74.89618682861328
2024-01-16,74.7779541015625
2024-01-17,74.63243865966797
2024-01-18,74.66878509521484
2024-01-19,74.61419677734375
2024-01-22,74.65061950683594
2024-01-23,74.64152526855469
2024-01-24,74.60514831542969
2024-01-25,74.7415771484375
2024-01-26,74.69609069824219
2024-01-29,74.76889038085938
2024-01-30,74.723388671875
2024-01-31,74.85982513427734
2024-02-01,74.97112274169922
2024-02-02,74.73392486572266
2024-02-05,74.5879898071289
2024-02-06,74.70654296875
2024-02-07,74.67920684814453
2024-02-08,74.66096496582031
2024-02-09,74.63358306884766
2024-02-12,74.6427001953125
2024-02-13,74.40550231933594
2024-02-14,74.51498413085938
2024-02-15,74.5879898071289
2024-02-16,74.49675750732422
2024-02-20,74.54234313964844
2024-02-21,74.47848510742188
2024-02-22,74.4693603515625
2024-02-23,74.50586700439453
2024-02-26,74.45111846923828
2024-02-27,74.45111846923828
2024-02-28,74.52412414550781
2024-02-29,74.56974029541016
2024-03-01,74.71613311767578
2024-03-04,74.64289093017578
2024-03-05,74.69780731201172
2024-03-06,74.71613311767578
2024-03-07,74.80762481689453
2024-03-08,74.84423065185547
2024-03-11,74.78016662597656
2024-03-12,74.70698547363281
2024-03-13,74.67037200927734
2024-03-14,74.6063232421875
2024-03-15,74.56055450439453
2024-03-18,74.56970977783203
2024-03-19,74.6337661743164
2024-03-20,74.75270080566406
2024-03-21,74.75270080566406
2024-03-22,74.80762481689453
2024-03-25,74.77100372314453
2024-03-26,74.78933715820312
2024-03-27,74.87166595458984
2024-03-28,74.8259048461914
2024-04-01,74.66986083984375
2024-04-02,74.7065658569336
2024-04-03,74.76166534423828
2024-04-04,74.83507537841797
2024-04-05,74.71573638916016
2024-04-08,74.64229583740234
2024-04-09,74.71573638916016
2024-04-10,74.4128189086914
2024-04-11,74.50462341308594
2024-04-12,74.5505142211914
2024-04-15,74.52294158935547
2024-04-16,74.47705841064453
2024-04-17,74.53214263916016
2024-04-18,74.49542236328125
2024-04-19,74.51377868652344
2024-04-22,74.5505142211914
2024-04-23,74.6147689819336
2024-04-24,74.58722686767578
2024-04-25,74.53214263916016
2024-04-26,74.5505142211914
2024-04-29,74.58722686767578
2024-04-30,74.49542236328125
2024-05-01,74.64462280273438
2024-05-02,74.75514221191406
2024-05-03,74.8748779296875
2024-05-06,74.86566162109375
2024-05-07,74.8748779296875
2024-05-08,74.85646057128906
2024-05-09,74.92091369628906
2024-05-10,74.85646057128906
2024-05-13,74.8748779296875
2024-05-14,74.94853973388672
2024-05-15,75.0866928100586
2024-05-16,75.03144073486328
2024-05-17,74.98538970947266
2024-05-20,74.96695709228516
2024-05-21,75.0038070678711
2024-05-22,74.94853973388672
2024-05-23,74.9117202758789
2024-05-24,74.93931579589844
2024-05-28,74.8748779296875
2024-05-29,74.84725189208984
2024-05-30,74.93012237548828
2024-05-31,75.03144073486328
2024-06-03,75.11643981933594
2024-06-04,75.19036102294922
2024-06-05,75.26427459716797
2024-06-06,75.27350616455078
2024-06-07,75.07947540283203
2024-06-10,75.08871459960938
2024-06-11,75.17188262939453
2024-06-12,75.27350616455078
2024-06-13,75.39361572265625
2024-06-14,75.40287017822266
2024-06-17,75.32893371582031
2024-06-18,75.43058013916016
2024-06-20,75.40287017822266
2024-06-21,75.43058013916016
2024-06-24,75.43982696533203
2024-06-25,75.44906616210938
2024-06-26,75.37513732910156
2024-06-27,75.43058013916016
2024-06-28,75.43982696533203
2024-07-01,75.37491607666016
2024-07-02,75.43982696533203
2024-07-03,75.55106353759766
2024-07-05,75.69010925292969
2024-07-08,75.68083190917969
2024-07-09,75.66230010986328
2024-07-10,75.69010925292969
2024-07-11,75.86624908447266
2024-07-12,75.97747802734375
2024-07-15,75.97747802734375
2024-07-16,76.00529479980469
2024-07-17,76.01455688476562
2024-07-18,75.97747802734375
2024-07-19,75.94039916992188
2024-07-22,75.94967651367188
2024-07-23,75.98675537109375
2024-07-24,76.02384185791016
2024-07-25,76.03311920166016
2024-07-26,76.13507080078125
2024-07-29,76.14434814453125
2024-07-30,76.17215728759766
2024-07-31,76.32975769042969
2024-08-01,76.4618148803711
2024-08-02,76.88964080810547
2024-08-05,76.87106323242188
2024-08-06,76.77806091308594
2024-08-07,76.73153686523438
2024-08-08,76.69432830810547
2024-08-09,76.71292877197266
2024-08-12,76.75943756103516
2024-08-13,76.8803482055664
2024-08-14,76.87106323242188
2024-08-15,76.6850357055664
2024-08-16,76.76873779296875
2024-08-19,76.7501220703125
2024-08-20,76.86175537109375
2024-08-21,76.9454574584961
2024-08-22,76.84315490722656
2024-08-23,77.01986694335938
2024-08-26,76.98265838623047
2024-08-27,77.0291519165039
2024-08-28,77.01986694335938
2024-08-29,77.01055908203125
2024-08-30,77.01055908203125
2024-09-03,77.09269714355469
2024-09-04,77.26071166992188
2024-09-05,77.28870391845703
2024-09-06,77.42868041992188
2024-09-09,77.43802642822266
2024-09-10,77.55001068115234
2024-09-11,77.48469543457031
2024-09-12,77.49402618408203
2024-09-13,77.60601043701172
2024-09-16,77.65267944335938
2024-09-17,77.59669494628906
2024-09-18,77.56867980957031
2024-09-19,77.63400268554688
2024-09-20,77.66201782226562
2024-09-23,77.66201782226562
2024-09-24,77.7366943359375
2024-09-25,77.67134857177734
2024-09-26,77.59669494628906
2024-09-27,77.71802520751953
2024-09-30,77.60601043701172
2024-10-01,77.65567016601562
2024-10-02,77.63692474365234
2024-10-03,77.53392028808594
2024-10-04,77.27172088623047
2024-10-07,77.16873168945312
2024-10-08,77.23426818847656
2024-10-09,77.15937042236328
2024-10-10,77.22492218017578
2024-10-11,77.29045104980469
2024-10-14,77.25301361083984
2024-10-15,77.29045104980469
2024-10-16,77.33727264404297
2024-10-17,77.27172088623047
2024-10-18,77.33727264404297
2024-10-21,77.22492218017578
2024-10-22,77.21554565429688
2024-10-23,77.16873168945312
2024-10-24,77.20619201660156
2024-10-25,77.1780776977539
2024-10-28,77.14063262939453
2024-10-29,77.16873168945312
2024-10-30,77.10316467285156
2024-10-31,77.12191772460938
2024-11-01,77.09654235839844
2024-11-04,77.15291595458984
2024-11-05,77.13411712646484
2024-11-06,77.04015350341797
2024-11-07,77.17170715332031
2024-11-08,77.11532592773438
2024-11-11,77.0589370727539
2024-11-12,76.98377227783203
2024-11-13,77.09654235839844
2024-11-14,76.98377227783203
2024-11-15,77.06834411621094
2024-11-18,77.1247329711914
2024-11-19,77.1247329711914
2024-11-20,77.0871353149414
2024-11-21,77.06834411621094
2024-11-22,77.0589370727539
2024-11-25,77.20929718017578
2024-11-26,77.20929718017578
2024-11-27,77.25628662109375
2024-11-29,77.3502426147461
2024-12-02,77.34552764892578
2024-12-03,77.35494995117188
2024-12-04,77.43980407714844
2024-12-05,77.43980407714844
2024-12-06,77.51521301269531
2024-12-09,77.4869384765625
2024-12-10,77.47749328613281
2024-12-11,77.45864868164062
2024-12-12,77.42093658447266
2024-12-13,77.38322448730469
2024-12-16,77.3926773071289
2024-12-17,77.40208435058594
2024-12-18,77.26020812988281
2024-12-19,77.34532165527344
2024-12-20,77.35478210449219
2024-12-23,77.3074951171875
2024-12-24,77.34532165527344
2024-12-26,77.36425018310547
2024-12-27,77.38316345214844
2024-12-30,77.49665832519531
2024-12-31,77.54398345947266
2025-01-02,77.52503204345703
2025-01-03,77.52503204345703
2025-01-06,77.54398345947266
2025-01-07,77.49665832519531
2025-01-08,77.54398345947266
2025-01-10,77.40208435058594
2025-01-13,77.4209976196289
2025-01-14,77.43992614746094
2025-01-15,77.61019134521484
2025-01-16,77.657470703125
2025-01-17,77.6385498046875
2025-01-21,77.66692352294922
2025-01-22,77.64801788330078
2025-01-23,77.64801788330078
2025-01-24,77.69532012939453
2025-01-27,77.8088150024414
2025-01-28,77.82772064208984
2025-01-29,77.78044891357422
2025-01-30,77.82772064208984
2025-01-31,77.83720397949219
2025-02-03,77.78308868408203
2025-02-04,77.85902404785156
2025-02-05,77.90647888183594
2025-02-06,77.87799835205078
2025-02-07,77.7925796508789
2025-02-10,77.8305435180664
2025-02-11,77.81156158447266
2025-02-12,77.70716857910156
2025-02-13,77.81156158447266
2025-02-14,77.91596221923828
2025-02-18,77.84953308105469
2025-02-19,77.90647888183594
2025-02-20,77.91596221923828
2025-02-21,78.04883575439453
2025-02-24,78.10575866699219
2025-02-25,78.21015167236328
2025-02-26,78.23863220214844
2025-02-27,78.2671127319336
2025-02-28,78.40946197509766
2025-03-03,78.45992279052734
2025-03-04,78.46944427490234
2025-03-05,78.38375091552734
2025-03-06,78.43134307861328
2025-03-07,78.42182922363281
2025-03-10,78.56462860107422
2025-03-11,78.51702117919922
2025-03-12,78.45992279052734
2025-03-13,78.51702117919922
2025-03-14,78.45992279052734
2025-03-17,78.43134307861328
2025-03-18,78.43134307861328
2025-03-19,78.54557037353516
2025-03-20,78.56462860107422
2025-03-21,78.61222076416016
2025-03-24,78.50751495361328
2025-03-25,78.53605651855469
2025-03-26,78.51702117919922
2025-03-27,78.55508422851562
2025-03-28,78.69789123535156
2025-03-31,78.7550048828125
2025-04-01,78.78367614746094
2025-04-02,78.72636413574219
2025-04-03,79.0224609375
2025-04-04,78.9747085571289
2025-04-07,78.98426055908203
2025-04-08,78.93650817871094
2025-04-09,78.88872528076172
2025-04-10,78.87918853759766
2025-04-11,78.73590850830078
2025-04-14,78.90784454345703
2025-04-15,78.90784454345703
2025-04-16,79.0129165649414
2025-04-17,79.04157257080078
2025-04-21,78.99381256103516
2025-04-22,79.0224609375
2025-04-23,78.96516418457031
2025-04-24,79.0606689453125
2025-04-25,79.12753295898438
2025-04-28,79.24214172363281
2025-04-29,79.28992462158203
2025-04-30,79.39498901367188
2025-05-01,79.23114776611328
2025-05-02,79.07783508300781
2025-05-05,79.0682373046875
2025-05-06,79.13531494140625
2025-05-07,79.16407012939453
2025-05-08,79.00117492675781
2025-05-09,79.03950500488281
2025-05-12,78.89576721191406
2025-05-13,78.87661743164062
2025-05-14,78.81913757324219
2025-05-15,78.97244262695312
2025-05-16,78.95329284667969
2025-05-19,78.98200988769531
2025-05-20,78.9916000366211
2025-05-21,78.94367980957031
2025-05-22,78.9916000366211
2025-05-23,79.03950500488281
2025-05-27,79.0682373046875
2025-05-28,79.01075744628906
2025-05-29,79.09701538085938
2025-05-30,79.19281768798828
2025-06-02,79.12744903564453
2025-06-03,79.10822296142578
2025-06-04,79.25242614746094
2025-06-05,79.16590881347656
2025-06-06,79.03132629394531
2025-06-09,79.0889892578125
2025-06-10,79.0889892578125
2025-06-11,79.21398162841797
2025-06-12,79.28126525878906
2025-06-13,79.22359466552734
2025-06-16,79.21398162841797
2025-06-17,79.25242614746094
2025-06-18,79.2908706665039
2025-06-20,79.34855651855469
2025-06-23,79.45429992675781
2025-06-24,79.52159881591797
2025-06-25,79.53120422363281
2025-06-26,79.6273422241211
2025-06-27,79.59849548339844
2025-06-30,79.65619659423828
2025-07-01,79.57324981689453
2025-07-02,79.5635986328125
2025-07-03,79.47679901123047
2025-07-07,79.45750427246094
2025-07-08,79.4671630859375
2025-07-09,79.53467559814453
2025-07-10,79.53467559814453
2025-07-11,79.51537322998047
2025-07-14,79.52501678466797
2025-07-15,79.44786834716797
2025-07-16,79.553955078125
2025-07-17,79.52501678466797
2025-07-18,79.59253692626953
2025-07-21,79.64075469970703
2025-07-22,79.69861602783203
2025-07-23,79.631103515625
2025-07-24,79.5635986328125
2025-07-25,79.61183166503906
2025-07-28,79.60218048095703
2025-07-29,79.669677734375
2025-07-30,79.58287048339844
2025-07-31,79.58287048339844
2025-08-01,79.9795913696289
2025-08-04,79.99893951416016
2025-08-05,79.96991729736328
2025-08-06,79.99893951416016
2025-08-07,79.96025085449219
2025-08-08,79.94088745117188
2025-08-11,79.94088745117188
2025-08-12,79.99893951416016
2025-08-13,80.1053695678711
2025-08-14,80.01829528808594
2025-08-15,79.98926544189453
2025-08-18,79.98926544189453
2025-08-19,80.02796173095703
2025-08-20,80.0569839477539
2025-08-21,79.98926544189453
2025-08-22,80.1634292602539
2025-08-25,80.12472534179688
2025-08-26,80.19245147705078
2025-08-27,80.2505111694336
2025-08-28,80.22148895263672
2025-08-29,80.28922271728516
2025-09-02,80.24845123291016
2025-09-03,80.30667877197266
2025-09-04,80.36492156982422
2025-09-05,80.48138427734375
2025-09-08,80.52992248535156
2025-09-09,80.46197509765625
2025-09-10,80.47169494628906
2025-09-11,80.50080108642578
2025-09-12,80.49110412597656
2025-09-15,80.52020263671875
2025-09-16,80.55904388427734
2025-09-17,80.52020263671875
2025-09-18,80.49110412597656
2025-09-19,80.52020263671875
2025-09-22,80.48138427734375
2025-09-23,80.51050567626953
2025-09-24,80.47169494628906
2025-09-25,80.40372467041016
2025-09-26,80.4522705078125
2025-09-29,80.48138427734375
2025-09-30,80.52020263671875
2025-10-01,80.61368560791016
2025-10-02,80.63314819335938
2025-10-03,80.60395050048828
2025-10-06,80.58447265625
2025-10-07,80.62342071533203
2025-10-08,80.61368560791016
2025-10-09,80.60395050048828
2025-10-10,80.74024963378906
2025-10-13,80.8960189819336
2025-10-14,80.83760070800781
2025-10-15,80.79866790771484
2025-10-16,80.90575408935547
2025-10-17,80.8960189819336
2025-10-20,80.90575408935547
2025-10-21,80.92523956298828
2025-10-22,80.92523956298828
2025-10-23,80.86681365966797
2025-10-24,80.91548919677734
2025-10-27,80.8960189819336
2025-10-28,80.90575408935547
2025-10-29,80.7499771118164
2025-10-30,80.75970458984375
2025-10-31,80.7889404296875
2025-11-03,80.79185485839844
2025-11-04,80.8211669921875
2025-11-05,80.7625503540039
2025-11-06,80.86022186279297
2025-11-07,80.8992919921875
2025-11-10,80.87976837158203
2025-11-11,80.9481201171875
2025-11-12,80.9188232421875
2025-11-13,80.87000274658203
2025-11-14,80.8992919921875
2025-11-17,80.8895263671875
2025-11-18,80.93836212158203
2025-11-19,80.92859649658203
2025-11-20,80.99696350097656
2025-11-21,81.0946273803711
2025-11-24,81.10440063476562
2025-11-25,81.1532211303711
2025-11-26,81.14347076416016
2025-11-28,81.14347076416016
2025-12-01,81.07391357421875
2025-12-02,81.12288665771484
2025-12-03,81.17188262939453
2025-12-04,81.11309814453125
2025-12-05,81.08370208740234
2025-12-08,81.06411743164062
2025-12-09,81.02491760253906
2025-12-10,81.16207122802734
2025-12-11,81.17188262939453
2025-12-12,81.18167114257812
2025-12-15,81.23065185546875
2025-12-16,81.26982879638672
2025-12-17,81.2796401977539
2025-12-18,81.33840942382812
2025-12-19,81.32367706298828
2025-12-22,81.28436279296875
2025-12-23,81.24506378173828
2025-12-24,81.29419708251953
2025-12-26,81.35314178466797
2025-12-29,81.39246368408203
2025-12-30,81.41210174560547
2025-12-31,81.38262176513672
2026-01-02,81.42193603515625
2026-01-05,81.45140838623047
2026-01-06,81.46123504638672
2026-01-07,81.45140838623047
2026-01-08,81.42193603515625
2026-01-09,81.39246368408203
2026-01-12,81.39246368408203
2026-01-13,81.41210174560547
2026-01-14,81.43177032470703
2026-01-15,81.37279510498047
2026-01-16,81.35314178466797
2026-01-20,81.36298370361328
2026-01-21,81.40228271484375
2026-01-22,81.37279510498047
2026-01-23,81.40228271484375
2026-01-26,81.43177032470703
2026-01-27,81.45140838623047
2026-01-28,81.45140838623047
2026-01-29,81.48089599609375
2026-01-30,81.5496826171875
2026-02-02,81.51024627685547
2026-02-03,81.50039672851562
2026-02-04,81.53982543945312
2026-02-05,81.66795349121094
2026-02-06,81.66795349121094
2026-02-09,81.68766784667969
2026-02-10,81.7369384765625
2026-02-11,81.65808868408203
2026-02-12,81.7369384765625
2026-02-13,81.86506652832031
2026-02-17,81.83551788330078
2026-02-18,81.7862319946289
2026-02-19,81.7862319946289
2026-02-20,81.79608917236328
2026-02-23,81.86506652832031
2026-02-24,81.86506652832031
2026-02-25,81.84536743164062
2026-02-26,81.87492370605469
2026-02-27,81.98334503173828
2026-03-02,81.83808135986328
2026-03-03,81.82819366455078
2026-03-04,81.7787857055664
2026-03-05,81.71949005126953
2026-03-06,81.75902557373047
2026-03-09,81.79854583740234
2026-03-10,81.74913024902344
2026-03-11,81.67007446289062
2026-03-12,81.5317153930664
2026-03-13,81.58112335205078
2026-03-16,81.6799545288086
2026-03-17,81.6898422241211
2026-03-18,81.54161071777344
2026-03-19,81.5218276977539
2026-03-20,81.34394073486328
2026-03-23,81.46253204345703
2026-03-24,81.34394073486328
2026-03-25,81.43289184570312
2026-03-26,81.2550048828125
2026-03-27,81.42301177978516
2026-03-30,81.5317153930664
2026-03-31,81.60089111328125
2026-04-01,81.5979232788086
2026-04-02,81.63756561279297
2026-04-06,81.55826568603516
2026-04-07,81.61773681640625
2026-04-08,81.69703674316406
2026-04-09,81.71687316894531
2026-04-10,81.6871337890625
2026-04-13,81.74659729003906
2026-04-14,81.80607604980469
2026-04-15,81.7862548828125
2026-04-16,81.75652313232422
2026-04-17,81.91511535644531
2026-04-20,81.87545776367188
2026-04-21,81.75652313232422
2026-04-22,81.7961654663086
2026-04-23,81.75652313232422
2026-04-24,81.84573364257812
2026-04-27,81.8259048461914
2026-04-28,81.7763442993164
2026-04-29,81.66730499267578
2026-04-30,81.75652313232422
2026-05-01,81.76944732666016
2026-05-04,81.67002868652344
2026-05-05,81.70979309082031
2026-05-06,81.81915283203125
2026-05-07,81.74955749511719
2026-05-08,81.81915283203125
2026-05-11,81.73961639404297
2026-05-12,81.67996978759766
2026-05-13,81.70979309082031
2026-05-14,81.67996978759766
2026-05-15,81.58055114746094
2026-05-18,81.62032318115234
2026-05-19,81.5606689453125
2026-05-20,81.67002868652344
2026-05-21,81.66007995605469
2026-05-22,81.64020538330078
2026-05-26,81.72967529296875
2026-05-27,81.73961639404297
2026-05-28,81.77938842773438
2026-05-29,81.81915283203125
2026-06-01,81.77229309082031
2026-06-02,81.77229309082031
2026-06-03,81.73240661621094
2026-06-04,81.79222869873047
2026-06-05,81.62272644042969
2026-06-08,81.66260528564453
2026-06-09,81.7024917602539
2026-06-10,81.7024917602539
2026-06-11,81.85205078125
2026-06-12,81.83211517333984
2026-06-15,81.87200164794922
2026-06-16,81.89193725585938
2026-06-17,81.64266204833984
2026-06-18,81.7523422241211
2026-06-22,81.6725845336914
2026-06-23,81.73240661621094
2026-06-24,81.83211517333984
2026-06-25,81.85205078125
2026-06-26,81.95176696777344
2026-06-29,81.93182373046875
2026-06-30,81.87200164794922
2026-07-01,81.83999633789062
2026-07-02,81.94000244140625
2026-07-06,81.9800033569336
2026-07-07,81.86000061035156
2026-07-08,81.83999633789062
2026-07-09,81.91000366210938
2026-07-10,81.87999725341797
2026-07-13,81.79000091552734
