date,adj close
2007-01-11,56.89794158935547
2007-01-12,56.6146125793457
2007-01-16,56.71663284301758
2007-01-17,56.70529556274414
2007-01-18,56.68260192871094
2007-01-19,56.57495880126953
2007-01-22,56.67695617675781
2007-01-23,56.50690841674805
2007-01-24,56.444583892822266
2007-01-25,56.13858413696289
2007-01-26,56.093223571777344
2007-01-29,56.019569396972656
2007-01-30,56.12723159790039
2007-01-31,56.291568756103516
2007-02-01,56.442161560058594
2007-02-02,56.41938781738281
2007-02-05,56.53876876831055
2007-02-06,56.49895477294922
2007-02-07,56.88530731201172
2007-02-08,56.91373062133789
2007-02-09,56.65240478515625
2007-02-12,56.61257553100586
2007-02-13,56.52736282348633
2007-02-14,56.92506790161133
2007-02-15,57.072792053222656
2007-02-16,57.16937255859375
2007-02-20,57.19780731201172
2007-02-21,57.15233612060547
2007-02-22,56.9705696105957
2007-02-23,57.2148551940918
2007-02-26,57.55006790161133
2007-02-27,58.169403076171875
2007-02-28,57.89671325683594
2007-03-01,57.87614059448242
2007-03-02,58.12700271606445
2007-03-05,58.161231994628906
2007-03-06,58.012969970703125
2007-03-07,58.26388168334961
2007-03-08,58.109928131103516
2007-03-09,57.779205322265625
2007-03-12,57.92747497558594
2007-03-13,58.09852981567383
2007-03-14,58.10425567626953
2007-03-15,58.087135314941406
2007-03-16,58.04148483276367
2007-03-19,57.904598236083984
2007-03-20,57.99586486816406
2007-03-21,58.064308166503906
2007-03-22,57.73930358886719
2007-03-23,57.63095474243164
2007-03-26,57.676578521728516
2007-03-27,57.65372848510742
2007-03-28,57.585304260253906
2007-03-29,57.53971862792969
2007-03-30,57.45415496826172
2007-04-02,57.519412994384766
2007-04-03,57.40497970581055
2007-04-04,57.479373931884766
2007-04-05,57.31904983520508
2007-04-09,57.03284454345703
2007-04-10,57.11299133300781
2007-04-11,57.11299133300781
2007-04-12,57.17020034790039
2007-04-13,57.049991607666016
2007-04-16,57.25035095214844
2007-04-17,57.50227737426758
2007-04-18,57.67975997924805
2007-04-19,57.59381866455078
2007-04-20,57.56523895263672
2007-04-23,57.70840835571289
2007-04-24,57.87439727783203
2007-04-25,57.70840835571289
2007-04-26,57.50227737426758
2007-04-27,57.490753173828125
2007-04-30,57.80000305175781
2007-05-01,57.83906555175781
2007-05-02,57.867733001708984
2007-05-03,57.77007293701172
2007-05-04,57.913753509521484
2007-05-07,58.00570297241211
2007-05-08,57.99995040893555
2007-05-09,57.80459213256836
2007-05-10,57.9310188293457
2007-05-11,57.77007293701172
2007-05-14,57.64365005493164
2007-05-15,57.56320571899414
2007-05-16,57.62643051147461
2007-05-17,57.413787841796875
2007-05-18,57.126434326171875
2007-05-21,57.218360900878906
2007-05-22,57.034420013427734
2007-05-23,56.89651870727539
2007-05-24,57.034420013427734
2007-05-25,56.99422073364258
2007-05-29,56.86779022216797
2007-05-30,56.86779022216797
2007-05-31,56.86779022216797
2007-06-01,56.563629150390625
2007-06-04,56.679100036621094
2007-06-05,56.505924224853516
2007-06-06,56.51752853393555
2007-06-07,55.790287017822266
2007-06-08,55.824947357177734
2007-06-11,55.67487716674805
2007-06-12,55.05158615112305
2007-06-13,55.478675842285156
2007-06-14,55.392112731933594
2007-06-15,55.66913986206055
2007-06-18,55.738346099853516
2007-06-19,56.07307052612305
2007-06-20,55.7210578918457
2007-06-21,55.62868881225586
2007-06-22,55.79610061645508
2007-06-25,56.02113342285156
2007-06-26,56.00960159301758
2007-06-27,56.06154251098633
2007-06-28,56.00960159301758
2007-06-29,56.47711181640625
2007-07-02,56.68341827392578
2007-07-03,56.42839813232422
2007-07-05,55.958927154541016
2007-07-06,55.744449615478516
2007-07-09,55.90678024291992
2007-07-10,56.526920318603516
2007-07-11,56.26030731201172
2007-07-12,56.10380554199219
2007-07-13,56.19656753540039
2007-07-16,56.5675048828125
2007-07-17,56.36466598510742
2007-07-18,56.642826080322266
2007-07-19,56.61968231201172
2007-07-20,57.0079460144043
2007-07-23,56.915260314941406
2007-07-24,57.12973403930664
2007-07-25,57.20499038696289
2007-07-26,57.72667694091797
2007-07-27,57.790401458740234
2007-07-30,57.575958251953125
2007-07-31,57.90052032470703
2007-08-01,57.90928649902344
2007-08-02,57.9442024230957
2007-08-03,58.18865966796875
2007-08-06,57.880165100097656
2007-08-07,57.821964263916016
2007-08-08,57.3563232421875
2007-08-09,57.56586837768555
2007-08-10,57.45530700683594
2007-08-13,57.647335052490234
2007-08-14,57.79868698120117
2007-08-15,57.83943176269531
2007-08-16,58.20609664916992
2007-08-17,58.00822830200195
2007-08-20,58.095516204833984
2007-08-21,58.30503845214844
2007-08-22,58.20609664916992
2007-08-23,58.29343795776367
2007-08-24,58.43901062011719
2007-08-27,58.67173767089844
2007-08-28,58.933658599853516
2007-08-29,58.74740982055664
2007-08-30,59.003570556640625
2007-08-31,58.95695877075195
2007-09-04,58.93242645263672
2007-09-05,59.34156799316406
2007-09-06,59.1954345703125
2007-09-07,59.90264892578125
2007-09-10,60.19486618041992
2007-09-11,60.10139846801758
2007-09-12,59.93778610229492
2007-09-13,59.54612731933594
2007-09-14,59.62798309326172
2007-09-17,59.651390075683594
2007-09-18,59.47013854980469
2007-09-19,59.271400451660156
2007-09-20,58.34797668457031
2007-09-21,58.71031951904297
2007-09-24,58.75125503540039
2007-09-25,58.78630065917969
2007-09-26,58.71031951904297
2007-09-27,59.07858657836914
2007-09-28,58.909061431884766
2007-10-01,59.26640319824219
2007-10-02,59.44832992553711
2007-10-03,59.18424606323242
2007-10-04,59.50111389160156
2007-10-05,58.84975051879883
2007-10-08,59.0551643371582
2007-10-09,58.82048416137695
2007-10-10,58.890865325927734
2007-10-11,58.74997329711914
2007-10-12,58.68553161621094
2007-10-15,58.67963790893555
2007-10-16,58.84392547607422
2007-10-17,59.325069427490234
2007-10-18,59.55976867675781
2007-10-19,60.17594528198242
2007-10-22,60.19353485107422
2007-10-23,60.21704864501953
2007-10-24,60.43996810913086
2007-10-25,60.434112548828125
2007-10-26,60.26986312866211
2007-10-29,60.393131256103516
2007-10-30,60.340248107910156
2007-10-31,60.205299377441406
2007-11-01,60.55636978149414
2007-11-02,60.66828155517578
2007-11-05,60.58580780029297
2007-11-06,60.44442367553711
2007-11-07,60.60939407348633
2007-11-08,60.60939407348633
2007-11-09,61.00407791137695
2007-11-12,61.21028137207031
2007-11-13,60.8685417175293
2007-11-14,60.962799072265625
2007-11-15,61.392845153808594
2007-11-16,61.4399528503418
2007-11-19,61.86408615112305
2007-11-20,61.78752136230469
2007-11-21,62.123329162597656
2007-11-23,62.093772888183594
2007-11-26,63.25431823730469
2007-11-27,62.447265625
2007-11-28,62.18812942504883
2007-11-29,62.7182502746582
2007-11-30,62.46495819091797
2007-12-03,62.977481842041016
2007-12-04,62.959774017333984
2007-12-05,62.56367492675781
2007-12-06,62.01387023925781
2007-12-07,61.540924072265625
2007-12-10,61.30450439453125
2007-12-11,62.32131576538086
2007-12-12,61.74192810058594
2007-12-13,61.20992660522461
2007-12-14,60.90250015258789
2007-12-17,61.26901626586914
2007-12-18,61.540924072265625
2007-12-19,62.19123077392578
2007-12-20,62.126197814941406
2007-12-21,61.446380615234375
2007-12-24,61.2158088684082
2007-12-26,60.80791091918945
2007-12-27,61.32707595825195
2007-12-28,61.967864990234375
2007-12-31,62.30607604980469
2008-01-02,62.98842239379883
2008-01-03,62.96467971801758
2008-01-04,63.07740020751953
2008-01-07,63.25541687011719
2008-01-08,63.28504180908203
2008-01-09,63.273170471191406
2008-01-10,62.83415222167969
2008-01-11,63.332542419433594
2008-01-14,63.43347930908203
2008-01-15,63.95553207397461
2008-01-16,63.69447708129883
2008-01-17,64.32933044433594
2008-01-18,64.1275863647461
2008-01-22,64.6912841796875
2008-01-23,64.47766876220703
2008-01-24,63.6172981262207
2008-01-25,64.40646362304688
2008-01-28,64.21062469482422
2008-01-29,63.91403579711914
2008-01-30,63.7122688293457
2008-01-31,64.02677154541016
2008-02-01,64.37672424316406
2008-02-04,63.93626403808594
2008-02-05,64.37672424316406
2008-02-06,64.16243743896484
2008-02-07,63.263668060302734
2008-02-08,63.864830017089844
2008-02-11,64.04339599609375
2008-02-12,63.83507537841797
2008-02-13,63.35296630859375
2008-02-14,62.73991394042969
2008-02-15,63.06132125854492
2008-02-19,62.44825744628906
2008-02-20,62.60900115966797
2008-02-21,63.239891052246094
2008-02-22,63.02561569213867
2008-02-25,62.47802734375
2008-02-26,62.59703826904297
2008-02-27,62.71608352661133
2008-02-28,63.585060119628906
2008-02-29,64.4124526977539
2008-03-03,64.25535583496094
2008-03-04,63.879146575927734
2008-03-05,63.359642028808594
2008-03-06,63.723907470703125
2008-03-07,63.77166748046875
2008-03-10,64.49419403076172
2008-03-11,63.78364181518555
2008-03-12,64.798828125
2008-03-13,64.3210678100586
2008-03-14,64.99591064453125
2008-03-17,65.22279357910156
2008-03-18,64.88838958740234
2008-03-19,65.55718994140625
2008-03-20,65.60497283935547
2008-03-24,64.48228454589844
2008-03-25,64.66143798828125
2008-03-26,64.67338562011719
2008-03-27,64.34494018554688
2008-03-28,64.7689208984375
2008-03-31,64.85853576660156
2008-04-01,64.11292266845703
2008-04-02,64.13082885742188
2008-04-03,64.19073486328125
2008-04-04,64.83212280273438
2008-04-07,64.46649932861328
2008-04-08,64.4305419921875
2008-04-09,64.95801544189453
2008-04-10,64.72425842285156
2008-04-11,65.143798828125
2008-04-14,64.82015228271484
2008-04-15,64.3405990600586
2008-04-16,63.819114685058594
2008-04-17,63.63932800292969
2008-04-18,63.56736755371094
2008-04-21,63.74121856689453
2008-04-22,63.84910202026367
2008-04-23,63.6573371887207
2008-04-24,63.21974182128906
2008-04-25,62.94998550415039
2008-04-28,63.26768112182617
2008-04-29,63.36360168457031
2008-04-30,63.69329833984375
2008-05-01,63.738380432128906
2008-05-02,63.142696380615234
2008-05-05,63.142696380615234
2008-05-06,62.8358154296875
2008-05-07,63.12464904785156
2008-05-08,63.67821502685547
2008-05-09,63.75041580200195
2008-05-12,63.67219924926758
2008-05-13,63.08256530761719
2008-05-14,62.99830627441406
2008-05-15,63.545867919921875
2008-05-16,63.38335037231445
2008-05-19,63.587982177734375
2008-05-20,63.85874557495117
2008-05-21,63.774478912353516
2008-05-22,63.196842193603516
2008-05-23,63.509769439697266
2008-05-27,63.02836227416992
2008-05-28,62.55904769897461
2008-05-29,62.149906158447266
2008-05-30,62.42067337036133
2008-06-02,62.800498962402344
2008-06-03,63.12049865722656
2008-06-04,62.92731857299805
2008-06-05,62.3657341003418
2008-06-06,62.921268463134766
2008-06-09,62.613311767578125
2008-06-10,62.30534362792969
2008-06-11,62.35968017578125
2008-06-12,61.71356201171875
2008-06-13,61.544456481933594
2008-06-16,61.610904693603516
2008-06-17,61.743736267089844
2008-06-18,62.15435791015625
2008-06-19,61.852481842041016
2008-06-20,62.26911163330078
2008-06-23,62.232879638671875
2008-06-24,62.631404876708984
2008-06-25,62.64348602294922
2008-06-26,62.957462310791016
2008-06-27,63.482887268066406
2008-06-30,63.41037368774414
2008-07-01,63.40851593017578
2008-07-02,63.60243606567383
2008-07-03,63.54785919189453
2008-07-07,63.778175354003906
2008-07-08,63.965999603271484
2008-07-09,64.27498626708984
2008-07-10,64.32351684570312
2008-07-11,63.644832611083984
2008-07-14,64.12351989746094
2008-07-15,64.25682830810547
2008-07-16,63.426753997802734
2008-07-17,63.00864028930664
2008-07-18,62.85112762451172
2008-07-21,62.96017837524414
2008-07-22,62.7359733581543
2008-07-23,62.669403076171875
2008-07-24,63.263145446777344
2008-07-25,62.7784309387207
2008-07-28,63.28740692138672
2008-07-29,63.045013427734375
2008-07-30,63.09345245361328
2008-07-31,63.717525482177734
2008-08-01,63.756492614746094
2008-08-04,63.61050796508789
2008-08-05,63.27000045776367
2008-08-06,63.166683197021484
2008-08-07,63.97538375854492
2008-08-08,63.908504486083984
2008-08-11,63.531455993652344
2008-08-12,64.07878112792969
2008-08-13,63.88418960571289
2008-08-14,64.1456298828125
2008-08-15,64.55304718017578
2008-08-18,64.7597885131836
2008-08-19,64.55304718017578
2008-08-20,64.82066345214844
2008-08-21,64.68682861328125
2008-08-22,64.56523132324219
2008-08-25,65.100341796875
2008-08-26,65.0152587890625
2008-08-27,65.2341079711914
2008-08-28,65.17939758300781
2008-08-29,64.899658203125
2008-09-02,65.3445816040039
2008-09-03,65.53351593017578
2008-09-04,65.91746520996094
2008-09-05,65.85039520263672
2008-09-08,66.05760955810547
2008-09-09,66.50247955322266
2008-09-10,66.2708969116211
2008-09-11,66.19783020019531
2008-09-12,65.65534973144531
2008-09-15,67.19718933105469
2008-09-16,67.2581787109375
2008-09-17,67.40446472167969
2008-09-18,66.7767333984375
2008-09-19,65.24095153808594
2008-09-22,65.00330352783203
2008-09-23,64.8935546875
2008-09-24,65.0824966430664
2008-09-25,64.85699462890625
2008-09-26,64.9727783203125
2008-09-29,66.35623168945312
2008-09-30,64.97891998291016
2008-10-01,65.5596694946289
2008-10-02,66.15878295898438
2008-10-03,66.25664520263672
2008-10-06,66.89237213134766
2008-10-07,66.86180877685547
2008-10-08,65.5902099609375
2008-10-09,64.94220733642578
2008-10-10,64.20252227783203
2008-10-13,63.756248474121094
2008-10-14,63.1448860168457
2008-10-15,63.46274185180664
2008-10-16,63.42000961303711
2008-10-17,63.04704666137695
2008-10-20,63.45059585571289
2008-10-21,64.1902847290039
2008-10-22,64.89329528808594
2008-10-23,64.97891235351562
2008-10-24,64.58766174316406
2008-10-27,64.59376525878906
2008-10-28,63.90904235839844
2008-10-29,63.49336242675781
2008-10-30,63.1448860168457
2008-10-31,62.484642028808594
2008-11-03,62.72086715698242
2008-11-04,63.74545669555664
2008-11-05,64.3835220336914
2008-11-06,64.40188598632812
2008-11-07,63.972434997558594
2008-11-10,64.30989074707031
2008-11-11,64.73941040039062
2008-11-12,65.05226135253906
2008-11-13,64.00926208496094
2008-11-14,65.07677459716797
2008-11-17,65.3712158203125
2008-11-18,66.31002807617188
2008-11-19,67.39593505859375
2008-11-20,69.3224105834961
2008-11-21,68.43891143798828
2008-11-24,67.71497344970703
2008-11-25,69.22419738769531
2008-11-26,69.18744659423828
2008-11-28,69.82543182373047
2008-12-01,71.11506652832031
2008-12-02,71.25049591064453
2008-12-03,71.54596710205078
2008-12-04,72.58625030517578
2008-12-05,71.58290100097656
2008-12-08,71.37361907958984
2008-12-09,72.45079803466797
2008-12-10,72.00764465332031
2008-12-11,72.40158081054688
2008-12-12,72.5616683959961
2008-12-15,73.02325439453125
2008-12-16,74.29129028320312
2008-12-17,75.02387237548828
2008-12-18,75.9287338256836
2008-12-19,75.95335388183594
2008-12-22,75.82408905029297
2008-12-23,75.95335388183594
2008-12-24,75.6209487915039
2008-12-26,75.91027069091797
2008-12-29,75.7768325805664
2008-12-30,76.12274932861328
2008-12-31,75.11590576171875
2009-01-02,73.41728210449219
2009-01-05,72.54634094238281
2009-01-06,72.40435028076172
2009-01-07,72.81197357177734
2009-01-08,72.97257232666016
2009-01-09,73.10227966308594
2009-01-12,73.53462982177734
2009-01-13,73.84352111816406
2009-01-14,74.5353012084961
2009-01-15,74.61555480957031
2009-01-16,74.04734802246094
2009-01-20,73.44818115234375
2009-01-21,71.87930297851562
2009-01-22,70.98365783691406
2009-01-23,71.02688598632812
2009-01-26,70.7242431640625
2009-01-27,71.7804946899414
2009-01-28,71.0021743774414
2009-01-29,69.7297592163086
2009-01-30,69.97064208984375
2009-02-02,70.87370300292969
2009-02-03,70.03079223632812
2009-02-04,69.70226287841797
2009-02-05,69.82003784179688
2009-02-06,69.3242416381836
2009-02-09,69.42338562011719
2009-02-10,70.75595092773438
2009-02-11,71.30133056640625
2009-02-12,71.15873718261719
2009-02-13,70.06173706054688
2009-02-17,71.7104263305664
2009-02-18,71.14019775390625
2009-02-19,70.37787628173828
2009-02-20,70.71253967285156
2009-02-23,70.99146270751953
2009-02-24,70.81790161132812
2009-02-25,70.21672058105469
2009-02-26,69.77043151855469
2009-02-27,69.46060180664062
2009-03-02,70.33999633789062
2009-03-03,69.96711730957031
2009-03-04,69.6998519897461
2009-03-05,71.24750518798828
2009-03-06,70.74404907226562
2009-03-09,70.58246612548828
2009-03-10,69.80550384521484
2009-03-11,70.47673797607422
2009-03-12,70.70046997070312
2009-03-13,70.72534942626953
2009-03-16,70.27790069580078
2009-03-17,69.88011932373047
2009-03-18,72.99403381347656
2009-03-19,73.00643920898438
2009-03-20,72.59627532958984
2009-03-23,72.34766387939453
2009-03-24,72.09896087646484
2009-03-25,71.90013885498047
2009-03-26,72.23574829101562
2009-03-27,72.48432159423828
2009-03-30,72.72052764892578
2009-03-31,72.87591552734375
2009-04-01,73.39217376708984
2009-04-02,72.7811508178711
2009-04-03,71.44689178466797
2009-04-06,71.34083557128906
2009-04-07,71.50297546386719
2009-04-08,71.86463165283203
2009-04-09,71.17877197265625
2009-04-13,71.69002532958984
2009-04-14,71.80850219726562
2009-04-15,72.0018081665039
2009-04-16,71.62145233154297
2009-04-17,70.86080932617188
2009-04-20,71.39077758789062
2009-04-21,71.17253875732422
2009-04-22,70.5926284790039
2009-04-23,70.72358703613281
2009-04-24,70.3308334350586
2009-04-27,70.94804382324219
2009-04-28,70.20613861083984
2009-04-29,69.72600555419922
2009-04-30,69.58263397216797
2009-05-01,69.39875030517578
2009-05-04,69.62391662597656
2009-05-05,69.38624572753906
2009-05-06,69.29248809814453
2009-05-07,68.55459594726562
2009-05-08,68.67965698242188
2009-05-11,69.53009796142578
2009-05-12,69.58008575439453
2009-05-13,70.02403259277344
2009-05-14,69.95532989501953
2009-05-15,69.97406768798828
2009-05-18,69.33625030517578
2009-05-19,69.12362670898438
2009-05-20,69.81768035888672
2009-05-21,68.46697998046875
2009-05-22,68.07935333251953
2009-05-26,67.29768371582031
2009-05-27,66.36593627929688
2009-05-28,67.0037612915039
2009-05-29,68.01054382324219
2009-06-01,66.54418182373047
2009-06-02,66.85797119140625
2009-06-03,67.32229614257812
2009-06-04,66.32466125488281
2009-06-05,65.64702606201172
2009-06-08,65.34587860107422
2009-06-09,65.77880096435547
2009-06-10,65.25809478759766
2009-06-11,65.7348403930664
2009-06-12,66.1928939819336
2009-06-15,66.61953735351562
2009-06-16,67.12777709960938
2009-06-17,67.13407135009766
2009-06-18,66.14270782470703
2009-06-19,66.61953735351562
2009-06-22,67.2469711303711
2009-06-23,67.70499420166016
2009-06-24,67.10888671875
2009-06-25,68.12535095214844
2009-06-26,68.41400146484375
2009-06-29,68.41400146484375
2009-06-30,68.32614135742188
2009-07-01,68.27140045166016
2009-07-02,68.56712341308594
2009-07-06,68.56075286865234
2009-07-07,68.91942596435547
2009-07-08,69.79397583007812
2009-07-09,69.1773910522461
2009-07-10,69.71216583251953
2009-07-13,69.108154296875
2009-07-14,68.6048583984375
2009-07-15,67.47866821289062
2009-07-16,67.7428970336914
2009-07-17,67.33385467529297
2009-07-20,67.63593292236328
2009-07-21,68.56075286865234
2009-07-22,68.0700454711914
2009-07-23,67.20179748535156
2009-07-24,67.4030990600586
2009-07-27,66.86834716796875
2009-07-28,67.32142639160156
2009-07-29,67.5037841796875
2009-07-30,67.93791961669922
2009-07-31,68.75582122802734
2009-08-03,68.03243255615234
2009-08-04,67.79257202148438
2009-08-05,67.05392456054688
2009-08-06,67.24327850341797
2009-08-07,66.612060546875
2009-08-10,67.4389877319336
2009-08-11,68.06396484375
2009-08-12,67.66631317138672
2009-08-13,68.43011474609375
2009-08-14,68.60057830810547
2009-08-17,69.33914947509766
2009-08-18,69.05506134033203
2009-08-19,69.35176086425781
2009-08-20,69.61690521240234
2009-08-21,68.70787048339844
2009-08-24,69.25077056884766
2009-08-25,69.71161651611328
2009-08-26,69.81256103515625
2009-08-27,69.5853271484375
2009-08-28,69.74947357177734
2009-08-31,69.94517517089844
2009-09-01,70.11105346679688
2009-09-02,70.76972198486328
2009-09-03,70.40872955322266
2009-09-04,69.57913970947266
2009-09-08,69.4397964477539
2009-09-09,69.42082977294922
2009-09-10,70.19342041015625
2009-09-11,70.41503143310547
2009-09-14,70.11105346679688
2009-09-15,69.8134536743164
2009-09-16,69.78813171386719
2009-09-17,70.40872955322266
2009-09-18,69.93379974365234
2009-09-21,69.92743682861328
2009-09-22,70.01608276367188
2009-09-23,70.06044006347656
2009-09-24,70.26937866210938
2009-09-25,70.87100219726562
2009-09-28,71.23834228515625
2009-09-29,71.17500305175781
2009-09-30,71.1116714477539
2009-10-01,71.83778381347656
2009-10-02,71.64717102050781
2009-10-05,71.5455551147461
2009-10-06,71.19615173339844
2009-10-07,71.93937683105469
2009-10-08,71.39314270019531
2009-10-09,70.22425842285156
2009-10-12,70.56094360351562
2009-10-13,70.64353942871094
2009-10-14,70.03367614746094
2009-10-15,69.74150085449219
2009-10-16,70.1925048828125
2009-10-19,70.52283477783203
2009-10-20,70.77691650390625
2009-10-21,70.50373077392578
2009-10-22,70.29414367675781
2009-10-23,69.83041381835938
2009-10-26,69.15715026855469
2009-10-27,70.00827026367188
2009-10-28,70.3386001586914
2009-10-29,69.72877502441406
2009-10-30,70.51016235351562
2009-11-02,70.36613464355469
2009-11-03,69.9072494506836
2009-11-04,69.4610824584961
2009-11-05,69.41009521484375
2009-11-06,69.63960266113281
2009-11-09,69.75426483154297
2009-11-10,69.71601867675781
2009-11-11,69.98368072509766
2009-11-12,69.83075714111328
2009-11-13,70.17483520507812
2009-11-16,70.81859588623047
2009-11-17,71.02257537841797
2009-11-18,70.71666717529297
2009-11-19,70.90143585205078
2009-11-20,70.88235473632812
2009-11-23,70.80584716796875
2009-11-24,71.21371459960938
2009-11-25,71.685302734375
2009-11-27,72.11233520507812
2009-11-30,72.19517517089844
2009-12-01,71.61294555664062
2009-12-02,71.41482543945312
2009-12-03,70.89717102050781
2009-12-04,70.21971130371094
2009-12-07,70.43058776855469
2009-12-08,70.72459411621094
2009-12-09,70.53926086425781
2009-12-10,70.09823608398438
2009-12-11,69.70201873779297
2009-12-14,69.88092803955078
2009-12-15,69.61890411376953
2009-12-16,69.65726470947266
2009-12-17,70.48169708251953
2009-12-18,70.04071807861328
2009-12-21,69.14593505859375
2009-12-22,68.80084228515625
2009-12-23,68.80724334716797
2009-12-24,68.35984802246094
2009-12-28,68.29595947265625
2009-12-29,68.44791412353516
2009-12-30,68.64022827148438
2009-12-31,68.26837158203125
2010-01-04,68.3388900756836
2010-01-05,68.71082305908203
2010-01-06,68.2747802734375
2010-01-07,68.3388900756836
2010-01-08,68.46713256835938
2010-01-11,68.39022827148438
2010-01-12,69.236572265625
2010-01-13,68.7813491821289
2010-01-14,69.21095275878906
2010-01-15,69.51869201660156
2010-01-19,69.33916473388672
2010-01-20,69.73675537109375
2010-01-21,70.17912292480469
2010-01-22,70.2945556640625
2010-01-25,69.9291000366211
2010-01-26,70.0508804321289
2010-01-27,69.96112060546875
2010-01-28,69.89701080322266
2010-01-29,70.19835662841797
2010-02-01,69.82075500488281
2010-02-02,69.94303131103516
2010-02-03,69.54418182373047
2010-02-04,70.27107238769531
2010-02-05,70.52191162109375
2010-02-08,70.47048950195312
2010-02-09,70.00737762451172
2010-02-10,69.63423919677734
2010-02-11,69.40906524658203
2010-02-12,69.64066314697266
2010-02-16,69.81433868408203
2010-02-17,69.2160873413086
2010-02-18,68.93952178955078
2010-02-19,69.15179443359375
2010-02-22,68.93305969238281
2010-02-23,69.71785736083984
2010-02-24,69.79503631591797
2010-02-25,70.01374816894531
2010-02-26,70.27749633789062
2010-03-01,70.35813903808594
2010-03-02,70.35171508789062
2010-03-03,70.17756652832031
2010-03-04,70.50006866455078
2010-03-05,69.8807601928711
2010-03-08,69.68716430664062
2010-03-09,69.73236083984375
2010-03-10,69.69369506835938
2010-03-11,69.73236083984375
2010-03-12,69.95170593261719
2010-03-15,69.95170593261719
2010-03-16,70.4032974243164
2010-03-17,70.55811309814453
2010-03-18,70.35171508789062
2010-03-19,70.4677963256836
2010-03-22,70.55811309814453
2010-03-23,70.29360961914062
2010-03-24,69.42914581298828
2010-03-25,69.03562927246094
2010-03-26,69.22915649414062
2010-03-29,69.13887023925781
2010-03-30,69.26142120361328
2010-03-31,69.48081970214844
2010-04-01,69.36034393310547
2010-04-05,68.60945129394531
2010-04-06,68.64827728271484
2010-04-07,69.3215560913086
2010-04-08,69.17913818359375
2010-04-09,69.29558563232422
2010-04-12,69.59339141845703
2010-04-13,69.72933197021484
2010-04-14,69.44451141357422
2010-04-15,69.61283111572266
2010-04-16,70.05298614501953
2010-04-19,69.81354522705078
2010-04-20,69.93647766113281
2010-04-21,70.29899597167969
2010-04-22,70.17593383789062
2010-04-23,69.93006896972656
2010-04-26,69.96883392333984
2010-04-27,70.79094696044922
2010-04-28,70.27960205078125
2010-04-29,70.57085418701172
2010-04-30,71.06925201416016
2010-05-03,70.97312927246094
2010-05-04,71.59660339355469
2010-05-05,71.84339141845703
2010-05-06,73.15515899658203
2010-05-07,72.72655487060547
2010-05-10,72.00572204589844
2010-05-11,71.99923706054688
2010-05-12,71.6550521850586
2010-05-13,71.99275207519531
2010-05-14,72.64213562011719
2010-05-17,72.40186309814453
2010-05-18,73.12269592285156
2010-05-19,73.24606323242188
2010-05-20,74.12928009033203
2010-05-21,74.16820526123047
2010-05-24,74.11626434326172
2010-05-25,74.4150161743164
2010-05-26,74.25263977050781
2010-05-27,73.18766784667969
2010-05-28,73.3824234008789
2010-06-01,73.66844177246094
2010-06-02,73.27102661132812
2010-06-03,72.98442077636719
2010-06-04,74.2417221069336
2010-06-07,74.6521987915039
2010-06-08,74.39812469482422
2010-06-09,74.39812469482422
2010-06-10,73.46649169921875
2010-06-11,74.07893371582031
2010-06-14,73.8573226928711
2010-06-15,73.59027099609375
2010-06-16,73.90947723388672
2010-06-17,74.35897827148438
2010-06-18,74.2221908569336
2010-06-21,74.10494995117188
2010-06-22,74.71732330322266
2010-06-23,75.03654479980469
2010-06-24,74.8541488647461
2010-06-25,75.05608367919922
2010-06-28,75.60980224609375
2010-06-29,76.05936431884766
2010-06-30,76.20919036865234
2010-07-01,76.23993682861328
2010-07-02,75.98514556884766
2010-07-06,76.31824493408203
2010-07-07,75.932861328125
2010-07-08,75.73693084716797
2010-07-09,75.44292449951172
2010-07-12,75.47561645507812
2010-07-13,75.08362579345703
2010-07-14,75.57357788085938
2010-07-15,76.15496826171875
2010-07-16,76.47505187988281
2010-07-19,76.22683715820312
2010-07-20,76.32481384277344
2010-07-21,77.06953430175781
2010-07-22,76.5599594116211
2010-07-23,76.06354522705078
2010-07-26,75.95903015136719
2010-07-27,75.61277770996094
2010-07-28,75.86105346679688
2010-07-29,75.99162292480469
2010-07-30,76.80166625976562
2010-08-02,76.28741455078125
2010-08-03,76.68050384521484
2010-08-04,76.35295867919922
2010-08-05,76.7591323852539
2010-08-06,77.38800811767578
2010-08-09,77.25042724609375
2010-08-10,77.64348602294922
2010-08-11,78.34447479248047
2010-08-12,78.12173461914062
2010-08-13,78.67853546142578
2010-08-16,79.65465545654297
2010-08-17,79.25506591796875
2010-08-18,79.35989379882812
2010-08-19,79.95604705810547
2010-08-20,79.67436981201172
2010-08-23,79.7726058959961
2010-08-24,80.67668151855469
2010-08-25,80.23773956298828
2010-08-26,80.76837921142578
2010-08-27,79.4057388305664
2010-08-30,80.46704864501953
2010-08-31,80.97145080566406
2010-09-01,80.00914001464844
2010-09-02,79.52958679199219
2010-09-03,78.95153045654297
2010-09-07,79.7857437133789
2010-09-08,79.4310531616211
2010-09-09,78.5573501586914
2010-09-10,78.30778503417969
2010-09-13,78.60993194580078
2010-09-14,79.14856719970703
2010-09-15,78.62310028076172
2010-09-16,78.18953704833984
2010-09-17,78.32746124267578
2010-09-20,78.60993194580078
2010-09-21,79.45731353759766
2010-09-22,79.70697021484375
2010-09-23,79.87773132324219
2010-09-24,79.2339859008789
2010-09-27,80.1273193359375
2010-09-28,80.5543441772461
2010-09-29,80.38352966308594
2010-09-30,80.25870513916016
2010-10-01,80.23436737060547
2010-10-04,80.47151947021484
2010-10-05,80.26732635498047
2010-10-06,80.96549987792969
2010-10-07,80.80078887939453
2010-10-08,80.75470733642578
2010-10-11,80.873291015625
2010-10-12,80.41875457763672
2010-10-13,80.28703308105469
2010-10-14,79.69422912597656
2010-10-15,79.0750732421875
2010-10-18,79.62837219238281
2010-10-19,79.84574890136719
2010-10-20,79.92478942871094
2010-10-21,79.38465881347656
2010-10-22,79.44391632080078
2010-10-25,79.64154815673828
2010-10-26,78.79845428466797
2010-10-27,78.27146911621094
2010-10-28,78.61404418945312
2010-10-29,78.96308898925781
2010-11-01,78.83101654052734
2010-11-02,79.34619140625
2010-11-03,78.91027069091797
2010-11-04,79.61038970947266
2010-11-05,79.02914428710938
2010-11-08,79.05557250976562
2010-11-09,78.07806396484375
2010-11-10,78.2894287109375
2010-11-11,78.19037628173828
2010-11-12,77.54975128173828
2010-11-15,76.35429382324219
2010-11-16,77.38465118408203
2010-11-17,76.97513580322266
2010-11-18,76.83646392822266
2010-11-19,77.17990112304688
2010-11-22,77.60923767089844
2010-11-23,77.8800048828125
2010-11-24,76.83646392822266
2010-11-26,77.29216003417969
2010-11-29,77.6025619506836
2010-11-30,77.8800048828125
2010-12-01,76.57339477539062
2010-12-02,76.3548583984375
2010-12-03,76.23566436767578
2010-12-06,76.88467407226562
2010-12-07,75.46744537353516
2010-12-08,74.78539276123047
2010-12-09,74.9045639038086
2010-12-10,74.32844543457031
2010-12-13,74.63306427001953
2010-12-14,73.54035949707031
2010-12-15,73.22915649414062
2010-12-16,73.64630889892578
2010-12-17,74.40792083740234
2010-12-20,74.41453552246094
2010-12-21,74.52713012695312
2010-12-22,74.28871154785156
2010-12-23,74.01058959960938
2010-12-27,74.52713012695312
2010-12-28,73.51055145263672
2010-12-29,74.5005111694336
2010-12-30,74.40084838867188
2010-12-31,74.87924194335938
2011-01-03,74.6068344116211
2011-01-04,74.67333221435547
2011-01-05,73.63016510009766
2011-01-06,74.00223541259766
2011-01-07,74.44737243652344
2011-01-10,74.77957916259766
2011-01-11,74.4673080444336
2011-01-12,74.14173889160156
2011-01-13,74.6799545288086
2011-01-14,74.5005111694336
2011-01-18,74.20820617675781
2011-01-19,74.4806137084961
2011-01-20,73.80294036865234
2011-01-21,74.06867218017578
2011-01-24,74.10189819335938
2011-01-25,74.71976470947266
2011-01-26,74.00223541259766
2011-01-27,74.20820617675781
2011-01-28,74.64006805419922
2011-01-31,74.29458618164062
2011-02-01,73.89208221435547
2011-02-02,73.71878051757812
2011-02-03,73.39222717285156
2011-02-04,72.77912139892578
2011-02-07,72.77912139892578
2011-02-08,72.27935028076172
2011-02-09,72.77912139892578
2011-02-10,72.53923034667969
2011-02-11,73.01238250732422
2011-02-14,73.23235321044922
2011-02-15,73.39893341064453
2011-02-16,73.27230072021484
2011-02-17,73.5121841430664
2011-02-18,73.49889373779297
2011-02-22,74.34515380859375
2011-02-23,74.25192260742188
2011-02-24,74.50515747070312
2011-02-25,74.83167266845703
2011-02-28,74.85164642333984
2011-03-01,74.87834167480469
2011-03-02,74.32386779785156
2011-03-03,73.7559814453125
2011-03-04,74.26377868652344
2011-03-07,74.02323150634766
2011-03-08,73.7559814453125
2011-03-09,74.21697235107422
2011-03-10,75.07886505126953
2011-03-11,74.85165405273438
2011-03-14,74.97196960449219
2011-03-15,75.4596939086914
2011-03-16,76.16787719726562
2011-03-17,75.88059997558594
2011-03-18,75.83386993408203
2011-03-21,75.46637725830078
2011-03-22,75.57324981689453
2011-03-23,75.3794937133789
2011-03-24,74.99202728271484
2011-03-25,74.79824829101562
2011-03-28,74.81157684326172
2011-03-29,74.53760528564453
2011-03-30,74.7781753540039
2011-03-31,74.69800567626953
2011-04-01,74.75094604492188
2011-04-04,74.94530487060547
2011-04-05,74.60352325439453
2011-04-06,74.0606918334961
2011-04-07,73.93333435058594
2011-04-08,73.74569702148438
2011-04-11,73.79936218261719
2011-04-12,74.32205200195312
2011-04-13,74.63028717041016
2011-04-14,74.48963928222656
2011-04-15,75.1865463256836
2011-04-18,75.38761138916016
2011-04-19,75.5484619140625
2011-04-20,75.17989349365234
2011-04-21,75.2134017944336
2011-04-25,75.52833557128906
2011-04-26,75.97068786621094
2011-04-27,75.54175567626953
2011-04-28,75.8299789428711
2011-04-29,76.13829803466797
2011-05-02,76.15906524658203
2011-05-03,76.39427947998047
2011-05-04,76.73030090332031
2011-05-05,77.2545166015625
2011-05-06,77.18063354492188
2011-05-09,77.19402313232422
2011-05-10,76.87812805175781
2011-05-11,77.18063354492188
2011-05-12,76.95209503173828
2011-05-13,77.3620834350586
2011-05-16,77.63087463378906
2011-05-17,77.99376678466797
2011-05-18,77.4359359741211
2011-05-19,77.42931365966797
2011-05-20,77.55027770996094
2011-05-23,77.78544616699219
2011-05-24,77.91990661621094
2011-05-25,77.82577514648438
2011-05-26,78.30294036865234
2011-05-27,78.13494110107422
2011-05-31,78.30294036865234
2011-06-01,79.20280456542969
2011-06-02,78.35346984863281
2011-06-03,78.67703247070312
2011-06-06,78.43437194824219
2011-06-07,78.5826644897461
2011-06-08,78.94666290283203
2011-06-09,78.58940124511719
2011-06-10,78.96684265136719
2011-06-13,78.75113677978516
2011-06-14,77.90860748291016
2011-06-15,78.79830169677734
2011-06-16,79.23641967773438
2011-06-17,79.11515808105469
2011-06-20,79.06120300292969
2011-06-21,78.77136993408203
2011-06-22,78.74443054199219
2011-06-23,79.31734466552734
2011-06-24,79.40498352050781
2011-06-27,78.8320541381836
2011-06-28,78.10409545898438
2011-06-29,77.53795623779297
2011-06-30,77.22791290283203
2011-07-01,77.06498718261719
2011-07-05,77.42996978759766
2011-07-06,77.63275909423828
2011-07-07,77.48409271240234
2011-07-08,78.34921264648438
2011-07-11,79.08590698242188
2011-07-12,79.43060302734375
2011-07-13,79.58614349365234
2011-07-14,79.01160430908203
2011-07-15,79.07919311523438
2011-07-18,78.8561019897461
2011-07-19,79.6198501586914
2011-07-20,79.11968231201172
2011-07-21,78.56549072265625
2011-07-22,78.93722534179688
2011-07-25,78.53167724609375
2011-07-26,78.93047332763672
2011-07-27,78.89668273925781
2011-07-28,79.03863525390625
2011-07-29,80.26875305175781
2011-08-01,80.65510559082031
2011-08-02,81.90907287597656
2011-08-03,82.02429962158203
2011-08-04,83.63074493408203
2011-08-05,82.39712524414062
2011-08-08,84.31539154052734
2011-08-09,84.9322280883789
2011-08-10,86.51831817626953
2011-08-11,84.35606384277344
2011-08-12,85.31859588623047
2011-08-15,84.7424545288086
2011-08-16,85.33892059326172
2011-08-17,86.07774353027344
2011-08-18,86.95890045166016
2011-08-19,87.29779052734375
2011-08-22,87.15552520751953
2011-08-23,86.59967041015625
2011-08-24,85.12879943847656
2011-08-25,85.71173095703125
2011-08-26,86.11165618896484
2011-08-29,85.35921478271484
2011-08-30,86.17269897460938
2011-08-31,85.50833129882812
2011-09-01,86.50869750976562
2011-09-02,88.01054382324219
2011-09-06,88.5066146850586
2011-09-07,87.67755126953125
2011-09-08,88.13965606689453
2011-09-09,88.76484680175781
2011-09-12,88.6968994140625
2011-09-13,88.18722534179688
2011-09-14,88.39110565185547
2011-09-15,87.52120208740234
2011-09-16,87.79302215576172
2011-09-19,88.82599639892578
2011-09-20,88.98229217529297
2011-09-21,89.93367767333984
2011-09-22,91.4626693725586
2011-09-23,90.5452880859375
2011-09-26,89.77737426757812
2011-09-27,88.85997772216797
2011-09-28,88.6968994140625
2011-09-29,88.92790985107422
2011-09-30,89.8317642211914
2011-10-03,91.16654205322266
2011-10-04,90.62854766845703
2011-10-05,90.20638275146484
2011-10-06,89.25291442871094
2011-10-07,88.77619171142578
2011-10-10,87.3460922241211
2011-10-11,87.82958221435547
2011-10-12,87.2847900390625
2011-10-13,87.65254211425781
2011-10-14,86.93063354492188
2011-10-17,87.77510833740234
2011-10-18,87.63206481933594
2011-10-19,87.61167907714844
2011-10-20,87.39375305175781
2011-10-21,87.06685638427734
2011-10-24,86.9647216796875
2011-10-25,88.18370819091797
2011-10-26,87.3460922241211
2011-10-27,85.63678741455078
2011-10-28,86.0589828491211
2011-10-31,87.99302673339844
2011-11-01,89.72051239013672
2011-11-02,89.24960327148438
2011-11-03,88.505615234375
2011-11-04,88.64214324951172
2011-11-07,88.9902572631836
2011-11-08,88.36906433105469
2011-11-09,89.59088134765625
2011-11-10,88.9629135131836
2011-11-11,88.38277435302734
2011-11-14,89.11992645263672
2011-11-15,89.00386810302734
2011-11-16,89.50218200683594
2011-11-17,90.02769470214844
2011-11-18,89.67961883544922
2011-11-21,90.14373016357422
2011-11-22,90.61470031738281
2011-11-23,91.17438507080078
2011-11-25,90.41000366210938
2011-11-28,90.37584686279297
2011-11-29,90.00724792480469
2011-11-30,88.9902572631836
2011-12-01,88.8008041381836
2011-12-02,89.42316436767578
2011-12-05,89.43001556396484
2011-12-06,89.0196762084961
2011-12-07,89.29322052001953
2011-12-08,89.9566421508789
2011-12-09,88.9923095703125
2011-12-12,89.39579010009766
2011-12-13,90.10710906982422
2011-12-14,90.9551773071289
2011-12-15,90.91412353515625
2011-12-16,91.44760131835938
2011-12-19,91.96051025390625
2011-12-20,90.69526672363281
2011-12-21,90.1275634765625
2011-12-22,90.36013793945312
2011-12-23,89.7172622680664
2011-12-27,89.87554931640625
2011-12-28,90.75953674316406
2011-12-29,91.0884780883789
2011-12-30,91.09538269042969
2012-01-03,90.35523986816406
2012-01-04,89.83443450927734
2012-01-05,89.75221252441406
2012-01-06,90.20447540283203
2012-01-09,90.12226867675781
2012-01-10,90.03315734863281
2012-01-11,90.6910171508789
2012-01-12,90.560791015625
2012-01-13,91.1501235961914
2012-01-17,91.32837677001953
2012-01-18,90.80757141113281
2012-01-19,89.97832489013672
2012-01-20,89.45069885253906
2012-01-23,89.07372283935547
2012-01-24,89.15604400634766
2012-01-25,89.546630859375
2012-01-26,90.20447540283203
2012-01-27,90.45802307128906
2012-01-30,91.03372192382812
2012-01-31,91.6161880493164
2012-02-01,91.19451141357422
2012-02-02,91.25631713867188
2012-02-03,90.11627960205078
2012-02-06,90.51460266113281
2012-02-07,89.8484878540039
2012-02-08,89.83474731445312
2012-02-09,89.54634857177734
2012-02-10,90.15066528320312
2012-02-13,90.19869232177734
2012-02-14,90.4596939086914
2012-02-15,90.5008544921875
2012-02-16,90.00642395019531
2012-02-17,89.85531616210938
2012-02-21,89.3333969116211
2012-02-22,89.95834350585938
2012-02-23,90.08883666992188
2012-02-24,90.26742553710938
2012-02-27,90.78242492675781
2012-02-28,90.7275619506836
2012-02-29,90.27423858642578
2012-03-01,89.6976089477539
2012-03-02,90.206787109375
2012-03-05,89.92469024658203
2012-03-06,90.4889907836914
2012-03-07,90.24813079833984
2012-03-08,89.80083465576172
2012-03-09,89.6700439453125
2012-03-12,89.70449829101562
2012-03-13,88.75489044189453
2012-03-14,87.3304672241211
2012-03-15,87.2547836303711
2012-03-16,87.30978393554688
2012-03-19,86.77303314208984
2012-03-20,86.80745697021484
2012-03-21,87.4061279296875
2012-03-22,87.65387725830078
2012-03-23,88.05986785888672
2012-03-26,87.90851593017578
2012-03-27,88.3144760131836
2012-03-28,88.30757904052734
2012-03-29,88.71358489990234
2012-03-30,87.91539001464844
2012-04-02,88.2174301147461
2012-04-03,87.41050720214844
2012-04-04,87.90706634521484
2012-04-05,88.44499969482422
2012-04-09,89.7070083618164
2012-04-10,90.34142303466797
2012-04-11,89.89322662353516
2012-04-12,89.65185546875
2012-04-13,90.4449234008789
2012-04-16,90.40350341796875
2012-04-17,90.2931900024414
2012-04-18,90.46562194824219
2012-04-19,90.6724853515625
2012-04-20,90.64488983154297
2012-04-23,91.017333984375
2012-04-24,90.7208023071289
2012-04-25,90.45178985595703
2012-04-26,90.8586654663086
2012-04-27,91.00353240966797
2012-04-30,91.05179595947266
2012-05-01,90.81060791015625
2012-05-02,91.13540649414062
2012-05-03,91.13540649414062
2012-05-04,91.61215209960938
2012-05-07,91.62603759765625
2012-05-08,91.93695068359375
2012-05-09,92.0268325805664
2012-05-10,91.96459197998047
2012-05-11,92.39985656738281
2012-05-14,93.07713317871094
2012-05-15,93.3051528930664
2012-05-16,93.49166870117188
2012-05-17,94.29325866699219
2012-05-18,94.16887664794922
2012-05-21,93.90630340576172
2012-05-22,93.54006958007812
2012-05-23,94.07903289794922
2012-05-24,93.66444396972656
2012-05-25,93.8302993774414
2012-05-29,93.77503967285156
2012-05-30,95.0602798461914
2012-05-31,95.5301513671875
2012-06-01,96.89192199707031
2012-06-04,96.42118835449219
2012-06-05,95.83960723876953
2012-06-06,94.71796417236328
2012-06-07,94.89112091064453
2012-06-08,94.93955993652344
2012-06-11,95.31342315673828
2012-06-12,94.6280288696289
2012-06-13,95.21653747558594
2012-06-14,94.9811019897461
2012-06-15,95.41730499267578
2012-06-18,95.54188537597656
2012-06-19,94.99497985839844
2012-06-20,94.80804443359375
2012-06-21,95.21653747558594
2012-06-22,94.60030364990234
2012-06-25,95.26496124267578
2012-06-26,95.01575469970703
2012-06-27,95.13347625732422
2012-06-28,95.45885467529297
2012-06-29,94.59339904785156
2012-07-02,95.31055450439453
2012-07-03,94.8527603149414
2012-07-05,95.0955581665039
2012-07-06,95.60883331298828
2012-07-09,96.05960083007812
2012-07-10,96.17750549316406
2012-07-11,96.23995208740234
2012-07-12,96.63526153564453
2012-07-13,96.46192932128906
2012-07-16,96.73932647705078
2012-07-17,96.3856201171875
2012-07-18,96.3509292602539
2012-07-19,96.15677642822266
2012-07-20,96.84335327148438
2012-07-23,97.0583724975586
2012-07-24,97.4744644165039
2012-07-25,97.46754455566406
2012-07-26,97.08609771728516
2012-07-27,96.03882598876953
2012-07-30,96.3856201171875
2012-07-31,96.62141418457031
2012-08-01,96.21915435791016
2012-08-02,96.54570007324219
2012-08-03,95.67720031738281
2012-08-06,95.74674987792969
2012-08-07,95.05884552001953
2012-08-08,94.81568908691406
2012-08-09,94.73930358886719
2012-08-10,95.07975006103516
2012-08-13,95.04496765136719
2012-08-14,94.31549072265625
2012-08-15,93.55818176269531
2012-08-16,93.21073913574219
2012-08-17,93.41919708251953
2012-08-20,93.5025863647461
2012-08-21,93.61376953125
2012-08-22,94.57951354980469
2012-08-23,94.85739135742188
2012-08-24,94.83657836914062
2012-08-27,95.15620422363281
2012-08-28,95.3159408569336
2012-08-29,95.09356689453125
2012-08-30,95.44798278808594
2012-08-31,96.12187957763672
2012-09-04,96.01471710205078
2012-09-05,95.74329376220703
2012-09-06,94.93598175048828
2012-09-07,94.81771087646484
2012-09-10,94.90819549560547
2012-09-11,94.58804321289062
2012-09-12,93.97563934326172
2012-09-13,93.92003631591797
2012-09-14,92.54217529296875
2012-09-17,92.92488098144531
2012-09-18,93.24496459960938
2012-09-19,93.52333068847656
2012-09-20,93.6277084350586
2012-09-21,93.82947540283203
2012-09-24,94.14964294433594
2012-09-25,94.69944763183594
2012-09-26,95.39535522460938
2012-09-27,95.09611511230469
2012-09-28,95.15876770019531
2012-10-01,95.33300018310547
2012-10-02,95.31208038330078
2012-10-03,95.3399429321289
2012-10-04,94.77531433105469
2012-10-05,94.0921859741211
2012-10-08,94.48955535888672
2012-10-09,94.35015106201172
2012-10-10,94.74048614501953
2012-10-11,94.99842834472656
2012-10-12,95.10294342041016
2012-10-15,95.01238250732422
2012-10-16,94.37104797363281
2012-10-17,93.60424041748047
2012-10-18,93.36021423339844
2012-10-19,93.9597396850586
2012-10-22,93.60424041748047
2012-10-23,94.2245864868164
2012-10-24,93.90398406982422
2012-10-25,93.55541229248047
2012-10-26,94.3292007446289
2012-10-31,94.85200500488281
2012-11-01,94.45464324951172
2012-11-02,94.44770050048828
2012-11-05,94.76140594482422
2012-11-06,94.2245864868164
2012-11-07,95.2354507446289
2012-11-08,96.00918579101562
2012-11-09,96.1207275390625
2012-11-12,96.26016998291016
2012-11-13,96.32982635498047
2012-11-14,96.43439483642578
2012-11-15,96.44136047363281
2012-11-16,96.32982635498047
2012-11-19,96.05799865722656
2012-11-20,95.5002670288086
2012-11-21,95.34689331054688
2012-11-23,95.29818725585938
2012-11-26,95.54914855957031
2012-11-27,95.80006408691406
2012-11-28,95.91161346435547
2012-11-29,95.99520111083984
2012-11-30,95.95340728759766
2012-12-03,95.91852569580078
2012-12-04,96.1419448852539
2012-12-05,96.1838150024414
2012-12-06,96.26061248779297
2012-12-07,95.76492309570312
2012-12-10,95.91151428222656
2012-12-11,95.56942749023438
2012-12-12,94.9619369506836
2012-12-13,94.87821197509766
2012-12-14,95.17843627929688
2012-12-17,94.4173812866211
2012-12-18,93.85183715820312
2012-12-19,94.0263442993164
2012-12-20,94.0682373046875
2012-12-21,94.54302215576172
2012-12-24,94.5011978149414
2012-12-26,94.67387390136719
2012-12-27,94.89078521728516
2012-12-28,95.26139068603516
2012-12-31,94.32421112060547
2013-01-02,93.68775177001953
2013-01-03,93.05128479003906
2013-01-04,93.12118530273438
2013-01-07,93.13518524169922
2013-01-08,93.449951171875
2013-01-09,93.47786712646484
2013-01-10,93.18409729003906
2013-01-11,93.56185150146484
2013-01-14,93.54785919189453
2013-01-15,93.79960632324219
2013-01-16,93.9604721069336
2013-01-17,93.428955078125
2013-01-18,93.77165222167969
2013-01-22,93.89063262939453
2013-01-23,93.9045639038086
2013-01-24,93.72969818115234
2013-01-25,92.89742279052734
2013-01-28,92.6385726928711
2013-01-29,92.37279510498047
2013-01-30,92.33782958984375
2013-01-31,92.44273376464844
2013-02-01,91.8724594116211
2013-02-04,92.53099060058594
2013-02-05,92.15968322753906
2013-02-06,92.53804016113281
2013-02-07,92.49600982666016
2013-02-08,92.6150894165039
2013-02-11,92.57305908203125
2013-02-12,92.41893005371094
2013-02-13,91.92851257324219
2013-02-14,92.46796417236328
2013-02-15,92.43297576904297
2013-02-19,92.18768310546875
2013-02-20,92.35588073730469
2013-02-21,92.65706634521484
2013-02-22,92.76224517822266
2013-02-25,93.83415985107422
2013-02-26,93.58897399902344
2013-02-27,93.44888305664062
2013-02-28,93.53292083740234
2013-03-01,93.89581298828125
2013-03-04,93.614990234375
2013-03-05,93.43257141113281
2013-03-06,92.91315460205078
2013-03-07,92.48493194580078
2013-03-08,91.88833618164062
2013-03-11,91.88129425048828
2013-03-12,92.21121215820312
2013-03-13,92.1550064086914
2013-03-14,92.0848388671875
2013-03-15,92.49898529052734
2013-03-18,92.9903335571289
2013-03-19,93.37641143798828
2013-03-20,92.91315460205078
2013-03-21,93.23607635498047
2013-03-22,93.31321716308594
2013-03-25,93.31321716308594
2013-03-26,93.43950653076172
2013-03-27,93.97300720214844
2013-03-28,93.88179016113281
2013-04-01,94.12577819824219
2013-04-02,93.949951171875
2013-04-03,94.4633560180664
2013-04-04,94.96259307861328
2013-04-05,95.86275482177734
2013-04-08,95.44783782958984
2013-04-09,95.34232330322266
2013-04-10,94.69535064697266
2013-04-11,94.84306335449219
2013-04-12,95.64470672607422
2013-04-15,96.03863525390625
2013-04-16,95.64470672607422
2013-04-17,95.98936462402344
2013-04-18,96.15103912353516
2013-04-19,96.0174331665039
2013-04-22,96.03863525390625
2013-04-23,95.91899871826172
2013-04-24,96.0596923828125
2013-04-25,95.87680053710938
2013-04-26,96.42535400390625
2013-04-29,96.23545837402344
2013-04-30,96.20732879638672
2013-05-01,96.75037384033203
2013-05-02,96.73624420166016
2013-05-03,95.36983489990234
2013-05-06,95.1585922241211
2013-05-07,94.96833801269531
2013-05-08,95.10216522216797
2013-05-09,95.10216522216797
2013-05-10,94.3062744140625
2013-05-13,94.00335693359375
2013-05-14,93.45398712158203
2013-05-15,93.74980163574219
2013-05-16,94.36259460449219
2013-05-17,93.70053100585938
2013-05-20,93.51737213134766
2013-05-21,93.93295288085938
2013-05-22,92.89048767089844
2013-05-23,93.15110778808594
2013-05-24,93.28491973876953
2013-05-28,91.72832489013672
2013-05-29,92.23545837402344
2013-05-30,92.32703399658203
2013-05-31,92.03118133544922
2013-06-03,92.16526794433594
2013-06-04,91.84774017333984
2013-06-05,92.45455932617188
2013-06-06,92.52508544921875
2013-06-07,91.650146484375
2013-06-10,91.31849670410156
2013-06-11,91.74889373779297
2013-06-12,91.05034637451172
2013-06-13,92.01709747314453
2013-06-14,92.14407348632812
2013-06-17,91.60074615478516
2013-06-18,91.65717315673828
2013-06-19,90.60572052001953
2013-06-20,89.73782348632812
2013-06-21,88.65111541748047
2013-06-24,88.5381851196289
2013-06-25,88.2630386352539
2013-06-26,88.74987030029297
2013-06-27,89.33557891845703
2013-06-28,89.30036926269531
2013-07-01,89.37248229980469
2013-07-02,89.37248229980469
2013-07-03,89.25930786132812
2013-07-05,87.25847625732422
2013-07-08,87.9231185913086
2013-07-09,88.00794982910156
2013-07-10,87.55541229248047
2013-07-11,88.43917846679688
2013-07-12,88.4815902709961
2013-07-15,88.74320983886719
2013-07-16,88.8917007446289
2013-07-17,89.12498474121094
2013-07-18,88.601806640625
2013-07-19,89.29467010498047
2013-07-22,89.25225067138672
2013-07-23,89.07548522949219
2013-07-24,88.41796875
2013-07-25,88.53111267089844
2013-07-26,88.76441955566406
2013-07-29,88.38971710205078
2013-07-30,88.30485534667969
2013-07-31,88.46749114990234
2013-08-01,87.34744262695312
2013-08-02,88.16922760009766
2013-08-05,87.85044860839844
2013-08-06,87.87879180908203
2013-08-07,88.3534164428711
2013-08-08,88.516357421875
2013-08-09,88.6580581665039
2013-08-12,88.38884735107422
2013-08-13,87.51746368408203
2013-08-14,87.54585266113281
2013-08-15,86.99319458007812
2013-08-16,86.67449188232422
2013-08-19,86.2210693359375
2013-08-20,86.74527740478516
2013-08-21,86.2069091796875
2013-08-22,86.34860229492188
2013-08-23,86.9861831665039
2013-08-26,87.21995544433594
2013-08-27,87.84333038330078
2013-08-28,87.41828918457031
2013-08-29,87.70874786376953
2013-08-30,87.6095962524414
2013-09-03,86.7861557006836
2013-09-04,86.57316589355469
2013-09-05,85.80656433105469
2013-09-06,86.22537231445312
2013-09-09,86.34603881835938
2013-09-10,85.91303253173828
2013-09-11,86.4028549194336
2013-09-12,86.47382354736328
2013-09-13,86.73644256591797
2013-09-16,86.63707733154297
2013-09-17,86.93524169921875
2013-09-18,88.15618896484375
2013-09-19,87.5811767578125
2013-09-20,87.75157165527344
2013-09-23,88.0781021118164
2013-09-24,88.6530990600586
2013-09-25,88.97248840332031
2013-09-26,88.61758422851562
2013-09-27,88.85177612304688
2013-09-30,88.86603546142578
2013-10-01,88.67825317382812
2013-10-02,88.89159393310547
2013-10-03,88.8702621459961
2013-10-04,88.62138366699219
2013-10-07,88.81341552734375
2013-10-08,88.8062973022461
2013-10-09,88.57868194580078
2013-10-10,88.35108184814453
2013-10-11,88.45068359375
2013-10-14,87.94574737548828
2013-10-15,87.99549102783203
2013-10-16,88.5929183959961
2013-10-17,89.20455932617188
2013-10-18,89.3752212524414
2013-10-21,89.09782409667969
2013-10-22,89.7948226928711
2013-10-23,90.11486053466797
2013-10-24,89.90150451660156
2013-10-25,90.02950286865234
2013-10-28,89.92286682128906
2013-10-29,90.05085754394531
2013-10-30,89.80194091796875
2013-10-31,89.76640319824219
2013-11-01,89.16636657714844
2013-11-04,89.20915985107422
2013-11-05,88.58206176757812
2013-11-06,88.78870391845703
2013-11-07,89.17353057861328
2013-11-08,87.82669830322266
2013-11-11,87.71268463134766
2013-11-12,87.7839584350586
2013-11-13,88.03331756591797
2013-11-14,88.51080322265625
2013-11-15,88.55357360839844
2013-11-18,88.90985870361328
2013-11-19,88.46089172363281
2013-11-20,87.6128921508789
2013-11-21,87.60578918457031
2013-11-22,88.03331756591797
2013-11-25,88.17588806152344
2013-11-26,88.3896713256836
2013-11-27,88.197265625
2013-11-29,88.1402587890625
2013-12-02,87.68319702148438
2013-12-03,87.84741973876953
2013-12-04,87.32615661621094
2013-12-05,87.20472717285156
2013-12-06,87.28323364257812
2013-12-09,87.43323516845703
2013-12-10,87.86885833740234
2013-12-11,87.44751739501953
2013-12-12,87.21188354492188
2013-12-13,87.46895599365234
2013-12-16,87.38322448730469
2013-12-17,87.68319702148438
2013-12-18,87.29042053222656
2013-12-19,87.12615203857422
2013-12-20,87.81889343261719
2013-12-23,87.29752349853516
2013-12-24,86.89765167236328
2013-12-26,86.78030395507812
2013-12-27,86.59422302246094
2013-12-30,87.00211334228516
2013-12-31,86.5226821899414
2014-01-02,86.8518295288086
2014-01-03,86.75165557861328
2014-01-06,87.04502868652344
2014-01-07,87.30259704589844
2014-01-08,86.8947525024414
2014-01-09,87.31693267822266
2014-01-10,88.06824493408203
2014-01-13,88.33296966552734
2014-01-14,88.03960418701172
2014-01-15,87.96807098388672
2014-01-16,88.32584381103516
2014-01-17,88.5977554321289
2014-01-21,88.55481719970703
2014-01-22,88.39021301269531
2014-01-23,89.01991271972656
2014-01-24,89.49219512939453
2014-01-27,89.12723541259766
2014-01-28,89.24171447753906
2014-01-29,89.8427734375
2014-01-30,89.66390228271484
2014-01-31,90.05741882324219
2014-02-03,90.7672119140625
2014-02-04,90.29399108886719
2014-02-05,89.84237670898438
2014-02-06,89.61296081542969
2014-02-07,89.72767639160156
2014-02-10,89.77788543701172
2014-02-11,89.44806671142578
2014-02-12,89.12547302246094
2014-02-13,89.61296081542969
2014-02-14,89.4910659790039
2014-02-18,89.71332550048828
2014-02-19,89.56996154785156
2014-02-20,89.36921691894531
2014-02-21,89.64160919189453
2014-02-24,89.5412368774414
2014-02-25,89.99291229248047
2014-02-26,90.33702087402344
2014-02-27,90.58075714111328
2014-02-28,90.53772735595703
2014-03-03,91.03828430175781
2014-03-04,90.13346862792969
2014-03-05,90.25552368164062
2014-03-06,89.78870391845703
2014-03-07,89.32191467285156
2014-03-10,89.46556091308594
2014-03-11,89.57331848144531
2014-03-12,90.01136016845703
2014-03-13,90.76544952392578
2014-03-14,90.81568908691406
2014-03-17,90.39916229248047
2014-03-18,90.58588409423828
2014-03-19,89.91798400878906
2014-03-20,89.84623718261719
2014-03-21,90.32734680175781
2014-03-24,90.5643539428711
2014-03-25,90.39916229248047
2014-03-26,90.84443664550781
2014-03-27,91.11731719970703
2014-03-28,90.71513366699219
2014-03-31,90.57149505615234
2014-04-01,90.22187805175781
2014-04-02,89.83334350585938
2014-04-03,89.98442077636719
2014-04-04,90.44487762451172
2014-04-07,90.81180572509766
2014-04-08,90.9341049194336
2014-04-09,90.73269653320312
2014-04-10,91.25068664550781
2014-04-11,91.54569244384766
2014-04-14,91.40899658203125
2014-04-15,91.63204193115234
2014-04-16,91.5528793334961
2014-04-17,91.08518981933594
2014-04-21,90.94850158691406
2014-04-22,91.05643463134766
2014-04-23,91.35857391357422
2014-04-24,91.40899658203125
2014-04-25,91.56007385253906
2014-04-28,91.27947235107422
2014-04-29,91.3226089477539
2014-04-30,91.5960464477539
2014-05-01,92.03211975097656
2014-05-02,92.32041931152344
2014-05-05,92.10420227050781
2014-05-06,92.35648345947266
2014-05-07,92.24839782714844
2014-05-08,92.32041931152344
2014-05-09,92.19791412353516
2014-05-12,91.93122100830078
2014-05-13,92.33488464355469
2014-05-14,92.92591857910156
2014-05-15,93.31513977050781
2014-05-16,93.14215087890625
2014-05-19,92.84659576416016
2014-05-20,93.13497161865234
2014-05-21,92.8033676147461
2014-05-22,92.74574279785156
2014-05-23,93.0484848022461
2014-05-27,93.20698547363281
2014-05-28,93.96390533447266
2014-05-29,93.66831970214844
2014-05-30,93.5890884399414
2014-06-02,93.11241149902344
2014-06-03,92.54911804199219
2014-06-04,92.3180160522461
2014-06-05,92.49130249023438
2014-06-06,92.47687530517578
2014-06-09,92.34691619873047
2014-06-10,92.10856628417969
2014-06-11,92.20966339111328
2014-06-12,92.6285400390625
2014-06-13,92.6285400390625
2014-06-16,92.67186737060547
2014-06-17,92.13743591308594
2014-06-18,92.59245300292969
2014-06-19,92.20242309570312
2014-06-20,92.4046630859375
2014-06-23,92.31077575683594
2014-06-24,92.84525299072266
2014-06-25,92.96795654296875
2014-06-26,93.33628845214844
2014-06-27,93.22077941894531
2014-06-30,93.32183837890625
2014-07-01,92.9180908203125
2014-07-02,92.34648895263672
2014-07-03,92.11495208740234
2014-07-07,92.55633544921875
2014-07-08,93.1062240600586
2014-07-09,93.0989990234375
2014-07-10,93.2581787109375
2014-07-11,93.52584838867188
2014-07-14,93.27267456054688
2014-07-15,93.20753479003906
2014-07-16,93.4245376586914
2014-07-17,94.11919403076172
2014-07-18,93.89488220214844
2014-07-21,94.09024047851562
2014-07-22,94.21330261230469
2014-07-23,94.15535736083984
2014-07-24,93.7646484375
2014-07-25,94.24946594238281
2014-07-28,94.09751892089844
2014-07-29,94.32904815673828
2014-07-30,93.49693298339844
2014-07-31,93.38116455078125
2014-08-01,93.96479797363281
2014-08-04,93.97933959960938
2014-08-05,94.09528350830078
2014-08-06,94.20406341552734
2014-08-07,94.71155548095703
2014-08-08,94.67530822753906
2014-08-11,94.70426940917969
2014-08-12,94.3998031616211
2014-08-13,94.78399658203125
2014-08-14,95.1030044555664
2014-08-15,95.66848754882812
2014-08-18,95.17555236816406
2014-08-19,95.04499816894531
2014-08-20,94.80580139160156
2014-08-21,95.1030044555664
2014-08-22,95.26979064941406
2014-08-25,95.38574981689453
2014-08-26,95.29874420166016
2014-08-27,95.69747924804688
2014-08-28,95.9150619506836
2014-08-29,95.8714828491211
2014-09-02,95.0732650756836
2014-09-03,95.3129653930664
2014-09-04,94.79733276367188
2014-09-05,94.70291137695312
2014-09-08,94.6157455444336
2014-09-09,94.52127075195312
2014-09-10,94.15817260742188
2014-09-11,93.9620361328125
2014-09-12,93.38824462890625
2014-09-15,93.57709503173828
2014-09-16,93.45361328125
2014-09-17,93.21395874023438
2014-09-18,93.28656768798828
2014-09-19,93.8167953491211
2014-09-22,93.99109649658203
2014-09-23,94.28889465332031
2014-09-24,93.99109649658203
2014-09-25,94.53582000732422
2014-09-26,94.41241455078125
2014-09-29,94.76826477050781
2014-09-30,94.62300109863281
2014-10-01,95.70789337158203
2014-10-02,95.25675964355469
2014-10-03,95.35136413574219
2014-10-06,95.47505187988281
2014-10-07,96.15906524658203
2014-10-08,96.12266540527344
2014-10-09,96.19541931152344
2014-10-10,96.66842651367188
2014-10-13,97.3087387084961
2014-10-14,97.48334503173828
2014-10-15,97.97095489501953
2014-10-16,97.73809051513672
2014-10-17,97.49794006347656
2014-10-20,97.59979248046875
2014-10-21,97.2359619140625
2014-10-22,97.25780487060547
2014-10-23,96.74113464355469
2014-10-24,96.7994384765625
2014-10-27,96.92308044433594
2014-10-28,96.62470245361328
2014-10-29,96.48653411865234
2014-10-30,96.55923461914062
2014-10-31,96.32644653320312
2014-11-03,96.28634643554688
2014-11-04,96.38111877441406
2014-11-05,96.38836669921875
2014-11-06,96.03849029541016
2014-11-07,96.687255859375
2014-11-10,96.22803497314453
2014-11-11,96.25714111328125
2014-11-12,96.26446533203125
2014-11-13,96.38836669921875
2014-11-14,96.687255859375
2014-11-17,96.51960754394531
2014-11-18,96.687255859375
2014-11-19,96.38111877441406
2014-11-20,96.57792663574219
2014-11-21,96.90592193603516
2014-11-24,97.00066375732422
2014-11-25,97.40160369873047
2014-11-26,97.66402435302734
2014-11-28,97.49637603759766
2014-12-01,97.87608337402344
2014-12-02,97.1750717163086
2014-12-03,97.31375885009766
2014-12-04,97.8104019165039
2014-12-05,97.41604614257812
2014-12-08,97.86150360107422
2014-12-09,98.32156372070312
2014-12-10,98.8838882446289
2014-12-11,98.84004974365234
2014-12-12,99.68716430664062
2014-12-15,99.4972152709961
2014-12-16,100.13990783691406
2014-12-17,99.40965270996094
2014-12-18,98.62825775146484
2014-12-19,99.1102294921875
2014-12-22,99.19056701660156
2014-12-23,97.95645141601562
2014-12-24,98.26954650878906
2014-12-26,98.40119171142578
2014-12-29,98.81819915771484
2014-12-30,98.96451568603516
2014-12-31,98.88406372070312
2015-01-02,99.68144989013672
2015-01-05,100.56663513183594
2015-01-06,101.49571990966797
2015-01-07,101.39325714111328
2015-01-08,100.65440368652344
2015-01-09,101.18110656738281
2015-01-12,101.56153869628906
2015-01-13,101.59808349609375
2015-01-14,102.13214111328125
2015-01-15,103.07584381103516
2015-01-16,102.26380157470703
2015-01-20,102.73196411132812
2015-01-21,102.08828735351562
2015-01-22,101.83953094482422
2015-01-23,102.6661605834961
2015-01-26,102.33692932128906
2015-01-27,102.4979248046875
2015-01-28,103.25138092041016
2015-01-29,102.78319549560547
2015-01-30,103.77815246582031
2015-02-02,103.33844757080078
2015-02-03,102.5177230834961
2015-02-04,102.81088256835938
2015-02-05,102.2685775756836
2015-02-06,101.46246337890625
2015-02-09,101.20604705810547
2015-02-10,100.86890411376953
2015-02-11,100.82498168945312
2015-02-12,100.77372741699219
2015-02-13,100.2900161743164
2015-02-17,99.3520736694336
2015-02-18,99.72576141357422
2015-02-19,99.44001007080078
2015-02-20,99.3520736694336
2015-02-23,99.9236831665039
2015-02-24,100.707763671875
2015-02-25,100.92759704589844
2015-02-26,100.56114196777344
2015-02-27,100.7883071899414
2015-03-02,99.91561126708984
2015-03-03,99.72480773925781
2015-03-04,99.84225463867188
2015-03-05,99.7982177734375
2015-03-06,98.55778503417969
2015-03-09,99.07154846191406
2015-03-10,99.66608428955078
2015-03-11,100.01838684082031
2015-03-12,99.87893676757812
2015-03-13,99.87893676757812
2015-03-16,100.2825927734375
2015-03-17,100.59823608398438
2015-03-18,101.8019027709961
2015-03-19,101.33214569091797
2015-03-20,101.88269805908203
2015-03-23,101.8019027709961
2015-03-24,102.4111328125
2015-03-25,101.89736938476562
2015-03-26,101.05327606201172
2015-03-27,101.69916534423828
2015-03-30,101.5376968383789
2015-03-31,101.70651245117188
2015-04-01,102.51532745361328
2015-04-02,101.99331665039062
2015-04-06,101.9271011352539
2015-04-07,102.19922637939453
2015-04-08,102.19922637939453
2015-04-09,101.61829376220703
2015-04-10,101.64039611816406
2015-04-13,101.69918823242188
2015-04-14,102.09625244140625
2015-04-15,102.16973876953125
2015-04-16,102.008056640625
2015-04-17,102.48590087890625
2015-04-20,102.0521469116211
2015-04-21,101.8755874633789
2015-04-22,101.08893585205078
2015-04-23,101.50064086914062
2015-04-24,101.84625244140625
2015-04-27,101.84625244140625
2015-04-28,101.12567901611328
2015-04-29,100.51551818847656
2015-04-30,100.58897399902344
2015-05-01,99.85175323486328
2015-05-04,99.49077606201172
2015-05-05,99.40243530273438
2015-05-06,98.62169647216797
2015-05-07,99.27721405029297
2015-05-08,99.61598205566406
2015-05-11,98.40809631347656
2015-05-12,98.46699523925781
2015-05-13,98.19450378417969
2015-05-14,98.55543518066406
2015-05-15,99.54236602783203
2015-05-18,98.65853118896484
2015-05-19,98.19450378417969
2015-05-20,98.41543579101562
2015-05-21,99.13726806640625
2015-05-22,99.0341567993164
2015-05-26,99.74125671386719
2015-05-27,99.94742584228516
2015-05-28,99.8074951171875
2015-05-29,100.07263946533203
2015-06-01,99.45652770996094
2015-06-02,98.65230560302734
2015-06-03,97.58972930908203
2015-06-04,98.2759780883789
2015-06-05,97.52336883544922
2015-06-08,97.72254943847656
2015-06-09,97.3831558227539
2015-06-10,96.94042205810547
2015-06-11,97.93650817871094
2015-06-12,97.91439819335938
2015-06-15,98.09889221191406
2015-06-16,98.57845306396484
2015-06-17,98.42353820800781
2015-06-18,98.28335571289062
2015-06-19,98.99907684326172
2015-06-22,97.95126342773438
2015-06-23,97.61924743652344
2015-06-24,97.99560546875
2015-06-25,97.62666320800781
2015-06-26,97.03636932373047
2015-06-29,98.4309310913086
2015-06-30,98.07670593261719
2015-07-01,97.44397735595703
2015-07-02,97.72491455078125
2015-07-06,98.7597885131836
2015-07-07,99.30677032470703
2015-07-08,99.6986312866211
2015-07-09,98.82632446289062
2015-07-10,97.8209457397461
2015-07-13,97.62872314453125
2015-07-14,97.79142761230469
2015-07-15,98.4271240234375
2015-07-16,98.6562728881836
2015-07-17,98.77458190917969
2015-07-20,98.6636962890625
2015-07-21,99.03331756591797
2015-07-22,99.2920150756836
2015-07-23,99.90557098388672
2015-07-24,99.9942398071289
2015-07-27,100.32691192626953
2015-07-28,99.89820098876953
2015-07-29,99.63945770263672
2015-07-30,99.86121368408203
2015-07-31,100.52650451660156
2015-08-03,100.98047637939453
2015-08-04,100.32141876220703
2015-08-05,99.8770751953125
2015-08-06,100.4769058227539
2015-08-07,100.93606567382812
2015-08-10,100.34359741210938
2015-08-11,101.17300415039062
2015-08-12,101.01748657226562
2015-08-13,100.75833892822266
2015-08-14,100.66943359375
2015-08-17,100.86196899414062
2015-08-18,100.53619384765625
2015-08-19,101.18781280517578
2015-08-20,101.56546783447266
2015-08-21,101.89876556396484
2015-08-24,101.88394927978516
2015-08-25,101.09894561767578
2015-08-26,100.07706451416016
2015-08-27,100.1880874633789
2015-08-28,100.22513580322266
2015-08-31,99.98814392089844
2015-09-01,100.48514556884766
2015-09-02,100.19583892822266
2015-09-03,100.44804382324219
2015-09-04,100.85606384277344
2015-09-08,100.15877532958984
2015-09-09,100.34423065185547
2015-09-10,100.04011535644531
2015-09-11,100.32197570800781
2015-09-14,100.42581176757812
2015-09-15,99.4095458984375
2015-09-16,99.32049560546875
2015-09-17,100.21808624267578
2015-09-18,100.90058898925781
2015-09-21,100.09942626953125
2015-09-22,100.8486099243164
2015-09-23,100.76703643798828
2015-09-24,101.07118225097656
2015-09-25,100.8486099243164
2015-09-28,101.64238739013672
2015-09-29,101.95391845703125
2015-09-30,101.8204345703125
2015-10-01,101.98088073730469
2015-10-02,102.54566955566406
2015-10-05,101.8322525024414
2015-10-06,102.08494567871094
2015-10-07,101.73567199707031
2015-10-08,101.39385223388672
2015-10-09,101.4607162475586
2015-10-12,101.87689208984375
2015-10-13,102.01805114746094
2015-10-14,102.65711212158203
2015-10-15,102.22611999511719
2015-10-16,102.23355102539062
2015-10-19,102.15180206298828
2015-10-20,101.66883087158203
2015-10-21,102.12215423583984
2015-10-22,102.14442443847656
2015-10-23,101.52761840820312
2015-10-26,101.83972930908203
2015-10-27,102.05519104003906
2015-10-28,101.58714294433594
2015-10-29,100.85885620117188
2015-10-30,101.02975463867188
2015-11-02,100.74761962890625
2015-11-03,100.42755889892578
2015-11-04,100.32332611083984
2015-11-05,100.15955352783203
2015-11-06,99.31835174560547
2015-11-09,99.12483978271484
2015-11-10,99.30348205566406
2015-11-11,99.3258056640625
2015-11-12,99.50447082519531
2015-11-13,99.85437774658203
2015-11-16,99.9288101196289
2015-11-17,99.99575805664062
2015-11-18,99.97344207763672
2015-11-19,100.271240234375
2015-11-20,100.1074447631836
2015-11-23,100.25626373291016
2015-11-24,100.37541961669922
2015-11-25,100.4200668334961
2015-11-27,100.48714447021484
2015-11-30,100.6285400390625
2015-12-01,101.2951889038086
2015-12-02,101.16842651367188
2015-12-03,99.78883361816406
2015-12-04,100.23627471923828
2015-12-07,100.69857788085938
2015-12-08,100.76573944091797
2015-12-09,100.86267852783203
2015-12-10,100.75830841064453
2015-12-11,101.75003051757812
2015-12-14,100.95964813232422
2015-12-15,100.4450912475586
2015-12-16,100.29595184326172
2015-12-17,100.87754821777344
2015-12-18,101.21317291259766
2015-12-21,101.28775024414062
2015-12-22,100.79557037353516
2015-12-23,100.46747589111328
2015-12-24,100.81781768798828
2015-12-28,100.84019470214844
2015-12-29,100.13795471191406
2015-12-30,100.13795471191406
2015-12-31,100.26493835449219
2016-01-04,100.75809478759766
2016-01-05,100.62357330322266
2016-01-06,101.46783447265625
2016-01-07,101.71434020996094
2016-01-08,101.98326873779297
2016-01-11,101.47529602050781
2016-01-12,102.16252136230469
2016-01-13,102.58091735839844
2016-01-14,102.19255065917969
2016-01-15,102.95449829101562
2016-01-19,102.73782348632812
2016-01-20,103.3205337524414
2016-01-21,103.0665512084961
2016-01-22,102.75273132324219
2016-01-25,103.08148956298828
2016-01-26,103.22341918945312
2016-01-27,103.14871215820312
2016-01-28,103.36540985107422
2016-01-29,103.97796630859375
2016-02-01,103.80659484863281
2016-02-02,104.76436614990234
2016-02-03,104.45015716552734
2016-02-04,104.75691223144531
2016-02-05,104.80187225341797
2016-02-08,105.9616470336914
2016-02-09,105.88677978515625
2016-02-10,106.358154296875
2016-02-11,106.92684936523438
2016-02-12,106.16362762451172
2016-02-16,105.55008697509766
2016-02-17,105.15353393554688
2016-02-18,105.75212097167969
2016-02-19,105.80451202392578
2016-02-22,105.75212097167969
2016-02-23,105.96906280517578
2016-02-24,105.84188079833984
2016-02-25,106.23098754882812
2016-02-26,105.66233825683594
2016-02-29,105.90929412841797
2016-03-01,104.86241912841797
2016-03-02,104.86241912841797
2016-03-03,105.01976776123047
2016-03-04,104.55516815185547
2016-03-07,104.41281127929688
2016-03-08,105.3045654296875
2016-03-09,104.7275161743164
2016-03-10,104.4352798461914
2016-03-11,103.8882827758789
2016-03-14,104.00064086914062
2016-03-15,104.01565551757812
2016-03-16,104.5477294921875
2016-03-17,104.7724838256836
2016-03-18,104.97479248046875
2016-03-21,104.46527862548828
2016-03-22,104.32286834716797
2016-03-23,105.01228332519531
2016-03-24,104.83989715576172
2016-03-28,105.06476593017578
2016-03-29,105.99391174316406
2016-03-30,105.34949493408203
2016-03-31,106.04633331298828
2016-04-01,106.0973892211914
2016-04-04,106.15743255615234
2016-04-05,106.87037658691406
2016-04-06,106.38255310058594
2016-04-07,107.20814514160156
2016-04-08,106.8178939819336
2016-04-11,106.84790802001953
2016-04-12,106.36007690429688
2016-04-13,106.50263214111328
2016-04-14,106.15743255615234
2016-04-15,106.61522674560547
2016-04-18,106.37503051757812
2016-04-19,106.20995330810547
2016-04-20,105.48196411132812
2016-04-21,105.22686767578125
2016-04-22,105.11430358886719
2016-04-25,104.78398895263672
2016-04-26,104.45382690429688
2016-04-27,105.19682312011719
2016-04-28,105.61711883544922
2016-04-29,105.6470947265625
2016-05-02,105.14274597167969
2016-05-03,105.87185668945312
2016-05-04,106.21009826660156
2016-05-05,106.61608123779297
2016-05-06,106.25520324707031
2016-05-09,106.5408935546875
2016-05-10,106.45821380615234
2016-05-11,106.84908294677734
2016-05-12,106.49578094482422
2016-05-13,107.07463836669922
2016-05-16,106.51075744628906
2016-05-17,106.5408935546875
2016-05-18,105.45089721679688
2016-05-19,105.7215347290039
2016-05-20,105.7816390991211
2016-05-23,105.92450714111328
2016-05-24,105.57870483398438
2016-05-25,105.47344970703125
2016-05-26,105.9545669555664
2016-05-27,105.64632415771484
2016-05-31,105.9545669555664
2016-06-01,106.05020904541016
2016-06-02,106.56974792480469
2016-06-03,107.56365966796875
2016-06-06,107.21733093261719
2016-06-07,107.43563079833984
2016-06-08,107.6841812133789
2016-06-09,107.97779083251953
2016-06-10,108.36939239501953
2016-06-13,108.75341033935547
2016-06-14,108.6781005859375
2016-06-15,108.97172546386719
2016-06-16,109.28050231933594
2016-06-17,108.81361389160156
2016-06-20,108.12088012695312
2016-06-21,107.92516326904297
2016-06-22,108.12088012695312
2016-06-23,107.41307830810547
2016-06-24,109.25785064697266
2016-06-27,110.6659164428711
2016-06-28,110.67347717285156
2016-06-29,110.17655944824219
2016-06-30,110.38741302490234
2016-07-01,111.16564178466797
2016-07-05,111.91219329833984
2016-07-06,111.87451934814453
2016-07-07,111.73873138427734
2016-07-08,112.03291320800781
2016-07-11,111.36927032470703
2016-07-12,110.44922637939453
2016-07-13,111.01475524902344
2016-07-14,110.29080200195312
2016-07-15,109.66490173339844
2016-07-18,109.52161407470703
2016-07-19,109.98924255371094
2016-07-20,109.6196517944336
2016-07-21,109.79316711425781
2016-07-22,109.84590148925781
2016-07-25,109.73274993896484
2016-07-26,109.83075714111328
2016-07-27,110.44922637939453
2016-07-28,110.53218078613281
2016-07-29,111.11283111572266
2016-08-01,110.53359985351562
2016-08-02,110.11061096191406
2016-08-03,110.14090728759766
2016-08-04,110.45048522949219
2016-08-05,109.66509246826172
2016-08-08,109.67259979248047
2016-08-09,110.26173400878906
2016-08-10,110.49580383300781
2016-08-11,109.90679168701172
2016-08-12,110.4580307006836
2016-08-15,109.85388946533203
2016-08-16,109.62731170654297
2016-08-17,109.83877563476562
2016-08-18,110.08799743652344
2016-08-19,109.6424560546875
2016-08-22,110.12576293945312
2016-08-23,110.1484603881836
2016-08-24,110.05027770996094
2016-08-25,109.7557373046875
2016-08-26,109.3403091430664
2016-08-29,109.92940521240234
2016-08-30,109.86148071289062
2016-08-31,109.86905670166016
2016-09-01,110.04367065429688
2016-09-02,109.53700256347656
2016-09-06,110.20248413085938
2016-09-07,110.30838012695312
2016-09-08,109.49159240722656
2016-09-09,108.65969848632812
2016-09-12,108.62950897216797
2016-09-13,108.08494567871094
2016-09-14,108.28917694091797
2016-09-15,108.18331146240234
2016-09-16,108.46312713623047
2016-09-19,108.22109985351562
2016-09-20,108.39505767822266
2016-09-21,108.76559448242188
2016-09-22,109.1058578491211
2016-09-23,109.1135025024414
2016-09-26,109.50677490234375
2016-09-27,109.92265319824219
2016-09-28,109.82440185546875
2016-09-29,109.9831771850586
2016-09-30,109.52184295654297
2016-10-03,109.25985717773438
2016-10-04,108.57075500488281
2016-10-05,108.21479034423828
2016-10-06,107.92705535888672
2016-10-07,108.03306579589844
2016-10-10,107.59386444091797
2016-10-11,107.58628845214844
2016-10-12,107.51814270019531
2016-10-13,107.91190338134766
2016-10-14,107.25313568115234
2016-10-17,107.56353759765625
2016-10-18,107.7983169555664
2016-10-19,107.89676666259766
2016-10-20,107.85133361816406
2016-10-21,107.95733642578125
2016-10-24,107.66966247558594
2016-10-25,107.7453842163086
2016-10-26,107.39697265625
2016-10-27,106.83653259277344
2016-10-28,106.77598571777344
2016-10-31,107.02588653564453
2016-11-01,107.05471801757812
2016-11-02,107.3656005859375
2016-11-03,107.15327453613281
2016-11-04,107.48690032958984
2016-11-07,107.00165557861328
2016-11-08,106.64517974853516
2016-11-09,104.30947875976562
2016-11-10,103.5891342163086
2016-11-11,103.36917114257812
2016-11-14,102.64872741699219
2016-11-15,102.8383560180664
2016-11-16,103.03547668457031
2016-11-17,102.3150634765625
2016-11-18,101.87523651123047
2016-11-21,102.09514617919922
2016-11-22,102.06482696533203
2016-11-23,101.73116302490234
2016-11-25,101.64777374267578
2016-11-28,102.17096710205078
2016-11-29,102.35298156738281
2016-11-30,101.41268157958984
2016-12-01,100.8453598022461
2016-12-02,101.39214324951172
2016-12-05,101.31624603271484
2016-12-06,101.41495513916016
2016-12-07,101.80227661132812
2016-12-08,101.19474029541016
2016-12-09,100.46565246582031
2016-12-12,100.54158782958984
2016-12-13,100.69345092773438
2016-12-14,99.74420928955078
2016-12-15,99.70621490478516
2016-12-16,99.68341064453125
2016-12-19,100.38213348388672
2016-12-20,100.09353637695312
2016-12-21,100.24539184570312
2016-12-22,100.16704559326172
2016-12-23,100.30403137207031
2016-12-27,100.0909652709961
2016-12-28,100.65390014648438
2016-12-29,100.86688995361328
2016-12-30,101.1102294921875
2017-01-03,101.23957824707031
2017-01-04,101.46015167236328
2017-01-05,102.30440521240234
2017-01-06,101.71878814697266
2017-01-09,102.22074890136719
2017-01-10,102.22074890136719
2017-01-11,102.31201934814453
2017-01-12,102.37295532226562
2017-01-13,102.07624816894531
2017-01-17,102.71517944335938
2017-01-18,101.82522583007812
2017-01-19,101.39922332763672
2017-01-20,101.36125946044922
2017-01-23,101.96976470947266
2017-01-24,101.48294830322266
2017-01-25,100.8515853881836
2017-01-26,101.02662658691406
2017-01-27,101.2471694946289
2017-01-30,101.1330795288086
2017-01-31,101.57423400878906
2017-02-01,101.4211654663086
2017-02-02,101.34490966796875
2017-02-03,101.36017608642578
2017-02-06,102.00008392333984
2017-02-07,102.22093200683594
2017-02-08,102.84565734863281
2017-02-09,102.1905288696289
2017-02-10,102.10671997070312
2017-02-13,101.84767150878906
2017-02-14,101.4211654663086
2017-02-15,101.21540069580078
2017-02-16,101.61912536621094
2017-02-17,101.96958923339844
2017-02-21,101.96194458007812
2017-02-22,102.03052520751953
2017-02-23,102.35808563232422
2017-02-24,102.99034881591797
2017-02-27,102.62466430664062
2017-02-28,102.68567657470703
2017-03-01,101.67951202392578
2017-03-02,101.42020416259766
2017-03-03,101.46593475341797
2017-03-06,101.3743667602539
2017-03-07,101.2142105102539
2017-03-08,100.68030548095703
2017-03-09,100.22259521484375
2017-03-10,100.45143127441406
2017-03-13,100.11578369140625
2017-03-14,100.24547576904297
2017-03-15,101.18368530273438
2017-03-16,100.86336517333984
2017-03-17,101.30574035644531
2017-03-20,101.62615203857422
2017-03-21,102.08380889892578
2017-03-22,102.38890838623047
2017-03-23,102.28216552734375
2017-03-24,102.42705535888672
2017-03-27,102.71691131591797
2017-03-28,102.35079193115234
2017-03-29,102.70929718017578
2017-03-30,102.30501556396484
2017-03-31,102.5262222290039
2017-04-03,103.14421844482422
2017-04-04,102.96851348876953
2017-04-05,103.24357604980469
2017-04-06,103.12897491455078
2017-04-07,102.8004379272461
2017-04-10,103.0906982421875
2017-04-11,103.67897033691406
2017-04-12,104.0379867553711
2017-04-13,104.25955963134766
2017-04-17,104.16789245605469
2017-04-18,104.94707489013672
2017-04-19,104.54981994628906
2017-04-20,104.34356689453125
2017-04-21,104.38938903808594
2017-04-24,103.99211120605469
2017-04-25,103.27406311035156
2017-04-26,103.65608978271484
2017-04-27,103.70954895019531
2017-04-28,103.85468292236328
2017-05-01,103.49203491210938
2017-05-02,103.81336975097656
2017-05-03,103.5226058959961
2017-05-04,103.20126342773438
2017-05-05,103.1629867553711
2017-05-08,102.88761138916016
2017-05-09,102.71168518066406
2017-05-10,102.6580810546875
2017-05-11,102.6580810546875
2017-05-12,103.25484466552734
2017-05-15,103.1629867553711
2017-05-16,103.30075073242188
2017-05-17,104.41777038574219
2017-05-18,104.37953186035156
2017-05-19,104.4560317993164
2017-05-22,104.28008270263672
2017-05-23,103.9280776977539
2017-05-24,104.24182891845703
2017-05-25,104.31829071044922
2017-05-26,104.33361053466797
2017-05-30,104.75440216064453
2017-05-31,104.83092498779297
2017-06-01,104.73591613769531
2017-06-02,105.50211334228516
2017-06-05,105.1573257446289
2017-06-06,105.59404754638672
2017-06-07,105.3565444946289
2017-06-08,105.18799591064453
2017-06-09,105.07300567626953
2017-06-12,105.0500259399414
2017-06-13,105.00403594970703
2017-06-14,105.87759399414062
2017-06-15,105.7396469116211
2017-06-16,105.83158874511719
2017-06-19,105.52509307861328
2017-06-20,105.9848403930664
2017-06-21,106.03083038330078
2017-06-22,106.13811492919922
2017-06-23,106.13811492919922
2017-06-26,106.25300598144531
2017-06-27,105.52509307861328
2017-06-28,105.2799301147461
2017-06-29,104.7972183227539
2017-06-30,104.51365661621094
2017-07-03,104.11080169677734
2017-07-05,104.26429748535156
2017-07-06,103.85755157470703
2017-07-07,103.63504028320312
2017-07-10,103.7117919921875
2017-07-11,103.84989929199219
2017-07-12,104.26429748535156
2017-07-13,104.01872253417969
2017-07-14,104.18757629394531
2017-07-17,104.36402893066406
2017-07-18,104.86282348632812
2017-07-19,104.8475112915039
2017-07-20,104.90892028808594
2017-07-21,105.2465591430664
2017-07-24,105.07005310058594
2017-07-25,104.24893951416016
2017-07-26,104.55592346191406
2017-07-27,104.27197265625
2017-07-28,104.60191345214844
2017-07-31,104.61734008789062
2017-08-01,105.0023193359375
2017-08-02,104.9638900756836
2017-08-03,105.5864486694336
2017-08-04,105.04072570800781
2017-08-07,105.12530517578125
2017-08-08,104.98699188232422
2017-08-09,105.31744384765625
2017-08-10,105.74019622802734
2017-08-11,105.8323745727539
2017-08-14,105.49422454833984
2017-08-15,105.17912292480469
2017-08-16,105.41739654541016
2017-08-17,105.89386749267578
2017-08-18,105.90160369873047
2017-08-21,106.0399169921875
2017-08-22,105.74019622802734
2017-08-23,106.27050018310547
2017-08-24,105.99382019042969
2017-08-25,106.255126953125
2017-08-28,106.35502624511719
2017-08-29,106.64705657958984
2017-08-30,106.56253814697266
2017-08-31,106.80848693847656
2017-09-01,106.37821960449219
2017-09-05,107.40962982177734
2017-09-06,106.85541534423828
2017-09-07,107.6790771484375
2017-09-08,107.58668518066406
2017-09-11,106.75541687011719
2017-09-12,106.37821960449219
2017-09-13,106.12418365478516
2017-09-14,106.247314453125
2017-09-15,106.20882415771484
2017-09-18,105.87786865234375
2017-09-19,105.71619415283203
2017-09-20,105.57768249511719
2017-09-21,105.49300384521484
2017-09-22,105.73159790039062
2017-09-25,106.20882415771484
2017-09-26,106.0856704711914
2017-09-27,105.21589660644531
2017-09-28,105.1003646850586
2017-09-29,105.01576232910156
2017-10-02,104.96796417236328
2017-10-03,105.10669708251953
2017-10-04,105.09131622314453
2017-10-05,104.87540435791016
2017-10-06,104.65961456298828
2017-10-09,104.87540435791016
2017-10-10,104.97565460205078
2017-10-11,105.00647735595703
2017-10-12,105.34565734863281
2017-10-13,105.80827331542969
2017-10-16,105.64632415771484
2017-10-17,105.62322998046875
2017-10-18,105.23777770996094
2017-10-19,105.37657165527344
2017-10-20,104.76748657226562
2017-10-23,104.87540435791016
2017-10-24,104.45142364501953
2017-10-25,104.19705200195312
2017-10-26,104.00432586669922
2017-10-27,104.32805633544922
2017-10-30,104.92940521240234
2017-10-31,104.92170715332031
2017-11-01,105.05987548828125
2017-11-02,105.37651062011719
2017-11-03,105.56177520751953
2017-11-06,105.75489044189453
2017-11-07,105.87068939208984
2017-11-08,105.68538665771484
2017-11-09,105.5154800415039
2017-11-10,104.73556518554688
2017-11-13,104.7896957397461
2017-11-14,105.06761932373047
2017-11-15,105.65447998046875
2017-11-16,105.17570495605469
2017-11-17,105.45367431640625
2017-11-20,105.32245635986328
2017-11-21,105.36875915527344
2017-11-22,105.7008056640625
2017-11-24,105.55404663085938
2017-11-27,105.57728576660156
2017-11-28,105.61587524414062
2017-11-29,105.10623168945312
2017-11-30,104.7664794921875
2017-12-01,105.50273895263672
2017-12-04,105.40995788574219
2017-12-05,105.69606018066406
2017-12-06,105.93585968017578
2017-12-07,105.55687713623047
2017-12-08,105.44090270996094
2017-12-11,105.37897491455078
2017-12-12,105.23204040527344
2017-12-13,105.75791931152344
2017-12-14,105.85078430175781
2017-12-15,105.95125579833984
2017-12-18,105.50273895263672
2017-12-19,104.7293472290039
2017-12-20,104.20347595214844
2017-12-21,104.4258041381836
2017-12-22,104.5342788696289
2017-12-26,104.66598510742188
2017-12-27,105.3942642211914
2017-12-28,105.26254272460938
2017-12-29,105.37094116210938
2018-01-02,104.89069366455078
2018-01-03,105.0843505859375
2018-01-04,105.06884002685547
2018-01-05,104.88290405273438
2018-01-08,104.80545806884766
2018-01-09,103.9919662475586
2018-01-10,103.9145278930664
2018-01-11,104.08496856689453
2018-01-12,104.1081771850586
2018-01-16,104.286376953125
2018-01-17,104.06941223144531
2018-01-18,103.50391387939453
2018-01-19,103.14750671386719
2018-01-22,103.1552734375
2018-01-23,103.52716064453125
2018-01-24,103.19401550292969
2018-01-25,103.58917236328125
2018-01-26,103.24826049804688
2018-01-29,102.86088562011719
2018-01-30,102.49675750732422
2018-01-31,102.62847900390625
2018-02-01,101.8292236328125
2018-02-02,101.32482147216797
2018-02-05,102.19391632080078
2018-02-06,101.6507339477539
2018-02-07,101.06876373291016
2018-02-08,101.06876373291016
2018-02-09,100.75840759277344
2018-02-12,100.99114227294922
2018-02-13,101.17738342285156
2018-02-14,100.42475128173828
2018-02-15,100.59544372558594
2018-02-16,100.90582275390625
2018-02-20,100.69629669189453
2018-02-21,100.06781005859375
2018-02-22,100.30056762695312
2018-02-23,100.84375762939453
2018-02-26,100.90582275390625
2018-02-27,100.6497573852539
2018-02-28,101.0221939086914
2018-03-01,101.51959991455078
2018-03-02,100.97557067871094
2018-03-05,100.81237030029297
2018-03-06,100.87456512451172
2018-03-07,100.84346771240234
2018-03-08,101.20872497558594
2018-03-09,100.84346771240234
2018-03-12,101.1854019165039
2018-03-13,101.48849487304688
2018-03-14,101.87708282470703
2018-03-15,101.86153411865234
2018-03-16,101.62059783935547
2018-03-19,101.48849487304688
2018-03-20,101.1854019165039
2018-03-21,101.25534057617188
2018-03-22,101.87708282470703
2018-03-23,101.8848648071289
2018-03-26,101.62059783935547
2018-03-27,102.37446594238281
2018-03-28,102.4444351196289
2018-03-29,102.80187225341797
2018-04-02,102.89527893066406
2018-04-03,102.40489196777344
2018-04-04,102.32710266113281
2018-04-05,101.88336944580078
2018-04-06,102.55278015136719
2018-04-09,102.5450439453125
2018-04-10,102.4593734741211
2018-04-11,102.5995101928711
2018-04-12,102.12467956542969
2018-04-13,102.21810913085938
2018-04-16,102.19476318359375
2018-04-17,102.35819244384766
2018-04-18,101.7900390625
2018-04-19,101.307373046875
2018-04-20,100.8170166015625
2018-04-23,100.77809143066406
2018-04-24,100.5445327758789
2018-04-25,100.16316223144531
2018-04-26,100.5912857055664
2018-04-27,100.94154357910156
2018-04-30,101.15166473388672
2018-05-01,100.8718032836914
2018-05-02,100.8718032836914
2018-05-03,101.1836929321289
2018-05-04,101.21488952636719
2018-05-07,101.14469909667969
2018-05-08,100.99654388427734
2018-05-09,100.59886169433594
2018-05-10,100.97319030761719
2018-05-11,100.97319030761719
2018-05-14,100.69242858886719
2018-05-15,99.90483093261719
2018-05-16,99.63973236083984
2018-05-17,99.46817779541016
2018-05-18,99.97500610351562
2018-05-21,100.0530014038086
2018-05-22,99.99842834472656
2018-05-23,100.55204772949219
2018-05-24,100.94979095458984
2018-05-25,101.44879150390625
2018-05-29,102.92257690429688
2018-05-30,102.41571044921875
2018-05-31,102.36116027832031
2018-06-01,101.91968536376953
2018-06-04,101.41188049316406
2018-06-05,101.69312286376953
2018-06-06,101.146240234375
2018-06-07,101.7165756225586
2018-06-08,101.47440338134766
2018-06-11,101.37279510498047
2018-06-12,101.31029510498047
2018-06-13,101.24777221679688
2018-06-14,101.74784088134766
2018-06-15,101.81815338134766
2018-06-18,101.84158325195312
2018-06-19,102.20877075195312
2018-06-20,101.69312286376953
2018-06-21,102.06816864013672
2018-06-22,102.09161376953125
2018-06-25,102.2634506225586
2018-06-26,102.29473114013672
2018-06-27,102.84162902832031
2018-06-28,102.76346588134766
2018-06-29,102.63848114013672
2018-07-02,102.50469207763672
2018-07-03,102.91171264648438
2018-07-05,102.98211669921875
2018-07-06,103.1778335571289
2018-07-09,102.762939453125
2018-07-10,102.72382354736328
2018-07-11,102.91171264648438
2018-07-12,102.91171264648438
2018-07-13,103.12305450439453
2018-07-16,102.83340454101562
2018-07-17,102.73950958251953
2018-07-18,102.58293151855469
2018-07-19,102.97432708740234
2018-07-20,102.36377716064453
2018-07-23,101.61227416992188
2018-07-24,101.75318908691406
2018-07-25,101.56529235839844
2018-07-26,101.45569610595703
2018-07-27,101.6279296875
2018-07-30,101.4244613647461
2018-07-31,101.72974395751953
2018-08-01,101.27239990234375
2018-08-02,101.4135971069336
2018-08-03,101.73518371582031
2018-08-06,101.81361389160156
2018-08-07,101.52338409423828
2018-08-08,101.57050323486328
2018-08-09,102.04109191894531
2018-08-10,102.60578155517578
2018-08-13,102.55870819091797
2018-08-14,102.40969848632812
2018-08-15,102.78619384765625
2018-08-16,102.7234115600586
2018-08-17,102.76264190673828
2018-08-20,103.24896240234375
2018-08-21,103.05282592773438
2018-08-22,103.33519744873047
2018-08-23,103.37444305419922
2018-08-24,103.44502258300781
2018-08-27,103.09992980957031
2018-08-28,102.73915100097656
2018-08-29,102.76264190673828
2018-08-30,102.95092010498047
2018-08-31,102.93522644042969
2018-09-04,102.5399169921875
2018-09-05,102.44559478759766
2018-09-06,102.72067260742188
2018-09-07,102.1076889038086
2018-09-10,102.19412994384766
2018-09-11,101.75403594970703
2018-09-12,101.88764190673828
2018-09-13,101.91910552978516
2018-09-14,101.6518783569336
2018-09-17,101.69901275634766
2018-09-18,100.99961853027344
2018-09-19,100.73242950439453
2018-09-20,100.88172149658203
2018-09-21,100.93675994873047
2018-09-24,100.77960968017578
2018-09-25,100.66167449951172
2018-09-26,101.07820129394531
2018-09-27,101.14103698730469
2018-09-28,101.03894805908203
2018-10-01,100.614501953125
2018-10-02,101.0633316040039
2018-10-03,99.92160034179688
2018-10-04,99.58297729492188
2018-10-05,99.118408203125
2018-10-08,99.07904815673828
2018-10-09,99.37037658691406
2018-10-10,99.45703125
2018-10-11,100.08695220947266
2018-10-12,99.89007568359375
2018-10-15,99.89007568359375
2018-10-16,99.97673034667969
2018-10-17,99.60661315917969
2018-10-18,99.7247314453125
2018-10-19,99.60661315917969
2018-10-22,99.56722259521484
2018-10-23,99.81920623779297
2018-10-24,100.48851776123047
2018-10-25,100.15782165527344
2018-10-26,100.65390014648438
2018-10-29,100.59877014160156
2018-10-30,100.29166412353516
2018-10-31,99.94519805908203
2018-11-01,100.0477523803711
2018-11-02,99.28239440917969
2018-11-05,99.47965240478516
2018-11-06,99.31396484375
2018-11-07,99.32181549072266
2018-11-08,99.20347595214844
2018-11-09,99.72425842285156
2018-11-12,100.17404174804688
2018-11-13,100.19770050048828
2018-11-14,100.37918853759766
2018-11-15,100.40289306640625
2018-11-16,100.82109832763672
2018-11-19,100.99468994140625
2018-11-20,101.0420150756836
2018-11-21,101.01836395263672
2018-11-23,101.10515594482422
2018-11-26,100.99468994140625
2018-11-27,101.09730529785156
2018-11-28,100.97103881835938
2018-11-29,101.3024673461914
2018-11-30,101.60225677490234
2018-12-03,101.9501953125
2018-12-04,102.8910903930664
2018-12-06,103.25484466552734
2018-12-07,103.4999008178711
2018-12-10,103.6896743774414
2018-12-11,103.4999008178711
2018-12-12,103.09666442871094
2018-12-13,103.00173950195312
2018-12-14,103.20738220214844
2018-12-17,103.61061096191406
2018-12-18,103.93064880371094
2018-12-19,104.76240539550781
2018-12-20,104.46932220458984
2018-12-21,104.52474975585938
2018-12-24,104.905029296875
2018-12-26,104.3030014038086
2018-12-27,104.52474975585938
2018-12-28,105.3010482788086
2018-12-31,105.76052856445312
2019-01-02,106.04564666748047
2019-01-03,107.02798461914062
2019-01-04,105.89515686035156
2019-01-07,105.53868103027344
2019-01-08,105.24557495117188
2019-01-09,105.2535171508789
2019-01-10,104.96834564208984
2019-01-11,105.41194152832031
2019-01-14,105.2535171508789
2019-01-15,105.10302734375
2019-01-16,105.11885833740234
2019-01-17,104.99211120605469
2019-01-18,104.58018493652344
2019-01-22,105.0475845336914
2019-01-23,104.99211120605469
2019-01-24,105.39615631103516
2019-01-25,105.06346893310547
2019-01-28,105.00005340576172
2019-01-29,105.39615631103516
2019-01-30,105.54663848876953
2019-01-31,106.22786712646484
2019-02-01,105.61512756347656
2019-02-04,105.24198150634766
2019-02-05,105.52777099609375
2019-02-06,105.59123229980469
2019-02-07,106.05955505371094
2019-02-08,106.3373794555664
2019-02-11,106.05168151855469
2019-02-12,105.86115264892578
2019-02-13,105.57538604736328
2019-02-14,106.14690399169922
2019-02-15,106.16281127929688
2019-02-19,106.39295196533203
2019-02-20,106.2659912109375
2019-02-21,105.76588439941406
2019-02-22,106.07550048828125
2019-02-25,106.00403594970703
2019-02-26,106.40093994140625
2019-02-27,105.70236206054688
2019-02-28,105.37694549560547
2019-03-01,104.86712646484375
2019-03-04,105.39997863769531
2019-03-05,105.51134490966797
2019-03-06,105.83740997314453
2019-03-07,106.3783187866211
2019-03-08,106.61688995361328
2019-03-11,106.45780944824219
2019-03-12,106.91912078857422
2019-03-13,106.81575775146484
2019-03-14,106.40217590332031
2019-03-15,106.87938690185547
2019-03-18,106.7520751953125
2019-03-19,106.56121063232422
2019-03-20,107.46790313720703
2019-03-21,107.50767517089844
2019-03-22,108.6768798828125
2019-03-25,108.90748596191406
2019-03-26,108.8438949584961
2019-03-27,109.4483413696289
2019-03-28,109.66307067871094
2019-03-29,109.4721908569336
2019-04-01,108.35083770751953
2019-04-02,108.55802917480469
2019-04-03,107.90449523925781
2019-04-04,108.1515884399414
2019-04-05,108.279052734375
2019-04-08,108.04798126220703
2019-04-09,108.29503631591797
2019-04-10,108.55802917480469
2019-04-11,108.19141387939453
2019-04-12,107.58572387695312
2019-04-15,107.73716735839844
2019-04-16,107.25891876220703
2019-04-17,107.17922973632812
2019-04-18,107.54586791992188
2019-04-22,107.23506164550781
2019-04-23,107.39443969726562
2019-04-24,108.01609802246094
2019-04-25,107.88858032226562
2019-04-26,108.20742797851562
2019-04-29,107.83277893066406
2019-04-30,108.1755142211914
2019-05-01,108.35040283203125
2019-05-02,107.89519500732422
2019-05-03,108.12677001953125
2019-05-06,108.43826293945312
2019-05-07,108.95736694335938
2019-05-08,108.68585968017578
2019-05-09,109.07711791992188
2019-05-10,108.90946197509766
2019-05-13,109.64418029785156
2019-05-14,109.44452667236328
2019-05-15,109.91570281982422
2019-05-16,109.6601791381836
2019-05-17,109.78791809082031
2019-05-20,109.5483627319336
2019-05-21,109.38864135742188
2019-05-22,109.85184478759766
2019-05-23,110.76223754882812
2019-05-24,110.81814575195312
2019-05-28,111.4490737915039
2019-05-29,111.59282684326172
2019-05-30,112.23970794677734
2019-05-31,113.18209075927734
2019-06-03,113.80307006835938
2019-06-04,113.09089660644531
2019-06-05,112.8828125
2019-06-06,112.97087097167969
2019-06-07,113.69905853271484
2019-06-10,112.87483978271484
2019-06-11,112.96286010742188
2019-06-12,113.13087463378906
2019-06-13,113.4749755859375
2019-06-14,113.6350326538086
2019-06-17,113.69905853271484
2019-06-18,114.05118560791016
2019-06-19,114.29122924804688
2019-06-20,114.58739471435547
2019-06-21,113.88311767578125
2019-06-24,114.39532470703125
2019-06-25,114.76341247558594
2019-06-26,114.10723114013672
2019-06-27,114.58739471435547
2019-06-28,114.53130340576172
2019-07-01,114.37657928466797
2019-07-02,114.98590850830078
2019-07-03,115.38689422607422
2019-07-05,114.35252380371094
2019-07-08,114.36045837402344
2019-07-09,114.28034210205078
2019-07-10,114.05581665039062
2019-07-11,113.10162353515625
2019-07-12,113.2379150390625
2019-07-15,113.71107482910156
2019-07-16,113.36624145507812
2019-07-17,114.1921615600586
2019-07-18,114.38461303710938
2019-07-19,114.20018768310547
2019-07-22,114.2723617553711
2019-07-23,113.92752075195312
2019-07-24,114.2643051147461
2019-07-25,113.89543914794922
2019-07-26,114.0076904296875
2019-07-29,114.1199951171875
2019-07-30,114.2643051147461
2019-07-31,114.8817367553711
2019-08-01,116.50464630126953
2019-08-02,117.0911865234375
2019-08-05,118.54536437988281
2019-08-06,119.09976196289062
2019-08-07,119.08367919921875
2019-08-08,119.18000793457031
2019-08-09,118.93097686767578
2019-08-12,120.38516235351562
2019-08-13,120.03168487548828
2019-08-14,121.48583984375
2019-08-15,122.43389129638672
2019-08-16,121.87158203125
2019-08-19,120.9797592163086
2019-08-20,121.77513885498047
2019-08-21,121.32525634765625
2019-08-22,120.84313201904297
2019-08-23,122.01615142822266
2019-08-26,121.76714324951172
2019-08-27,122.86780548095703
2019-08-28,122.87580871582031
2019-08-29,122.61872100830078
2019-08-30,122.52229309082031
2019-09-03,122.67121124267578
2019-09-04,122.93678283691406
2019-09-05,121.39144134521484
2019-09-06,121.88245391845703
2019-09-09,120.5141372680664
2019-09-10,119.06538391113281
2019-09-11,118.92855834960938
2019-09-12,118.48591613769531
2019-09-13,116.69908142089844
2019-09-16,117.62466430664062
2019-09-17,118.1236572265625
2019-09-18,118.4134521484375
2019-09-19,118.59856414794922
2019-09-20,119.6046142578125
2019-09-23,119.64481353759766
2019-09-24,120.77166748046875
2019-09-25,119.4597396850586
2019-09-26,119.9426498413086
2019-09-27,120.1680679321289
2019-09-30,120.31289672851562
2019-10-01,120.67573547363281
2019-10-02,120.98210144042969
2019-10-03,121.8690414428711
2019-10-04,122.33673858642578
2019-10-07,121.77229309082031
2019-10-08,122.06251525878906
2019-10-09,121.5143051147461
2019-10-10,120.24839782714844
2019-10-11,119.07123565673828
2019-10-14,119.5630874633789
2019-10-15,118.58753967285156
2019-10-16,118.86161804199219
2019-10-17,118.71649169921875
2019-10-18,118.79715728759766
2019-10-21,118.11982727050781
2019-10-22,118.59556579589844
2019-10-23,118.69233703613281
2019-10-24,118.53915405273438
2019-10-25,118.18436431884766
2019-10-28,117.42646026611328
2019-10-29,117.5312728881836
2019-10-30,118.59556579589844
2019-10-31,119.72434997558594
2019-11-01,119.40047454833984
2019-11-04,118.34236145019531
2019-11-05,117.38127899169922
2019-11-06,117.9062728881836
2019-11-07,116.37162017822266
2019-11-08,116.0242919921875
2019-11-11,116.20203399658203
2019-11-12,116.46856689453125
2019-11-13,116.90473937988281
2019-11-14,117.71237182617188
2019-11-15,117.58317565917969
2019-11-18,117.88204956054688
2019-11-19,118.39083862304688
2019-11-20,119.17436218261719
2019-11-21,118.73818969726562
2019-11-22,118.77850341796875
2019-11-25,118.9723892211914
2019-11-26,119.3358383178711
2019-11-27,118.98046112060547
2019-11-29,118.81085968017578
2019-12-02,117.76631164550781
2019-12-03,119.57054901123047
2019-12-04,118.7776870727539
2019-12-05,118.39743041992188
2019-12-06,117.89580535888672
2019-12-09,118.11429595947266
2019-12-10,118.03334045410156
2019-12-11,118.74533081054688
2019-12-12,117.26473999023438
2019-12-13,118.35698699951172
2019-12-16,117.48318481445312
2019-12-17,117.47508239746094
2019-12-18,116.771240234375
2019-12-19,116.88556671142578
2019-12-20,116.95854187011719
2019-12-23,116.79635620117188
2019-12-24,117.07206726074219
2019-12-26,117.30722045898438
2019-12-27,117.42070770263672
2019-12-30,117.16124725341797
2019-12-31,116.44766235351562
2020-01-02,117.33146667480469
2020-01-03,118.6451187133789
2020-01-06,118.34513092041016
2020-01-07,118.0044937133789
2020-01-08,117.45315551757812
2020-01-09,117.67208862304688
2020-01-10,118.31268310546875
2020-01-13,118.0288314819336
2020-01-14,118.5073013305664
2020-01-15,119.0262222290039
2020-01-16,118.66946411132812
2020-01-17,118.12619018554688
2020-01-21,119.00194549560547
2020-01-22,119.27759552001953
2020-01-23,119.86141204833984
2020-01-24,120.58311462402344
2020-01-27,121.82376861572266
2020-01-28,121.13447570800781
2020-01-29,122.05079650878906
2020-01-30,122.1885986328125
2020-01-31,123.1373062133789
2020-02-03,123.08695983886719
2020-02-04,121.87673950195312
2020-02-05,121.0483169555664
2020-02-06,121.3406753540039
2020-02-07,122.20166015625
2020-02-10,122.47783660888672
2020-02-11,122.07170104980469
2020-02-12,121.62496185302734
2020-02-13,121.81989288330078
2020-02-14,122.15290832519531
2020-02-18,122.71330261230469
2020-02-19,122.71330261230469
2020-02-20,123.41175079345703
2020-02-21,124.16719055175781
2020-02-24,125.54786682128906
2020-02-25,126.14892578125
2020-02-26,125.90522766113281
2020-02-27,126.92859649658203
2020-02-28,129.04022216796875
2020-03-02,128.44325256347656
2020-03-03,130.48472595214844
2020-03-04,129.74459838867188
2020-03-05,131.81866455078125
2020-03-06,135.7308349609375
2020-03-09,139.48851013183594
2020-03-10,134.58401489257812
2020-03-11,132.70523071289062
2020-03-12,132.19281005859375
2020-03-13,129.89920043945312
2020-03-16,136.55233764648438
2020-03-17,129.5249786376953
2020-03-18,122.99388885498047
2020-03-19,126.88986206054688
2020-03-20,132.1764678955078
2020-03-23,136.51979064941406
2020-03-24,134.51077270507812
2020-03-25,134.66537475585938
2020-03-26,134.4620361328125
2020-03-27,136.9183349609375
2020-03-30,136.14566040039062
2020-03-31,136.32455444335938
2020-04-01,137.79217529296875
2020-04-02,138.0771484375
2020-04-03,137.88987731933594
2020-04-06,136.98590087890625
2020-04-07,136.21218872070312
2020-04-08,135.10450744628906
2020-04-09,135.3815460205078
2020-04-13,134.76251220703125
2020-04-14,134.9009552001953
2020-04-15,137.0673370361328
2020-04-16,137.87359619140625
2020-04-17,136.76600646972656
2020-04-20,137.66993713378906
2020-04-21,138.58212280273438
2020-04-22,137.5803680419922
2020-04-23,138.093505859375
2020-04-24,138.45179748535156
2020-04-27,136.82301330566406
2020-04-28,138.22381591796875
2020-04-29,137.96319580078125
2020-04-30,136.95335388183594
2020-05-01,137.51185607910156
2020-05-04,137.23458862304688
2020-05-05,137.14492797851562
2020-05-06,135.9136962890625
2020-05-07,137.56883239746094
2020-05-08,136.44371032714844
2020-05-11,135.57122802734375
2020-05-12,136.43556213378906
2020-05-13,136.9818572998047
2020-05-14,137.75653076171875
2020-05-15,137.3976593017578
2020-05-18,135.51422119140625
2020-05-19,135.99526977539062
2020-05-20,136.22357177734375
2020-05-21,136.52525329589844
2020-05-22,136.94924926757812
2020-05-26,135.92999267578125
2020-05-27,135.95448303222656
2020-05-28,135.63656616210938
2020-05-29,136.36216735839844
2020-06-01,135.8316192626953
2020-06-02,135.50503540039062
2020-06-03,134.01123046875
2020-06-04,132.72962951660156
2020-06-05,131.856201171875
2020-06-08,132.0194854736328
2020-06-09,133.0970001220703
2020-06-10,134.63156127929688
2020-06-11,136.2396697998047
2020-06-12,135.4560546875
2020-06-15,135.46421813964844
2020-06-16,134.2561798095703
2020-06-17,134.6234130859375
2020-06-18,135.5377197265625
2020-06-19,135.66017150878906
2020-06-22,135.60302734375
2020-06-23,135.1377410888672
2020-06-24,136.1009063720703
2020-06-25,136.2642059326172
2020-06-26,137.21926879882812
2020-06-29,137.0886688232422
2020-06-30,136.60707092285156
2020-07-01,136.3945770263672
2020-07-02,136.50083923339844
2020-07-06,136.10850524902344
2020-07-07,137.35060119628906
2020-07-08,136.9747772216797
2020-07-09,138.3721160888672
2020-07-10,137.84092712402344
2020-07-13,138.1351318359375
2020-07-14,138.20054626464844
2020-07-15,137.8246612548828
2020-07-16,138.24139404296875
2020-07-17,138.01254272460938
2020-07-20,138.2740936279297
2020-07-21,138.48660278320312
2020-07-22,138.62548828125
2020-07-23,139.4998779296875
2020-07-24,139.4835205078125
2020-07-27,138.97679138183594
2020-07-28,139.77767944335938
2020-07-29,139.76138305664062
2020-07-30,140.40692138671875
2020-07-31,140.43148803710938
2020-08-03,140.00115966796875
2020-08-04,140.96636962890625
2020-08-05,140.02569580078125
2020-08-06,140.4755859375
2020-08-07,139.78030395507812
2020-08-10,139.4367218017578
2020-08-11,138.3323974609375
2020-08-12,137.33448791503906
2020-08-13,136.35284423828125
2020-08-14,136.1238555908203
2020-08-17,136.59010314941406
2020-08-18,137.13812255859375
2020-08-19,136.58189392089844
2020-08-20,137.47349548339844
2020-08-21,137.90708923339844
2020-08-24,137.6044158935547
2020-08-25,136.88453674316406
2020-08-26,136.50013732910156
2020-08-27,134.92129516601562
2020-08-28,134.86407470703125
2020-08-31,135.29769897460938
2020-09-01,136.46038818359375
2020-09-02,137.3775177001953
2020-09-03,137.6559295654297
2020-09-04,135.7644500732422
2020-09-08,136.32119750976562
2020-09-09,136.03460693359375
2020-09-10,136.42762756347656
2020-09-11,136.78793334960938
2020-09-14,136.72244262695312
2020-09-15,136.6077880859375
2020-09-16,136.403076171875
2020-09-17,136.59144592285156
2020-09-18,136.21481323242188
2020-09-21,136.689697265625
2020-09-22,136.689697265625
2020-09-23,136.85348510742188
2020-09-24,137.2301483154297
2020-09-25,137.32017517089844
2020-09-28,137.13189697265625
2020-09-29,137.2301483154297
2020-09-30,136.3294219970703
2020-10-01,136.5089111328125
2020-10-02,136.0990447998047
2020-10-05,134.12371826171875
2020-10-06,134.69747924804688
2020-10-07,133.85336303710938
2020-10-08,134.4434356689453
2020-10-09,134.3368377685547
2020-10-12,134.68112182617188
2020-10-13,135.37782287597656
2020-10-14,135.57447814941406
2020-10-15,135.43511962890625
2020-10-16,135.1565399169922
2020-10-19,134.82044982910156
2020-10-20,133.8696746826172
2020-10-21,133.54177856445312
2020-10-22,132.43533325195312
2020-10-23,132.99269104003906
2020-10-26,133.9352569580078
2020-10-27,134.54995727539062
2020-10-28,134.64013671875
2020-10-29,133.51724243164062
2020-10-30,132.50086975097656
2020-11-02,133.09979248046875
2020-11-03,132.45167541503906
2020-11-04,134.37957763671875
2020-11-05,134.9374542236328
2020-11-06,133.69862365722656
2020-11-09,131.51646423339844
2020-11-10,130.9093780517578
2020-11-11,131.27032470703125
2020-11-12,132.8947296142578
2020-11-13,132.70596313476562
2020-11-16,132.47630310058594
2020-11-17,133.23928833007812
2020-11-18,133.33763122558594
2020-11-19,133.9119415283203
2020-11-20,134.8061981201172
2020-11-23,134.27296447753906
2020-11-24,133.38693237304688
2020-11-25,133.25563049316406
2020-11-27,134.14166259765625
2020-11-30,133.9037628173828
2020-12-01,132.39810180664062
2020-12-02,131.53346252441406
2020-12-03,132.35653686523438
2020-12-04,130.84339904785156
2020-12-07,131.73301696777344
2020-12-08,132.2151641845703
2020-12-09,131.92431640625
2020-12-10,132.739013671875
2020-12-11,133.15467834472656
2020-12-14,132.8221435546875
2020-12-15,132.55609130859375
2020-12-16,132.2484588623047
2020-12-17,131.96470642089844
2020-12-18,131.59022521972656
2020-12-21,131.96470642089844
2020-12-22,132.48065185546875
2020-12-23,131.79002380371094
2020-12-24,132.05625915527344
2020-12-28,132.20603942871094
2020-12-29,132.11453247070312
2020-12-30,132.27261352539062
2020-12-31,132.4889373779297
2021-01-04,132.41409301757812
2021-01-05,131.6068878173828
2021-01-06,129.55987548828125
2021-01-07,128.6861572265625
2021-01-08,128.26182556152344
2021-01-11,127.99559783935547
2021-01-12,128.02883911132812
2021-01-13,128.91928100585938
2021-01-14,128.0538330078125
2021-01-15,128.52809143066406
2021-01-19,128.8193359375
2021-01-20,128.8443145751953
2021-01-21,128.2534942626953
2021-01-22,128.5113983154297
2021-01-25,129.4849853515625
2021-01-26,129.47669982910156
2021-01-27,129.80123901367188
2021-01-28,129.2270965576172
2021-01-29,128.5530242919922
2021-02-01,128.6413116455078
2021-02-02,128.04161071777344
2021-02-03,127.233642578125
2021-02-04,126.99208068847656
2021-02-05,126.13416290283203
2021-02-08,126.40902709960938
2021-02-09,126.4256820678711
2021-02-10,127.06707000732422
2021-02-11,126.6589126586914
2021-02-12,125.47613525390625
2021-02-16,123.79352569580078
2021-02-17,124.38494110107422
2021-02-18,124.26835632324219
2021-02-19,123.01893615722656
2021-02-22,122.15262603759766
2021-02-23,121.91941833496094
2021-02-24,121.2780532836914
2021-02-25,118.61263275146484
2021-02-26,121.79447937011719
2021-03-01,120.8973159790039
2021-03-02,120.99737548828125
2021-03-03,120.00516510009766
2021-03-04,119.17969512939453
2021-03-05,119.09632873535156
2021-03-08,118.37931060791016
2021-03-09,119.6049575805664
2021-03-10,119.72171020507812
2021-03-11,119.15471649169922
2021-03-12,117.0619125366211
2021-03-15,117.6206283569336
2021-03-16,117.43719482421875
2021-03-17,116.74510192871094
2021-03-18,115.81127166748047
2021-03-19,116.20317077636719
2021-03-22,117.19538879394531
2021-03-23,118.2709732055664
2021-03-24,118.78788757324219
2021-03-25,118.15422821044922
2021-03-26,117.6206283569336
2021-03-29,116.8534927368164
2021-03-30,117.1870346069336
2021-03-31,116.8618392944336
2021-04-01,118.22071838378906
2021-04-05,117.65316772460938
2021-04-06,118.29590606689453
2021-04-07,117.90361785888672
2021-04-08,118.56298828125
2021-04-09,118.4962158203125
2021-04-12,118.2541732788086
2021-04-13,118.91357421875
2021-04-14,118.61308288574219
2021-04-15,120.07386779785156
2021-04-16,119.58135986328125
2021-04-19,119.33099365234375
2021-04-20,119.85681915283203
2021-04-21,119.9820556640625
2021-04-22,120.33258819580078
2021-04-23,120.19071197509766
2021-04-26,120.2491683959961
2021-04-27,119.31427764892578
2021-04-28,119.44783020019531
2021-04-29,119.15564727783203
2021-04-30,119.10558319091797
2021-05-03,119.4256591796875
2021-05-04,119.83517456054688
2021-05-05,119.99392700195312
2021-05-06,120.26972961425781
2021-05-07,119.84345245361328
2021-05-10,119.15821838378906
2021-05-11,118.5648422241211
2021-05-12,117.48677062988281
2021-05-13,117.73750305175781
2021-05-14,118.4144287109375
2021-05-17,117.61213684082031
2021-05-18,117.96311950683594
2021-05-19,117.57869720458984
2021-05-20,118.38097381591797
2021-05-21,118.67350006103516
2021-05-24,118.99111938476562
2021-05-25,119.89363098144531
2021-05-26,119.75163269042969
2021-05-27,119.29195404052734
2021-05-28,119.17494201660156
2021-06-01,118.96987915039062
2021-06-02,119.17070770263672
2021-06-03,118.852783203125
2021-06-04,120.09964752197266
2021-06-07,119.90717315673828
2021-06-08,120.50969696044922
2021-06-09,121.25438690185547
2021-06-10,121.94061279296875
2021-06-11,121.71468353271484
2021-06-14,121.02014923095703
2021-06-15,120.9615478515625
2021-06-16,120.50969696044922
2021-06-17,121.88200378417969
2021-06-18,123.72301483154297
2021-06-21,122.3674087524414
2021-06-22,122.55986022949219
2021-06-23,122.31721496582031
2021-06-24,122.45109558105469
2021-06-25,121.5556869506836
2021-06-28,122.40923309326172
2021-06-29,122.5765609741211
2021-06-30,122.96986389160156
2021-07-01,122.96903228759766
2021-07-02,123.50525665283203
2021-07-06,124.81240844726562
2021-07-07,125.75090026855469
2021-07-08,126.27867889404297
2021-07-09,124.85427856445312
2021-07-12,124.72029876708984
2021-07-13,123.97452545166016
2021-07-14,125.10567474365234
2021-07-15,126.15299224853516
2021-07-16,125.99386596679688
2021-07-19,128.13880920410156
2021-07-20,127.37635803222656
2021-07-21,126.0608901977539
2021-07-22,126.9322738647461
2021-07-23,126.32899475097656
2021-07-26,126.06918334960938
2021-07-27,127.11663055419922
2021-07-28,127.15853118896484
2021-07-29,126.52166748046875
2021-07-30,127.06632995605469
2021-08-02,128.02784729003906
2021-08-03,128.13690185546875
2021-08-04,128.4808807373047
2021-08-05,127.82643127441406
2021-08-06,126.0645980834961
2021-08-09,125.75421905517578
2021-08-10,125.39344024658203
2021-08-11,125.31793212890625
2021-08-12,125.18370819091797
2021-08-13,126.59320831298828
2021-08-16,126.97911071777344
2021-08-17,127.06298828125
2021-08-18,127.1636734008789
2021-08-19,127.95231628417969
2021-08-20,127.96067810058594
2021-08-23,127.9187240600586
2021-08-24,127.19727325439453
2021-08-25,126.24079132080078
2021-08-26,126.34147644042969
2021-08-27,127.03778839111328
2021-08-30,127.4070053100586
2021-08-31,126.79448699951172
2021-09-01,126.99784088134766
2021-09-02,127.27510833740234
2021-09-03,126.4685287475586
2021-09-07,125.63689422607422
2021-09-08,126.39299011230469
2021-09-09,127.41787719726562
2021-09-10,126.61981964111328
2021-09-13,127.1323013305664
2021-09-14,128.21597290039062
2021-09-15,127.78751373291016
2021-09-16,127.28343963623047
2021-09-17,126.72061920166016
2021-09-20,127.87157440185547
2021-09-21,127.8378677368164
2021-09-22,128.4763946533203
2021-09-23,126.26696014404297
2021-09-24,125.3427963256836
2021-09-27,124.81356811523438
2021-09-28,123.36859893798828
2021-09-29,123.50296783447266
2021-09-30,123.5533676147461
2021-10-01,124.3180923461914
2021-10-04,124.11622619628906
2021-10-05,123.3001937866211
2021-10-06,123.65347290039062
2021-10-07,122.59356689453125
2021-10-08,122.01310729980469
2021-10-11,121.42424774169922
2021-10-12,123.3001937866211
2021-10-13,124.2087173461914
2021-10-14,124.50314331054688
2021-10-15,123.69558715820312
2021-10-18,123.89749908447266
2021-10-19,122.61040496826172
2021-10-20,122.09722900390625
2021-10-21,121.69342803955078
2021-10-22,122.79546356201172
2021-10-25,122.7197265625
2021-10-26,123.42636108398438
2021-10-27,125.17613220214844
2021-10-28,124.22557830810547
2021-10-29,124.35183715820312
2021-11-01,123.98784637451172
2021-11-02,124.45116424560547
2021-11-03,123.47396087646484
2021-11-04,124.6954574584961
2021-11-05,126.06858825683594
2021-11-08,125.7316665649414
2021-11-09,126.72565460205078
2021-11-10,124.98190307617188
2021-11-11,124.65330505371094
2021-11-12,124.58597564697266
2021-11-15,123.27177429199219
2021-11-16,123.05277252197266
2021-11-17,123.71824645996094
2021-11-18,124.15629577636719
2021-11-19,125.15037536621094
2021-11-22,123.84458923339844
2021-11-23,122.34513092041016
2021-11-24,123.63399505615234
2021-11-26,125.88328552246094
2021-11-29,125.4367904663086
2021-11-30,127.04584503173828
2021-12-01,127.2591552734375
2021-12-02,127.22554016113281
2021-12-03,128.33053588867188
2021-12-06,127.0989761352539
2021-12-07,126.53382110595703
2021-12-08,125.31059265136719
2021-12-09,125.77458953857422
2021-12-10,125.81672668457031
2021-12-13,127.05681610107422
2021-12-14,126.82059478759766
2021-12-15,126.15420532226562
2021-12-16,126.03929138183594
2021-12-17,127.01073455810547
2021-12-20,126.37720489501953
2021-12-21,126.01399993896484
2021-12-22,126.44474792480469
2021-12-23,125.72674560546875
2021-12-27,125.74362182617188
2021-12-28,125.4986343383789
2021-12-29,124.34126281738281
2021-12-30,125.09315490722656
2021-12-31,125.36347961425781
2022-01-03,123.06570434570312
2022-01-04,122.6010513305664
2022-01-05,122.13644409179688
2022-01-06,122.08583068847656
2022-01-07,121.25791931152344
2022-01-10,121.4353256225586
2022-01-11,121.9675064086914
2022-01-12,121.6802978515625
2022-01-13,122.33077239990234
2022-01-14,120.97913360595703
2022-01-18,119.52613067626953
2022-01-19,120.27801513671875
2022-01-20,120.74259185791016
2022-01-21,121.91688537597656
2022-01-24,121.24944305419922
2022-01-25,121.0973892211914
2022-01-26,119.89783477783203
2022-01-27,121.46070861816406
2022-01-28,121.62110900878906
2022-01-31,121.28327178955078
2022-02-01,120.92377471923828
2022-02-02,121.45662689208984
2022-02-03,120.68688201904297
2022-02-04,119.16435241699219
2022-02-07,119.34199523925781
2022-02-08,118.70762634277344
2022-02-09,118.90216827392578
2022-02-10,117.36270141601562
2022-02-11,118.96139526367188
2022-02-14,117.7602310180664
2022-02-15,116.8382797241211
2022-02-16,117.2188720703125
2022-02-17,118.06474304199219
2022-02-18,118.79222106933594
2022-02-22,118.92757415771484
2022-02-23,117.7602310180664
2022-02-24,117.54878234863281
2022-02-25,117.81102752685547
2022-02-28,120.12023162841797
2022-03-01,121.17142486572266
2022-03-02,118.1135025024414
2022-03-03,119.02833557128906
2022-03-04,120.83261108398438
2022-03-07,119.85845184326172
2022-03-08,118.94359588623047
2022-03-09,118.0711898803711
2022-03-10,116.84297180175781
2022-03-11,117.09710693359375
2022-03-14,114.79306030273438
2022-03-15,114.74225616455078
2022-03-16,115.13191223144531
2022-03-17,114.49659729003906
2022-03-18,115.41989135742188
2022-03-21,113.20907592773438
2022-03-22,112.22647094726562
2022-03-23,114.0307388305664
2022-03-24,113.31070709228516
2022-03-25,111.72672271728516
2022-03-28,112.2942886352539
2022-03-29,113.16671752929688
2022-03-30,113.8866958618164
2022-03-31,114.0222396850586
2022-04-01,114.13081359863281
2022-04-04,113.5794677734375
2022-04-05,111.56063842773438
2022-04-06,110.63605499267578
2022-04-07,109.83023071289062
2022-04-08,108.693603515625
2022-04-11,107.599365234375
2022-04-12,107.69268798828125
2022-04-13,107.76900482177734
2022-04-14,106.19129180908203
2022-04-18,105.71624755859375
2022-04-19,104.7917251586914
2022-04-20,106.8020248413086
2022-04-21,105.8265609741211
2022-04-22,105.52967071533203
2022-04-25,106.34396362304688
2022-04-26,107.38729858398438
2022-04-27,106.32701873779297
2022-04-28,106.29307556152344
2022-04-29,105.1309814453125
2022-05-02,103.83245086669922
2022-05-03,104.3253402709961
2022-05-04,104.70775604248047
2022-05-05,102.48973846435547
2022-05-06,101.44441223144531
2022-05-09,102.18378448486328
2022-05-10,103.08460235595703
2022-05-11,104.28287506103516
2022-05-12,104.23184967041016
2022-05-13,103.2460708618164
2022-05-16,103.49252319335938
2022-05-17,102.60867309570312
2022-05-18,104.1298828125
2022-05-19,104.3253402709961
2022-05-20,105.3961181640625
2022-05-23,103.97692108154297
2022-05-24,105.55757141113281
2022-05-25,105.78705596923828
2022-05-26,105.48113250732422
2022-05-27,105.69359588623047
2022-05-31,103.77294921875
2022-06-01,103.56266021728516
2022-06-02,103.67332458496094
2022-06-03,103.46049499511719
2022-06-06,101.85984802246094
2022-06-07,102.72830200195312
2022-06-08,101.97908020019531
2022-06-09,102.0897445678711
2022-06-10,101.39163208007812
2022-06-13,98.70123291015625
2022-06-14,97.60295867919922
2022-06-15,99.30574035644531
2022-06-16,100.1315689086914
2022-06-17,100.36997985839844
2022-06-21,98.94812774658203
2022-06-22,101.03406524658203
2022-06-23,101.5278549194336
2022-06-24,100.59131622314453
2022-06-27,99.9868392944336
2022-06-28,100.1145248413086
2022-06-29,101.4341812133789
2022-06-30,102.29408264160156
2022-07-01,103.18473815917969
2022-07-05,103.81604766845703
2022-07-06,102.47669982910156
2022-07-07,101.9477310180664
2022-07-08,100.86428833007812
2022-07-11,102.50226593017578
2022-07-12,102.96297454833984
2022-07-13,103.72221374511719
2022-07-14,103.10795593261719
2022-07-15,103.60277557373047
2022-07-18,102.74964904785156
2022-07-19,102.25485229492188
2022-07-20,102.51934051513672
2022-07-21,103.77342224121094
2022-07-22,105.40287017822266
2022-07-25,104.47296905517578
2022-07-26,104.669189453125
2022-07-27,104.39617919921875
2022-07-28,105.41141510009766
2022-07-29,105.31756591796875
2022-08-01,106.95513153076172
2022-08-02,105.0491943359375
2022-08-03,106.16026306152344
2022-08-04,106.46794128417969
2022-08-05,104.29706573486328
2022-08-08,105.36541748046875
2022-08-09,105.0064468383789
2022-08-10,104.47655487060547
2022-08-11,102.84408569335938
2022-08-12,103.75006103515625
2022-08-15,104.0064697265625
2022-08-16,104.32271575927734
2022-08-17,103.17742156982422
2022-08-18,103.45093536376953
2022-08-19,102.01504516601562
2022-08-22,101.51933288574219
2022-08-23,101.08343505859375
2022-08-24,100.43392181396484
2022-08-25,101.66461944580078
2022-08-26,101.98085021972656
2022-08-29,101.22019958496094
2022-08-30,101.27149200439453
2022-08-31,100.51934051513672
2022-09-01,99.06966400146484
2022-09-02,99.60945892333984
2022-09-06,97.6988296508789
2022-09-07,98.91547393798828
2022-09-08,98.35855865478516
2022-09-09,98.28144836425781
2022-09-12,97.83594512939453
2022-09-13,97.63029479980469
2022-09-14,97.73310089111328
2022-09-15,97.37325286865234
2022-09-16,96.97055053710938
2022-09-19,96.9448471069336
2022-09-20,96.16519927978516
2022-09-21,97.23617553710938
2022-09-22,95.06851959228516
2022-09-23,95.38553619384766
2022-09-26,93.62911987304688
2022-09-27,91.80418395996094
2022-09-28,94.48588562011719
2022-09-29,94.03181457519531
2022-09-30,93.34638214111328
2022-10-03,94.63333129882812
2022-10-04,94.47872161865234
2022-10-05,93.55084991455078
2022-10-06,93.13847351074219
2022-10-07,92.42537689208984
2022-10-10,91.35147857666016
2022-10-11,91.64356231689453
2022-10-12,91.97862243652344
2022-10-13,91.39440155029297
2022-10-14,90.81023406982422
2022-10-17,90.61260223388672
2022-10-18,91.1452865600586
2022-10-19,89.74488830566406
2022-10-20,88.6366195678711
2022-10-21,87.56269836425781
2022-10-24,87.07300567626953
2022-10-25,89.02326202392578
2022-10-26,90.01982879638672
2022-10-27,90.74147033691406
2022-10-28,89.99405670166016
2022-10-31,89.54727935791016
2022-11-01,90.0201416015625
2022-11-02,89.65841674804688
2022-11-03,89.33113861083984
2022-11-04,88.54737854003906
2022-11-07,87.81529235839844
2022-11-08,88.7368392944336
2022-11-09,88.92630767822266
2022-11-10,92.10442352294922
2022-11-11,91.91493225097656
2022-11-14,91.73408508300781
2022-11-15,92.74174499511719
2022-11-16,94.34374237060547
2022-11-17,93.542724609375
2022-11-18,93.07765197753906
2022-11-21,93.21544647216797
2022-11-22,94.23177337646484
2022-11-23,95.34281921386719
2022-11-25,95.27389526367188
2022-11-28,95.42031860351562
2022-11-29,94.66242218017578
2022-11-30,95.36003875732422
2022-12-01,97.61978912353516
2022-12-02,98.27626037597656
2022-12-05,97.34335327148438
2022-12-06,98.07760620117188
2022-12-07,99.69292449951172
2022-12-08,99.2264633178711
2022-12-09,97.49019622802734
2022-12-12,97.63703155517578
2022-12-13,98.6908950805664
2022-12-14,99.14872741699219
2022-12-15,99.77680206298828
2022-12-16,98.97109985351562
2022-12-19,97.68892669677734
2022-12-20,96.30277252197266
2022-12-21,96.44139099121094
2022-12-22,96.53668975830078
2022-12-23,95.57503509521484
2022-12-27,94.11093139648438
2022-12-28,93.71239471435547
2022-12-29,94.50078582763672
2022-12-30,93.72108459472656
2023-01-03,95.22850799560547
2023-01-04,96.27678680419922
2023-01-05,96.47602844238281
2023-01-06,97.8968505859375
2023-01-09,98.36469268798828
2023-01-10,97.12580108642578
2023-01-11,98.31267547607422
2023-01-12,99.82881927490234
2023-01-13,99.08374786376953
2023-01-17,98.75452423095703
2023-01-18,100.79044342041016
2023-01-19,100.42656707763672
2023-01-20,99.0230941772461
2023-01-23,98.77185821533203
2023-01-24,99.84613800048828
2023-01-25,100.00206756591797
2023-01-26,99.51692199707031
2023-01-27,99.24835205078125
2023-01-30,98.93647003173828
2023-01-31,99.53425598144531
2023-02-01,100.60720825195312
2023-02-02,100.7549057006836
2023-02-03,99.33007049560547
2023-02-06,98.4612808227539
2023-02-07,97.92262268066406
2023-02-08,98.20063018798828
2023-02-09,97.60114288330078
2023-02-10,96.72366333007812
2023-02-13,97.49690246582031
2023-02-14,97.18412017822266
2023-02-15,96.3587646484375
2023-02-16,95.53340911865234
2023-02-17,96.06336212158203
2023-02-21,94.46477508544922
2023-02-22,95.01213073730469
2023-02-23,95.64636993408203
2023-02-24,94.49083709716797
2023-02-27,94.76885986328125
2023-02-28,94.89920043945312
2023-03-01,93.93826293945312
2023-03-02,93.15422821044922
2023-03-03,94.78331756591797
2023-03-06,94.39128875732422
2023-03-07,94.80073547363281
2023-03-08,94.87042999267578
2023-03-09,95.2624740600586
2023-03-10,98.05020904541016
2023-03-13,99.2001724243164
2023-03-14,97.78887176513672
2023-03-15,99.55733489990234
2023-03-16,98.55549621582031
2023-03-17,99.46147918701172
2023-03-20,98.88653564453125
2023-03-21,98.02405548095703
2023-03-22,99.4266357421875
2023-03-23,99.65314483642578
2023-03-24,100.0364990234375
2023-03-27,98.34638214111328
2023-03-28,98.36382293701172
2023-03-29,98.16345977783203
2023-03-30,98.52935028076172
2023-03-31,99.78382110595703
2023-04-03,100.05654907226562
2023-04-04,100.74701690673828
2023-04-05,101.67341613769531
2023-04-06,101.73463439941406
2023-04-10,100.5110092163086
2023-04-11,100.47607421875
2023-04-12,100.56346130371094
2023-04-13,99.96910095214844
2023-04-14,99.03394317626953
2023-04-17,98.19490814208984
2023-04-18,98.47457885742188
2023-04-19,98.27355194091797
2023-04-20,98.92032623291016
2023-04-21,98.50080871582031
2023-04-24,99.20874786376953
2023-04-25,100.60717010498047
2023-04-26,99.86425018310547
2023-04-27,98.90286254882812
2023-04-28,100.18765258789062
2023-05-01,98.07073211669922
2023-05-02,99.964111328125
2023-05-03,100.56893920898438
2023-05-04,100.1043472290039
2023-05-05,99.4995346069336
2023-05-08,98.4476318359375
2023-05-09,98.20219421386719
2023-05-10,99.20149993896484
2023-05-11,99.94657135009766
2023-05-12,99.21026611328125
2023-05-15,98.45640563964844
2023-05-16,98.14083862304688
2023-05-17,97.86911010742188
2023-05-18,97.03636169433594
2023-05-19,96.3876953125
2023-05-22,96.1510238647461
2023-05-23,96.24742126464844
2023-05-24,95.88804626464844
2023-05-25,95.3796615600586
2023-05-26,95.70396423339844
2023-05-30,96.83473205566406
2023-05-31,97.5710678100586
2023-06-01,98.02828979492188
2023-06-02,97.2105712890625
2023-06-05,97.14901733398438
2023-06-06,97.447998046875
2023-06-07,96.16426086425781
2023-06-08,97.15779876708984
2023-06-09,96.94678497314453
2023-06-12,97.1929931640625
2023-06-13,96.20821380615234
2023-06-14,96.72698211669922
2023-06-15,97.535888671875
2023-06-16,97.15779876708984
2023-06-20,97.67657470703125
2023-06-21,97.94036102294922
2023-06-22,97.1929931640625
2023-06-23,97.78209686279297
2023-06-26,97.89639282226562
2023-06-27,97.56226348876953
2023-06-28,98.02828979492188
2023-06-29,96.61267852783203
2023-06-30,97.39523315429688
2023-07-03,96.82462310791016
2023-07-05,95.94270324707031
2023-07-06,94.73450469970703
2023-07-07,94.3729019165039
2023-07-10,94.79622650146484
2023-07-11,94.99908447265625
2023-07-12,96.14555358886719
2023-07-13,97.1421127319336
2023-07-14,96.6746826171875
2023-07-17,96.79817199707031
2023-07-18,97.08039093017578
2023-07-19,97.93582916259766
2023-07-20,96.69235229492188
2023-07-21,96.74526977539062
2023-07-24,96.46304321289062
2023-07-25,96.32192993164062
2023-07-26,96.54241943359375
2023-07-27,94.90203857421875
2023-07-28,95.26363372802734
2023-07-31,95.54586029052734
2023-08-01,94.26322937011719
2023-08-02,93.66131591796875
2023-08-03,91.97061157226562
2023-08-04,93.46656799316406
2023-08-07,92.93545532226562
2023-08-08,93.82948303222656
2023-08-09,94.15701293945312
2023-08-10,92.9974136352539
2023-08-11,92.5548324584961
2023-08-14,92.51057434082031
2023-08-15,92.02368927001953
2023-08-16,91.42179870605469
2023-08-17,91.1385269165039
2023-08-18,91.35980987548828
2023-08-21,90.34187316894531
2023-08-22,90.75789642333984
2023-08-23,92.52824401855469
2023-08-24,92.07679748535156
2023-08-25,92.24501037597656
2023-08-28,92.34236145019531
2023-08-29,93.2541275024414
2023-08-30,93.1567611694336
2023-08-31,93.47541046142578
2023-09-01,92.33169555664062
2023-09-05,91.34603881835938
2023-09-06,91.42596435546875
2023-09-07,91.66571807861328
2023-09-08,91.91436004638672
2023-09-11,91.48812866210938
2023-09-12,91.79005432128906
2023-09-13,91.92321014404297
2023-09-14,91.45262145996094
2023-09-15,91.00862121582031
2023-09-18,91.33715057373047
2023-09-19,90.80440521240234
2023-09-20,90.87541198730469
2023-09-21,89.14388275146484
2023-09-22,89.82762145996094
2023-09-25,88.0871810913086
2023-09-26,87.84741973876953
2023-09-27,87.31465911865234
2023-09-28,87.51886749267578
2023-09-29,87.43896484375
2023-10-02,86.2500991821289
2023-10-03,84.89547729492188
2023-10-04,85.72429656982422
2023-10-05,85.58171081542969
2023-10-06,84.73506927490234
2023-10-09,86.30357360839844
2023-10-10,86.13424682617188
2023-10-11,87.57798767089844
2023-10-12,85.80448913574219
2023-10-13,86.94524383544922
2023-10-16,85.74212646484375
2023-10-17,84.78853607177734
2023-10-18,84.08450317382812
2023-10-19,82.97940063476562
2023-10-20,83.66563415527344
2023-10-23,84.48553466796875
2023-10-24,85.02024841308594
2023-10-25,83.6388931274414
2023-10-26,84.69939422607422
2023-10-27,84.52117919921875
2023-10-30,84.20925903320312
2023-10-31,83.93296813964844
2023-11-01,85.43909454345703
2023-11-02,86.88799285888672
2023-11-03,87.57666015625
2023-11-06,86.9148178100586
2023-11-07,87.9522933959961
2023-11-08,88.97187042236328
2023-11-09,87.32621765136719
2023-11-10,87.55875396728516
2023-11-13,87.54981231689453
2023-11-14,89.30278778076172
2023-11-15,88.24745178222656
2023-11-16,89.1239013671875
2023-11-17,89.37433624267578
2023-11-20,89.77680206298828
2023-11-21,89.79468536376953
2023-11-22,89.92886352539062
2023-11-24,89.0792007446289
2023-11-27,90.17926025390625
2023-11-28,90.36708068847656
2023-11-29,91.30619049072266
2023-11-30,90.78742980957031
2023-12-01,92.03058624267578
2023-12-04,91.54591369628906
2023-12-05,93.0807876586914
2023-12-06,94.06816864013672
2023-12-07,93.64628601074219
2023-12-08,92.93717956542969
2023-12-11,92.80255126953125
2023-12-12,93.1705551147461
2023-12-13,95.1093978881836
2023-12-14,96.9592056274414
2023-12-15,96.97723388671875
2023-12-18,96.43685913085938
2023-12-19,96.77909851074219
2023-12-20,97.58062744140625
2023-12-21,97.01325988769531
2023-12-22,96.90518188476562
2023-12-26,97.19336700439453
2023-12-27,98.63435363769531
2023-12-28,98.12097930908203
2023-12-29,97.49959564208984
2024-01-02,97.00425720214844
2024-01-03,97.33746337890625
2024-01-04,96.11264038085938
2024-01-05,95.28409576416016
2024-01-08,96.11264038085938
2024-01-09,95.92353820800781
2024-01-10,95.68035888671875
2024-01-11,95.99555206298828
2024-01-12,96.25675201416016
2024-01-16,94.80677795410156
2024-01-17,94.51856231689453
2024-01-18,93.89716339111328
2024-01-19,94.07727813720703
2024-01-22,94.5635986328125
2024-01-23,94.05924987792969
2024-01-24,93.51887512207031
2024-01-25,94.06829071044922
2024-01-26,93.8881607055664
2024-01-29,94.77972412109375
2024-01-30,95.35614013671875
2024-01-31,96.29276275634766
2024-02-01,97.7340316772461
2024-02-02,96.06233978271484
2024-02-05,94.38163757324219
2024-02-06,95.14969635009766
2024-02-07,94.81536102294922
2024-02-08,94.3274154663086
2024-02-09,94.04730224609375
2024-02-12,94.11959075927734
2024-02-13,92.66480255126953
2024-02-14,93.16177368164062
2024-02-15,93.54126739501953
2024-02-16,93.0623779296875
2024-02-20,93.18887329101562
2024-02-21,92.65576171875
2024-02-22,92.91780090332031
2024-02-23,93.68584442138672
2024-02-26,93.51417541503906
2024-02-27,93.04430389404297
2024-02-28,93.47804260253906
2024-02-29,93.99307250976562
2024-03-01,94.5768814086914
2024-03-04,94.27774047851562
2024-03-05,95.40180969238281
2024-03-06,95.90038299560547
2024-03-07,96.0454330444336
2024-03-08,95.98197174072266
2024-03-11,95.95478820800781
2024-03-12,95.19332122802734
2024-03-13,94.86698150634766
2024-03-14,93.64315795898438
2024-03-15,93.48905181884766
2024-03-18,93.29869079589844
2024-03-19,93.66129302978516
2024-03-20,93.73379516601562
2024-03-21,93.8969955444336
2024-03-22,94.66751861572266
2024-03-25,94.29586029052734
2024-03-26,94.49528503417969
2024-03-27,95.19332122802734
2024-03-28,95.21142578125
2024-04-01,93.72786712646484
2024-04-02,93.24574279785156
2024-04-03,93.20935821533203
2024-04-04,93.80970001220703
2024-04-05,92.82733154296875
2024-04-08,92.71817779541016
2024-04-09,93.46407318115234
2024-04-10,91.56294250488281
2024-04-11,91.21727752685547
2024-04-12,91.72664642333984
2024-04-15,90.51685333251953
2024-04-16,90.08934020996094
2024-04-17,90.90800476074219
2024-04-18,90.48959350585938
2024-04-19,90.7624740600586
2024-04-22,90.55325317382812
2024-04-23,90.7988510131836
2024-04-24,90.22577667236328
2024-04-25,89.74369049072266
2024-04-26,90.1802978515625
2024-04-29,90.7806625366211
2024-04-30,90.12574005126953
2024-05-01,90.71815490722656
2024-05-02,91.18370819091797
2024-05-03,91.96875
2024-05-06,92.23345947265625
2024-05-07,92.73554992675781
2024-05-08,92.29737091064453
2024-05-09,92.66251373291016
2024-05-10,92.18782043457031
2024-05-13,92.38865661621094
2024-05-14,92.77204132080078
2024-05-15,93.8857192993164
2024-05-16,93.73966979980469
2024-05-17,93.25586700439453
2024-05-20,93.04591369628906
2024-05-21,93.40192413330078
2024-05-22,93.43843078613281
2024-05-23,92.9363784790039
2024-05-24,93.17369842529297
2024-05-28,92.08741760253906
2024-05-29,91.22935485839844
2024-05-30,91.95050048828125
2024-05-31,92.64425659179688
2024-06-03,93.74171447753906
2024-06-04,94.63947296142578
2024-06-05,95.2165756225586
2024-06-06,95.2165756225586
2024-06-07,93.53101348876953
2024-06-10,93.15542602539062
2024-06-11,93.91575622558594
2024-06-12,94.62113189697266
2024-06-13,95.66546630859375
2024-06-14,96.28839111328125
2024-06-17,95.40897369384766
2024-06-18,96.16015625
2024-06-20,95.64712524414062
2024-06-21,95.68379211425781
2024-06-24,95.91280364990234
2024-06-25,96.08685302734375
2024-06-26,94.94176483154297
2024-06-27,95.26239013671875
2024-06-28,94.08065795898438
2024-07-01,92.60810089111328
2024-07-02,93.19639587402344
2024-07-03,94.29942321777344
2024-07-05,94.91529083251953
2024-07-08,95.0439682006836
2024-07-09,94.78659057617188
2024-07-10,94.99803161621094
2024-07-11,95.88040924072266
2024-07-12,96.09184265136719
2024-07-15,95.40245056152344
2024-07-16,96.3583984375
2024-07-17,96.46869659423828
2024-07-18,95.87124633789062
2024-07-19,95.40245056152344
2024-07-22,95.21858215332031
2024-07-23,95.20942687988281
2024-07-24,94.52001953125
2024-07-25,95.0347900390625
2024-07-26,95.73334503173828
2024-07-29,96.03667449951172
2024-07-30,96.3583984375
2024-07-31,97.35112762451172
2024-08-01,98.21895599365234
2024-08-02,100.61679077148438
2024-08-05,100.94879150390625
2024-08-06,99.16887664794922
2024-08-07,98.45874786376953
2024-08-08,97.99761962890625
2024-08-09,98.8276596069336
2024-08-12,99.07665252685547
2024-08-13,99.74067687988281
2024-08-14,100.15567016601562
2024-08-15,99.26107788085938
2024-08-16,99.58387756347656
2024-08-19,99.95278930664062
2024-08-20,100.58911895751953
2024-08-21,100.7920150756836
2024-08-22,99.96199798583984
2024-08-23,100.5153579711914
2024-08-26,100.35857391357422
2024-08-27,100.19256591796875
2024-08-28,100.08187103271484
2024-08-29,99.74989318847656
2024-08-30,99.06742858886719
2024-09-03,100.28524017333984
2024-09-04,101.24766540527344
2024-09-05,101.65483093261719
2024-09-06,101.8214111328125
2024-09-09,102.09902954101562
2024-09-10,102.74681854248047
2024-09-11,102.66350555419922
2024-09-12,102.3026123046875
2024-09-13,102.58023834228516
2024-09-16,103.29280090332031
2024-09-17,102.8856201171875
2024-09-18,101.95096588134766
2024-09-19,101.765869140625
2024-09-20,101.70111083984375
2024-09-23,101.54379272460938
2024-09-24,101.53453826904297
2024-09-25,100.8960189819336
2024-09-26,100.79419708251953
2024-09-27,101.55304718017578
2024-09-30,101.17363739013672
2024-10-01,101.74739837646484
2024-10-02,101.1439208984375
2024-10-03,100.37329864501953
2024-10-04,99.21277618408203
2024-10-07,98.62786102294922
2024-10-08,98.7392578125
2024-10-09,98.18219757080078
2024-10-10,97.9500961303711
2024-10-11,97.80152130126953
2024-10-14,97.66228485107422
2024-10-15,98.67427825927734
2024-10-16,98.89708709716797
2024-10-17,97.75513458251953
2024-10-18,97.88509368896484
2024-10-21,96.50173950195312
2024-10-22,96.46459197998047
2024-10-23,96.1582260131836
2024-10-24,96.6317138671875
2024-10-25,96.1953353881836
2024-10-28,95.86111450195312
2024-10-29,95.90754699707031
2024-10-30,96.01895904541016
2024-10-31,96.1860580444336
2024-11-01,94.91046905517578
2024-11-04,96.17768096923828
2024-11-05,96.5038070678711
2024-11-06,94.65888977050781
2024-11-07,95.64659118652344
2024-11-08,96.5038070678711
2024-11-11,96.20563507080078
2024-11-12,94.96636962890625
2024-11-13,94.60298156738281
2024-11-14,94.91046905517578
2024-11-15,94.76139068603516
2024-11-18,94.96636962890625
2024-11-19,95.34840393066406
2024-11-20,95.10614013671875
2024-11-21,94.9850082397461
2024-11-22,95.0315933227539
2024-11-25,96.8951416015625
2024-11-26,96.60629272460938
2024-11-27,97.21195983886719
2024-11-29,97.87351989746094
2024-12-02,98.0772933959961
2024-12-03,97.42288208007812
2024-12-04,98.2175521850586
2024-12-05,98.36711883544922
2024-12-06,98.63822937011719
2024-12-09,97.9931640625
2024-12-10,97.5911636352539
2024-12-11,96.89000701904297
2024-12-12,96.04863739013672
2024-12-13,95.28203582763672
2024-12-16,95.38488006591797
2024-12-17,95.43162536621094
2024-12-18,94.3582763671875
2024-12-19,93.47632598876953
2024-12-20,93.86101531982422
2024-12-23,93.26993560791016
2024-12-24,93.4950942993164
2024-12-26,93.4950942993164
2024-12-27,92.92279052734375
2024-12-30,93.6827621459961
2024-12-31,93.39192199707031
2025-01-02,93.560791015625
2025-01-03,93.32621765136719
2025-01-06,92.99784088134766
2025-01-07,92.2003402709961
2025-01-08,92.32231903076172
2025-01-10,91.62800598144531
2025-01-13,91.38407135009766
2025-01-14,91.24333953857422
2025-01-15,92.64130401611328
2025-01-16,92.98845672607422
2025-01-17,93.11042022705078
2025-01-21,93.72029113769531
2025-01-22,93.4200439453125
2025-01-23,92.94154357910156
2025-01-24,93.25117492675781
2025-01-27,94.30199432373047
2025-01-28,94.18001556396484
2025-01-29,94.0768051147461
2025-01-30,94.43331909179688
2025-01-31,94.06742858886719
2025-02-03,94.49018096923828
2025-02-04,94.7443618774414
2025-02-05,95.95893096923828
2025-02-06,95.96834564208984
2025-02-07,95.4975814819336
2025-02-10,95.31869506835938
2025-02-11,94.8102798461914
2025-02-12,93.7087173461914
2025-02-13,94.91384887695312
2025-02-14,95.46935272216797
2025-02-18,94.63140106201172
2025-02-19,94.72555541992188
2025-02-20,95.02682495117188
2025-02-21,95.96834564208984
2025-02-24,96.17548370361328
2025-02-25,97.43708801269531
2025-02-26,97.87019348144531
2025-02-27,97.57833099365234
2025-02-28,98.4162826538086
2025-03-03,98.89476013183594
2025-03-04,98.06426239013672
2025-03-05,97.3281478881836
2025-03-06,97.08277893066406
2025-03-07,96.83740234375
2025-03-10,97.76226043701172
2025-03-11,97.18659210205078
2025-03-12,96.6864013671875
2025-03-13,97.41309356689453
2025-03-14,96.9600830078125
2025-03-17,97.28096008300781
2025-03-18,97.42251586914062
2025-03-19,97.82831573486328
2025-03-20,97.98873901367188
2025-03-21,97.658447265625
2025-03-24,96.7430191040039
2025-03-25,96.85625457763672
2025-03-26,96.38439178466797
2025-03-27,96.15791320800781
2025-03-28,97.33759307861328
2025-03-31,97.91325378417969
2025-04-01,98.54783630371094
2025-04-02,98.42469787597656
2025-04-03,99.30551147460938
2025-04-04,100.0442886352539
2025-04-07,97.439697265625
2025-04-08,95.83906555175781
2025-04-09,96.06637573242188
2025-04-10,94.26685333251953
2025-04-11,94.20054626464844
2025-04-14,95.08135986328125
2025-04-15,95.38445281982422
2025-04-16,95.88642120361328
2025-04-17,95.27079772949219
2025-04-21,93.85011291503906
2025-04-22,94.3615493774414
2025-04-23,95.09085083007812
2025-04-24,95.86747741699219
2025-04-25,96.56834411621094
2025-04-28,96.9850845336914
2025-04-29,97.6670150756836
2025-04-30,97.21240997314453
2025-05-01,96.68586730957031
2025-05-02,95.83049011230469
2025-05-05,95.44080352783203
2025-05-06,95.6404037475586
2025-05-07,96.04908752441406
2025-05-08,95.05113983154297
2025-05-09,95.20319366455078
2025-05-12,94.44287872314453
2025-05-13,94.06269836425781
2025-05-14,93.62552642822266
2025-05-15,94.34783935546875
2025-05-16,94.51891326904297
2025-05-19,94.24330139160156
2025-05-20,93.79661560058594
2025-05-21,92.46602630615234
2025-05-22,92.88419342041016
2025-05-23,93.21685028076172
2025-05-27,94.11973571777344
2025-05-28,93.73957061767578
2025-05-29,94.44287872314453
2025-05-30,94.75652313232422
2025-06-02,94.02786254882812
2025-06-03,93.92295837402344
2025-06-04,95.22003173828125
2025-06-05,95.1246566772461
2025-06-06,94.04694366455078
2025-06-09,94.18046569824219
2025-06-10,94.5333480834961
2025-06-11,94.95298767089844
2025-06-12,95.85904693603516
2025-06-13,95.05789184570312
2025-06-16,94.37120056152344
2025-06-17,95.28678131103516
2025-06-18,95.36309051513672
2025-06-20,95.30587005615234
2025-06-23,95.69688415527344
2025-06-24,96.20237731933594
2025-06-25,96.26913452148438
2025-06-26,96.62200927734375
2025-06-27,96.14513397216797
2025-06-30,96.89856719970703
2025-07-01,96.93688201904297
2025-07-02,96.41045379638672
2025-07-03,95.98932647705078
2025-07-07,95.271484375
2025-07-08,95.1470718383789
2025-07-09,95.98932647705078
2025-07-10,96.05633544921875
2025-07-11,95.02262878417969
2025-07-14,94.8982162475586
2025-07-15,94.29522705078125
2025-07-16,94.46751403808594
2025-07-17,94.4292221069336
2025-07-18,94.69722747802734
2025-07-21,95.37677001953125
2025-07-22,95.81704711914062
2025-07-23,95.4342041015625
2025-07-24,95.29063415527344
2025-07-25,95.70219421386719
2025-07-28,95.30976104736328
2025-07-29,96.52530670166016
2025-07-30,96.06590270996094
2025-07-31,96.18074798583984
2025-08-01,97.5324935913086
2025-08-04,97.70541381835938
2025-08-05,97.86874389648438
2025-08-06,97.44603729248047
2025-08-07,97.3691635131836
2025-08-08,97.02330780029297
2025-08-11,97.14820861816406
2025-08-12,96.73509979248047
2025-08-13,97.42681121826172
2025-08-14,96.8023452758789
2025-08-15,96.29315948486328
2025-08-18,96.0914077758789
2025-08-19,96.51412200927734
2025-08-20,96.71587371826172
2025-08-21,96.27394104003906
2025-08-22,96.9944839477539
2025-08-25,96.78312683105469
2025-08-26,96.8311767578125
2025-08-27,96.8215560913086
2025-08-28,97.33074188232422
2025-08-29,96.95606231689453
2025-09-02,96.36109924316406
2025-09-03,97.11323547363281
2025-09-04,97.71110534667969
2025-09-05,98.88751983642578
2025-09-08,99.72644805908203
2025-09-09,99.37930297851562
2025-09-10,99.79395294189453
2025-09-11,100.21823120117188
2025-09-12,99.79395294189453
2025-09-15,100.09288024902344
2025-09-16,100.20858001708984
2025-09-17,99.97716522216797
2025-09-18,99.23468017578125
2025-09-19,99.10930633544922
2025-09-22,98.82002258300781
2025-09-23,99.39859771728516
2025-09-24,99.08039093017578
2025-09-25,98.97430419921875
2025-09-26,98.86824035644531
2025-09-29,99.43717193603516
2025-09-30,99.31179809570312
2025-10-01,99.61754608154297
2025-10-02,99.85943603515625
2025-10-03,99.63690185546875
2025-10-06,99.04669189453125
2025-10-07,99.50144958496094
2025-10-08,99.55950164794922
2025-10-09,99.49176788330078
2025-10-10,100.67216491699219
2025-10-13,100.62379455566406
2025-10-14,100.97209930419922
2025-10-15,100.70120239257812
2025-10-16,101.36878204345703
2025-10-17,101.17527770996094
2025-10-20,101.45587158203125
2025-10-21,101.86222839355469
2025-10-22,101.93964385986328
2025-10-23,101.39781188964844
2025-10-24,101.42684173583984
2025-10-27,101.65904998779297
2025-10-28,101.86222839355469
2025-10-29,101.0011215209961
2025-10-30,100.61412048339844
2025-10-31,100.45930480957031
2025-11-03,100.30298614501953
2025-11-04,100.50688171386719
2025-11-05,99.59415435791016
2025-11-06,100.3612289428711
2025-11-07,100.22530364990234
2025-11-10,100.11849212646484
2025-11-11,100.62340545654297
2025-11-12,100.7107925415039
2025-11-13,100.1379165649414
2025-11-14,99.71068572998047
2025-11-17,99.93399047851562
2025-11-18,99.92430114746094
2025-11-19,99.8174819946289
2025-11-20,100.16704559326172
2025-11-21,100.41949462890625
2025-11-24,100.84673309326172
2025-11-25,101.16716766357422
2025-11-26,101.42931365966797
2025-11-28,101.06035614013672
2025-12-01,100.03331756591797
2025-12-02,100.09178161621094
2025-12-03,100.35487365722656
2025-12-04,99.93587493896484
2025-12-05,99.52661895751953
2025-12-08,99.2050552368164
2025-12-09,99.22456359863281
2025-12-10,99.5850830078125
2025-12-11,99.53636932373047
2025-12-12,98.81529998779297
2025-12-15,98.97122192382812
2025-12-16,99.43891906738281
2025-12-17,99.35123443603516
2025-12-18,99.73124694824219
2025-12-19,99.3869857788086
2025-12-22,99.27941131591797
2025-12-23,99.3869857788086
2025-12-24,99.82709503173828
2025-12-26,99.74885559082031
2025-12-29,100.06182098388672
2025-12-30,99.96401977539062
2025-12-31,99.4358901977539
2026-01-02,99.27941131591797
2026-01-05,99.69017028808594
2026-01-06,99.57279968261719
2026-01-07,100.04226684570312
2026-01-08,99.64126586914062
2026-01-09,100.06182098388672
2026-01-12,99.88577270507812
2026-01-13,99.99336242675781
2026-01-14,100.45303344726562
2026-01-15,100.37478637695312
2026-01-16,99.81730651855469
2026-01-20,98.80994415283203
2026-01-21,99.35763549804688
2026-01-22,99.6314926147461
2026-01-23,99.82709503173828
2026-01-26,100.19874572753906
2026-01-27,99.7684097290039
2026-01-28,99.57279968261719
2026-01-29,99.62171936035156
2026-01-30,99.367431640625
2026-02-02,99.08273315429688
2026-02-03,99.2496109008789
2026-02-04,99.11217498779297
2026-02-05,100.00552368164062
2026-02-06,100.02516174316406
2026-02-09,100.03498077392578
2026-02-10,100.88904571533203
2026-02-11,100.46692657470703
2026-02-12,101.49771118164062
2026-02-13,101.99837493896484
2026-02-17,102.12599182128906
2026-02-18,101.80203247070312
2026-02-19,101.91983795166016
2026-02-20,101.77257537841797
2026-02-23,102.17507934570312
2026-02-24,102.24380493164062
2026-02-25,102.19470977783203
2026-02-26,102.56776428222656
2026-02-27,103.07823944091797
2026-03-02,102.21055603027344
2026-03-03,102.02342987060547
2026-03-04,101.76736450195312
2026-03-05,101.2847671508789
2026-03-06,101.00900268554688
2026-03-09,101.60978698730469
2026-03-10,100.88097381591797
2026-03-11,99.8665542602539
2026-03-12,99.53169250488281
2026-03-13,99.09835052490234
2026-03-16,99.78776550292969
2026-03-17,100.1127700805664
2026-03-18,99.54153442382812
2026-03-19,99.87640380859375
2026-03-20,98.0445327758789
2026-03-23,98.64530181884766
2026-03-24,98.3104476928711
2026-03-25,99.13774871826172
2026-03-26,98.26119995117188
2026-03-27,97.96574401855469
2026-03-30,99.10819244384766
2026-03-31,99.19683074951172
2026-04-01,99.10884094238281
2026-04-02,99.56364440917969
2026-04-06,99.39556121826172
2026-04-07,99.43511199951172
2026-04-08,99.80094146728516
2026-04-09,99.72183990478516
2026-04-10,99.44500732421875
2026-04-13,99.73173522949219
2026-04-14,100.24586486816406
2026-04-15,99.88992309570312
2026-04-16,99.40545654296875
2026-04-17,100.22608947753906
2026-04-20,100.19641876220703
2026-04-21,99.58341979980469
2026-04-22,99.78116607666016
2026-04-23,99.56364440917969
2026-04-24,99.80094146728516
2026-04-27,99.44500732421875
2026-04-28,99.39556121826172
2026-04-29,98.6540298461914
2026-04-30,98.7034683227539
2026-05-01,98.98031616210938
2026-05-04,98.32540130615234
2026-05-05,98.73224639892578
2026-05-06,99.5062255859375
2026-05-07,99.06961822509766
2026-05-08,99.48638153076172
2026-05-11,99.00015258789062
2026-05-12,98.39486694335938
2026-05-13,98.29563903808594
2026-05-14,98.36509704589844
2026-05-15,97.0652084350586
2026-05-18,96.96598052978516
2026-05-19,96.38053131103516
2026-05-20,97.33312225341797
2026-05-21,97.58119201660156
2026-05-22,97.96818542480469
2026-05-26,98.47425079345703
2026-05-27,98.65286254882812
2026-05-28,99.04977416992188
2026-05-29,99.13908386230469
2026-06-01,99.12014770507812
2026-06-02,99.30945587158203
2026-06-03,98.93083190917969
2026-06-04,99.11018371582031
2026-06-05,98.49242401123047
2026-06-08,98.173583984375
2026-06-09,98.63191986083984
2026-06-10,98.4326400756836
2026-06-11,99.53862762451172
2026-06-12,99.2795639038086
2026-06-15,99.33934783935547
2026-06-16,99.80764770507812
2026-06-17,99.58843994140625
2026-06-18,100.1065673828125
2026-06-22,99.47884368896484
2026-06-23,99.65818786621094
2026-06-24,100.73428344726562
2026-06-25,100.74424743652344
2026-06-26,100.86382293701172
2026-06-29,100.9534912109375
2026-06-30,99.98699951171875
2026-07-01,99.5199966430664
2026-07-02,99.56999969482422
2026-07-06,99.52999877929688
2026-07-07,98.63999938964844
2026-07-08,98.38999938964844
2026-07-09,98.55000305175781
2026-07-10,98.5
2026-07-13,97.9800033569336
