date,adj close
2002-07-30,35.83565139770508
2002-07-31,36.279659271240234
2002-08-01,36.48627853393555
2002-08-02,36.85990905761719
2002-08-05,37.02256774902344
2002-08-06,36.70606994628906
2002-08-07,36.79397964477539
2002-08-08,36.79397964477539
2002-08-09,37.31272506713867
2002-08-12,37.541297912597656
2002-08-13,38.002872467041016
2002-08-14,38.147926330566406
2002-08-15,37.81386184692383
2002-08-16,37.39183044433594
2002-08-19,37.50609588623047
2002-08-20,37.92374038696289
2002-08-21,37.72154235839844
2002-08-22,37.39183044433594
2002-08-23,37.76109313964844
2002-08-26,37.79624938964844
2002-08-27,37.55888748168945
2002-08-28,37.74794006347656
2002-08-29,38.05122375488281
2002-08-30,38.27981948852539
2002-09-03,38.8682975769043
2002-09-04,38.859458923339844
2002-09-05,39.071388244628906
2002-09-06,38.61225509643555
2002-09-09,38.554840087890625
2002-09-10,38.74028015136719
2002-09-11,38.53719711303711
2002-09-12,38.8374137878418
2002-09-13,39.19501495361328
2002-09-16,39.26121139526367
2002-09-17,39.336280822753906
2002-09-18,39.345130920410156
2002-09-19,39.61000442504883
2002-09-20,39.42458724975586
2002-09-23,39.77777099609375
2002-09-24,40.03384017944336
2002-09-25,39.54820251464844
2002-09-26,39.45549392700195
2002-09-27,39.751304626464844
2002-09-30,39.91019058227539
2002-10-01,39.41521072387695
2002-10-02,39.64121627807617
2002-10-03,39.543731689453125
2002-10-04,39.667781829833984
2002-10-07,39.73429489135742
2002-10-08,39.747562408447266
2002-10-09,39.951454162597656
2002-10-10,39.63677215576172
2002-10-11,39.1669921875
2002-10-14,39.10941696166992
2002-10-15,38.1832160949707
2002-10-16,38.200950622558594
2002-10-17,37.735591888427734
2002-10-18,37.833126068115234
2002-10-21,37.465267181396484
2002-10-22,37.358890533447266
2002-10-23,37.37220764160156
2002-10-24,37.70014572143555
2002-10-25,37.83749771118164
2002-10-28,37.78437042236328
2002-10-29,38.276275634765625
2002-10-30,38.262962341308594
2002-10-31,38.435794830322266
2002-11-01,38.27511215209961
2002-11-04,38.10593032836914
2002-11-05,37.95903396606445
2002-11-06,38.110374450683594
2002-11-07,39.0541877746582
2002-11-08,39.370201110839844
2002-11-11,39.58386993408203
2002-11-12,39.35685729980469
2002-11-13,39.44145202636719
2002-11-14,38.622337341308594
2002-11-15,38.77812576293945
2002-11-18,38.95174789428711
2002-11-19,39.094181060791016
2002-11-20,38.71133041381836
2002-11-21,38.33741760253906
2002-11-22,38.30180740356445
2002-11-25,38.2305908203125
2002-11-26,38.71133041381836
2002-11-27,37.8388557434082
2002-11-29,38.08367919921875
2002-12-02,38.11898422241211
2002-12-03,38.17266845703125
2002-12-04,38.36943817138672
2002-12-05,38.46782684326172
2002-12-06,38.53489303588867
2002-12-09,38.749549865722656
2002-12-10,38.85238265991211
2002-12-11,39.11178970336914
2002-12-12,39.07597732543945
2002-12-13,38.695892333984375
2002-12-16,38.40523147583008
2002-12-17,38.40523147583008
2002-12-18,38.70484924316406
2002-12-19,39.049190521240234
2002-12-20,39.07597732543945
2002-12-23,39.08494567871094
2002-12-24,39.30404281616211
2002-12-26,39.380096435546875
2002-12-27,39.813899993896484
2002-12-30,39.907798767089844
2002-12-31,39.80710983276367
2003-01-02,38.77788162231445
2003-01-03,38.8677864074707
2003-01-06,38.76443862915039
2003-01-07,38.90374755859375
2003-01-08,39.09699249267578
2003-01-09,38.34638977050781
2003-01-10,38.44529342651367
2003-01-13,38.50824737548828
2003-01-14,38.6430778503418
2003-01-15,38.83184051513672
2003-01-16,38.88574981689453
2003-01-17,39.079010009765625
2003-01-21,39.303741455078125
2003-01-22,39.49702072143555
2003-01-23,39.303741455078125
2003-01-24,39.53745651245117
2003-01-27,39.39364242553711
2003-01-28,39.39364242553711
2003-01-29,39.177894592285156
2003-01-30,39.47002029418945
2003-01-31,39.577903747558594
2003-02-03,39.63564682006836
2003-02-04,39.81153869628906
2003-02-05,39.4687614440918
2003-02-06,39.788963317871094
2003-02-07,39.87919235229492
2003-02-10,39.59954071044922
2003-02-11,39.59054183959961
2003-02-12,39.73032760620117
2003-02-13,39.94683074951172
2003-02-14,39.604087829589844
2003-02-18,39.65370178222656
2003-02-19,39.92426681518555
2003-02-20,40.059574127197266
2003-02-21,39.825050354003906
2003-02-24,40.01449966430664
2003-02-25,40.19942855834961
2003-02-26,40.47904586791992
2003-02-27,40.546714782714844
2003-02-28,40.80379104614258
2003-03-03,40.85359573364258
2003-03-04,40.880767822265625
2003-03-05,41.01658630371094
2003-03-06,40.85810852050781
2003-03-07,40.998470306396484
2003-03-10,41.211238861083984
2003-03-11,41.1387939453125
2003-03-12,41.2882080078125
2003-03-13,40.5275764465332
2003-03-14,40.72685241699219
2003-03-17,40.23788833618164
2003-03-18,39.85757064819336
2003-03-19,39.56329345703125
2003-03-20,39.499942779541016
2003-03-21,38.95667266845703
2003-03-24,39.5723762512207
2003-03-25,39.52707290649414
2003-03-26,39.60857009887695
2003-03-27,39.6357536315918
2003-03-28,39.72627639770508
2003-03-31,40.2469482421875
2003-04-01,40.13238525390625
2003-04-02,39.7140998840332
2003-04-03,39.69135284423828
2003-04-04,39.57765579223633
2003-04-07,39.48674774169922
2003-04-08,39.80500411987305
2003-04-09,39.9232292175293
2003-04-10,39.7368049621582
2003-04-11,39.673160552978516
2003-04-14,39.56403732299805
2003-04-15,39.7777099609375
2003-04-16,39.9414176940918
2003-04-17,40.00504684448242
2003-04-21,39.918670654296875
2003-04-22,39.89592361450195
2003-04-23,39.977760314941406
2003-04-24,40.33694839477539
2003-04-25,40.4278678894043
2003-04-28,40.36421585083008
2003-04-29,40.296043395996094
2003-04-30,40.66881561279297
2003-05-01,40.68849563598633
2003-05-02,40.36853790283203
2003-05-05,40.58334732055664
2003-05-06,40.784507751464844
2003-05-07,41.259864807128906
2003-05-08,41.36041259765625
2003-05-09,41.401512145996094
2003-05-12,41.66208267211914
2003-05-13,41.75346755981445
2003-05-14,42.39338302612305
2003-05-15,42.52592849731445
2003-05-16,42.836761474609375
2003-05-19,42.69045639038086
2003-05-20,43.321224212646484
2003-05-21,43.31666946411133
2003-05-22,43.70063018798828
2003-05-23,43.81031799316406
2003-05-27,43.019561767578125
2003-05-28,42.94642639160156
2003-05-29,43.321224212646484
2003-05-30,43.238990783691406
2003-06-02,42.92134094238281
2003-06-03,43.26559066772461
2003-06-04,43.39410400390625
2003-06-05,43.054443359375
2003-06-06,43.21050262451172
2003-06-09,43.49968338012695
2003-06-10,44.0183219909668
2003-06-11,43.963260650634766
2003-06-12,44.30751037597656
2003-06-13,44.60587692260742
2003-06-16,44.18362045288086
2003-06-17,43.83475875854492
2003-06-18,43.27476501464844
2003-06-19,43.192134857177734
2003-06-20,43.031532287597656
2003-06-23,43.28852462768555
2003-06-24,43.68785858154297
2003-06-25,42.990230560302734
2003-06-26,42.41184616088867
2003-06-27,42.26034927368164
2003-06-30,42.457725524902344
2003-07-01,42.24717330932617
2003-07-02,42.353111267089844
2003-07-03,41.74496841430664
2003-07-07,41.47769546508789
2003-07-08,41.51457595825195
2003-07-09,41.648189544677734
2003-07-10,41.634361267089844
2003-07-11,41.832481384277344
2003-07-14,41.35328674316406
2003-07-15,40.38568115234375
2003-07-16,40.616058349609375
2003-07-17,40.49166488647461
2003-07-18,40.40873718261719
2003-07-21,39.551719665527344
2003-07-22,39.745243072509766
2003-07-23,39.878868103027344
2003-07-24,39.52870178222656
2003-07-25,39.42272186279297
2003-07-28,38.892818450927734
2003-07-29,38.36293029785156
2003-07-30,38.79606628417969
2003-07-31,38.22011947631836
2003-08-01,38.191429138183594
2003-08-04,38.52002716064453
2003-08-05,37.96923065185547
2003-08-06,38.7191047668457
2003-08-07,38.881103515625
2003-08-08,38.723697662353516
2003-08-11,38.52931594848633
2003-08-12,38.348812103271484
2003-08-13,37.608184814453125
2003-08-14,37.97848892211914
2003-08-15,37.955345153808594
2003-08-18,38.131229400634766
2003-08-19,38.7191047668457
2003-08-20,38.51081848144531
2003-08-21,38.41825866699219
2003-08-22,38.58948516845703
2003-08-25,38.288612365722656
2003-08-26,38.58948516845703
2003-08-27,38.41358947753906
2003-08-28,38.81167221069336
2003-08-29,38.7191047668457
2003-09-02,38.15278625488281
2003-09-03,38.213218688964844
2003-09-04,38.427127838134766
2003-09-05,39.08732223510742
2003-09-08,38.68284225463867
2003-09-09,38.96179962158203
2003-09-10,39.35697937011719
2003-09-11,39.101287841796875
2003-09-12,39.37092208862305
2003-09-15,39.31047821044922
2003-09-16,39.25004196166992
2003-09-17,39.73825454711914
2003-09-18,39.766151428222656
2003-09-19,39.81260299682617
2003-09-22,39.4964714050293
2003-09-23,39.766151428222656
2003-09-24,40.11018753051758
2003-09-25,40.31010437011719
2003-09-26,40.672767639160156
2003-09-29,40.34731674194336
2003-09-30,41.01679611206055
2003-10-01,40.86131286621094
2003-10-02,40.674598693847656
2003-10-03,39.820194244384766
2003-10-06,39.992977142333984
2003-10-07,39.53073501586914
2003-10-08,39.52140808105469
2003-10-09,39.241268157958984
2003-10-10,39.47473907470703
2003-10-13,39.320655822753906
2003-10-14,39.049827575683594
2003-10-15,38.858436584472656
2003-10-16,38.70436096191406
2003-10-17,39.003135681152344
2003-10-20,39.13389587402344
2003-10-21,39.27863693237305
2003-10-22,39.661460876464844
2003-10-23,39.37200927734375
2003-10-24,39.81086349487305
2003-10-27,39.731475830078125
2003-10-28,39.941585540771484
2003-10-29,39.58207321166992
2003-10-30,39.404685974121094
2003-10-31,39.77350616455078
2003-11-03,39.5850715637207
2003-11-04,39.810062408447266
2003-11-05,39.538211822509766
2003-11-06,39.167823791503906
2003-11-07,39.144371032714844
2003-11-10,39.1115837097168
2003-11-11,39.11624526977539
2003-11-12,39.402244567871094
2003-11-13,40.01167678833008
2003-11-14,40.27888870239258
2003-11-17,40.3398323059082
2003-11-18,40.588287353515625
2003-11-19,40.1381950378418
2003-11-20,40.5273323059082
2003-11-21,40.55078887939453
2003-11-24,40.217933654785156
2003-11-25,40.43827819824219
2003-11-26,40.27420425415039
2003-11-28,39.90852355957031
2003-12-01,39.68616485595703
2003-12-02,39.85576629638672
2003-12-03,39.69557571411133
2003-12-04,39.78509521484375
2003-12-05,40.42107009887695
2003-12-08,40.13844680786133
2003-12-09,39.85576629638672
2003-12-10,39.92168426513672
2003-12-11,40.20907211303711
2003-12-12,40.28445816040039
2003-12-15,40.260902404785156
2003-12-16,40.3928108215332
2003-12-17,40.666072845458984
2003-12-18,41.03350830078125
2003-12-19,41.019386291503906
2003-12-22,40.90631103515625
2003-12-23,40.44465255737305
2003-12-24,40.82624816894531
2003-12-26,40.97699737548828
2003-12-29,40.60954284667969
2003-12-30,40.44465255737305
2003-12-31,40.44465255737305
2004-01-02,39.96661376953125
2004-01-05,39.86247253417969
2004-01-06,40.30262756347656
2004-01-07,40.463584899902344
2004-01-08,40.44938278198242
2004-01-09,41.15461349487305
2004-01-12,41.12149429321289
2004-01-13,41.4007568359375
2004-01-14,41.60424041748047
2004-01-15,41.76043701171875
2004-01-16,41.46699905395508
2004-01-20,41.45758056640625
2004-01-21,41.55693435668945
2004-01-22,41.859806060791016
2004-01-23,41.3581428527832
2004-01-26,41.1072883605957
2004-01-27,41.36288833618164
2004-01-28,40.998443603515625
2004-01-29,40.91323471069336
2004-01-30,41.197227478027344
2004-02-02,41.11069869995117
2004-02-03,41.31984329223633
2004-02-04,41.23906326293945
2004-02-05,41.07746124267578
2004-02-06,41.528961181640625
2004-02-09,41.65251541137695
2004-02-10,41.41964340209961
2004-02-11,41.72854995727539
2004-02-12,41.552696228027344
2004-02-13,41.72854995727539
2004-02-17,41.7000617980957
2004-02-18,41.757083892822266
2004-02-19,41.799861907958984
2004-02-20,41.509952545166016
2004-02-23,41.76657485961914
2004-02-24,41.84260559082031
2004-02-25,41.909149169921875
2004-02-26,41.776084899902344
2004-02-27,42.13731002807617
2004-03-01,42.1210823059082
2004-03-02,41.853858947753906
2004-03-03,41.77750778198242
2004-03-04,41.96360397338867
2004-03-05,42.77480697631836
2004-03-08,43.027740478515625
2004-03-09,43.314029693603516
2004-03-10,43.285377502441406
2004-03-11,43.34740447998047
2004-03-12,43.080196380615234
2004-03-15,43.151817321777344
2004-03-16,43.509666442871094
2004-03-17,43.43811798095703
2004-03-18,43.209049224853516
2004-03-19,43.151817321777344
2004-03-22,43.41422653198242
2004-03-23,43.49058532714844
2004-03-24,43.46674728393555
2004-03-25,43.29969024658203
2004-03-26,42.84162139892578
2004-03-29,42.55530548095703
2004-03-30,42.52668762207031
2004-03-31,42.731868743896484
2004-04-01,42.59201431274414
2004-04-02,41.53805160522461
2004-04-05,41.21232223510742
2004-04-06,41.43746566772461
2004-04-07,41.34169006347656
2004-04-08,41.22191619873047
2004-04-12,41.0733757019043
2004-04-13,40.627891540527344
2004-04-14,40.594364166259766
2004-04-15,40.35481643676758
2004-04-16,40.508121490478516
2004-04-19,40.421875
2004-04-20,40.05305480957031
2004-04-21,40.249420166015625
2004-04-22,40.488983154296875
2004-04-23,40.25904083251953
2004-04-26,40.326107025146484
2004-04-27,40.479400634765625
2004-04-28,40.1009635925293
2004-04-29,39.90456008911133
2004-04-30,40.06742477416992
2004-05-03,40.11788558959961
2004-05-04,39.843780517578125
2004-05-05,39.73318862915039
2004-05-06,39.627349853515625
2004-05-07,39.10801696777344
2004-05-10,39.01658248901367
2004-05-11,39.19456481933594
2004-05-12,38.934871673583984
2004-05-13,38.785789489746094
2004-05-14,39.10319137573242
2004-05-17,39.44941711425781
2004-05-18,39.2955436706543
2004-05-19,39.16571044921875
2004-05-20,39.46868896484375
2004-05-21,39.309932708740234
2004-05-24,39.435001373291016
2004-05-25,39.55046081542969
2004-05-26,39.762054443359375
2004-05-27,40.07461166381836
2004-05-28,39.96402359008789
2004-06-01,39.59805679321289
2004-06-02,39.49667739868164
2004-06-03,39.57874298095703
2004-06-04,39.347015380859375
2004-06-07,39.356693267822266
2004-06-08,39.42909622192383
2004-06-09,39.26011276245117
2004-06-10,39.337364196777344
2004-06-14,39.023555755615234
2004-06-15,39.84910583496094
2004-06-16,39.694618225097656
2004-06-17,39.95532989501953
2004-06-18,39.8683967590332
2004-06-21,39.89738845825195
2004-06-22,39.77668380737305
2004-06-23,39.853946685791016
2004-06-24,40.0953483581543
2004-06-25,40.13396453857422
2004-06-28,39.723567962646484
2004-06-29,39.974666595458984
2004-06-30,40.385013580322266
2004-07-01,40.460609436035156
2004-07-02,40.88720703125
2004-07-06,40.819305419921875
2004-07-07,40.833866119384766
2004-07-08,40.858123779296875
2004-07-09,40.90176010131836
2004-07-12,40.95988082885742
2004-07-13,40.838714599609375
2004-07-14,40.85326385498047
2004-07-15,40.896881103515625
2004-07-16,41.439781188964844
2004-07-19,41.468868255615234
2004-07-20,41.09564208984375
2004-07-21,40.984169006347656
2004-07-22,41.04230880737305
2004-07-23,41.178035736083984
2004-07-26,40.984169006347656
2004-07-27,40.43156814575195
2004-07-28,40.436378479003906
2004-07-29,40.52851104736328
2004-07-30,41.003536224365234
2004-08-02,41.05703353881836
2004-08-03,41.222511291503906
2004-08-04,41.24198532104492
2004-08-05,41.358760833740234
2004-08-06,42.05461883544922
2004-08-09,41.90865707397461
2004-08-10,41.75779724121094
2004-08-11,41.9378776550293
2004-08-12,42.025474548339844
2004-08-13,42.16167068481445
2004-08-16,42.01571273803711
2004-08-17,42.2541618347168
2004-08-18,42.0498161315918
2004-08-19,42.15198516845703
2004-08-20,42.113037109375
2004-08-23,41.86971664428711
2004-08-24,41.89406204223633
2004-08-25,42.040016174316406
2004-08-26,42.27848434448242
2004-08-27,42.24931716918945
2004-08-30,42.448822021484375
2004-08-31,42.71159362792969
2004-09-01,42.75556182861328
2004-09-02,42.335384368896484
2004-09-03,42.34024429321289
2004-09-07,42.29634094238281
2004-09-08,42.65296936035156
2004-09-09,42.49171829223633
2004-09-10,42.55528259277344
2004-09-13,42.74089813232422
2004-09-14,42.78489303588867
2004-09-15,42.68717956542969
2004-09-16,43.17089080810547
2004-09-17,42.95591354370117
2004-09-20,43.23927307128906
2004-09-21,43.36631393432617
2004-09-22,43.815799713134766
2004-09-23,43.63988494873047
2004-09-24,43.693660736083984
2004-09-27,43.884193420410156
2004-09-28,43.708309173583984
2004-09-29,43.28325271606445
2004-09-30,43.11711502075195
2004-10-01,42.90174102783203
2004-10-04,42.965545654296875
2004-10-05,42.965545654296875
2004-10-06,42.76926040649414
2004-10-07,42.582889556884766
2004-10-08,43.147056579589844
2004-10-11,43.19121551513672
2004-10-12,43.289329528808594
2004-10-13,43.4462890625
2004-10-14,43.652381896972656
2004-10-15,43.500274658203125
2004-10-18,43.519874572753906
2004-10-19,43.63273239135742
2004-10-20,43.9319953918457
2004-10-21,43.961429595947266
2004-10-22,44.064449310302734
2004-10-25,44.098793029785156
2004-10-26,43.966312408447266
2004-10-27,43.534629821777344
2004-10-28,43.67689514160156
2004-10-29,43.87801742553711
2004-11-01,43.60511016845703
2004-11-02,43.6691780090332
2004-11-03,43.68889617919922
2004-11-04,43.73323059082031
2004-11-05,43.255332946777344
2004-11-08,43.1026611328125
2004-11-09,43.078025817871094
2004-11-10,42.91548538208008
2004-11-11,42.82188034057617
2004-11-12,43.28493118286133
2004-11-15,43.3243408203125
2004-11-16,43.3243408203125
2004-11-17,43.69378662109375
2004-11-18,43.826812744140625
2004-11-19,43.4770393371582
2004-11-22,43.703636169433594
2004-11-23,43.75784683227539
2004-11-24,43.75784683227539
2004-11-26,43.47209548950195
2004-11-29,43.00907516479492
2004-11-30,42.82683181762695
2004-12-01,42.76005172729492
2004-12-02,42.58694839477539
2004-12-03,43.249725341796875
2004-12-06,43.398094177246094
2004-12-07,43.45250701904297
2004-12-08,44.130130767822266
2004-12-09,43.83833312988281
2004-12-10,43.9471321105957
2004-12-13,44.04107666015625
2004-12-14,44.214229583740234
2004-12-15,44.6148567199707
2004-12-16,43.9570198059082
2004-12-17,43.89767837524414
2004-12-20,43.97682189941406
2004-12-21,44.11036682128906
2004-12-22,43.96199035644531
2004-12-23,43.81850051879883
2004-12-27,43.477230072021484
2004-12-28,43.44261932373047
2004-12-29,43.398094177246094
2004-12-30,43.68993377685547
2004-12-31,43.965492248535156
2005-01-03,44.059818267822266
2005-01-04,43.59803771972656
2005-01-05,43.8314323425293
2005-01-06,43.861209869384766
2005-01-07,43.96049880981445
2005-01-10,44.03004455566406
2005-01-11,44.28820037841797
2005-01-12,44.34779357910156
2005-01-13,44.77481460571289
2005-01-14,44.76981735229492
2005-01-18,44.91878128051758
2005-01-19,45.04782485961914
2005-01-20,45.13725280761719
2005-01-21,45.18691635131836
2005-01-24,45.3805046081543
2005-01-25,44.95353698730469
2005-01-26,45.03791427612305
2005-01-27,44.95353698730469
2005-01-28,45.40534591674805
2005-01-31,45.534461975097656
2005-02-01,45.46213912963867
2005-02-02,45.56684112548828
2005-02-03,45.54191970825195
2005-02-04,46.17488479614258
2005-02-07,46.518733978271484
2005-02-08,46.782920837402344
2005-02-09,46.90746307373047
2005-02-10,46.27452087402344
2005-02-11,46.24462890625
2005-02-14,46.38914108276367
2005-02-15,46.1549186706543
2005-02-16,45.98051452636719
2005-02-17,45.6913948059082
2005-02-18,45.28275680541992
2005-02-22,45.083412170410156
2005-02-23,45.232933044433594
2005-02-24,45.13325500488281
2005-02-25,45.3525390625
2005-02-28,44.86412811279297
2005-03-01,44.85012435913086
2005-03-02,44.79011535644531
2005-03-03,44.76512145996094
2005-03-04,45.25008010864258
2005-03-07,45.430049896240234
2005-03-08,45.00010299682617
2005-03-09,44.265193939208984
2005-03-10,44.535152435302734
2005-03-11,44.21015548706055
2005-03-14,44.47515869140625
2005-03-15,44.195228576660156
2005-03-16,44.46516799926758
2005-03-17,44.610137939453125
2005-03-18,44.33018493652344
2005-03-21,44.20516586303711
2005-03-22,43.830230712890625
2005-03-23,44.040218353271484
2005-03-24,44.130210876464844
2005-03-28,43.86023712158203
2005-03-29,44.12018585205078
2005-03-30,44.340171813964844
2005-03-31,44.66014099121094
2005-04-01,44.8106803894043
2005-04-04,44.80061721801758
2005-04-05,44.68523406982422
2005-04-06,44.84077072143555
2005-04-07,44.47951126098633
2005-04-08,44.63506317138672
2005-04-11,44.87590789794922
2005-04-12,45.29243850708008
2005-04-13,45.182037353515625
2005-04-14,45.11174774169922
2005-04-15,45.708900451660156
2005-04-18,45.673770904541016
2005-04-19,46.11538314819336
2005-04-20,45.99995803833008
2005-04-21,45.51824188232422
2005-04-22,45.89959716796875
2005-04-25,46.035091400146484
2005-04-26,45.964820861816406
2005-04-27,46.125389099121094
2005-04-28,46.46665954589844
2005-04-29,46.38638687133789
2005-05-02,46.376312255859375
2005-05-03,46.502201080322266
2005-05-04,46.09423065185547
2005-05-05,46.20000457763672
2005-05-06,45.85753631591797
2005-05-09,45.902915954589844
2005-05-10,46.230224609375
2005-05-11,46.37124252319336
2005-05-12,46.55254364013672
2005-05-13,46.733821868896484
2005-05-16,46.67843246459961
2005-05-17,46.80936813354492
2005-05-18,47.12158966064453
2005-05-19,47.00075149536133
2005-05-20,47.056114196777344
2005-05-23,47.42372131347656
2005-05-24,47.554710388183594
2005-05-25,47.22233581542969
2005-05-26,47.20719909667969
2005-05-27,47.257564544677734
2005-05-31,47.84172439575195
2005-06-01,48.42750930786133
2005-06-02,48.54381561279297
2005-06-03,48.14452362060547
2005-06-06,48.397216796875
2005-06-07,48.781368255615234
2005-06-08,48.54884338378906
2005-06-09,48.50840759277344
2005-06-10,47.96253967285156
2005-06-13,47.67442321777344
2005-06-14,47.36103057861328
2005-06-15,47.447017669677734
2005-06-16,47.68454360961914
2005-06-17,47.67945098876953
2005-06-20,47.59856414794922
2005-06-21,47.94737243652344
2005-06-22,48.52861404418945
2005-06-23,48.47813034057617
2005-06-24,48.72069549560547
2005-06-27,48.85211944580078
2005-06-28,48.5185661315918
2005-06-29,48.44268035888672
2005-06-30,48.87736129760742
2005-07-01,48.28498077392578
2005-07-05,47.82854461669922
2005-07-06,48.092254638671875
2005-07-07,48.19371795654297
2005-07-08,47.99591827392578
2005-07-11,47.99591827392578
2005-07-12,47.727073669433594
2005-07-13,47.65606689453125
2005-07-14,47.534339904785156
2005-07-15,47.66115951538086
2005-07-18,47.30607986450195
2005-07-19,47.473472595214844
2005-07-20,47.732154846191406
2005-07-21,47.08297348022461
2005-07-22,47.4481315612793
2005-07-25,47.275657653808594
2005-07-26,47.35177993774414
2005-07-27,47.275657653808594
2005-07-28,47.696632385253906
2005-07-29,47.22496032714844
2005-08-01,47.04930114746094
2005-08-02,46.896629333496094
2005-08-03,47.125709533691406
2005-08-04,47.02895736694336
2005-08-05,46.66240310668945
2005-08-08,46.575889587402344
2005-08-09,46.74895095825195
2005-08-10,46.69807434082031
2005-08-11,47.02385711669922
2005-08-12,47.50241470336914
2005-08-15,47.38020706176758
2005-08-16,47.71112823486328
2005-08-17,47.39552688598633
2005-08-18,47.74677658081055
2005-08-19,47.741695404052734
2005-08-22,47.69077682495117
2005-08-23,47.90968704223633
2005-08-24,47.95547866821289
2005-08-25,48.10819625854492
2005-08-26,48.09292984008789
2005-08-29,48.154029846191406
2005-08-30,48.459468841552734
2005-08-31,48.86677932739258
2005-09-01,48.572513580322266
2005-09-02,48.61333084106445
2005-09-06,48.271095275878906
2005-09-07,47.81642532348633
2005-09-08,47.86751174926758
2005-09-09,48.02077102661133
2005-09-12,47.6887321472168
2005-09-13,47.93901443481445
2005-09-14,47.755104064941406
2005-09-15,47.361717224121094
2005-09-16,47.050140380859375
2005-09-19,47.15228271484375
2005-09-20,47.27494812011719
2005-09-21,47.7142448425293
2005-09-22,47.668296813964844
2005-09-23,47.3106689453125
2005-09-26,47.096134185791016
2005-09-27,47.16250228881836
2005-09-28,47.47926712036133
2005-09-29,47.26470184326172
2005-09-30,47.10120391845703
2005-10-03,46.732967376708984
2005-10-04,46.886871337890625
2005-10-05,47.09199142456055
2005-10-06,46.91249084472656
2005-10-07,47.102237701416016
2005-10-10,47.07148361206055
2005-10-11,46.97404098510742
2005-10-12,46.517539978027344
2005-10-13,46.34830856323242
2005-10-14,46.276493072509766
2005-10-17,46.266265869140625
2005-10-18,46.317535400390625
2005-10-19,46.33808517456055
2005-10-20,46.46115493774414
2005-10-21,46.891963958740234
2005-10-24,46.527828216552734
2005-10-25,46.127803802490234
2005-10-26,45.78926086425781
2005-10-27,45.953433990478516
2005-10-28,45.958526611328125
2005-10-31,46.045772552490234
2005-11-01,45.99264144897461
2005-11-02,45.77632141113281
2005-11-03,45.46723937988281
2005-11-04,45.39513397216797
2005-11-07,45.549625396728516
2005-11-08,45.99264144897461
2005-11-09,45.51872253417969
2005-11-10,46.07508850097656
2005-11-11,46.10084533691406
2005-11-14,45.75568771362305
2005-11-15,46.05449295043945
2005-11-16,46.538726806640625
2005-11-17,46.65208053588867
2005-11-18,46.435699462890625
2005-11-21,46.57481002807617
2005-11-22,46.636627197265625
2005-11-23,46.45631408691406
2005-11-25,46.62629699707031
2005-11-28,46.858150482177734
2005-11-29,46.41511154174805
2005-11-30,46.363555908203125
2005-12-01,46.29115295410156
2005-12-02,46.30669021606445
2005-12-05,46.099708557128906
2005-12-06,46.570556640625
2005-12-07,46.39461135864258
2005-12-08,46.69475173950195
2005-12-09,46.32735061645508
2005-12-12,46.2393913269043
2005-12-13,46.41014862060547
2005-12-14,46.88616180419922
2005-12-15,46.77232360839844
2005-12-16,46.927547454833984
2005-12-19,46.9741096496582
2005-12-20,46.917171478271484
2005-12-21,46.83440017700195
2005-12-22,47.20695877075195
2005-12-23,47.496665954589844
2005-12-27,47.884727478027344
2005-12-28,47.751182556152344
2005-12-29,47.855098724365234
2005-12-30,47.74598693847656
2006-01-03,47.68360137939453
2006-01-04,47.797950744628906
2006-01-05,47.74079895019531
2006-01-06,47.65245819091797
2006-01-09,47.68360137939453
2006-01-10,47.29920959472656
2006-01-11,47.221282958984375
2006-01-12,47.5382080078125
2006-01-13,47.81351089477539
2006-01-17,48.02655029296875
2006-01-18,48.010929107666016
2006-01-19,47.87063980102539
2006-01-20,47.995365142822266
2006-01-23,47.979793548583984
2006-01-24,47.74598693847656
2006-01-25,47.2264518737793
2006-01-26,47.02382278442383
2006-01-27,47.02382278442383
2006-01-30,46.97706985473633
2006-01-31,47.106937408447266
2006-02-01,46.94584655761719
2006-02-02,47.034481048583984
2006-02-03,47.368160247802734
2006-02-06,47.46205139160156
2006-02-07,47.23781967163086
2006-02-08,47.12834930419922
2006-02-09,47.3421516418457
2006-02-10,47.08140563964844
2006-02-13,47.08662033081055
2006-02-14,46.9197998046875
2006-02-15,47.034481048583984
2006-02-16,47.044921875
2006-02-17,47.42034912109375
2006-02-21,47.3421516418457
2006-02-22,47.66535568237305
2006-02-23,47.54544448852539
2006-02-24,47.47243118286133
2006-02-27,47.394256591796875
2006-02-28,47.62885665893555
2006-03-01,47.34110641479492
2006-03-02,47.01145935058594
2006-03-03,46.739418029785156
2006-03-06,46.33125305175781
2006-03-07,46.362674713134766
2006-03-08,46.34698486328125
2006-03-09,46.362674713134766
2006-03-10,46.190006256103516
2006-03-13,46.15340805053711
2006-03-14,46.462074279785156
2006-03-15,46.210906982421875
2006-03-16,46.62948989868164
2006-03-17,46.488243103027344
2006-03-20,46.5615119934082
2006-03-21,46.32081985473633
2006-03-22,46.42021179199219
2006-03-23,46.273738861083984
2006-03-24,46.61381912231445
2006-03-27,46.4411506652832
2006-03-28,46.00687789916992
2006-03-29,45.78713607788086
2006-03-30,45.46796798706055
2006-03-31,45.452266693115234
2006-04-03,45.46700668334961
2006-04-04,45.419708251953125
2006-04-05,45.48271179199219
2006-04-06,45.1361083984375
2006-04-07,44.694942474365234
2006-04-10,44.77896499633789
2006-04-11,44.9365119934082
2006-04-12,44.66341781616211
2006-04-13,44.34831237792969
2006-04-17,44.51113510131836
2006-04-18,44.589874267578125
2006-04-19,44.31679916381836
2006-04-20,44.280025482177734
2006-04-21,44.53737258911133
2006-04-24,44.715946197509766
2006-04-25,44.185462951660156
2006-04-26,44.11192321777344
2006-04-27,44.16970443725586
2006-04-28,44.20123291015625
2006-05-01,43.869056701660156
2006-05-02,43.98505783081055
2006-05-03,43.890106201171875
2006-05-04,43.816307067871094
2006-05-05,44.07994079589844
2006-05-08,44.10633087158203
2006-05-09,44.07994079589844
2006-05-10,44.159061431884766
2006-05-11,43.9428596496582
2006-05-12,43.57902526855469
2006-05-15,43.753055572509766
2006-05-16,44.07994079589844
2006-05-17,43.8057861328125
2006-05-18,44.401580810546875
2006-05-19,44.51762008666992
2006-05-22,44.612518310546875
2006-05-23,44.58613586425781
2006-05-24,44.60721206665039
2006-05-25,44.43323516845703
2006-05-26,44.401580810546875
2006-05-30,44.38052749633789
2006-05-31,44.11688232421875
2006-06-01,44.313785552978516
2006-06-02,44.8855094909668
2006-06-05,44.82730484008789
2006-06-06,45.039024353027344
2006-06-07,45.04961013793945
2006-06-08,45.13963317871094
2006-06-09,45.377830505371094
2006-06-12,45.414894104003906
2006-06-13,45.446659088134766
2006-06-14,44.99139404296875
2006-06-15,44.73199462890625
2006-06-16,44.63140869140625
2006-06-19,44.56789779663086
2006-06-20,44.493751525878906
2006-06-21,44.5043830871582
2006-06-22,44.25028610229492
2006-06-23,44.16027069091797
2006-06-26,44.07559585571289
2006-06-27,44.29262924194336
2006-06-28,44.05970001220703
2006-06-29,44.20793151855469
2006-06-30,44.63673782348633
2006-07-03,44.59256362915039
2006-07-05,44.23649597167969
2006-07-06,44.50758361816406
2006-07-07,44.794551849365234
2006-07-10,44.83707046508789
2006-07-11,44.98055648803711
2006-07-12,44.99120330810547
2006-07-13,45.16654968261719
2006-07-14,45.193138122558594
2006-07-17,45.262184143066406
2006-07-18,44.87428283691406
2006-07-19,45.299381256103516
2006-07-20,45.432281494140625
2006-07-21,45.347251892089844
2006-07-24,45.32065963745117
2006-07-25,45.18781280517578
2006-07-26,45.352542877197266
2006-07-27,45.28347396850586
2006-07-28,45.543853759765625
2006-07-31,45.60231018066406
2006-08-01,45.59806823730469
2006-08-02,45.76877975463867
2006-08-03,45.77947998046875
2006-08-04,46.05691146850586
2006-08-07,46.08359909057617
2006-08-08,45.98224639892578
2006-08-09,45.83280563354492
2006-08-10,45.763423919677734
2006-08-11,45.56604766845703
2006-08-14,45.48598098754883
2006-08-15,45.87020492553711
2006-08-16,46.17964172363281
2006-08-17,46.163639068603516
2006-08-18,46.29701614379883
2006-08-21,46.4624137878418
2006-08-22,46.47841262817383
2006-08-23,46.49977493286133
2006-08-24,46.58512878417969
2006-08-25,46.65450668334961
2006-08-28,46.69722366333008
2006-08-29,46.76122283935547
2006-08-30,46.88395690917969
2006-08-31,46.99598693847656
2006-09-01,47.012046813964844
2006-09-05,46.71742630004883
2006-09-06,46.65313720703125
2006-09-07,46.74418258666992
2006-09-08,46.781734466552734
2006-09-11,46.7388801574707
2006-09-12,46.97452163696289
2006-09-13,46.99598693847656
2006-09-14,46.88882827758789
2006-09-15,46.85135269165039
2006-09-18,46.77635192871094
2006-09-19,47.30131530761719
2006-09-20,47.37093734741211
2006-09-21,47.80487060546875
2006-09-22,48.040618896484375
2006-09-25,48.3780403137207
2006-09-26,48.174476623535156
2006-09-27,48.03521728515625
2006-09-28,47.95487976074219
2006-09-29,47.89591598510742
2006-10-02,48.02717208862305
2006-10-03,47.96262741088867
2006-10-04,48.31221008300781
2006-10-05,47.97335433959961
2006-10-06,47.47317886352539
2006-10-09,47.60230255126953
2006-10-10,47.225826263427734
2006-10-11,47.085994720458984
2006-10-12,47.11288833618164
2006-10-13,46.87621307373047
2006-10-16,47.085994720458984
2006-10-17,47.1236457824707
2006-10-18,47.22046661376953
2006-10-19,47.13438415527344
2006-10-20,47.085994720458984
2006-10-23,46.89773178100586
2006-10-24,46.89773178100586
2006-10-25,47.26884841918945
2006-10-26,47.575416564941406
2006-10-27,47.79591369628906
2006-10-30,47.93041229248047
2006-10-31,48.30143737792969
2006-11-01,48.568721771240234
2006-11-02,48.368896484375
2006-11-03,47.79668045043945
2006-11-06,47.93703842163086
2006-11-07,48.15837478637695
2006-11-08,48.33115768432617
2006-11-09,48.30415344238281
2006-11-10,48.51467514038086
2006-11-13,48.50393295288086
2006-11-14,48.6928825378418
2006-11-15,48.509273529052734
2006-11-16,48.28794479370117
2006-11-17,48.563297271728516
2006-11-20,48.6389045715332
2006-11-21,48.757652282714844
2006-11-22,48.83865737915039
2006-11-24,48.92501449584961
2006-11-27,49.10318374633789
2006-11-28,49.205753326416016
2006-11-29,49.09239959716797
2006-11-30,49.41633224487305
2006-12-01,49.542057037353516
2006-12-04,49.62879943847656
2006-12-05,49.39572525024414
2006-12-06,49.29817199707031
2006-12-07,49.260250091552734
2006-12-08,48.90260696411133
2006-12-11,49.113929748535156
2006-12-12,49.216915130615234
2006-12-13,48.777957916259766
2006-12-14,48.59916687011719
2006-12-15,48.626216888427734
2006-12-18,48.6424560546875
2006-12-19,48.577430725097656
2006-12-20,48.572021484375
2006-12-21,48.81588363647461
2006-12-22,48.44194412231445
2006-12-26,48.58827209472656
2006-12-27,48.23099899291992
2006-12-28,48.122337341308594
2006-12-29,48.08418655395508
2007-01-03,48.42679214477539
2007-01-04,48.72041320800781
2007-01-05,48.50835418701172
2007-01-08,48.595401763916016
2007-01-09,48.595401763916016
2007-01-10,48.37785720825195
2007-01-11,48.09510803222656
2007-01-12,47.87214660644531
2007-01-16,47.97548294067383
2007-01-17,47.82867431640625
2007-01-18,47.97548294067383
2007-01-19,47.84494400024414
2007-01-22,47.95914840698242
2007-01-23,47.64377975463867
2007-01-24,47.63836669921875
2007-01-25,47.29578399658203
2007-01-26,47.257694244384766
2007-01-29,47.15439987182617
2007-01-30,47.2087516784668
2007-01-31,47.60569381713867
2007-02-01,47.54840087890625
2007-02-02,47.60845184326172
2007-02-05,47.673954010009766
2007-02-06,47.93600082397461
2007-02-07,48.077964782714844
2007-02-08,48.116207122802734
2007-02-09,47.84320068359375
2007-02-12,47.734004974365234
2007-02-13,47.63026428222656
2007-02-14,48.083457946777344
2007-02-15,48.225406646728516
2007-02-16,48.39463424682617
2007-02-20,48.50383758544922
2007-02-21,48.42192459106445
2007-02-22,48.15983200073242
2007-02-23,48.50383758544922
2007-02-26,48.82594680786133
2007-02-27,49.44293975830078
2007-02-28,49.2191047668457
2007-03-01,49.18779373168945
2007-03-02,49.434444427490234
2007-03-05,49.51665496826172
2007-03-06,49.36869812011719
2007-03-07,49.56047821044922
2007-03-08,49.51665496826172
2007-03-09,48.99595642089844
2007-03-12,49.18779373168945
2007-03-13,49.483760833740234
2007-03-14,49.259063720703125
2007-03-15,49.25357437133789
2007-03-16,49.242618560791016
2007-03-19,49.138465881347656
2007-03-20,49.16590118408203
2007-03-21,49.18779373168945
2007-03-22,48.79868698120117
2007-03-23,48.661685943603516
2007-03-26,48.72195053100586
2007-03-27,48.63974380493164
2007-03-28,48.54112243652344
2007-03-29,48.4753303527832
2007-03-30,48.38216781616211
2007-04-02,48.462459564208984
2007-04-03,48.401981353759766
2007-04-04,48.45148849487305
2007-04-05,48.269962310791016
2007-04-09,47.95093536376953
2007-04-10,48.09391403198242
2007-04-11,48.0609016418457
2007-04-12,48.0719108581543
2007-04-13,47.923397064208984
2007-04-16,48.18746566772461
2007-04-17,48.45701217651367
2007-04-18,48.69898223876953
2007-04-19,48.61650085449219
2007-04-20,48.489986419677734
2007-04-23,48.66600036621094
2007-04-24,48.847530364990234
2007-04-25,48.67700958251953
2007-04-26,48.324954986572266
2007-04-27,48.31395721435547
2007-04-30,48.820045471191406
2007-05-01,48.85538101196289
2007-05-02,48.82776641845703
2007-05-03,48.71735763549805
2007-05-04,48.91609573364258
2007-05-07,49.04863357543945
2007-05-08,48.93817901611328
2007-05-09,48.744991302490234
2007-05-10,48.860897064208984
2007-05-11,48.689754486083984
2007-05-14,48.56281280517578
2007-05-15,48.546207427978516
2007-05-16,48.513057708740234
2007-05-17,48.31429672241211
2007-05-18,47.99413299560547
2007-05-21,48.13766098022461
2007-05-22,47.88921356201172
2007-05-23,47.75118637084961
2007-05-24,47.795372009277344
2007-05-25,47.684906005859375
2007-05-29,47.67939758300781
2007-05-30,47.77879333496094
2007-05-31,47.690452575683594
2007-06-01,47.439937591552734
2007-06-04,47.656105041503906
2007-06-05,47.3568115234375
2007-06-06,47.33462142944336
2007-06-07,46.486576080322266
2007-06-08,46.44777297973633
2007-06-11,46.31475830078125
2007-06-12,45.64408874511719
2007-06-13,46.1872444152832
2007-06-14,46.070899963378906
2007-06-15,46.3868293762207
2007-06-18,46.292572021484375
2007-06-19,46.72490310668945
2007-06-20,46.347991943359375
2007-06-21,46.12632369995117
2007-06-22,46.42558670043945
2007-06-25,46.68056869506836
2007-06-26,46.691654205322266
2007-06-27,46.736000061035156
2007-06-28,46.72490310668945
2007-06-29,47.207130432128906
2007-07-02,47.455291748046875
2007-07-03,47.16593933105469
2007-07-05,46.637367248535156
2007-07-06,46.44819259643555
2007-07-09,46.61507797241211
2007-07-10,47.405216217041016
2007-07-11,46.91556167602539
2007-07-12,46.75422286987305
2007-07-13,46.88216781616211
2007-07-16,47.33285903930664
2007-07-17,47.232696533203125
2007-07-18,47.4107666015625
2007-07-19,47.39959716796875
2007-07-20,47.82805252075195
2007-07-23,47.75019073486328
2007-07-24,47.928184509277344
2007-07-25,48.02280807495117
2007-07-26,48.423431396484375
2007-07-27,48.56253433227539
2007-07-30,48.423431396484375
2007-07-31,48.77394485473633
2007-08-01,48.66836166381836
2007-08-02,48.7912483215332
2007-08-03,49.11524963378906
2007-08-06,48.75774383544922
2007-08-07,48.718624114990234
2007-08-08,48.12657928466797
2007-08-09,48.193580627441406
2007-08-10,48.08185577392578
2007-08-13,48.221534729003906
2007-08-14,48.349971771240234
2007-08-15,48.17683029174805
2007-08-16,48.67395782470703
2007-08-17,48.47849655151367
2007-08-20,48.50639724731445
2007-08-21,48.74097442626953
2007-08-22,48.66278076171875
2007-08-23,48.83037567138672
2007-08-24,49.070560455322266
2007-08-27,49.32752227783203
2007-08-28,49.411285400390625
2007-08-29,49.27718734741211
2007-08-30,49.606788635253906
2007-08-31,49.64588165283203
2007-09-04,49.66941833496094
2007-09-05,50.06761169433594
2007-09-06,49.93867111206055
2007-09-07,50.645294189453125
2007-09-10,51.037899017333984
2007-09-11,50.9986457824707
2007-09-12,50.8079833984375
2007-09-13,50.353702545166016
2007-09-14,50.426605224609375
2007-09-17,50.66777420043945
2007-09-18,50.28635787963867
2007-09-19,49.820884704589844
2007-09-20,48.87862014770508
2007-09-21,49.293636322021484
2007-09-24,49.433834075927734
2007-09-25,49.25999069213867
2007-09-26,49.304893493652344
2007-09-27,49.64697265625
2007-09-28,49.759159088134766
2007-10-01,50.043514251708984
2007-10-02,50.20115661621094
2007-10-03,50.05476760864258
2007-10-04,50.24619674682617
2007-10-05,49.70563507080078
2007-10-08,49.666263580322266
2007-10-09,49.604339599609375
2007-10-10,49.63248062133789
2007-10-11,49.5817756652832
2007-10-12,49.33970260620117
2007-10-15,49.35096740722656
2007-10-16,49.367881774902344
2007-10-17,49.90838623046875
2007-10-18,50.18425750732422
2007-10-19,50.93315124511719
2007-10-22,50.93873977661133
2007-10-23,50.87120819091797
2007-10-24,51.248382568359375
2007-10-25,51.0738639831543
2007-10-26,50.95562744140625
2007-10-29,51.152706146240234
2007-10-30,51.124515533447266
2007-10-31,50.662872314453125
2007-11-01,51.32110595703125
2007-11-02,51.48512268066406
2007-11-05,51.46250534057617
2007-11-06,51.21370315551758
2007-11-07,51.304161071777344
2007-11-08,51.21370315551758
2007-11-09,51.64912033081055
2007-11-12,51.83572769165039
2007-11-13,51.643463134765625
2007-11-14,51.700035095214844
2007-11-15,52.18638610839844
2007-11-16,52.25987243652344
2007-11-19,52.59919357299805
2007-11-20,52.542633056640625
2007-11-21,52.84807205200195
2007-11-23,53.006385803222656
2007-11-26,54.05257034301758
2007-11-27,53.537986755371094
2007-11-28,53.17607116699219
2007-11-29,53.634090423583984
2007-11-30,53.37395095825195
2007-12-03,53.79756546020508
2007-12-04,53.79185104370117
2007-12-05,53.15023422241211
2007-12-06,52.684661865234375
2007-12-07,52.09416198730469
2007-12-10,51.78188705444336
2007-12-11,52.79826736450195
2007-12-12,52.2531852722168
2007-12-13,51.68536376953125
2007-12-14,51.446895599365234
2007-12-17,51.90681838989258
2007-12-18,52.24180603027344
2007-12-19,52.93454360961914
2007-12-20,52.820980072021484
2007-12-21,52.04874038696289
2007-12-24,51.80461883544922
2007-12-26,51.35041046142578
2007-12-27,51.91017532348633
2007-12-28,52.71966552734375
2007-12-31,53.03891372680664
2008-01-02,53.80278396606445
2008-01-03,53.72871780395508
2008-01-04,53.74009323120117
2008-01-07,53.973838806152344
2008-01-08,53.91114807128906
2008-01-09,54.013763427734375
2008-01-10,53.284000396728516
2008-01-11,53.70016098022461
2008-01-14,53.89971923828125
2008-01-15,54.50397872924805
2008-01-16,54.11067581176758
2008-01-17,54.81178283691406
2008-01-18,54.435611724853516
2008-01-22,55.01704406738281
2008-01-23,54.89166259765625
2008-01-24,53.79139709472656
2008-01-25,54.69778060913086
2008-01-28,54.49258804321289
2008-01-29,54.12200164794922
2008-01-30,53.76861572265625
2008-01-31,54.15056610107422
2008-02-01,54.47605514526367
2008-02-04,53.91545486450195
2008-02-05,54.327327728271484
2008-02-06,54.16142272949219
2008-02-07,52.99444580078125
2008-02-08,53.60081481933594
2008-02-11,53.82389831542969
2008-02-12,53.50355911254883
2008-02-13,52.93721389770508
2008-02-14,52.15925216674805
2008-02-15,52.5597038269043
2008-02-19,52.02766799926758
2008-02-20,52.38807678222656
2008-02-21,52.9429817199707
2008-02-22,52.63974380493164
2008-02-25,52.1020622253418
2008-02-26,52.11922836303711
2008-02-27,52.16498947143555
2008-02-28,53.09169006347656
2008-02-29,53.90399932861328
2008-03-03,53.765052795410156
2008-03-04,53.2425537109375
2008-03-05,52.6052360534668
2008-03-06,52.88656234741211
2008-03-07,52.95545196533203
2008-03-10,53.73637771606445
2008-03-11,53.276973724365234
2008-03-12,54.3047981262207
2008-03-13,53.879886627197266
2008-03-14,54.54591751098633
2008-03-17,54.96501922607422
2008-03-18,54.752620697021484
2008-03-19,55.6597900390625
2008-03-20,55.79759216308594
2008-03-24,54.718231201171875
2008-03-25,54.947818756103516
2008-03-26,54.718231201171875
2008-03-27,54.33347702026367
2008-03-28,54.861698150634766
2008-03-31,55.05695343017578
2008-04-01,54.16089630126953
2008-04-02,54.276187896728516
2008-04-03,54.397300720214844
2008-04-04,54.89315414428711
2008-04-07,54.6048583984375
2008-04-08,54.41460418701172
2008-04-09,54.979679107666016
2008-04-10,54.79513931274414
2008-04-11,55.16415023803711
2008-04-14,54.841251373291016
2008-04-15,54.16089630126953
2008-04-16,53.630401611328125
2008-04-17,53.538124084472656
2008-04-18,53.49201965332031
2008-04-21,53.70537567138672
2008-04-22,53.889854431152344
2008-04-23,53.71110153198242
2008-04-24,53.25558853149414
2008-04-25,52.94422912597656
2008-04-28,53.10568618774414
2008-04-29,53.30751419067383
2008-04-30,53.688053131103516
2008-05-01,53.6915283203125
2008-05-02,53.01444625854492
2008-05-05,53.01444625854492
2008-05-06,52.63252639770508
2008-05-07,52.85820388793945
2008-05-08,53.332725524902344
2008-05-09,53.529502868652344
2008-05-12,53.44846725463867
2008-05-13,52.86397171020508
2008-05-14,52.88713073730469
2008-05-15,53.36746597290039
2008-05-16,53.14754867553711
2008-05-19,53.216983795166016
2008-05-20,53.494789123535156
2008-05-21,53.50632858276367
2008-05-22,52.87559509277344
2008-05-23,53.1070442199707
2008-05-27,52.74825668334961
2008-05-28,52.279518127441406
2008-05-29,51.90334701538086
2008-05-30,52.24479293823242
2008-06-02,52.44632339477539
2008-06-03,52.823848724365234
2008-06-04,52.353397369384766
2008-06-05,52.03975296020508
2008-06-06,52.71348571777344
2008-06-09,52.71348571777344
2008-06-10,52.37080001831055
2008-06-11,52.24884796142578
2008-06-12,51.72613525390625
2008-06-13,51.615814208984375
2008-06-16,51.62739562988281
2008-06-17,51.73197555541992
2008-06-18,52.16754913330078
2008-06-19,51.8597412109375
2008-06-20,52.161739349365234
2008-06-23,52.272090911865234
2008-06-24,52.62055969238281
2008-06-25,52.64381408691406
2008-06-26,52.99809265136719
2008-06-27,53.61954879760742
2008-06-30,53.63115310668945
2008-07-01,53.504058837890625
2008-07-02,53.783878326416016
2008-07-03,53.667266845703125
2008-07-07,53.91209411621094
2008-07-08,54.2618522644043
2008-07-09,54.500823974609375
2008-07-10,54.495025634765625
2008-07-11,53.71973419189453
2008-07-14,54.19189453125
2008-07-15,54.174407958984375
2008-07-16,53.195125579833984
2008-07-17,52.921207427978516
2008-07-18,52.722999572753906
2008-07-21,52.92698669433594
2008-07-22,52.66471862792969
2008-07-23,52.55979537963867
2008-07-24,53.072750091552734
2008-07-25,52.542301177978516
2008-07-28,53.072750091552734
2008-07-29,52.857059478759766
2008-07-30,52.909568786621094
2008-07-31,53.434139251708984
2008-08-01,53.552284240722656
2008-08-04,53.4294319152832
2008-08-05,53.03165054321289
2008-08-06,52.81520462036133
2008-08-07,53.675167083740234
2008-08-08,53.82142639160156
2008-08-11,53.306575775146484
2008-08-12,53.803863525390625
2008-08-13,53.6166877746582
2008-08-14,53.96181106567383
2008-08-15,54.42986297607422
2008-08-18,54.64628601074219
2008-08-19,54.435699462890625
2008-08-20,54.58774185180664
2008-08-21,54.48832702636719
2008-08-22,54.4532585144043
2008-08-25,54.997310638427734
2008-08-26,55.044105529785156
2008-08-27,55.1377067565918
2008-08-28,55.1435546875
2008-08-29,54.897804260253906
2008-09-02,55.4087028503418
2008-09-03,55.64348220825195
2008-09-04,56.089752197265625
2008-09-05,56.06037521362305
2008-09-08,56.29526901245117
2008-09-09,56.85300064086914
2008-09-10,56.50075149536133
2008-09-11,56.47138977050781
2008-09-12,55.743316650390625
2008-09-15,57.55169677734375
2008-09-16,57.53997039794922
2008-09-17,57.827720642089844
2008-09-18,56.98213577270508
2008-09-19,55.17382049560547
2008-09-22,55.16790771484375
2008-09-23,54.956546783447266
2008-09-24,55.19731903076172
2008-09-25,55.085750579833984
2008-09-26,55.48497772216797
2008-09-29,57.09965515136719
2008-09-30,55.708099365234375
2008-10-01,56.40894317626953
2008-10-02,56.86243438720703
2008-10-03,57.363033294677734
2008-10-06,58.40549850463867
2008-10-07,58.228790283203125
2008-10-08,57.39251708984375
2008-10-09,56.90957260131836
2008-10-10,56.50907516479492
2008-10-13,55.7846565246582
2008-10-14,55.425392150878906
2008-10-15,55.95545959472656
2008-10-16,55.66688919067383
2008-10-17,55.28402328491211
2008-10-20,55.72575759887695
2008-10-21,56.020225524902344
2008-10-22,57.156925201416016
2008-10-23,57.5809326171875
2008-10-24,56.96841812133789
2008-10-27,57.009647369384766
2008-10-28,56.17924118041992
2008-10-29,55.896549224853516
2008-10-30,55.390037536621094
2008-10-31,54.67158889770508
2008-11-03,54.81938171386719
2008-11-04,55.84819793701172
2008-11-05,56.510501861572266
2008-11-06,56.10249710083008
2008-11-07,55.735897064208984
2008-11-10,56.00788879394531
2008-11-11,56.17344284057617
2008-11-12,56.534122467041016
2008-11-13,55.18009948730469
2008-11-14,56.27401351928711
2008-11-17,56.522335052490234
2008-11-18,57.249656677246094
2008-11-19,58.71603775024414
2008-11-20,61.74939727783203
2008-11-21,60.856544494628906
2008-11-24,59.90456008911133
2008-11-25,61.6666374206543
2008-11-26,61.74939727783203
2008-11-28,62.512176513671875
2008-12-01,64.90611267089844
2008-12-02,65.15530395507812
2008-12-03,65.33922576904297
2008-12-04,66.62667846679688
2008-12-05,65.5468978881836
2008-12-08,65.40446472167969
2008-12-09,66.69786834716797
2008-12-10,66.53765869140625
2008-12-11,66.66819763183594
2008-12-12,66.66819763183594
2008-12-15,67.42761993408203
2008-12-16,69.09474182128906
2008-12-17,70.96958923339844
2008-12-18,72.45877075195312
2008-12-19,72.53587341308594
2008-12-22,71.97817993164062
2008-12-23,71.88320922851562
2008-12-24,71.72897338867188
2008-12-26,71.96629333496094
2008-12-29,71.87996673583984
2008-12-30,72.56459045410156
2008-12-31,71.0466079711914
2009-01-02,69.26074981689453
2009-01-05,67.47488403320312
2009-01-06,66.79633331298828
2009-01-07,67.05823516845703
2009-01-08,67.00466918945312
2009-01-09,67.1058578491211
2009-01-12,67.80233001708984
2009-01-13,67.87373352050781
2009-01-14,68.99285125732422
2009-01-15,69.10597229003906
2009-01-16,68.04045867919922
2009-01-20,68.02850341796875
2009-01-21,65.87957000732422
2009-01-22,64.61167907714844
2009-01-23,64.10562896728516
2009-01-26,63.54605484008789
2009-01-27,65.04020690917969
2009-01-28,63.41508102416992
2009-01-29,61.95669937133789
2009-01-30,61.760231018066406
2009-02-02,62.90932083129883
2009-02-03,61.41103744506836
2009-02-04,61.196144104003906
2009-02-05,61.249900817871094
2009-02-06,61.058868408203125
2009-02-09,61.255828857421875
2009-02-10,62.586971282958984
2009-02-11,63.39877700805664
2009-02-12,62.8018684387207
2009-02-13,61.13046646118164
2009-02-17,63.03466033935547
2009-02-18,62.497413635253906
2009-02-19,61.43490982055664
2009-02-20,62.0318489074707
2009-02-23,62.604888916015625
2009-02-24,62.53922653198242
2009-02-25,61.81690979003906
2009-02-26,61.16630172729492
2009-02-27,60.81410217285156
2009-03-02,61.8209228515625
2009-03-03,61.40790939331055
2009-03-04,61.1265869140625
2009-03-05,62.82655715942383
2009-03-06,62.40753936767578
2009-03-09,62.04243087768555
2009-03-10,60.85117721557617
2009-03-11,61.509674072265625
2009-03-12,61.802955627441406
2009-03-13,61.491703033447266
2009-03-16,60.52201843261719
2009-03-17,60.19279098510742
2009-03-18,62.473388671875
2009-03-19,62.55116653442383
2009-03-20,62.20405578613281
2009-03-23,61.66530990600586
2009-03-24,62.251930236816406
2009-03-25,61.413917541503906
2009-03-26,62.12618637084961
2009-03-27,62.587093353271484
2009-03-30,62.82655715942383
2009-03-31,63.27545166015625
2009-04-01,63.85298156738281
2009-04-02,63.07256317138672
2009-04-03,61.78193664550781
2009-04-06,61.51783752441406
2009-04-07,61.673912048339844
2009-04-08,62.220184326171875
2009-04-09,61.43977737426758
2009-04-13,62.00406265258789
2009-04-14,62.32817840576172
2009-04-15,62.220184326171875
2009-04-16,61.7279052734375
2009-04-17,61.049598693847656
2009-04-20,61.97406005859375
2009-04-21,61.36173629760742
2009-04-22,60.98955154418945
2009-04-23,60.98356246948242
2009-04-24,60.37126541137695
2009-04-27,60.62936019897461
2009-04-28,59.63887023925781
2009-04-29,59.11061477661133
2009-04-30,58.87651443481445
2009-05-01,58.47132873535156
2009-05-04,58.664024353027344
2009-05-05,58.59175491333008
2009-05-06,58.4532470703125
2009-05-07,57.0262336730957
2009-05-08,57.16473388671875
2009-05-11,57.977577209472656
2009-05-12,58.18831253051758
2009-05-13,58.82054138183594
2009-05-14,59.04934310913086
2009-05-15,59.03124237060547
2009-05-18,58.11606979370117
2009-05-19,57.808982849121094
2009-05-20,58.41710662841797
2009-05-21,56.947967529296875
2009-05-22,56.31571578979492
2009-05-26,55.46673583984375
2009-05-27,54.485328674316406
2009-05-28,55.2740592956543
2009-05-29,56.70105743408203
2009-06-01,55.02482986450195
2009-06-02,55.320804595947266
2009-06-03,55.84028244018555
2009-06-04,54.68650817871094
2009-06-05,54.269691467285156
2009-06-08,54.130733489990234
2009-06-09,54.124717712402344
2009-06-10,53.27299880981445
2009-06-11,53.864959716796875
2009-06-12,54.34822463989258
2009-06-15,54.83750534057617
2009-06-16,55.79196548461914
2009-06-17,55.47781753540039
2009-06-18,54.638206481933594
2009-06-19,55.38723373413086
2009-06-22,55.92484664916992
2009-06-23,56.58330154418945
2009-06-24,56.015464782714844
2009-06-25,57.0423583984375
2009-06-26,57.13903045654297
2009-06-29,57.22360610961914
2009-06-30,57.12693405151367
2009-07-01,57.013648986816406
2009-07-02,57.1469841003418
2009-07-06,57.03783416748047
2009-07-07,57.41967010498047
2009-07-08,58.480186462402344
2009-07-09,57.783233642578125
2009-07-10,58.31658935546875
2009-07-13,57.98933792114258
2009-07-14,57.02573776245117
2009-07-15,55.55922317504883
2009-07-16,56.15918731689453
2009-07-17,55.292537689208984
2009-07-20,55.58342742919922
2009-07-21,56.69242858886719
2009-07-22,56.18343734741211
2009-07-23,55.15319061279297
2009-07-24,55.419795989990234
2009-07-27,54.78350067138672
2009-07-28,55.268306732177734
2009-07-29,55.57133865356445
2009-07-30,56.359134674072266
2009-07-31,57.45604705810547
2009-08-03,56.585330963134766
2009-08-04,56.13538360595703
2009-08-05,55.296199798583984
2009-08-06,55.4847297668457
2009-08-07,55.022579193115234
2009-08-10,55.70970153808594
2009-08-11,56.354217529296875
2009-08-12,55.75227355957031
2009-08-13,56.542747497558594
2009-08-14,56.761661529541016
2009-08-17,57.60076904296875
2009-08-18,57.266319274902344
2009-08-19,57.74055480957031
2009-08-20,58.21494674682617
2009-08-21,57.01699447631836
2009-08-24,58.050716400146484
2009-08-25,58.37904357910156
2009-08-26,58.64657974243164
2009-08-27,58.41551971435547
2009-08-28,58.68305206298828
2009-08-31,58.73781967163086
2009-09-01,58.59566879272461
2009-09-02,59.449642181396484
2009-09-03,59.08369827270508
2009-09-04,58.07719039916992
2009-09-08,57.66847229003906
2009-09-09,57.60139083862305
2009-09-10,58.6627311706543
2009-09-11,58.986080169677734
2009-09-14,58.4005241394043
2009-09-15,58.10155487060547
2009-09-16,58.20522689819336
2009-09-17,58.93727493286133
2009-09-18,58.41268539428711
2009-09-21,58.54688262939453
2009-09-22,58.66888427734375
2009-09-23,58.84577178955078
2009-09-24,59.016563415527344
2009-09-25,59.76683807373047
2009-09-28,60.29145431518555
2009-09-29,60.23656463623047
2009-09-30,60.181617736816406
2009-10-01,61.00584030151367
2009-10-02,60.58366775512695
2009-10-05,60.589786529541016
2009-10-06,59.990169525146484
2009-10-07,60.69381332397461
2009-10-08,60.05743408203125
2009-10-09,58.68064880371094
2009-10-12,58.772438049316406
2009-10-13,59.07841110229492
2009-10-14,58.20338821411133
2009-10-15,57.93416976928711
2009-10-16,58.405357360839844
2009-10-19,58.86419677734375
2009-10-20,59.182430267333984
2009-10-21,58.827518463134766
2009-10-22,58.53997039794922
2009-10-23,58.09938430786133
2009-10-26,57.34674835205078
2009-10-27,58.12990951538086
2009-10-28,58.405357360839844
2009-10-29,57.76895523071289
2009-10-30,58.60726547241211
2009-11-02,58.348182678222656
2009-11-03,57.765037536621094
2009-11-04,57.23711395263672
2009-11-05,57.23711395263672
2009-11-06,57.292362213134766
2009-11-09,57.35990524291992
2009-11-10,57.25553512573242
2009-11-11,57.494911193847656
2009-11-12,57.390560150146484
2009-11-13,57.6545524597168
2009-11-16,58.32980728149414
2009-11-17,58.64285659790039
2009-11-18,58.29906463623047
2009-11-19,58.40345001220703
2009-11-20,58.391151428222656
2009-11-23,58.317466735839844
2009-11-24,58.68583297729492
2009-11-25,58.955902099609375
2009-11-27,59.176902770996094
2009-11-30,59.31816101074219
2009-12-01,58.65733337402344
2009-12-02,58.70659255981445
2009-12-03,58.0969352722168
2009-12-04,57.48111343383789
2009-12-07,57.55503463745117
2009-12-08,57.64124298095703
2009-12-09,57.376399993896484
2009-12-10,56.717437744140625
2009-12-11,56.71134567260742
2009-12-14,56.779048919677734
2009-12-15,56.52660369873047
2009-12-16,56.45885467529297
2009-12-17,57.388771057128906
2009-12-18,57.14239501953125
2009-12-21,56.12627410888672
2009-12-22,55.81224060058594
2009-12-23,55.824520111083984
2009-12-24,55.245643615722656
2009-12-28,55.091670989990234
2009-12-29,55.45512771606445
2009-12-30,55.81972885131836
2009-12-31,55.55396270751953
2010-01-04,55.504493713378906
2010-01-05,55.86299514770508
2010-01-06,55.11521911621094
2010-01-07,55.207908630371094
2010-01-08,55.183170318603516
2010-01-11,54.88031768798828
2010-01-12,55.81972885131836
2010-01-13,55.17082595825195
2010-01-14,55.943363189697266
2010-01-15,56.28942108154297
2010-01-19,56.12875747680664
2010-01-20,56.697330474853516
2010-01-21,56.95688247680664
2010-01-22,56.85801696777344
2010-01-25,56.59843063354492
2010-01-26,56.61699676513672
2010-01-27,56.5860710144043
2010-01-28,56.555152893066406
2010-01-29,57.049583435058594
2010-02-01,56.53171157836914
2010-02-02,56.69297409057617
2010-02-03,56.03558349609375
2010-02-04,56.922454833984375
2010-02-05,57.046504974365234
2010-02-08,57.12094497680664
2010-02-09,56.550315856933594
2010-02-10,56.010765075683594
2010-02-11,55.706871032714844
2010-02-12,55.93633270263672
2010-02-16,56.041751861572266
2010-02-17,55.40297317504883
2010-02-18,55.17970657348633
2010-02-19,55.47731018066406
2010-02-22,55.24790573120117
2010-02-23,56.109989166259766
2010-02-24,56.24646759033203
2010-02-25,56.562679290771484
2010-02-26,56.85422897338867
2010-03-01,56.82939147949219
2010-03-02,56.754722595214844
2010-03-03,56.611549377441406
2010-03-04,56.910255432128906
2010-03-05,56.163597106933594
2010-03-08,55.871185302734375
2010-03-09,55.8836555480957
2010-03-10,55.74052429199219
2010-03-11,55.94585418701172
2010-03-12,56.29428482055664
2010-03-15,56.2196044921875
2010-03-16,56.66756820678711
2010-03-17,56.910255432128906
2010-03-18,56.72359848022461
2010-03-19,56.779544830322266
2010-03-22,56.84176254272461
2010-03-23,56.574256896972656
2010-03-24,55.541439056396484
2010-03-25,55.186767578125
2010-03-26,55.342342376708984
2010-03-29,55.13077163696289
2010-03-30,55.30500793457031
2010-03-31,55.68451690673828
2010-04-01,55.548404693603516
2010-04-05,54.62415313720703
2010-04-06,54.711612701416016
2010-04-07,55.4109992980957
2010-04-08,55.435977935791016
2010-04-09,55.56711959838867
2010-04-12,55.860633850097656
2010-04-13,56.041751861572266
2010-04-14,55.648292541503906
2010-04-15,55.71073532104492
2010-04-16,56.11669158935547
2010-04-19,55.97930908203125
2010-04-20,56.17915344238281
2010-04-21,56.64125442504883
2010-04-22,56.47264099121094
2010-04-23,56.2728271484375
2010-04-26,56.33525848388672
2010-04-27,57.12834167480469
2010-04-28,56.64125442504883
2010-04-29,56.87854766845703
2010-04-30,57.53428268432617
2010-05-03,57.459075927734375
2010-05-04,58.49302291870117
2010-05-05,58.837738037109375
2010-05-06,60.65504837036133
2010-05-07,59.896827697753906
2010-05-10,58.656028747558594
2010-05-11,58.50564193725586
2010-05-12,58.060699462890625
2010-05-13,58.44293212890625
2010-05-14,59.45814895629883
2010-05-17,59.23881149291992
2010-05-18,60.147499084472656
2010-05-19,60.34803771972656
2010-05-20,61.62016296386719
2010-05-21,61.682804107666016
2010-05-24,61.46977233886719
2010-05-25,61.77055740356445
2010-05-26,61.59510040283203
2010-05-27,60.197601318359375
2010-05-28,60.47334671020508
2010-06-01,60.898399353027344
2010-06-02,60.31989669799805
2010-06-03,59.87977600097656
2010-06-04,61.48949432373047
2010-06-07,61.96110153198242
2010-06-08,61.65297317504883
2010-06-09,61.58376693725586
2010-06-10,60.48341369628906
2010-06-11,61.25055694580078
2010-06-14,60.93613815307617
2010-06-15,60.68458557128906
2010-06-16,61.03044128417969
2010-06-17,61.5272102355957
2010-06-18,61.4266242980957
2010-06-21,61.25055694580078
2010-06-22,61.97990036010742
2010-06-23,62.4012451171875
2010-06-24,62.03023910522461
2010-06-25,62.28175735473633
2010-06-28,62.866539001464844
2010-06-29,63.55192184448242
2010-06-30,63.9794807434082
2010-07-01,64.08038330078125
2010-07-02,63.56951904296875
2010-07-06,64.09300231933594
2010-07-07,63.342498779296875
2010-07-08,62.93876266479492
2010-07-09,62.57933044433594
2010-07-12,62.55403518676758
2010-07-13,62.017982482910156
2010-07-14,62.642417907714844
2010-07-15,63.2667350769043
2010-07-16,63.5758056640625
2010-07-19,63.18477249145508
2010-07-20,63.27938461303711
2010-07-21,64.35157012939453
2010-07-22,63.60736083984375
2010-07-23,62.93251037597656
2010-07-26,62.82525634765625
2010-07-27,62.21979522705078
2010-07-28,62.421607971191406
2010-07-29,62.402679443359375
2010-07-30,63.37397766113281
2010-08-02,62.484336853027344
2010-08-03,62.845069885253906
2010-08-04,62.3641242980957
2010-08-05,62.655208587646484
2010-08-06,63.338558197021484
2010-08-09,63.10445785522461
2010-08-10,63.237335205078125
2010-08-11,64.0852279663086
2010-08-12,63.927032470703125
2010-08-13,64.72428131103516
2010-08-16,66.34416198730469
2010-08-17,65.96451568603516
2010-08-18,66.14167022705078
2010-08-19,67.1731185913086
2010-08-20,67.09713745117188
2010-08-23,67.10979461669922
2010-08-24,68.1854019165039
2010-08-25,67.96397399902344
2010-08-26,68.60302734375
2010-08-27,66.6604995727539
2010-08-30,67.93868255615234
2010-08-31,68.69165802001953
2010-09-01,67.27133178710938
2010-09-02,66.560546875
2010-09-03,65.73554992675781
2010-09-07,67.08091735839844
2010-09-08,66.54784393310547
2010-09-09,65.23417663574219
2010-09-10,64.93586730957031
2010-09-13,65.25321197509766
2010-09-14,65.88150787353516
2010-09-15,64.90410614013672
2010-09-16,64.26319122314453
2010-09-17,64.52336120605469
2010-09-20,64.89778137207031
2010-09-21,65.79898071289062
2010-09-22,66.38922119140625
2010-09-23,66.57957458496094
2010-09-24,65.68482971191406
2010-09-27,66.82709503173828
2010-09-28,67.2840576171875
2010-09-29,67.00481414794922
2010-09-30,66.96037292480469
2010-10-01,66.63677215576172
2010-10-04,66.80878448486328
2010-10-05,66.40746307373047
2010-10-06,67.24193572998047
2010-10-07,66.68132781982422
2010-10-08,66.38832092285156
2010-10-11,66.4011001586914
2010-10-12,65.74497985839844
2010-10-13,65.64303588867188
2010-10-14,64.66204071044922
2010-10-15,63.87220001220703
2010-10-18,64.38814544677734
2010-10-19,64.77672576904297
2010-10-20,64.9168930053711
2010-10-21,64.1461181640625
2010-10-22,64.57926177978516
2010-10-25,64.76400756835938
2010-10-26,63.76386260986328
2010-10-27,63.203365325927734
2010-10-28,63.37529754638672
2010-10-29,63.96782684326172
2010-11-01,63.69232177734375
2010-11-02,64.52943420410156
2010-11-03,63.21302795410156
2010-11-04,63.705055236816406
2010-11-05,62.61232376098633
2010-11-08,62.893524169921875
2010-11-09,61.50687026977539
2010-11-10,61.58988952636719
2010-11-11,61.557945251464844
2010-11-12,61.22563934326172
2010-11-15,59.947540283203125
2010-11-16,61.43650436401367
2010-11-17,61.09784698486328
2010-11-18,61.34706115722656
2010-11-19,61.72408676147461
2010-11-22,61.9860954284668
2010-11-23,62.29280090332031
2010-11-24,61.18092346191406
2010-11-26,62.030818939208984
2010-11-29,62.561214447021484
2010-11-30,62.88711166381836
2010-12-01,61.48919677734375
2010-12-02,61.32896423339844
2010-12-03,60.847957611083984
2010-12-06,61.707210540771484
2010-12-07,60.38624572753906
2010-12-08,59.80269241333008
2010-12-09,60.097686767578125
2010-12-10,59.73219680786133
2010-12-13,59.95658493041992
2010-12-14,59.08452224731445
2010-12-15,58.31501388549805
2010-12-16,58.719032287597656
2010-12-17,59.78990173339844
2010-12-20,59.725826263427734
2010-12-21,60.14258575439453
2010-12-22,59.71296691894531
2010-12-23,59.59111022949219
2010-12-27,60.12333679199219
2010-12-28,58.945858001708984
2010-12-29,59.943206787109375
2010-12-30,59.89813232421875
2010-12-31,60.56085968017578
2011-01-03,60.10401916503906
2011-01-04,60.17482376098633
2011-01-05,58.84933090209961
2011-01-06,59.106689453125
2011-01-07,59.421993255615234
2011-01-10,59.74372100830078
2011-01-11,59.40911865234375
2011-01-12,58.945858001708984
2011-01-13,59.47350311279297
2011-01-14,59.09383010864258
2011-01-18,58.8171501159668
2011-01-19,59.24180221557617
2011-01-20,58.42462158203125
2011-01-21,58.887935638427734
2011-01-24,58.913665771484375
2011-01-25,59.47350311279297
2011-01-26,58.57265853881836
2011-01-27,58.83649444580078
2011-01-28,59.145294189453125
2011-01-31,58.694942474365234
2011-02-01,58.4043083190918
2011-02-02,58.4172477722168
2011-02-03,57.932979583740234
2011-02-04,57.34536361694336
2011-02-07,57.64238357543945
2011-02-08,57.11292266845703
2011-02-09,57.610107421875
2011-02-10,56.94501495361328
2011-02-11,57.76506805419922
2011-02-14,57.80384826660156
2011-02-15,58.0621452331543
2011-02-16,57.87487030029297
2011-02-17,57.96528244018555
2011-02-18,57.78446578979492
2011-02-22,58.649723052978516
2011-02-23,58.86277389526367
2011-02-24,59.23726272583008
2011-02-25,59.58599853515625
2011-02-28,59.663475036621094
2011-03-01,59.836463928222656
2011-03-02,58.91656494140625
2011-03-03,58.340057373046875
2011-03-04,58.82588195800781
2011-03-07,58.4501953125
2011-03-08,58.09389877319336
2011-03-09,58.657432556152344
2011-03-10,59.64213943481445
2011-03-11,59.305213928222656
2011-03-14,59.279327392578125
2011-03-15,60.166839599609375
2011-03-16,60.84699249267578
2011-03-17,60.38056945800781
2011-03-18,60.54253387451172
2011-03-21,60.186241149902344
2011-03-22,60.387062072753906
2011-03-23,60.309326171875
2011-03-24,59.85588073730469
2011-03-25,59.7068977355957
2011-03-28,59.791107177734375
2011-03-29,59.33116912841797
2011-03-30,59.80406188964844
2011-03-31,59.68098449707031
2011-04-01,59.97110366821289
2011-04-04,60.03614044189453
2011-04-05,59.795413970947266
2011-04-06,58.89774703979492
2011-04-07,58.780662536621094
2011-04-08,58.46836471557617
2011-04-11,58.52043914794922
2011-04-12,59.151405334472656
2011-04-13,59.52225112915039
2011-04-14,59.47671890258789
2011-04-15,60.283363342285156
2011-04-18,60.419986724853516
2011-04-19,60.68011474609375
2011-04-20,60.289852142333984
2011-04-21,60.237796783447266
2011-04-25,60.46549606323242
2011-04-26,61.05094528198242
2011-04-27,60.426448822021484
2011-04-28,60.888301849365234
2011-04-29,61.07694625854492
2011-05-02,61.17499923706055
2011-05-03,61.521202087402344
2011-05-04,61.79561996459961
2011-05-05,62.38357925415039
2011-05-06,62.109161376953125
2011-05-09,62.0438346862793
2011-05-10,61.599586486816406
2011-05-11,61.95241928100586
2011-05-12,61.560428619384766
2011-05-13,62.115699768066406
2011-05-16,62.46198654174805
2011-05-17,63.10219955444336
2011-05-18,62.26598358154297
2011-05-19,62.23981857299805
2011-05-20,62.272491455078125
2011-05-23,62.57302474975586
2011-05-24,62.80821228027344
2011-05-25,62.51428985595703
2011-05-26,63.04996109008789
2011-05-27,63.023780822753906
2011-05-31,63.167518615722656
2011-06-01,64.02123260498047
2011-06-02,62.80167007446289
2011-06-03,63.16230010986328
2011-06-06,62.68361282348633
2011-06-07,62.97213363647461
2011-06-08,63.46388626098633
2011-06-09,63.20817947387695
2011-06-10,63.69340133666992
2011-06-13,63.37204360961914
2011-06-14,62.41484069824219
2011-06-15,63.54914093017578
2011-06-16,63.83760070800781
2011-06-17,63.53608322143555
2011-06-20,63.61473083496094
2011-06-21,63.332763671875
2011-06-22,63.37204360961914
2011-06-23,63.857303619384766
2011-06-24,63.5884895324707
2011-06-27,62.71641540527344
2011-06-28,62.21156692504883
2011-06-29,61.79844665527344
2011-06-30,61.700130462646484
2011-07-01,61.60140609741211
2011-07-05,61.73957061767578
2011-07-06,62.0554084777832
2011-07-07,61.87112808227539
2011-07-08,62.74620056152344
2011-07-11,63.68705368041992
2011-07-12,63.904136657714844
2011-07-13,64.08180236816406
2011-07-14,63.167266845703125
2011-07-15,63.272552490234375
2011-07-18,62.66063690185547
2011-07-19,63.96337890625
2011-07-20,63.206729888916016
2011-07-21,62.719886779785156
2011-07-22,63.193572998046875
2011-07-25,62.5028076171875
2011-07-26,62.93038558959961
2011-07-27,62.93702697753906
2011-07-28,63.173828125
2011-07-29,64.42389678955078
2011-08-01,65.07413482666016
2011-08-02,67.02806854248047
2011-08-03,67.16010284423828
2011-08-04,69.54969024658203
2011-08-05,67.54290008544922
2011-08-08,69.67514038085938
2011-08-09,69.8863525390625
2011-08-10,71.9656982421875
2011-08-11,68.33509826660156
2011-08-12,69.68832397460938
2011-08-15,68.98200225830078
2011-08-16,70.12399291992188
2011-08-17,71.35179901123047
2011-08-18,72.8172607421875
2011-08-19,73.40472412109375
2011-08-22,73.21991729736328
2011-08-23,72.2099609375
2011-08-24,70.15699005126953
2011-08-25,70.91613006591797
2011-08-26,71.61587524414062
2011-08-29,70.62567901611328
2011-08-30,71.76106262207031
2011-08-31,70.65211486816406
2011-09-01,72.1497802734375
2011-09-02,74.49365234375
2011-09-06,75.268310546875
2011-09-07,73.83150482177734
2011-09-08,74.49365234375
2011-09-09,75.28815460205078
2011-09-12,75.36764526367188
2011-09-13,74.29499816894531
2011-09-14,74.92398834228516
2011-09-15,73.778564453125
2011-09-16,74.3148422241211
2011-09-19,75.73175811767578
2011-09-20,76.04956817626953
2011-09-21,78.56560516357422
2011-09-22,81.51860809326172
2011-09-23,80.00239562988281
2011-09-26,78.71784210205078
2011-09-27,77.51280975341797
2011-09-28,77.48635864257812
2011-09-29,78.0226821899414
2011-09-30,79.98246002197266
2011-10-03,82.1836166381836
2011-10-04,81.14143371582031
2011-10-05,80.5573501586914
2011-10-06,79.07041931152344
2011-10-07,78.48631286621094
2011-10-10,77.37781524658203
2011-10-11,77.11894226074219
2011-10-12,75.99712371826172
2011-10-13,76.75381469726562
2011-10-14,75.63867950439453
2011-10-17,76.94633483886719
2011-10-18,76.46839141845703
2011-10-19,76.44184875488281
2011-10-20,75.89755249023438
2011-10-21,75.0943374633789
2011-10-24,75.22044372558594
2011-10-25,77.13218688964844
2011-10-26,75.78469848632812
2011-10-27,73.21585083007812
2011-10-28,73.98583984375
2011-10-31,76.91978454589844
2011-11-01,79.49462890625
2011-11-02,78.50302124023438
2011-11-03,77.4249267578125
2011-11-04,77.51807403564453
2011-11-07,78.01056671142578
2011-11-08,77.0123062133789
2011-11-09,78.60950469970703
2011-11-10,77.43817901611328
2011-11-11,76.96571350097656
2011-11-14,78.20355224609375
2011-11-15,78.09707641601562
2011-11-16,78.80915069580078
2011-11-17,79.44139099121094
2011-11-18,79.42144012451172
2011-11-21,79.89389038085938
2011-11-22,80.78565979003906
2011-11-23,81.57764434814453
2011-11-25,80.39302062988281
2011-11-28,80.35311126708984
2011-11-29,79.69428253173828
2011-11-30,78.44979095458984
2011-12-01,78.05612182617188
2011-12-02,79.1502456665039
2011-12-05,78.99015808105469
2011-12-06,78.23629760742188
2011-12-07,78.51651763916016
2011-12-08,79.4971694946289
2011-12-09,77.86267852783203
2011-12-12,78.72996520996094
2011-12-13,79.46380615234375
2011-12-14,80.96488189697266
2011-12-15,80.66471099853516
2011-12-16,81.60537719726562
2011-12-19,82.63943481445312
2011-12-20,80.57795715332031
2011-12-21,79.4571762084961
2011-12-22,79.79076385498047
2011-12-23,78.90340423583984
2011-12-27,79.27823638916016
2011-12-28,80.7440185546875
2011-12-29,80.8912353515625
2011-12-30,81.15227508544922
2012-01-03,79.93416595458984
2012-01-04,78.98373413085938
2012-01-05,78.84322357177734
2012-01-06,79.46566009521484
2012-01-09,79.32506561279297
2012-01-10,79.1912612915039
2012-01-11,80.22198486328125
2012-01-12,80.10819244384766
2012-01-13,80.90465545654297
2012-01-17,81.27945709228516
2012-01-18,80.29560089111328
2012-01-19,79.1912612915039
2012-01-20,78.29440307617188
2012-01-23,77.7990951538086
2012-01-24,77.93965911865234
2012-01-25,77.75221252441406
2012-01-26,78.78294372558594
2012-01-27,79.03060150146484
2012-01-30,79.96095275878906
2012-01-31,80.88457489013672
2012-02-01,79.95805358886719
2012-02-02,79.9244613647461
2012-02-03,78.20699310302734
2012-02-06,78.98522186279297
2012-02-07,78.0057144165039
2012-02-08,78.06609344482422
2012-02-09,77.48245239257812
2012-02-10,78.48875427246094
2012-02-13,78.58938598632812
2012-02-14,79.00538635253906
2012-02-15,78.8644790649414
2012-02-16,78.23379516601562
2012-02-17,78.21370697021484
2012-02-21,77.3482437133789
2012-02-22,78.321044921875
2012-02-23,78.321044921875
2012-02-24,78.83091735839844
2012-02-27,79.52863311767578
2012-02-28,79.26698303222656
2012-02-29,78.78394317626953
2012-03-01,78.04226684570312
2012-03-02,78.77522277832031
2012-03-05,78.14986419677734
2012-03-06,79.09798431396484
2012-03-07,78.61385345458984
2012-03-08,77.82709503173828
2012-03-09,77.98178100585938
2012-03-12,77.96835327148438
2012-03-13,76.5965347290039
2012-03-14,74.66665649414062
2012-03-15,74.78099822998047
2012-03-16,74.9289779663086
2012-03-19,74.03456115722656
2012-03-20,74.3304672241211
2012-03-21,75.17100524902344
2012-03-22,75.41307067871094
2012-03-23,76.12582397460938
2012-03-26,75.73585510253906
2012-03-27,76.28048706054688
2012-03-28,76.17293548583984
2012-03-29,76.74447631835938
2012-03-30,75.44666290283203
2012-04-02,75.86468505859375
2012-04-03,74.5500717163086
2012-04-04,75.57477569580078
2012-04-05,76.12086486816406
2012-04-09,77.90066528320312
2012-04-10,78.78388977050781
2012-04-11,77.84003448486328
2012-04-12,77.51640319824219
2012-04-13,78.77040100097656
2012-04-16,78.65576934814453
2012-04-17,78.60860443115234
2012-04-18,78.83779907226562
2012-04-19,78.91193389892578
2012-04-20,78.9254150390625
2012-04-23,79.49848175048828
2012-04-24,78.93885803222656
2012-04-25,78.53439331054688
2012-04-26,79.00635528564453
2012-04-27,79.07378387451172
2012-04-30,79.09398651123047
2012-05-01,78.68376922607422
2012-05-02,79.23792266845703
2012-05-03,79.21760559082031
2012-05-04,79.8393325805664
2012-05-07,79.85289001464844
2012-05-08,80.27863311767578
2012-05-09,80.33272552490234
2012-05-10,80.09617614746094
2012-05-11,80.75846862792969
2012-05-14,81.88703155517578
2012-05-15,82.21821594238281
2012-05-16,82.45471954345703
2012-05-17,83.9144287109375
2012-05-18,83.93478393554688
2012-05-21,83.75906372070312
2012-05-22,82.82645416259766
2012-05-23,83.40084075927734
2012-05-24,83.083251953125
2012-05-25,83.39412689208984
2012-05-29,83.13726043701172
2012-05-30,85.24580383300781
2012-05-31,86.23248291015625
2012-06-01,88.27960205078125
2012-06-04,87.58213806152344
2012-06-05,86.41056060791016
2012-06-06,84.68370819091797
2012-06-07,84.8124008178711
2012-06-08,84.79207611083984
2012-06-11,85.17805480957031
2012-06-12,84.39929962158203
2012-06-13,85.23223114013672
2012-06-14,85.12391662597656
2012-06-15,85.59795379638672
2012-06-18,86.05844116210938
2012-06-19,84.93425750732422
2012-06-20,85.35421752929688
2012-06-21,85.8078384399414
2012-06-22,84.66336059570312
2012-06-25,85.89588165283203
2012-06-26,85.55730438232422
2012-06-27,85.6927261352539
2012-06-28,85.90267944335938
2012-06-29,84.78532409667969
2012-07-02,85.66009521484375
2012-07-03,85.00176239013672
2012-07-05,85.43610382080078
2012-07-06,86.23017883300781
2012-07-09,86.99019622802734
2012-07-10,87.16670989990234
2012-07-11,87.27529907226562
2012-07-12,87.89288330078125
2012-07-13,87.66215515136719
2012-07-16,88.0693359375
2012-07-17,87.37711334228516
2012-07-18,87.4246597290039
2012-07-19,87.20064544677734
2012-07-20,88.26617431640625
2012-07-23,88.76153564453125
2012-07-24,89.46056365966797
2012-07-25,89.69124603271484
2012-07-26,88.87014770507812
2012-07-27,87.19385528564453
2012-07-30,87.84536743164062
2012-07-31,88.02181243896484
2012-08-01,87.5818099975586
2012-08-02,88.07827758789062
2012-08-03,86.65689086914062
2012-08-06,86.69092559814453
2012-08-07,85.57557678222656
2012-08-08,85.11984252929688
2012-08-09,85.05867004394531
2012-08-10,85.4871597290039
2012-08-13,85.34429168701172
2012-08-14,84.1882095336914
2012-08-15,83.00475311279297
2012-08-16,82.29747009277344
2012-08-17,82.69874572753906
2012-08-20,82.8687973022461
2012-08-21,83.23604583740234
2012-08-22,84.60982513427734
2012-08-23,84.96350860595703
2012-08-24,84.8818359375
2012-08-27,85.3782958984375
2012-08-28,85.58232879638672
2012-08-29,85.2082748413086
2012-08-30,85.6503677368164
2012-08-31,86.86084747314453
2012-09-04,86.77366638183594
2012-09-05,86.36482238769531
2012-09-06,84.92668151855469
2012-09-07,84.5313720703125
2012-09-10,84.73587036132812
2012-09-11,84.20426940917969
2012-09-12,83.15470886230469
2012-09-13,82.8275375366211
2012-09-14,80.6261978149414
2012-09-17,81.5939712524414
2012-09-18,82.00288391113281
2012-09-19,82.54132843017578
2012-09-20,82.74581146240234
2012-09-21,82.84117126464844
2012-09-24,83.48861694335938
2012-09-25,84.3133316040039
2012-09-26,85.21976470947266
2012-09-27,84.6131820678711
2012-09-28,84.66089630126953
2012-10-01,84.97505187988281
2012-10-02,84.85896301269531
2012-10-03,84.88631439208984
2012-10-04,83.82763671875
2012-10-05,82.74177551269531
2012-10-08,83.43840026855469
2012-10-09,83.28814697265625
2012-10-10,83.87548828125
2012-10-11,84.4560317993164
2012-10-12,84.66775512695312
2012-10-15,84.47652435302734
2012-10-16,83.30859375
2012-10-17,82.536865234375
2012-10-18,82.0314712524414
2012-10-19,83.14470672607422
2012-10-22,82.61198425292969
2012-10-23,83.79351043701172
2012-10-24,82.96715545654297
2012-10-25,82.54369354248047
2012-10-26,83.75936889648438
2012-10-31,84.2510757446289
2012-11-01,83.56127166748047
2012-11-02,83.49989318847656
2012-11-05,83.97112274169922
2012-11-06,83.17887115478516
2012-11-07,84.68820190429688
2012-11-08,85.94483947753906
2012-11-09,86.04047393798828
2012-11-12,86.18392944335938
2012-11-13,86.4708023071289
2012-11-14,86.5527114868164
2012-11-15,86.38194274902344
2012-11-16,86.30683898925781
2012-11-19,85.82194519042969
2012-11-20,84.9614486694336
2012-11-21,84.91361236572266
2012-11-23,84.83162689208984
2012-11-26,85.23458862304688
2012-11-27,85.56925964355469
2012-11-28,85.44632720947266
2012-11-29,85.46000671386719
2012-11-30,85.227783203125
2012-12-03,85.30643463134766
2012-12-04,85.79915618896484
2012-12-05,85.75813293457031
2012-12-06,85.94287109375
2012-12-07,85.14909362792969
2012-12-10,85.5254898071289
2012-12-11,84.87531280517578
2012-12-12,83.88990783691406
2012-12-13,83.9515380859375
2012-12-14,84.58112335205078
2012-12-17,83.31512451171875
2012-12-18,82.46656036376953
2012-12-19,82.74031829833984
2012-12-20,82.75395965576172
2012-12-21,83.6572494506836
2012-12-24,83.50670623779297
2012-12-26,83.80709838867188
2012-12-27,84.08829498291016
2012-12-28,84.56837463378906
2012-12-31,83.10759735107422
2013-01-02,81.99651336669922
2013-01-03,80.88550567626953
2013-01-04,81.20097351074219
2013-01-07,81.2352523803711
2013-01-08,81.77025604248047
2013-01-09,81.69483184814453
2013-01-10,81.46842193603516
2013-01-11,82.1954345703125
2013-01-14,81.96910858154297
2013-01-15,82.3462905883789
2013-01-16,82.51775360107422
2013-01-17,81.69483184814453
2013-01-18,82.32575225830078
2013-01-22,82.48355865478516
2013-01-23,82.36003875732422
2013-01-24,82.07195281982422
2013-01-25,80.94727325439453
2013-01-28,80.65233612060547
2013-01-29,80.20654296875
2013-01-30,80.06938934326172
2013-01-31,80.46028900146484
2013-02-01,79.41559600830078
2013-02-04,80.43276977539062
2013-02-05,79.71797180175781
2013-02-06,80.37093353271484
2013-02-07,80.1922378540039
2013-02-08,80.50152587890625
2013-02-11,80.43971252441406
2013-02-12,80.24039459228516
2013-02-13,79.5874252319336
2013-02-14,80.30909729003906
2013-02-15,80.07544708251953
2013-02-19,79.67675018310547
2013-02-20,79.91734313964844
2013-02-21,80.38471221923828
2013-02-22,80.43971252441406
2013-02-25,82.0206069946289
2013-02-26,81.54627227783203
2013-02-27,81.30575561523438
2013-02-28,81.45697784423828
2013-03-01,81.90055847167969
2013-03-04,81.46665954589844
2013-03-05,81.232421875
2013-03-06,80.4953384399414
2013-03-07,79.87543487548828
2013-03-08,79.0419921875
2013-03-11,79.11773681640625
2013-03-12,79.68943786621094
2013-03-13,79.6067886352539
2013-03-14,79.36573791503906
2013-03-15,79.73770904541016
2013-03-18,80.34385681152344
2013-03-19,80.88796997070312
2013-03-20,79.9856185913086
2013-03-21,80.75712585449219
2013-03-22,80.81912231445312
2013-03-25,80.74337005615234
2013-03-26,80.83978271484375
2013-03-27,81.52862548828125
2013-03-28,81.1153335571289
2013-04-01,81.7262191772461
2013-04-02,81.3948974609375
2013-04-03,82.12659454345703
2013-04-04,83.10684967041016
2013-04-05,84.78430938720703
2013-04-08,84.13543701171875
2013-04-09,83.92831420898438
2013-04-10,82.77549743652344
2013-04-11,82.93426513671875
2013-04-12,84.16990661621094
2013-04-15,84.90170288085938
2013-04-16,84.20447540283203
2013-04-17,84.76362609863281
2013-04-18,84.97074127197266
2013-04-19,84.79122161865234
2013-04-22,84.85336303710938
2013-04-23,84.55650329589844
2013-04-24,84.77045440673828
2013-04-25,84.4046401977539
2013-04-26,85.17777252197266
2013-04-29,84.86712646484375
2013-04-30,84.91551208496094
2013-05-01,85.7878189086914
2013-05-02,85.6771469116211
2013-05-03,83.65715789794922
2013-05-06,83.44959259033203
2013-05-07,83.12446594238281
2013-05-08,83.25593566894531
2013-05-09,83.0414810180664
2013-05-10,82.14905548095703
2013-05-13,81.51956176757812
2013-05-14,80.63404846191406
2013-05-15,81.17363739013672
2013-05-16,82.01756286621094
2013-05-17,80.97991180419922
2013-05-20,80.88311004638672
2013-05-21,81.51956176757812
2013-05-22,80.30889892578125
2013-05-23,80.68939208984375
2013-05-24,80.80008697509766
2013-05-28,78.75242614746094
2013-05-29,79.63788604736328
2013-05-30,79.44419860839844
2013-05-31,79.17438507080078
2013-06-03,79.59390258789062
2013-06-04,78.85890197753906
2013-06-05,79.94762420654297
2013-06-06,79.89906311035156
2013-06-07,78.47055053710938
2013-06-10,78.09606170654297
2013-06-11,79.02525329589844
2013-06-12,77.89498138427734
2013-06-13,79.11546325683594
2013-06-14,78.92821502685547
2013-06-17,78.51214599609375
2013-06-18,78.55378723144531
2013-06-19,77.742431640625
2013-06-20,76.46646118164062
2013-06-21,75.16971588134766
2013-06-24,75.4818115234375
2013-06-25,74.80913543701172
2013-06-26,75.29454040527344
2013-06-27,76.06426239013672
2013-06-28,76.5843734741211
2013-07-01,76.73865509033203
2013-07-02,76.68999481201172
2013-07-03,76.46065521240234
2013-07-05,73.85426330566406
2013-07-08,74.57012176513672
2013-07-09,74.64661407470703
2013-07-10,74.06279754638672
2013-07-11,74.93157196044922
2013-07-12,74.86902618408203
2013-07-15,75.26515197753906
2013-07-16,75.52234649658203
2013-07-17,75.66133880615234
2013-07-18,74.71611785888672
2013-07-19,75.897705078125
2013-07-22,76.00887298583984
2013-07-23,75.6891860961914
2013-07-24,74.7300033569336
2013-07-25,74.7021713256836
2013-07-26,75.16094207763672
2013-07-29,74.61180877685547
2013-07-30,74.58406066894531
2013-07-31,74.85513305664062
2013-08-01,73.41278839111328
2013-08-02,74.22102355957031
2013-08-05,73.64966583251953
2013-08-06,73.86573028564453
2013-08-07,74.41612243652344
2013-08-08,74.61819458007812
2013-08-09,74.73670959472656
2013-08-12,74.22802734375
2013-08-13,73.15495300292969
2013-08-14,73.26648712158203
2013-08-15,72.27701568603516
2013-08-16,72.02622985839844
2013-08-19,71.39911651611328
2013-08-20,71.94949340820312
2013-08-21,71.16217041015625
2013-08-22,71.8868408203125
2013-08-23,72.66725158691406
2013-08-26,73.02952575683594
2013-08-27,73.9493179321289
2013-08-28,73.35009765625
2013-08-29,73.93538665771484
2013-08-30,73.85175323486328
2013-09-03,72.81006622314453
2013-09-04,72.64942932128906
2013-09-05,71.6364517211914
2013-09-06,71.99271392822266
2013-09-09,72.02769470214844
2013-09-10,71.52461242675781
2013-09-11,72.16040802001953
2013-09-12,72.06255340576172
2013-09-13,72.342041015625
2013-09-16,71.85999298095703
2013-09-17,72.45381164550781
2013-09-18,73.34803009033203
2013-09-19,72.9149169921875
2013-09-20,73.29914855957031
2013-09-23,73.83710479736328
2013-09-24,74.633544921875
2013-09-25,74.78716278076172
2013-09-26,74.26325988769531
2013-09-27,74.44491577148438
2013-09-30,74.33308410644531
2013-10-01,74.1075668334961
2013-10-02,74.2196273803711
2013-10-03,74.10055541992188
2013-10-04,74.04454040527344
2013-10-07,74.34573364257812
2013-10-08,74.36668395996094
2013-10-09,73.77139282226562
2013-10-10,73.89041137695312
2013-10-11,73.86939239501953
2013-10-14,73.27401733398438
2013-10-15,73.22499084472656
2013-10-16,74.14257049560547
2013-10-17,74.81501007080078
2013-10-18,74.97615051269531
2013-10-21,74.73797607421875
2013-10-22,75.57147216796875
2013-10-23,75.86567687988281
2013-10-24,75.57147216796875
2013-10-25,75.85163116455078
2013-10-28,75.59251403808594
2013-10-29,75.69058990478516
2013-10-30,75.2352523803711
2013-10-31,75.39635467529297
2013-11-01,74.58026885986328
2013-11-04,74.65046691894531
2013-11-05,73.75855255126953
2013-11-06,73.79364776611328
2013-11-07,74.41873168945312
2013-11-08,72.6277847290039
2013-11-11,72.35391235351562
2013-11-12,72.69100189208984
2013-11-13,72.95793151855469
2013-11-14,73.40737915039062
2013-11-15,73.55487823486328
2013-11-18,73.99737548828125
2013-11-19,73.43546295166016
2013-11-20,72.18535614013672
2013-11-21,72.30474853515625
2013-11-22,72.97901153564453
2013-11-25,73.1896743774414
2013-11-26,73.46357727050781
2013-11-27,73.3371353149414
2013-11-29,73.35822296142578
2013-12-02,72.78763580322266
2013-12-03,73.05533599853516
2013-12-04,72.35797119140625
2013-12-05,72.15367126464844
2013-12-06,72.4988021850586
2013-12-09,72.66790008544922
2013-12-10,73.18915557861328
2013-12-11,72.62564086914062
2013-12-12,72.35087585449219
2013-12-13,72.70310974121094
2013-12-16,72.4354248046875
2013-12-17,72.75952911376953
2013-12-18,72.39317321777344
2013-12-19,72.32269287109375
2013-12-20,73.43569946289062
2013-12-23,73.02014923095703
2013-12-24,72.4354248046875
2013-12-26,72.15630340576172
2013-12-27,71.95133972167969
2013-12-30,72.44606018066406
2013-12-31,71.98666381835938
2014-01-02,72.20574951171875
2014-01-03,72.20574951171875
2014-01-06,72.5096664428711
2014-01-07,72.69336700439453
2014-01-08,72.49547576904297
2014-01-09,72.9195327758789
2014-01-10,73.78882598876953
2014-01-13,74.1562728881836
2014-01-14,73.81707763671875
2014-01-15,73.7393798828125
2014-01-16,74.2340316772461
2014-01-17,74.54497528076172
2014-01-21,74.60150909423828
2014-01-22,74.41776275634766
2014-01-23,75.47079467773438
2014-01-24,75.95844268798828
2014-01-27,75.42839813232422
2014-01-28,75.61215209960938
2014-01-29,76.23406982421875
2014-01-30,76.01500701904297
2014-01-31,76.52385711669922
2014-02-03,77.45628356933594
2014-02-04,76.63436889648438
2014-02-05,75.92581176757812
2014-02-06,75.59990692138672
2014-02-07,75.6636734008789
2014-02-10,75.876220703125
2014-02-11,75.43692779541016
2014-02-12,75.04725646972656
2014-02-13,75.47235107421875
2014-02-14,75.51484680175781
2014-02-18,75.68489074707031
2014-02-19,75.36605072021484
2014-02-20,75.181884765625
2014-02-21,75.57865905761719
2014-02-24,75.38729858398438
2014-02-25,76.06044006347656
2014-02-26,76.4642562866211
2014-02-27,76.88233184814453
2014-02-28,76.92487335205078
2014-03-03,77.43836212158203
2014-03-04,76.2735595703125
2014-03-05,76.43692016601562
2014-03-06,75.68408966064453
2014-03-07,75.20817565917969
2014-03-10,75.31470489501953
2014-03-11,75.51359558105469
2014-03-12,76.03914642333984
2014-03-13,77.06192779541016
2014-03-14,77.07612609863281
2014-03-17,76.5008544921875
2014-03-18,76.77784729003906
2014-03-19,76.18122100830078
2014-03-20,76.04627227783203
2014-03-21,76.87017059326172
2014-03-24,77.41709899902344
2014-03-25,77.12586975097656
2014-03-26,77.72955322265625
2014-03-27,78.12020874023438
2014-03-28,77.67984008789062
2014-03-31,77.48808288574219
2014-04-01,76.82587432861328
2014-04-02,76.38434600830078
2014-04-03,76.71904754638672
2014-04-04,77.23171997070312
2014-04-07,77.69459533691406
2014-04-08,77.87971496582031
2014-04-09,77.49520874023438
2014-04-10,78.21436309814453
2014-04-11,78.84811401367188
2014-04-14,78.64161682128906
2014-04-15,79.13292694091797
2014-04-16,79.23265075683594
2014-04-17,78.36394500732422
2014-04-21,78.29981994628906
2014-04-22,78.56333923339844
2014-04-23,79.01191711425781
2014-04-24,79.16140747070312
2014-04-25,79.27539825439453
2014-04-28,78.89087677001953
2014-04-29,78.7840805053711
2014-04-30,79.11161804199219
2014-05-01,79.96035766601562
2014-05-02,80.45285034179688
2014-05-05,79.96749114990234
2014-05-06,80.28868865966797
2014-05-07,80.0031509399414
2014-05-08,79.66053771972656
2014-05-09,79.40357208251953
2014-05-12,79.08235168457031
2014-05-13,79.767578125
2014-05-14,80.6313247680664
2014-05-15,81.27374267578125
2014-05-16,81.0452880859375
2014-05-19,80.44573974609375
2014-05-20,80.6241683959961
2014-05-21,80.13164520263672
2014-05-22,80.0174560546875
2014-05-23,80.44573974609375
2014-05-27,80.91682434082031
2014-05-28,81.9161376953125
2014-05-29,81.48072814941406
2014-05-30,81.44501495361328
2014-06-02,80.839599609375
2014-06-03,79.84486389160156
2014-06-04,79.8233413696289
2014-06-05,79.85918426513672
2014-06-06,79.85918426513672
2014-06-09,79.74468994140625
2014-06-10,79.45124816894531
2014-06-11,79.59439086914062
2014-06-12,80.3028564453125
2014-06-13,80.25992584228516
2014-06-16,80.46029663085938
2014-06-17,79.8233413696289
2014-06-18,80.43882751464844
2014-06-19,79.40831756591797
2014-06-20,80.00939178466797
2014-06-23,79.75892639160156
2014-06-24,80.56766510009766
2014-06-25,80.7751693725586
2014-06-26,81.16163635253906
2014-06-27,81.0400390625
2014-06-30,81.2403335571289
2014-07-01,80.56019592285156
2014-07-02,79.69916534423828
2014-07-03,79.41217041015625
2014-07-07,79.993408203125
2014-07-08,80.8902359008789
2014-07-09,80.9548110961914
2014-07-10,80.976318359375
2014-07-11,81.4928970336914
2014-07-14,81.14134216308594
2014-07-15,80.976318359375
2014-07-16,81.40680694580078
2014-07-17,82.43281555175781
2014-07-18,82.16732788085938
2014-07-21,82.57633972167969
2014-07-22,82.74849700927734
2014-07-23,82.64090728759766
2014-07-24,82.02388000488281
2014-07-25,82.99246978759766
2014-07-28,82.87767791748047
2014-07-29,83.17902374267578
2014-07-30,82.02388000488281
2014-07-31,81.77989959716797
2014-08-01,82.41295623779297
2014-08-04,82.19712829589844
2014-08-05,82.46333312988281
2014-08-06,82.51371765136719
2014-08-07,83.28341674804688
2014-08-08,83.10359954833984
2014-08-11,83.09639739990234
2014-08-12,82.55686950683594
2014-08-13,83.09639739990234
2014-08-14,83.76541137695312
2014-08-15,84.67902374267578
2014-08-18,83.83735656738281
2014-08-19,83.578369140625
2014-08-20,83.44169616699219
2014-08-21,83.90929412841797
2014-08-22,84.37691497802734
2014-08-25,84.69344329833984
2014-08-26,84.42011260986328
2014-08-27,85.13945007324219
2014-08-28,85.58544921875
2014-08-29,85.64302825927734
2014-09-02,84.16566467285156
2014-09-03,84.6343002319336
2014-09-04,83.60323333740234
2014-09-05,83.4446029663086
2014-09-08,83.48065185546875
2014-09-09,83.4157943725586
2014-09-10,82.88944244384766
2014-09-11,82.61547088623047
2014-09-12,81.75019836425781
2014-09-15,81.87275695800781
2014-09-16,81.54112243652344
2014-09-17,81.33200073242188
2014-09-18,81.59154510498047
2014-09-19,82.6298599243164
2014-09-22,82.73078155517578
2014-09-23,83.24273681640625
2014-09-24,82.78126525878906
2014-09-25,83.76184844970703
2014-09-26,83.63925170898438
2014-09-29,84.30984497070312
2014-09-30,83.833984375
2014-10-01,85.45957946777344
2014-10-02,84.7150650024414
2014-10-03,85.07646942138672
2014-10-06,85.12710571289062
2014-10-07,86.27641296386719
2014-10-08,86.2980728149414
2014-10-09,85.92218780517578
2014-10-10,86.77513122558594
2014-10-13,87.30282592773438
2014-10-14,87.87382507324219
2014-10-15,88.56780242919922
2014-10-16,88.00393676757812
2014-10-17,87.51241302490234
2014-10-20,87.83048248291016
2014-10-21,87.12932586669922
2014-10-22,87.2232894897461
2014-10-23,86.44988250732422
2014-10-24,86.53660583496094
2014-10-27,86.69561767578125
2014-10-28,86.15351104736328
2014-10-29,86.34872436523438
2014-10-30,86.42093658447266
2014-10-31,86.19684600830078
2014-11-03,86.19684600830078
2014-11-04,86.4649658203125
2014-11-05,86.34181213378906
2014-11-06,85.78385925292969
2014-11-07,86.76931762695312
2014-11-10,85.9722671508789
2014-11-11,86.03020477294922
2014-11-12,85.95775604248047
2014-11-13,86.16065979003906
2014-11-14,86.58092498779297
2014-11-17,86.36353302001953
2014-11-18,86.60261535644531
2014-11-19,86.05194091796875
2014-11-20,86.50117492675781
2014-11-21,87.02294158935547
2014-11-24,87.09530639648438
2014-11-25,87.8199691772461
2014-11-26,88.0590591430664
2014-11-28,88.75469970703125
2014-12-01,88.23688507080078
2014-12-02,87.37995147705078
2014-12-03,87.72125244140625
2014-12-04,88.45470428466797
2014-12-05,87.93912506103516
2014-12-08,89.01394653320312
2014-12-09,89.47142791748047
2014-12-10,90.12506866455078
2014-12-11,90.49545288085938
2014-12-12,91.7227554321289
2014-12-15,91.53392791748047
2014-12-16,92.66687774658203
2014-12-17,91.83174133300781
2014-12-18,90.19769287109375
2014-12-19,91.41046905517578
2014-12-22,91.53392791748047
2014-12-23,89.71833801269531
2014-12-24,90.20670318603516
2014-12-26,90.5415267944336
2014-12-29,91.21833038330078
2014-12-30,91.46576690673828
2014-12-31,91.640380859375
2015-01-02,92.6592788696289
2015-01-05,94.11482238769531
2015-01-06,95.81051635742188
2015-01-07,95.62126159667969
2015-01-08,94.35499572753906
2015-01-09,95.388427734375
2015-01-12,95.93424987792969
2015-01-13,95.93424987792969
2015-01-14,96.66197967529297
2015-01-15,98.18301391601562
2015-01-16,96.93125915527344
2015-01-20,98.21937561035156
2015-01-21,97.08407592773438
2015-01-22,96.73478698730469
2015-01-23,98.08113861083984
2015-01-26,97.78276824951172
2015-01-27,97.93565368652344
2015-01-28,99.53668212890625
2015-01-29,98.88166046142578
2015-01-30,100.63565826416016
2015-02-02,100.25572204589844
2015-02-03,98.13362121582031
2015-02-04,98.30132293701172
2015-02-05,97.2220458984375
2015-02-06,95.50100708007812
2015-02-09,95.34789276123047
2015-02-10,94.58950805664062
2015-02-11,94.7645034790039
2015-02-12,94.45096588134766
2015-02-13,93.4810562133789
2015-02-17,92.0736312866211
2015-02-18,92.62057495117188
2015-02-19,92.00802612304688
2015-02-20,92.27779388427734
2015-02-23,93.33525085449219
2015-02-24,94.5603256225586
2015-02-25,94.96869659423828
2015-02-26,93.67066192626953
2015-02-27,94.45818328857422
2015-03-02,92.69880676269531
2015-03-03,92.36273956298828
2015-03-04,92.3919677734375
2015-03-05,92.27500915527344
2015-03-06,90.23648071289062
2015-03-09,91.06944274902344
2015-03-10,92.2677001953125
2015-03-11,92.93986511230469
2015-03-12,92.8741226196289
2015-03-13,92.5892105102539
2015-03-16,93.48054504394531
2015-03-17,94.25509643554688
2015-03-18,96.07447814941406
2015-03-19,95.58494567871094
2015-03-20,96.08908081054688
2015-03-23,95.97212219238281
2015-03-24,96.90007781982422
2015-03-25,96.0816879272461
2015-03-26,94.58393859863281
2015-03-27,95.76026916503906
2015-03-30,95.28536224365234
2015-03-31,95.48993682861328
2015-04-01,96.744140625
2015-04-02,95.7190933227539
2015-04-06,95.18456268310547
2015-04-07,95.98265075683594
2015-04-08,96.01197052001953
2015-04-09,94.76725006103516
2015-04-10,94.90632629394531
2015-04-13,95.03820037841797
2015-04-14,95.7118148803711
2015-04-15,95.63118743896484
2015-04-16,95.1552734375
2015-04-17,96.24626922607422
2015-04-20,95.39690399169922
2015-04-21,94.9649429321289
2015-04-22,93.51519775390625
2015-04-23,93.91793823242188
2015-04-24,94.50362396240234
2015-04-27,94.50362396240234
2015-04-28,93.20034790039062
2015-04-29,92.05815124511719
2015-04-30,92.21926879882812
2015-05-01,90.97785186767578
2015-05-04,90.11937713623047
2015-05-05,89.99466705322266
2015-05-06,88.45394134521484
2015-05-07,89.64253234863281
2015-05-08,89.88462829589844
2015-05-11,87.69822692871094
2015-05-12,87.9256362915039
2015-05-13,87.2213363647461
2015-05-14,87.45610046386719
2015-05-15,89.20963287353516
2015-05-18,87.71289825439453
2015-05-19,86.9351577758789
2015-05-20,87.0819320678711
2015-05-21,88.29984283447266
2015-05-22,88.33653259277344
2015-05-26,89.84793090820312
2015-05-27,90.05335998535156
2015-05-28,89.83328247070312
2015-05-29,90.03130340576172
2015-06-01,89.06377410888672
2015-06-02,87.82111358642578
2015-06-03,86.40937805175781
2015-06-04,87.53439331054688
2015-06-05,86.46823120117188
2015-06-08,86.37265014648438
2015-06-09,85.68883514404297
2015-06-10,84.93888854980469
2015-06-11,86.72557067871094
2015-06-12,86.72557067871094
2015-06-15,86.86526489257812
2015-06-16,87.54902648925781
2015-06-17,86.87264251708984
2015-06-18,86.44617462158203
2015-06-19,87.55645751953125
2015-06-22,85.76969909667969
2015-06-23,85.25503540039062
2015-06-24,85.99031066894531
2015-06-25,85.68883514404297
2015-06-26,84.7256088256836
2015-06-29,86.96820068359375
2015-06-30,86.36527252197266
2015-07-01,85.19952392578125
2015-07-02,85.47953033447266
2015-07-06,87.06387329101562
2015-07-07,87.88185119628906
2015-07-08,88.64078521728516
2015-07-09,86.89439392089844
2015-07-10,85.51637268066406
2015-07-13,85.2510986328125
2015-07-14,85.53108978271484
2015-07-15,86.43751525878906
2015-07-16,87.03437042236328
2015-07-17,87.4839096069336
2015-07-20,87.1154556274414
2015-07-21,87.58705139160156
2015-07-22,88.13238525390625
2015-07-23,89.2303237915039
2015-07-24,89.45140838623047
2015-07-27,89.93038940429688
2015-07-28,89.2745590209961
2015-07-29,88.94292449951172
2015-07-30,89.62824249267578
2015-07-31,90.29145050048828
2015-08-03,91.24190521240234
2015-08-04,90.51819610595703
2015-08-05,89.83877563476562
2015-08-06,90.6363525390625
2015-08-07,91.8252944946289
2015-08-10,90.68801879882812
2015-08-11,92.12811279296875
2015-08-12,91.6259536743164
2015-08-13,91.33052825927734
2015-08-14,91.5447006225586
2015-08-17,91.95825958251953
2015-08-18,91.23453521728516
2015-08-19,92.13549041748047
2015-08-20,93.06598663330078
2015-08-21,93.34662628173828
2015-08-24,93.31712341308594
2015-08-25,91.81793975830078
2015-08-26,90.04557800292969
2015-08-27,90.09720611572266
2015-08-28,90.3630599975586
2015-08-31,89.66889190673828
2015-09-01,90.31497955322266
2015-09-02,89.53794860839844
2015-09-03,89.97457122802734
2015-09-04,90.79606628417969
2015-09-08,89.45651245117188
2015-09-09,89.8857192993164
2015-09-10,89.27886962890625
2015-09-11,89.84132385253906
2015-09-14,89.98194122314453
2015-09-15,88.25750732421875
2015-09-16,87.92449188232422
2015-09-17,88.99761962890625
2015-09-18,90.36679077148438
2015-09-21,88.89400482177734
2015-09-22,90.12998962402344
2015-09-23,90.1225814819336
2015-09-24,90.73685455322266
2015-09-25,89.9523696899414
2015-09-28,91.49180603027344
2015-09-29,91.7508316040039
2015-09-30,91.4325942993164
2015-10-01,91.82267761230469
2015-10-02,92.37889862060547
2015-10-05,91.12555694580078
2015-10-06,91.51861572265625
2015-10-07,91.21452331542969
2015-10-08,90.45063781738281
2015-10-09,90.68795013427734
2015-10-12,91.37767791748047
2015-10-13,91.53343200683594
2015-10-14,92.33439636230469
2015-10-15,91.88203430175781
2015-10-16,91.91172790527344
2015-10-19,91.65946197509766
2015-10-20,91.09587097167969
2015-10-21,92.00067901611328
2015-10-22,92.15638732910156
2015-10-23,91.37027740478516
2015-10-26,91.97840881347656
2015-10-27,92.20834350585938
2015-10-28,91.8375244140625
2015-10-29,90.37647247314453
2015-10-30,91.05878448486328
2015-11-02,90.64032745361328
2015-11-03,89.89704895019531
2015-11-04,90.00111389160156
2015-11-05,89.7632827758789
2015-11-06,88.44772338867188
2015-11-09,87.94969940185547
2015-11-10,88.2098388671875
2015-11-11,88.02408599853516
2015-11-12,88.44772338867188
2015-11-13,88.95314025878906
2015-11-16,88.87140655517578
2015-11-17,89.01998138427734
2015-11-18,89.20584106445312
2015-11-19,89.80040740966797
2015-11-20,89.52542114257812
2015-11-23,89.80040740966797
2015-11-24,89.79298400878906
2015-11-25,90.00111389160156
2015-11-27,89.91189575195312
2015-11-30,90.26870727539062
2015-12-01,91.48799133300781
2015-12-02,91.51776885986328
2015-12-03,89.02999877929688
2015-12-04,89.81208801269531
2015-12-07,90.68352508544922
2015-12-08,90.7282943725586
2015-12-09,90.63142395019531
2015-12-10,90.7506103515625
2015-12-11,92.18073272705078
2015-12-14,90.98895263671875
2015-12-15,90.45262908935547
2015-12-16,90.2590560913086
2015-12-17,91.27945709228516
2015-12-18,91.78592681884766
2015-12-21,91.76359558105469
2015-12-22,91.1006851196289
2015-12-23,90.41544342041016
2015-12-24,90.93340301513672
2015-12-28,91.20211029052734
2015-12-29,89.68695831298828
2015-12-30,89.5973892211914
2015-12-31,90.00045013427734
2016-01-04,90.64982604980469
2016-01-05,90.28408813476562
2016-01-06,91.50071716308594
2016-01-07,91.66483306884766
2016-01-08,92.07540130615234
2016-01-11,91.06780242919922
2016-01-12,92.38140869140625
2016-01-13,93.29202270507812
2016-01-14,92.41877746582031
2016-01-15,93.85931396484375
2016-01-19,93.56822204589844
2016-01-20,94.55345916748047
2016-01-21,93.91152954101562
2016-01-22,93.55326843261719
2016-01-25,94.06082153320312
2016-01-26,94.1056137084961
2016-01-27,94.08320617675781
2016-01-28,94.21761322021484
2016-01-29,95.01622009277344
2016-02-01,94.7253189086914
2016-02-02,96.48268127441406
2016-02-03,95.68254089355469
2016-02-04,96.14618682861328
2016-02-05,96.25830841064453
2016-02-08,98.32979583740234
2016-02-09,98.43445587158203
2016-02-10,99.30191040039062
2016-02-11,99.99738311767578
2016-02-12,98.33721923828125
2016-02-16,97.29776763916016
2016-02-17,96.69954681396484
2016-02-18,97.88856506347656
2016-02-19,97.9708251953125
2016-02-22,97.91849517822266
2016-02-23,98.31477355957031
2016-02-24,98.120361328125
2016-02-25,98.47181701660156
2016-02-26,97.5221176147461
2016-02-29,97.94837951660156
2016-03-01,96.22361755371094
2016-03-02,96.62078094482422
2016-03-03,96.9728775024414
2016-03-04,96.35101318359375
2016-03-07,96.32103729248047
2016-03-08,97.38491821289062
2016-03-09,96.7931137084961
2016-03-10,96.39596557617188
2016-03-11,95.4219970703125
2016-03-14,95.72163391113281
2016-03-15,95.81153869628906
2016-03-16,96.09625244140625
2016-03-17,96.49336242675781
2016-03-18,96.69569396972656
2016-03-21,95.95388793945312
2016-03-22,95.93145751953125
2016-03-23,97.01783752441406
2016-03-24,97.0553207397461
2016-03-28,97.18268585205078
2016-03-29,98.2016372680664
2016-03-30,97.16770935058594
2016-03-31,97.8569564819336
2016-04-01,98.11222839355469
2016-04-04,98.1722640991211
2016-04-05,99.24591827392578
2016-04-06,98.5251693725586
2016-04-07,99.74148559570312
2016-04-08,99.11077117919922
2016-04-11,98.98316192626953
2016-04-12,98.29997253417969
2016-04-13,98.64529418945312
2016-04-14,98.1722640991211
2016-04-15,99.0131607055664
2016-04-18,98.585205078125
2016-04-19,98.27738189697266
2016-04-20,97.19625854492188
2016-04-21,96.61822509765625
2016-04-22,96.37040710449219
2016-04-25,95.9725341796875
2016-04-26,95.53705596923828
2016-04-27,96.49054718017578
2016-04-28,96.88845825195312
2016-04-29,97.13622283935547
2016-05-02,96.158203125
2016-05-03,97.36941528320312
2016-05-04,97.903564453125
2016-05-05,98.55802154541016
2016-05-06,98.13678741455078
2016-05-09,98.4451904296875
2016-05-10,98.45275115966797
2016-05-11,99.00941467285156
2016-05-12,98.55802154541016
2016-05-13,99.51351165771484
2016-05-16,98.65586853027344
2016-05-17,98.82139587402344
2016-05-18,97.41458129882812
2016-05-19,97.83586883544922
2016-05-20,97.91108703613281
2016-05-23,98.12922668457031
2016-05-24,97.69290924072266
2016-05-25,97.32428741455078
2016-05-26,97.8283462524414
2016-05-27,97.6854019165039
2016-05-31,97.91860961914062
2016-06-01,98.31587982177734
2016-06-02,99.02452087402344
2016-06-03,100.43415832519531
2016-06-06,99.6878662109375
2016-06-07,99.92913818359375
2016-06-08,100.46430206298828
2016-06-09,101.11261749267578
2016-06-10,101.60261535644531
2016-06-13,102.05491638183594
2016-06-14,101.97952270507812
2016-06-15,102.3715591430664
2016-06-16,102.86907958984375
2016-06-17,102.2282943725586
2016-06-20,101.13522338867188
2016-06-21,100.66780853271484
2016-06-22,100.8337173461914
2016-06-23,99.68033599853516
2016-06-24,102.35643768310547
2016-06-27,104.91194915771484
2016-06-28,105.13060760498047
2016-06-29,104.32398986816406
2016-06-30,104.7083969116211
2016-07-01,106.16227722167969
2016-07-05,107.4914779663086
2016-07-06,107.66515350341797
2016-07-07,107.65753936767578
2016-07-08,108.45055389404297
2016-07-11,107.49903106689453
2016-07-12,105.7317886352539
2016-07-13,106.97791290283203
2016-07-14,105.42215728759766
2016-07-15,104.515869140625
2016-07-18,104.41769409179688
2016-07-19,105.00675964355469
2016-07-20,104.43279266357422
2016-07-21,104.64430236816406
2016-07-22,104.82550811767578
2016-07-25,104.74996185302734
2016-07-26,104.91609191894531
2016-07-27,106.22266387939453
2016-07-28,106.02637481689453
2016-07-29,106.9099349975586
2016-08-01,105.75083923339844
2016-08-02,104.66126251220703
2016-08-03,104.72183227539062
2016-08-04,105.5086898803711
2016-08-05,104.41163635253906
2016-08-08,104.60831451416016
2016-08-09,105.63731384277344
2016-08-10,106.04582214355469
2016-08-11,105.10014343261719
2016-08-12,105.98536682128906
2016-08-15,104.98664093017578
2016-08-16,104.70669555664062
2016-08-17,105.33467864990234
2016-08-18,105.50110626220703
2016-08-19,104.94881439208984
2016-08-22,105.83396911621094
2016-08-23,105.94754028320312
2016-08-24,105.6978530883789
2016-08-25,105.29683685302734
2016-08-26,104.68399047851562
2016-08-29,106.08380126953125
2016-08-30,105.67510986328125
2016-08-31,105.82648468017578
2016-09-01,105.94318389892578
2016-09-02,105.07909393310547
2016-09-06,105.84464263916016
2016-09-07,105.76886749267578
2016-09-08,104.4424057006836
2016-09-09,102.72183227539062
2016-09-12,102.77487182617188
2016-09-13,101.60753631591797
2016-09-14,101.75914764404297
2016-09-15,101.31951141357422
2016-09-16,102.13815307617188
2016-09-19,101.80457305908203
2016-09-20,102.16088104248047
2016-09-21,102.98706817626953
2016-09-22,103.80565643310547
2016-09-23,103.70716857910156
2016-09-26,104.3665771484375
2016-09-27,105.13214874267578
2016-09-28,104.9047622680664
2016-09-29,105.17005920410156
2016-09-30,104.2300796508789
2016-10-03,103.88617706298828
2016-10-04,102.67124938964844
2016-10-05,102.19282531738281
2016-10-06,101.6233139038086
2016-10-07,101.6916732788086
2016-10-10,101.09181213378906
2016-10-11,100.8639144897461
2016-10-12,100.96273040771484
2016-10-13,101.34237670898438
2016-10-14,99.92237854003906
2016-10-17,100.56021118164062
2016-10-18,100.88676452636719
2016-10-19,100.97029876708984
2016-10-20,101.07661437988281
2016-10-21,101.22844696044922
2016-10-24,100.78809356689453
2016-10-25,101.0538330078125
2016-10-26,100.37042236328125
2016-10-27,99.27696990966797
2016-10-28,99.05677795410156
2016-10-31,99.66423034667969
2016-11-01,99.67182159423828
2016-11-02,100.10545349121094
2016-11-03,99.33707427978516
2016-11-04,100.22723388671875
2016-11-07,99.37511444091797
2016-11-08,98.97183990478516
2016-11-09,94.77229309082031
2016-11-10,93.3724136352539
2016-11-11,92.84750366210938
2016-11-14,92.29208374023438
2016-11-15,92.74858856201172
2016-11-16,93.58545684814453
2016-11-17,92.20842742919922
2016-11-18,91.942138671875
2016-11-21,92.1703872680664
2016-11-22,92.13992309570312
2016-11-23,91.78240203857422
2016-11-25,91.9192886352539
2016-11-28,92.59645080566406
2016-11-29,92.98442840576172
2016-11-30,91.47799682617188
2016-12-01,90.51217651367188
2016-12-02,91.17539978027344
2016-12-05,91.07628631591797
2016-12-06,91.00768280029297
2016-12-07,91.7852783203125
2016-12-08,90.7027359008789
2016-12-09,89.57451629638672
2016-12-12,89.74221801757812
2016-12-13,90.06237030029297
2016-12-14,89.05609130859375
2016-12-15,89.50587463378906
2016-12-16,89.300048828125
2016-12-19,90.2605972290039
2016-12-20,89.81084442138672
2016-12-21,90.2072525024414
2016-12-22,90.04595184326172
2016-12-23,90.22940063476562
2016-12-27,89.93893432617188
2016-12-28,90.59628295898438
2016-12-29,90.91732025146484
2016-12-30,91.05489349365234
2017-01-03,91.44471740722656
2017-01-04,91.79630279541016
2017-01-05,93.23323822021484
2017-01-06,92.37718200683594
2017-01-09,93.11859130859375
2017-01-10,93.05744171142578
2017-01-11,93.37079620361328
2017-01-12,93.1644515991211
2017-01-13,92.72109985351562
2017-01-17,93.69184875488281
2017-01-18,92.4918441772461
2017-01-19,91.8574447631836
2017-01-20,91.67400360107422
2017-01-23,92.5912094116211
2017-01-24,91.95679473876953
2017-01-25,90.80265808105469
2017-01-26,91.10836791992188
2017-01-27,91.43708038330078
2017-01-30,91.1618881225586
2017-01-31,91.79630279541016
2017-02-01,91.22864532470703
2017-02-02,91.19041442871094
2017-02-03,91.15209197998047
2017-02-06,91.70365142822266
2017-02-07,92.3776626586914
2017-02-08,93.63388061523438
2017-02-09,92.5538330078125
2017-02-10,92.50020599365234
2017-02-13,92.2091293334961
2017-02-14,91.54275512695312
2017-02-15,91.12145233154297
2017-02-16,91.61932373046875
2017-02-17,92.16319274902344
2017-02-21,92.00233459472656
2017-02-22,92.15554809570312
2017-02-23,92.43126678466797
2017-02-24,93.45770263671875
2017-02-27,92.90620422363281
2017-02-28,93.25090789794922
2017-03-01,91.68830871582031
2017-03-02,91.35828399658203
2017-03-03,91.59624481201172
2017-03-06,91.15876007080078
2017-03-07,90.88249969482422
2017-03-08,90.39131164550781
2017-03-09,89.6698989868164
2017-03-10,89.98458099365234
2017-03-13,89.41664123535156
2017-03-14,89.846435546875
2017-03-15,90.94390869140625
2017-03-16,90.48346710205078
2017-03-17,91.0513687133789
2017-03-20,91.4427490234375
2017-03-21,92.20255279541016
2017-03-22,92.57093048095703
2017-03-23,92.44046783447266
2017-03-24,92.77045440673828
2017-03-27,93.19253540039062
2017-03-28,92.57093048095703
2017-03-29,93.1235122680664
2017-03-30,92.37138366699219
2017-03-31,92.64002227783203
2017-04-03,93.57443237304688
2017-04-04,93.06686401367188
2017-04-05,93.35140228271484
2017-04-06,93.21297454833984
2017-04-07,92.83609771728516
2017-04-10,93.26676940917969
2017-04-11,94.15122985839844
2017-04-12,94.66650390625
2017-04-13,94.95878601074219
2017-04-17,94.66650390625
2017-04-18,95.90475463867188
2017-04-19,95.38175964355469
2017-04-20,95.01261901855469
2017-04-21,95.01261901855469
2017-04-24,94.54347229003906
2017-04-25,93.40522766113281
2017-04-26,93.92047882080078
2017-04-27,93.88971710205078
2017-04-28,94.09735107421875
2017-05-01,93.31517028808594
2017-05-02,93.79299926757812
2017-05-03,93.85462188720703
2017-05-04,93.39222717285156
2017-05-05,93.47699737548828
2017-05-08,92.96834564208984
2017-05-09,92.96064758300781
2017-05-10,92.85274505615234
2017-05-11,92.85274505615234
2017-05-12,93.55406188964844
2017-05-15,93.29972839355469
2017-05-16,93.64659118652344
2017-05-17,95.0106430053711
2017-05-18,95.11856842041016
2017-05-19,95.34210205078125
2017-05-22,95.08003997802734
2017-05-23,94.44037628173828
2017-05-24,94.97213745117188
2017-05-25,95.00292205810547
2017-05-26,95.16481018066406
2017-05-30,95.63491821289062
2017-05-31,95.87385559082031
2017-06-01,95.8839111328125
2017-06-02,97.01921844482422
2017-06-05,96.41680145263672
2017-06-06,96.94200134277344
2017-06-07,96.47857666015625
2017-06-08,96.22370910644531
2017-06-09,96.07698059082031
2017-06-12,96.04607391357422
2017-06-13,96.06151580810547
2017-06-14,97.54437255859375
2017-06-15,97.38993072509766
2017-06-16,97.58300018310547
2017-06-19,97.44400024414062
2017-06-20,98.31671142578125
2017-06-21,98.51752471923828
2017-06-22,98.73374938964844
2017-06-23,98.68742370605469
2017-06-26,99.05812072753906
2017-06-27,98.00003814697266
2017-06-28,97.67567443847656
2017-06-29,96.85701751708984
2017-06-30,96.63306427001953
2017-07-03,96.32190704345703
2017-07-05,96.34513854980469
2017-07-06,95.54801940917969
2017-07-07,94.9753646850586
2017-07-10,95.1146240234375
2017-07-11,95.27716827392578
2017-07-12,95.93495178222656
2017-07-13,95.33129119873047
2017-07-14,95.44742584228516
2017-07-17,95.7105484008789
2017-07-18,96.54631805419922
2017-07-19,96.5850601196289
2017-07-20,96.86367797851562
2017-07-21,97.2738265991211
2017-07-24,96.8946533203125
2017-07-25,95.63314819335938
2017-07-26,95.78795623779297
2017-07-27,95.31584930419922
2017-07-28,95.88082885742188
2017-07-31,95.99687957763672
2017-08-01,96.67083740234375
2017-08-02,96.7251968383789
2017-08-03,97.72569274902344
2017-08-04,96.89579772949219
2017-08-07,97.00440216064453
2017-08-08,96.65531921386719
2017-08-09,97.18280029296875
2017-08-10,98.0126724243164
2017-08-11,98.05921936035156
2017-08-14,97.55508422851562
2017-08-15,97.14399719238281
2017-08-16,97.50077056884766
2017-08-17,98.2298583984375
2017-08-18,98.20655059814453
2017-08-21,98.44702911376953
2017-08-22,98.06697082519531
2017-08-23,98.73397827148438
2017-08-24,98.36943817138672
2017-08-25,98.74949645996094
2017-08-28,98.68746185302734
2017-08-29,99.00540924072266
2017-08-30,98.97441864013672
2017-08-31,99.26915740966797
2017-09-01,98.50982666015625
2017-09-05,100.07194519042969
2017-09-06,99.4579849243164
2017-09-07,100.47614288330078
2017-09-08,100.258544921875
2017-09-11,99.0616226196289
2017-09-12,98.5409164428711
2017-09-13,98.15233612060547
2017-09-14,98.5564956665039
2017-09-15,98.59536743164062
2017-09-18,98.02799224853516
2017-09-19,97.7870101928711
2017-09-20,97.85698699951172
2017-09-21,97.8025894165039
2017-09-22,98.0823974609375
2017-09-25,98.69634246826172
2017-09-26,98.517578125
2017-09-27,97.03314208984375
2017-09-28,96.74554443359375
2017-09-29,96.96321868896484
2017-10-02,96.7856216430664
2017-10-03,96.87906646728516
2017-10-04,96.8868637084961
2017-10-05,96.52088165283203
2017-10-06,96.24827575683594
2017-10-09,96.55199432373047
2017-10-10,96.707763671875
2017-10-11,96.89468383789062
2017-10-12,97.30744934082031
2017-10-13,98.00833129882812
2017-10-16,97.938232421875
2017-10-17,98.06282043457031
2017-10-18,97.41641998291016
2017-10-19,97.58778381347656
2017-10-20,96.55199432373047
2017-10-23,96.72335052490234
2017-10-24,96.12367248535156
2017-10-25,95.66424560546875
2017-10-26,95.3449478149414
2017-10-27,95.97572326660156
2017-10-30,96.89468383789062
2017-10-31,96.9258041381836
2017-11-01,97.35738372802734
2017-11-02,97.78662109375
2017-11-03,98.05197143554688
2017-11-06,98.41875457763672
2017-11-07,98.83238220214844
2017-11-08,98.6138916015625
2017-11-09,98.33289337158203
2017-11-10,96.85012817382812
2017-11-13,97.05301666259766
2017-11-14,97.70852661132812
2017-11-15,98.76996612548828
2017-11-16,97.91151428222656
2017-11-17,98.63725280761719
2017-11-20,98.5982437133789
2017-11-21,98.91041564941406
2017-11-22,99.23037719726562
2017-11-24,98.95726013183594
2017-11-27,98.81676483154297
2017-11-28,98.9494400024414
2017-11-29,97.97389221191406
2017-11-30,97.64616394042969
2017-12-01,98.9638442993164
2017-12-04,99.01074981689453
2017-12-05,99.50342559814453
2017-12-06,99.8475112915039
2017-12-07,99.06549835205078
2017-12-08,99.07330322265625
2017-12-11,98.87003326416016
2017-12-12,98.83089447021484
2017-12-13,99.57378387451172
2017-12-14,99.9961166381836
2017-12-15,100.37145233154297
2017-12-18,99.4565200805664
2017-12-19,98.16616821289062
2017-12-20,97.07918548583984
2017-12-21,97.64500427246094
2017-12-22,97.7781982421875
2017-12-26,98.06816101074219
2017-12-27,99.34553527832031
2017-12-28,99.25935363769531
2017-12-29,99.41606903076172
2018-01-02,98.34246826171875
2018-01-03,98.8126449584961
2018-01-04,98.79700469970703
2018-01-05,98.51486206054688
2018-01-08,98.45218658447266
2018-01-09,97.13561248779297
2018-01-10,97.0180435180664
2018-01-11,97.41773223876953
2018-01-12,97.58231353759766
2018-01-16,97.98979187011719
2018-01-17,97.85658264160156
2018-01-18,96.94755554199219
2018-01-19,96.43812561035156
2018-01-22,96.5322036743164
2018-01-23,96.94755554199219
2018-01-24,96.42247772216797
2018-01-25,97.21402740478516
2018-01-26,96.85347747802734
2018-01-29,96.17959594726562
2018-01-30,95.61532592773438
2018-01-31,96.17959594726562
2018-02-01,94.78563690185547
2018-02-02,93.9061050415039
2018-02-05,94.79346466064453
2018-02-06,94.20450592041016
2018-02-07,93.30928039550781
2018-02-08,93.20719146728516
2018-02-09,92.61821746826172
2018-02-12,93.02658081054688
2018-02-13,93.4427719116211
2018-02-14,92.40618896484375
2018-02-15,92.72028350830078
2018-02-16,93.2228775024414
2018-02-20,92.81454467773438
2018-02-21,91.67584991455078
2018-02-22,91.95069885253906
2018-02-23,92.76741790771484
2018-02-26,92.79883575439453
2018-02-27,92.66533660888672
2018-02-28,93.25430297851562
2018-03-01,93.89090728759766
2018-03-02,93.12757873535156
2018-03-05,92.87579345703125
2018-03-06,92.96237182617188
2018-03-07,92.86003875732422
2018-03-08,93.39515686035156
2018-03-09,92.78138732910156
2018-03-12,93.31645965576172
2018-03-13,93.78856658935547
2018-03-14,94.61483764648438
2018-03-15,94.61483764648438
2018-03-16,94.27645874023438
2018-03-19,93.97746276855469
2018-03-20,93.59974670410156
2018-03-21,93.70204162597656
2018-03-22,94.63055419921875
2018-03-23,94.55970764160156
2018-03-26,94.19776153564453
2018-03-27,95.20494842529297
2018-03-28,95.45677185058594
2018-03-29,95.9210433959961
2018-04-02,96.11027526855469
2018-04-03,95.36908721923828
2018-04-04,95.17195892333984
2018-04-05,94.46222686767578
2018-04-06,95.4952163696289
2018-04-09,95.65294647216797
2018-04-10,95.47944641113281
2018-04-11,95.81855010986328
2018-04-12,95.11672973632812
2018-04-13,95.33753204345703
2018-04-16,95.36908721923828
2018-04-17,95.62928009033203
2018-04-18,94.8643798828125
2018-04-19,94.09156036376953
2018-04-20,93.41342163085938
2018-04-23,93.43707275390625
2018-04-24,93.0112533569336
2018-04-25,92.38829040527344
2018-04-26,93.03489685058594
2018-04-27,93.75250244140625
2018-04-30,93.91810607910156
2018-05-01,93.579833984375
2018-05-02,93.47710418701172
2018-05-03,93.89594268798828
2018-05-04,94.03823852539062
2018-05-07,93.88807678222656
2018-05-08,93.8011245727539
2018-05-09,93.23999786376953
2018-05-10,93.99081420898438
2018-05-11,94.2278823852539
2018-05-14,93.73001098632812
2018-05-15,92.66307830810547
2018-05-16,92.30745697021484
2018-05-17,91.84115600585938
2018-05-18,92.63148498535156
2018-05-21,92.67890930175781
2018-05-22,92.5366439819336
2018-05-23,93.2083969116211
2018-05-24,93.95128631591797
2018-05-25,94.53607940673828
2018-05-29,96.6067123413086
2018-05-30,95.9586410522461
2018-05-31,95.80060577392578
2018-06-01,95.29442596435547
2018-06-04,94.60525512695312
2018-06-05,94.82706451416016
2018-06-06,94.05868530273438
2018-06-07,94.9696273803711
2018-06-08,94.68444061279297
2018-06-11,94.51017761230469
2018-06-12,94.53396606445312
2018-06-13,94.48641967773438
2018-06-14,95.27063751220703
2018-06-15,95.35774993896484
2018-06-18,95.27063751220703
2018-06-19,95.82514953613281
2018-06-20,94.98551177978516
2018-06-21,95.4845199584961
2018-06-22,95.47661590576172
2018-06-25,95.69051361083984
2018-06-26,95.82514953613281
2018-06-27,96.72820281982422
2018-06-28,96.75194549560547
2018-06-29,96.41925811767578
2018-07-02,96.34385681152344
2018-07-03,96.85990142822266
2018-07-05,97.13772583007812
2018-07-06,97.45530700683594
2018-07-09,96.82814025878906
2018-07-10,96.82019805908203
2018-07-11,97.19330596923828
2018-07-12,97.18537139892578
2018-07-13,97.43151092529297
2018-07-16,97.02657318115234
2018-07-17,96.84403228759766
2018-07-18,96.45499420166016
2018-07-19,97.06632232666016
2018-07-20,95.87541961669922
2018-07-23,94.69244384765625
2018-07-24,95.01795196533203
2018-07-25,94.86714172363281
2018-07-26,94.68450164794922
2018-07-27,94.84326171875
2018-07-30,94.51776885986328
2018-07-31,95.03382110595703
2018-08-01,94.25963592529297
2018-08-02,94.39490509033203
2018-08-03,94.86436462402344
2018-08-06,94.9200439453125
2018-08-07,94.42671966552734
2018-08-08,94.5221939086914
2018-08-09,95.31792449951172
2018-08-10,96.01018524169922
2018-08-13,95.81124877929688
2018-08-14,95.59644317626953
2018-08-15,96.15339660644531
2018-08-16,96.14543914794922
2018-08-17,96.2647933959961
2018-08-20,96.90934753417969
2018-08-21,96.58304595947266
2018-08-22,96.96500396728516
2018-08-23,97.1162109375
2018-08-24,97.30715942382812
2018-08-27,96.75016784667969
2018-08-28,96.1693115234375
2018-08-29,96.29664611816406
2018-08-30,96.50348663330078
2018-08-31,96.28070068359375
2018-09-04,95.72404479980469
2018-09-05,95.46883392333984
2018-09-06,95.81977081298828
2018-09-07,95.00630187988281
2018-09-10,95.35718536376953
2018-09-11,94.63148498535156
2018-09-12,94.85478973388672
2018-09-13,94.99828338623047
2018-09-14,94.54374694824219
2018-09-17,94.54374694824219
2018-09-18,93.55484771728516
2018-09-19,92.99657440185547
2018-09-20,93.4272689819336
2018-09-21,93.38733673095703
2018-09-24,93.14812469482422
2018-09-25,93.05243682861328
2018-09-26,93.7063980102539
2018-09-27,93.77018737792969
2018-09-28,93.52295684814453
2018-10-01,92.83638000488281
2018-10-02,93.4038314819336
2018-10-03,91.78131103515625
2018-10-04,91.1339111328125
2018-10-05,90.3506088256836
2018-10-08,90.0468978881836
2018-10-09,90.95806884765625
2018-10-10,90.71028900146484
2018-10-11,91.81326293945312
2018-10-12,91.49354553222656
2018-10-15,91.4535903930664
2018-10-16,91.66146850585938
2018-10-17,91.11790466308594
2018-10-18,91.08594512939453
2018-10-19,90.88612365722656
2018-10-22,90.7662353515625
2018-10-23,91.05396270751953
2018-10-24,91.74137115478516
2018-10-25,91.35771942138672
2018-10-26,91.90923309326172
2018-10-29,91.70143127441406
2018-10-30,91.24581909179688
2018-10-31,90.78224182128906
2018-11-01,90.86636352539062
2018-11-02,89.73666381835938
2018-11-05,90.08917236328125
2018-11-06,90.03309631347656
2018-11-07,90.15325927734375
2018-11-08,90.1452407836914
2018-11-09,90.81829071044922
2018-11-12,91.41116333007812
2018-11-13,91.3550796508789
2018-11-14,91.41116333007812
2018-11-15,91.37112426757812
2018-11-16,91.89988708496094
2018-11-19,92.15631103515625
2018-11-20,92.1883773803711
2018-11-21,92.15631103515625
2018-11-23,92.25244903564453
2018-11-26,92.0441665649414
2018-11-27,92.1483154296875
2018-11-28,91.69963073730469
2018-11-29,92.06018829345703
2018-11-30,92.40469360351562
2018-12-03,93.06080627441406
2018-12-04,94.6187973022461
2018-12-06,94.91592407226562
2018-12-07,95.09260559082031
2018-12-10,95.48612213134766
2018-12-11,95.47005462646484
2018-12-12,95.04439544677734
2018-12-13,94.81957244873047
2018-12-14,95.14881134033203
2018-12-17,95.70293426513672
2018-12-18,96.27609252929688
2018-12-19,97.54798889160156
2018-12-20,97.19376373291016
2018-12-21,97.17768859863281
2018-12-24,97.66068267822266
2018-12-26,96.61417388916016
2018-12-27,96.63030242919922
2018-12-28,97.44332122802734
2018-12-31,97.8136215209961
2019-01-02,98.32879638671875
2019-01-03,99.4477310180664
2019-01-04,98.29660034179688
2019-01-07,98.00682830810547
2019-01-08,97.74919891357422
2019-01-09,97.5962905883789
2019-01-10,96.9683609008789
2019-01-11,97.34669494628906
2019-01-14,96.98448181152344
2019-01-15,96.63030242919922
2019-01-16,96.72689819335938
2019-01-17,96.75100708007812
2019-01-18,96.24388885498047
2019-01-22,96.8958969116211
2019-01-23,96.85566711425781
2019-01-24,97.49159240722656
2019-01-25,97.02469635009766
2019-01-28,96.92813110351562
2019-01-29,97.41915893554688
2019-01-30,97.34669494628906
2019-01-31,98.18392181396484
2019-02-01,97.59088134765625
2019-02-04,97.15521240234375
2019-02-05,97.59894561767578
2019-02-06,97.64737701416016
2019-02-07,98.29279327392578
2019-02-08,98.71235656738281
2019-02-11,98.3250961303711
2019-02-12,98.07499694824219
2019-02-13,97.70388793945312
2019-02-14,98.26055908203125
2019-02-15,98.41383361816406
2019-02-19,98.6639633178711
2019-02-20,98.38156127929688
2019-02-21,97.50215911865234
2019-02-22,98.08305358886719
2019-02-25,97.7926025390625
2019-02-26,98.27669525146484
2019-02-27,97.16327667236328
2019-02-28,96.83248138427734
2019-03-01,95.93751525878906
2019-03-04,96.68939971923828
2019-03-05,96.89152526855469
2019-03-06,97.24726104736328
2019-03-07,97.87792205810547
2019-03-08,98.29022979736328
2019-03-11,97.99922943115234
2019-03-12,98.68643188476562
2019-03-13,98.50042724609375
2019-03-14,97.78900909423828
2019-03-15,98.43577575683594
2019-03-18,98.37918090820312
2019-03-19,98.16089630126953
2019-03-20,99.18766021728516
2019-03-21,99.40599060058594
2019-03-22,100.95022583007812
2019-03-25,101.11193084716797
2019-03-26,101.03917694091797
2019-03-27,101.96894073486328
2019-03-28,102.32469940185547
2019-03-29,102.2276382446289
2019-04-01,100.77561950683594
2019-04-02,100.9620132446289
2019-04-03,100.08685302734375
2019-04-04,100.37053680419922
2019-04-05,100.5001220703125
2019-04-08,100.14360046386719
2019-04-09,100.45965576171875
2019-04-10,100.70269012451172
2019-04-11,100.11119842529297
2019-04-12,99.39816284179688
2019-04-15,99.64932250976562
2019-04-16,99.02545166015625
2019-04-17,99.0659408569336
2019-04-18,99.58454132080078
2019-04-22,99.1064682006836
2019-04-23,99.31713104248047
2019-04-24,100.12743377685547
2019-04-25,99.98158264160156
2019-04-26,100.32184600830078
2019-04-29,99.68179321289062
2019-04-30,100.19225311279297
2019-05-01,100.60554504394531
2019-05-02,100.1264877319336
2019-05-03,100.41063690185547
2019-05-06,100.68670654296875
2019-05-07,101.45811462402344
2019-05-08,101.0196533203125
2019-05-09,101.43376159667969
2019-05-10,101.2956771850586
2019-05-13,102.09147644042969
2019-05-14,101.79107666015625
2019-05-15,102.4162826538086
2019-05-16,102.07522583007812
2019-05-17,102.30260467529297
2019-05-20,102.09147644042969
2019-05-21,101.92906188964844
2019-05-22,102.5136947631836
2019-05-23,103.66670989990234
2019-05-24,103.75604248046875
2019-05-28,104.50308990478516
2019-05-29,104.8197250366211
2019-05-30,105.7210922241211
2019-05-31,107.04462432861328
2019-06-03,107.76057434082031
2019-06-04,106.53202056884766
2019-06-05,105.92987823486328
2019-06-06,106.27162170410156
2019-06-07,107.19107055664062
2019-06-10,106.18213653564453
2019-06-11,106.24723815917969
2019-06-12,106.32858276367188
2019-06-13,106.6947250366211
2019-06-14,106.96327209472656
2019-06-17,107.1503677368164
2019-06-18,107.68740844726562
2019-06-19,107.84194946289062
2019-06-20,108.12679290771484
2019-06-21,106.93881225585938
2019-06-24,107.7361831665039
2019-06-25,108.06980895996094
2019-06-26,107.37824249267578
2019-06-27,108.13494873046875
2019-06-28,108.06171417236328
2019-07-01,107.80896759033203
2019-07-02,108.6405258178711
2019-07-03,109.41497802734375
2019-07-05,107.9638442993164
2019-07-08,108.11058044433594
2019-07-09,108.06980895996094
2019-07-10,107.47472381591797
2019-07-11,106.03987121582031
2019-07-12,106.1621322631836
2019-07-15,106.77355194091797
2019-07-16,106.45562744140625
2019-07-17,107.6051254272461
2019-07-18,107.61331939697266
2019-07-19,107.36055755615234
2019-07-22,107.56436157226562
2019-07-23,106.97743225097656
2019-07-24,107.44209289550781
2019-07-25,106.92848205566406
2019-07-26,107.18120574951172
2019-07-29,107.21378326416016
2019-07-30,107.47472381591797
2019-07-31,108.33885955810547
2019-08-01,110.49053955078125
2019-08-02,111.51162719726562
2019-08-05,113.43941497802734
2019-08-06,114.34616088867188
2019-08-07,114.3869857788086
2019-08-08,114.63206481933594
2019-08-09,114.40333557128906
2019-08-12,116.78866577148438
2019-08-13,116.38835144042969
2019-08-14,119.0105209350586
2019-08-15,120.33389282226562
2019-08-16,119.37000274658203
2019-08-19,117.66266632080078
2019-08-20,118.87979125976562
2019-08-21,118.08745574951172
2019-08-22,117.30329895019531
2019-08-23,119.2310791015625
2019-08-26,118.74910736083984
2019-08-27,120.57887268066406
2019-08-28,120.7341079711914
2019-08-29,120.27665710449219
2019-08-30,120.30933380126953
2019-09-03,120.46485137939453
2019-09-04,120.64483642578125
2019-09-05,118.45999908447266
2019-09-06,119.3027572631836
2019-09-09,117.18331909179688
2019-09-10,115.12938690185547
2019-09-11,114.92485046386719
2019-09-12,114.17190551757812
2019-09-13,111.73333740234375
2019-09-16,113.1572265625
2019-09-17,113.77098083496094
2019-09-18,114.2538070678711
2019-09-19,114.5974349975586
2019-09-20,116.11137390136719
2019-09-23,116.0868148803711
2019-09-24,117.48614501953125
2019-09-25,115.76769256591797
2019-09-26,116.51232147216797
2019-09-27,116.7988052368164
2019-09-30,117.08515167236328
2019-10-01,117.43767547607422
2019-10-02,117.72459411621094
2019-10-03,118.79843139648438
2019-10-04,119.67561340332031
2019-10-07,118.68370819091797
2019-10-08,119.0034408569336
2019-10-09,118.33119201660156
2019-10-10,116.5687026977539
2019-10-11,115.12599182128906
2019-10-14,115.96208190917969
2019-10-15,114.5603256225586
2019-10-16,114.69970703125
2019-10-17,114.42095184326172
2019-10-18,114.42095184326172
2019-10-21,113.56027221679688
2019-10-22,114.22422790527344
2019-10-23,114.33901977539062
2019-10-24,114.10950469970703
2019-10-25,113.55207061767578
2019-10-28,112.51909637451172
2019-10-29,112.59296417236328
2019-10-30,114.24058532714844
2019-10-31,115.78179931640625
2019-11-01,115.42536926269531
2019-11-04,113.90619659423828
2019-11-05,112.62513732910156
2019-11-06,113.30670928955078
2019-11-07,111.2538070678711
2019-11-08,110.7856674194336
2019-11-11,110.859619140625
2019-11-12,111.36870574951172
2019-11-13,112.09136962890625
2019-11-14,113.24925231933594
2019-11-15,113.12601470947266
2019-11-18,113.33139038085938
2019-11-19,114.27570343017578
2019-11-20,115.45822143554688
2019-11-21,114.7355728149414
2019-11-22,114.88335418701172
2019-11-25,115.2200698852539
2019-11-26,115.89349365234375
2019-11-27,115.55675506591797
2019-11-29,115.3104248046875
2019-12-02,113.77293395996094
2019-12-03,116.15850067138672
2019-12-04,114.9986343383789
2019-12-05,114.43926239013672
2019-12-06,113.8058853149414
2019-12-09,114.05266571044922
2019-12-10,114.06087493896484
2019-12-11,114.9575424194336
2019-12-12,113.0655517578125
2019-12-13,114.37345123291016
2019-12-16,113.34522247314453
2019-12-17,113.18894958496094
2019-12-18,112.25936126708984
2019-12-19,112.4389877319336
2019-12-20,112.58732604980469
2019-12-23,112.42253112792969
2019-12-24,112.74385070800781
2019-12-26,113.0157699584961
2019-12-27,113.13936614990234
2019-12-30,112.7274169921875
2019-12-31,111.6233901977539
2020-01-02,112.88390350341797
2020-01-03,114.62236022949219
2020-01-06,113.97147369384766
2020-01-07,113.41119384765625
2020-01-08,112.66151428222656
2020-01-09,113.05696105957031
2020-01-10,114.06212615966797
2020-01-13,113.71605682373047
2020-01-14,114.30105590820312
2020-01-15,115.05902099609375
2020-01-16,114.69652557373047
2020-01-17,113.71605682373047
2020-01-21,114.91071319580078
2020-01-22,115.31452178955078
2020-01-23,116.12194061279297
2020-01-24,117.06111907958984
2020-01-27,118.88198852539062
2020-01-28,117.95098114013672
2020-01-29,119.1044692993164
2020-01-30,119.12091827392578
2020-01-31,120.20851135253906
2020-02-03,120.111083984375
2020-02-04,118.49357604980469
2020-02-05,117.19788360595703
2020-02-06,117.72602081298828
2020-02-07,119.19502258300781
2020-02-10,119.52510833740234
2020-02-11,118.92268371582031
2020-02-12,118.32025909423828
2020-02-13,118.77415466308594
2020-02-14,119.29411315917969
2020-02-18,120.111083984375
2020-02-19,120.10287475585938
2020-02-20,121.04363250732422
2020-02-21,122.17427062988281
2020-02-24,123.99818420410156
2020-02-25,124.65841674804688
2020-02-26,123.99818420410156
2020-02-27,125.34342193603516
2020-02-28,128.174072265625
2020-03-02,127.2311019897461
2020-03-03,129.2063751220703
2020-03-04,127.83439636230469
2020-03-05,131.01638793945312
2020-03-06,137.8350067138672
2020-03-09,141.57073974609375
2020-03-10,134.3141326904297
2020-03-11,129.3716583251953
2020-03-12,130.17340087890625
2020-03-13,127.2311019897461
2020-03-16,135.4711456298828
2020-03-17,126.4375991821289
2020-03-18,119.30497741699219
2020-03-19,122.55306243896484
2020-03-20,131.7684783935547
2020-03-23,137.19857788085938
2020-03-24,134.64474487304688
2020-03-25,134.33892822265625
2020-03-26,135.00015258789062
2020-03-27,138.60366821289062
2020-03-30,137.46310424804688
2020-03-31,136.3473358154297
2020-04-01,138.25762939453125
2020-04-02,139.13499450683594
2020-04-03,139.46607971191406
2020-04-06,139.10186767578125
2020-04-07,137.6451416015625
2020-04-08,136.64358520507812
2020-04-09,136.8919219970703
2020-04-13,135.64208984375
2020-04-14,135.6089630126953
2020-04-15,139.201171875
2020-04-16,140.78204345703125
2020-04-17,138.89495849609375
2020-04-20,140.01229858398438
2020-04-21,141.77536010742188
2020-04-22,140.3268585205078
2020-04-23,141.07176208496094
2020-04-24,141.40284729003906
2020-04-27,138.7708282470703
2020-04-28,140.36825561523438
2020-04-29,139.63983154296875
2020-04-30,138.00927734375
2020-05-01,139.19117736816406
2020-05-04,138.5364227294922
2020-05-05,137.64968872070312
2020-05-06,135.4285888671875
2020-05-07,137.69107055664062
2020-05-08,135.90089416503906
2020-05-11,134.8401336669922
2020-05-12,136.22418212890625
2020-05-13,137.1773223876953
2020-05-14,138.5198211669922
2020-05-15,138.16351318359375
2020-05-18,135.13015747070312
2020-05-19,135.6357879638672
2020-05-20,136.04183959960938
2020-05-21,136.3816680908203
2020-05-22,137.2021026611328
2020-05-26,135.36219787597656
2020-05-27,135.11355590820312
2020-05-28,134.6163787841797
2020-05-29,135.57777404785156
2020-06-01,134.6649169921875
2020-06-02,134.17529296875
2020-06-03,132.39112854003906
2020-06-04,130.47422790527344
2020-06-05,129.54486083984375
2020-06-08,130.04278564453125
2020-06-09,131.5198974609375
2020-06-10,133.4698944091797
2020-06-11,135.99264526367188
2020-06-12,134.68148803710938
2020-06-15,134.75619506835938
2020-06-16,132.68995666503906
2020-06-17,133.23765563964844
2020-06-18,134.64834594726562
2020-06-19,134.75619506835938
2020-06-22,134.77284240722656
2020-06-23,133.85162353515625
2020-06-24,135.2873077392578
2020-06-25,135.6773223876953
2020-06-26,137.12953186035156
2020-06-29,136.69796752929688
2020-06-30,136.03414916992188
2020-07-01,135.7699432373047
2020-07-02,135.91122436523438
2020-07-06,135.35455322265625
2020-07-07,137.257080078125
2020-07-08,136.7086944580078
2020-07-09,138.885498046875
2020-07-10,138.18746948242188
2020-07-13,138.64451599121094
2020-07-14,138.84393310546875
2020-07-15,138.1959228515625
2020-07-16,138.852294921875
2020-07-17,138.5614471435547
2020-07-20,138.90206909179688
2020-07-21,138.98513793945312
2020-07-22,139.4005126953125
2020-07-23,141.02894592285156
2020-07-24,141.0205841064453
2020-07-27,140.49717712402344
2020-07-28,141.46926879882812
2020-07-29,141.2283477783203
2020-07-30,142.1588134765625
2020-07-31,142.0674591064453
2020-08-03,141.35214233398438
2020-08-04,142.6995391845703
2020-08-05,141.451904296875
2020-08-06,142.2420654296875
2020-08-07,141.2938995361328
2020-08-10,140.66183471679688
2020-08-11,138.99002075195312
2020-08-12,137.72581481933594
2020-08-13,136.25369262695312
2020-08-14,135.72132873535156
2020-08-17,136.06236267089844
2020-08-18,137.0354461669922
2020-08-19,136.17884826660156
2020-08-20,137.40977478027344
2020-08-21,138.23312377929688
2020-08-24,138.00860595703125
2020-08-25,136.95233154296875
2020-08-26,136.42832946777344
2020-08-27,134.10784912109375
2020-08-28,134.0079803466797
2020-08-31,134.89788818359375
2020-09-01,136.4407958984375
2020-09-02,137.73985290527344
2020-09-03,138.13121032714844
2020-09-04,135.5082550048828
2020-09-08,136.34092712402344
2020-09-09,135.9745635986328
2020-09-10,136.6656951904297
2020-09-11,136.9571075439453
2020-09-14,136.94879150390625
2020-09-15,136.61569213867188
2020-09-16,136.2077178955078
2020-09-17,136.62408447265625
2020-09-18,136.19937133789062
2020-09-21,136.89048767089844
2020-09-22,136.7822723388672
2020-09-23,136.96546936035156
2020-09-24,137.49002075195312
2020-09-25,137.49002075195312
2020-09-28,137.0987091064453
2020-09-29,137.25686645507812
2020-09-30,135.94131469726562
2020-10-01,136.16543579101562
2020-10-02,135.65704345703125
2020-10-05,133.0063934326172
2020-10-06,133.72325134277344
2020-10-07,132.748046875
2020-10-08,133.4647979736328
2020-10-09,133.43988037109375
2020-10-12,133.8649444580078
2020-10-13,134.8235321044922
2020-10-14,135.13189697265625
2020-10-15,134.8985595703125
2020-10-16,134.5233917236328
2020-10-19,134.01495361328125
2020-10-20,132.73965454101562
2020-10-21,132.2812042236328
2020-10-22,130.9059295654297
2020-10-23,131.70614624023438
2020-10-26,132.93142700195312
2020-10-27,133.82330322265625
2020-10-28,133.9482879638672
2020-10-29,132.64794921875
2020-10-30,131.33937072753906
2020-11-02,132.3231201171875
2020-11-03,131.55551147460938
2020-11-04,134.40924072265625
2020-11-05,134.6427764892578
2020-11-06,133.01568603515625
2020-11-09,130.22032165527344
2020-11-10,129.46937561035156
2020-11-11,129.93670654296875
2020-11-12,132.1479034423828
2020-11-13,131.9727020263672
2020-11-16,131.655517578125
2020-11-17,132.5150146484375
2020-11-18,132.89892578125
2020-11-19,133.5831298828125
2020-11-20,134.76797485351562
2020-11-23,134.1505584716797
2020-11-24,132.81546020507812
2020-11-25,132.40658569335938
2020-11-27,133.69158935546875
2020-11-30,133.52471923828125
2020-12-01,131.5559844970703
2020-12-02,130.51182556152344
2020-12-03,131.56427001953125
2020-12-04,129.63479614257812
2020-12-07,130.80419921875
2020-12-08,131.42237854003906
2020-12-09,130.98800659179688
2020-12-10,132.14903259277344
2020-12-11,132.61679077148438
2020-12-14,132.249267578125
2020-12-15,131.80657958984375
2020-12-16,131.45570373535156
2020-12-17,131.10787963867188
2020-12-18,130.71485900878906
2020-12-21,131.23329162597656
2020-12-22,131.9105682373047
2020-12-23,130.9992218017578
2020-12-24,131.51756286621094
2020-12-28,131.57614135742188
2020-12-29,131.4088897705078
2020-12-30,131.6931915283203
2020-12-31,131.88552856445312
2021-01-04,131.72665405273438
2021-01-05,130.7483673095703
2021-01-06,128.0642547607422
2021-01-07,126.93550872802734
2021-01-08,126.52578735351562
2021-01-11,126.31684112548828
2021-01-12,126.21644592285156
2021-01-13,127.637939453125
2021-01-14,126.44217681884766
2021-01-15,126.94387817382812
2021-01-19,127.35362243652344
2021-01-20,127.47898864746094
2021-01-21,126.5843505859375
2021-01-22,126.99406433105469
2021-01-25,128.4907684326172
2021-01-26,128.248291015625
2021-01-27,128.57432556152344
2021-01-28,127.86363983154297
2021-01-29,127.09439086914062
2021-02-01,127.24172973632812
2021-02-02,126.42137908935547
2021-02-03,125.299560546875
2021-02-04,124.96479034423828
2021-02-05,123.91835021972656
2021-02-08,124.4625244140625
2021-02-09,124.55460357666016
2021-02-10,125.3833236694336
2021-02-11,124.69688415527344
2021-02-12,123.14824676513672
2021-02-16,121.27313232421875
2021-02-17,122.04324340820312
2021-02-18,121.54933166503906
2021-02-19,119.9337158203125
2021-02-22,119.02125549316406
2021-02-23,118.67797088623047
2021-02-24,117.89947509765625
2021-02-25,115.97412109375
2021-02-26,119.80806732177734
2021-03-01,118.22576141357422
2021-03-02,118.23416137695312
2021-03-03,116.95179748535156
2021-03-04,116.19746398925781
2021-03-05,116.42374420166016
2021-03-08,115.51864624023438
2021-03-09,117.11942291259766
2021-03-10,117.35409545898438
2021-03-11,116.50757598876953
2021-03-12,114.03510284423828
2021-03-15,114.70559692382812
2021-03-16,114.2446517944336
2021-03-17,113.38973999023438
2021-03-18,112.24153137207031
2021-03-19,112.93721008300781
2021-03-22,114.2027816772461
2021-03-23,115.23368072509766
2021-03-24,115.85384368896484
2021-03-25,114.94029998779297
2021-03-26,114.53802490234375
2021-03-29,113.56575775146484
2021-03-30,114.16085052490234
2021-03-31,113.52389526367188
2021-04-01,115.40803527832031
2021-04-05,114.90446472167969
2021-04-06,115.68497467041016
2021-04-07,114.87930297851562
2021-04-08,115.82765197753906
2021-04-09,115.40803527832031
2021-04-12,115.35768127441406
2021-04-13,116.22213745117188
2021-04-14,115.85285186767578
2021-04-15,117.79155731201172
2021-04-16,116.87675476074219
2021-04-19,116.54106140136719
2021-04-20,117.07816314697266
2021-04-21,117.31316375732422
2021-04-22,117.82514190673828
2021-04-23,117.54818725585938
2021-04-26,117.38031005859375
2021-04-27,116.35641479492188
2021-04-28,116.43194580078125
2021-04-29,116.08782958984375
2021-04-30,116.35641479492188
2021-05-03,116.42618560791016
2021-05-04,117.21627807617188
2021-05-05,117.40959167480469
2021-05-06,117.6028823852539
2021-05-07,117.02295684814453
2021-05-10,115.83782958984375
2021-05-11,115.1822280883789
2021-05-12,113.97193145751953
2021-05-13,114.14842987060547
2021-05-14,115.21585845947266
2021-05-17,114.97210693359375
2021-05-18,114.67790222167969
2021-05-19,114.40060424804688
2021-05-20,115.34191131591797
2021-05-21,115.71175384521484
2021-05-24,116.140380859375
2021-05-25,117.21627807617188
2021-05-26,117.0145263671875
2021-05-27,116.5438461303711
2021-05-28,116.35893249511719
2021-06-01,116.33285522460938
2021-06-02,116.60220336914062
2021-06-03,116.16448974609375
2021-06-04,117.75531768798828
2021-06-07,117.39337158203125
2021-06-08,118.21824645996094
2021-06-09,119.26200866699219
2021-06-10,119.9774169921875
2021-06-11,119.7838363647461
2021-06-14,118.86631774902344
2021-06-15,118.7233657836914
2021-06-16,118.622314453125
2021-06-17,120.39826965332031
2021-06-18,122.66248321533203
2021-06-21,120.60874938964844
2021-06-22,120.9032974243164
2021-06-23,120.59197998046875
2021-06-24,120.78546142578125
2021-06-25,119.53131103515625
2021-06-28,120.76023864746094
2021-06-29,120.96221160888672
2021-06-30,121.50099182128906
2021-07-01,121.50769805908203
2021-07-02,122.24088287353516
2021-07-06,123.67367553710938
2021-07-07,124.76936340332031
2021-07-08,125.2581787109375
2021-07-09,123.4967269897461
2021-07-12,123.33659362792969
2021-07-13,122.39262390136719
2021-07-14,123.78329467773438
2021-07-15,125.14859008789062
2021-07-16,124.91261291503906
2021-07-19,127.65177917480469
2021-07-20,126.4212875366211
2021-07-21,124.81990051269531
2021-07-22,125.99984741210938
2021-07-23,125.15706634521484
2021-07-26,124.78618621826172
2021-07-27,126.11784362792969
2021-07-28,126.1262435913086
2021-07-29,125.42678833007812
2021-07-30,126.01665496826172
2021-08-02,127.1407241821289
2021-08-03,127.20824432373047
2021-08-04,127.46978759765625
2021-08-05,126.82006072998047
2021-08-06,124.7020263671875
2021-08-09,124.2547836303711
2021-08-10,123.68098449707031
2021-08-11,123.60508728027344
2021-08-12,123.40249633789062
2021-08-13,125.35174560546875
2021-08-16,125.65558624267578
2021-08-17,125.60488891601562
2021-08-18,126.02687072753906
2021-08-19,126.95500183105469
2021-08-20,127.03951263427734
2021-08-23,126.95500183105469
2021-08-24,125.9677505493164
2021-08-25,124.9214096069336
2021-08-26,125.26737976074219
2021-08-27,126.11968994140625
2021-08-30,126.44878387451172
2021-08-31,125.58804321289062
2021-09-01,125.79844665527344
2021-09-02,126.34765625
2021-09-03,125.198486328125
2021-09-07,124.14241790771484
2021-09-08,124.9873046875
2021-09-09,126.49967956542969
2021-09-10,125.38440704345703
2021-09-13,126.14482116699219
2021-09-14,127.67415618896484
2021-09-15,127.2263412475586
2021-09-16,126.6432876586914
2021-09-17,126.03501892089844
2021-09-20,127.59811401367188
2021-09-21,127.48822021484375
2021-09-22,128.24862670898438
2021-09-23,125.35064697265625
2021-09-24,124.12545776367188
2021-09-27,123.66925811767578
2021-09-28,121.74285888671875
2021-09-29,121.9540786743164
2021-09-30,121.93721008300781
2021-10-01,122.9634017944336
2021-10-04,122.65035247802734
2021-10-05,121.46598815917969
2021-10-06,122.15125274658203
2021-10-07,120.87384796142578
2021-10-08,120.02787017822266
2021-10-11,119.72325134277344
2021-10-12,121.77056121826172
2021-10-13,122.95491027832031
2021-10-14,123.41173553466797
2021-10-15,122.6926040649414
2021-10-18,123.26793670654297
2021-10-19,121.56753540039062
2021-10-20,120.74687957763672
2021-10-21,120.60308837890625
2021-10-22,121.93130493164062
2021-10-25,121.74516296386719
2021-10-26,122.75184631347656
2021-10-27,124.98521423339844
2021-10-28,124.56229400634766
2021-10-29,124.94297790527344
2021-11-01,124.04341125488281
2021-11-02,124.59390258789062
2021-11-03,123.30645751953125
2021-11-04,124.60238647460938
2021-11-05,126.46597290039062
2021-11-08,126.22879791259766
2021-11-09,127.87207794189453
2021-11-10,125.53424072265625
2021-11-11,125.34789276123047
2021-11-12,124.79724884033203
2021-11-15,123.23018646240234
2021-11-16,122.91682434082031
2021-11-17,123.89086151123047
2021-11-18,124.35678100585938
2021-11-19,125.66974639892578
2021-11-22,124.19580841064453
2021-11-23,122.40007781982422
2021-11-24,124.36528778076172
2021-11-26,127.50785827636719
2021-11-29,126.48297882080078
2021-11-30,128.40576171875
2021-12-01,129.19786071777344
2021-12-02,129.35897827148438
2021-12-03,130.90255737304688
2021-12-06,129.10459899902344
2021-12-07,128.06138610839844
2021-12-08,125.84791564941406
2021-12-09,126.55184173583984
2021-12-10,126.24649047851562
2021-12-13,128.11228942871094
2021-12-14,127.80696868896484
2021-12-15,126.5772705078125
2021-12-16,126.62654876708984
2021-12-17,128.0613555908203
2021-12-20,127.10198211669922
2021-12-21,126.61798858642578
2021-12-22,127.20391082763672
2021-12-23,126.10008239746094
2021-12-27,126.4057388305664
2021-12-28,125.90482330322266
2021-12-29,124.52935028076172
2021-12-30,125.57366943359375
2021-12-31,125.81983947753906
2022-01-03,122.5171127319336
2022-01-04,122.0076904296875
2022-01-05,121.3454360961914
2022-01-06,121.65960693359375
2022-01-07,120.78506469726562
2022-01-10,121.08226776123047
2022-01-11,121.88882446289062
2022-01-12,121.4218521118164
2022-01-13,122.50012969970703
2022-01-14,120.64926147460938
2022-01-18,118.95113372802734
2022-01-19,119.77472686767578
2022-01-20,120.51336669921875
2022-01-21,121.94830322265625
2022-01-24,120.94639587402344
2022-01-25,120.7511215209961
2022-01-26,119.2907485961914
2022-01-27,121.48129272460938
2022-01-28,121.52375030517578
2022-01-31,120.89543914794922
2022-02-01,120.49414825439453
2022-02-02,120.90225982666016
2022-02-03,119.95846557617188
2022-02-04,118.18999481201172
2022-02-07,118.26656341552734
2022-02-08,117.47584533691406
2022-02-09,117.69692993164062
2022-02-10,115.82637786865234
2022-02-11,117.54385375976562
2022-02-14,116.0814437866211
2022-02-15,114.76361083984375
2022-02-16,115.44380187988281
2022-02-17,116.302490234375
2022-02-18,117.52690124511719
2022-02-22,117.83291625976562
2022-02-23,116.2090072631836
2022-02-24,116.2854995727539
2022-02-25,116.37056732177734
2022-02-28,118.92123413085938
2022-03-01,120.29619598388672
2022-03-02,116.18411254882812
2022-03-03,117.36754608154297
2022-03-04,119.39375305175781
2022-03-07,118.48274230957031
2022-03-08,117.29090881347656
2022-03-09,116.14156341552734
2022-03-10,114.4729232788086
2022-03-11,114.85601806640625
2022-03-14,112.17427825927734
2022-03-15,111.97843170166016
2022-03-16,113.07672119140625
2022-03-17,112.23382568359375
2022-03-18,113.6044921875
2022-03-21,110.97383880615234
2022-03-22,109.5521011352539
2022-03-23,111.95289611816406
2022-03-24,111.07601928710938
2022-03-25,109.53507232666016
2022-03-28,110.47156524658203
2022-03-29,111.30589294433594
2022-03-30,112.17427825927734
2022-03-31,112.4466781616211
2022-04-01,112.87470245361328
2022-04-04,112.09028625488281
2022-04-05,109.55789184570312
2022-04-06,108.67112731933594
2022-04-07,107.85256958007812
2022-04-08,106.68441772460938
2022-04-11,104.99615478515625
2022-04-12,104.85120391845703
2022-04-13,105.06438446044922
2022-04-14,102.95833587646484
2022-04-18,102.44673919677734
2022-04-19,101.67937469482422
2022-04-20,103.7257080078125
2022-04-21,102.95833587646484
2022-04-22,102.31029510498047
2022-04-25,103.33346557617188
2022-04-26,104.37372589111328
2022-04-27,103.03507232666016
2022-04-28,103.18854522705078
2022-04-29,101.849853515625
2022-05-02,100.08440399169922
2022-05-03,100.75916290283203
2022-05-04,101.3143539428711
2022-05-05,98.53849792480469
2022-05-06,97.08654022216797
2022-05-09,97.94062805175781
2022-05-10,98.828857421875
2022-05-11,100.73353576660156
2022-05-12,100.54563903808594
2022-05-13,99.05951690673828
2022-05-16,98.95700073242188
2022-05-17,97.76124572753906
2022-05-18,99.84527587890625
2022-05-19,100.08440399169922
2022-05-20,101.22041320800781
2022-05-23,99.55488586425781
2022-05-24,101.51933288574219
2022-05-25,101.92076110839844
2022-05-26,101.45956420898438
2022-05-27,101.70723724365234
2022-05-31,99.55488586425781
2022-06-01,99.44107818603516
2022-06-02,99.49242401123047
2022-06-03,99.27853393554688
2022-06-06,97.44747161865234
2022-06-07,98.4998779296875
2022-06-08,97.62713623046875
2022-06-09,97.9522705078125
2022-06-10,97.34479522705078
2022-06-13,94.29019165039062
2022-06-14,93.10088348388672
2022-06-15,94.83781433105469
2022-06-16,95.59077453613281
2022-06-17,95.89881896972656
2022-06-21,94.27308654785156
2022-06-22,96.86563110351562
2022-06-23,97.66136169433594
2022-06-24,96.30949401855469
2022-06-27,95.48808288574219
2022-06-28,95.9330062866211
2022-06-29,97.43033599853516
2022-06-30,98.28595733642578
2022-07-01,99.29505920410156
2022-07-05,100.07520294189453
2022-07-06,98.39484405517578
2022-07-07,97.52897644042969
2022-07-08,96.44872283935547
2022-07-11,98.11194610595703
2022-07-12,98.6949234008789
2022-07-13,99.82659149169922
2022-07-14,99.01213073730469
2022-07-15,99.56939697265625
2022-07-18,98.53204345703125
2022-07-19,98.00050354003906
2022-07-20,98.25768280029297
2022-07-21,99.95518493652344
2022-07-22,101.63554382324219
2022-07-25,100.6410140991211
2022-07-26,100.71820068359375
2022-07-27,100.15238952636719
2022-07-28,100.94966888427734
2022-07-29,100.6753158569336
2022-08-01,103.09996032714844
2022-08-02,100.91838073730469
2022-08-03,102.50731658935547
2022-08-04,102.47298431396484
2022-08-05,100.03375244140625
2022-08-08,101.64845275878906
2022-08-09,101.25337219238281
2022-08-10,100.592041015625
2022-08-11,98.2472915649414
2022-08-12,99.24361419677734
2022-08-15,99.15766906738281
2022-08-16,99.5699462890625
2022-08-17,98.53073120117188
2022-08-18,98.67672729492188
2022-08-19,97.08779907226562
2022-08-22,96.76139831542969
2022-08-23,96.22891235351562
2022-08-24,95.524658203125
2022-08-25,96.85589599609375
2022-08-26,97.5859146118164
2022-08-29,96.77861785888672
2022-08-30,97.01905822753906
2022-08-31,96.09149932861328
2022-09-01,94.33222198486328
2022-09-02,94.86589050292969
2022-09-06,92.51616668701172
2022-09-07,93.97931671142578
2022-09-08,93.01537322998047
2022-09-09,93.22193908691406
2022-09-12,92.45590209960938
2022-09-13,92.67108917236328
2022-09-14,92.98953247070312
2022-09-15,92.92930603027344
2022-09-16,92.1546630859375
2022-09-19,92.36984252929688
2022-09-20,91.44892120361328
2022-09-21,92.98091125488281
2022-09-22,90.60540008544922
2022-09-23,90.97552490234375
2022-09-26,89.23690795898438
2022-09-27,86.88720703125
2022-09-28,89.79638671875
2022-09-29,89.33161163330078
2022-09-30,88.17828369140625
2022-10-03,89.57936096191406
2022-10-04,89.32917785644531
2022-10-05,88.4750747680664
2022-10-06,87.98328399658203
2022-10-07,87.12913513183594
2022-10-10,85.77462005615234
2022-10-11,86.15424346923828
2022-10-12,86.57698822021484
2022-10-13,85.74874114990234
2022-10-14,85.04129028320312
2022-10-17,84.62716674804688
2022-10-18,84.82556915283203
2022-10-19,83.28130340576172
2022-10-20,81.85774230957031
2022-10-21,80.38243865966797
2022-10-24,79.7181167602539
2022-10-25,82.0389175415039
2022-10-26,83.22090148925781
2022-10-27,84.09225463867188
2022-10-28,83.51425170898438
2022-10-31,82.9189224243164
2022-11-01,83.69386291503906
2022-11-02,83.33060455322266
2022-11-03,82.88085174560547
2022-11-04,81.48843383789062
2022-11-07,80.6754379272461
2022-11-08,81.55763244628906
2022-11-09,81.82572937011719
2022-11-10,84.97386169433594
2022-11-11,84.66252136230469
2022-11-14,84.45494079589844
2022-11-15,85.82146453857422
2022-11-16,87.6982192993164
2022-11-17,86.77281951904297
2022-11-18,86.1760482788086
2022-11-21,86.53929901123047
2022-11-22,87.76741027832031
2022-11-23,89.29824829101562
2022-11-25,88.99552917480469
2022-11-28,89.24635314941406
2022-11-29,88.19987487792969
2022-11-30,88.84852600097656
2022-12-01,91.6868667602539
2022-12-02,92.83987426757812
2022-12-05,91.53947448730469
2022-12-06,92.71849822998047
2022-12-07,94.90320587158203
2022-12-08,94.6430892944336
2022-12-09,92.1810073852539
2022-12-12,92.47576904296875
2022-12-13,93.36870574951172
2022-12-14,93.76748657226562
2022-12-15,94.13336181640625
2022-12-16,93.08181762695312
2022-12-19,91.51759338378906
2022-12-20,89.89248657226562
2022-12-21,90.11845397949219
2022-12-22,90.10104370117188
2022-12-23,88.78012084960938
2022-12-27,87.02469635009766
2022-12-28,86.51197052001953
2022-12-29,87.49394989013672
2022-12-30,86.52062225341797
2023-01-03,88.17179870605469
2023-01-04,89.37975311279297
2023-01-05,89.75343322753906
2023-01-06,91.40457916259766
2023-01-09,91.89124298095703
2023-01-10,90.3704605102539
2023-01-11,91.83912658691406
2023-01-12,93.64672088623047
2023-01-13,92.76899719238281
2023-01-17,92.1693344116211
2023-01-18,94.40276336669922
2023-01-19,93.81180572509766
2023-01-20,92.29103088378906
2023-01-23,91.8564682006836
2023-01-24,93.17743682861328
2023-01-25,93.40335083007812
2023-01-26,92.96885681152344
2023-01-27,92.73420715332031
2023-01-30,92.395263671875
2023-01-31,93.13397979736328
2023-02-01,94.25355529785156
2023-02-02,94.3755111694336
2023-02-03,92.96406555175781
2023-02-06,92.2757568359375
2023-02-07,91.53518676757812
2023-02-08,91.9708251953125
2023-02-09,91.09955596923828
2023-02-10,90.08018493652344
2023-02-13,90.83819580078125
2023-02-14,90.62908935546875
2023-02-15,89.78396606445312
2023-02-16,88.51192474365234
2023-02-17,89.2001953125
2023-02-21,87.46635437011719
2023-02-22,88.2679443359375
2023-02-23,89.13053131103516
2023-02-24,87.97174072265625
2023-02-27,88.21568298339844
2023-02-28,88.61644744873047
2023-03-01,87.66444396972656
2023-03-02,86.8870849609375
2023-03-03,88.99202728271484
2023-03-06,88.30204010009766
2023-03-07,88.84354400634766
2023-03-08,88.93089294433594
2023-03-09,89.1492691040039
2023-03-10,92.22364807128906
2023-03-13,92.43328857421875
2023-03-14,90.91353607177734
2023-03-15,92.66909790039062
2023-03-16,91.94415283203125
2023-03-17,93.32414245605469
2023-03-20,92.50315856933594
2023-03-21,91.70832824707031
2023-03-22,92.9311294555664
2023-03-23,92.9311294555664
2023-03-24,93.32414245605469
2023-03-27,91.13191223144531
2023-03-28,91.29784393310547
2023-03-29,91.11443328857422
2023-03-30,91.53366088867188
2023-03-31,92.90491485595703
2023-04-03,93.34185028076172
2023-04-04,93.80592346191406
2023-04-05,94.7866439819336
2023-04-06,95.03180694580078
2023-04-10,93.49945831298828
2023-04-11,93.69210815429688
2023-04-12,93.59577178955078
2023-04-13,92.86026763916016
2023-04-14,92.01087188720703
2023-04-17,90.91636657714844
2023-04-18,91.24032592773438
2023-04-19,91.15278625488281
2023-04-20,91.93208312988281
2023-04-21,91.41545867919922
2023-04-24,92.29988098144531
2023-04-25,93.65707397460938
2023-04-26,92.65886688232422
2023-04-27,91.73947143554688
2023-04-28,93.2192611694336
2023-05-01,90.53130340576172
2023-05-02,92.78734588623047
2023-05-03,93.30529022216797
2023-05-04,92.38355255126953
2023-05-05,92.07633209228516
2023-05-08,90.78590393066406
2023-05-09,90.46109771728516
2023-05-10,91.33894348144531
2023-05-11,92.30457305908203
2023-05-12,91.53205108642578
2023-05-15,90.58403015136719
2023-05-16,90.3118896484375
2023-05-17,90.04853057861328
2023-05-18,89.38134765625
2023-05-19,88.74931335449219
2023-05-22,88.43328094482422
2023-05-23,88.68789672851562
2023-05-24,88.2489242553711
2023-05-25,88.02948760986328
2023-05-26,88.74054718017578
2023-05-30,89.62714385986328
2023-05-31,90.4084243774414
2023-06-01,90.76311492919922
2023-06-02,89.76853942871094
2023-06-05,89.60132598876953
2023-06-06,90.12940979003906
2023-06-07,88.79154968261719
2023-06-08,89.83016204833984
2023-06-09,89.7069320678711
2023-06-12,89.97098541259766
2023-06-13,89.08202362060547
2023-06-14,89.79492950439453
2023-06-15,90.65753173828125
2023-06-16,90.30542755126953
2023-06-20,90.93036651611328
2023-06-21,91.15042877197266
2023-06-22,90.05018615722656
2023-06-23,90.9479751586914
2023-06-26,91.04481506347656
2023-06-27,90.80714416503906
2023-06-28,91.19441223144531
2023-06-29,89.54849243164062
2023-06-30,90.60470581054688
2023-07-03,90.09107971191406
2023-07-05,89.23499298095703
2023-07-06,87.97293090820312
2023-07-07,87.44337463378906
2023-07-10,87.55813598632812
2023-07-11,88.00824737548828
2023-07-12,88.98787689208984
2023-07-13,89.92338562011719
2023-07-14,89.39383697509766
2023-07-17,89.43797302246094
2023-07-18,89.84395599365234
2023-07-19,90.85890197753906
2023-07-20,89.75569915771484
2023-07-21,89.78221130371094
2023-07-24,89.45560455322266
2023-07-25,89.28795623779297
2023-07-26,89.37618255615234
2023-07-27,87.63755798339844
2023-07-28,88.0876693725586
2023-07-31,88.29949951171875
2023-08-01,86.8525161743164
2023-08-02,85.92330169677734
2023-08-03,83.9409408569336
2023-08-04,85.42769622802734
2023-08-07,84.58698272705078
2023-08-08,85.56930541992188
2023-08-09,86.01178741455078
2023-08-10,84.5958251953125
2023-08-11,84.40110778808594
2023-08-14,84.21527099609375
2023-08-15,83.70196533203125
2023-08-16,83.04708862304688
2023-08-17,82.69310760498047
2023-08-18,82.98512268066406
2023-08-21,81.87890625
2023-08-22,82.50725555419922
2023-08-23,84.55156707763672
2023-08-24,83.99402618408203
2023-08-25,84.26835632324219
2023-08-28,84.35687255859375
2023-08-29,85.2330093383789
2023-08-30,85.1445083618164
2023-08-31,85.52506256103516
2023-09-01,84.19270324707031
2023-09-05,83.01213073730469
2023-09-06,83.21630096435547
2023-09-07,83.44710540771484
2023-09-08,83.76663208007812
2023-09-11,83.16303253173828
2023-09-12,83.64237976074219
2023-09-13,83.62461853027344
2023-09-14,83.02100372314453
2023-09-15,82.51506042480469
2023-09-18,82.98551177978516
2023-09-19,82.37301635742188
2023-09-20,82.63045501708984
2023-09-21,80.50900268554688
2023-09-22,81.15695190429688
2023-09-25,79.1597900390625
2023-09-26,78.88463592529297
2023-09-27,78.4762954711914
2023-09-28,78.71598815917969
2023-09-29,78.72483825683594
2023-10-02,77.4069595336914
2023-10-03,75.74180603027344
2023-10-04,76.81035614013672
2023-10-05,76.4274673461914
2023-10-06,75.50141143798828
2023-10-09,77.27338409423828
2023-10-10,77.16654968261719
2023-10-11,78.77826690673828
2023-10-12,76.64118194580078
2023-10-13,78.0124740600586
2023-10-16,76.75695037841797
2023-10-17,75.9110107421875
2023-10-18,75.2431640625
2023-10-19,73.70268249511719
2023-10-20,74.1212158203125
2023-10-23,75.01166534423828
2023-10-24,76.00006866455078
2023-10-25,74.30817413330078
2023-10-26,75.44798278808594
2023-10-27,75.12740325927734
2023-10-30,74.78903198242188
2023-10-31,74.42395782470703
2023-11-01,76.03762817382812
2023-11-02,77.77102661132812
2023-11-03,78.29820251464844
2023-11-06,77.5387191772461
2023-11-07,78.68242645263672
2023-11-08,80.0226821899414
2023-11-09,78.18205261230469
2023-11-10,78.619873046875
2023-11-13,78.44120025634766
2023-11-14,80.21923828125
2023-11-15,79.09344482421875
2023-11-16,80.07627868652344
2023-11-17,80.45156860351562
2023-11-20,80.9429931640625
2023-11-21,80.90726470947266
2023-11-22,81.19317626953125
2023-11-24,80.23712921142578
2023-11-27,81.57738494873047
2023-11-28,81.73822784423828
2023-11-29,82.76575469970703
2023-11-30,81.80968475341797
2023-12-01,83.35049438476562
2023-12-04,83.01885223388672
2023-12-05,84.80257415771484
2023-12-06,85.93197631835938
2023-12-07,85.43898010253906
2023-12-08,84.73982238769531
2023-12-11,84.56053924560547
2023-12-12,84.81153869628906
2023-12-13,86.80142211914062
2023-12-14,89.05938720703125
2023-12-15,89.15828704833984
2023-12-18,88.44790649414062
2023-12-19,88.92447662353516
2023-12-20,89.52696990966797
2023-12-21,88.96044921875
2023-12-22,88.55581665039062
2023-12-26,88.80758666992188
2023-12-27,90.38123321533203
2023-12-28,89.72479248046875
2023-12-29,88.91549682617188
2024-01-02,88.4029312133789
2024-01-03,88.77162170410156
2024-01-04,87.4227523803711
2024-01-05,86.58650970458984
2024-01-08,87.44075775146484
2024-01-09,86.88326263427734
2024-01-10,86.47857666015625
2024-01-11,86.96415710449219
2024-01-12,86.7933120727539
2024-01-16,85.26465606689453
2024-01-17,85.12974548339844
2024-01-18,84.33843231201172
2024-01-19,84.60819244384766
2024-01-22,85.11177062988281
2024-01-23,84.4373550415039
2024-01-24,83.94275665283203
2024-01-25,84.49130249023438
2024-01-26,84.3294448852539
2024-01-29,85.30062103271484
2024-01-30,86.0739517211914
2024-01-31,86.91922760009766
2024-02-01,88.62421417236328
2024-02-02,86.6666030883789
2024-02-05,84.91649627685547
2024-02-06,85.74647521972656
2024-02-07,85.33146667480469
2024-02-08,84.8353271484375
2024-02-09,84.66389465332031
2024-02-12,84.76313781738281
2024-02-13,83.31072998046875
2024-02-14,83.73474884033203
2024-02-15,84.16775512695312
2024-02-16,83.68061065673828
2024-02-20,83.75277709960938
2024-02-21,83.15737915039062
2024-02-22,83.56333923339844
2024-02-23,84.68195343017578
2024-02-26,84.4293441772461
2024-02-27,83.8339614868164
2024-02-28,84.3662109375
2024-02-29,84.96160888671875
2024-03-01,85.49102783203125
2024-03-04,85.14713287353516
2024-03-05,86.35975646972656
2024-03-06,86.86653900146484
2024-03-07,86.78509521484375
2024-03-08,86.63125610351562
2024-03-11,86.58600616455078
2024-03-12,85.86203002929688
2024-03-13,85.44578552246094
2024-03-14,84.13357543945312
2024-03-15,84.10645294189453
2024-03-18,83.85304260253906
2024-03-19,84.08834075927734
2024-03-20,84.0611801147461
2024-03-21,84.2421646118164
2024-03-22,85.04759979248047
2024-03-25,84.62225341796875
2024-03-26,84.8575439453125
2024-03-27,85.69917297363281
2024-03-28,85.62677001953125
2024-04-01,84.03057098388672
2024-04-02,83.5675277709961
2024-04-03,83.54936981201172
2024-04-04,84.14860534667969
2024-04-05,82.97736358642578
2024-04-08,82.9682846069336
2024-04-09,83.74005126953125
2024-04-10,81.9150390625
2024-04-11,81.54279327392578
2024-04-12,81.97859954833984
2024-04-15,80.70747375488281
2024-04-16,80.17180633544922
2024-04-17,81.06159973144531
2024-04-18,80.65301513671875
2024-04-19,80.94355773925781
2024-04-22,80.8073501586914
2024-04-23,80.83462524414062
2024-04-24,80.26258850097656
2024-04-25,79.69966888427734
2024-04-26,80.11731719970703
2024-04-29,80.78921508789062
2024-04-30,80.09916687011719
2024-05-01,80.68956756591797
2024-05-02,81.03581237792969
2024-05-03,81.85582733154297
2024-05-06,82.17471313476562
2024-05-07,82.67584991455078
2024-05-08,82.17471313476562
2024-05-09,82.57561492919922
2024-05-10,82.11093139648438
2024-05-13,82.32050323486328
2024-05-14,82.78516387939453
2024-05-15,83.91497039794922
2024-05-16,83.8329849243164
2024-05-17,83.26807403564453
2024-05-20,83.0220718383789
2024-05-21,83.4502944946289
2024-05-22,83.55052947998047
2024-05-23,83.0129623413086
2024-05-24,83.25896453857422
2024-05-28,82.06537628173828
2024-05-29,81.07225036621094
2024-05-30,81.85582733154297
2024-05-31,82.4115982055664
2024-06-03,83.74458312988281
2024-06-04,84.72281646728516
2024-06-05,85.34451293945312
2024-06-06,85.21649169921875
2024-06-07,83.65316772460938
2024-06-10,83.095458984375
2024-06-11,83.95484161376953
2024-06-12,84.58568572998047
2024-06-13,85.82906341552734
2024-06-14,86.55130004882812
2024-06-17,85.69192504882812
2024-06-18,86.4781494140625
2024-06-20,85.90217590332031
2024-06-21,85.90217590332031
2024-06-24,86.24959564208984
2024-06-25,86.39588165283203
2024-06-26,85.16166687011719
2024-06-27,85.49990844726562
2024-06-28,83.90914916992188
2024-07-01,82.46094512939453
2024-07-02,83.10295104980469
2024-07-03,84.19436645507812
2024-07-05,84.89141082763672
2024-07-08,85.0748519897461
2024-07-09,84.69879913330078
2024-07-10,84.96479034423828
2024-07-11,85.79022216796875
2024-07-12,86.15707397460938
2024-07-15,85.16654205322266
2024-07-16,86.3680191040039
2024-07-17,86.38636016845703
2024-07-18,85.72602844238281
2024-07-19,85.22156524658203
2024-07-22,84.97395324707031
2024-07-23,84.8547134399414
2024-07-24,83.93756103515625
2024-07-25,84.62543487548828
2024-07-26,85.28577423095703
2024-07-29,85.74434661865234
2024-07-30,86.07453918457031
2024-07-31,86.95498657226562
2024-08-01,87.70497131347656
2024-08-02,90.43798828125
2024-08-05,90.9164810180664
2024-08-06,88.8828125
2024-08-07,88.25709533691406
2024-08-08,87.71417236328125
2024-08-09,88.57917785644531
2024-08-12,88.90121459960938
2024-08-13,89.51777648925781
2024-08-14,90.0791015625
2024-08-15,89.35211944580078
2024-08-16,89.66499328613281
2024-08-19,90.0791015625
2024-08-20,90.796875
2024-08-21,90.85208892822266
2024-08-22,89.95027160644531
2024-08-23,90.5392074584961
2024-08-26,90.30915832519531
2024-08-27,90.15271759033203
2024-08-28,90.04228973388672
2024-08-29,89.7478256225586
2024-08-30,88.79082489013672
2024-09-03,90.24300384521484
2024-09-04,91.40624237060547
2024-09-05,91.92322540283203
2024-09-06,91.91398620605469
2024-09-09,92.31096649169922
2024-09-10,92.95722198486328
2024-09-11,92.88335418701172
2024-09-12,92.44947052001953
2024-09-13,92.69873046875
2024-09-16,93.54808044433594
2024-09-17,93.095703125
2024-09-18,91.94168853759766
2024-09-19,91.63705444335938
2024-09-20,91.28621673583984
2024-09-23,91.09236907958984
2024-09-24,91.07389068603516
2024-09-25,90.31685638427734
2024-09-26,90.5291748046875
2024-09-27,91.00000762939453
2024-09-30,90.56612396240234
2024-10-01,91.22001647949219
2024-10-02,90.45127868652344
2024-10-03,89.59920501708984
2024-10-04,88.49701690673828
2024-10-07,87.83018493652344
2024-10-08,87.97836303710938
2024-10-09,87.47822570800781
2024-10-10,87.13552856445312
2024-10-11,86.7835693359375
2024-10-14,86.8484115600586
2024-10-15,87.90425872802734
2024-10-16,88.2747573852539
2024-10-17,86.87621307373047
2024-10-18,86.9410400390625
2024-10-21,85.42210388183594
2024-10-22,85.50543975830078
2024-10-23,85.2739028930664
2024-10-24,85.82035064697266
2024-10-25,85.33873748779297
2024-10-28,85.10719299316406
2024-10-29,85.23685455322266
2024-10-30,85.4869155883789
2024-10-31,85.62584686279297
2024-11-01,84.41867065429688
2024-11-04,85.72901153564453
2024-11-05,86.18437194824219
2024-11-06,83.82392120361328
2024-11-07,84.87403106689453
2024-11-08,85.9520492553711
2024-11-11,85.53384399414062
2024-11-12,84.25140380859375
2024-11-13,83.45220947265625
2024-11-14,83.93543243408203
2024-11-15,83.71239471435547
2024-11-18,83.86109161376953
2024-11-19,84.28857421875
2024-11-20,84.01908111572266
2024-11-21,83.95401763916016
2024-11-22,84.00049591064453
2024-11-25,86.17506408691406
2024-11-26,85.84053802490234
2024-11-27,86.4352798461914
2024-11-29,87.32742309570312
2024-12-02,87.53723907470703
2024-12-03,86.7818832397461
2024-12-04,87.71443176269531
2024-12-05,87.89160919189453
2024-12-06,88.02215576171875
2024-12-09,87.21085357666016
2024-12-10,86.80054473876953
2024-12-11,85.9798812866211
2024-12-12,84.93545532226562
2024-12-13,84.06819915771484
2024-12-16,84.31997680664062
2024-12-17,84.52513885498047
2024-12-18,83.46821594238281
2024-12-19,82.20440673828125
2024-12-20,82.67249298095703
2024-12-23,81.91419219970703
2024-12-24,82.26056671142578
2024-12-26,82.21377563476562
2024-12-27,81.53973388671875
2024-12-30,82.1950454711914
2024-12-31,81.75506591796875
2025-01-02,81.979736328125
2025-01-03,81.71760559082031
2025-01-06,81.35249328613281
2025-01-07,80.43504333496094
2025-01-08,80.53802490234375
2025-01-10,80.00440979003906
2025-01-13,79.97633361816406
2025-01-14,79.84528350830078
2025-01-15,81.221435546875
2025-01-16,81.48356628417969
2025-01-17,81.62399291992188
2025-01-21,82.35419464111328
2025-01-22,81.9235610961914
2025-01-23,81.28697967529297
2025-01-24,81.6520767211914
2025-01-27,82.6163101196289
2025-01-28,82.56014251708984
2025-01-29,82.39163970947266
2025-01-30,82.70056915283203
2025-01-31,82.15760040283203
2025-02-03,82.82652282714844
2025-02-04,83.0802001953125
2025-02-05,84.45186614990234
2025-02-06,84.41426849365234
2025-02-07,83.8693618774414
2025-02-10,83.61570739746094
2025-02-11,83.0802001953125
2025-02-12,81.9527816772461
2025-02-13,83.3150634765625
2025-02-14,83.75662231445312
2025-02-18,82.77014923095703
2025-02-19,82.87347412109375
2025-02-20,83.18351745605469
2025-02-21,84.18878936767578
2025-02-24,84.43305969238281
2025-02-25,85.8893051147461
2025-02-26,86.3966293334961
2025-02-27,85.78594207763672
2025-02-28,86.83818054199219
2025-03-03,87.24345397949219
2025-03-04,86.16905975341797
2025-03-05,85.4810562133789
2025-03-06,85.19832611083984
2025-03-07,84.92500305175781
2025-03-10,85.81092071533203
2025-03-11,85.19832611083984
2025-03-12,84.68938446044922
2025-03-13,85.43394470214844
2025-03-14,84.9815444946289
2025-03-17,85.40567016601562
2025-03-18,85.49047088623047
2025-03-19,85.93344116210938
2025-03-20,85.98997497558594
2025-03-21,85.4810562133789
2025-03-24,84.60457611083984
2025-03-25,84.59513854980469
2025-03-26,84.03909301757812
2025-03-27,83.79405975341797
2025-03-28,84.95326232910156
2025-03-31,85.79206848144531
2025-04-01,86.5354995727539
2025-04-02,86.478759765625
2025-04-03,86.87601470947266
2025-04-04,87.82186126708984
2025-04-07,85.17347717285156
2025-04-08,83.56554412841797
2025-04-09,84.05738830566406
2025-04-10,81.74005889892578
2025-04-11,82.1845932006836
2025-04-14,82.77104187011719
2025-04-15,83.06425476074219
2025-04-16,83.52771759033203
2025-04-17,82.78995513916016
2025-04-21,81.34280395507812
2025-04-22,81.79681396484375
2025-04-23,82.59133911132812
2025-04-24,83.46148681640625
2025-04-25,84.07630157470703
2025-04-28,84.6059799194336
2025-04-29,85.31536102294922
2025-04-30,84.6249008178711
2025-05-01,84.19580078125
2025-05-02,83.28445434570312
2025-05-05,82.81927490234375
2025-05-06,83.0945816040039
2025-05-07,83.4458236694336
2025-05-08,82.5154800415039
2025-05-09,82.638916015625
2025-05-12,81.86994171142578
2025-05-13,81.53768920898438
2025-05-14,80.99658203125
2025-05-15,81.70856475830078
2025-05-16,81.92691802978516
2025-05-19,81.68958282470703
2025-05-20,81.10099029541016
2025-05-21,79.7149658203125
2025-05-22,80.13268280029297
2025-05-23,80.26559448242188
2025-05-27,81.38578796386719
2025-05-28,81.03453826904297
2025-05-29,81.78449249267578
2025-05-30,81.90792083740234
2025-06-02,81.14563751220703
2025-06-03,81.0027084350586
2025-06-04,82.31763458251953
2025-06-05,82.37480926513672
2025-06-06,81.32667541503906
2025-06-09,81.41242980957031
2025-06-10,81.83169555664062
2025-06-11,82.07943725585938
2025-06-12,83.06089782714844
2025-06-13,82.26049041748047
2025-06-16,81.43148803710938
2025-06-17,82.4224624633789
2025-06-18,82.56539916992188
2025-06-20,82.41293334960938
2025-06-23,82.67974090576172
2025-06-24,83.28003692626953
2025-06-25,83.38485717773438
2025-06-26,83.80411529541016
2025-06-27,83.27050018310547
2025-06-30,84.0899658203125
2025-07-01,84.29846954345703
2025-07-02,83.76287078857422
2025-07-03,83.1794662475586
2025-07-07,82.3856430053711
2025-07-08,82.28042602539062
2025-07-09,83.14122009277344
2025-07-10,83.19860076904297
2025-07-11,82.0508804321289
2025-07-14,81.87874603271484
2025-07-15,81.30489349365234
2025-07-16,81.41966247558594
2025-07-17,81.40052795410156
2025-07-18,81.52486419677734
2025-07-21,82.2517318725586
2025-07-22,82.74906921386719
2025-07-23,82.29000091552734
2025-07-24,82.14653778076172
2025-07-25,82.66299438476562
2025-07-28,82.12741088867188
2025-07-29,83.51420593261719
2025-07-30,83.08381652832031
2025-07-31,83.13162994384766
2025-08-01,84.31348419189453
2025-08-04,84.54389190673828
2025-08-05,84.80313110351562
2025-08-06,84.31348419189453
2025-08-07,84.16947937011719
2025-08-08,83.80464935302734
2025-08-11,83.90065002441406
2025-08-12,83.47822570800781
2025-08-13,84.16947937011719
2025-08-14,83.54542541503906
2025-08-15,82.95018005371094
2025-08-18,82.71017456054688
2025-08-19,83.1902084350586
2025-08-20,83.37261962890625
2025-08-21,82.95978546142578
2025-08-22,83.57423400878906
2025-08-25,83.33422088623047
2025-08-26,83.28620147705078
2025-08-27,83.1902084350586
2025-08-28,83.7374496459961
2025-08-29,83.14219665527344
2025-09-02,82.52348327636719
2025-09-03,83.42939758300781
2025-09-04,84.0654525756836
2025-09-05,85.3471908569336
2025-09-08,86.4843978881836
2025-09-09,85.99288940429688
2025-09-10,86.4843978881836
2025-09-11,87.06262969970703
2025-09-12,86.686767578125
2025-09-15,86.88916778564453
2025-09-16,87.072265625
2025-09-17,86.85059356689453
2025-09-18,85.95435333251953
2025-09-19,85.7905044555664
2025-09-22,85.48212432861328
2025-09-23,86.07962036132812
2025-09-24,85.75196075439453
2025-09-25,85.75196075439453
2025-09-26,85.67486572265625
2025-09-29,86.37837982177734
2025-09-30,86.1278076171875
2025-10-01,86.35023498535156
2025-10-02,86.60169219970703
2025-10-03,86.43727111816406
2025-10-06,85.75064086914062
2025-10-07,86.2438735961914
2025-10-08,86.3115463256836
2025-10-09,86.2438735961914
2025-10-10,87.63645935058594
2025-10-13,87.58809661865234
2025-10-14,87.8685531616211
2025-10-15,87.6751480102539
2025-10-16,88.33274841308594
2025-10-17,88.19733428955078
2025-10-20,88.53582763671875
2025-10-21,88.97101593017578
2025-10-22,89.02903747558594
2025-10-23,88.41978454589844
2025-10-24,88.4584732055664
2025-10-27,88.75827026367188
2025-10-28,88.9903564453125
2025-10-29,88.0909652709961
2025-10-30,87.57843780517578
2025-10-31,87.31729888916016
2025-11-03,87.09894561767578
2025-11-04,87.29306030273438
2025-11-05,86.34188842773438
2025-11-06,87.11834716796875
2025-11-07,86.93394470214844
2025-11-10,86.91454315185547
2025-11-11,87.31246948242188
2025-11-12,87.4677505493164
2025-11-13,86.74952697753906
2025-11-14,86.25454711914062
2025-11-17,86.46807098388672
2025-11-18,86.43894958496094
2025-11-19,86.26425170898438
2025-11-20,86.60395050048828
2025-11-21,86.8659896850586
2025-11-24,87.36099243164062
2025-11-25,87.58422088623047
2025-11-26,87.97245025634766
2025-11-28,87.55509948730469
2025-12-01,86.46515655517578
2025-12-02,86.50411987304688
2025-12-03,86.74762725830078
2025-12-04,86.28009796142578
2025-12-05,85.88072967529297
2025-12-08,85.59825897216797
2025-12-09,85.68592834472656
2025-12-10,86.01709747314453
2025-12-11,85.90021514892578
2025-12-12,85.07227325439453
2025-12-15,85.13072967529297
2025-12-16,85.59825897216797
2025-12-17,85.52033996582031
2025-12-18,85.929443359375
2025-12-19,85.60871887207031
2025-12-22,85.42292785644531
2025-12-23,85.55982208251953
2025-12-24,86.07807159423828
2025-12-26,85.79449462890625
2025-12-29,86.11719512939453
2025-12-30,85.9118423461914
2025-12-31,85.22736358642578
2026-01-02,85.1002426147461
2026-01-05,85.52070617675781
2026-01-06,85.34469604492188
2026-01-07,85.84339141845703
2026-01-08,85.41314697265625
2026-01-09,85.98027801513672
2026-01-12,85.72604370117188
2026-01-13,85.87273406982422
2026-01-14,86.37142944335938
2026-01-15,86.35186004638672
2026-01-16,85.85316467285156
2026-01-20,84.72867584228516
2026-01-21,85.37403106689453
2026-01-22,85.74560546875
2026-01-23,85.98027801513672
2026-01-26,86.3909683227539
2026-01-27,85.85316467285156
2026-01-28,85.65760040283203
2026-01-29,85.67715454101562
2026-01-30,85.19802856445312
2026-02-02,84.95459747314453
2026-02-03,85.16072845458984
2026-02-04,84.94478607177734
2026-02-05,85.86744689941406
2026-02-06,85.92634582519531
2026-02-09,85.9067153930664
2026-02-10,86.89810180664062
2026-02-11,86.43675994873047
2026-02-12,87.585205078125
2026-02-13,88.066162109375
2026-02-17,88.2134017944336
2026-02-18,87.87966918945312
2026-02-19,87.96800231933594
2026-02-20,87.76187896728516
2026-02-23,88.08580017089844
2026-02-24,88.24285125732422
2026-02-25,88.25265502929688
2026-02-26,88.60602569580078
2026-02-27,89.14588165283203
2026-03-02,88.25067138671875
2026-03-03,88.07340240478516
2026-03-04,87.79766082763672
2026-03-05,87.443115234375
2026-03-06,87.11811065673828
2026-03-09,87.87644958496094
2026-03-10,86.94084930419922
2026-03-11,85.81814575195312
2026-03-12,85.65071868896484
2026-03-13,85.22724914550781
2026-03-16,85.8870849609375
2026-03-17,86.12344360351562
2026-03-18,85.640869140625
2026-03-19,86.16283416748047
2026-03-20,84.52802276611328
2026-03-23,85.07952117919922
2026-03-24,84.70529174804688
2026-03-25,85.52269744873047
2026-03-26,84.80376434326172
2026-03-27,84.34089660644531
2026-03-30,85.46360778808594
2026-03-31,85.37496948242188
2026-04-01,85.29092407226562
2026-04-02,85.81497955322266
2026-04-06,85.67655181884766
2026-04-07,85.66665649414062
2026-04-08,85.9435043334961
2026-04-09,85.72598266601562
2026-04-10,85.51834106445312
2026-04-13,85.77542114257812
2026-04-14,86.23025512695312
2026-04-15,85.85452270507812
2026-04-16,85.31070709228516
2026-04-17,86.09182739257812
2026-04-20,86.07205200195312
2026-04-21,85.59744262695312
2026-04-22,85.76553344726562
2026-04-23,85.57766723632812
2026-04-24,85.73587036132812
2026-04-27,85.31070709228516
2026-04-28,85.39969635009766
2026-04-29,84.7372055053711
2026-04-30,84.65811920166016
2026-05-01,84.96080780029297
2026-05-04,84.31572723388672
2026-05-05,84.78216552734375
2026-05-06,85.42723846435547
2026-05-07,85.00049591064453
2026-05-08,85.42723846435547
2026-05-11,84.91117858886719
2026-05-12,84.34550476074219
2026-05-13,84.15695190429688
2026-05-14,84.27603149414062
2026-05-15,83.02558898925781
2026-05-18,82.92634582519531
2026-05-19,82.39044189453125
2026-05-20,83.27369689941406
2026-05-21,83.58133697509766
2026-05-22,84.03784942626953
2026-05-26,84.45466613769531
2026-05-27,84.65316009521484
2026-05-28,85.08981323242188
2026-05-29,85.10967254638672
2026-06-01,85.1554946899414
2026-06-02,85.3348388671875
2026-06-03,84.99608612060547
2026-06-04,85.18538665771484
2026-06-05,84.74700164794922
2026-06-08,84.30862426757812
2026-06-09,84.8067855834961
2026-06-10,84.56766510009766
2026-06-11,85.66361999511719
2026-06-12,85.45439147949219
2026-06-15,85.40457916259766
2026-06-16,85.87284851074219
2026-06-17,86.01233673095703
2026-06-18,86.4307861328125
2026-06-22,85.77320861816406
2026-06-23,85.88280487060547
2026-06-24,87.05846405029297
2026-06-25,87.02857971191406
2026-06-26,87.03854370117188
2026-06-29,87.12820434570312
2026-06-30,86.10199737548828
2026-07-01,85.5199966430664
2026-07-02,85.51000213623047
2026-07-06,85.44999694824219
2026-07-07,84.55000305175781
2026-07-08,84.36000061035156
2026-07-09,84.48999786376953
2026-07-10,84.47000122070312
2026-07-13,83.97000122070312
