date,adj close
2010-01-04,34.79047775268555
2010-01-05,35.08161544799805
2010-01-06,34.80867004394531
2010-01-07,34.7237548828125
2010-01-08,34.663108825683594
2010-01-11,34.657047271728516
2010-01-12,35.00273513793945
2010-01-13,34.79655075073242
2010-01-14,34.91178512573242
2010-01-15,35.35453414916992
2010-01-19,35.28176498413086
2010-01-20,35.50617980957031
2010-01-21,35.65781784057617
2010-01-22,35.688148498535156
2010-01-25,35.524383544921875
2010-01-26,35.524383544921875
2010-01-27,35.56078338623047
2010-01-28,35.415191650390625
2010-01-29,35.729217529296875
2010-02-01,35.5527458190918
2010-02-02,35.54056167602539
2010-02-03,35.2545280456543
2010-02-04,35.61970138549805
2010-02-05,35.7657356262207
2010-02-08,35.82050704956055
2010-02-09,35.51014709472656
2010-02-10,35.23629379272461
2010-02-11,35.084144592285156
2010-02-12,35.199790954589844
2010-02-16,35.31541442871094
2010-02-17,34.938072204589844
2010-02-18,34.8468017578125
2010-02-19,34.95634460449219
2010-02-22,34.88331604003906
2010-02-23,35.32758331298828
2010-02-24,35.358009338378906
2010-02-25,35.491878509521484
2010-02-26,35.651153564453125
2010-03-01,35.68167495727539
2010-03-02,35.57793045043945
2010-03-03,35.64506149291992
2010-03-04,35.638954162597656
2010-03-05,35.303321838378906
2010-03-08,35.18126678466797
2010-03-09,35.18126678466797
2010-03-10,35.162960052490234
2010-03-11,35.30941390991211
2010-03-12,35.34603500366211
2010-03-15,35.24229049682617
2010-03-16,35.52910232543945
2010-03-17,35.7732048034668
2010-03-18,35.7732048034668
2010-03-19,35.76101303100586
2010-03-22,35.64506149291992
2010-03-23,35.62064743041992
2010-03-24,35.132450103759766
2010-03-25,34.82732009887695
2010-03-26,34.931068420410156
2010-03-29,34.839534759521484
2010-03-30,34.89443588256836
2010-03-31,35.050025939941406
2010-04-01,35.080604553222656
2010-04-05,34.60904312133789
2010-04-06,34.67027282714844
2010-04-07,35.03775405883789
2010-04-08,34.915279388427734
2010-04-09,34.98875045776367
2010-04-12,35.160282135009766
2010-04-13,35.21537399291992
2010-04-14,35.18474197387695
2010-04-15,35.11124038696289
2010-04-16,35.38072204589844
2010-04-19,35.294979095458984
2010-04-20,35.32558059692383
2010-04-21,35.57057571411133
2010-04-22,35.53995132446289
2010-04-23,35.53995132446289
2010-04-26,35.417457580566406
2010-04-27,35.840065002441406
2010-04-28,35.52771759033203
2010-04-29,35.52771759033203
2010-04-30,36.03720474243164
2010-05-03,36.03720474243164
2010-05-04,36.516517639160156
2010-05-05,36.627132415771484
2010-05-06,37.088050842285156
2010-05-07,37.32774353027344
2010-05-10,36.63945007324219
2010-05-11,36.61485290527344
2010-05-12,36.41205596923828
2010-05-13,36.399749755859375
2010-05-14,37.149505615234375
2010-05-17,36.94054412841797
2010-05-18,37.426048278808594
2010-05-19,37.53668212890625
2010-05-20,38.13893127441406
2010-05-21,38.16967010498047
2010-05-24,37.8685302734375
2010-05-25,38.29873275756836
2010-05-26,37.98529815673828
2010-05-27,37.426048278808594
2010-05-28,37.55121994018555
2010-06-01,37.7362060546875
2010-06-02,37.520389556884766
2010-06-03,37.44022750854492
2010-06-04,38.03836441040039
2010-06-07,38.13701248168945
2010-06-08,38.19866943359375
2010-06-09,38.17400360107422
2010-06-10,37.7362060546875
2010-06-11,37.99518585205078
2010-06-14,37.79786682128906
2010-06-15,37.53890609741211
2010-06-16,37.75469207763672
2010-06-17,38.16163635253906
2010-06-18,37.927364349365234
2010-06-21,38.001346588134766
2010-06-22,38.32815170288086
2010-06-23,38.59330368041992
2010-06-24,38.42062759399414
2010-06-25,38.32196807861328
2010-06-28,38.802940368652344
2010-06-29,39.19138717651367
2010-06-30,39.3856201171875
2010-07-01,39.441261291503906
2010-07-02,39.15674591064453
2010-07-06,39.42888259887695
2010-07-07,39.119667053222656
2010-07-08,38.965023040771484
2010-07-09,38.779483795166016
2010-07-12,38.76090621948242
2010-07-13,38.46405029296875
2010-07-14,38.74238586425781
2010-07-15,39.21243667602539
2010-07-16,39.2742805480957
2010-07-19,39.13201904296875
2010-07-20,39.19386291503906
2010-07-21,39.72576141357422
2010-07-22,39.360862731933594
2010-07-23,39.06399154663086
2010-07-26,39.014503479003906
2010-07-27,38.74238586425781
2010-07-28,38.8784065246582
2010-07-29,38.847503662109375
2010-07-30,39.37970733642578
2010-08-02,38.939823150634766
2010-08-03,39.200050354003906
2010-08-04,38.92124557495117
2010-08-05,39.15668869018555
2010-08-06,39.46027755737305
2010-08-09,39.34256362915039
2010-08-10,39.5407829284668
2010-08-11,39.95591354370117
2010-08-12,39.850582122802734
2010-08-13,40.19135665893555
2010-08-16,40.996795654296875
2010-08-17,40.79854202270508
2010-08-18,40.84188461303711
2010-08-19,41.349945068359375
2010-08-20,41.18886184692383
2010-08-23,41.24462890625
2010-08-24,41.851776123046875
2010-08-25,41.65972137451172
2010-08-26,41.98810958862305
2010-08-27,41.01538848876953
2010-08-30,41.61016082763672
2010-08-31,42.04299545288086
2010-09-01,41.291587829589844
2010-09-02,40.956214904785156
2010-09-03,40.61466979980469
2010-09-07,41.19843292236328
2010-09-08,41.036956787109375
2010-09-09,40.31036376953125
2010-09-10,40.14891052246094
2010-09-13,40.3848876953125
2010-09-14,40.645721435546875
2010-09-15,40.192386627197266
2010-09-16,39.91912078857422
2010-09-17,40.11166000366211
2010-09-20,40.19858169555664
2010-09-21,40.60844421386719
2010-09-22,40.93760681152344
2010-09-23,41.036956787109375
2010-09-24,40.664329528808594
2010-09-27,41.18598937988281
2010-09-28,41.52757263183594
2010-09-29,41.27295684814453
2010-09-30,41.312171936035156
2010-10-01,41.206298828125
2010-10-04,41.25614929199219
2010-10-05,41.21876907348633
2010-10-06,41.5363655090332
2010-10-07,41.374446868896484
2010-10-08,41.231239318847656
2010-10-11,41.13158416748047
2010-10-12,41.03196716308594
2010-10-13,40.82022476196289
2010-10-14,40.52128601074219
2010-10-15,40.10407638549805
2010-10-18,40.27843475341797
2010-10-19,40.43413162231445
2010-10-20,40.53376770019531
2010-10-21,40.259761810302734
2010-10-22,40.24729537963867
2010-10-25,40.502628326416016
2010-10-26,39.93593215942383
2010-10-27,39.66817092895508
2010-10-28,39.71796417236328
2010-10-29,40.05153274536133
2010-11-01,39.96410369873047
2010-11-02,40.39509201049805
2010-11-03,39.7142333984375
2010-11-04,40.01406478881836
2010-11-05,39.70174026489258
2010-11-08,39.745452880859375
2010-11-09,39.05213165283203
2010-11-10,38.970924377441406
2010-11-11,39.064613342285156
2010-11-12,38.758548736572266
2010-11-15,38.07145309448242
2010-11-16,38.75230407714844
2010-11-17,38.72731018066406
2010-11-18,38.5836296081543
2010-11-19,38.82098388671875
2010-11-22,39.008384704589844
2010-11-23,39.22075271606445
2010-11-24,38.639854431152344
2010-11-26,38.92094802856445
2010-11-29,39.270755767822266
2010-11-30,39.35158157348633
2010-12-01,38.75636291503906
2010-12-02,38.64357376098633
2010-12-03,38.405521392822266
2010-12-06,38.825279235839844
2010-12-07,38.07347106933594
2010-12-08,37.697574615478516
2010-12-09,37.75394821166992
2010-12-10,37.53466033935547
2010-12-13,37.75394821166992
2010-12-14,37.07103729248047
2010-12-15,36.845481872558594
2010-12-16,37.020938873291016
2010-12-17,37.65370178222656
2010-12-20,37.52838897705078
2010-12-21,37.64741134643555
2010-12-22,37.53466033935547
2010-12-23,37.41562271118164
2010-12-27,37.63206481933594
2010-12-28,37.153865814208984
2010-12-29,37.68871307373047
2010-12-30,37.64466857910156
2010-12-31,37.9214973449707
2011-01-03,37.87116241455078
2011-01-04,37.64466857910156
2011-01-05,37.18534469604492
2011-01-06,37.16644287109375
2011-01-07,37.38039016723633
2011-01-10,37.68871307373047
2011-01-11,37.56915283203125
2011-01-12,37.34263610839844
2011-01-13,37.625797271728516
2011-01-14,37.43700408935547
2011-01-18,37.29859924316406
2011-01-19,37.43700408935547
2011-01-20,37.00288009643555
2011-01-21,37.116119384765625
2011-01-24,37.21680450439453
2011-01-25,37.45589065551758
2011-01-26,37.08466720581055
2011-01-27,37.21051788330078
2011-01-28,37.46846008300781
2011-01-31,37.12381362915039
2011-02-01,37.01649475097656
2011-02-02,36.8902587890625
2011-02-03,36.6945686340332
2011-02-04,36.32842254638672
2011-02-07,36.39157485961914
2011-02-08,36.164310455322266
2011-02-09,36.41049575805664
2011-02-10,36.233741760253906
2011-02-11,36.54938888549805
2011-02-14,36.650390625
2011-02-15,36.738746643066406
2011-02-16,36.801841735839844
2011-02-17,36.76399230957031
2011-02-18,36.54304504394531
2011-02-22,37.136417388916016
2011-02-23,37.262699127197266
2011-02-24,37.39523696899414
2011-02-25,37.616172790527344
2011-02-28,37.64404296875
2011-03-01,37.63772964477539
2011-03-02,37.31473922729492
2011-03-03,36.915740966796875
2011-03-04,37.156402587890625
2011-03-07,37.023406982421875
2011-03-08,36.83973693847656
2011-03-09,37.232398986816406
2011-03-10,37.71369171142578
2011-03-11,37.54273223876953
2011-03-14,37.49203109741211
2011-03-15,37.941715240478516
2011-03-16,38.397701263427734
2011-03-17,38.239376068115234
2011-03-18,38.106380462646484
2011-03-21,38.043067932128906
2011-03-22,38.13169860839844
2011-03-23,38.043067932128906
2011-03-24,37.872032165527344
2011-03-25,37.663047790527344
2011-03-28,37.770729064941406
2011-03-29,37.523719787597656
2011-03-30,37.68205642700195
2011-03-31,37.60518264770508
2011-04-01,37.77675247192383
2011-04-04,37.840267181396484
2011-04-05,37.66872787475586
2011-04-06,37.40818786621094
2011-04-07,37.13495635986328
2011-04-08,37.01422882080078
2011-04-11,37.020591735839844
2011-04-12,37.38911056518555
2011-04-13,37.63058090209961
2011-04-14,37.70682907104492
2011-04-15,37.92926025390625
2011-04-18,38.03728103637695
2011-04-19,38.18975830078125
2011-04-20,38.088096618652344
2011-04-21,37.91654586791992
2011-04-25,38.126251220703125
2011-04-26,38.412166595458984
2011-04-27,38.03093719482422
2011-04-28,38.285099029541016
2011-04-29,38.41959762573242
2011-05-02,38.4960823059082
2011-05-03,38.68092346191406
2011-05-04,38.865821838378906
2011-05-05,39.139923095703125
2011-05-06,39.057044982910156
2011-05-09,38.986934661865234
2011-05-10,38.85307312011719
2011-05-11,38.986934661865234
2011-05-12,38.789302825927734
2011-05-13,39.012428283691406
2011-05-16,39.29289627075195
2011-05-17,39.516021728515625
2011-05-18,39.20366287231445
2011-05-19,39.19092559814453
2011-05-20,39.15267562866211
2011-05-23,39.28656768798828
2011-05-24,39.42677307128906
2011-05-25,39.3120231628418
2011-05-26,39.57976531982422
2011-05-27,39.618011474609375
2011-05-31,39.70178985595703
2011-06-01,40.16852951049805
2011-06-02,39.586669921875
2011-06-03,39.59308624267578
2011-06-06,39.586669921875
2011-06-07,39.4524040222168
2011-06-08,39.84242630004883
2011-06-09,39.74652862548828
2011-06-10,39.931968688964844
2011-06-13,39.84242630004883
2011-06-14,39.298946380615234
2011-06-15,39.89360427856445
2011-06-16,40.08542251586914
2011-06-17,39.989498138427734
2011-06-20,39.951133728027344
2011-06-21,39.79768753051758
2011-06-22,39.84242630004883
2011-06-23,40.09182357788086
2011-06-24,40.02787780761719
2011-06-27,39.631446838378906
2011-06-28,39.22858810424805
2011-06-29,38.960044860839844
2011-06-30,38.93952941894531
2011-07-01,38.798377990722656
2011-07-05,38.945919036865234
2011-07-06,39.11913299560547
2011-07-07,38.93309020996094
2011-07-08,39.45272445678711
2011-07-11,40.010841369628906
2011-07-12,40.094234466552734
2011-07-13,40.235347747802734
2011-07-14,39.78633117675781
2011-07-15,39.8055419921875
2011-07-18,39.670833587646484
2011-07-19,40.17761993408203
2011-07-20,39.86331558227539
2011-07-21,39.5617790222168
2011-07-22,39.78633117675781
2011-07-25,39.48479461669922
2011-07-26,39.72855758666992
2011-07-27,39.651615142822266
2011-07-28,39.8183708190918
2011-07-29,40.49416732788086
2011-08-01,40.91891098022461
2011-08-02,41.832794189453125
2011-08-03,42.03228759765625
2011-08-04,43.184303283691406
2011-08-05,42.135284423828125
2011-08-08,43.325931549072266
2011-08-09,43.461055755615234
2011-08-10,44.658119201660156
2011-08-11,42.79818344116211
2011-08-12,43.525394439697266
2011-08-15,43.184303283691406
2011-08-16,43.67988586425781
2011-08-17,44.32988739013672
2011-08-18,44.97990798950195
2011-08-19,45.29524612426758
2011-08-22,45.179420471191406
2011-08-23,44.73535919189453
2011-08-24,43.67343521118164
2011-08-25,44.01453399658203
2011-08-26,44.497249603271484
2011-08-29,43.91800308227539
2011-08-30,44.43283462524414
2011-08-31,44.03913497924805
2011-09-01,44.74910354614258
2011-09-02,45.89804458618164
2011-09-06,46.304656982421875
2011-09-07,45.62049865722656
2011-09-08,45.99486541748047
2011-09-09,46.414398193359375
2011-09-12,46.43372344970703
2011-09-13,45.92387008666992
2011-09-14,46.111026763916016
2011-09-15,45.54949188232422
2011-09-16,45.723793029785156
2011-09-19,46.537025451660156
2011-09-20,46.71128463745117
2011-09-21,47.86663818359375
2011-09-22,49.215641021728516
2011-09-23,48.49919509887695
2011-09-26,47.834388732910156
2011-09-27,47.27281188964844
2011-09-28,47.09214401245117
2011-09-29,47.589111328125
2011-09-30,48.42521667480469
2011-10-03,49.44772720336914
2011-10-04,48.98172378540039
2011-10-05,48.67758560180664
2011-10-06,47.98516082763672
2011-10-07,47.62919616699219
2011-10-10,47.08565139770508
2011-10-11,46.94322967529297
2011-10-12,46.28319549560547
2011-10-13,46.59383010864258
2011-10-14,46.12140655517578
2011-10-17,46.84619903564453
2011-10-18,46.56146240234375
2011-10-19,46.529136657714844
2011-10-20,46.25082778930664
2011-10-21,45.94667053222656
2011-10-24,45.88196563720703
2011-10-25,46.95620346069336
2011-10-26,46.25729751586914
2011-10-27,44.963043212890625
2011-10-28,45.325439453125
2011-10-31,46.617393493652344
2011-11-01,48.11638259887695
2011-11-02,47.72054672241211
2011-11-03,47.2403678894043
2011-11-04,47.14949035644531
2011-11-07,47.51287841796875
2011-11-08,46.92888641357422
2011-11-09,47.856834411621094
2011-11-10,47.18843460083008
2011-11-11,47.026214599609375
2011-11-14,47.51287841796875
2011-11-15,47.42853546142578
2011-11-16,47.908714294433594
2011-11-17,48.239688873291016
2011-11-18,48.1812629699707
2011-11-21,48.473262786865234
2011-11-22,48.84962463378906
2011-11-23,49.33633804321289
2011-11-25,48.73931121826172
2011-11-28,48.63550567626953
2011-11-29,48.4667854309082
2011-11-30,47.624351501464844
2011-12-01,47.45520782470703
2011-12-02,47.96916580200195
2011-12-05,47.85853576660156
2011-12-06,47.52027893066406
2011-12-07,47.79349899291992
2011-12-08,48.066707611083984
2011-12-09,47.474754333496094
2011-12-12,47.7414436340332
2011-12-13,48.164302825927734
2011-12-14,48.91889953613281
2011-12-15,48.93840789794922
2011-12-16,49.354759216308594
2011-12-19,49.84263610839844
2011-12-20,48.84730911254883
2011-12-21,48.313941955566406
2011-12-22,48.33342361450195
2011-12-23,47.864498138427734
2011-12-27,47.88405990600586
2011-12-28,48.87540817260742
2011-12-29,48.93410873413086
2011-12-30,48.98630142211914
2012-01-03,48.39934539794922
2012-01-04,48.07975769042969
2012-01-05,47.89058303833008
2012-01-06,48.3210563659668
2012-01-09,48.24931335449219
2012-01-10,48.07975769042969
2012-01-11,48.72539520263672
2012-01-12,48.66667938232422
2012-01-13,49.07759475708008
2012-01-17,49.15583419799805
2012-01-18,48.66667938232422
2012-01-19,48.09278106689453
2012-01-20,47.66233825683594
2012-01-23,47.38188552856445
2012-01-24,47.3884162902832
2012-01-25,47.37537384033203
2012-01-26,47.83189392089844
2012-01-27,48.040626525878906
2012-01-30,48.56235122680664
2012-01-31,49.085960388183594
2012-02-01,48.65450668334961
2012-02-02,48.56301498413086
2012-02-03,47.59552764892578
2012-02-06,48.07273483276367
2012-02-07,47.59552764892578
2012-02-08,47.6347541809082
2012-02-09,47.31447982788086
2012-02-10,47.93544387817383
2012-02-13,47.84393310546875
2012-02-14,48.216552734375
2012-02-15,48.09233856201172
2012-02-16,47.67398452758789
2012-02-17,47.61514663696289
2012-02-21,47.28829574584961
2012-02-22,47.68706130981445
2012-02-23,47.77203369140625
2012-02-24,47.96161651611328
2012-02-27,48.41920471191406
2012-02-28,48.170799255371094
2012-02-29,48.0908203125
2012-03-01,47.64516830444336
2012-03-02,47.933528900146484
2012-03-05,47.6910400390625
2012-03-06,48.09735870361328
2012-03-07,48.01875305175781
2012-03-08,47.50751495361328
2012-03-09,47.38304901123047
2012-03-12,47.54032897949219
2012-03-13,46.85216522216797
2012-03-14,45.757720947265625
2012-03-15,45.82982635498047
2012-03-16,45.85601806640625
2012-03-19,45.41036605834961
2012-03-20,45.5742301940918
2012-03-21,46.02640151977539
2012-03-22,46.157501220703125
2012-03-23,46.47207260131836
2012-03-26,46.268898010253906
2012-03-27,46.64248275756836
2012-03-28,46.58350372314453
2012-03-29,46.806304931640625
2012-03-30,46.01918029785156
2012-04-02,46.37399673461914
2012-04-03,45.743247985839844
2012-04-04,46.03230285644531
2012-04-05,46.57109069824219
2012-04-09,47.444942474365234
2012-04-10,47.944305419921875
2012-04-11,47.569801330566406
2012-04-12,47.31354904174805
2012-04-13,47.832584381103516
2012-04-16,47.95087432861328
2012-04-17,47.80634689331055
2012-04-18,48.010013580322266
2012-04-19,48.12830352783203
2012-04-20,48.0954475402832
2012-04-23,48.39767837524414
2012-04-24,48.08884811401367
2012-04-25,47.91801834106445
2012-04-26,48.12830352783203
2012-04-27,48.20712661743164
2012-04-30,48.179439544677734
2012-05-01,47.92255401611328
2012-05-02,48.29146194458008
2012-05-03,48.26511764526367
2012-05-04,48.62080383300781
2012-05-07,48.653751373291016
2012-05-08,48.884315490722656
2012-05-09,48.84477996826172
2012-05-10,48.745975494384766
2012-05-11,49.147789001464844
2012-05-14,49.64183044433594
2012-05-15,49.786766052246094
2012-05-16,50.05025100708008
2012-05-17,50.79460525512695
2012-05-18,50.78803634643555
2012-05-21,50.66286087036133
2012-05-22,50.182010650634766
2012-05-23,50.54429626464844
2012-05-24,50.300537109375
2012-05-25,50.4981803894043
2012-05-29,50.4718132019043
2012-05-30,51.479698181152344
2012-05-31,51.97882843017578
2012-06-01,52.97576904296875
2012-06-04,52.76448440551758
2012-06-05,52.18350601196289
2012-06-06,51.12716293334961
2012-06-07,51.17995834350586
2012-06-08,51.24598693847656
2012-06-11,51.47703552246094
2012-06-12,51.09414291381836
2012-06-13,51.543060302734375
2012-06-14,51.37139892578125
2012-06-15,51.70152282714844
2012-06-18,51.82695388793945
2012-06-19,51.39784622192383
2012-06-20,51.54967498779297
2012-06-21,51.70152282714844
2012-06-22,51.20634460449219
2012-06-25,51.72796630859375
2012-06-26,51.510032653808594
2012-06-27,51.576080322265625
2012-06-28,51.846778869628906
2012-06-29,51.19295120239258
2012-07-02,51.74882507324219
2012-07-03,51.41795349121094
2012-07-05,51.42458724975586
2012-07-06,51.93410110473633
2012-07-09,52.304725646972656
2012-07-10,52.45030212402344
2012-07-11,52.443668365478516
2012-07-12,52.78779602050781
2012-07-13,52.70176696777344
2012-07-16,52.90688705444336
2012-07-17,52.595855712890625
2012-07-18,52.62895202636719
2012-07-19,52.542938232421875
2012-07-20,53.01939010620117
2012-07-23,53.284114837646484
2012-07-24,53.63482666015625
2012-07-25,53.72087860107422
2012-07-26,53.337013244628906
2012-07-27,52.496612548828125
2012-07-30,52.77452850341797
2012-07-31,52.803070068359375
2012-08-01,52.65717697143555
2012-08-02,52.88930130004883
2012-08-03,52.153053283691406
2012-08-06,52.17959213256836
2012-08-07,51.62910079956055
2012-08-08,51.47654342651367
2012-08-09,51.31733322143555
2012-08-10,51.64896774291992
2012-08-13,51.56938934326172
2012-08-14,50.932621002197266
2012-08-15,50.315826416015625
2012-08-16,49.911170959472656
2012-08-17,50.14997863769531
2012-08-20,50.20964813232422
2012-08-21,50.382118225097656
2012-08-22,51.06528854370117
2012-08-23,51.35713577270508
2012-08-24,51.29085159301758
2012-08-27,51.57601547241211
2012-08-28,51.702049255371094
2012-08-29,51.48317337036133
2012-08-30,51.74185562133789
2012-08-31,52.350120544433594
2012-09-04,52.27031326293945
2012-09-05,52.09755325317383
2012-09-06,51.35961151123047
2012-09-07,51.180084228515625
2012-09-10,51.22000503540039
2012-09-11,51.0139045715332
2012-09-12,50.44221496582031
2012-09-13,50.315887451171875
2012-09-14,49.219058990478516
2012-09-17,49.617897033691406
2012-09-18,49.88379669189453
2012-09-19,50.14971923828125
2012-09-20,50.26273727416992
2012-09-21,50.27599334716797
2012-09-24,50.58846664428711
2012-09-25,51.027217864990234
2012-09-26,51.49919891357422
2012-09-27,51.279815673828125
2012-09-28,51.35978698730469
2012-10-01,51.41976547241211
2012-10-02,51.39310073852539
2012-10-03,51.39310073852539
2012-10-04,50.86003112792969
2012-10-05,50.333656311035156
2012-10-08,50.78675842285156
2012-10-09,50.58683776855469
2012-10-10,50.840049743652344
2012-10-11,51.13322448730469
2012-10-12,51.286476135253906
2012-10-15,51.21318817138672
2012-10-16,50.573490142822266
2012-10-17,50.11375045776367
2012-10-18,49.84724044799805
2012-10-19,50.440208435058594
2012-10-22,50.18040084838867
2012-10-23,50.7534294128418
2012-10-24,50.433555603027344
2012-10-25,50.15373611450195
2012-10-26,50.74674987792969
2012-10-31,51.14655303955078
2012-11-01,50.91335678100586
2012-11-02,50.763092041015625
2012-11-05,51.03022384643555
2012-11-06,50.69632339477539
2012-11-07,51.41753387451172
2012-11-08,52.05187225341797
2012-11-09,52.11198425292969
2012-11-12,52.19210433959961
2012-11-13,52.3322868347168
2012-11-14,52.432491302490234
2012-11-15,52.39909362792969
2012-11-16,52.30564498901367
2012-11-19,52.05187225341797
2012-11-20,51.6044807434082
2012-11-21,51.544395446777344
2012-11-23,51.531005859375
2012-11-26,51.71798324584961
2012-11-27,51.90494918823242
2012-11-28,51.90494918823242
2012-11-29,51.838191986083984
2012-11-30,51.73849868774414
2012-12-03,51.872310638427734
2012-12-04,52.03296661376953
2012-12-05,52.01285934448242
2012-12-06,52.09315490722656
2012-12-07,51.81878662109375
2012-12-10,51.785308837890625
2012-12-11,51.55106735229492
2012-12-12,51.06923294067383
2012-12-13,51.042442321777344
2012-12-14,51.336952209472656
2012-12-17,50.70785903930664
2012-12-18,50.23939514160156
2012-12-19,50.359859466552734
2012-12-20,50.48699188232422
2012-12-21,50.84840774536133
2012-12-24,50.79056930541992
2012-12-26,50.911582946777344
2012-12-27,51.17366409301758
2012-12-28,51.381996154785156
2012-12-31,50.60245132446289
2013-01-02,50.058101654052734
2013-01-03,49.486907958984375
2013-01-04,49.59443664550781
2013-01-07,49.60118103027344
2013-01-08,49.91026306152344
2013-01-09,49.88339614868164
2013-01-10,49.735572814941406
2013-01-11,50.07157516479492
2013-01-14,49.99764633178711
2013-01-15,50.1790657043457
2013-01-16,50.32021713256836
2013-01-17,49.90353775024414
2013-01-18,50.1790657043457
2013-01-22,50.25971603393555
2013-01-23,50.252994537353516
2013-01-24,50.07828140258789
2013-01-25,49.46675491333008
2013-01-28,49.33233642578125
2013-01-29,49.1172981262207
2013-01-30,49.02320098876953
2013-01-31,49.16324996948242
2013-02-01,48.67176055908203
2013-02-04,49.217124938964844
2013-02-05,48.81987762451172
2013-02-06,49.16324996948242
2013-02-07,49.062278747558594
2013-02-08,49.217124938964844
2013-02-11,49.210391998291016
2013-02-12,49.075748443603516
2013-02-13,48.73235321044922
2013-02-14,49.10938262939453
2013-02-15,48.98820114135742
2013-02-19,48.81987762451172
2013-02-20,48.90066146850586
2013-02-21,49.1901969909668
2013-02-22,49.20365524291992
2013-02-25,50.072208404541016
2013-02-26,49.823062896728516
2013-02-27,49.701881408691406
2013-02-28,49.76462936401367
2013-03-01,49.99405288696289
2013-03-04,49.82533264160156
2013-03-05,49.67018508911133
2013-03-06,49.29904556274414
2013-03-07,48.91444396972656
2013-03-08,48.496063232421875
2013-03-11,48.4758186340332
2013-03-12,48.79294967651367
2013-03-13,48.799713134765625
2013-03-14,48.75922393798828
2013-03-15,48.840187072753906
2013-03-18,49.20458221435547
2013-03-19,49.514984130859375
2013-03-20,49.06964111328125
2013-03-21,49.39349365234375
2013-03-22,49.46772766113281
2013-03-25,49.447513580322266
2013-03-26,49.481266021728516
2013-03-27,49.83888244628906
2013-03-28,49.70969772338867
2013-04-01,49.932838439941406
2013-04-02,49.75706100463867
2013-04-03,50.223655700683594
2013-04-04,50.6970329284668
2013-04-05,51.56257247924805
2013-04-08,51.258270263671875
2013-04-09,51.12302780151367
2013-04-10,50.5482292175293
2013-04-11,50.61583709716797
2013-04-12,51.29206085205078
2013-04-15,51.650474548339844
2013-04-16,51.278587341308594
2013-04-17,51.58286666870117
2013-04-18,51.66401672363281
2013-04-19,51.60993194580078
2013-04-22,51.61668395996094
2013-04-23,51.44762420654297
2013-04-24,51.569332122802734
2013-04-25,51.41376876831055
2013-04-26,51.81278610229492
2013-04-29,51.79924392700195
2013-04-30,51.655555725097656
2013-05-01,52.13005447387695
2013-05-02,52.0893669128418
2013-05-03,50.98452377319336
2013-05-06,50.88286209106445
2013-05-07,50.6862678527832
2013-05-08,50.80153274536133
2013-05-09,50.6862678527832
2013-05-10,50.13729476928711
2013-05-13,49.832275390625
2013-05-14,49.364585876464844
2013-05-15,49.62214660644531
2013-05-16,50.08983612060547
2013-05-17,49.601802825927734
2013-05-20,49.62214660644531
2013-05-21,49.818721771240234
2013-05-22,49.140907287597656
2013-05-23,49.357784271240234
2013-05-24,49.49335479736328
2013-05-28,48.33430862426758
2013-05-29,48.74101638793945
2013-05-30,48.632545471191406
2013-05-31,48.514991760253906
2013-06-03,48.77322006225586
2013-06-04,48.351924896240234
2013-06-05,48.87512969970703
2013-06-06,48.94984817504883
2013-06-07,48.168460845947266
2013-06-10,47.92388153076172
2013-06-11,48.24320983886719
2013-06-12,47.77435302734375
2013-06-13,48.365543365478516
2013-06-14,48.487815856933594
2013-06-17,48.1073112487793
2013-06-18,48.10051345825195
2013-06-19,47.584102630615234
2013-06-20,46.97259521484375
2013-06-21,46.32706832885742
2013-06-24,46.252349853515625
2013-06-25,45.96015167236328
2013-06-26,46.23871994018555
2013-06-27,46.612449645996094
2013-06-28,46.85499954223633
2013-07-01,46.936744689941406
2013-07-02,47.00490188598633
2013-07-03,46.88227081298828
2013-07-05,45.44465637207031
2013-07-08,45.90115737915039
2013-07-09,45.89432144165039
2013-07-10,45.47871017456055
2013-07-11,46.016971588134766
2013-07-12,45.98290252685547
2013-07-15,46.11235809326172
2013-07-16,46.371253967285156
2013-07-17,46.4189567565918
2013-07-18,46.030609130859375
2013-07-19,46.48027420043945
2013-07-22,46.616554260253906
2013-07-23,46.48027420043945
2013-07-24,45.98971176147461
2013-07-25,45.93520736694336
2013-07-26,46.20093536376953
2013-07-29,45.98971176147461
2013-07-30,45.8670768737793
2013-07-31,46.01872634887695
2013-08-01,45.25368881225586
2013-08-02,45.759151458740234
2013-08-05,45.4722900390625
2013-08-06,45.34931945800781
2013-08-07,45.82743835449219
2013-08-08,46.01187515258789
2013-08-09,45.97090148925781
2013-08-12,45.718177795410156
2013-08-13,45.16487503051758
2013-08-14,45.192195892333984
2013-08-15,44.71405792236328
2013-08-16,44.4613037109375
2013-08-19,44.16757583618164
2013-08-20,44.42716598510742
2013-08-21,44.17443084716797
2013-08-22,44.24271011352539
2013-08-23,44.77552032470703
2013-08-26,45.02144241333008
2013-08-27,45.547401428222656
2013-08-28,45.151214599609375
2013-08-29,45.45177459716797
2013-08-30,45.69567108154297
2013-09-03,44.866695404052734
2013-09-04,44.74336624145508
2013-09-05,44.18161392211914
2013-09-06,44.52416229248047
2013-09-09,44.56525802612305
2013-09-10,44.209007263183594
2013-09-11,44.4693489074707
2013-09-12,44.51046371459961
2013-09-13,44.59951400756836
2013-09-16,44.517295837402344
2013-09-17,44.722835540771484
2013-09-18,45.264076232910156
2013-09-19,44.976314544677734
2013-09-20,45.181861877441406
2013-09-23,45.29829788208008
2013-09-24,45.89433670043945
2013-09-25,45.983421325683594
2013-09-26,45.75044631958008
2013-09-27,45.92176818847656
2013-09-30,45.84136199951172
2013-10-01,45.84136199951172
2013-10-02,45.73149490356445
2013-10-03,45.745243072509766
2013-10-04,45.573551177978516
2013-10-07,45.77272033691406
2013-10-08,45.80017852783203
2013-10-09,45.601043701171875
2013-10-10,45.498016357421875
2013-10-11,45.573551177978516
2013-10-14,45.20958709716797
2013-10-15,45.24392318725586
2013-10-16,45.69717025756836
2013-10-17,46.102352142333984
2013-10-18,46.164161682128906
2013-10-21,46.019962310791016
2013-10-22,46.49381637573242
2013-10-23,46.7479133605957
2013-10-24,46.596824645996094
2013-10-25,46.76165008544922
2013-10-28,46.638031005859375
2013-10-29,46.57624053955078
2013-10-30,46.4319953918457
2013-10-31,46.319793701171875
2013-11-01,45.94802474975586
2013-11-04,45.996192932128906
2013-11-05,45.562477111816406
2013-11-06,45.500511169433594
2013-11-07,45.83784484863281
2013-11-08,44.85335922241211
2013-11-11,44.86712646484375
2013-11-12,44.85335922241211
2013-11-13,45.01171112060547
2013-11-14,45.369712829589844
2013-11-15,45.390357971191406
2013-11-18,45.555580139160156
2013-11-19,45.438560485839844
2013-11-20,44.667449951171875
2013-11-21,44.729461669921875
2013-11-22,45.06676483154297
2013-11-25,45.197601318359375
2013-11-26,45.438560485839844
2013-11-27,45.225135803222656
2013-11-29,45.20856475830078
2013-12-02,44.987613677978516
2013-12-03,45.14644241333008
2013-12-04,44.732173919677734
2013-12-05,44.58027648925781
2013-12-06,44.65623474121094
2013-12-09,44.856441497802734
2013-12-10,45.19475173950195
2013-12-11,44.84955596923828
2013-12-12,44.69763946533203
2013-12-13,44.925498962402344
2013-12-16,44.78739929199219
2013-12-17,44.96001434326172
2013-12-18,44.732173919677734
2013-12-19,44.732173919677734
2013-12-20,45.256900787353516
2013-12-23,45.02904510498047
2013-12-24,44.8678092956543
2013-12-26,44.60480880737305
2013-12-27,44.44562911987305
2013-12-30,44.74322509765625
2013-12-31,44.3002815246582
2014-01-02,44.577110290527344
2014-01-03,44.577110290527344
2014-01-06,44.85395431518555
2014-01-07,44.88165283203125
2014-01-08,44.78476333618164
2014-01-09,44.93008804321289
2014-01-10,45.51835250854492
2014-01-13,45.719051361083984
2014-01-14,45.47682189941406
2014-01-15,45.345340728759766
2014-01-16,45.69832229614258
2014-01-17,45.961280822753906
2014-01-21,45.98206329345703
2014-01-22,45.88516616821289
2014-01-23,46.41805648803711
2014-01-24,46.70875930786133
2014-01-27,46.45960235595703
2014-01-28,46.473426818847656
2014-01-29,46.88175964355469
2014-01-30,46.75717544555664
2014-01-31,47.040916442871094
2014-02-03,47.53791809082031
2014-02-04,47.13532257080078
2014-02-05,46.718875885009766
2014-02-06,46.53840637207031
2014-02-07,46.559268951416016
2014-02-10,46.64255905151367
2014-02-11,46.43433380126953
2014-02-12,46.198299407958984
2014-02-13,46.48980712890625
2014-02-14,46.43433380126953
2014-02-18,46.593955993652344
2014-02-19,46.39265060424805
2014-02-20,46.288551330566406
2014-02-21,46.517581939697266
2014-02-24,46.39265060424805
2014-02-25,46.781349182128906
2014-02-26,46.99650573730469
2014-02-27,47.23944854736328
2014-02-28,47.274139404296875
2014-03-03,47.581764221191406
2014-03-04,46.990196228027344
2014-03-05,46.96235275268555
2014-03-06,46.600467681884766
2014-03-07,46.3569221496582
2014-03-10,46.349937438964844
2014-03-11,46.48912048339844
2014-03-12,46.84405517578125
2014-03-13,47.40080261230469
2014-03-14,47.41471862792969
2014-03-17,47.06676483154297
2014-03-18,47.19203567504883
2014-03-19,46.83709716796875
2014-03-20,46.774452209472656
2014-03-21,47.1224250793457
2014-03-24,47.50522232055664
2014-03-25,47.45649337768555
2014-03-26,47.6583137512207
2014-03-27,47.90885543823242
2014-03-28,47.6931266784668
2014-03-31,47.61655044555664
2014-04-01,47.246097564697266
2014-04-02,46.93912887573242
2014-04-03,47.14142990112305
2014-04-04,47.448421478271484
2014-04-07,47.70655822753906
2014-04-08,47.86006164550781
2014-04-09,47.6158561706543
2014-04-10,48.05537414550781
2014-04-11,48.3414421081543
2014-04-14,48.34842300415039
2014-04-15,48.52981948852539
2014-04-16,48.494937896728516
2014-04-17,48.069339752197266
2014-04-21,48.00653076171875
2014-04-22,48.243751525878906
2014-04-23,48.41121292114258
2014-04-24,48.515830993652344
2014-04-25,48.60655212402344
2014-04-28,48.36932373046875
2014-04-29,48.28562927246094
2014-04-30,48.508888244628906
2014-05-01,48.90126419067383
2014-05-02,49.29302215576172
2014-05-05,48.93628692626953
2014-05-06,49.17409896850586
2014-05-07,48.99921798706055
2014-05-08,48.866310119628906
2014-05-09,48.74038314819336
2014-05-12,48.51657485961914
2014-05-13,48.9152946472168
2014-05-14,49.44686508178711
2014-05-15,49.73368835449219
2014-05-16,49.62175750732422
2014-05-19,49.31397247314453
2014-05-20,49.38395690917969
2014-05-21,49.104129791259766
2014-05-22,49.04819107055664
2014-05-23,49.320987701416016
2014-05-27,49.558815002441406
2014-05-28,50.146392822265625
2014-05-29,49.85958480834961
2014-05-30,49.81063461303711
2014-06-02,49.497188568115234
2014-06-03,49.01335525512695
2014-06-04,48.88716506958008
2014-06-05,48.999324798583984
2014-06-06,48.98531723022461
2014-06-09,48.94325256347656
2014-06-10,48.655765533447266
2014-06-11,48.7960205078125
2014-06-12,49.16062927246094
2014-06-13,49.20270538330078
2014-06-16,49.26580810546875
2014-06-17,48.964271545410156
2014-06-18,49.19565963745117
2014-06-19,48.74689865112305
2014-06-20,48.922203063964844
2014-06-23,48.92922592163086
2014-06-24,49.32891845703125
2014-06-25,49.37797164916992
2014-06-26,49.735595703125
2014-06-27,49.665496826171875
2014-06-30,49.742584228515625
2014-07-01,49.3475227355957
2014-07-02,48.84846496582031
2014-07-03,48.714908599853516
2014-07-07,49.08744430541992
2014-07-08,49.46705627441406
2014-07-09,49.586544036865234
2014-07-10,49.64983367919922
2014-07-11,49.87477111816406
2014-07-14,49.67089080810547
2014-07-15,49.614654541015625
2014-07-16,49.776329040527344
2014-07-17,50.39498519897461
2014-07-18,50.296566009521484
2014-07-21,50.5003776550293
2014-07-22,50.535552978515625
2014-07-23,50.486331939697266
2014-07-24,50.191078186035156
2014-07-25,50.662078857421875
2014-07-28,50.5003776550293
2014-07-29,50.80970764160156
2014-07-30,50.12079620361328
2014-07-31,49.9942626953125
2014-08-01,50.40793991088867
2014-08-04,50.33041000366211
2014-08-05,50.4784049987793
2014-08-06,50.49953842163086
2014-08-07,50.85895919799805
2014-08-08,50.85190963745117
2014-08-11,50.85895919799805
2014-08-12,50.54183578491211
2014-08-13,50.788455963134766
2014-08-14,51.21131896972656
2014-08-15,51.598876953125
2014-08-18,51.169010162353516
2014-08-19,51.091495513916016
2014-08-20,50.95759582519531
2014-08-21,51.246517181396484
2014-08-22,51.43680191040039
2014-08-25,51.65526580810547
2014-08-26,51.54251480102539
2014-08-27,51.88077926635742
2014-08-28,52.120384216308594
2014-08-29,52.141502380371094
2014-09-02,51.44780349731445
2014-09-03,51.55378723144531
2014-09-04,51.07343673706055
2014-09-05,50.896812438964844
2014-09-08,50.953304290771484
2014-09-09,50.93216323852539
2014-09-10,50.72023391723633
2014-09-11,50.52242660522461
2014-09-12,49.97848129272461
2014-09-15,50.07030487060547
2014-09-16,49.879581451416016
2014-09-17,49.837196350097656
2014-09-18,49.93611145019531
2014-09-19,50.46592330932617
2014-09-22,50.57185745239258
2014-09-23,50.84031295776367
2014-09-24,50.56482696533203
2014-09-25,51.11579132080078
2014-09-26,51.03102111816406
2014-09-29,51.37013244628906
2014-09-30,51.11579132080078
2014-10-01,52.07456970214844
2014-10-02,51.64970779418945
2014-10-03,51.81258773803711
2014-10-06,51.84798812866211
2014-10-07,52.464073181152344
2014-10-08,52.49240493774414
2014-10-09,52.34367370605469
2014-10-10,52.718963623046875
2014-10-13,53.122596740722656
2014-10-14,53.45539093017578
2014-10-15,53.8661003112793
2014-10-16,53.52619934082031
2014-10-17,53.26421356201172
2014-10-20,53.33503723144531
2014-10-21,53.03052520751953
2014-10-22,53.06592559814453
2014-10-23,52.68355941772461
2014-10-24,52.70481872558594
2014-10-27,52.747291564941406
2014-10-28,52.464073181152344
2014-10-29,52.549049377441406
2014-10-30,52.60567855834961
2014-10-31,52.506553649902344
2014-11-03,52.49871063232422
2014-11-04,52.5555419921875
2014-11-05,52.548397064208984
2014-11-06,52.200584411621094
2014-11-07,52.69037628173828
2014-11-10,52.32834243774414
2014-11-11,52.378074645996094
2014-11-12,52.30708312988281
2014-11-13,52.37095260620117
2014-11-14,52.59810256958008
2014-11-17,52.53422164916992
2014-11-18,52.59810256958008
2014-11-19,52.41353988647461
2014-11-20,52.5555419921875
2014-11-21,52.86073684692383
2014-11-24,52.9459342956543
2014-11-25,53.322147369384766
2014-11-26,53.478271484375
2014-11-28,53.797691345214844
2014-12-01,53.62126159667969
2014-12-02,53.059234619140625
2014-12-03,53.244232177734375
2014-12-04,53.692405700683594
2014-12-05,53.45050811767578
2014-12-08,53.984127044677734
2014-12-09,54.23313903808594
2014-12-10,54.631534576416016
2014-12-11,54.709800720214844
2014-12-12,55.485260009765625
2014-12-15,55.385623931884766
2014-12-16,55.99751281738281
2014-12-17,55.527931213378906
2014-12-18,54.7667236328125
2014-12-19,55.250492095947266
2014-12-22,55.385623931884766
2014-12-23,54.373775482177734
2014-12-24,54.57343673706055
2014-12-26,54.730308532714844
2014-12-29,55.12251281738281
2014-12-30,55.3221549987793
2014-12-31,55.45766830444336
2015-01-02,55.89982223510742
2015-01-05,56.748355865478516
2015-01-06,57.64691162109375
2015-01-07,57.52562713623047
2015-01-08,56.919517517089844
2015-01-09,57.42582702636719
2015-01-12,57.73245620727539
2015-01-13,57.69680404663086
2015-01-14,58.110408782958984
2015-01-15,58.98750686645508
2015-01-16,58.3100471496582
2015-01-20,58.9447135925293
2015-01-21,58.33860397338867
2015-01-22,58.138919830322266
2015-01-23,58.88057327270508
2015-01-26,58.71656799316406
2015-01-27,58.787845611572266
2015-01-28,59.7291259765625
2015-01-29,59.32981872558594
2015-01-30,60.256839752197266
2015-02-02,60.04679489135742
2015-02-03,58.97502136230469
2015-02-04,58.982177734375
2015-02-05,58.453433990478516
2015-02-06,57.696022033691406
2015-02-09,57.42456817626953
2015-02-10,57.031558990478516
2015-02-11,57.11016845703125
2015-02-12,56.8886833190918
2015-02-13,56.38850021362305
2015-02-17,55.65972900390625
2015-02-18,55.86690902709961
2015-02-19,55.60971450805664
2015-02-20,55.716896057128906
2015-02-23,56.18840789794922
2015-02-24,56.960113525390625
2015-02-25,57.18161392211914
2015-02-26,56.509971618652344
2015-02-27,56.945804595947266
2015-03-02,55.944786071777344
2015-03-03,55.787261962890625
2015-03-04,55.80875015258789
2015-03-05,55.7944221496582
2015-03-06,54.677391052246094
2015-03-09,55.114166259765625
2015-03-10,55.69416427612305
2015-03-11,56.13813018798828
2015-03-12,56.08803939819336
2015-03-13,55.944786071777344
2015-03-16,56.40306854248047
2015-03-17,56.79690170288086
2015-03-18,57.81364059448242
2015-03-19,57.59884262084961
2015-03-20,57.86380386352539
2015-03-23,57.83512496948242
2015-03-24,58.32205581665039
2015-03-25,58.09490966796875
2015-03-26,57.275455474853516
2015-03-27,57.807376861572266
2015-03-30,57.627662658691406
2015-03-31,57.73553466796875
2015-04-01,58.47882843017578
2015-04-02,57.9097900390625
2015-04-06,57.63615417480469
2015-04-07,58.11149597167969
2015-04-08,58.0034294128418
2015-04-09,57.36962127685547
2015-04-10,57.51367950439453
2015-04-13,57.52806091308594
2015-04-14,57.895408630371094
2015-04-15,57.8665771484375
2015-04-16,57.6505241394043
2015-04-17,58.255550384521484
2015-04-20,57.77298355102539
2015-04-21,57.48487091064453
2015-04-22,56.68537139892578
2015-04-23,56.93025588989258
2015-04-24,57.31196975708008
2015-04-27,57.297576904296875
2015-04-28,56.584529876708984
2015-04-29,55.95066452026367
2015-04-30,56.07308578491211
2015-05-01,55.263126373291016
2015-05-04,54.866085052490234
2015-05-05,54.786659240722656
2015-05-06,53.942020416259766
2015-05-07,54.54121398925781
2015-05-08,54.786659240722656
2015-05-11,53.559425354003906
2015-05-12,53.674903869628906
2015-05-13,53.285091400146484
2015-05-14,53.429439544677734
2015-05-15,54.404048919677734
2015-05-18,53.595489501953125
2015-05-19,53.13346481323242
2015-05-20,53.23454284667969
2015-05-21,53.913116455078125
2015-05-22,53.891483306884766
2015-05-26,54.757816314697266
2015-05-27,54.866085052490234
2015-05-28,54.743350982666016
2015-05-29,54.80830764770508
2015-06-01,54.314876556396484
2015-06-02,53.59138488769531
2015-06-03,52.795494079589844
2015-06-04,53.395999908447266
2015-06-05,52.83890151977539
2015-06-08,52.80994415283203
2015-06-09,52.39754104614258
2015-06-10,51.96343231201172
2015-06-11,52.88953399658203
2015-06-12,52.954681396484375
2015-06-15,53.012550354003906
2015-06-16,53.41050720214844
2015-06-17,53.07040023803711
2015-06-18,52.846099853515625
2015-06-19,53.43217849731445
2015-06-22,52.520511627197266
2015-06-23,52.25284957885742
2015-06-24,52.65077590942383
2015-06-25,52.41200256347656
2015-06-26,51.934471130371094
2015-06-29,53.12104797363281
2015-06-30,52.8605842590332
2015-07-01,52.214359283447266
2015-07-02,52.34489822387695
2015-07-06,53.24430465698242
2015-07-07,53.71572494506836
2015-07-08,54.129146575927734
2015-07-09,53.14999008178711
2015-07-10,52.431941986083984
2015-07-13,52.185325622558594
2015-07-14,52.37391662597656
2015-07-15,52.896156311035156
2015-07-16,53.222511291503906
2015-07-17,53.447357177734375
2015-07-20,53.26603698730469
2015-07-21,53.51266098022461
2015-07-22,53.83902359008789
2015-07-23,54.44102478027344
2015-07-24,54.57158660888672
2015-07-27,54.85446548461914
2015-07-28,54.47730255126953
2015-07-29,54.26694107055664
2015-07-30,54.65861511230469
2015-07-31,54.99949645996094
2015-08-03,55.51639175415039
2015-08-04,55.109283447265625
2015-08-05,54.68765640258789
2015-08-06,55.145660400390625
2015-08-07,55.78532028198242
2015-08-10,55.20378112792969
2015-08-11,55.967079162597656
2015-08-12,55.770790100097656
2015-08-13,55.54540252685547
2015-08-14,55.65447998046875
2015-08-17,55.843502044677734
2015-08-18,55.45821762084961
2015-08-19,55.988868713378906
2015-08-20,56.54135513305664
2015-08-21,56.723060607910156
2015-08-24,56.80302429199219
2015-08-25,55.814422607421875
2015-08-26,54.90571975708008
2015-08-27,54.91299819946289
2015-08-28,54.98569107055664
2015-08-31,54.66584777832031
2015-09-01,54.90262222290039
2015-09-02,54.61849594116211
2015-09-03,54.76421356201172
2015-09-04,55.339725494384766
2015-09-08,54.647621154785156
2015-09-09,54.8224983215332
2015-09-10,54.436378479003906
2015-09-11,54.73502731323242
2015-09-14,54.82975387573242
2015-09-15,53.84623336791992
2015-09-16,53.67866516113281
2015-09-17,54.29790115356445
2015-09-18,55.04103469848633
2015-09-21,54.27606201171875
2015-09-22,55.00462341308594
2015-09-23,54.89533615112305
2015-09-24,55.32518005371094
2015-09-25,54.88076400756836
2015-09-28,55.6165885925293
2015-09-29,55.893402099609375
2015-09-30,55.68943786621094
2015-10-01,55.877079010009766
2015-10-02,56.264137268066406
2015-10-05,55.57771682739258
2015-10-06,55.752952575683594
2015-10-07,55.62879943847656
2015-10-08,55.227195739746094
2015-10-09,55.336753845214844
2015-10-12,55.731048583984375
2015-10-13,55.83330154418945
2015-10-14,56.264137268066406
2015-10-15,55.95746612548828
2015-10-16,55.95746612548828
2015-10-19,55.8040885925293
2015-10-20,55.497398376464844
2015-10-21,56.03042984008789
2015-10-22,56.088844299316406
2015-10-23,55.701839447021484
2015-10-26,56.01582336425781
2015-10-27,56.16189193725586
2015-10-28,55.89168930053711
2015-10-29,55.081172943115234
2015-10-30,55.47547149658203
2015-11-02,55.088470458984375
2015-11-03,54.72332763671875
2015-11-04,54.75987243652344
2015-11-05,54.65761184692383
2015-11-06,53.876304626464844
2015-11-09,53.679134368896484
2015-11-10,53.97853469848633
2015-11-11,53.61339569091797
2015-11-12,53.91279220581055
2015-11-13,54.29981994628906
2015-11-16,54.1318473815918
2015-11-17,54.20489501953125
2015-11-18,54.32169723510742
2015-11-19,54.67953872680664
2015-11-20,54.526214599609375
2015-11-23,54.65761184692383
2015-11-24,54.628421783447266
2015-11-25,54.730648040771484
2015-11-27,54.69414520263672
2015-11-30,54.884010314941406
2015-12-01,55.566864013671875
2015-12-02,55.596153259277344
2015-12-03,54.20549011230469
2015-12-04,54.65201950073242
2015-12-07,55.113094329833984
2015-12-08,55.18629455566406
2015-12-09,55.08380889892578
2015-12-10,55.120399475097656
2015-12-11,56.08656311035156
2015-12-14,55.24483871459961
2015-12-15,54.94474411010742
2015-12-16,54.92280197143555
2015-12-17,55.427791595458984
2015-12-18,55.698604583740234
2015-12-21,55.66929244995117
2015-12-22,55.31069564819336
2015-12-23,54.9151725769043
2015-12-24,55.201358795166016
2015-12-28,55.36280059814453
2015-12-29,54.5555305480957
2015-12-30,54.47483825683594
2015-12-31,54.76103210449219
2016-01-04,55.47289276123047
2016-01-05,54.90045166015625
2016-01-06,55.5389404296875
2016-01-07,55.70772171020508
2016-01-08,55.90583801269531
2016-01-11,55.38484191894531
2016-01-12,56.12602996826172
2016-01-13,56.654449462890625
2016-01-14,56.1553840637207
2016-01-15,56.925907135009766
2016-01-19,56.84523010253906
2016-01-20,57.358943939208984
2016-01-21,56.977294921875
2016-01-22,56.82319259643555
2016-01-25,57.13876724243164
2016-01-26,57.16814041137695
2016-01-27,57.10940170288086
2016-01-28,57.17544937133789
2016-01-29,57.62311553955078
2016-02-01,57.486351013183594
2016-02-02,58.42011642456055
2016-02-03,58.09659194946289
2016-02-04,58.34657669067383
2016-02-05,58.41274642944336
2016-02-08,59.544986724853516
2016-02-09,59.61848449707031
2016-02-10,60.05225372314453
2016-02-11,60.522796630859375
2016-02-12,59.581729888916016
2016-02-16,58.993560791015625
2016-02-17,58.603919982910156
2016-02-18,59.27290344238281
2016-02-19,59.30232238769531
2016-02-22,59.258243560791016
2016-02-23,59.50083923339844
2016-02-24,59.4346809387207
2016-02-25,59.640533447265625
2016-02-26,59.074432373046875
2016-02-29,59.23615264892578
2016-03-01,58.352874755859375
2016-03-02,58.4854850769043
2016-03-03,58.706478118896484
2016-03-04,58.37498474121094
2016-03-07,58.33079147338867
2016-03-08,59.001155853271484
2016-03-09,58.61806106567383
2016-03-10,58.38236618041992
2016-03-11,57.75615692138672
2016-03-14,58.028743743896484
2016-03-15,58.036128997802734
2016-03-16,58.168731689453125
2016-03-17,58.50023651123047
2016-03-18,58.5886116027832
2016-03-21,58.161354064941406
2016-03-22,58.14661407470703
2016-03-23,58.758033752441406
2016-03-24,58.735939025878906
2016-03-28,58.883262634277344
2016-03-29,59.376895904541016
2016-03-30,58.89802551269531
2016-03-31,59.23689651489258
2016-04-01,59.41551971435547
2016-04-04,59.430320739746094
2016-04-05,60.02824401855469
2016-04-06,59.62960433959961
2016-04-07,60.33086395263672
2016-04-08,59.991310119628906
2016-04-11,59.910133361816406
2016-04-12,59.54838943481445
2016-04-13,59.71080780029297
2016-04-14,59.43767166137695
2016-04-15,59.8215446472168
2016-04-18,60.131561279296875
2016-04-19,59.51148223876953
2016-04-20,58.90615463256836
2016-04-21,58.5666389465332
2016-04-22,58.44853591918945
2016-04-25,58.19755172729492
2016-04-26,57.97612380981445
2016-04-27,58.4411735534668
2016-04-28,58.743797302246094
2016-04-29,59.053836822509766
2016-05-02,58.575931549072266
2016-05-03,59.01243209838867
2016-05-04,59.271339416503906
2016-05-05,59.6929817199707
2016-05-06,59.46369552612305
2016-05-09,59.59684371948242
2016-05-10,59.61899948120117
2016-05-11,59.98152542114258
2016-05-12,59.670799255371094
2016-05-13,60.24784851074219
2016-05-16,59.71520233154297
2016-05-17,59.84834289550781
2016-05-18,59.049415588378906
2016-05-19,59.23431396484375
2016-05-20,59.28611755371094
2016-05-23,59.40451431274414
2016-05-24,59.145572662353516
2016-05-25,58.99763870239258
2016-05-26,59.34530258178711
2016-05-27,59.300926208496094
2016-05-31,59.44150924682617
2016-06-01,59.553409576416016
2016-06-02,59.91664123535156
2016-06-03,60.65790939331055
2016-06-06,60.598594665527344
2016-06-07,60.49483871459961
2016-06-08,60.835792541503906
2016-06-09,61.08041763305664
2016-06-10,61.31764602661133
2016-06-13,61.79947280883789
2016-06-14,61.64379119873047
2016-06-15,61.86616134643555
2016-06-16,62.125648498535156
2016-06-17,61.7772331237793
2016-06-20,61.08783721923828
2016-06-21,60.96923828125
2016-06-22,61.058197021484375
2016-06-23,60.45774841308594
2016-06-24,61.84391403198242
2016-06-27,63.356117248535156
2016-06-28,63.41545104980469
2016-06-29,62.9410285949707
2016-06-30,63.10408401489258
2016-07-01,64.0035400390625
2016-07-05,64.76860046386719
2016-07-06,64.84284210205078
2016-07-07,64.91715240478516
2016-07-08,65.28853607177734
2016-07-11,64.73145294189453
2016-07-12,63.81787872314453
2016-07-13,64.4566421508789
2016-07-14,63.721317291259766
2016-07-15,63.03801727294922
2016-07-18,62.93397521972656
2016-07-19,63.40935516357422
2016-07-20,63.0974235534668
2016-07-21,63.16426086425781
2016-07-22,63.23851776123047
2016-07-25,63.171653747558594
2016-07-26,63.2830924987793
2016-07-27,63.85499954223633
2016-07-28,63.93670654296875
2016-07-29,64.42693328857422
2016-08-01,63.71699523925781
2016-08-02,63.263057708740234
2016-08-03,63.188663482666016
2016-08-04,63.91791915893555
2016-08-05,62.99515914916992
2016-08-08,63.15142822265625
2016-08-09,63.64259338378906
2016-08-10,63.88812255859375
2016-08-11,63.42676544189453
2016-08-12,63.85093688964844
2016-08-15,63.255577087402344
2016-08-16,63.16632080078125
2016-08-17,63.441650390625
2016-08-18,63.56817626953125
2016-08-19,63.263057708740234
2016-08-22,63.76906967163086
2016-08-23,63.82120895385742
2016-08-24,63.694671630859375
2016-08-25,63.4639778137207
2016-08-26,63.143917083740234
2016-08-29,63.91048049926758
2016-08-30,63.761634826660156
2016-08-31,63.761634826660156
2016-09-01,63.85411834716797
2016-09-02,63.37692642211914
2016-09-06,63.7869873046875
2016-09-07,63.77957534790039
2016-09-08,63.063777923583984
2016-09-09,62.064632415771484
2016-09-12,62.094459533691406
2016-09-13,61.44575500488281
2016-09-14,61.51287078857422
2016-09-15,61.281715393066406
2016-09-16,61.7440299987793
2016-09-19,61.56507110595703
2016-09-20,61.714176177978516
2016-09-21,62.251041412353516
2016-09-22,63.00410079956055
2016-09-23,62.60144805908203
2016-09-26,62.92951583862305
2016-09-27,64.1225357055664
2016-09-28,63.317230224609375
2016-09-29,63.33962631225586
2016-09-30,62.97429275512695
2016-10-03,62.71725082397461
2016-10-04,61.98513412475586
2016-10-05,61.80585861206055
2016-10-06,61.798370361328125
2016-10-07,61.4920768737793
2016-10-10,61.111053466796875
2016-10-11,61.00646209716797
2016-10-12,61.058753967285156
2016-10-13,61.27539825439453
2016-10-14,60.505943298339844
2016-10-17,60.79727554321289
2016-10-18,61.021419525146484
2016-10-19,61.10355758666992
2016-10-20,61.13346481323242
2016-10-21,61.267940521240234
2016-10-24,60.931766510009766
2016-10-25,61.03635787963867
2016-10-26,60.700191497802734
2016-10-27,60.1174430847168
2016-10-28,59.99043655395508
2016-10-31,60.2967529296875
2016-11-01,60.28175354003906
2016-11-02,60.58867263793945
2016-11-03,60.19195556640625
2016-11-04,60.61113357543945
2016-11-07,60.10212326049805
2016-11-08,59.91493606567383
2016-11-09,57.4896240234375
2016-11-10,56.80093002319336
2016-11-11,56.52397155761719
2016-11-14,56.29191589355469
2016-11-15,56.51650619506836
2016-11-16,56.86833572387695
2016-11-17,56.10475540161133
2016-11-18,56.029930114746094
2016-11-21,56.13472366333008
2016-11-22,56.127254486083984
2016-11-23,55.88771057128906
2016-11-25,55.94010543823242
2016-11-28,56.27693557739258
2016-11-29,56.50153732299805
2016-11-30,55.633182525634766
2016-12-01,55.20631790161133
2016-12-02,55.498905181884766
2016-12-05,55.39387893676758
2016-12-06,55.42389678955078
2016-12-07,55.79895782470703
2016-12-08,55.078792572021484
2016-12-09,54.52365493774414
2016-12-12,54.57618713378906
2016-12-13,54.79375076293945
2016-12-14,54.23858642578125
2016-12-15,54.44112014770508
2016-12-16,54.33610916137695
2016-12-19,54.91377639770508
2016-12-20,54.64373016357422
2016-12-21,54.89876174926758
2016-12-22,54.79267501831055
2016-12-23,54.87545394897461
2016-12-27,54.66484069824219
2016-12-28,55.07098388671875
2016-12-29,55.266536712646484
2016-12-30,55.42450714111328
2017-01-03,55.567405700683594
2017-01-04,55.777992248535156
2017-01-05,56.58281707763672
2017-01-06,56.048763275146484
2017-01-09,56.5075569152832
2017-01-10,56.4473876953125
2017-01-11,56.65045928955078
2017-01-12,56.575233459472656
2017-01-13,56.2744140625
2017-01-17,56.87610626220703
2017-01-18,56.1314811706543
2017-01-19,55.7855224609375
2017-01-20,55.67270278930664
2017-01-23,56.20670700073242
2017-01-24,55.830657958984375
2017-01-25,55.236446380615234
2017-01-26,55.38688278198242
2017-01-27,55.559879302978516
2017-01-30,55.4169807434082
2017-01-31,55.7479362487793
2017-02-01,55.40800857543945
2017-02-02,55.42310333251953
2017-02-03,55.37788009643555
2017-02-06,55.77732849121094
2017-02-07,56.10889434814453
2017-02-08,56.80979919433594
2017-02-09,56.22196578979492
2017-02-10,56.1767463684082
2017-02-13,55.995914459228516
2017-02-14,55.63411331176758
2017-02-15,55.430633544921875
2017-02-16,55.679325103759766
2017-02-17,56.02599334716797
2017-02-21,55.87528991699219
2017-02-22,56.04107666015625
2017-02-23,56.19937515258789
2017-02-24,56.75703048706055
2017-02-27,56.4631233215332
2017-02-28,56.6666145324707
2017-03-01,55.78963088989258
2017-03-02,55.56306457519531
2017-03-03,55.63103485107422
2017-03-06,55.449771881103516
2017-03-07,55.30622482299805
2017-03-08,54.988975524902344
2017-03-09,54.57355499267578
2017-03-10,54.73216247558594
2017-03-13,54.452674865722656
2017-03-14,54.686859130859375
2017-03-15,55.31377029418945
2017-03-16,55.064510345458984
2017-03-17,55.38930892944336
2017-03-20,55.62347412109375
2017-03-21,56.03892517089844
2017-03-22,56.288169860839844
2017-03-23,56.197566986083984
2017-03-24,56.31838607788086
2017-03-27,56.62809753417969
2017-03-28,56.2655143737793
2017-03-29,56.59788513183594
2017-03-30,56.15220642089844
2017-03-31,56.30329132080078
2017-04-03,56.8974494934082
2017-04-04,56.59471130371094
2017-04-05,56.753662109375
2017-04-06,56.69314193725586
2017-04-07,56.47358322143555
2017-04-10,56.69314193725586
2017-04-11,57.20023727416992
2017-04-12,57.51059341430664
2017-04-13,57.707359313964844
2017-04-17,57.533267974853516
2017-04-18,58.29776382446289
2017-04-19,57.90419387817383
2017-04-20,57.760353088378906
2017-04-21,57.707359313964844
2017-04-24,57.45761489868164
2017-04-25,56.77635955810547
2017-04-26,57.101829528808594
2017-04-27,57.13212966918945
2017-04-28,57.20023727416992
2017-05-01,56.767093658447266
2017-05-02,56.933963775634766
2017-05-03,57.062896728515625
2017-05-04,56.782249450683594
2017-05-05,56.83534240722656
2017-05-08,56.48635482788086
2017-05-09,56.509132385253906
2017-05-10,56.471214294433594
2017-05-11,56.463623046875
2017-05-12,56.8808708190918
2017-05-15,56.698768615722656
2017-05-16,56.9263801574707
2017-05-17,57.75324249267578
2017-05-18,57.791194915771484
2017-05-19,57.85187530517578
2017-05-22,57.768436431884766
2017-05-23,57.38914108276367
2017-05-24,57.66221237182617
2017-05-25,57.70777893066406
2017-05-26,57.783599853515625
2017-05-30,58.04913330078125
2017-05-31,58.21603775024414
2017-06-01,58.189395904541016
2017-06-02,58.84322738647461
2017-06-05,58.48591232299805
2017-06-06,58.80522537231445
2017-06-07,58.53154373168945
2017-06-08,58.42509460449219
2017-06-09,58.31105041503906
2017-06-12,58.31868362426758
2017-06-13,58.326271057128906
2017-06-14,59.16252899169922
2017-06-15,59.08651351928711
2017-06-16,59.17771911621094
2017-06-19,59.05607604980469
2017-06-20,59.55785369873047
2017-06-21,59.778316497802734
2017-06-22,59.85435485839844
2017-06-23,59.778316497802734
2017-06-26,59.99879455566406
2017-06-27,59.42860794067383
2017-06-28,59.147335052490234
2017-06-29,58.858436584472656
2017-06-30,58.59995651245117
2017-07-03,58.363800048828125
2017-07-05,58.42472839355469
2017-07-06,57.982872009277344
2017-07-07,57.72386169433594
2017-07-10,57.73146438598633
2017-07-11,57.86094665527344
2017-07-12,58.19619369506836
2017-07-13,57.899044036865234
2017-07-14,57.952369689941406
2017-07-17,58.112369537353516
2017-07-18,58.63804244995117
2017-07-19,58.60757064819336
2017-07-20,58.75231170654297
2017-07-21,59.003692626953125
2017-07-24,58.79038619995117
2017-07-25,58.11996841430664
2017-07-26,58.20376968383789
2017-07-27,57.90668487548828
2017-07-28,58.272335052490234
2017-07-31,58.272335052490234
2017-08-01,58.649566650390625
2017-08-02,58.71062469482422
2017-08-03,59.29096603393555
2017-08-04,58.77935791015625
2017-08-07,58.84808349609375
2017-08-08,58.66484069824219
2017-08-09,58.97787094116211
2017-08-10,59.48948287963867
2017-08-11,59.42073440551758
2017-08-14,59.16877365112305
2017-08-15,58.91680145263672
2017-08-16,59.122982025146484
2017-08-17,59.52003860473633
2017-08-18,59.542945861816406
2017-08-21,59.66508865356445
2017-08-22,59.48948287963867
2017-08-23,59.82545852661133
2017-08-24,59.61931228637695
2017-08-25,59.81782150268555
2017-08-28,59.84074783325195
2017-08-29,60.03160858154297
2017-08-30,59.962886810302734
2017-08-31,60.1843376159668
2017-09-01,59.744361877441406
2017-09-05,60.639617919921875
2017-09-06,60.21874237060547
2017-09-07,60.77733612060547
2017-09-08,60.746734619140625
2017-09-11,60.08103942871094
2017-09-12,59.7367057800293
2017-09-13,59.5224723815918
2017-09-14,59.759666442871094
2017-09-15,59.77494812011719
2017-09-18,59.44593811035156
2017-09-19,59.300575256347656
2017-09-20,59.3311653137207
2017-09-21,59.29292297363281
2017-09-22,59.476558685302734
2017-09-25,59.851478576660156
2017-09-26,59.7367057800293
2017-09-27,58.918006896972656
2017-09-28,58.73433303833008
2017-09-29,58.83380126953125
2017-10-02,58.707275390625
2017-10-03,58.78397750854492
2017-10-04,58.79928207397461
2017-10-05,58.60757827758789
2017-10-06,58.46185302734375
2017-10-09,58.58456802368164
2017-10-10,58.67660140991211
2017-10-11,58.806949615478516
2017-10-12,59.05238342285156
2017-10-13,59.4511833190918
2017-10-16,59.37452697753906
2017-10-17,59.489505767822266
2017-10-18,59.09075927734375
2017-10-19,59.19810485839844
2017-10-20,58.62289810180664
2017-10-23,58.69955825805664
2017-10-24,58.4005012512207
2017-10-25,58.124427795410156
2017-10-26,57.93268585205078
2017-10-27,58.26245880126953
2017-10-30,58.81464767456055
2017-10-31,58.791656494140625
2017-11-01,59.037540435791016
2017-11-02,59.29878616333008
2017-11-03,59.46784591674805
2017-11-06,59.682987213134766
2017-11-07,59.8674201965332
2017-11-08,59.72141647338867
2017-11-09,59.60615921020508
2017-11-10,58.7839469909668
2017-11-13,58.90692138671875
2017-11-14,59.221954345703125
2017-11-15,59.8597297668457
2017-11-16,59.32952880859375
2017-11-17,59.790584564208984
2017-11-20,59.73674011230469
2017-11-21,59.89047622680664
2017-11-22,60.097957611083984
2017-11-24,59.93657302856445
2017-11-27,59.8520622253418
2017-11-28,59.951969146728516
2017-11-29,59.38330841064453
2017-11-30,59.19121551513672
2017-12-01,59.953609466552734
2017-12-04,59.953609466552734
2017-12-05,60.25394058227539
2017-12-06,60.44648361206055
2017-12-07,60.01522445678711
2017-12-08,60.0460205078125
2017-12-11,59.884307861328125
2017-12-12,59.8611946105957
2017-12-13,60.28479766845703
2017-12-14,60.53890609741211
2017-12-15,60.73138427734375
2017-12-18,60.215484619140625
2017-12-19,59.499244689941406
2017-12-20,58.82924270629883
2017-12-21,59.129581451416016
2017-12-22,59.252838134765625
2017-12-26,59.41183853149414
2017-12-27,60.12978744506836
2017-12-28,60.091163635253906
2017-12-29,60.2147216796875
2018-01-02,59.5816764831543
2018-01-03,59.82103729248047
2018-01-04,59.851898193359375
2018-01-05,59.65885543823242
2018-01-08,59.59714889526367
2018-01-09,58.817413330078125
2018-01-10,58.794281005859375
2018-01-11,59.010414123535156
2018-01-12,59.11847686767578
2018-01-16,59.3423957824707
2018-01-17,59.234275817871094
2018-01-18,58.69389724731445
2018-01-19,58.400550842285156
2018-01-22,58.45455551147461
2018-01-23,58.69389724731445
2018-01-24,58.37738037109375
2018-01-25,58.848304748535156
2018-01-26,58.5781135559082
2018-01-29,58.36193084716797
2018-01-30,57.99140930175781
2018-01-31,58.29246139526367
2018-02-01,57.4879035949707
2018-02-02,56.923133850097656
2018-02-05,57.503379821777344
2018-02-06,57.046974182128906
2018-02-07,56.53635787963867
2018-02-08,56.48992156982422
2018-02-09,56.141788482666016
2018-02-12,56.43577194213867
2018-02-13,56.605979919433594
2018-02-14,56.04894256591797
2018-02-15,56.265567779541016
2018-02-16,56.52086639404297
2018-02-20,56.31972122192383
2018-02-21,55.62348175048828
2018-02-22,55.76270294189453
2018-02-23,56.23462677001953
2018-02-26,56.288787841796875
2018-02-27,56.18049621582031
2018-02-28,56.53635787963867
2018-03-01,56.94564437866211
2018-03-02,56.45725631713867
2018-03-05,56.32548904418945
2018-03-06,56.36426544189453
2018-03-07,56.348751068115234
2018-03-08,56.63556671142578
2018-03-09,56.286720275878906
2018-03-12,56.620079040527344
2018-03-13,56.868106842041016
2018-03-14,57.35649871826172
2018-03-15,57.34101867675781
2018-03-16,57.07743835449219
2018-03-19,56.999916076660156
2018-03-20,56.74409103393555
2018-03-21,56.79833984375
2018-03-22,57.3487663269043
2018-03-23,57.3332405090332
2018-03-26,57.11619567871094
2018-03-27,57.70534133911133
2018-03-28,57.82933044433594
2018-03-29,58.15491485595703
2018-04-02,58.228763580322266
2018-04-03,57.79361343383789
2018-04-04,57.684871673583984
2018-04-05,57.273048400878906
2018-04-06,57.910152435302734
2018-04-09,57.96459197998047
2018-04-10,57.88688278198242
2018-04-11,58.08114242553711
2018-04-12,57.65377426147461
2018-04-13,57.785865783691406
2018-04-16,57.785865783691406
2018-04-17,57.941261291503906
2018-04-18,57.475067138671875
2018-04-19,57.039955139160156
2018-04-20,56.63589859008789
2018-04-23,56.6669921875
2018-04-24,56.395015716552734
2018-04-25,56.053157806396484
2018-04-26,56.42612075805664
2018-04-27,56.81460952758789
2018-04-30,56.96998977661133
2018-05-01,56.727027893066406
2018-05-02,56.67251205444336
2018-05-03,56.921722412109375
2018-05-04,56.984039306640625
2018-05-07,56.913909912109375
2018-05-08,56.867183685302734
2018-05-09,56.563507080078125
2018-05-10,56.97626876831055
2018-05-11,57.1086311340332
2018-05-14,56.81269836425781
2018-05-15,56.18968200683594
2018-05-16,55.979408264160156
2018-05-17,55.69904327392578
2018-05-18,56.181888580322266
2018-05-21,56.18968200683594
2018-05-22,56.127357482910156
2018-05-23,56.50895309448242
2018-05-24,56.93730926513672
2018-05-25,57.27995681762695
2018-05-29,58.48711395263672
2018-05-30,58.105506896972656
2018-05-31,58.043155670166016
2018-06-01,57.69816589355469
2018-06-04,57.300113677978516
2018-06-05,57.456214904785156
2018-06-06,56.98789596557617
2018-06-07,57.55768966674805
2018-06-08,57.354740142822266
2018-06-11,57.25325393676758
2018-06-12,57.25325393676758
2018-06-13,57.2220458984375
2018-06-14,57.68257522583008
2018-06-15,57.71382141113281
2018-06-18,57.69039535522461
2018-06-19,57.99477767944336
2018-06-20,57.53426742553711
2018-06-21,57.79967498779297
2018-06-22,57.83871078491211
2018-06-25,57.95577621459961
2018-06-26,58.002620697021484
2018-06-27,58.5567626953125
2018-06-28,58.54118347167969
2018-06-29,58.36946487426758
2018-07-02,58.35533905029297
2018-07-03,58.621376037597656
2018-07-05,58.7621955871582
2018-07-06,58.957786560058594
2018-07-09,58.621376037597656
2018-07-10,58.613548278808594
2018-07-11,58.83262252807617
2018-07-12,58.80132293701172
2018-07-13,58.996891021728516
2018-07-16,58.738739013671875
2018-07-17,58.6057243347168
2018-07-18,58.394493103027344
2018-07-19,58.738739013671875
2018-07-20,58.05809020996094
2018-07-23,57.377437591552734
2018-07-24,57.55739974975586
2018-07-25,57.45567321777344
2018-07-26,57.38524627685547
2018-07-27,57.463497161865234
2018-07-30,57.2757568359375
2018-07-31,57.58087921142578
2018-08-01,57.1456184387207
2018-08-02,57.20051193237305
2018-08-03,57.467159271240234
2018-08-06,57.50634765625
2018-08-07,57.247562408447266
2018-08-08,57.31813430786133
2018-08-09,57.7337760925293
2018-08-10,58.18075942993164
2018-08-13,58.0552864074707
2018-08-14,57.93767166137695
2018-08-15,58.2513313293457
2018-08-16,58.2513313293457
2018-08-17,58.345462799072266
2018-08-20,58.682701110839844
2018-08-21,58.51799392700195
2018-08-22,58.74539566040039
2018-08-23,58.80031967163086
2018-08-24,58.92574691772461
2018-08-27,58.58856964111328
2018-08-28,58.26704025268555
2018-08-29,58.345462799072266
2018-08-30,58.45526123046875
2018-08-31,58.33757400512695
2018-09-04,57.99567794799805
2018-09-05,57.862037658691406
2018-09-06,58.035030364990234
2018-09-07,57.563350677490234
2018-09-10,57.75982666015625
2018-09-11,57.35896682739258
2018-09-12,57.48470687866211
2018-09-13,57.54761505126953
2018-09-14,57.29609298706055
2018-09-17,57.31181716918945
2018-09-18,56.70651626586914
2018-09-19,56.423561096191406
2018-09-20,56.63578796386719
2018-09-21,56.63578796386719
2018-09-24,56.48642349243164
2018-09-25,56.431400299072266
2018-09-26,56.81658935546875
2018-09-27,56.848026275634766
2018-09-28,56.7300910949707
2018-10-01,56.2967529296875
2018-10-02,56.659217834472656
2018-10-03,55.6743049621582
2018-10-04,55.303977966308594
2018-10-05,54.86274719238281
2018-10-08,54.68939971923828
2018-10-09,55.20154571533203
2018-10-10,55.05971908569336
2018-10-11,55.70580291748047
2018-10-12,55.50886535644531
2018-10-15,55.54824447631836
2018-10-16,55.595497131347656
2018-10-17,55.303977966308594
2018-10-18,55.29610061645508
2018-10-19,55.185787200927734
2018-10-22,55.122779846191406
2018-10-23,55.28822708129883
2018-10-24,55.70580291748047
2018-10-25,55.46942901611328
2018-10-26,55.81614303588867
2018-10-29,55.69004440307617
2018-10-30,55.437950134277344
2018-10-31,55.114871978759766
2018-11-01,55.217567443847656
2018-11-02,54.546207427978516
2018-11-05,54.74365997314453
2018-11-06,54.70417785644531
2018-11-07,54.775245666503906
2018-11-08,54.751556396484375
2018-11-09,55.154388427734375
2018-11-12,55.501895904541016
2018-11-13,55.43871307373047
2018-11-14,55.525604248046875
2018-11-15,55.501895904541016
2018-11-16,55.79413986206055
2018-11-19,55.952125549316406
2018-11-20,55.975791931152344
2018-11-21,55.975791931152344
2018-11-23,55.99162292480469
2018-11-26,55.91262435913086
2018-11-27,55.967891693115234
2018-11-28,55.691471099853516
2018-11-29,55.936309814453125
2018-11-30,56.13376235961914
2018-12-03,56.52245330810547
2018-12-04,57.409122467041016
2018-12-06,57.62283706665039
2018-12-07,57.69407272338867
2018-12-10,57.95534133911133
2018-12-11,57.94740676879883
2018-12-12,57.68619918823242
2018-12-13,57.56740188598633
2018-12-14,57.749515533447266
2018-12-17,58.082000732421875
2018-12-18,58.41446304321289
2018-12-19,59.150718688964844
2018-12-20,58.93692398071289
2018-12-21,58.94480895996094
2018-12-24,59.211509704589844
2018-12-26,58.616294860839844
2018-12-27,58.616294860839844
2018-12-28,59.06869125366211
2018-12-31,59.290870666503906
2019-01-02,59.648006439208984
2019-01-03,60.32260513305664
2019-01-04,59.61624526977539
2019-01-07,59.4575309753418
2019-01-08,59.314693450927734
2019-01-09,59.17979049682617
2019-01-10,58.84644317626953
2019-01-11,59.076637268066406
2019-01-14,58.86233139038086
2019-01-15,58.64807891845703
2019-01-16,58.719486236572266
2019-01-17,58.719486236572266
2019-01-18,58.394073486328125
2019-01-22,58.7829704284668
2019-01-23,58.7750244140625
2019-01-24,59.14012145996094
2019-01-25,58.89406204223633
2019-01-28,58.822654724121094
2019-01-29,59.10835266113281
2019-01-30,59.04486083984375
2019-01-31,59.576560974121094
2019-02-01,59.20591354370117
2019-02-04,58.93545913696289
2019-02-05,59.20591354370117
2019-02-06,59.22972106933594
2019-02-07,59.61953353881836
2019-02-08,59.874080657958984
2019-02-11,59.65133285522461
2019-02-12,59.50019073486328
2019-02-13,59.28546142578125
2019-02-14,59.6115608215332
2019-02-15,59.707035064697266
2019-02-19,59.850196838378906
2019-02-20,59.71498107910156
2019-02-21,59.18204116821289
2019-02-22,59.5161247253418
2019-02-25,59.34112548828125
2019-02-26,59.60363006591797
2019-02-27,58.99113082885742
2019-02-28,58.81611633300781
2019-03-01,58.252498626708984
2019-03-04,58.71486282348633
2019-03-05,58.834468841552734
2019-03-06,59.065650939941406
2019-03-07,59.408470153808594
2019-03-08,59.66354751586914
2019-03-11,59.44831466674805
2019-03-12,59.88677215576172
2019-03-13,59.77516174316406
2019-03-14,59.39249038696289
2019-03-15,59.735321044921875
2019-03-18,59.71934127807617
2019-03-19,59.60775375366211
2019-03-20,60.189727783203125
2019-03-21,60.31727981567383
2019-03-22,61.265953063964844
2019-03-25,61.32974624633789
2019-03-26,61.29785919189453
2019-03-27,61.80803298950195
2019-03-28,62.0153694152832
2019-03-29,61.99143600463867
2019-04-01,61.06214141845703
2019-04-02,61.2539176940918
2019-04-03,60.68658447265625
2019-04-04,60.886356353759766
2019-04-05,60.92631912231445
2019-04-08,60.73456954956055
2019-04-09,60.92631912231445
2019-04-10,61.0461540222168
2019-04-11,60.718544006347656
2019-04-12,60.29506301879883
2019-04-15,60.430904388427734
2019-04-16,60.09530258178711
2019-04-17,60.12726593017578
2019-04-18,60.39095687866211
2019-04-22,60.10330581665039
2019-04-23,60.23114013671875
2019-04-24,60.71059036254883
2019-04-25,60.638675689697266
2019-04-26,60.83842086791992
2019-04-29,60.47887420654297
2019-04-30,60.798484802246094
2019-05-01,61.006690979003906
2019-05-02,60.71038818359375
2019-05-03,60.91057205200195
2019-05-06,61.062740325927734
2019-05-07,61.543243408203125
2019-05-08,61.246944427490234
2019-05-09,61.49516677856445
2019-05-10,61.39910125732422
2019-05-13,61.91963577270508
2019-05-14,61.719425201416016
2019-05-15,62.103816986083984
2019-05-16,61.895591735839844
2019-05-17,62.0717658996582
2019-05-20,61.935665130615234
2019-05-21,61.82350158691406
2019-05-22,62.16790008544922
2019-05-23,62.864585876464844
2019-05-24,62.88862228393555
2019-05-28,63.377132415771484
2019-05-29,63.54527282714844
2019-05-30,64.0738525390625
2019-05-31,64.88267517089844
2019-06-03,65.29197692871094
2019-06-04,64.57769012451172
2019-06-05,64.22453308105469
2019-06-06,64.42515563964844
2019-06-07,64.94686889648438
2019-06-10,64.36901092529297
2019-06-11,64.44122314453125
2019-06-12,64.47333526611328
2019-06-13,64.69804382324219
2019-06-14,64.8104476928711
2019-06-17,64.95489501953125
2019-06-18,65.227783203125
2019-06-19,65.38027954101562
2019-06-20,65.50869750976562
2019-06-21,64.85057830810547
2019-06-24,65.30001068115234
2019-06-25,65.52472686767578
2019-06-26,65.0993423461914
2019-06-27,65.54881286621094
2019-06-28,65.53276824951172
2019-07-01,65.3542709350586
2019-07-02,65.8609619140625
2019-07-03,66.27108001708984
2019-07-05,65.45878601074219
2019-07-08,65.54725646972656
2019-07-09,65.51509094238281
2019-07-10,65.16923522949219
2019-07-11,64.32478332519531
2019-07-12,64.38104248046875
2019-07-15,64.76712799072266
2019-07-16,64.52588653564453
2019-07-17,65.25772857666016
2019-07-18,65.24967193603516
2019-07-19,65.12904357910156
2019-07-22,65.2175064086914
2019-07-23,64.88774871826172
2019-07-24,65.15313720703125
2019-07-25,64.86365509033203
2019-07-26,64.97618103027344
2019-07-29,65.02448272705078
2019-07-30,65.17728424072266
2019-07-31,65.72417449951172
2019-08-01,66.9316177368164
2019-08-02,67.49579620361328
2019-08-05,68.68872833251953
2019-08-06,69.16426849365234
2019-08-07,69.22876739501953
2019-08-08,69.36577606201172
2019-08-09,69.212646484375
2019-08-12,70.65541076660156
2019-08-13,70.38943481445312
2019-08-14,71.912841796875
2019-08-15,72.71878814697266
2019-08-16,72.14655303955078
2019-08-19,71.19542694091797
2019-08-20,71.90472412109375
2019-08-21,71.40503692626953
2019-08-22,70.96170043945312
2019-08-23,72.09817504882812
2019-08-26,71.79996490478516
2019-08-27,72.9122543334961
2019-08-28,72.98481750488281
2019-08-29,72.71878814697266
2019-08-30,72.72686004638672
2019-09-03,72.83345031738281
2019-09-04,72.8980941772461
2019-09-05,71.69483184814453
2019-09-06,72.15513610839844
2019-09-09,70.88723754882812
2019-09-10,69.70013427734375
2019-09-11,69.5628433227539
2019-09-12,69.11871337890625
2019-09-13,67.69740295410156
2019-09-16,68.51301574707031
2019-09-17,68.88449096679688
2019-09-18,69.199462890625
2019-09-19,69.37711334228516
2019-09-20,70.25736236572266
2019-09-23,70.27350616455078
2019-09-24,71.10530090332031
2019-09-25,70.11199188232422
2019-09-26,70.4996337890625
2019-09-27,70.6772689819336
2019-09-30,70.85489654541016
2019-10-01,71.03214263916016
2019-10-02,71.25059509277344
2019-10-03,71.87364959716797
2019-10-04,72.39956665039062
2019-10-07,71.83316802978516
2019-10-08,71.9949951171875
2019-10-09,71.55806732177734
2019-10-10,70.57093811035156
2019-10-11,69.7375259399414
2019-10-14,70.12592315673828
2019-10-15,69.34920501708984
2019-10-16,69.43011474609375
2019-10-17,69.31681823730469
2019-10-18,69.28447723388672
2019-10-21,68.75851440429688
2019-10-22,69.14689636230469
2019-10-23,69.20353698730469
2019-10-24,69.09028625488281
2019-10-25,68.75042724609375
2019-10-28,68.16789245605469
2019-10-29,68.23260498046875
2019-10-30,69.1550064086914
2019-10-31,70.07738494873047
2019-11-01,69.8495864868164
2019-11-04,68.97403717041016
2019-11-05,68.24437713623047
2019-11-06,68.6173324584961
2019-11-07,67.44181060791016
2019-11-08,67.16616821289062
2019-11-11,67.2472152709961
2019-11-12,67.45800018310547
2019-11-13,67.87149047851562
2019-11-14,68.55247497558594
2019-11-15,68.47138214111328
2019-11-18,68.63356018066406
2019-11-19,69.1442642211914
2019-11-20,69.86579895019531
2019-11-21,69.46853637695312
2019-11-22,69.5577392578125
2019-11-25,69.74420928955078
2019-11-26,70.14142608642578
2019-11-27,69.9387435913086
2019-11-29,69.80905151367188
2019-12-02,68.88967895507812
2019-12-03,70.25411987304688
2019-12-04,69.58811950683594
2019-12-05,69.31197357177734
2019-12-06,68.86530303955078
2019-12-09,69.0602035522461
2019-12-10,69.02776336669922
2019-12-11,69.54753875732422
2019-12-12,68.46731567382812
2019-12-13,69.23080444335938
2019-12-16,68.63787078857422
2019-12-17,68.53227233886719
2019-12-18,68.00439453125
2019-12-19,68.06123352050781
2019-12-20,68.17488861083984
2019-12-23,68.03169250488281
2019-12-24,68.29212188720703
2019-12-26,68.41423034667969
2019-12-27,68.51192474365234
2019-12-30,68.30023193359375
2019-12-31,67.77127075195312
2020-01-02,68.37352752685547
2020-01-03,69.3908920288086
2020-01-06,69.05716705322266
2020-01-07,68.69090270996094
2020-01-08,68.30023193359375
2020-01-09,68.5037612915039
2020-01-10,69.08159637451172
2020-01-13,68.85369110107422
2020-01-14,69.21179962158203
2020-01-15,69.67570495605469
2020-01-16,69.43968963623047
2020-01-17,68.93511962890625
2020-01-21,69.61061096191406
2020-01-22,69.82220458984375
2020-01-23,70.2861099243164
2020-01-24,70.86398315429688
2020-01-27,71.92201232910156
2020-01-28,71.36044311523438
2020-01-29,72.0929183959961
2020-01-30,72.06848907470703
2020-01-31,72.71147918701172
2020-02-03,72.72368621826172
2020-02-04,71.72075653076172
2020-02-05,70.97061920166016
2020-02-06,71.32124328613281
2020-02-07,72.12029266357422
2020-02-10,72.34046173095703
2020-02-11,71.981689453125
2020-02-12,71.63924407958984
2020-02-13,71.88381958007812
2020-02-14,72.18550872802734
2020-02-18,72.62582397460938
2020-02-19,72.66661071777344
2020-02-20,73.22103881835938
2020-02-21,73.88970184326172
2020-02-24,74.96599578857422
2020-02-25,75.49600219726562
2020-02-26,75.05567169189453
2020-02-27,75.85474395751953
2020-02-28,77.50993347167969
2020-03-02,76.9269027709961
2020-03-03,78.15181732177734
2020-03-04,77.36787414550781
2020-03-05,79.17261505126953
2020-03-06,83.0598373413086
2020-03-09,85.77104187011719
2020-03-10,81.72054290771484
2020-03-11,79.52376556396484
2020-03-12,78.51115417480469
2020-03-13,77.4168701171875
2020-03-16,82.0716781616211
2020-03-17,76.67372131347656
2020-03-18,73.58687591552734
2020-03-19,74.32185363769531
2020-03-20,79.25428771972656
2020-03-23,82.43097686767578
2020-03-24,81.45103454589844
2020-03-25,81.41020965576172
2020-03-26,81.63884735107422
2020-03-27,83.63148498535156
2020-03-30,82.880126953125
2020-03-31,82.48816680908203
2020-04-01,83.1949691772461
2020-04-02,83.98027038574219
2020-04-03,84.05387115478516
2020-04-06,83.7430419921875
2020-04-07,82.92500305175781
2020-04-08,82.38508605957031
2020-04-09,82.3769302368164
2020-04-13,81.91881561279297
2020-04-14,81.82884216308594
2020-04-15,83.89030456542969
2020-04-16,84.71651458740234
2020-04-17,83.73486328125
2020-04-20,84.40562438964844
2020-04-21,85.37095642089844
2020-04-22,84.47928619384766
2020-04-23,84.9946517944336
2020-04-24,85.1255111694336
2020-04-27,83.66942596435547
2020-04-28,84.60195922851562
2020-04-29,84.12751007080078
2020-04-30,83.29314422607422
2020-05-01,83.88712310791016
2020-05-04,83.51846313476562
2020-05-05,83.06781005859375
2020-05-06,81.8143310546875
2020-05-07,83.14154052734375
2020-05-08,82.08467864990234
2020-05-11,81.46202850341797
2020-05-12,82.26490783691406
2020-05-13,82.80561828613281
2020-05-14,83.57579803466797
2020-05-15,83.305419921875
2020-05-18,81.59309387207031
2020-05-19,81.91261291503906
2020-05-20,82.07647705078125
2020-05-21,82.3714370727539
2020-05-22,82.76467895507812
2020-05-26,81.72415161132812
2020-05-27,81.61768341064453
2020-05-28,81.32274627685547
2020-05-29,81.85527038574219
2020-06-01,81.33422088623047
2020-06-02,81.09624481201172
2020-06-03,80.00489807128906
2020-06-04,78.9217529296875
2020-06-05,78.36375427246094
2020-06-08,78.57710266113281
2020-06-09,79.47150421142578
2020-06-10,80.59569549560547
2020-06-11,82.14656829833984
2020-06-12,81.35882568359375
2020-06-15,81.38343811035156
2020-06-16,80.27565002441406
2020-06-17,80.49723815917969
2020-06-18,81.33422088623047
2020-06-19,81.37523651123047
2020-06-22,81.36701965332031
2020-06-23,80.90751647949219
2020-06-24,81.71986389160156
2020-06-25,81.90859985351562
2020-06-26,82.77018737792969
2020-06-29,82.5240249633789
2020-06-30,82.13837432861328
2020-07-01,81.97071075439453
2020-07-02,82.01181030273438
2020-07-06,81.73241424560547
2020-07-07,82.85000610351562
2020-07-08,82.529541015625
2020-07-09,83.778564453125
2020-07-10,83.36768341064453
2020-07-13,83.63064575195312
2020-07-14,83.74571990966797
2020-07-15,83.3841781616211
2020-07-16,83.74571990966797
2020-07-17,83.5978012084961
2020-07-20,83.77040100097656
2020-07-21,83.8607406616211
2020-07-22,84.0990982055664
2020-07-23,85.01947021484375
2020-07-24,85.0112533569336
2020-07-27,84.69078826904297
2020-07-28,85.25774383544922
2020-07-29,85.13450622558594
2020-07-30,85.68509674072266
2020-07-31,85.5782699584961
2020-08-03,85.22850036621094
2020-08-04,85.99380493164062
2020-08-05,85.30257415771484
2020-08-06,85.72225189208984
2020-08-07,85.18738555908203
2020-08-10,84.80886840820312
2020-08-11,83.82134246826172
2020-08-12,83.14656066894531
2020-08-13,82.27429962158203
2020-08-14,81.98626708984375
2020-08-17,82.17552947998047
2020-08-18,82.75159454345703
2020-08-19,82.25782775878906
2020-08-20,82.97377014160156
2020-08-21,83.42631530761719
2020-08-24,83.25354766845703
2020-08-25,82.69391632080078
2020-08-26,82.38126373291016
2020-08-27,81.04817199707031
2020-08-28,81.00699615478516
2020-08-31,81.46781158447266
2020-09-01,82.37765502929688
2020-09-02,83.13581848144531
2020-09-03,83.37483215332031
2020-09-04,81.85843658447266
2020-09-08,82.32819366455078
2020-09-09,82.08097839355469
2020-09-10,82.4765625
2020-09-11,82.61663818359375
2020-09-14,82.66607666015625
2020-09-15,82.4765625
2020-09-16,82.2623062133789
2020-09-17,82.48479461669922
2020-09-18,82.22930908203125
2020-09-21,82.61663818359375
2020-09-22,82.55068969726562
2020-09-23,82.68257904052734
2020-09-24,82.92979431152344
2020-09-25,82.98747253417969
2020-09-28,82.74849700927734
2020-09-29,82.8226318359375
2020-09-30,82.13042449951172
2020-10-01,82.27481842041016
2020-10-02,81.93647766113281
2020-10-05,80.40156555175781
2020-10-06,80.83895874023438
2020-10-07,80.22828674316406
2020-10-08,80.6656494140625
2020-10-09,80.63262939453125
2020-10-12,80.85546112060547
2020-10-13,81.45787811279297
2020-10-14,81.62290954589844
2020-10-15,81.49909973144531
2020-10-16,81.27630615234375
2020-10-19,80.97099304199219
2020-10-20,80.25305938720703
2020-10-21,79.97242736816406
2020-10-22,79.15547180175781
2020-10-23,79.60936737060547
2020-10-26,80.35208892822266
2020-10-27,80.85546112060547
2020-10-28,80.96271514892578
2020-10-29,80.18698120117188
2020-10-30,79.41958618164062
2020-11-02,79.92036437988281
2020-11-03,79.49063110351562
2020-11-04,81.14344024658203
2020-11-05,81.29219055175781
2020-11-06,80.36662292480469
2020-11-09,78.74687194824219
2020-11-10,78.32540130615234
2020-11-11,78.57333374023438
2020-11-12,79.82115173339844
2020-11-13,79.70548248291016
2020-11-16,79.54847717285156
2020-11-17,80.06908416748047
2020-11-18,80.24263763427734
2020-11-19,80.67235565185547
2020-11-20,81.34999084472656
2020-11-23,80.97813415527344
2020-11-24,80.22608947753906
2020-11-25,80.01952362060547
2020-11-27,80.73021697998047
2020-11-30,80.61454010009766
2020-12-01,79.49983978271484
2020-12-02,78.8874740600586
2020-12-03,79.51637268066406
2020-12-04,78.3578872680664
2020-12-07,79.0363998413086
2020-12-08,79.37571716308594
2020-12-09,79.14402770996094
2020-12-10,79.81428527832031
2020-12-11,80.12047576904297
2020-12-14,79.88878631591797
2020-12-15,79.64051055908203
2020-12-16,79.44190979003906
2020-12-17,79.21849060058594
2020-12-18,79.00334167480469
2020-12-21,79.32609558105469
2020-12-22,79.69019317626953
2020-12-23,79.13825225830078
2020-12-24,79.47903442382812
2020-12-28,79.48737335205078
2020-12-29,79.40426635742188
2020-12-30,79.5455093383789
2020-12-31,79.67855072021484
2021-01-04,79.62035369873047
2021-01-05,79.03849029541016
2021-01-06,77.47586059570312
2021-01-07,76.84416198730469
2021-01-08,76.59479522705078
2021-01-11,76.43688201904297
2021-01-12,76.40364074707031
2021-01-13,77.1849136352539
2021-01-14,76.51998901367188
2021-01-15,76.8192367553711
2021-01-19,77.04367065429688
2021-01-20,77.09352111816406
2021-01-21,76.61143493652344
2021-01-22,76.79429626464844
2021-01-25,77.65039825439453
2021-01-26,77.53406524658203
2021-01-27,77.76675415039062
2021-01-28,77.33451843261719
2021-01-29,76.87739562988281
2021-02-01,76.9814682006836
2021-02-02,76.49034118652344
2021-02-03,75.83271789550781
2021-02-04,75.666259765625
2021-02-05,75.03361511230469
2021-02-08,75.31664276123047
2021-02-09,75.37490844726562
2021-02-10,75.84103393554688
2021-02-11,75.45817565917969
2021-02-12,74.53417205810547
2021-02-16,73.50194549560547
2021-02-17,73.90154266357422
2021-02-18,73.66011810302734
2021-02-19,72.7528076171875
2021-02-22,72.22004699707031
2021-02-23,71.98696899414062
2021-02-24,71.59575653076172
2021-02-25,70.35545349121094
2021-02-26,72.58631896972656
2021-03-01,71.70519256591797
2021-03-02,71.70519256591797
2021-03-03,70.94664764404297
2021-03-04,70.48816680908203
2021-03-05,70.5882339477539
2021-03-08,70.08808898925781
2021-03-09,70.94664764404297
2021-03-10,71.08000183105469
2021-03-11,70.62987518310547
2021-03-12,69.20442962646484
2021-03-15,69.57122802734375
2021-03-16,69.3544921875
2021-03-17,68.82100677490234
2021-03-18,68.18746185302734
2021-03-19,68.58760070800781
2021-03-22,69.27947235107422
2021-03-23,69.89634704589844
2021-03-24,70.2547607421875
2021-03-25,69.77963256835938
2021-03-26,69.5045166015625
2021-03-29,68.92938232421875
2021-03-30,69.27115631103516
2021-03-31,69.02104187011719
2021-04-01,69.96956634521484
2021-04-05,69.66897583007812
2021-04-06,70.13656616210938
2021-04-07,69.69403839111328
2021-04-08,70.23678588867188
2021-04-09,69.98628234863281
2021-04-12,69.98628234863281
2021-04-13,70.46220397949219
2021-04-14,70.25345611572266
2021-04-15,71.30550384521484
2021-04-16,70.8379135131836
2021-04-19,70.620849609375
2021-04-20,70.9715347290039
2021-04-21,71.0967788696289
2021-04-22,71.372314453125
2021-04-23,71.24708557128906
2021-04-26,71.17192077636719
2021-04-27,70.56238555908203
2021-04-28,70.63754272460938
2021-04-29,70.42881774902344
2021-04-30,70.60414123535156
2021-05-03,70.64849853515625
2021-05-04,71.04153442382812
2021-05-05,71.15021514892578
2021-05-06,71.25057220458984
2021-05-07,70.95787811279297
2021-05-10,70.33905029296875
2021-05-11,69.96270751953125
2021-05-12,69.24352264404297
2021-05-13,69.3438949584961
2021-05-14,69.8874740600586
2021-05-17,69.75365447998047
2021-05-18,69.59477233886719
2021-05-19,69.43588256835938
2021-05-20,69.9710922241211
2021-05-21,70.1634521484375
2021-05-24,70.3976058959961
2021-05-25,71.04988098144531
2021-05-26,70.941162109375
2021-05-27,70.63172912597656
2021-05-28,70.52305603027344
2021-06-01,70.50626373291016
2021-06-02,70.66544342041016
2021-06-03,70.41411590576172
2021-06-04,71.3271713256836
2021-06-07,71.1177978515625
2021-06-08,71.57010650634766
2021-06-09,72.1648178100586
2021-06-10,72.5669174194336
2021-06-11,72.49156188964844
2021-06-14,71.97220611572266
2021-06-15,71.89678192138672
2021-06-16,71.80467987060547
2021-06-17,72.76797485351562
2021-06-18,74.07472229003906
2021-06-21,72.9438705444336
2021-06-22,73.08627319335938
2021-06-23,72.91877746582031
2021-06-24,73.03600311279297
2021-06-25,72.32400512695312
2021-06-28,73.01924896240234
2021-06-29,73.11978912353516
2021-06-30,73.4632339477539
2021-07-01,73.47331237792969
2021-07-02,73.8759994506836
2021-07-06,74.65621948242188
2021-07-07,75.36087036132812
2021-07-08,75.6209487915039
2021-07-09,74.66456604003906
2021-07-12,74.547119140625
2021-07-13,73.99343872070312
2021-07-14,74.81560516357422
2021-07-15,75.5538330078125
2021-07-16,75.47833251953125
2021-07-19,77.047119140625
2021-07-20,76.37600708007812
2021-07-21,75.46157836914062
2021-07-22,76.06558227539062
2021-07-23,75.59578704833984
2021-07-26,75.37764739990234
2021-07-27,76.16627502441406
2021-07-28,76.19144439697266
2021-07-29,75.76360321044922
2021-07-30,76.14948272705078
2021-08-02,76.75700378417969
2021-08-03,76.80741119384766
2021-08-04,76.97545623779297
2021-08-05,76.6141357421875
2021-08-06,75.42937469482422
2021-08-09,75.16048431396484
2021-08-10,74.84117889404297
2021-08-11,74.77404022216797
2021-08-12,74.6563491821289
2021-08-13,75.74026489257812
2021-08-16,75.92512512207031
2021-08-17,75.92512512207031
2021-08-18,76.14360809326172
2021-08-19,76.6729507446289
2021-08-20,76.72338104248047
2021-08-23,76.66456604003906
2021-08-24,76.13519287109375
2021-08-25,75.5050277709961
2021-08-26,75.74866485595703
2021-08-27,76.15202331542969
2021-08-30,76.37886810302734
2021-08-31,75.94192504882812
2021-09-01,76.00257110595703
2021-09-02,76.31390380859375
2021-09-03,75.71636962890625
2021-09-07,75.11885070800781
2021-09-08,75.53121185302734
2021-09-09,76.3896484375
2021-09-10,75.80895233154297
2021-09-13,76.2550048828125
2021-09-14,77.06291961669922
2021-09-15,76.7767562866211
2021-09-16,76.47380065917969
2021-09-17,76.11192321777344
2021-09-20,77.01244354248047
2021-09-21,76.92828369140625
2021-09-22,77.32381439208984
2021-09-23,75.69960021972656
2021-09-24,75.02628326416016
2021-09-27,74.74019622802734
2021-09-28,73.65454864501953
2021-09-29,73.81442260742188
2021-09-30,73.81442260742188
2021-10-01,74.32437896728516
2021-10-04,74.17267608642578
2021-10-05,73.5489501953125
2021-10-06,73.89453887939453
2021-10-07,73.13593292236328
2021-10-08,72.69762420654297
2021-10-11,72.47850036621094
2021-10-12,73.64165496826172
2021-10-13,74.30752563476562
2021-10-14,74.55194091796875
2021-10-15,74.13895416259766
2021-10-18,74.38336181640625
2021-10-19,73.44778442382812
2021-10-20,72.98420715332031
2021-10-21,72.8915023803711
2021-10-22,73.64165496826172
2021-10-25,73.5573501586914
2021-10-26,74.09680938720703
2021-10-27,75.327392578125
2021-10-28,74.9986801147461
2021-10-29,75.20938873291016
2021-11-01,74.70797729492188
2021-11-02,75.0625
2021-11-03,74.3618392944336
2021-11-04,75.11316680908203
2021-11-05,76.14302825927734
2021-11-08,75.99952697753906
2021-11-09,76.89429473876953
2021-11-10,75.56056213378906
2021-11-11,75.44237518310547
2021-11-12,75.17225646972656
2021-11-15,74.26899719238281
2021-11-16,74.06639099121094
2021-11-17,74.62354278564453
2021-11-18,74.8936996459961
2021-11-19,75.6280746459961
2021-11-22,74.783935546875
2021-11-23,73.78785705566406
2021-11-24,74.84304809570312
2021-11-26,76.5904312133789
2021-11-29,76.02484130859375
2021-11-30,77.18130493164062
2021-12-01,77.5397720336914
2021-12-02,77.59051513671875
2021-12-03,78.42743682861328
2021-12-06,77.43836212158203
2021-12-07,76.88040161132812
2021-12-08,75.73065185546875
2021-12-09,76.17867279052734
2021-12-10,76.0180892944336
2021-12-13,77.03255462646484
2021-12-14,76.82965087890625
2021-12-15,76.15332794189453
2021-12-16,76.21251678466797
2021-12-17,76.99028778076172
2021-12-20,76.49996185302734
2021-12-21,76.21251678466797
2021-12-22,76.542236328125
2021-12-23,75.9469985961914
2021-12-27,76.08247375488281
2021-12-28,75.82847595214844
2021-12-29,75.00718688964844
2021-12-30,75.6422119140625
2021-12-31,75.7099380493164
2022-01-03,73.95732879638672
2022-01-04,73.63554382324219
2022-01-05,73.2884292602539
2022-01-06,73.41544342041016
2022-01-07,72.90743255615234
2022-01-10,73.0598373413086
2022-01-11,73.44082641601562
2022-01-12,73.21224975585938
2022-01-13,73.81339263916016
2022-01-14,72.75505065917969
2022-01-18,71.78135681152344
2022-01-19,72.26396179199219
2022-01-20,72.67037200927734
2022-01-21,73.48318481445312
2022-01-24,72.9243392944336
2022-01-25,72.79737091064453
2022-01-26,72.00993347167969
2022-01-27,73.19532775878906
2022-01-28,73.20375061035156
2022-01-31,72.90743255615234
2022-02-01,72.7115707397461
2022-02-02,72.95745849609375
2022-02-03,72.42326354980469
2022-02-04,71.38876342773438
2022-02-07,71.45658874511719
2022-02-08,70.98175048828125
2022-02-09,71.09197235107422
2022-02-10,70.04899597167969
2022-02-11,71.12590026855469
2022-02-14,70.21858215332031
2022-02-15,69.49781799316406
2022-02-16,69.87094116210938
2022-02-17,70.37123107910156
2022-02-18,71.05809783935547
2022-02-22,71.21916961669922
2022-02-23,70.26951599121094
2022-02-24,70.36275482177734
2022-02-25,70.37123107910156
2022-02-28,71.685546875
2022-03-01,72.61542510986328
2022-03-02,70.41596984863281
2022-03-03,70.98494720458984
2022-03-04,72.17384338378906
2022-03-07,71.65580749511719
2022-03-08,70.93401336669922
2022-03-09,70.25463104248047
2022-03-10,69.37995910644531
2022-03-11,69.58378601074219
2022-03-14,68.10615539550781
2022-03-15,67.93630981445312
2022-03-16,68.50528717041016
2022-03-17,67.98725891113281
2022-03-18,68.72605895996094
2022-03-21,67.18901062011719
2022-03-22,66.47570037841797
2022-03-23,67.77498626708984
2022-03-24,67.26544952392578
2022-03-25,66.32281494140625
2022-03-28,66.82383728027344
2022-03-29,67.40982055664062
2022-03-30,67.84292602539062
2022-03-31,68.27597045898438
2022-04-01,68.248779296875
2022-04-04,67.78083038330078
2022-04-05,66.35153198242188
2022-04-06,65.8070297241211
2022-04-07,65.30511474609375
2022-04-08,64.66702270507812
2022-04-11,63.74818801879883
2022-04-12,63.637611389160156
2022-04-13,63.7736930847168
2022-04-14,62.56561279296875
2022-04-18,62.3274040222168
2022-04-19,61.808433532714844
2022-04-20,63.03353500366211
2022-04-21,62.51457214355469
2022-04-22,62.22533416748047
2022-04-25,62.803836822509766
2022-04-26,63.390869140625
2022-04-27,62.684715270996094
2022-04-28,62.72727966308594
2022-04-29,62.00410842895508
2022-05-02,61.01966094970703
2022-05-03,61.3691291809082
2022-05-04,61.65039825439453
2022-05-05,60.07355499267578
2022-05-06,59.2723274230957
2022-05-09,59.74964141845703
2022-05-10,60.28662872314453
2022-05-11,61.30092239379883
2022-05-12,61.275360107421875
2022-05-13,60.42298889160156
2022-05-16,60.44856262207031
2022-05-17,59.74964141845703
2022-05-18,60.89179992675781
2022-05-19,61.07078170776367
2022-05-20,61.73562240600586
2022-05-23,60.81511306762695
2022-05-24,61.92313003540039
2022-05-25,62.102134704589844
2022-05-26,61.8379020690918
2022-05-27,62.01690673828125
2022-05-31,60.74689865112305
2022-06-01,60.633296966552734
2022-06-02,60.71016311645508
2022-06-03,60.530792236328125
2022-06-06,59.53150939941406
2022-06-07,60.11228942871094
2022-06-08,59.599830627441406
2022-06-09,59.77918243408203
2022-06-10,59.37776184082031
2022-06-13,57.60974884033203
2022-06-14,56.909385681152344
2022-06-15,57.91722869873047
2022-06-16,58.40407180786133
2022-06-17,58.59196472167969
2022-06-21,57.669532775878906
2022-06-22,59.095909118652344
2022-06-23,59.557132720947266
2022-06-24,58.83967208862305
2022-06-27,58.34428024291992
2022-06-28,58.57488250732422
2022-06-29,59.42900466918945
2022-06-30,59.92439270019531
2022-07-01,60.55259704589844
2022-07-05,60.98052978515625
2022-07-06,60.05619812011719
2022-07-07,59.576904296875
2022-07-08,58.95212173461914
2022-07-11,59.91067886352539
2022-07-12,60.20170211791992
2022-07-13,60.8607063293457
2022-07-14,60.36429214477539
2022-07-15,60.74089431762695
2022-07-18,60.12464904785156
2022-07-19,59.8079948425293
2022-07-20,60.00482177734375
2022-07-21,60.912071228027344
2022-07-22,61.89629364013672
2022-07-25,61.37421798706055
2022-07-26,61.434139251708984
2022-07-27,61.16883087158203
2022-07-28,61.61386489868164
2022-07-29,61.49403381347656
2022-08-01,62.832889556884766
2022-08-02,61.59780502319336
2022-08-03,62.47264099121094
2022-08-04,62.48979187011719
2022-08-05,61.12609100341797
2022-08-08,61.96660232543945
2022-08-09,61.72647476196289
2022-08-10,61.3233757019043
2022-08-11,60.06260299682617
2022-08-12,60.65441131591797
2022-08-15,60.68012619018555
2022-08-16,60.911705017089844
2022-08-17,60.268428802490234
2022-08-18,60.37134552001953
2022-08-19,59.462242126464844
2022-08-22,59.21351623535156
2022-08-23,58.913326263427734
2022-08-24,58.510215759277344
2022-08-25,59.28211975097656
2022-08-26,59.64234161376953
2022-08-29,59.127742767333984
2022-08-30,59.307838439941406
2022-08-31,58.7503662109375
2022-09-01,57.737770080566406
2022-09-02,58.073001861572266
2022-09-06,56.689090728759766
2022-09-07,57.600257873535156
2022-09-08,57.06731033325195
2022-09-09,57.161861419677734
2022-09-12,56.740665435791016
2022-09-13,56.809444427490234
2022-09-14,56.96415328979492
2022-09-15,56.86100769042969
2022-09-16,56.431217193603516
2022-09-19,56.5601692199707
2022-09-20,55.98423385620117
2022-09-21,56.83523941040039
2022-09-22,55.408321380615234
2022-09-23,55.734947204589844
2022-09-26,54.634700775146484
2022-09-27,53.33674240112305
2022-09-28,55.03010559082031
2022-09-29,54.712066650390625
2022-09-30,54.10176086425781
2022-10-03,54.94879150390625
2022-10-04,54.810935974121094
2022-10-05,54.2077522277832
2022-10-06,54.00094223022461
2022-10-07,53.51841735839844
2022-10-10,52.70844268798828
2022-10-11,52.97555923461914
2022-10-12,53.19960403442383
2022-10-13,52.7601432800293
2022-10-14,52.381011962890625
2022-10-17,52.156982421875
2022-10-18,52.329307556152344
2022-10-19,51.41593933105469
2022-10-20,50.64043045043945
2022-10-21,49.77013397216797
2022-10-24,49.44272232055664
2022-10-25,50.76107406616211
2022-10-26,51.43316650390625
2022-10-27,51.941558837890625
2022-10-28,51.545188903808594
2022-10-31,51.28669357299805
2022-11-01,51.602027893066406
2022-11-02,51.39468002319336
2022-11-03,51.14414978027344
2022-11-04,50.40979766845703
2022-11-07,49.92601776123047
2022-11-08,50.47891616821289
2022-11-09,50.617156982421875
2022-11-10,52.51777648925781
2022-11-11,52.379547119140625
2022-11-14,52.2413330078125
2022-11-15,52.95836639404297
2022-11-16,54.072837829589844
2022-11-17,53.55449676513672
2022-11-18,53.2261962890625
2022-11-21,53.47673416137695
2022-11-22,54.0987548828125
2022-11-23,54.9281120300293
2022-11-25,54.81581115722656
2022-11-28,54.91947937011719
2022-11-29,54.37519836425781
2022-11-30,54.73805618286133
2022-12-01,56.37384796142578
2022-12-02,56.91940689086914
2022-12-05,56.19200134277344
2022-12-06,56.86743927001953
2022-12-07,58.00185775756836
2022-12-08,57.79402160644531
2022-12-09,56.4691047668457
2022-12-12,56.668270111083984
2022-12-13,57.24847412109375
2022-12-14,57.46495819091797
2022-12-15,57.71609115600586
2022-12-16,57.187843322753906
2022-12-19,56.3045768737793
2022-12-20,55.34336471557617
2022-12-21,55.429962158203125
2022-12-22,55.48191452026367
2022-12-23,54.75965881347656
2022-12-27,53.770023345947266
2022-12-28,53.509605407714844
2022-12-29,54.02178955078125
2022-12-30,53.49222946166992
2023-01-03,54.429786682128906
2023-01-04,55.1329460144043
2023-01-05,55.31524658203125
2023-01-06,56.278839111328125
2023-01-09,56.556617736816406
2023-01-10,55.714561462402344
2023-01-11,56.530582427978516
2023-01-12,57.528873443603516
2023-01-13,57.060123443603516
2023-01-17,56.75627899169922
2023-01-18,58.04106521606445
2023-01-19,57.6938362121582
2023-01-20,56.86044692993164
2023-01-23,56.573978424072266
2023-01-24,57.35527420043945
2023-01-25,57.49416732788086
2023-01-26,57.233741760253906
2023-01-27,57.07747268676758
2023-01-30,56.877830505371094
2023-01-31,57.311866760253906
2023-02-01,57.9479866027832
2023-02-02,58.0350341796875
2023-02-03,57.182212829589844
2023-02-06,56.75579833984375
2023-02-07,56.329383850097656
2023-02-08,56.57305145263672
2023-02-09,56.07701873779297
2023-02-10,55.4765625
2023-02-13,55.937782287597656
2023-02-14,55.781150817871094
2023-02-15,55.328636169433594
2023-02-16,54.632450103759766
2023-02-17,54.9979362487793
2023-02-21,53.988487243652344
2023-02-22,54.3888053894043
2023-02-23,54.876121520996094
2023-02-24,54.2060432434082
2023-02-27,54.36268615722656
2023-02-28,54.59764862060547
2023-03-01,53.944278717041016
2023-03-02,53.516841888427734
2023-03-03,54.668304443359375
2023-03-06,54.319374084472656
2023-03-07,54.607242584228516
2023-03-08,54.668304443359375
2023-03-09,54.842769622802734
2023-03-10,56.61358642578125
2023-03-13,56.91016387939453
2023-03-14,56.04657745361328
2023-03-15,57.093360900878906
2023-03-16,56.65719223022461
2023-03-17,57.3637809753418
2023-03-20,56.92762756347656
2023-03-21,56.3780517578125
2023-03-22,57.1369743347168
2023-03-23,57.206756591796875
2023-03-24,57.44228744506836
2023-03-27,56.24721145629883
2023-03-28,56.316993713378906
2023-03-29,56.16870880126953
2023-03-30,56.447853088378906
2023-03-31,57.14570617675781
2023-04-03,57.457908630371094
2023-04-04,57.79024887084961
2023-04-05,58.34996795654297
2023-04-06,58.44614791870117
2023-04-10,57.64157485961914
2023-04-11,57.71153259277344
2023-04-12,57.67654800415039
2023-04-13,57.265506744384766
2023-04-14,56.74953079223633
2023-04-17,56.1110954284668
2023-04-18,56.32974624633789
2023-04-19,56.251033782958984
2023-04-20,56.68830108642578
2023-04-21,56.382225036621094
2023-04-24,56.89820861816406
2023-04-25,57.71153259277344
2023-04-26,57.16057586669922
2023-04-27,56.62709426879883
2023-04-28,57.4404182434082
2023-05-01,55.97807693481445
2023-05-02,57.222999572753906
2023-05-03,57.582454681396484
2023-05-04,57.126564025878906
2023-05-05,56.85476303100586
2023-05-08,56.17094039916992
2023-05-09,56.00437545776367
2023-05-10,56.52163314819336
2023-05-11,57.04766082763672
2023-05-12,56.62682342529297
2023-05-15,56.06574249267578
2023-05-16,55.907920837402344
2023-05-17,55.76767349243164
2023-05-18,55.320518493652344
2023-05-19,54.96107864379883
2023-05-22,54.750675201416016
2023-05-23,54.8734130859375
2023-05-24,54.64546585083008
2023-05-25,54.46134567260742
2023-05-26,54.785743713378906
2023-05-30,55.35560607910156
2023-05-31,55.83778762817383
2023-06-01,56.03910446166992
2023-06-02,55.51167297363281
2023-06-05,55.432552337646484
2023-06-06,55.669883728027344
2023-06-07,54.878753662109375
2023-06-08,55.51167297363281
2023-06-09,55.46771240234375
2023-06-12,55.57320022583008
2023-06-13,55.0457763671875
2023-06-14,55.37102508544922
2023-06-15,55.91603469848633
2023-06-16,55.72263717651367
2023-06-20,56.05668258666992
2023-06-21,56.188533782958984
2023-06-22,55.59077453613281
2023-06-23,56.05668258666992
2023-06-26,56.11820983886719
2023-06-27,55.96876907348633
2023-06-28,56.223697662353516
2023-06-29,55.28312301635742
2023-06-30,55.845706939697266
2023-07-03,55.5416374206543
2023-07-05,55.03047180175781
2023-07-06,54.272525787353516
2023-07-07,54.00812911987305
2023-07-10,54.11388397216797
2023-07-11,54.35184097290039
2023-07-12,54.97759246826172
2023-07-13,55.52401351928711
2023-07-14,55.25080108642578
2023-07-17,55.27723693847656
2023-07-18,55.50639343261719
2023-07-19,56.0704460144043
2023-07-20,55.40062713623047
2023-07-21,55.444698333740234
2023-07-24,55.24197769165039
2023-07-25,55.12742233276367
2023-07-26,55.23316955566406
2023-07-27,54.2020149230957
2023-07-28,54.44877243041992
2023-07-31,54.59862518310547
2023-08-01,53.756446838378906
2023-08-02,53.26155090332031
2023-08-03,52.148075103759766
2023-08-04,53.03179168701172
2023-08-07,52.58108139038086
2023-08-08,53.15550994873047
2023-08-09,53.41178512573242
2023-08-10,52.62527847290039
2023-08-11,52.44853210449219
2023-08-14,52.35133361816406
2023-08-15,52.0773811340332
2023-08-16,51.69738006591797
2023-08-17,51.49412536621094
2023-08-18,51.65319061279297
2023-08-21,50.99924087524414
2023-08-22,51.32622528076172
2023-08-23,52.43087387084961
2023-08-24,52.192264556884766
2023-08-25,52.29829788208008
2023-08-28,52.36016082763672
2023-08-29,52.899227142333984
2023-08-30,52.86387252807617
2023-08-31,53.08480453491211
2023-09-01,52.29682159423828
2023-09-05,51.66748046875
2023-09-06,51.764976501464844
2023-09-07,51.87135314941406
2023-09-08,52.04862976074219
2023-09-11,51.729530334472656
2023-09-12,51.96885681152344
2023-09-13,51.99544143676758
2023-09-14,51.685211181640625
2023-09-15,51.41929626464844
2023-09-18,51.623165130615234
2023-09-19,51.30406188964844
2023-09-20,51.40156936645508
2023-09-21,50.23153305053711
2023-09-22,50.60381317138672
2023-09-25,49.478111267089844
2023-09-26,49.318565368652344
2023-09-27,49.06150436401367
2023-09-28,49.16787338256836
2023-09-29,49.20332717895508
2023-10-02,48.42702865600586
2023-10-03,47.49333953857422
2023-10-04,48.071346282958984
2023-10-05,47.90239715576172
2023-10-06,47.35107421875
2023-10-09,48.37367630004883
2023-10-10,48.30253982543945
2023-10-11,49.20954895019531
2023-10-12,48.009098052978516
2023-10-13,48.78272247314453
2023-10-16,48.071346282958984
2023-10-17,47.53779983520508
2023-10-18,47.110984802246094
2023-10-19,46.28400421142578
2023-10-20,46.56856155395508
2023-10-23,47.10209274291992
2023-10-24,47.60005187988281
2023-10-25,46.64858627319336
2023-10-26,47.30660629272461
2023-10-27,47.19101333618164
2023-10-30,46.98649978637695
2023-10-31,46.781978607177734
2023-11-01,47.7188720703125
2023-11-02,48.70036315917969
2023-11-03,49.03050994873047
2023-11-06,48.61113739013672
2023-11-07,49.26250076293945
2023-11-08,49.98524856567383
2023-11-09,48.93235397338867
2023-11-10,49.17326736450195
2023-11-13,49.10189437866211
2023-11-14,50.1547737121582
2023-11-15,49.49448776245117
2023-11-16,50.06554412841797
2023-11-17,50.27076721191406
2023-11-20,50.520606994628906
2023-11-21,50.511688232421875
2023-11-22,50.64552307128906
2023-11-24,50.10124206542969
2023-11-27,50.850746154785156
2023-11-28,50.966732025146484
2023-11-29,51.573486328125
2023-11-30,51.04705047607422
2023-12-01,51.904518127441406
2023-12-04,51.698646545410156
2023-12-05,52.736907958984375
2023-12-06,53.38136291503906
2023-12-07,53.094947814941406
2023-12-08,52.66530990600586
2023-12-11,52.584754943847656
2023-12-12,52.71902084350586
2023-12-13,53.882598876953125
2023-12-14,55.15358352661133
2023-12-15,55.22518539428711
2023-12-18,54.85821533203125
2023-12-19,55.073020935058594
2023-12-20,55.511600494384766
2023-12-21,55.19833755493164
2023-12-22,55.027748107910156
2023-12-26,55.135494232177734
2023-12-27,56.06024932861328
2023-12-28,55.70111846923828
2023-12-29,55.24323272705078
2024-01-02,54.95591735839844
2024-01-03,55.12651062011719
2024-01-04,54.38132095336914
2024-01-05,53.932395935058594
2024-01-08,54.38132095336914
2024-01-09,54.147884368896484
2024-01-10,53.86955261230469
2024-01-11,54.19276809692383
2024-01-12,54.18378448486328
2024-01-16,53.28596496582031
2024-01-17,53.17823028564453
2024-01-18,52.747276306152344
2024-01-19,52.88193893432617
2024-01-22,53.169254302978516
2024-01-23,52.819095611572266
2024-01-24,52.52281188964844
2024-01-25,52.83705139160156
2024-01-26,52.747276306152344
2024-01-29,53.30392837524414
2024-01-30,53.69895935058594
2024-01-31,54.255615234375
2024-02-01,55.17245864868164
2024-02-02,54.073692321777344
2024-02-05,53.046974182128906
2024-02-06,53.5243034362793
2024-02-07,53.317161560058594
2024-02-08,53.0019416809082
2024-02-09,52.90288162231445
2024-02-12,52.94791030883789
2024-02-13,52.08330535888672
2024-02-14,52.344478607177734
2024-02-15,52.5876579284668
2024-02-16,52.290435791015625
2024-02-20,52.344478607177734
2024-02-21,51.99325180053711
2024-02-22,52.20939254760742
2024-02-23,52.83081817626953
2024-02-26,52.67771911621094
2024-02-27,52.36250305175781
2024-02-28,52.650699615478516
2024-02-29,52.99292755126953
2024-03-01,53.30549621582031
2024-03-04,53.12482452392578
2024-03-05,53.82942199707031
2024-03-06,54.127532958984375
2024-03-07,54.11848068237305
2024-03-08,54.07331848144531
2024-03-11,54.03718566894531
2024-03-12,53.60359573364258
2024-03-13,53.38677978515625
2024-03-14,52.60992431640625
2024-03-15,52.56476593017578
2024-03-18,52.41120529174805
2024-03-19,52.58282470703125
2024-03-20,52.600894927978516
2024-03-21,52.70024490356445
2024-03-22,53.179019927978516
2024-03-25,52.944156646728516
2024-03-26,53.08869171142578
2024-03-27,53.52228927612305
2024-03-28,53.51325225830078
2024-04-01,52.588748931884766
2024-04-02,52.3349609375
2024-04-03,52.2986946105957
2024-04-04,52.652198791503906
2024-04-05,51.99052047729492
2024-04-08,51.96332931518555
2024-04-09,52.425594329833984
2024-04-10,51.31978988647461
2024-04-11,51.102264404296875
2024-04-12,51.346981048583984
2024-04-15,50.63093948364258
2024-04-16,50.33183670043945
2024-04-17,50.85753631591797
2024-04-18,50.60374450683594
2024-04-19,50.76689910888672
2024-04-22,50.69438934326172
2024-04-23,50.72157669067383
2024-04-24,50.38621520996094
2024-04-25,50.07805252075195
2024-04-26,50.3227653503418
2024-04-29,50.70344924926758
2024-04-30,50.3590202331543
2024-05-01,50.661895751953125
2024-05-02,50.89838790893555
2024-05-03,51.36225128173828
2024-05-06,51.562355041503906
2024-05-07,51.85340881347656
2024-05-08,51.580535888671875
2024-05-09,51.79884338378906
2024-05-10,51.53506851196289
2024-05-13,51.6351318359375
2024-05-14,51.89888381958008
2024-05-15,52.608341217041016
2024-05-16,52.54466247558594
2024-05-17,52.208133697509766
2024-05-20,52.07169723510742
2024-05-21,52.30817794799805
2024-05-22,52.34455871582031
2024-05-23,52.05351257324219
2024-05-24,52.189937591552734
2024-05-28,51.489585876464844
2024-05-29,50.93476867675781
2024-05-30,51.38044357299805
2024-05-31,51.78974533081055
2024-06-03,52.46794891357422
2024-06-04,53.043025970458984
2024-06-05,53.3898811340332
2024-06-06,53.38076400756836
2024-06-07,52.43143844604492
2024-06-10,52.12107849121094
2024-06-11,52.595741271972656
2024-06-12,53.006507873535156
2024-06-13,53.68199157714844
2024-06-14,54.083614349365234
2024-06-17,53.59982681274414
2024-06-18,54.056236267089844
2024-06-20,53.71849060058594
2024-06-21,53.73674774169922
2024-06-24,53.910179138183594
2024-06-25,54.010589599609375
2024-06-26,53.3077392578125
2024-06-27,53.48116683959961
2024-06-28,52.6505241394043
2024-07-01,51.76846694946289
2024-07-02,52.12568664550781
2024-07-03,52.803470611572266
2024-07-05,53.17900466918945
2024-07-08,53.270599365234375
2024-07-09,53.0874137878418
2024-07-10,53.22480010986328
2024-07-11,53.73772048950195
2024-07-12,53.9117546081543
2024-07-15,53.40799331665039
2024-07-16,54.04914093017578
2024-07-17,54.10410690307617
2024-07-18,53.71940231323242
2024-07-19,53.453792572021484
2024-07-22,53.279762268066406
2024-07-23,53.261444091796875
2024-07-24,52.766845703125
2024-07-25,53.13321304321289
2024-07-26,53.527061462402344
2024-07-29,53.76520538330078
2024-07-30,53.948387145996094
2024-07-31,54.50710678100586
2024-08-01,55.01348876953125
2024-08-02,56.55747604370117
2024-08-05,56.851566314697266
2024-08-06,55.675193786621094
2024-08-07,55.234066009521484
2024-08-08,54.93077850341797
2024-08-09,55.45463562011719
2024-08-12,55.64762878417969
2024-08-13,56.01525115966797
2024-08-14,56.327720642089844
2024-08-15,55.849822998046875
2024-08-16,56.033626556396484
2024-08-19,56.28176498413086
2024-08-20,56.713714599609375
2024-08-21,56.75965881347656
2024-08-22,56.235809326171875
2024-08-23,56.56666946411133
2024-08-26,56.4655647277832
2024-08-27,56.364479064941406
2024-08-28,56.290950775146484
2024-08-29,56.10713577270508
2024-08-30,55.601680755615234
2024-09-03,56.42607498168945
2024-09-04,57.043914794921875
2024-09-05,57.33900451660156
2024-09-06,57.38511276245117
2024-09-09,57.587974548339844
2024-09-10,57.97528076171875
2024-09-11,57.91073226928711
2024-09-12,57.68941879272461
2024-09-13,57.83695602416992
2024-09-16,58.307254791259766
2024-09-17,58.05826950073242
2024-09-18,57.43121337890625
2024-09-19,57.27444839477539
2024-09-20,57.13612365722656
2024-09-23,57.02545928955078
2024-09-24,57.053138732910156
2024-09-25,56.58284378051758
2024-09-26,56.68428421020508
2024-09-27,56.96091842651367
2024-09-30,56.74882888793945
2024-10-01,57.1161003112793
2024-10-02,56.69980239868164
2024-10-03,56.227996826171875
2024-10-04,55.53416061401367
2024-10-07,55.1826286315918
2024-10-08,55.2288818359375
2024-10-09,54.92359161376953
2024-10-10,54.72932052612305
2024-10-11,54.581302642822266
2024-10-14,54.553550720214844
2024-10-15,55.191871643066406
2024-10-16,55.358394622802734
2024-10-17,54.59981155395508
2024-10-18,54.655311584472656
2024-10-21,53.785709381103516
2024-10-22,53.8134651184082
2024-10-23,53.65619659423828
2024-10-24,53.94298553466797
2024-10-25,53.69320297241211
2024-10-28,53.52667999267578
2024-10-29,53.58218002319336
2024-10-30,53.69320297241211
2024-10-31,53.77646255493164
2024-11-01,53.07266616821289
2024-11-04,53.80616760253906
2024-11-05,54.038291931152344
2024-11-06,52.78482437133789
2024-11-07,53.36978530883789
2024-11-08,53.96400833129883
2024-11-11,53.75973892211914
2024-11-12,52.99838638305664
2024-11-13,52.62698745727539
2024-11-14,52.886962890625
2024-11-15,52.75697326660156
2024-11-18,52.85911560058594
2024-11-19,53.09122848510742
2024-11-20,52.95195770263672
2024-11-21,52.85911560058594
2024-11-22,52.8962516784668
2024-11-25,54.14043045043945
2024-11-26,53.96400833129883
2024-11-27,54.31684112548828
2024-11-29,54.79966354370117
2024-12-02,54.90962219238281
2024-12-03,54.499568939208984
2024-12-04,55.01213455200195
2024-12-05,55.1053352355957
2024-12-06,55.19852066040039
2024-12-09,54.78846740722656
2024-12-10,54.53684616088867
2024-12-11,54.052242279052734
2024-12-12,53.511722564697266
2024-12-13,53.045745849609375
2024-12-16,53.12963104248047
2024-12-17,53.2135009765625
2024-12-18,52.589107513427734
2024-12-19,51.955387115478516
2024-12-20,52.16041564941406
2024-12-23,51.75968933105469
2024-12-24,51.926185607910156
2024-12-26,51.907474517822266
2024-12-27,51.54265594482422
2024-12-30,51.96360778808594
2024-12-31,51.776519775390625
2025-01-02,51.83264923095703
2025-01-03,51.68297576904297
2025-01-06,51.49589157104492
2025-01-07,50.96268844604492
2025-01-08,51.03752136230469
2025-01-10,50.672706604003906
2025-01-13,50.579166412353516
2025-01-14,50.504329681396484
2025-01-15,51.33686828613281
2025-01-16,51.53330993652344
2025-01-17,51.59878158569336
2025-01-21,52.010379791259766
2025-01-22,51.78587341308594
2025-01-23,51.439762115478516
2025-01-24,51.636199951171875
2025-01-27,52.2629508972168
2025-01-28,52.17875671386719
2025-01-29,52.10392379760742
2025-01-30,52.309715270996094
2025-01-31,52.075862884521484
2025-02-03,52.36410903930664
2025-02-04,52.52373123168945
2025-02-05,53.29364776611328
2025-02-06,53.303043365478516
2025-02-07,52.99319839477539
2025-02-10,52.871131896972656
2025-02-11,52.56129455566406
2025-02-12,51.88525390625
2025-02-13,52.655181884765625
2025-02-14,52.97440719604492
2025-02-18,52.41105651855469
2025-02-19,52.458003997802734
2025-02-20,52.627010345458984
2025-02-21,53.21854019165039
2025-02-24,53.35938262939453
2025-02-25,54.17625427246094
2025-02-26,54.476707458496094
2025-02-27,54.15746307373047
2025-02-28,54.75838088989258
2025-03-03,55.040035247802734
2025-03-04,54.465431213378906
2025-03-05,54.013275146484375
2025-03-06,53.87197494506836
2025-03-07,53.71183776855469
2025-03-10,54.25819396972656
2025-03-11,53.900230407714844
2025-03-12,53.58938217163086
2025-03-13,54.02269744873047
2025-03-14,53.74952697753906
2025-03-17,53.956756591796875
2025-03-18,54.05095291137695
2025-03-19,54.267608642578125
2025-03-20,54.380645751953125
2025-03-21,54.098052978515625
2025-03-24,53.55170440673828
2025-03-25,53.60822677612305
2025-03-26,53.28794860839844
2025-03-27,53.12781524658203
2025-03-28,53.8531379699707
2025-03-31,54.267608642578125
2025-04-01,54.68359375
2025-04-02,54.636322021484375
2025-04-03,55.01449203491211
2025-04-04,55.50612258911133
2025-04-07,53.946163177490234
2025-04-08,53.0196418762207
2025-04-09,53.189815521240234
2025-04-10,51.99858093261719
2025-04-11,52.121482849121094
2025-04-14,52.5374755859375
2025-04-15,52.7076530456543
2025-04-16,53.01019287109375
2025-04-17,52.584747314453125
2025-04-21,51.72439956665039
2025-04-22,52.00803756713867
2025-04-23,52.48074722290039
2025-04-24,52.98182678222656
2025-04-25,53.33163070678711
2025-04-28,53.624717712402344
2025-04-29,54.040706634521484
2025-04-30,53.7381706237793
2025-05-01,53.4174690246582
2025-05-02,52.88615036010742
2025-05-05,52.639461517333984
2025-05-06,52.77228927612305
2025-05-07,53.0
2025-05-08,52.440208435058594
2025-05-09,52.52560043334961
2025-05-12,52.06068420410156
2025-05-13,51.84246826171875
2025-05-14,51.54833221435547
2025-05-15,51.99427795410156
2025-05-16,52.08915328979492
2025-05-19,51.93734359741211
2025-05-20,51.59577560424805
2025-05-21,50.79878616333008
2025-05-22,51.05496597290039
2025-05-23,51.17829895019531
2025-05-27,51.814002990722656
2025-05-28,51.57680130004883
2025-05-29,52.013248443603516
2025-05-30,52.15556716918945
2025-06-02,51.679344177246094
2025-06-03,51.612674713134766
2025-06-04,52.403202056884766
2025-06-05,52.403202056884766
2025-06-06,51.76506042480469
2025-06-09,51.83173370361328
2025-06-10,52.05080032348633
2025-06-11,52.24128341674805
2025-06-12,52.82227325439453
2025-06-13,52.327003479003906
2025-06-16,51.89840316772461
2025-06-17,52.46986770629883
2025-06-18,52.52701950073242
2025-06-20,52.46035385131836
2025-06-23,52.66035461425781
2025-06-24,53.00324249267578
2025-06-25,53.03181457519531
2025-06-26,53.26039505004883
2025-06-27,52.965145111083984
2025-06-30,53.45087432861328
2025-07-01,53.51205825805664
2025-07-02,53.2061653137207
2025-07-03,52.919395446777344
2025-07-07,52.44143295288086
2025-07-08,52.36495590209961
2025-07-09,52.87160110473633
2025-07-10,52.919395446777344
2025-07-11,52.25025177001953
2025-07-14,52.17377853393555
2025-07-15,51.82008743286133
2025-07-16,51.91568374633789
2025-07-17,51.89656448364258
2025-07-18,52.01128005981445
2025-07-21,52.422325134277344
2025-07-22,52.70909881591797
2025-07-23,52.44143295288086
2025-07-24,52.37451934814453
2025-07-25,52.6517448425293
2025-07-28,52.37451934814453
2025-07-29,53.16793441772461
2025-07-30,52.88115692138672
2025-07-31,52.967193603515625
2025-08-01,53.666690826416016
2025-08-04,53.801029205322266
2025-08-05,53.94496154785156
2025-08-06,53.6570930480957
2025-08-07,53.589927673339844
2025-08-08,53.388423919677734
2025-08-11,53.44599533081055
2025-08-12,53.1965217590332
2025-08-13,53.60912322998047
2025-08-14,53.234901428222656
2025-08-15,52.90865707397461
2025-08-18,52.78392028808594
2025-08-19,53.06217956542969
2025-08-20,53.148536682128906
2025-08-21,52.89906692504883
2025-08-22,53.28288269042969
2025-08-25,53.16773223876953
2025-08-26,53.158138275146484
2025-08-27,53.119754791259766
2025-08-28,53.42680740356445
2025-08-29,53.148536682128906
2025-09-02,52.79408264160156
2025-09-03,53.294952392578125
2025-09-04,53.64170837402344
2025-09-05,54.37376022338867
2025-09-08,54.98058319091797
2025-09-09,54.73014831542969
2025-09-10,55.009483337402344
2025-09-11,55.2984504699707
2025-09-12,55.076908111572266
2025-09-15,55.22138977050781
2025-09-16,55.2984504699707
2025-09-17,55.17322540283203
2025-09-18,54.681983947753906
2025-09-19,54.59529495239258
2025-09-22,54.421913146972656
2025-09-23,54.7783088684082
2025-09-24,54.58566665649414
2025-09-25,54.547142028808594
2025-09-26,54.479713439941406
2025-09-29,54.88426208496094
2025-09-30,54.7686767578125
2025-10-01,54.901123046875
2025-10-02,55.05579376220703
2025-10-03,54.93012237548828
2025-10-06,54.56275939941406
2025-10-07,54.852787017822266
2025-10-08,54.89145278930664
2025-10-09,54.843116760253906
2025-10-10,55.61650848388672
2025-10-13,55.58750534057617
2025-10-14,55.780853271484375
2025-10-15,55.655174255371094
2025-10-16,56.06121063232422
2025-10-17,55.93553161621094
2025-10-20,56.14822006225586
2025-10-21,56.399574279785156
2025-10-22,56.43824005126953
2025-10-23,56.099876403808594
2025-10-24,56.10954666137695
2025-10-27,56.28356170654297
2025-10-28,56.399574279785156
2025-10-29,55.87752914428711
2025-10-30,55.61650848388672
2025-10-31,55.481163024902344
2025-11-03,55.357933044433594
2025-11-04,55.47437286376953
2025-11-05,54.90187454223633
2025-11-06,55.38704299926758
2025-11-07,55.28030776977539
2025-11-10,55.25119400024414
2025-11-11,55.49378204345703
2025-11-12,55.59081268310547
2025-11-13,55.202674865722656
2025-11-14,54.92127990722656
2025-11-17,55.06683349609375
2025-11-18,55.02801513671875
2025-11-19,54.96979904174805
2025-11-20,55.16386413574219
2025-11-21,55.29970932006836
2025-11-24,55.57140350341797
2025-11-25,55.755767822265625
2025-11-26,55.94983673095703
2025-11-28,55.69755172729492
2025-12-01,55.06847381591797
2025-12-02,55.11716842651367
2025-12-03,55.25349807739258
2025-12-04,54.980831146240234
2025-12-05,54.74712371826172
2025-12-08,54.56209945678711
2025-12-09,54.591312408447266
2025-12-10,54.805545806884766
2025-12-11,54.766597747802734
2025-12-12,54.299171447753906
2025-12-15,54.35760498046875
2025-12-16,54.63026428222656
2025-12-17,54.581573486328125
2025-12-18,54.81032180786133
2025-12-19,54.59525680541992
2025-12-22,54.5366096496582
2025-12-23,54.60504150390625
2025-12-24,54.888519287109375
2025-12-26,54.790767669677734
2025-12-29,54.95695114135742
2025-12-30,54.87874221801758
2025-12-31,54.54637908935547
2026-01-02,54.43885040283203
2026-01-05,54.6734619140625
2026-01-06,54.585487365722656
2026-01-07,54.87874221801758
2026-01-08,54.60504150390625
2026-01-09,54.9080696105957
2026-01-12,54.771217346191406
2026-01-13,54.84941864013672
2026-01-14,55.162235260009766
2026-01-15,55.13290786743164
2026-01-16,54.81032180786133
2026-01-20,54.17491912841797
2026-01-21,54.54637908935547
2026-01-22,54.74189376831055
2026-01-23,54.84941864013672
2026-01-26,55.09379959106445
2026-01-27,54.81032180786133
2026-01-28,54.69301223754883
2026-01-29,54.71256637573242
2026-01-30,54.47795867919922
2026-02-02,54.34547805786133
2026-02-03,54.43380355834961
2026-02-04,54.3160400390625
2026-02-05,54.865577697753906
2026-02-06,54.875389099121094
2026-02-09,54.895015716552734
2026-02-10,55.444557189941406
2026-02-11,55.179603576660156
2026-02-12,55.83708953857422
2026-02-13,56.111854553222656
2026-02-17,56.21979904174805
2026-02-18,56.023536682128906
2026-02-19,56.092227935791016
2026-02-20,55.984283447265625
2026-02-23,56.19035720825195
2026-02-24,56.249237060546875
2026-02-25,56.249237060546875
2026-02-26,56.46513366699219
2026-02-27,56.759525299072266
2026-03-02,56.254478454589844
2026-03-03,56.146183013916016
2026-03-04,55.9886589050293
2026-03-05,55.752384185791016
2026-03-06,55.57516860961914
2026-03-09,55.97881317138672
2026-03-10,55.47671890258789
2026-03-11,54.8367919921875
2026-03-12,54.68911361694336
2026-03-13,54.43314743041992
2026-03-16,54.8367919921875
2026-03-17,55.01400375366211
2026-03-18,54.68911361694336
2026-03-19,54.954933166503906
2026-03-20,53.93104934692383
2026-03-23,54.265777587890625
2026-03-24,54.0491943359375
2026-03-25,54.531593322753906
2026-03-26,54.088565826416016
2026-03-27,53.852294921875
2026-03-30,54.511905670166016
2026-03-31,54.5020637512207
2026-04-01,54.468448638916016
2026-04-02,54.735355377197266
2026-04-06,54.66615676879883
2026-04-07,54.66615676879883
2026-04-08,54.86386489868164
2026-04-09,54.7650146484375
2026-04-10,54.62662124633789
2026-04-13,54.79467010498047
2026-04-14,55.07146072387695
2026-04-15,54.853981018066406
2026-04-16,54.55742263793945
2026-04-17,55.01215362548828
2026-04-20,55.00226593017578
2026-04-21,54.68593215942383
2026-04-22,54.80455780029297
2026-04-23,54.68593215942383
2026-04-24,54.79467010498047
2026-04-27,54.54753494262695
2026-04-28,54.58707809448242
2026-04-29,54.16200637817383
2026-04-30,54.142234802246094
2026-05-01,54.31093215942383
2026-05-04,53.94376754760742
2026-05-05,54.19185256958008
2026-05-06,54.60863494873047
2026-05-07,54.37047576904297
2026-05-08,54.59871292114258
2026-05-11,54.30101013183594
2026-05-12,53.9636116027832
2026-05-13,53.864376068115234
2026-05-14,53.92391586303711
2026-05-15,53.16973876953125
2026-05-18,53.110198974609375
2026-05-19,52.78272247314453
2026-05-20,53.31858825683594
2026-05-21,53.49720764160156
2026-05-22,53.71552658081055
2026-05-26,54.02315139770508
2026-05-27,54.13230895996094
2026-05-28,54.39031982421875
2026-05-29,54.42008972167969
2026-06-01,54.41411209106445
2026-06-02,54.54362106323242
2026-06-03,54.3244514465332
2026-06-04,54.45396041870117
2026-06-05,54.13516616821289
2026-06-08,53.91599655151367
2026-06-09,54.18497848510742
2026-06-10,54.04550552368164
2026-06-11,54.71297836303711
2026-06-12,54.56354904174805
2026-06-15,54.573509216308594
2026-06-16,54.842491149902344
2026-06-17,54.8325309753418
2026-06-18,55.10151290893555
2026-06-22,54.732906341552734
2026-06-23,54.81260681152344
2026-06-24,55.500003814697266
2026-06-25,55.470115661621094
2026-06-26,55.50996780395508
2026-06-29,55.569740295410156
2026-06-30,54.97200012207031
2026-07-01,54.65999984741211
2026-07-02,54.689998626708984
2026-07-06,54.630001068115234
2026-07-07,54.099998474121094
2026-07-08,53.959999084472656
2026-07-09,54.04999923706055
2026-07-10,54.04999923706055
2026-07-13,53.7400016784668
