date,adj close
1996-04-29,14.104328947074977
1996-04-30,14.098147787623896
1996-05-01,14.086391255393183
1996-05-02,13.960611857067702
1996-05-03,13.921511767658265
1996-05-06,13.905721150584332
1996-05-07,13.858344293173163
1996-05-08,13.906464210039738
1996-05-09,13.92565630199531
1996-05-10,13.99474298708552
1996-05-13,14.080874015418516
1996-05-14,14.139203454234377
1996-05-15,14.177118152381322
1996-05-16,14.175547937803639
1996-05-17,14.237014597957124
1996-05-20,14.271621633055965
1996-05-21,14.27325172535146
1996-05-22,14.306051035370388
1996-05-23,14.261820264474066
1996-05-24,14.267820297711165
1996-05-28,14.197669519654463
1996-05-29,14.157073012127523
1996-05-30,14.224797282294091
1996-05-31,14.24870055787167
1996-06-03,14.185633563139966
1996-06-04,14.243815316187986
1996-06-05,14.311287983975408
1996-06-06,14.25034831604685
1996-06-07,14.191831907026506
1996-06-10,14.193499815221159
1996-06-11,14.190464313466071
1996-06-12,14.211145830000854
1996-06-13,14.174933747984108
1996-06-14,14.184616131695307
1996-06-17,14.17041448275608
1996-06-18,14.157581586315615
1996-06-19,14.141802206108098
1996-06-20,14.110253036723218
1996-06-21,14.151715780524833
1996-06-24,14.189516891912769
1996-06-25,14.167449263960046
1996-06-26,14.113167611799222
1996-06-27,14.148664423369683
1996-06-28,14.215199950773076
1996-07-01,14.27094563338002
1996-07-02,14.233054184775066
1996-07-03,14.196704384857057
1996-07-05,14.016243367300573
1996-07-08,13.891636056159905
1996-07-09,13.946758689318132
1996-07-10,13.918482956005983
1996-07-11,13.773408683440735
1996-07-12,13.717792477860469
1996-07-15,13.495928305571006
1996-07-16,13.420282287977264
1996-07-17,13.546739830070914
1996-07-18,13.698384282511388
1996-07-19,13.665516348903834
1996-07-22,13.536166261473042
1996-07-23,13.440883579291697
1996-07-24,13.323480291664572
1996-07-25,13.429504911300295
1996-07-26,13.497130898866589
1996-07-29,13.43800671601413
1996-07-30,13.470414648772614
1996-07-31,13.579171156364088
1996-08-01,13.738123391644901
1996-08-02,13.913172290693698
1996-08-05,13.920704203198309
1996-08-06,13.894665884734751
1996-08-07,13.89809703785095
1996-08-08,13.901231582928997
1996-08-09,13.863323458955714
1996-08-12,13.924984601597334
1996-08-13,13.882226979982047
1996-08-14,13.909344248295273
1996-08-15,13.918850467204612
1996-08-16,13.9473880624097
1996-08-19,13.969495399514912
1996-08-20,13.978914242254438
1996-08-21,14.000849092083376
1996-08-22,14.084949598962694
1996-08-23,14.062717562675067
1996-08-26,14.021565625107367
1996-08-27,14.061218001858784
1996-08-28,14.042370722713244
1996-08-29,13.93172821780793
1996-08-30,13.847941586272508
1996-09-03,13.805694614759629
1996-09-04,13.851511456113432
1996-09-05,13.792929523493804
1996-09-06,13.845688289751632
1996-09-09,13.940540122166976
1996-09-10,13.945273608019985
1996-09-11,13.964086435756428
1996-09-12,14.028648438666988
1996-09-13,14.178450476472277
1996-09-16,14.247988791498303
1996-09-17,14.28168875282426
1996-09-18,14.269236296513673
1996-09-19,14.294452869211343
1996-09-20,14.313033123326596
1996-09-23,14.278061206358238
1996-09-24,14.27977324154116
1996-09-25,14.345106935034286
1996-09-26,14.359265943187468
1996-09-27,14.38147640362684
1996-09-30,14.41478087759948
1996-10-01,14.432257187943643
1996-10-02,14.508073827146205
1996-10-03,14.47781188522311
1996-10-04,14.556171266343963
1996-10-07,14.576663968327244
1996-10-08,14.537438492573132
1996-10-09,14.474196447828222
1996-10-10,14.442572018623888
1996-10-11,14.50999351108216
1996-10-14,14.568548683341595
1996-10-15,14.597908294523753
1996-10-16,14.594434785950822
1996-10-17,14.617865316622403
1996-10-18,14.684635773626166
1996-10-21,14.646582581340615
1996-10-22,14.569286931186362
1996-10-23,14.543555185809844
1996-10-24,14.493213880067653
1996-10-25,14.453405267915347
1996-10-28,14.400144156880256
1996-10-29,14.41717039787895
1996-10-30,14.412483697222635
1996-10-31,14.451140389820667
1996-11-01,14.454743492657045
1996-11-04,14.484580538506927
1996-11-05,14.561088052056574
1996-11-06,14.731216764699356
1996-11-07,14.787897125341248
1996-11-08,14.854849507642104
1996-11-11,14.87528419621154
1996-11-12,14.88740334660952
1996-11-13,14.888381319692375
1996-11-14,14.972028037503714
1996-11-15,15.013865157983437
1996-11-18,14.998064055011335
1996-11-19,15.064074938260307
1996-11-20,15.119841061362736
1996-11-21,15.101231082294422
1996-11-22,15.185890356269748
1996-11-25,15.267635752052126
1996-11-26,15.255696949991668
1996-11-27,15.23417980638079
1996-11-29,15.237613346167796
1996-12-02,15.202771354566174
1996-12-03,15.121251256489138
1996-12-04,15.080473793863675
1996-12-05,15.128535330248706
1996-12-06,14.937425469885433
1996-12-09,15.085274691912172
1996-12-10,15.113377578581655
1996-12-11,14.9824948856947
1996-12-12,14.835193320820755
1996-12-13,14.759584821976123
1996-12-16,14.718315446175586
1996-12-17,14.76004759798693
1996-12-18,14.818265833867246
1996-12-19,14.925562966171054
1996-12-20,15.008476799347577
1996-12-23,14.998601674269555
1996-12-24,14.98942533974552
1996-12-26,15.060132890079757
1996-12-27,15.10446319954985
1996-12-30,15.113094575336603
1996-12-31,15.061059438601756
1997-01-02,14.938285295272923
1997-01-03,15.061351410626383
1997-01-06,15.106444539526812
1997-01-07,15.146587837658474
1997-01-08,15.096113541242067
1997-01-09,15.095437941169015
1997-01-10,15.052764010659756
1997-01-13,15.128481600095196
1997-01-14,15.254176756316138
1997-01-15,15.263388308395118
1997-01-16,15.325042248236775
1997-01-17,15.368640206672657
1997-01-20,15.318115188313715
1997-01-21,15.333362683567781
1997-01-22,15.404256196931893
1997-01-23,15.32962094782556
1997-01-24,15.199627683298509
1997-01-27,15.078422999653576
1997-01-28,15.069085886836552
1997-01-29,15.134804947807078
1997-01-30,15.2340117687625
1997-01-31,15.345032070245143
1997-02-03,15.335587635875893
1997-02-04,15.365542012710996
1997-02-05,15.250506069455486
1997-02-06,15.266209579110939
1997-02-07,15.338177157834028
1997-02-10,15.372655752280457
1997-02-11,15.374538315719057
1997-02-12,15.526442278843524
1997-02-13,15.63032130917161
1997-02-14,15.6290092514826
1997-02-18,15.663833531167656
1997-02-19,15.641500776388268
1997-02-20,15.606484070492337
1997-02-21,15.609313368360565
1997-02-24,15.711865972447422
1997-02-25,15.773734339944419
1997-02-26,15.661818516204287
1997-02-27,15.562338876705889
1997-02-28,15.46404721749607
1997-03-03,15.463510921178004
1997-03-04,15.461743447542071
1997-03-05,15.554542539721359
1997-03-06,15.532004811722533
1997-03-07,15.597631499101185
1997-03-10,15.730017652139436
1997-03-11,15.728491018094724
1997-03-12,15.598136250124687
1997-03-13,15.407123416259113
1997-03-14,15.445737161404965
1997-03-17,15.399520678842274
1997-03-18,15.350358041896591
1997-03-19,15.321362038131022
1997-03-20,15.213463656081395
1997-03-21,15.282579728167264
1997-03-24,15.284276064428438
1997-03-25,15.342323056020776
1997-03-26,15.413556498255588
1997-03-27,15.281212923698906
1997-03-31,15.078244511650757
1997-04-01,14.982339284515259
1997-04-02,14.898914881104421
1997-04-03,14.865117487540196
1997-04-04,14.932951682732424
1997-04-07,14.970190670631279
1997-04-08,15.032095364932832
1997-04-09,14.972505312654267
1997-04-10,14.919765870534519
1997-04-11,14.697128186673666
1997-04-14,14.689234325808787
1997-04-15,14.840708956442931
1997-04-16,14.95767017574577
1997-04-17,14.969034389747785
1997-04-18,15.035476267790722
1997-04-21,15.018622723267447
1997-04-22,15.125954153177094
1997-04-23,15.171530870767103
1997-04-24,15.148402580860933
1997-04-25,15.033523169744326
1997-04-28,15.082727818637505
1997-04-29,15.326696085499998
1997-04-30,15.466572287209729
1997-05-01,15.5057103663805
1997-05-02,15.703094725028599
1997-05-05,15.924702759207218
1997-05-06,16.037369214374966
1997-05-07,15.934528790393184
1997-05-08,16.001097633396142
1997-05-09,16.104237563724897
1997-05-12,16.319827707183226
1997-05-13,16.31040492979969
1997-05-14,16.363205325210888
1997-05-15,16.432265967717072
1997-05-16,16.38559503748771
1997-05-19,16.379627921895516
1997-05-20,16.50596684143609
1997-05-21,16.501340174680468
1997-05-22,16.42374632329681
1997-05-23,16.582354206155387
1997-05-27,16.59406318609835
1997-05-28,16.61235343127966
1997-05-29,16.575631014960365
1997-05-30,16.530392952396834
1997-06-02,16.58575344495329
1997-06-03,16.592677583836984
1997-06-04,16.565117809063853
1997-06-05,16.633954349076276
1997-06-06,16.794826145714772
1997-06-09,16.923375020757028
1997-06-10,16.93714608813971
1997-06-11,17.008249993103263
1997-06-12,17.12989398871044
1997-06-13,17.228034120687916
1997-06-16,17.295266914219248
1997-06-17,17.260382162798102
1997-06-18,17.231005470743096
1997-06-19,17.3567919094814
1997-06-20,17.359212968648226
1997-06-23,17.19349185209546
1997-06-24,17.358540245147868
1997-06-25,17.412628907740796
1997-06-26,17.375601857005506
1997-06-27,17.367201396905152
1997-06-30,17.332755996067934
1997-07-01,17.420102185023573
1997-07-02,17.555669259116115
1997-07-03,17.76709235808272
1997-07-07,17.737398743247443
1997-07-08,17.796965898150496
1997-07-09,17.69866587064768
1997-07-10,17.75136265562875
1997-07-11,17.792496989947097
1997-07-14,17.84073884114407
1997-07-15,17.84415319834343
1997-07-16,18.048629038932475
1997-07-17,18.005832148925364
1997-07-18,17.776570976370678
1997-07-21,17.681898400161092
1997-07-22,17.92157210661607
1997-07-23,18.02817428854818
1997-07-24,18.02719329715642
1997-07-25,18.00857758306765
1997-07-28,17.97191756283755
1997-07-29,18.033088293761317
1997-07-30,18.155239716971224
1997-07-31,18.191866244448846
1997-08-01,18.045635725161016
1997-08-04,17.984158694525924
1997-08-05,17.969314555183907
1997-08-06,18.138475253382545
1997-08-07,18.084852934013345
1997-08-08,17.93562305265211
1997-08-11,17.847205262762515
1997-08-12,17.776735187479304
1997-08-13,17.728506182012055
1997-08-14,17.691410695042492
1997-08-15,17.476346358656322
1997-08-18,17.469824900565968
1997-08-19,17.61789779651125
1997-08-20,17.808606988183247
1997-08-21,17.699250900888803
1997-08-22,17.569364763133823
1997-08-25,17.531623972244347
1997-08-26,17.46689380447079
1997-08-27,17.438578827976997
1997-08-28,17.264900626893606
1997-08-29,17.11657028178982
1997-09-02,17.353019339764206
1997-09-03,17.496525688444557
1997-09-04,17.51230779000729
1997-09-05,17.608319378408634
1997-09-08,17.65359315313665
1997-09-09,17.728237751270726
1997-09-10,17.53681088340565
1997-09-11,17.35246458619717
1997-09-12,17.46577856104673
1997-09-15,17.491670950359264
1997-09-16,17.719728216118536
1997-09-17,17.760169824093154
1997-09-18,17.81708444907508
1997-09-19,17.86222592293343
1997-09-22,17.928977538660707
1997-09-23,17.913687540088386
1997-09-24,17.98682857000907
1997-09-25,17.937216092710447
1997-09-26,17.995823162919418
1997-09-29,18.084960814916677
1997-09-30,18.089885325794675
1997-10-01,18.177682231797014
1997-10-02,18.238996013916786
1997-10-03,18.316537326684237
1997-10-06,18.390732176604487
1997-10-07,18.470334906815047
1997-10-08,18.41280785155272
1997-10-09,18.306398489869462
1997-10-10,18.272976243536352
1997-10-13,18.300863424021156
1997-10-14,18.287190997339707
1997-10-15,18.237666699839398
1997-10-16,18.193395627784753
1997-10-17,17.9517426501535
1997-10-20,17.976572341411384
1997-10-21,18.170619395048377
1997-10-22,18.099669307246817
1997-10-23,17.64374883304343
1997-10-24,17.551866841957725
1997-10-27,16.69793543882159
1997-10-28,16.808722795828047
1997-10-29,17.134552638282084
1997-10-30,16.848289008136437
1997-10-31,17.027810213168994
1997-11-03,17.379189316013758
1997-11-04,17.408111689289488
1997-11-05,17.43881832396374
1997-11-06,17.346182723824473
1997-11-07,17.02402588863683
1997-11-10,16.946741793900152
1997-11-11,16.958668148004985
1997-11-12,16.611750183936344
1997-11-13,16.6877127233192
1997-11-14,16.77023346803599
1997-11-17,17.207245141705144
1997-11-18,17.182272069568455
1997-11-19,17.07417347895131
1997-11-20,17.301656695457424
1997-11-21,17.467173340070676
1997-11-24,17.222030867775793
1997-11-25,17.093883144257827
1997-11-26,17.14602452980632
1997-11-28,17.249751791325558
1997-12-01,17.51499015413849
1997-12-02,17.54042170439149
1997-12-03,17.56748254861948
1997-12-04,17.574167936374266
1997-12-05,17.670574736846472
1997-12-08,17.69457012182848
1997-12-09,17.63141501240821
1997-12-10,17.509274049646127
1997-12-11,17.171607373412222
1997-12-12,17.11890996773038
1997-12-15,17.18577184087749
1997-12-16,17.291155401864202
1997-12-17,17.451225632225057
1997-12-18,17.319208915108483
1997-12-19,17.058742288833017
1997-12-22,17.027462722263426
1997-12-23,16.96926167356346
1997-12-24,16.91809748597881
1997-12-26,16.960050375885356
1997-12-29,17.240545937585843
1997-12-30,17.47837720503318
1997-12-31,17.487426530929568
1998-01-02,17.517165783368185
1998-01-05,17.530392133431906
1998-01-06,17.348720873622472
1998-01-07,17.282823105358904
1998-01-08,17.134562212966724
1998-01-09,16.727036672497487
1998-01-12,16.57262836761323
1998-01-13,16.84462282862038
1998-01-14,17.02094293755932
1998-01-15,16.962340571224573
1998-01-16,17.272737009500208
1998-01-20,17.53364313904334
1998-01-21,17.501916934835407
1998-01-22,17.42088237452232
1998-01-23,17.42120701159697
1998-01-26,17.466090929559016
1998-01-27,17.623689453218354
1998-01-28,17.754332697160287
1998-01-29,17.81974441952557
1998-01-30,17.77323649531676
1998-02-02,18.127530083221504
1998-02-03,18.262030889963036
1998-02-04,18.30356853512481
1998-02-05,18.392624299917184
1998-02-06,18.48620933473921
1998-02-09,18.454125608885356
1998-02-10,18.58742725739459
1998-02-11,18.620345129460183
1998-02-12,18.592209563907172
1998-02-13,18.468331463210333
1998-02-17,18.55672922285918
1998-02-18,18.669737102698033
1998-02-19,18.624615724338298
1998-02-20,18.671031901287044
1998-02-23,18.757645743946846
1998-02-24,18.621619735496868
1998-02-25,18.82841851529453
1998-02-26,18.951637729099712
1998-02-27,19.04310543430377
1998-03-02,19.168530046959113
1998-03-03,19.171860808681938
1998-03-04,19.035425875157078
1998-03-05,18.785564467650143
1998-03-06,19.093218068749174
1998-03-09,19.086466262079824
1998-03-10,19.225883111823716
1998-03-11,19.249073745998345
1998-03-12,19.270360223225634
1998-03-13,19.413288891014588
1998-03-16,19.480349104887345
1998-03-17,19.560404493890967
1998-03-18,19.548414158383302
1998-03-19,19.646730659000298
1998-03-20,19.75466585123812
1998-03-23,19.768409498562157
1998-03-24,19.886184195756773
1998-03-25,19.932213379778336
1998-03-26,19.94375850921888
1998-03-27,19.90288400009349
1998-03-30,19.747304881367526
1998-03-31,19.852524644744012
1998-04-01,19.949100470311073
1998-04-02,20.01106288270017
1998-04-03,20.02850043476667
1998-04-06,20.10301628618124
1998-04-07,19.992029505251363
1998-04-08,19.96800423585498
1998-04-09,20.176846339384173
1998-04-13,20.16109777106321
1998-04-14,20.321103744129204
1998-04-15,20.384324373625482
1998-04-16,20.119652410309214
1998-04-17,20.196652143903137
1998-04-20,20.27765473818159
1998-04-21,20.35168358864461
1998-04-22,20.345479627728324
1998-04-23,20.13820875861517
1998-04-24,19.999595742264173
1998-04-27,19.537801231987647
1998-04-28,19.614992871901016
1998-04-29,19.721338497272523
1998-04-30,20.022941190853157
1998-05-01,20.16361918019864
1998-05-04,20.27226668178866
1998-05-05,20.176224071209038
1998-05-06,20.03856059844917
1998-05-07,19.841759170478426
1998-05-08,19.981276164337505
1998-05-11,20.043427162398267
1998-05-12,20.01633727575055
1998-05-13,20.030205163352104
1998-05-14,19.997157552650126
1998-05-15,19.908293119806373
1998-05-18,19.705939609052642
1998-05-19,19.84065654606898
1998-05-20,20.000158935590193
1998-05-21,20.04960729477511
1998-05-22,20.001728708796065
1998-05-26,19.830275208219852
1998-05-27,19.59092112534715
1998-05-28,19.639521583520903
1998-05-29,19.59242889719596
1998-06-01,19.467173380490046
1998-06-02,19.552309338226237
1998-06-03,19.534494784875537
1998-06-04,19.646635570712796
1998-06-05,19.8329092259161
1998-06-08,19.891001329553472
1998-06-09,19.90068326616864
1998-06-10,19.68000795896646
1998-06-11,19.349885535575236
1998-06-12,19.254068821110764
1998-06-15,18.844740635983996
1998-06-16,19.039344185181825
1998-06-17,19.488338287461495
1998-06-18,19.539782108153258
1998-06-19,19.481206282965953
1998-06-22,19.407333753779138
1998-06-23,19.579481748940708
1998-06-24,19.71349985161938
1998-06-25,19.774121504180737
1998-06-26,19.763075077339995
1998-06-29,19.87931646227961
1998-06-30,19.952198334895208
1998-07-01,20.204477211188124
1998-07-02,20.187533818112943
1998-07-06,20.341587435780692
1998-07-07,20.368978817668904
1998-07-08,20.478968636514782
1998-07-09,20.326783102506013
1998-07-10,20.303687278188455
1998-07-13,20.414267124582075
1998-07-14,20.645213580235026
1998-07-15,20.68530820680625
1998-07-16,20.810115647135145
1998-07-17,20.9243668559021
1998-07-20,20.97166701850282
1998-07-21,20.708467983745592
1998-07-22,20.494389979284545
1998-07-23,20.200323865236086
1998-07-24,20.20716761431358
1998-07-27,20.057563802689682
1998-07-28,19.908095578530126
1998-07-29,19.82906489776756
1998-07-30,20.06360112917394
1998-07-31,19.802143726738038
1998-08-03,19.544862547036008
1998-08-04,19.12444774821284
1998-08-05,19.077739546932676
1998-08-06,19.09084177166239
1998-08-07,19.17838109417049
1998-08-10,18.949392878488087
1998-08-11,18.53319109030734
1998-08-12,18.782879355366532
1998-08-13,18.616853268080664
1998-08-14,18.548778396288014
1998-08-17,18.67689580487137
1998-08-18,19.041446158530444
1998-08-19,19.085162989793908
1998-08-20,18.96881208458265
1998-08-21,18.54226291136085
1998-08-24,18.604586950697005
1998-08-25,18.728375808243833
1998-08-26,18.418575632099166
1998-08-27,17.758074379149903
1998-08-28,17.5413583026237
1998-08-31,16.89733403693912
1998-09-01,17.25112450951492
1998-09-02,17.395180627823294
1998-09-03,17.24829608465476
1998-09-04,17.171149177235456
1998-09-08,17.958485860563034
1998-09-09,17.635189766673985
1998-09-10,17.230466885547678
1998-09-11,17.447582493670804
1998-09-14,17.78441680637064
1998-09-15,17.884874286905788
1998-09-16,17.998542297074867
1998-09-17,17.575023840803777
1998-09-18,17.50854492449231
1998-09-21,17.296553010111793
1998-09-22,17.491912303934797
1998-09-23,17.949547153895562
1998-09-24,17.79662178787411
1998-09-25,17.698141216246047
1998-09-28,17.810317886628283
1998-09-29,17.81021052165081
1998-09-30,17.35643418130068
1998-10-01,16.811083028331474
1998-10-02,16.829858771868235
1998-10-05,16.513491847227797
1998-10-06,16.70643003069424
1998-10-07,16.81673366107272
1998-10-08,16.41791804619541
1998-10-09,16.77497605400631
1998-10-12,17.231524607196178
1998-10-13,17.187719874092753
1998-10-14,17.360230857548462
1998-10-15,17.864811095986372
1998-10-16,18.18988179637525
1998-10-19,18.280166816391635
1998-10-20,18.467500625087073
1998-10-21,18.47560616560913
1998-10-22,18.569969015889956
1998-10-23,18.4939990258618
1998-10-26,18.492205593293008
1998-10-27,18.534016689387542
1998-10-28,18.45973316484652
1998-10-29,18.702807515460005
1998-10-30,18.931782363338897
1998-11-02,19.308114636555498
1998-11-03,19.259216698119793
1998-11-04,19.527231822840186
1998-11-05,19.588433260088053
1998-11-06,19.628094421422947
1998-11-09,19.351014899090266
1998-11-10,19.23929940337525
1998-11-11,19.292382447962297
1998-11-12,19.119598788139513
1998-11-13,19.240244951010265
1998-11-16,19.5510088755631
1998-11-17,19.535965231794314
1998-11-18,19.61547075515013
1998-11-19,19.802154422865303
1998-11-20,20.009519917074787
1998-11-23,20.311696349983613
1998-11-24,20.281661811158017
1998-11-25,20.270984790154003
1998-11-27,20.445120577980823
1998-11-30,20.03555736719895
1998-12-01,19.94545118923432
1998-12-02,19.928631889191056
1998-12-03,19.78991232979723
1998-12-04,20.0219508070849
1998-12-07,20.122630659895563
1998-12-08,20.109935231159515
1998-12-09,20.22186752820846
1998-12-10,20.049204411426636
1998-12-11,19.930652724009647
1998-12-14,19.65357819628842
1998-12-15,19.836212260349548
1998-12-16,19.89780866962787
1998-12-17,20.132292294321328
1998-12-18,20.24932861396002
1998-12-21,20.520279253980807
1998-12-22,20.470468029092256
1998-12-23,20.806548518157015
1998-12-24,20.76511910881096
1998-12-28,20.848437912989038
1998-12-29,21.047114978981046
1998-12-30,20.949909781792126
1998-12-31,21.047115369756224
1999-01-04,21.2206579456424
1999-01-05,21.415447256066845
1999-01-06,21.817383076208728
1999-01-07,21.754178848343745
1999-01-08,21.758651029826783
1999-01-11,21.61483632915162
1999-01-12,21.251518382231357
1999-01-13,20.933928279937767
1999-01-14,20.776150048356232
1999-01-15,21.101079753733817
1999-01-19,21.343065630586484
1999-01-20,21.466209797475404
1999-01-21,21.196098674004404
1999-01-22,20.90905550135682
1999-01-25,20.980509733324737
1999-01-26,21.173966565440097
1999-01-27,21.077738870659665
1999-01-28,21.26607418832035
1999-01-29,21.412816145165262
1999-02-01,21.46254758602341
1999-02-02,21.40103980566306
1999-02-03,21.394750417331487
1999-02-04,21.14004001123637
1999-02-05,20.97110058027168
1999-02-08,20.93188392469105
1999-02-09,20.548572774968385
1999-02-10,20.517863538819157
1999-02-11,20.895875566597294
1999-02-12,20.754672640527946
1999-02-16,20.8044365581003
1999-02-17,20.57734186917983
1999-02-18,20.67331305883342
1999-02-19,20.659413355664316
1999-02-22,21.002710015271873
1999-02-23,21.059186493860246
1999-02-24,20.97134340123096
1999-02-25,20.883249044634717
1999-02-26,20.773242406842737
1999-03-01,20.657130771215897
1999-03-02,20.556439469760925
1999-03-03,20.521573206146744
1999-03-04,20.657720148220214
1999-03-05,21.145907350869496
1999-03-08,21.22898344067975
1999-03-09,21.26999562529896
1999-03-10,21.457829268945503
1999-03-11,21.6533572498005
1999-03-12,21.64595883394338
1999-03-15,21.784666399868975
1999-03-16,21.819789262821264
1999-03-17,21.79991921266063
1999-03-18,21.86513730729826
1999-03-19,21.837369901512037
1999-03-22,21.73547197157415
1999-03-23,21.27998973986235
1999-03-24,21.25819993482678
1999-03-25,21.578944656836537
1999-03-26,21.427455453766704
1999-03-29,21.753014168346066
1999-03-30,21.686532489151563
1999-03-31,21.694259414511542
1999-04-01,21.809020573361117
1999-04-05,21.985996256679552
1999-04-06,22.10861903370276
1999-04-07,22.236483911680956
1999-04-08,22.461455903154654
1999-04-09,22.520486957673615
1999-04-12,22.621259394742324
1999-04-13,22.657275607955928
1999-04-14,22.532073941006914
1999-04-15,22.395941700300767
1999-04-16,22.425977523168445
1999-04-19,22.197122930856928
1999-04-20,22.188494351769215
1999-04-21,22.43011743103635
1999-04-22,22.71392943129877
1999-04-23,22.75738655365317
1999-04-26,22.864129970467705
1999-04-27,23.023932799613924
1999-04-28,22.905572580430587
1999-04-29,22.790639088290206
1999-04-30,22.76144416899314
1999-05-03,22.931149460518544
1999-05-04,22.76682349433172
1999-05-05,22.84332347918552
1999-05-06,22.83266791822421
1999-05-07,22.880154865745304
1999-05-10,22.90155243694935
1999-05-11,22.97330553290657
1999-05-12,23.009932505053992
1999-05-13,23.043724428654276
1999-05-14,22.66311459730444
1999-05-17,22.46404422724332
1999-05-18,22.492401752141753
1999-05-19,22.579492620147704
1999-05-20,22.58619236834176
1999-05-21,22.488731157380318
1999-05-24,22.23273837364607
1999-05-25,21.94485049967645
1999-05-26,22.066967992012334
1999-05-27,21.83016748822763
1999-05-28,22.006851713285158
1999-06-01,22.01886872086704
1999-06-02,22.031506209547214
1999-06-03,22.06980318366636
1999-06-04,22.33565716133718
1999-06-07,22.527824098339917
1999-06-08,22.49011106685676
1999-06-09,22.5627219324047
1999-06-10,22.427285146705273
1999-06-11,22.444104467484173
1999-06-14,22.278859353990768
1999-06-15,22.35581860433873
1999-06-16,22.654752923319556
1999-06-17,22.820763192167554
1999-06-18,22.901770149969135
1999-06-21,23.033647818956965
1999-06-22,22.90638483676704
1999-06-23,22.774448353945274
1999-06-24,22.566346987158074
1999-06-25,22.57913362257857
1999-06-28,22.737138347561235
1999-06-29,22.919729872445423
1999-06-30,23.074824625905507
1999-07-01,23.31221792376829
1999-07-02,23.4696348436755
1999-07-06,23.56994212461339
1999-07-07,23.53027867855005
1999-07-08,23.469524675171044
1999-07-09,23.549505147343574
1999-07-12,23.516036546686486
1999-07-13,23.40894254783826
1999-07-14,23.537345392828335
1999-07-15,23.781528307285978
1999-07-16,23.787837955067204
1999-07-19,23.757933113342588
1999-07-20,23.40670400668453
1999-07-21,23.406072457283347
1999-07-22,23.12494792110454
1999-07-23,22.961808402291755
1999-07-26,22.852646587755103
1999-07-27,23.018028078373202
1999-07-28,23.108367891775
1999-07-29,22.858548795342788
1999-07-30,22.90225013176711
1999-08-02,22.825678221446445
1999-08-03,22.739967434294435
1999-08-04,22.572202262270746
1999-08-05,22.486805171618975
1999-08-06,22.32445129423176
1999-08-09,22.273047969116448
1999-08-10,22.038246048394512
1999-08-11,22.21086017123114
1999-08-12,22.364348722317672
1999-08-13,22.681756127502045
1999-08-16,22.81816209547222
1999-08-17,22.912669173594768
1999-08-18,22.89151914652693
1999-08-19,22.801462587247574
1999-08-20,23.052735250996598
1999-08-23,23.360920908245337
1999-08-24,23.33590373706105
1999-08-25,23.49845032559009
1999-08-26,23.29801722455061
1999-08-27,23.161235135631642
1999-08-30,22.97614501409769
1999-08-31,22.828898291424863
1999-09-01,23.088092220809273
1999-09-02,22.942015434704704
1999-09-03,23.352321171884434
1999-09-07,23.326317950003602
1999-09-08,23.240560357480803
1999-09-09,23.414394325762117
1999-09-10,23.382425593118043
1999-09-13,23.355632269730435
1999-09-14,23.265561516801707
1999-09-15,23.07181270093305
1999-09-16,22.94601172589857
1999-09-17,23.08949054316008
1999-09-20,23.15275774980928
1999-09-21,22.91923205836044
1999-09-22,22.858655747213657
1999-09-23,22.5726236891836
1999-09-24,22.392997903645018
1999-09-27,22.470391090103163
1999-09-28,22.47754596418835
1999-09-29,22.385678479611094
1999-09-30,22.611799885856108
1999-10-01,22.63171435987304
1999-10-04,22.879226334819965
1999-10-05,22.891006299016993
1999-10-06,23.160467406879725
1999-10-07,23.19967570368405
1999-10-08,23.319561498282713
1999-10-11,23.3918232527154
1999-10-12,23.165352214406916
1999-10-13,22.778174204353956
1999-10-14,22.761127923561446
1999-10-15,22.344248810464123
1999-10-18,22.202645782508277
1999-10-19,22.397868123224136
1999-10-20,22.723661132798853
1999-10-21,22.663173108476492
1999-10-22,22.921157195478926
1999-10-25,22.85583393034361
1999-10-26,22.79219886524279
1999-10-27,22.837507197963436
1999-10-28,23.33646637909068
1999-10-29,23.776192216008713
1999-11-01,23.72000532132396
1999-11-02,23.69322595203319
1999-11-03,23.805502963595703
1999-11-04,23.95114074310327
1999-11-05,24.046850051843414
1999-11-08,24.104015407615904
1999-11-09,24.067918462300337
1999-11-10,24.255151413777583
1999-11-11,24.35323835630307
1999-11-12,24.472303565145097
1999-11-15,24.54404652276111
1999-11-16,24.795513208476706
1999-11-17,24.79429019181927
1999-11-18,25.0007624174436
1999-11-19,24.983304907177562
1999-11-22,24.979191522045653
1999-11-23,24.840103156560545
1999-11-24,24.87823762342288
1999-11-26,25.09849241715692
1999-11-29,25.003103358348838
1999-11-30,24.669933451467827
1999-12-01,24.80691125856569
1999-12-02,24.9677878850012
1999-12-03,25.331965029554823
1999-12-06,25.401805477717975
1999-12-07,25.386459148354273
1999-12-08,25.339632646159533
1999-12-09,25.40442653601222
1999-12-10,25.48713478545491
1999-12-13,25.461719395787135
1999-12-14,25.237426286312825
1999-12-15,25.232657547657077
1999-12-16,25.428208784133215
1999-12-17,25.517194118274187
1999-12-20,25.579480375053837
1999-12-21,25.763960427134943
1999-12-22,25.94186598428629
1999-12-23,26.296539390689183
1999-12-27,26.316479991257275
1999-12-28,26.402041951222106
1999-12-29,26.545474548154402
1999-12-30,26.667904114031384
1999-12-31,26.747807334309524
2000-01-03,26.73804201855453
2000-01-04,25.908041596480523
2000-01-05,25.586998379106433
2000-01-06,25.374864724834737
2000-01-07,25.949318435287818
2000-01-10,26.352430620816982
2000-01-11,26.077529051798237
2000-01-12,25.963566023232822
2000-01-13,26.25211828609616
2000-01-14,26.534017631471873
2000-01-18,26.4139691096309
2000-01-19,26.34339713405725
2000-01-20,26.30851901142281
2000-01-21,26.278944619850176
2000-01-24,25.883003520525254
2000-01-25,25.80528144079977
2000-01-26,25.842701632135107
2000-01-27,25.840776369183903
2000-01-28,25.363332339853052
2000-01-31,25.398165697063174
2000-02-01,25.616292443191874
2000-02-02,25.762334068448354
2000-02-03,26.228246864798084
2000-02-04,26.266566077041208
2000-02-07,26.234461349925375
2000-02-08,26.57621474639709
2000-02-09,26.376262779958086
2000-02-10,26.423130150294586
2000-02-11,26.145315808093983
2000-02-14,26.059988083998096
2000-02-15,25.976080900137717
2000-02-16,25.977998814156834
2000-02-17,26.145766934601852
2000-02-18,25.68958344025847
2000-02-22,25.620008058282323
2000-02-23,25.897490912467628
2000-02-24,25.8930545641503
2000-02-25,25.805320791584077
2000-02-28,25.767762719613142
2000-02-29,26.08886883096837
2000-03-01,26.482074701933318
2000-03-02,26.621957331526083
2000-03-03,26.97100294993965
2000-03-06,26.869600070437656
2000-03-07,26.539789641613748
2000-03-08,26.532439273587386
2000-03-09,26.9917362941186
2000-03-10,26.968870628761202
2000-03-13,26.489976028467343
2000-03-14,26.135711866925757
2000-03-15,26.142061102558436
2000-03-16,26.978086413740456
2000-03-17,27.125418308709676
2000-03-20,26.952194722643945
2000-03-21,27.27997390547022
2000-03-22,27.38857721021101
2000-03-23,27.65598976564357
2000-03-24,27.867348223122534
2000-03-27,27.85050814094565
2000-03-28,27.707815899546304
2000-03-29,27.533471037370806
2000-03-30,27.042452005704913
2000-03-31,27.329556160896683
2000-04-03,26.990423266379352
2000-04-04,26.789602630591588
2000-04-05,26.664920927267413
2000-04-06,26.974203415195202
2000-04-07,27.27447359632789
2000-04-10,27.0179406297742
2000-04-11,26.74460192426934
2000-04-12,26.328832062622094
2000-04-13,25.960904511285833
2000-04-14,24.743416940644828
2000-04-17,24.887156496031785
2000-04-18,25.55429934759452
2000-04-19,25.49208159696781
2000-04-20,25.57435823177772
2000-04-24,25.49327979049277
2000-04-25,26.01697866204765
2000-04-26,25.868158305779463
2000-04-27,25.805960668835304
2000-04-28,25.910350063909053
2000-05-01,26.141800796028917
2000-05-02,26.006884830848914
2000-05-03,25.462817264927903
2000-05-04,25.463107836661763
2000-05-05,25.69650105134282
2000-05-08,25.474366306728456
2000-05-09,25.208653878407116
2000-05-10,24.767001241311547
2000-05-11,25.01979279815698
2000-05-12,25.380055029002303
2000-05-15,25.606958853043572
2000-05-16,25.872571296514277
2000-05-17,25.441180329849757
2000-05-18,25.293872055375488
2000-05-19,24.758289409377806
2000-05-22,24.50133345548893
2000-05-23,24.293810534831756
2000-05-24,24.3972288726391
2000-05-25,24.38903660825863
2000-05-26,24.409825594674732
2000-05-30,25.25159451418222
2000-05-31,25.130607653286457
2000-06-01,25.628299838173515
2000-06-02,26.45976621668163
2000-06-05,26.37239390579986
2000-06-06,26.344160091592684
2000-06-07,26.435248079429144
2000-06-08,26.304256031048745
2000-06-09,26.282825522172526
2000-06-12,26.150290857385006
2000-06-13,26.362645101885846
2000-06-14,26.379550248492755
2000-06-15,26.286554967356846
2000-06-16,26.21653835473951
2000-06-19,26.487984627863284
2000-06-20,26.54014877181247
2000-06-21,26.510468108279586
2000-06-22,26.170373285499874
2000-06-23,25.951976587071837
2000-06-26,26.04091760356854
2000-06-27,26.03604113161704
2000-06-28,26.20633925049251
2000-06-29,26.0143632786748
2000-06-30,26.232272794049265
2000-07-03,26.48115202604964
2000-07-05,26.20920731244928
2000-07-06,26.311723876662153
2000-07-07,26.61375032501263
2000-07-10,26.661194923856623
2000-07-11,26.635774644871347
2000-07-12,26.7939917573435
2000-07-13,26.763388718987784
2000-07-14,26.946172344004886
2000-07-17,26.9811154022007
2000-07-18,26.63199065560792
2000-07-19,26.383699642457803
2000-07-20,26.62720544582915
2000-07-21,26.348814442966795
2000-07-24,26.10994966490279
2000-07-25,26.201390601615696
2000-07-26,26.032220410729153
2000-07-27,25.7267843985759
2000-07-28,25.212036811321177
2000-07-31,25.42582597734475
2000-08-01,25.46062875876147
2000-08-02,25.460543453497205
2000-08-03,25.437067398183718
2000-08-04,25.628549149628192
2000-08-07,25.880734987544525
2000-08-08,25.8264225617097
2000-08-09,25.839666753352244
2000-08-10,25.773025838858725
2000-08-11,25.902786815047882
2000-08-14,26.1326423078551
2000-08-15,26.14843336967687
2000-08-16,26.166808698109804
2000-08-17,26.287045496865193
2000-08-18,26.208179819026583
2000-08-21,26.21023066672811
2000-08-22,26.22814667938358
2000-08-23,26.309420894168774
2000-08-24,26.405516640656728
2000-08-25,26.482013944847182
2000-08-28,26.568394888166228
2000-08-29,26.51078751478705
2000-08-30,26.408707706514637
2000-08-31,26.552586752308354
2000-09-01,26.85706249226094
2000-09-05,26.581150860912018
2000-09-06,26.28859601942143
2000-09-07,26.358747851602423
2000-09-08,26.11703282947173
2000-09-11,25.94411704527695
2000-09-12,25.78493482778133
2000-09-13,25.804593273408997
2000-09-14,25.83202617005678
2000-09-15,25.594847096653435
2000-09-18,25.172954441141044
2000-09-19,25.355225451811556
2000-09-20,25.245703144202395
2000-09-21,25.09955922557944
2000-09-22,25.23335067032729
2000-09-25,25.239863121466747
2000-09-26,25.08548198278809
2000-09-27,25.059424080557175
2000-09-28,25.395826233344224
2000-09-29,25.278264840042144
2000-10-02,25.230347163487718
2000-10-03,25.08644275867891
2000-10-04,25.109108453982973
2000-10-05,25.097316139723784
2000-10-06,24.74394100403257
2000-10-09,24.531287220638983
2000-10-10,24.32942250036767
2000-10-11,23.931857958453016
2000-10-12,23.48549140861804
2000-10-13,23.971765403167538
2000-10-16,23.987942040924537
2000-10-17,23.61474948681916
2000-10-18,23.376841693352336
2000-10-19,24.00913529843374
2000-10-20,24.173190943037365
2000-10-23,24.177411831197468
2000-10-24,24.32495765151732
2000-10-25,23.83867645978982
2000-10-26,23.793191390831456
2000-10-27,24.096956299322407
2000-10-30,24.212762924270468
2000-10-31,24.660928122769345
2000-11-01,24.78023943042959
2000-11-02,24.9390213235409
2000-11-03,24.984966957247895
2000-11-06,25.046699106511465
2000-11-07,25.02861650144106
2000-11-08,24.696514010656458
2000-11-09,24.473505658286197
2000-11-10,24.04147848316303
2000-11-13,23.686328693815913
2000-11-14,24.214043020473518
2000-11-15,24.304592462629245
2000-11-16,23.95567710565867
2000-11-17,23.850789765589504
2000-11-20,23.371503891952596
2000-11-21,23.335822247882028
2000-11-22,22.876835457997604
2000-11-24,23.224395147804433
2000-11-27,23.437950635249784
2000-11-28,23.159825787184214
2000-11-29,23.13251891215567
2000-11-30,22.820070884630468
2000-12-01,23.017823441718157
2000-12-04,23.092135708000608
2000-12-05,23.856133572343182
2000-12-06,23.601184067306495
2000-12-07,23.492075067401494
2000-12-08,23.870059793763012
2000-12-11,24.16333837567895
2000-12-12,23.994414981741855
2000-12-13,23.807672072326813
2000-12-14,23.529715573518917
2000-12-15,23.167282859986905
2000-12-18,23.285209460708156
2000-12-19,23.07628613957682
2000-12-20,22.48516691942869
2000-12-21,22.48271349507505
2000-12-22,22.941415292074545
2000-12-26,23.099573556585064
2000-12-27,23.378145366451676
2000-12-28,23.496384297762063
2000-12-29,23.434255677996376
2001-01-02,22.953591799221204
2001-01-03,23.513753089390438
2001-01-04,23.552615242369985
2001-01-05,23.195803357550904
2001-01-08,23.116192595247856
2001-01-09,23.029504858809236
2001-01-10,23.135659890299774
2001-01-11,23.387513682844183
2001-01-12,23.389091947476373
2001-01-16,23.40959052759597
2001-01-17,23.53454925418536
2001-01-18,23.81843204277196
2001-01-19,23.721403449616613
2001-01-22,23.73916229494187
2001-01-23,23.954086727663576
2001-01-24,23.915998635160943
2001-01-25,23.843295502906795
2001-01-26,23.812091032675276
2001-01-29,23.938540473341988
2001-01-30,24.066434207648708
2001-01-31,24.066883904245636
2001-02-01,24.15068935256645
2001-02-02,23.77563407429225
2001-02-05,23.779120972288442
2001-02-06,23.769728154101713
2001-02-07,23.560826045980036
2001-02-08,23.36492350200119
2001-02-09,23.132353027414393
2001-02-12,23.367036179695763
2001-02-13,23.203788305469487
2001-02-14,23.11805864517939
2001-02-15,23.230740292076103
2001-02-16,22.91050898217531
2001-02-20,22.561995966150413
2001-02-21,22.226628405005325
2001-02-22,22.111066105251965
2001-02-23,22.035908797202797
2001-02-26,22.308290731748215
2001-02-27,22.228065848444814
2001-02-28,21.99888788573811
2001-03-01,21.9943378641985
2001-03-02,21.901346254483816
2001-03-05,21.99417098355134
2001-03-06,22.25610055017334
2001-03-07,22.32189765778171
2001-03-08,22.32211406875971
2001-03-09,21.93400353221942
2001-03-12,21.100902036587833
2001-03-13,21.13669499738525
2001-03-14,20.599890501446563
2001-03-15,20.801570371295742
2001-03-16,20.339500886269015
2001-03-19,20.528724818536976
2001-03-20,20.311987823994688
2001-03-21,20.077265380141824
2001-03-22,19.674291971495435
2001-03-23,20.150678612170303
2001-03-26,20.57049007193853
2001-03-27,21.01034672020131
2001-03-28,20.495027977855923
2001-03-29,20.361674726864614
2001-03-30,20.49002531416706
2001-04-02,20.22407653507928
2001-04-03,19.732821427260095
2001-04-04,19.811824826081377
2001-04-05,20.65713076444981
2001-04-06,20.261439844222213
2001-04-09,20.360215929899123
2001-04-10,20.7967178606983
2001-04-11,20.774498331252584
2001-04-12,21.04556893961184
2001-04-16,20.89878742090809
2001-04-17,20.986864653891026
2001-04-18,21.79550374423092
2001-04-19,21.97143462632949
2001-04-20,21.83467351753726
2001-04-23,21.560602896037288
2001-04-24,21.428846277684936
2001-04-25,21.65892187365489
2001-04-26,21.819632535263466
2001-04-27,22.067597025735417
2001-04-30,22.144267654947797
2001-05-01,22.365424849153754
2001-05-02,22.400482012290748
2001-05-03,22.07643192919286
2001-05-04,22.3511675556553
2001-05-07,22.33903677718092
2001-05-08,22.217400197298836
2001-05-09,22.087953196049096
2001-05-10,22.174619190152935
2001-05-11,22.005570349682163
2001-05-14,21.575273219470354
2001-05-15,21.973060803315235
2001-05-16,22.368022800139236
2001-05-17,22.506471382552757
2001-05-18,22.536720812345184
2001-05-21,22.848443191817598
2001-05-22,22.821989490989264
2001-05-23,22.546527783508697
2001-05-24,22.56641481006894
2001-05-25,22.376842581672
2001-05-29,22.16876185601329
2001-05-30,21.86940496353108
2001-05-31,21.91453803445694
2001-06-01,21.94717035225232
2001-06-04,22.039403851387473
2001-06-05,22.2709824450447
2001-06-06,22.099640773904515
2001-06-07,22.19176770135741
2001-06-08,22.05768317165249
2001-06-11,21.79330497512225
2001-06-12,21.67147511392706
2001-06-13,21.61385724212654
2001-06-14,21.35454553825574
2001-06-15,21.24745338398131
2001-06-18,21.08129795371476
2001-06-19,21.09358843485642
2001-06-20,21.15345809652614
2001-06-21,21.324758728945817
2001-06-22,21.25721860128072
2001-06-25,21.211355451555274
2001-06-26,21.132347953248654
2001-06-27,21.07866866926313
2001-06-28,21.24751940988218
2001-06-29,21.34215112458431
2001-07-02,21.48537852877828
2001-07-03,21.389248679680566
2001-07-05,21.032824975582002
2001-07-06,20.618594588117496
2001-07-09,20.696179833468857
2001-07-10,20.549170706919842
2001-07-11,20.457393947379362
2001-07-12,20.796335369460095
2001-07-13,20.869374246522703
2001-07-16,20.76665408993128
2001-07-17,20.7354714696792
2001-07-18,20.678803594934283
2001-07-19,20.83713229399498
2001-07-20,20.774845426050117
2001-07-23,20.53496671039914
2001-07-24,20.3197222194125
2001-07-25,20.445559212990556
2001-07-26,20.61489049192886
2001-07-27,20.72037056352019
2001-07-30,20.754938878545236
2001-07-31,20.913878104799764
2001-08-01,21.05383468051878
2001-08-02,21.19535776293758
2001-08-03,21.087937010142905
2001-08-06,20.908465152822696
2001-08-07,20.9342371606673
2001-08-08,20.647939128282964
2001-08-09,20.55081196538281
2001-08-10,20.620915493577026
2001-08-13,20.66529036997358
2001-08-14,20.766170087422193
2001-08-15,20.762624015739064
2001-08-16,20.696806818105976
2001-08-17,20.422951445862488
2001-08-20,20.440693057322957
2001-08-21,20.390938273451226
2001-08-22,20.533419546310647
2001-08-23,20.43437125925086
2001-08-24,20.76703021648437
2001-08-27,20.700969221261488
2001-08-28,20.44853229658171
2001-08-29,20.303244716846446
2001-08-30,19.932380815491456
2001-08-31,20.00770497176608
2001-09-04,19.893523478187525
2001-09-05,19.73381953916373
2001-09-06,19.319923501585556
2001-09-07,19.05209463287869
2001-09-10,19.007617941950148
2001-09-17,18.032244140212686
2001-09-18,17.94576086236384
2001-09-19,17.75019106721378
2001-09-20,17.132859555360838
2001-09-21,16.74840161564597
2001-09-24,17.395546995298165
2001-09-25,17.543328156522083
2001-09-26,17.510905217805274
2001-09-27,17.665464431674955
2001-09-28,18.052949256532408
2001-10-01,17.94040498103735
2001-10-02,18.131282306878955
2001-10-03,18.420457174678678
2001-10-04,18.552874071322893
2001-10-05,18.575800776324716
2001-10-08,18.484491959431526
2001-10-09,18.3812889092651
2001-10-10,18.72616570847198
2001-10-11,19.000302197902453
2001-10-12,18.917158149270524
2001-10-15,18.79654714763997
2001-10-16,18.953037231354493
2001-10-17,18.837192268905348
2001-10-18,18.648227512898725
2001-10-19,18.59338170521334
2001-10-22,18.785443717777596
2001-10-23,18.87535708455039
2001-10-24,18.930500566860314
2001-10-25,19.031174367990022
2001-10-26,19.149095107177008
2001-10-29,18.83361731491512
2001-10-30,18.475589722619866
2001-10-31,18.552983024399648
2001-11-01,18.880666367284164
2001-11-02,18.874981153760224
2001-11-05,19.161380375154543
2001-11-06,19.325873476368553
2001-11-07,19.30956495059671
2001-11-08,19.416162456447328
2001-11-09,19.359517177805685
2001-11-12,19.22914444544376
2001-11-13,19.538710584761166
2001-11-14,19.558104110221937
2001-11-15,19.61506865931699
2001-11-16,19.646282614100727
2001-11-19,19.826775154416648
2001-11-20,19.675353973034262
2001-11-21,19.5769531994188
2001-11-23,19.742706478035025
2001-11-26,19.890831383024338
2001-11-27,19.778688277581622
2001-11-28,19.47357646070753
2001-11-29,19.568811942898197
2001-11-30,19.62811575380563
2001-12-03,19.45349893544602
2001-12-04,19.68665925255028
2001-12-05,20.212731090456312
2001-12-06,20.20944188745168
2001-12-07,20.04336302492033
2001-12-10,19.72584622172177
2001-12-11,19.68561882026344
2001-12-12,19.708841517052292
2001-12-13,19.39556926673217
2001-12-14,19.42433895393933
2001-12-17,19.6677672987244
2001-12-18,19.728565788135644
2001-12-19,19.70825349879783
2001-12-20,19.578479305919004
2001-12-21,19.652403722700868
2001-12-24,19.627819292546523
2001-12-26,19.673017143857948
2001-12-27,19.912833204072893
2001-12-28,20.008811638704262
2001-12-31,19.943352724516718
2002-01-02,19.99989802058808
2002-01-03,20.25585015949015
2002-01-04,20.33265535948888
2002-01-07,20.188240370748836
2002-01-08,20.0657774411937
2002-01-09,19.985716563137373
2002-01-10,19.930302967215386
2002-01-11,19.842960486076063
2002-01-14,19.627435741324543
2002-01-15,19.713335012777552
2002-01-16,19.422863672026438
2002-01-17,19.601132498264004
2002-01-18,19.477419453153885
2002-01-22,19.310516214241854
2002-01-23,19.4706394925576
2002-01-24,19.55621578226697
2002-01-25,19.476866672176463
2002-01-28,19.53996974841585
2002-01-29,19.156561860282057
2002-01-30,19.16002768446955
2002-01-31,19.391468394608978
2002-02-01,19.30609075941592
2002-02-04,19.0087368158731
2002-02-05,18.85379171444611
2002-02-06,18.72885890875186
2002-02-07,18.755051349464036
2002-02-08,18.95959166714115
2002-02-11,19.216351995907694
2002-02-12,19.162990466432852
2002-02-13,19.32732000492857
2002-02-14,19.390032153861732
2002-02-15,19.246206897310596
2002-02-19,18.823354455846285
2002-02-20,18.910727815637955
2002-02-21,18.813752254816123
2002-02-22,18.913992458299173
2002-02-25,19.156093904612764
2002-02-26,19.159004730433082
2002-02-27,19.275103772543186
2002-02-28,19.25509913490782
2002-03-01,19.624869021065752
2002-03-04,20.090076524252364
2002-03-05,19.976585895375212
2002-03-06,20.236447953881022
2002-03-07,20.3061815352478
2002-03-08,20.392914737027194
2002-03-11,20.44639669530581
2002-03-12,20.271668030889618
2002-03-13,20.140601603223306
2002-03-14,20.213892136991277
2002-03-15,20.4010940975177
2002-03-18,20.39457313722695
2002-03-19,20.500698217865434
2002-03-20,20.256911028039504
2002-03-21,20.262290577907947
2002-03-22,20.186215138650518
2002-03-25,19.93119736656209
2002-03-26,20.024455901227732
2002-03-27,20.09838470826285
2002-03-28,20.21537197887439
2002-04-01,20.202506137609994
2002-04-02,20.084537774931274
2002-04-03,20.015290439370744
2002-04-04,19.99972274449978
2002-04-05,19.954693880006737
2002-04-08,19.87909854096174
2002-04-09,19.809375586488688
2002-04-10,20.034473091054096
2002-04-11,19.678371181317036
2002-04-12,19.769037971818708
2002-04-15,19.77277446087489
2002-04-16,20.177261589880718
2002-04-17,20.21815179062689
2002-04-18,20.191295754995217
2002-04-19,20.190489645093873
2002-04-22,19.978062776465
2002-04-23,19.94030667353571
2002-04-24,19.855879842683354
2002-04-25,19.837723589367254
2002-04-26,19.646833648293182
2002-04-29,19.535752026515237
2002-04-30,19.705377648138718
2002-05-01,19.803224910609778
2002-05-02,19.76692389822032
2002-05-03,19.70358250647509
2002-05-06,19.47708344761056
2002-05-07,19.33550201385009
2002-05-08,19.888079947074008
2002-05-09,19.6642721534469
2002-05-10,19.45492325745658
2002-05-13,19.696772239729768
2002-05-14,19.94004763865774
2002-05-15,19.981045213408386
2002-05-16,20.03934194555045
2002-05-17,20.18895948377716
2002-05-20,20.029421774577738
2002-05-21,19.877722522800607
2002-05-22,19.92692150331313
2002-05-23,20.009572751563976
2002-05-24,19.909884888676388
2002-05-28,19.80228998855122
2002-05-29,19.721977518549586
2002-05-30,19.662848209911107
2002-05-31,19.68064519299088
2002-06-03,19.413577867133977
2002-06-04,19.32251711597727
2002-06-05,19.325079060398227
2002-06-06,19.125288651666295
2002-06-07,19.042694120505562
2002-06-10,19.064958796597427
2002-06-11,18.914614101045647
2002-06-12,18.86353054784408
2002-06-13,18.659997026278237
2002-06-14,18.489636146050884
2002-06-17,18.89826058761662
2002-06-18,18.88389945366079
2002-06-19,18.623264974092134
2002-06-20,18.412021444982578
2002-06-21,18.261800939557435
2002-06-24,18.224002645328657
2002-06-25,18.143832900152518
2002-06-26,18.075739251104988
2002-06-27,18.278309464537102
2002-06-28,18.545988794523744
2002-07-01,18.306412208465574
2002-07-02,17.898533024491044
2002-07-03,17.813917623280805
2002-07-05,18.484678536027765
2002-07-08,18.389342796100856
2002-07-09,18.156363785463704
2002-07-10,17.617010765389484
2002-07-11,17.477181671839592
2002-07-12,17.436023325411966
2002-07-15,17.30958589347713
2002-07-16,17.05579919723177
2002-07-17,17.245497259495334
2002-07-18,17.073818018603344
2002-07-19,16.502695114568745
2002-07-22,15.942043868050776
2002-07-23,15.45364969515846
2002-07-24,16.177532747089877
2002-07-25,16.038373126368903
2002-07-26,16.100234278104722
2002-07-29,16.948142265687707
2002-07-30,16.889344767487522
2002-07-31,16.920444131772406
2002-08-01,16.439508664254756
2002-08-02,16.252300426175143
2002-08-05,15.7489674345428
2002-08-06,16.11648163709097
2002-08-07,16.40216546077793
2002-08-08,16.859922107687915
2002-08-09,16.886924279591824
2002-08-12,16.7501303906113
2002-08-13,16.599230751810637
2002-08-14,17.057203662213922
2002-08-15,17.13744483240667
2002-08-16,17.192654259394498
2002-08-19,17.48616614881001
2002-08-20,17.250147505431602
2002-08-21,17.462773395456338
2002-08-22,17.661609239940574
2002-08-23,17.383383707229097
2002-08-26,17.454520278859302
2002-08-27,17.41932747329265
2002-08-28,17.042217461854765
2002-08-29,16.968207648602547
2002-08-30,16.969257782510642
2002-09-03,16.302318657001926
2002-09-04,16.48170573179475
2002-09-05,16.283745559728256
2002-09-06,16.583288162937563
2002-09-09,16.59382444961917
2002-09-10,16.749396107349664
2002-09-11,16.838354365293526
2002-09-12,16.453038325167725
2002-09-13,16.396053506190192
2002-09-16,16.32566525451683
2002-09-17,16.10681092875462
2002-09-18,16.010881031860624
2002-09-19,15.651291610453681
2002-09-20,15.659841457760445
2002-09-23,15.353785325172089
2002-09-24,15.09937515409139
2002-09-25,15.377663112528651
2002-09-26,15.725292432225599
2002-09-27,15.468307621661664
2002-09-30,15.203559153007506
2002-10-01,15.69363447197865
2002-10-02,15.40915191359197
2002-10-03,15.254706108769826
2002-10-04,14.950873491668801
2002-10-07,14.673836184439537
2002-10-08,14.721930077811635
2002-10-09,14.438801471925776
2002-10-10,14.819201108915825
2002-10-11,15.369183516723055
2002-10-14,15.389861946306356
2002-10-15,16.10405983205664
2002-10-16,15.78299527575052
2002-10-17,16.14653693004047
2002-10-18,16.153692753661968
2002-10-21,16.30930992108022
2002-10-22,16.13232510369011
2002-10-23,16.084794890554896
2002-10-24,16.068231318234304
2002-10-25,16.223341921896182
2002-10-28,16.234461492143623
2002-10-29,15.970958150850397
2002-10-30,16.172829129291802
2002-10-31,16.24185671034824
2002-11-01,16.3690331062211
2002-11-04,16.652594254200043
2002-11-05,16.757203284380175
2002-11-06,16.794005420887327
2002-11-07,16.534684030656226
2002-11-08,16.412900085738663
2002-11-11,16.14203574616915
2002-11-12,16.273820179570848
2002-11-13,16.217773547426095
2002-11-14,16.510369427383786
2002-11-15,16.629491924251276
2002-11-18,16.569431423596438
2002-11-19,16.496878493912
2002-11-20,16.651611813529772
2002-11-21,17.00648509063719
2002-11-22,17.017277179142972
2002-11-25,17.010424195727953
2002-11-26,16.71177470696317
2002-11-27,17.095606233328763
2002-11-29,17.136714542270955
2002-12-02,17.149158622246414
2002-12-03,16.91284937055138
2002-12-04,16.820627971141224
2002-12-05,16.647509681918958
2002-12-06,16.719526778720738
2002-12-09,16.402455517958114
2002-12-10,16.559277737840226
2002-12-11,16.582717017851312
2002-12-12,16.54164749256488
2002-12-13,16.374983145150242
2002-12-16,16.702310840043864
2002-12-17,16.60313817302478
2002-12-18,16.332119159448325
2002-12-19,16.279858542964917
2002-12-20,16.44920018104285
2002-12-23,16.485943444993897
2002-12-24,16.46050783810934
2002-12-26,16.471032528766692
2002-12-27,16.189993488324436
2002-12-30,16.322744057849686
2002-12-31,16.38405674738517
2003-01-02,16.777039828551477
2003-01-03,16.83552372808296
2003-01-06,17.10477694554153
2003-01-07,16.94602313187756
2003-01-08,16.719643983968243
2003-01-09,16.975578606408074
2003-01-10,17.009129165026437
2003-01-13,17.015189953849887
2003-01-14,17.122102103370885
2003-01-15,16.953664319128496
2003-01-16,16.903170141263427
2003-01-17,16.696750541661736
2003-01-21,16.433338893367495
2003-01-22,16.252370821189924
2003-01-23,16.380118125650004
2003-01-24,16.086952101104202
2003-01-27,15.74782963991549
2003-01-28,15.850141695903808
2003-01-29,15.913178053749775
2003-01-30,15.77966457788585
2003-01-31,15.925629589333628
2003-02-03,16.053428019307223
2003-02-04,15.854646989683223
2003-02-05,15.890857590432253
2003-02-06,15.712868697004204
2003-02-07,15.560788638973465
2003-02-10,15.566663323006741
2003-02-11,15.58099268757839
2003-02-12,15.429344593130047
2003-02-13,15.397181700430856
2003-02-14,15.612874182569197
2003-02-18,15.923214724394283
2003-02-19,15.759436271310639
2003-02-20,15.691969226736626
2003-02-21,15.852599602120835
2003-02-24,15.622842018285075
2003-02-25,15.500057420775807
2003-02-26,15.387985847063886
2003-02-27,15.48634887325803
2003-02-28,15.651160932291749
2003-03-03,15.660971420169304
2003-03-04,15.462188688595937
2003-03-05,15.496585638160166
2003-03-06,15.37116172300199
2003-03-07,15.332826363944157
2003-03-10,15.009779013596681
2003-03-11,14.903840610579781
2003-03-12,14.794156300489862
2003-03-13,15.28091247654171
2003-03-14,15.402843322661573
2003-03-17,15.795146885507592
2003-03-18,15.844733179649449
2003-03-19,15.955965928881849
2003-03-20,16.01654220227984
2003-03-21,16.364562852285633
2003-03-24,15.876671359425515
2003-03-25,16.05730950128646
2003-03-26,16.028425766742238
2003-03-27,15.965030495612998
2003-03-28,15.891050282848328
2003-03-31,15.610926787187902
2003-04-01,15.767721618970635
2003-04-02,16.117714413420583
2003-04-03,16.07359341144854
2003-04-04,16.146309070160083
2003-04-07,16.331878108913315
2003-04-08,16.23140839167067
2003-04-09,16.100264512658928
2003-04-10,16.120304073376296
2003-04-11,16.073927123334567
2003-04-14,16.307654810897706
2003-04-15,16.459493562684102
2003-04-16,16.35157470066697
2003-04-17,16.55872716587249
2003-04-21,16.520420692058664
2003-04-22,16.796030933378873
2003-04-23,16.915433356179122
2003-04-24,16.8005125471243
2003-04-25,16.581998597063492
2003-04-28,16.845914290785228
2003-04-29,16.89672094525231
2003-04-30,16.999898824380626
2003-05-01,17.02486488479233
2003-05-02,17.211493476646154
2003-05-05,17.27243791941103
2003-05-06,17.46579268455139
2003-05-07,17.396192724307635
2003-05-08,17.20458187645557
2003-05-09,17.407312775467826
2003-05-12,17.582250127269823
2003-05-13,17.574208148131145
2003-05-14,17.561649290590168
2003-05-15,17.652801064075128
2003-05-16,17.67051414292967
2003-05-19,17.30984442948673
2003-05-20,17.310560124409534
2003-05-21,17.32197685694737
2003-05-22,17.479888775506065
2003-05-23,17.565272466935983
2003-05-27,17.807840844645444
2003-05-28,17.869329044657572
2003-05-29,17.916166695395027
2003-05-30,18.044617297598005
2003-06-02,18.217612374035383
2003-06-03,18.219074357742322
2003-06-04,18.429794185945184
2003-06-05,18.552052818026564
2003-06-06,18.59394895333123
2003-06-09,18.439941013208006
2003-06-10,18.524866461937922
2003-06-11,18.795898220296422
2003-06-12,18.838568818776942
2003-06-13,18.70601462530088
2003-06-16,19.048347317652652
2003-06-17,19.11565825587686
2003-06-18,19.068558830996132
2003-06-19,18.837819013620905
2003-06-20,18.856545027333127
2003-06-23,18.56719939458706
2003-06-24,18.507946451508378
2003-06-25,18.498011043545812
2003-06-26,18.55326114709497
2003-06-27,18.48213951451149
2003-06-30,18.40579386194605
2003-07-01,18.477813060371393
2003-07-02,18.774235826959448
2003-07-03,18.731448336292654
2003-07-07,19.061555120231958
2003-07-08,19.057538683616595
2003-07-09,18.992294187024715
2003-07-10,18.789924932874996
2003-07-11,18.874838665134817
2003-07-14,19.083616339044127
2003-07-15,18.9599441829842
2003-07-16,18.833937928799667
2003-07-17,18.558692353971836
2003-07-18,18.700242099816048
2003-07-21,18.55708090636235
2003-07-22,18.671121368779673
2003-07-23,18.753048680837043
2003-07-24,18.81670633441674
2003-07-25,18.99050291908217
2003-07-28,19.04870733457668
2003-07-29,18.960777722061422
2003-07-30,18.855755538945136
2003-07-31,18.911308296803846
2003-08-01,18.740137363164596
2003-08-04,18.72466626299596
2003-08-05,18.572442122861585
2003-08-06,18.49559160239014
2003-08-07,18.597737212251154
2003-08-08,18.648802600546666
2003-08-11,18.7521334150995
2003-08-12,18.889998925477684
2003-08-13,18.89840225361138
2003-08-14,19.04873932150653
2003-08-15,19.067457120413785
2003-08-18,19.229884159910398
2003-08-19,19.256123200418557
2003-08-20,19.28569658831691
2003-08-21,19.340794357991665
2003-08-22,19.198339972924543
2003-08-25,19.164956337025053
2003-08-26,19.12943090825667
2003-08-27,19.186268721128457
2003-08-28,19.301995518378554
2003-08-29,19.375692716236003
2003-09-02,19.650975131452206
2003-09-03,19.783461319479642
2003-09-04,19.796469173909603
2003-09-05,19.76729099804159
2003-09-08,19.952946874171154
2003-09-09,19.885936634465914
2003-09-10,19.649041356020266
2003-09-11,19.722610933806823
2003-09-12,19.778764349664012
2003-09-15,19.75184542559083
2003-09-16,20.007976037484223
2003-09-17,20.014312695730272
2003-09-18,20.24720690065222
2003-09-19,20.19565340148945
2003-09-22,19.958218406141064
2003-09-23,20.05060658729556
2003-09-24,19.79702990156523
2003-09-25,19.67163033531606
2003-09-26,19.517439291576036
2003-09-29,19.637912337733653
2003-09-30,19.49388973415454
2003-10-01,19.92874035736531
2003-10-02,20.036993549643224
2003-10-03,20.31360140309409
2003-10-06,20.350495017558856
2003-10-07,20.4344438251024
2003-10-08,20.350512410081155
2003-10-09,20.533701715237832
2003-10-10,20.566726424761278
2003-10-13,20.692794538116623
2003-10-14,20.74394466166518
2003-10-15,20.711615491577646
2003-10-16,20.791127958966868
2003-10-17,20.62791222227229
2003-10-20,20.702692130934572
2003-10-21,20.749426096724292
2003-10-22,20.459670072086492
2003-10-23,20.33316143590243
2003-10-24,20.310609048654904
2003-10-27,20.418262206243615
2003-10-28,20.656210211182653
2003-10-29,20.745389834191553
2003-10-30,20.7738589898956
2003-10-31,20.721684341345032
2003-11-03,20.889779462651585
2003-11-04,20.857916128055592
2003-11-05,20.80601745850496
2003-11-06,20.804427540377052
2003-11-07,20.88216057471072
2003-11-10,20.76095264137
2003-11-11,20.647931720771027
2003-11-12,20.909672189423738
2003-11-13,20.990245968790784
2003-11-14,20.90701601246396
2003-11-17,20.827902047733875
2003-11-18,20.603363373922647
2003-11-19,20.65904898139597
2003-11-20,20.514249761476968
2003-11-21,20.598731412022094
2003-11-24,20.84585137072832
2003-11-25,20.892346898313015
2003-11-26,21.038059320272346
2003-11-28,21.08051991509941
2003-12-01,21.366146581058736
2003-12-02,21.38067726552092
2003-12-03,21.39494778331256
2003-12-04,21.413779759903914
2003-12-05,21.310913905183096
2003-12-08,21.386021546910243
2003-12-09,21.283227186860007
2003-12-10,21.194515779309885
2003-12-11,21.35857417155483
2003-12-12,21.480356502825984
2003-12-15,21.42895835436676
2003-12-16,21.494748148617845
2003-12-17,21.504176148097898
2003-12-18,21.742725153545294
2003-12-19,21.7366252519707
2003-12-22,21.83034989912781
2003-12-23,21.910033446645986
2003-12-24,21.9239166908192
2003-12-26,21.95695803182025
2003-12-29,22.16933725585192
2003-12-30,22.28354163576185
2003-12-31,22.34041069314774
2004-01-02,22.44904139686465
2004-01-05,22.737168713929066
2004-01-06,22.770346979717758
2004-01-07,22.72414901310801
2004-01-08,22.884672575413326
2004-01-09,22.850811011186877
2004-01-12,22.894478671619947
2004-01-13,22.823226391720194
2004-01-14,22.93270391780927
2004-01-15,22.86244886186136
2004-01-16,22.914612070030785
2004-01-20,23.066379601391272
2004-01-21,23.2082006943502
2004-01-22,23.226993646049767
2004-01-23,23.194076863559975
2004-01-26,23.28948450137744
2004-01-27,23.176385374215535
2004-01-28,22.95866963004304
2004-01-29,22.809236087968944
2004-01-30,22.78089775833087
2004-02-02,22.83759236785378
2004-02-03,22.87083276184949
2004-02-04,22.662848364638155
2004-02-05,22.729044293615452
2004-02-06,23.031602639625632
2004-02-09,23.102613432006862
2004-02-10,23.19733065289878
2004-02-11,23.43842006300801
2004-02-12,23.391022043485272
2004-02-13,23.30565956986631
2004-02-17,23.55607177397187
2004-02-18,23.428718246438795
2004-02-19,23.41371682709383
2004-02-20,23.226185177405842
2004-02-23,23.19254560661242
2004-02-24,23.131478260623652
2004-02-25,23.151313823557185
2004-02-26,23.142156718442322
2004-02-27,23.217817310545502
2004-03-01,23.52496949103062
2004-03-02,23.38315561786172
2004-03-03,23.270505834853793
2004-03-04,23.393472585133782
2004-03-05,23.554351313998882
2004-03-08,23.42170884052257
2004-03-09,23.307917600602366
2004-03-10,22.939371750075676
2004-03-11,22.533443318309438
2004-03-12,22.723075632635037
2004-03-15,22.40638031632311
2004-03-16,22.60025745190798
2004-03-17,22.869832868682497
2004-03-18,22.879090784408756
2004-03-19,22.788501564482235
2004-03-22,22.429150997113883
2004-03-23,22.438352925746333
2004-03-24,22.381393132545522
2004-03-25,22.722863852970125
2004-03-26,22.661132923028642
2004-03-29,22.98767911191272
2004-03-30,23.031111549055304
2004-03-31,23.129838580143286
2004-04-01,23.34212472056418
2004-04-02,23.499112613791684
2004-04-05,23.557311033748636
2004-04-06,23.495606092137294
2004-04-07,23.49921369697291
2004-04-08,23.470701911936754
2004-04-12,23.542131894866976
2004-04-13,23.26637559725136
2004-04-14,23.084263493212163
2004-04-15,23.037425084219723
2004-04-16,23.202729591296002
2004-04-19,23.212687890327
2004-04-20,23.04978684467603
2004-04-21,22.996815272309025
2004-04-22,23.23932619260902
2004-04-23,23.24399919283938
2004-04-26,23.243529745145608
2004-04-27,23.248645961231052
2004-04-28,22.846523246068642
2004-04-29,22.68525075628244
2004-04-30,22.538403160347208
2004-05-03,22.657392319498847
2004-05-04,22.83706640491702
2004-05-05,22.968939376031017
2004-05-06,22.681434854624808
2004-05-07,22.312116060090446
2004-05-10,21.75968837511785
2004-05-11,21.934666719348225
2004-05-12,22.015772692621542
2004-05-13,21.949088837468615
2004-05-14,21.88243781119255
2004-05-17,21.635998288262734
2004-05-18,21.816135701813113
2004-05-19,22.066014529115577
2004-05-20,21.943507574887125
2004-05-21,22.11905857640267
2004-05-24,22.185408054095166
2004-05-25,22.45563688192288
2004-05-26,22.540996242525328
2004-05-27,22.7925768247416
2004-05-28,22.75958665381779
2004-06-01,22.754915591408857
2004-06-02,22.835470324814192
2004-06-03,22.645919660041148
2004-06-04,22.764395177499257
2004-06-07,23.18133870094261
2004-06-08,23.2050419686276
2004-06-09,22.93507764980287
2004-06-10,23.025092270112523
2004-06-14,22.703054004548903
2004-06-15,22.902138807086406
2004-06-16,22.940045117459665
2004-06-17,22.963753202608476
2004-06-18,23.09193757596145
2004-06-21,23.0395400907177
2004-06-22,22.992930017379923
2004-06-23,23.16381895056954
2004-06-24,23.268668259954527
2004-06-25,23.173463035638076
2004-06-28,23.248557023407574
2004-06-29,23.188498580369046
2004-06-30,23.269451036087915
2004-07-01,23.084001464185246
2004-07-02,23.07879377020054
2004-07-06,22.83233375785571
2004-07-07,22.931528015327736
2004-07-08,22.82101556151091
2004-07-09,22.88754059010564
2004-07-12,22.88303153563502
2004-07-13,22.89266347180814
2004-07-14,22.807456574405556
2004-07-15,22.68965914861072
2004-07-16,22.688127411355644
2004-07-19,22.64121622904244
2004-07-20,22.72372096136434
2004-07-21,22.480392415812034
2004-07-22,22.438843748318195
2004-07-23,22.192229631784787
2004-07-26,22.097364724707063
2004-07-27,22.231657214682656
2004-07-28,22.212672612372913
2004-07-29,22.378743734043432
2004-07-30,22.435566361658033
2004-08-02,22.473960423610684
2004-08-03,22.425867415858516
2004-08-04,22.308011940108518
2004-08-05,22.09792655168723
2004-08-06,21.849384275626612
2004-08-09,21.840464697434804
2004-08-10,22.069776498343693
2004-08-11,21.94718312704751
2004-08-12,21.775030852032685
2004-08-13,21.817465670650947
2004-08-16,22.051544710373104
2004-08-17,22.090013568312283
2004-08-18,22.272031092949234
2004-08-19,22.3279673442036
2004-08-20,22.41958347643095
2004-08-23,22.381269627279323
2004-08-24,22.343927537127612
2004-08-25,22.472621995744614
2004-08-26,22.533946759505852
2004-08-27,22.609880622442784
2004-08-30,22.499917633026836
2004-08-31,22.552992586915334
2004-09-01,22.67590848992299
2004-09-02,22.82911246705798
2004-09-03,22.719995241908997
2004-09-07,22.905057489944866
2004-09-08,22.87587721221961
2004-09-09,22.867409868866247
2004-09-10,23.037942021444664
2004-09-13,23.118454483435887
2004-09-14,23.16579307457238
2004-09-15,22.957728530550355
2004-09-16,23.052642966714235
2004-09-17,23.123947471823545
2004-09-20,23.038118423445383
2004-09-21,23.218322926510783
2004-09-22,22.979905030968403
2004-09-23,22.922413242370634
2004-09-24,22.909299967022132
2004-09-27,22.775660898887796
2004-09-28,22.895158338076467
2004-09-29,22.995305883610833
2004-09-30,23.070502744740956
2004-10-01,23.42256647675996
2004-10-04,23.508249657427747
2004-10-05,23.52176164366775
2004-10-06,23.623067974593425
2004-10-07,23.469185113568436
2004-10-08,23.437375007422453
2004-10-11,23.45252912961567
2004-10-12,23.275314990342675
2004-10-13,23.155311273166
2004-10-14,23.03435373235641
2004-10-15,23.139069710248663
2004-10-18,23.188770241291863
2004-10-19,23.174339507373116
2004-10-20,23.13390038757586
2004-10-21,23.233739935357338
2004-10-22,23.1116169082424
2004-10-25,23.074930913582612
2004-10-26,23.27393001512587
2004-10-27,23.57395997425164
2004-10-28,23.63969268944567
2004-10-29,23.622275924295888
2004-11-01,23.701691940873847
2004-11-02,23.779924529444315
2004-11-03,24.074511155350972
2004-11-04,24.316401940792566
2004-11-05,24.42498060807161
2004-11-08,24.391887326390425
2004-11-09,24.37829587755416
2004-11-10,24.383174162427103
2004-11-11,24.574612589488527
2004-11-12,24.79378601329675
2004-11-15,24.854248799636757
2004-11-16,24.724646371182928
2004-11-17,24.93192673073764
2004-11-18,24.914137582421212
2004-11-19,24.734946338312295
2004-11-22,24.74503583070557
2004-11-23,24.805841680755993
2004-11-24,24.938781056058478
2004-11-26,25.068896953744535
2004-11-29,25.085308262323906
2004-11-30,24.99954413976989
2004-12-01,25.30184477687317
2004-12-02,25.310361219592323
2004-12-03,25.384277621017386
2004-12-06,25.342106249335878
2004-12-07,25.165631299202058
2004-12-08,25.08050906845536
2004-12-09,25.043347345574436
2004-12-10,25.01561224527743
2004-12-13,25.271354510332863
2004-12-14,25.367375846150455
2004-12-15,25.54073667845342
2004-12-16,25.455572215586983
2004-12-17,25.322048653072116
2004-12-20,25.4504507022149
2004-12-21,25.555802673503102
2004-12-22,25.674071255307155
2004-12-23,25.7691761343886
2004-12-27,25.814940090457476
2004-12-28,25.952488441155474
2004-12-29,25.92483332167367
2004-12-30,26.00445356421031
2004-12-31,26.003189396702425
2005-01-03,25.817571224520673
2005-01-04,25.51281473024176
2005-01-05,25.33129447373566
2005-01-06,25.325562384753272
2005-01-07,25.267869527209292
2005-01-10,25.37395194058606
2005-01-11,25.29827020711332
2005-01-12,25.375881619835834
2005-01-13,25.248483037124227
2005-01-14,25.334049617103503
2005-01-18,25.449746673508418
2005-01-19,25.349132263035848
2005-01-20,25.124012041505637
2005-01-21,25.068104372106017
2005-01-24,25.04465172321702
2005-01-25,25.047814443053262
2005-01-26,25.267082182303856
2005-01-27,25.28631033117563
2005-01-28,25.200189089570305
2005-01-31,25.427415807389625
2005-02-01,25.550023011224845
2005-02-02,25.66040040559852
2005-02-03,25.55146958118683
2005-02-04,25.80349164329952
2005-02-07,25.774325195620946
2005-02-08,25.724235023978075
2005-02-09,25.609031414516153
2005-02-10,25.732961499979645
2005-02-11,25.90745153796539
2005-02-14,26.033532363593093
2005-02-15,26.119633437932357
2005-02-16,26.084389614758937
2005-02-17,26.02503435098174
2005-02-18,26.057589010319177
2005-02-22,25.905691488703795
2005-02-23,25.9001937267278
2005-02-24,26.061836171063593
2005-02-25,26.30343815153801
2005-02-28,26.254517595211247
2005-03-01,26.37683954714487
2005-03-02,26.276482423482864
2005-03-03,26.313141225754503
2005-03-04,26.613776222479714
2005-03-07,26.60848034717293
2005-03-08,26.573837247712856
2005-03-09,26.363566307246472
2005-03-10,26.377730090477147
2005-03-11,26.314906519249405
2005-03-14,26.333887718927453
2005-03-15,26.192354114333334
2005-03-16,26.066955317731196
2005-03-17,26.08833342989703
2005-03-18,26.040825174519057
2005-03-21,25.90336662609526
2005-03-22,25.649528275559174
2005-03-23,25.56547660699575
2005-03-24,25.53808368904904
2005-03-28,25.554223614346665
2005-03-29,25.32315002831503
2005-03-30,25.63406086653641
2005-03-31,25.657459674251797
2005-04-01,25.57172098681058
2005-04-04,25.52078684464686
2005-04-05,25.649694655193898
2005-04-06,25.712510145369706
2005-04-07,25.90332269094572
2005-04-08,25.694676244534968
2005-04-11,25.766973827731498
2005-04-12,25.811600435958088
2005-04-13,25.594151657391027
2005-04-14,25.314468914892664
2005-04-15,24.9689168653493
2005-04-18,24.923633432948375
2005-04-19,25.14367348729204
2005-04-20,24.86104783828086
2005-04-21,25.301869514065803
2005-04-22,25.144849054875245
2005-04-25,25.322254233379642
2005-04-26,25.086119889463774
2005-04-27,25.099170243206245
2005-04-28,24.813496985534734
2005-04-29,25.09320166107334
2005-05-02,25.154735537828216
2005-05-03,25.16717656631488
2005-05-04,25.504677318261333
2005-05-05,25.497792394515432
2005-05-06,25.48358412062689
2005-05-09,25.565377328799087
2005-05-10,25.314095738954517
2005-05-11,25.374547170242607
2005-05-12,25.09983528898438
2005-05-13,24.98341581421668
2005-05-16,25.129216459368678
2005-05-17,25.247823594226922
2005-05-18,25.47687736908677
2005-05-19,25.6024983858998
2005-05-20,25.531668018029613
2005-05-23,25.670367854426267
2005-05-24,25.684666690378954
2005-05-25,25.578318721813012
2005-05-26,25.70589461209133
2005-05-27,25.768088668480168
2005-05-31,25.619467730307996
2005-06-01,25.823386924065435
2005-06-02,25.89058185286701
2005-06-03,25.754460040859296
2005-06-06,25.816661122236887
2005-06-07,25.853987441112682
2005-06-08,25.875024020936316
2005-06-09,25.880743558507717
2005-06-10,25.827869861391736
2005-06-13,25.82091450192742
2005-06-14,25.912376995650416
2005-06-15,25.984564202757543
2005-06-16,26.100804675488284
2005-06-17,26.310256988649243
2005-06-20,26.22566276233536
2005-06-21,26.21461402651029
2005-06-22,26.252574198679426
2005-06-23,26.01938116979854
2005-06-24,25.862878225258743
2005-06-27,25.848571016517724
2005-06-28,26.049480885540664
2005-06-29,26.00653212632627
2005-06-30,25.884387236895616
2005-07-01,25.938655011010272
2005-07-05,26.04540204675163
2005-07-06,25.931771676868433
2005-07-07,25.891759653625073
2005-07-08,26.168738755456534
2005-07-11,26.418497349883754
2005-07-12,26.54714244220532
2005-07-13,26.49097187254707
2005-07-14,26.571582976393753
2005-07-15,26.544661148428126
2005-07-18,26.45142050618693
2005-07-19,26.528290740922607
2005-07-20,26.758320689856674
2005-07-21,26.653551054166922
2005-07-22,26.776276399630785
2005-07-25,26.646027027201256
2005-07-26,26.67145017379672
2005-07-27,26.806156341830114
2005-07-28,26.98056283913569
2005-07-29,26.899977999213657
2005-08-01,27.027651189449085
2005-08-02,27.23935660719235
2005-08-03,27.295110467484545
2005-08-04,27.10981100081406
2005-08-05,26.886632287101563
2005-08-08,26.91036839660996
2005-08-09,27.08820916203192
2005-08-10,27.220133848285176
2005-08-11,27.450596000542337
2005-08-12,27.32764863614373
2005-08-15,27.360374015696088
2005-08-16,27.082101561594694
2005-08-17,27.0780900945095
2005-08-18,26.911908807290686
2005-08-19,26.94543762920045
2005-08-22,27.131636764244565
2005-08-23,26.99980440915722
2005-08-24,26.854598262214896
2005-08-25,26.917558391707264
2005-08-26,26.797712295934918
2005-08-29,26.85801405961232
2005-08-30,26.744205120086008
2005-08-31,27.108933685368193
2005-09-01,27.321407402724425
2005-09-02,27.3288207536657
2005-09-06,27.6449390978819
2005-09-07,27.681968758503146
2005-09-08,27.548107351277245
2005-09-09,27.801682596484177
2005-09-12,27.738265872890626
2005-09-13,27.517011555694864
2005-09-14,27.510363058733567
2005-09-15,27.515482937997508
2005-09-16,27.723700970597097
2005-09-19,27.578465980390497
2005-09-20,27.487912435948413
2005-09-21,27.338843778955386
2005-09-22,27.331586214200595
2005-09-23,27.307324642740873
2005-09-26,27.42712063370187
2005-09-27,27.394996353108617
2005-09-28,27.513240184932055
2005-09-29,27.77486817587076
2005-09-30,27.80598933415946
2005-10-03,27.734285964518165
2005-10-04,27.57921503027441
2005-10-05,27.177950258692338
2005-10-06,26.992855568254868
2005-10-07,27.099894482236838
2005-10-10,26.93199359988499
2005-10-11,26.947650529678413
2005-10-12,26.743961553823503
2005-10-13,26.57365030075204
2005-10-14,26.856937654314834
2005-10-17,26.827056560588094
2005-10-18,26.501212879086665
2005-10-19,26.70929003804042
2005-10-20,26.34858221757768
2005-10-21,26.481485846544526
2005-10-24,26.851201227315325
2005-10-25,26.85556029265168
2005-10-26,26.77963588495866
2005-10-27,26.545099336206135
2005-10-28,26.845915418137206
2005-10-31,27.102424834967856
2005-11-01,27.11034883646398
2005-11-02,27.415836406601272
2005-11-03,27.564017673231866
2005-11-04,27.420104142608114
2005-11-07,27.492301733793024
2005-11-08,27.395620927278753
2005-11-09,27.412275717130843
2005-11-10,27.580880138328496
2005-11-11,27.681537609862477
2005-11-14,27.616796258683376
2005-11-15,27.450163065239398
2005-11-16,27.49394176568815
2005-11-17,27.839882073133356
2005-11-18,27.95194870084269
2005-11-21,28.11691371525057
2005-11-22,28.144205007941206
2005-11-23,28.323271356658612
2005-11-25,28.308365355629636
2005-11-28,28.118794082474135
2005-11-29,28.142128768700744
2005-11-30,28.020967501481337
2005-12-01,28.41689493728414
2005-12-02,28.476577202899485
2005-12-05,28.471834026685386
2005-12-06,28.550599722159813
2005-12-07,28.42815093992666
2005-12-08,28.437174552778966
2005-12-09,28.55575142378259
2005-12-12,28.7063181503627
2005-12-13,28.832678255237255
2005-12-14,28.930753754344895
2005-12-15,28.77791806719367
2005-12-16,28.82656968699516
2005-12-19,28.694487559062665
2005-12-20,28.72645968991712
2005-12-21,28.805284389275133
2005-12-22,28.94580068117017
2005-12-23,28.97567549893215
2005-12-27,28.76520076548688
2005-12-28,28.90861551041171
2005-12-29,28.846805695390742
2005-12-30,28.682767453200974
2006-01-03,29.306024317637238
2006-01-04,29.565008735156763
2006-01-05,29.543510213513102
2006-01-06,29.87800455409468
2006-01-09,29.961277047348396
2006-01-10,29.846451831020175
2006-01-11,30.007314449213087
2006-01-12,29.84765357398879
2006-01-13,29.863540355773917
2006-01-17,29.634768337766044
2006-01-18,29.40536633701349
2006-01-19,29.724152754531552
2006-01-20,29.226805387564244
2006-01-23,29.434993218437274
2006-01-24,29.557653731040833
2006-01-25,29.59226500506011
2006-01-26,29.903699374817304
2006-01-27,30.11885444696438
2006-01-30,30.09567319043992
2006-01-31,30.12089258823988
2006-02-01,30.186675591435737
2006-02-02,29.868459233334864
2006-02-03,29.699521046128808
2006-02-06,29.77958577961712
2006-02-07,29.514663494905772
2006-02-08,29.619566471025344
2006-02-09,29.641293325923165
2006-02-10,29.66435367108705
2006-02-13,29.47925168728531
2006-02-14,29.70477226316612
2006-02-15,29.764736328989496
2006-02-16,29.959849694210888
2006-02-17,29.929722800408275
2006-02-21,29.903885242716395
2006-02-22,30.097448444690315
2006-02-23,30.10371461238285
2006-02-24,30.189241742662666
2006-02-27,30.315543467963963
2006-02-28,30.024059287151125
2006-03-01,30.308541565723583
2006-03-02,30.201627278853916
2006-03-03,30.130350126741785
2006-03-06,29.999425701696104
2006-03-07,29.757150543710882
2006-03-08,29.747769060578786
2006-03-09,29.736684898783828
2006-03-10,29.942911890967153
2006-03-13,30.114269399918804
2006-03-14,30.45038799092924
2006-03-15,30.571266783578945
2006-03-16,30.64245084306899
2006-03-17,30.731538279535044
2006-03-20,30.772382935297614
2006-03-21,30.539037502623685
2006-03-22,30.726174178255487
2006-03-23,30.571607055827794
2006-03-24,30.674996022965622
2006-03-27,30.67319558422234
2006-03-28,30.528813232719134
2006-03-29,30.723261315190364
2006-03-30,30.874812089835505
2006-03-31,30.752184016504806
2006-04-03,30.913540346595493
2006-04-04,31.151624633719088
2006-04-05,31.294246774203387
2006-04-06,31.293590245946838
2006-04-07,30.971186365874686
2006-04-10,30.99750865793452
2006-04-11,30.72514697509845
2006-04-12,30.725907426516393
2006-04-13,30.75631634604563
2006-04-17,30.809802112245347
2006-04-18,31.323697294341713
2006-04-19,31.497208685201517
2006-04-20,31.49933642227439
2006-04-21,31.602157700432006
2006-04-24,31.500886641838434
2006-04-25,31.442025496101543
2006-04-26,31.57027424391498
2006-04-27,31.648702605840473
2006-04-28,31.644624683074692
2006-05-01,31.65707151029616
2006-05-02,31.954336597417466
2006-05-03,31.80476008580023
2006-05-04,31.979531794754042
2006-05-05,32.36752100161556
2006-05-08,32.404868841448746
2006-05-09,32.46476319274766
2006-05-10,32.3773281479045
2006-05-11,32.01126499163854
2006-05-12,31.567847068354975
2006-05-15,31.425153348541674
2006-05-16,31.346047476990883
2006-05-17,30.68131237260579
2006-05-18,30.482949369132317
2006-05-19,30.522749982157762
2006-05-22,30.128412810637027
2006-05-23,30.18399283252643
2006-05-24,30.06446096007393
2006-05-25,30.433663594973257
2006-05-26,30.706364815484882
2006-05-30,30.224930736432388
2006-05-31,30.452592819330583
2006-06-01,30.75407996000955
2006-06-02,30.9147889895139
2006-06-05,30.370280346557884
2006-06-06,30.07926210447075
2006-06-07,29.826994692885243
2006-06-08,29.475964886281186
2006-06-09,29.487413683658094
2006-06-12,29.059565865144652
2006-06-13,28.512426930599922
2006-06-14,28.798879132450175
2006-06-15,29.54782186178975
2006-06-16,29.43016632576227
2006-06-19,29.157397677964035
2006-06-20,29.18582841406602
2006-06-21,29.492570140842126
2006-06-22,29.435295878399078
2006-06-23,29.410655929176713
2006-06-26,29.532367264348935
2006-06-27,29.26073262500977
2006-06-28,29.40368938265898
2006-06-29,30.233727306725434
2006-06-30,30.43692448544343
2006-07-03,30.71659660591642
2006-07-05,30.303612721760878
2006-07-06,30.470264523477752
2006-07-07,30.313356940307266
2006-07-10,30.40842795383302
2006-07-11,30.47077905004047
2006-07-12,30.06996747679288
2006-07-13,29.62214869795795
2006-07-14,29.380484029866064
2006-07-17,29.157653993329312
2006-07-18,29.15460182669505
2006-07-19,29.765515837025873
2006-07-20,29.59105528220627
2006-07-21,29.432469935514085
2006-07-24,29.948962852816987
2006-07-25,30.13884524114005
2006-07-26,30.089465396881895
2006-07-27,30.199704844324568
2006-07-28,30.630939706278248
2006-07-31,30.576508304485078
2006-08-01,30.33543745105704
2006-08-02,30.645486020767404
2006-08-03,30.611157316259842
2006-08-04,30.72023820634234
2006-08-07,30.509120103259757
2006-08-08,30.423809298049775
2006-08-09,30.4372751649772
2006-08-10,30.494000118498523
2006-08-11,30.34221088865664
2006-08-14,30.424909711542774
2006-08-15,30.91176229012302
2006-08-16,31.221639095383743
2006-08-17,31.257832335297312
2006-08-18,31.278332345798127
2006-08-21,31.189562835500173
2006-08-22,31.17693425688027
2006-08-23,30.991303959758042
2006-08-24,31.032938699990922
2006-08-25,30.975330974917824
2006-08-28,31.120699151536037
2006-08-29,31.227711873507648
2006-08-30,31.319271339899373
2006-08-31,31.316067360918044
2006-09-01,31.49072898737999
2006-09-05,31.621514262048905
2006-09-06,31.189556334801807
2006-09-07,30.959491658175292
2006-09-08,31.031623827197514
2006-09-11,30.90936116694481
2006-09-12,31.25989661478822
2006-09-13,31.332689678844254
2006-09-14,31.344184926218475
2006-09-15,31.334982977960596
2006-09-18,31.430573297640578
2006-09-19,31.34314047643389
2006-09-20,31.50249707244837
2006-09-21,31.38715291801639
2006-09-22,31.29197092570285
2006-09-25,31.453728845508877
2006-09-26,31.635174443377462
2006-09-27,31.780487831530728
2006-09-28,31.82534512943018
2006-09-29,31.741086430468457
2006-10-02,31.717439637108605
2006-10-03,31.721846415901748
2006-10-04,32.04794469310948
2006-10-05,32.21223479260194
2006-10-06,32.052230739381315
2006-10-09,32.049699747215534
2006-10-10,32.16381491764884
2006-10-11,32.091743651706004
2006-10-12,32.41450750964484
2006-10-13,32.48111419178812
2006-10-16,32.63461227891284
2006-10-17,32.46146605267878
2006-10-18,32.52189098435677
2006-10-19,32.6372253862856
2006-10-20,32.6669185987485
2006-10-23,32.79157886331282
2006-10-24,32.797034977908154
2006-10-25,32.95586938163904
2006-10-26,33.170459611434396
2006-10-27,32.89796018395642
2006-10-30,32.88802747283789
2006-10-31,32.92984320108529
2006-11-01,32.78554440769751
2006-11-02,32.80622423906565
2006-11-03,32.75810283124114
2006-11-06,33.14989936723891
2006-11-07,33.25807771354824
2006-11-08,33.27507796742013
2006-11-09,33.08029216935872
2006-11-10,33.23772840950493
2006-11-13,33.23171371136467
2006-11-14,33.48563061083518
2006-11-15,33.53941056050169
2006-11-16,33.54923543524949
2006-11-17,33.51626063269018
2006-11-20,33.42499027451623
2006-11-21,33.53366187688618
2006-11-22,33.74131538611006
2006-11-24,33.683368497944116
2006-11-27,33.24122347487869
2006-11-28,33.36819492803754
2006-11-29,33.80803369371768
2006-11-30,33.88776963395288
2006-12-01,33.82085898336654
2006-12-04,34.115563523923804
2006-12-05,34.239295799179274
2006-12-06,34.24890817915902
2006-12-07,34.189213832108244
2006-12-08,34.24831794612642
2006-12-11,34.23810253874723
2006-12-12,34.222429678557404
2006-12-13,34.31389489644114
2006-12-14,34.581136828768045
2006-12-15,34.56618531703637
2006-12-18,34.4085304581164
2006-12-19,34.476322268591446
2006-12-20,34.50865100458777
2006-12-21,34.421388983110226
2006-12-22,34.292330996666735
2006-12-26,34.44178014357572
2006-12-27,34.715937344529294
2006-12-28,34.698707894885665
2006-12-29,34.56875391324828
2007-01-03,34.675267534433885
2007-01-04,34.665048474956414
2007-01-05,34.26184818984253
2007-01-08,34.32401538721385
2007-01-09,34.32074507837134
2007-01-10,34.21492660783483
2007-01-11,34.43323490040053
2007-01-12,34.73758492944667
2007-01-16,34.75753951805777
2007-01-17,34.74424117698754
2007-01-18,34.64331454705928
2007-01-19,34.848238696855894
2007-01-22,34.721562081859794
2007-01-23,34.914123953065484
2007-01-24,35.2015099978864
2007-01-25,34.7815039520097
2007-01-26,34.71428106524377
2007-01-29,34.71428106524377
2007-01-30,34.94916571201701
2007-01-31,35.0773068337354
2007-02-01,35.388626453204175
2007-02-02,35.41879811222794
2007-02-05,35.349127628092724
2007-02-06,35.47746944133681
2007-02-07,35.58931826396233
2007-02-08,35.49331918281369
2007-02-09,35.281252756323646
2007-02-12,35.143878491274364
2007-02-13,35.47619584204687
2007-02-14,35.84451322361031
2007-02-15,35.91632980205001
2007-02-16,35.90196210484952
2007-02-20,36.00665685926432
2007-02-21,35.90773652753657
2007-02-22,35.97251626191336
2007-02-23,35.966811327624704
2007-02-26,35.973717208754096
2007-02-27,34.67993564984726
2007-02-28,34.77530421625414
2007-03-01,34.55835746600722
2007-03-02,34.1336198252152
2007-03-05,33.62234127375043
2007-03-06,34.32595806223294
2007-03-07,34.26929413424872
2007-03-08,34.62312985024903
2007-03-09,34.68616982909099
2007-03-12,34.829750763354326
2007-03-13,34.110407056637364
2007-03-14,34.19320942488496
2007-03-15,34.40562451114784
2007-03-16,34.327290915808874
2007-03-19,34.771008413288044
2007-03-20,35.00496551596321
2007-03-21,35.5695849455178
2007-03-22,35.665693784456295
2007-03-23,35.70571289543732
2007-03-26,35.73137876530773
2007-03-27,35.5112527232726
2007-03-28,35.26546810744548
2007-03-29,35.472594029274795
2007-03-30,35.42654107404267
2007-04-02,35.57003859064688
2007-04-03,35.92496071011618
2007-04-04,36.00832941346047
2007-04-05,36.14005093814106
2007-04-09,36.12545935571105
2007-04-10,36.323795830314644
2007-04-11,36.12086793124256
2007-04-12,36.34968856655043
2007-04-13,36.45823840637984
2007-04-16,36.88464696159003
2007-04-17,36.87005702164682
2007-04-18,36.87005702164682
2007-04-19,36.7438663274001
2007-04-20,37.13332574194963
2007-04-23,36.969650214096944
2007-04-24,36.93232092840448
2007-04-25,37.30423767080703
2007-04-26,37.18589513139872
2007-04-27,37.13412989658863
2007-04-30,36.83438897840511
2007-05-01,36.9027261763196
2007-05-02,37.20899568625369
2007-05-03,37.33734640298424
2007-05-04,37.51876685047286
2007-05-07,37.6278639296812
2007-05-08,37.46651129423413
2007-05-09,37.64705402521274
2007-05-10,37.05718208234006
2007-05-11,37.49577235619953
2007-05-14,37.38398224398926
2007-05-15,37.3417472861608
2007-05-16,37.58119931271988
2007-05-17,37.50333046959985
2007-05-18,37.76089255480783
2007-05-21,37.79388512950721
2007-05-22,37.81389124383664
2007-05-23,37.84121909837418
2007-05-24,37.43790605735502
2007-05-25,37.65238683966259
2007-05-29,37.75244237160675
2007-05-30,37.976815573940684
2007-05-31,38.095501896718254
2007-06-01,38.345867673684126
2007-06-04,38.4315760837346
2007-06-05,38.243179445761626
2007-06-06,37.82476037579859
2007-06-07,37.16432954569094
2007-06-08,37.52979118985344
2007-06-11,37.581607557625894
2007-06-12,37.1434585838508
2007-06-13,37.64325474928076
2007-06-14,37.89884857017849
2007-06-15,38.27230617915872
2007-06-18,38.28437343204477
2007-06-19,38.33576655641604
2007-06-20,37.910428796384416
2007-06-21,38.139276083008205
2007-06-22,37.72967726575249
2007-06-25,37.577840235326796
2007-06-26,37.47476569944072
2007-06-27,37.73519383336696
2007-06-28,37.76982794588463
2007-06-29,37.84804848592329
2007-07-02,38.32385191615099
2007-07-03,38.49295543310447
2007-07-05,38.5073158759425
2007-07-06,38.68213444713623
2007-07-09,38.78522387349515
2007-07-10,38.31777276741786
2007-07-11,38.54407386915476
2007-07-12,39.212065737019564
2007-07-13,39.301058904625876
2007-07-16,39.17506574701011
2007-07-17,39.123695054325076
2007-07-18,39.00055927748413
2007-07-19,39.232645242290474
2007-07-20,38.831178161695505
2007-07-23,39.04007547949042
2007-07-24,38.29454904548768
2007-07-25,38.35531778470008
2007-07-26,37.31882095006881
2007-07-27,36.71127710970017
2007-07-30,37.21272816278966
2007-07-31,36.95660483093737
2007-08-01,37.00167127456813
2007-08-02,37.162404300111554
2007-08-03,36.22485394353591
2007-08-06,36.95311269037875
2007-08-07,37.08278595917513
2007-08-08,37.71894630732757
2007-08-09,36.592920194928595
2007-08-10,36.41826950535936
2007-08-13,36.45006625662516
2007-08-14,35.81673548597943
2007-08-15,35.18590120544621
2007-08-16,35.012076862328115
2007-08-17,35.70314945377139
2007-08-20,35.81109041618146
2007-08-21,35.853729305509255
2007-08-22,36.47339066897004
2007-08-23,36.5208612242012
2007-08-24,37.02891784501958
2007-08-27,36.756950893913725
2007-08-28,35.87977158182784
2007-08-29,36.76025315058934
2007-08-30,36.56514621415089
2007-08-31,37.136291376748495
2007-09-04,37.51755022943844
2007-09-05,37.01583538753784
2007-09-06,37.222424762236734
2007-09-07,36.63202988416108
2007-09-10,36.525951410109535
2007-09-11,37.087912324810866
2007-09-12,37.09650206708344
2007-09-13,37.36311679033096
2007-09-14,37.30296538310049
2007-09-17,36.96436120777628
2007-09-18,38.06521259489857
2007-09-19,38.37815164476464
2007-09-20,38.22945499905923
2007-09-21,38.476458799056076
2007-09-24,38.38697078134938
2007-09-25,38.40962899495215
2007-09-26,38.616606701574476
2007-09-27,38.977175037751174
2007-09-28,38.93564191365454
2007-10-01,39.4870432668282
2007-10-02,39.510351702405785
2007-10-03,39.30111354347501
2007-10-04,39.39858105208484
2007-10-05,39.85784682406776
2007-10-08,39.646499422411736
2007-10-09,40.024830904728404
2007-10-10,39.99305522726717
2007-10-11,39.89033868676674
2007-10-12,40.11958122143579
2007-10-15,39.77474037508034
2007-10-16,39.40076946555946
2007-10-17,39.59392688003482
2007-10-18,39.63282373696377
2007-10-19,38.683126620008444
2007-10-22,38.73842403590475
2007-10-23,39.2376606595043
2007-10-24,39.11179305596253
2007-10-25,39.16306667876176
2007-10-26,39.83984693538114
2007-10-29,40.08918378405121
2007-10-30,39.7975183714
2007-10-31,40.36078494665814
2007-11-01,39.251093298500116
2007-11-02,39.41009835905163
2007-11-05,38.98739360188098
2007-11-06,39.555611020516885
2007-11-07,38.56922519946537
2007-11-08,38.660223312889265
2007-11-09,38.04063263444879
2007-11-12,37.469701806025554
2007-11-13,38.554581585218436
2007-11-14,38.33409890529439
2007-11-15,37.81366434852559
2007-11-16,37.952364060773974
2007-11-19,37.13884269546632
2007-11-20,37.50181839951597
2007-11-21,36.80370029737811
2007-11-23,37.501134529500284
2007-11-26,36.77664859032203
2007-11-27,37.304224703927154
2007-11-28,38.32062685858525
2007-11-29,38.27686934148847
2007-11-30,38.538913618947745
2007-12-03,38.331421362029594
2007-12-04,38.11205745393876
2007-12-05,38.683568547409
2007-12-06,39.21608056314107
2007-12-07,39.173373927363
2007-12-10,39.43296049133931
2007-12-11,38.42992815659274
2007-12-12,38.83950321706204
2007-12-13,38.52647839190528
2007-12-14,37.80780267539964
2007-12-17,37.050408020299315
2007-12-18,37.37397649643877
2007-12-19,37.26468701539534
2007-12-20,37.441938893167915
2007-12-21,38.09862095221534
2007-12-24,38.38720355012712
2007-12-26,38.49543825067324
2007-12-27,38.102217793523735
2007-12-28,38.23213297162918
2007-12-31,38.01605401439122
2008-01-02,37.62577974110435
2008-01-03,37.604652532600944
2008-01-04,36.682518245618084
2008-01-07,36.730102801519834
2008-01-08,36.264326832436055
2008-01-09,36.73260308560943
2008-01-10,36.86626541392857
2008-01-11,36.290495094275336
2008-01-14,36.70364699915515
2008-01-15,35.67801384286959
2008-01-16,35.23167996668168
2008-01-17,34.413041837453484
2008-01-18,34.369345604390936
2008-01-22,33.572377366681884
2008-01-23,33.91642264618627
2008-01-24,34.595509632509206
2008-01-25,34.256367700377645
2008-01-28,34.72755018991979
2008-01-29,34.9724749185929
2008-01-30,34.747997685487164
2008-01-31,35.293908790737035
2008-02-01,35.80437712349406
2008-02-04,35.576512041521426
2008-02-05,34.31448680939561
2008-02-06,34.075219117711114
2008-02-07,34.14582893033478
2008-02-08,33.99395105315472
2008-02-11,34.11604842799567
2008-02-12,34.57896982031808
2008-02-13,34.96398563319807
2008-02-14,34.70545991403767
2008-02-15,34.68801462441583
2008-02-19,34.90042328142828
2008-02-20,34.99587574773512
2008-02-21,34.735595551331386
2008-02-22,35.026875769634955
2008-02-25,35.53182400637615
2008-02-26,35.932854883876345
2008-02-27,35.98083397725619
2008-02-28,35.67420270007645
2008-02-29,34.75162515208279
2008-03-03,34.72328035108089
2008-03-04,34.43759378601571
2008-03-05,34.750954930912776
2008-03-06,34.08646579672788
2008-03-07,33.771940385822646
2008-03-10,33.23439231903563
2008-03-11,34.44524987862158
2008-03-12,34.247883290815125
2008-03-13,34.396077504278125
2008-03-14,33.687113938559065
2008-03-17,33.07951998037114
2008-03-18,34.35038435337691
2008-03-19,33.336934166062136
2008-03-20,33.932914672214096
2008-03-24,34.50335164438847
2008-03-25,34.88074106902162
2008-03-26,34.76235324144267
2008-03-27,34.54060359457867
2008-03-28,34.362805288483735
2008-03-31,34.53615674812999
2008-04-01,35.6267863374655
2008-04-02,35.65201136527632
2008-04-03,35.73928379173178
2008-04-04,35.83181033317465
2008-04-07,35.94734551761585
2008-04-08,35.78412880797991
2008-04-09,35.487733495583974
2008-04-10,35.56968448367965
2008-04-11,34.990208079379556
2008-04-14,34.89621250019542
2008-04-15,35.12255371716005
2008-04-16,36.01865051938059
2008-04-17,35.862151965935546
2008-04-18,36.388548285946484
2008-04-21,36.41869929227804
2008-04-22,36.12731761104118
2008-04-23,36.26144764943722
2008-04-24,36.29959933158328
2008-04-25,36.61424225874958
2008-04-28,36.62800414882757
2008-04-29,36.38182505419182
2008-04-30,36.40205144538327
2008-05-01,36.85670928054527
2008-05-02,37.01597823820328
2008-05-05,36.97003288780895
2008-05-06,37.21101541628334
2008-05-07,36.56244310492181
2008-05-08,36.777047088365684
2008-05-09,36.56429741303496
2008-05-12,36.94795282400686
2008-05-13,36.929093268628776
2008-05-14,37.02380545896851
2008-05-15,37.527568586823506
2008-05-16,37.71999001133027
2008-05-19,37.708950611988605
2008-05-20,37.37917284992697
2008-05-21,36.86804007080455
2008-05-22,37.07020993481735
2008-05-23,36.607866074410055
2008-05-27,36.70741296066731
2008-05-28,36.85188448427302
2008-05-29,36.90575152821347
2008-05-30,37.07100031715054
2008-06-02,36.74551573314128
2008-06-03,36.53866990910056
2008-06-04,36.44181521200226
2008-06-05,37.11041715310073
2008-06-06,36.06500611826874
2008-06-09,36.033233823974015
2008-06-10,35.66645201977684
2008-06-11,35.1159570397058
2008-06-12,35.1344579403849
2008-06-13,35.57435104843846
2008-06-16,35.67072669851154
2008-06-17,35.637387627439416
2008-06-18,35.30672483321732
2008-06-19,35.3489286611294
2008-06-20,34.635729716581366
2008-06-23,34.61564168546127
2008-06-24,34.42795156481542
2008-06-25,34.761349621645714
2008-06-26,33.87428665161133
2008-06-27,33.81962203979492
2008-06-30,33.8469352722168
2008-07-01,33.54633712768555
2008-07-02,33.05439758300781
2008-07-03,33.14324188232422
2008-07-07,33.074893951416016
2008-07-08,33.13639831542969
2008-07-09,32.75379180908203
2008-07-10,32.69913101196289
2008-07-11,32.5556526184082
2008-07-14,32.44633483886719
2008-07-15,31.947587966918945
2008-07-16,32.603485107421875
2008-07-17,33.02024459838867
2008-07-18,32.986083984375
2008-07-21,33.088565826416016
2008-07-22,33.273033142089844
2008-07-23,33.532676696777344
2008-07-24,32.79479217529297
2008-07-25,32.938255310058594
2008-07-28,32.41217803955078
2008-07-29,32.72645950317383
2008-07-30,33.273033142089844
2008-07-31,32.938255310058594
2008-08-01,32.746971130371094
2008-08-04,32.268699645996094
2008-08-05,33.06124496459961
2008-08-06,33.279869079589844
2008-08-07,32.52149200439453
2008-08-08,32.95191955566406
2008-08-11,33.15006637573242
2008-08-12,32.69230270385742
2008-08-13,32.3301887512207
2008-08-14,32.473663330078125
2008-08-15,32.44633483886719
2008-08-18,31.906587600708008
2008-08-19,31.633302688598633
2008-08-20,31.920251846313477
2008-08-21,32.16621780395508
2008-08-22,32.337032318115234
2008-08-25,31.742605209350582
2008-08-26,31.906587600708008
2008-08-27,31.947587966918945
2008-08-28,32.62397384643555
2008-08-29,32.3301887512207
2008-09-02,31.42832946777344
2008-09-03,31.537654876708984
2008-09-04,30.37615966796875
2008-09-05,30.17803001403809
2008-09-08,31.03206443786621
2008-09-09,30.26001739501953
2008-09-10,30.505983352661133
2008-09-11,30.48548698425293
2008-09-12,30.82709312438965
2008-09-15,29.563133239746097
2008-09-16,30.05506134033203
2008-09-17,28.428985595703125
2008-09-18,29.925233840942383
2008-09-19,31.70845413208008
2008-09-22,30.560644149780273
2008-09-23,30.758766174316406
2008-09-24,29.788597106933594
2008-09-25,30.635801315307617
2008-09-26,30.92957878112793
2008-09-29,28.968725204467773
2008-09-30,29.38549041748047
2008-10-01,28.955066680908203
2008-10-02,27.39729881286621
2008-10-03,27.158178329467773
2008-10-06,25.86005210876465
2008-10-07,24.671234130859375
2008-10-08,24.288637161254883
2008-10-09,23.127151489257812
2008-10-10,22.39610481262207
2008-10-13,25.409120559692383
2008-10-14,25.94886589050293
2008-10-15,22.799205780029297
2008-10-16,23.33895492553711
2008-10-17,23.11349868774414
2008-10-20,24.73273277282715
2008-10-21,23.202308654785156
2008-10-22,21.501075744628903
2008-10-23,21.4532527923584
2008-10-24,21.296113967895508
2008-10-27,20.107301712036133
2008-10-28,21.316606521606445
2008-10-29,22.88802719116211
2008-10-30,23.08615493774414
2008-10-31,23.08615493774414
2008-11-03,23.099822998046875
2008-11-04,24.34329605102539
2008-11-05,23.06566047668457
2008-11-06,21.7060489654541
2008-11-07,22.765047073364254
2008-11-10,22.553241729736328
2008-11-11,21.658220291137695
2008-11-12,20.667551040649418
2008-11-13,22.211633682250977
2008-11-14,20.88617706298828
2008-11-17,20.70853614807129
2008-11-18,20.858850479125977
2008-11-19,19.478734970092773
2008-11-20,18.18743896484375
2008-11-21,19.615379333496097
2008-11-24,20.63338279724121
2008-11-25,20.845184326171875
2008-11-26,21.35077476501465
2008-11-28,21.51474380493164
2008-12-01,19.74519157409668
2008-12-02,20.688045501708984
2008-12-03,21.10481071472168
2008-12-04,20.31909942626953
2008-12-05,20.96816062927246
2008-12-08,21.83585548400879
2008-12-09,21.521574020385746
2008-12-10,21.958839416503903
2008-12-11,21.630889892578125
2008-12-12,21.82903289794922
2008-12-15,21.658220291137695
2008-12-16,22.84020614624023
2008-12-17,22.730884552001953
2008-12-18,22.027162551879883
2008-12-19,21.94516944885254
2008-12-22,21.7060489654541
2008-12-23,21.507911682128903
2008-12-24,21.647506713867188
2008-12-26,21.833168029785156
2008-12-29,21.819425582885746
2008-12-30,22.39018440246582
2008-12-31,22.67899703979492
2009-01-02,23.291013717651367
2009-01-05,23.359773635864254
2009-01-06,23.27725601196289
2009-01-07,22.76151466369629
2009-01-08,22.685869216918945
2009-01-09,22.135744094848633
2009-01-12,21.571866989135746
2009-01-13,21.386192321777344
2009-01-14,20.636648178100582
2009-01-15,20.877330780029297
2009-01-16,21.131765365600582
2009-01-20,19.577651977539062
2009-01-21,20.62977600097656
2009-01-22,20.230928421020508
2009-01-23,20.25843620300293
2009-01-26,20.395959854125977
2009-01-27,20.787933349609375
2009-01-28,21.427459716796875
2009-01-29,20.51287078857422
2009-01-30,20.217174530029297
2009-02-02,20.18279457092285
2009-02-03,20.581634521484375
2009-02-04,20.437219619750977
2009-02-05,21.33118438720703
2009-02-06,21.4549617767334
2009-02-09,21.393064498901367
2009-02-10,20.395959854125977
2009-02-11,20.540376663208008
2009-02-12,20.49223518371582
2009-02-13,20.416595458984375
2009-02-17,19.323219299316406
2009-02-18,19.206315994262695
2009-02-19,19.151302337646484
2009-02-20,18.566791534423828
2009-02-23,18.271100997924805
2009-02-24,18.98627281188965
2009-02-25,18.711198806762695
2009-02-26,18.580543518066406
2009-02-27,18.291732788085938
2009-03-02,17.35651206970215
2009-03-03,17.212100982666016
2009-03-04,17.94103240966797
2009-03-05,17.205236434936523
2009-03-06,17.143346786499023
2009-03-09,16.8476505279541
2009-03-10,18.044178009033203
2009-03-11,18.057920455932617
2009-03-12,18.724956512451172
2009-03-13,19.254451751708984
2009-03-16,18.83498191833496
2009-03-17,19.391984939575195
2009-03-18,19.84583854675293
2009-03-19,19.742691040039062
2009-03-20,19.385112762451172
2009-03-23,20.88420867919922
2009-03-24,20.28594017028809
2009-03-25,20.567880630493164
2009-03-26,20.918588638305664
2009-03-27,20.34095764160156
2009-03-30,19.502016067504883
2009-03-31,19.907730102539062
2009-04-01,20.32719993591309
2009-04-02,21.18677520751953
2009-04-03,21.283048629760746
2009-04-06,21.06299591064453
2009-04-07,20.581634521484375
2009-04-08,20.904830932617188
2009-04-09,21.63375473022461
2009-04-13,21.7644100189209
2009-04-14,21.468721389770508
2009-04-15,21.730030059814453
2009-04-16,21.984460830688477
2009-04-17,21.943204879760746
2009-04-20,20.939220428466797
2009-04-21,21.406824111938477
2009-04-22,21.283048629760746
2009-04-23,21.730030059814453
2009-04-24,21.97071075439453
2009-04-27,21.72315216064453
2009-04-28,21.544363021850582
2009-04-29,22.108240127563477
2009-04-30,22.30766487121582
2009-05-01,22.5689697265625
2009-05-04,23.4354190826416
2009-05-05,23.297889709472656
2009-05-06,23.669219970703125
2009-05-07,23.401042938232425
2009-05-08,24.233110427856445
2009-05-11,23.531692504882812
2009-05-12,23.6623592376709
2009-05-13,22.974679946899418
2009-05-14,23.146604537963867
2009-05-15,23.022829055786133
2009-05-18,23.916776657104492
2009-05-19,24.013050079345703
2009-05-20,23.99930000305176
2009-05-21,23.779253005981445
2009-05-22,23.861770629882812
2009-05-26,24.35688018798828
2009-05-27,23.94428062438965
2009-05-28,24.329381942749023
2009-05-29,24.67321014404297
2009-06-01,25.40212631225586
2009-06-02,25.360862731933594
2009-06-03,24.831356048583984
2009-06-04,25.07204818725586
2009-06-05,24.94827651977539
2009-06-08,24.831356048583984
2009-06-09,25.051410675048828
2009-06-10,24.97576904296875
2009-06-11,25.35399627685547
2009-06-12,25.285221099853516
2009-06-15,24.51504898071289
2009-06-16,24.184959411621097
2009-06-17,24.08182716369629
2009-06-18,24.13683319091797
2009-06-19,24.205596923828125
2009-06-22,23.462919235229492
2009-06-23,23.71736717224121
2009-06-24,23.93741226196289
2009-06-25,24.44628143310547
2009-06-26,24.460023880004883
2009-06-29,24.65945053100586
2009-06-30,24.246854782104492
2009-07-01,24.680089950561523
2009-07-02,23.9511775970459
2009-07-06,23.916776657104492
2009-07-07,23.4354190826416
2009-07-08,23.373537063598633
2009-07-09,23.579830169677734
2009-07-10,23.469810485839844
2009-07-13,23.923654556274418
2009-07-14,24.08182716369629
2009-07-15,24.907012939453125
2009-07-16,25.0239200592041
2009-07-17,25.07892417907715
2009-07-20,25.553396224975582
2009-07-21,25.553396224975582
2009-07-22,25.629053115844727
2009-07-23,26.19981384277344
2009-07-24,26.26857566833496
2009-07-27,26.364845275878903
2009-07-28,26.25482940673828
2009-07-29,25.972888946533203
2009-07-30,26.50237464904785
2009-07-31,26.70180892944336
2009-08-03,27.27943420410156
2009-08-04,27.190044403076172
2009-08-05,27.162525177001953
2009-08-06,26.98374366760254
2009-08-07,27.17629623413086
2009-08-10,27.004377365112305
2009-08-11,26.715551376342773
2009-08-12,27.0112361907959
2009-08-13,27.348203659057617
2009-08-14,27.066267013549805
2009-08-17,26.261703491210938
2009-08-18,26.619274139404297
2009-08-19,26.729312896728516
2009-08-20,27.03875160217285
2009-08-21,27.588884353637695
2009-08-24,27.62325668334961
2009-08-25,27.698898315429688
2009-08-26,27.609525680541992
2009-08-27,27.692035675048828
2009-08-28,27.68515968322754
2009-08-31,27.416969299316406
2009-09-01,26.818714141845703
2009-09-02,26.86683654785156
2009-09-03,27.162525177001953
2009-09-04,27.50636100769043
2009-09-08,28.00835609436035
2009-09-09,28.26279067993164
2009-09-10,28.5584774017334
2009-09-11,28.524105072021484
2009-09-14,28.61350440979004
2009-09-15,28.737279891967773
2009-09-16,29.232391357421875
2009-09-17,29.184240341186523
2009-09-18,29.197999954223633
2009-09-21,28.957321166992188
2009-09-22,29.36992645263672
2009-09-23,28.998580932617188
2009-09-24,28.57222366333008
2009-09-25,28.503463745117188
2009-09-28,28.9298095703125
2009-09-29,28.888566970825195
2009-09-30,28.85417938232422
2009-10-01,28.104637145996097
2009-10-02,27.967086791992188
2009-10-05,28.35218048095703
2009-10-06,28.7028865814209
2009-10-07,28.840429306030273
2009-10-08,29.239259719848633
2009-10-09,29.2805233001709
2009-10-12,29.431814193725582
2009-10-13,29.36992645263672
2009-10-14,30.057571411132812
2009-10-15,30.09195327758789
2009-10-16,29.748130798339844
2009-10-19,30.167593002319336
2009-10-20,29.858163833618164
2009-10-21,29.74126243591309
2009-10-22,30.043813705444336
2009-10-23,29.63122940063477
2009-10-26,29.232391357421875
2009-10-27,28.98482322692871
2009-10-28,28.17337989807129
2009-10-29,29.1567440032959
2009-10-30,28.125263214111328
2009-11-02,28.3109188079834
2009-11-03,28.372819900512695
2009-11-04,28.5584774017334
2009-11-05,29.026100158691406
2009-11-06,29.026100158691406
2009-11-09,29.892534255981445
2009-11-10,29.837514877319336
2009-11-11,30.016319274902344
2009-11-12,29.583086013793945
2009-11-13,29.885663986206055
2009-11-16,30.35325813293457
2009-11-17,30.284503936767575
2009-11-18,30.5389347076416
2009-11-19,29.789398193359375
2009-11-20,29.5899658203125
2009-11-23,30.08507919311523
2009-11-24,29.9200496673584
2009-11-25,30.27762985229492
2009-11-27,29.493688583374023
2009-11-30,29.624353408813477
2009-12-01,30.250133514404297
2009-12-02,30.30513381958008
2009-12-03,30.098846435546875
2009-12-04,30.153858184814453
2009-12-07,29.995697021484375
2009-12-08,29.596845626831055
2009-12-09,29.651857376098633
2009-12-10,29.789398193359375
2009-12-11,29.837514877319336
2009-12-14,30.071332931518555
2009-12-15,29.844392776489254
2009-12-16,30.023191452026367
2009-12-17,29.431814193725582
2009-12-18,29.5693359375
2009-12-21,29.72749900817871
2009-12-22,29.899412155151367
2009-12-23,30.064453125
2009-12-24,30.247394561767575
2009-12-28,30.317214965820312
2009-12-29,30.303245544433594
2009-12-30,30.24040412902832
2009-12-31,30.08679962158203
2010-01-04,30.79200553894043
2010-01-05,30.882766723632812
2010-01-06,31.036378860473633
2010-01-07,30.917686462402344
2010-01-08,31.12018394470215
2010-01-11,31.217945098876953
2010-01-12,30.868818283081055
2010-01-13,31.1062068939209
2010-01-14,31.19001579284668
2010-01-15,30.847864151000977
2010-01-19,31.210952758789062
2010-01-20,30.589529037475582
2010-01-21,29.912248611450195
2010-01-22,29.297801971435547
2010-01-25,29.521224975585938
2010-01-26,29.37459945678711
2010-01-27,29.269874572753903
2010-01-28,28.83696174621582
2010-01-29,28.55068016052246
2010-02-01,29.130218505859375
2010-02-02,29.577089309692383
2010-02-03,29.32571792602539
2010-02-04,28.285362243652344
2010-02-05,28.040977478027344
2010-02-08,27.859439849853516
2010-02-09,28.45991897583008
2010-02-10,28.306310653686523
2010-02-11,28.676366806030273
2010-02-12,28.50181007385254
2010-02-16,29.088315963745117
2010-02-17,29.200035095214844
2010-02-18,29.367616653442383
2010-02-19,29.297801971435547
2010-02-22,29.32571792602539
2010-02-23,28.795063018798828
2010-02-24,29.039451599121097
2010-02-25,28.97660255432129
2010-02-26,29.144182205200195
2010-03-01,29.40253448486328
2010-03-02,29.653894424438477
2010-03-03,29.751651763916016
2010-03-04,29.807512283325195
2010-03-05,30.3381404876709
2010-03-08,30.373077392578125
2010-03-09,30.373077392578125
2010-03-10,30.512720108032227
2010-03-11,30.568574905395508
2010-03-12,30.624439239501953
2010-03-15,30.498764038085938
2010-03-16,30.840892791748047
2010-03-17,30.973554611206055
2010-03-18,30.85484313964844
2010-03-19,30.624439239501953
2010-03-22,30.708229064941406
2010-03-23,30.98053550720215
2010-03-24,30.72916030883789
2010-03-25,30.631412506103516
2010-03-26,30.75011825561523
2010-03-29,31.036378860473633
2010-03-30,31.113197326660156
2010-03-31,31.085268020629883
2010-04-01,31.469303131103516
2010-04-05,31.706703186035156
2010-04-06,31.71367645263672
2010-04-07,31.469303131103516
2010-04-08,31.518165588378903
2010-04-09,31.82539749145508
2010-04-12,31.88823890686035
2010-04-13,31.860305786132812
2010-04-14,32.24433898925781
2010-04-15,32.20941925048828
2010-04-16,31.58100700378418
2010-04-19,31.54609489440918
2010-04-20,31.78349876403809
2010-04-21,31.67179298400879
2010-04-22,31.57403564453125
2010-04-23,31.832380294799805
2010-04-26,31.776514053344727
2010-04-27,30.79200553894043
2010-04-28,30.840892791748047
2010-04-29,31.357580184936523
2010-04-30,30.945627212524418
2010-05-03,31.231904983520508
2010-05-04,30.184547424316406
2010-05-05,29.793542861938477
2010-05-06,28.6484317779541
2010-05-07,28.43896484375
2010-05-10,30.058853149414062
2010-05-11,29.695781707763672
2010-05-12,30.058853149414062
2010-05-13,29.723709106445312
2010-05-14,29.025476455688477
2010-05-17,29.08133888244629
2010-05-18,28.59256935119629
2010-05-19,28.404056549072266
2010-05-20,27.328771591186523
2010-05-21,27.92926597595215
2010-05-24,27.50334358215332
2010-05-25,27.314821243286133
2010-05-26,27.14725112915039
2010-05-27,28.41802215576172
2010-05-28,27.887361526489254
2010-06-01,27.54523277282715
2010-06-02,28.320268630981445
2010-06-03,28.34819793701172
2010-06-04,27.2799072265625
2010-06-07,26.944759368896484
2010-06-08,27.328771591186523
2010-06-09,27.258955001831055
2010-06-10,28.124757766723633
2010-06-11,28.243465423583984
2010-06-14,28.22949981689453
2010-06-15,29.08133888244629
2010-06-16,29.004539489746097
2010-06-17,29.01851463317871
2010-06-18,29.053422927856445
2010-06-21,29.11625289916992
2010-06-22,28.6484317779541
2010-06-23,28.690338134765625
2010-06-24,28.180618286132812
2010-06-25,28.36914825439453
2010-06-28,28.22949981689453
2010-06-29,27.307830810546875
2010-06-30,27.1053466796875
2010-07-01,27.182151794433594
2010-07-02,27.14725112915039
2010-07-06,27.496353149414062
2010-07-07,28.31328582763672
2010-07-08,28.55068016052246
2010-07-09,28.746192932128903
2010-07-12,28.620508193969727
2010-07-13,29.088315963745117
2010-07-14,29.095304489135746
2010-07-15,29.13720703125
2010-07-16,28.285362243652344
2010-07-19,28.473878860473633
2010-07-20,28.809045791625977
2010-07-21,28.397071838378903
2010-07-22,29.17910385131836
2010-07-23,29.437442779541016
2010-07-26,29.660873413085938
2010-07-27,29.681819915771484
2010-07-28,29.549158096313477
2010-07-29,29.54218864440918
2010-07-30,29.59803009033203
2010-08-02,30.407976150512695
2010-08-03,30.25438117980957
2010-08-04,30.394025802612305
2010-08-05,30.373077392578125
2010-08-06,30.2962589263916
2010-08-09,30.421945571899418
2010-08-10,30.212474822998047
2010-08-11,29.13720703125
2010-08-12,29.039451599121097
2010-08-13,28.94867706298828
2010-08-16,29.06739044189453
2010-08-17,29.47934341430664
2010-08-18,29.521224975585938
2010-08-19,29.06739044189453
2010-08-20,28.885833740234375
2010-08-23,28.76714134216309
2010-08-24,28.320268630981445
2010-08-25,28.36914825439453
2010-08-26,28.243465423583984
2010-08-27,28.809045791625977
2010-08-30,28.38310432434082
2010-08-31,28.41802215576172
2010-09-01,29.33271026611328
2010-09-02,29.521224975585938
2010-09-03,29.85638427734375
2010-09-07,29.514251708984375
2010-09-08,29.74466133117676
2010-09-09,29.940170288085938
2010-09-10,30.06585693359375
2010-09-13,30.53367042541504
2010-09-14,30.624439239501953
2010-09-15,30.65237045288086
2010-09-16,30.5755615234375
2010-09-17,30.49176788330078
2010-09-20,30.9595890045166
2010-09-21,30.93863868713379
2010-09-22,30.903724670410156
2010-09-23,30.58253288269043
2010-09-24,31.308713912963867
2010-09-27,31.19001579284668
2010-09-28,31.385496139526367
2010-09-29,31.357580184936523
2010-09-30,31.2737979888916
2010-10-01,31.532140731811523
2010-10-04,31.245859146118164
2010-10-05,31.9790096282959
2010-10-06,32.04882049560547
2010-10-07,31.97202491760254
2010-10-08,32.160545349121094
2010-10-11,32.132625579833984
2010-10-12,32.17451095581055
2010-10-13,32.52362060546875
2010-10-14,32.53759765625
2010-10-15,32.50965881347656
2010-10-18,32.58647155761719
2010-10-19,31.895206451416016
2010-10-20,32.42587661743164
2010-10-21,32.38398742675781
2010-10-22,32.453800201416016
2010-10-25,32.600425720214844
2010-10-26,32.46775817871094
2010-10-27,32.216400146484375
2010-10-28,32.42587661743164
2010-10-29,32.460784912109375
2010-11-01,32.4398307800293
2010-11-02,32.83085250854492
2010-11-03,33.00540542602539
2010-11-04,33.703617095947266
2010-11-05,33.6966552734375
2010-11-08,33.58494186401367
2010-11-09,33.28469467163086
2010-11-10,33.36151123046875
2010-11-11,33.214866638183594
2010-11-12,32.774986267089844
2010-11-15,32.747047424316406
2010-11-16,32.08375549316406
2010-11-17,32.17451095581055
2010-11-18,32.83085250854492
2010-11-19,32.83085250854492
2010-11-22,32.71213912963867
2010-11-23,31.93711280822754
2010-11-24,32.43286895751953
2010-11-26,32.06978988647461
2010-11-29,31.895206451416016
2010-11-30,31.601957321166992
2010-12-01,32.41191101074219
2010-12-02,33.00540542602539
2010-12-03,33.1660041809082
2010-12-06,33.07522964477539
2010-12-07,33.04031753540039
2010-12-08,33.096187591552734
2010-12-09,33.18694305419922
2010-12-10,33.32659149169922
2010-12-13,33.54303741455078
2010-12-14,33.58494186401367
2010-12-15,33.263729095458984
2010-12-16,33.45226287841797
2010-12-17,33.35453796386719
2010-12-20,33.39640426635742
2010-12-21,33.68268966674805
2010-12-22,33.7737922668457
2010-12-23,33.7097282409668
2010-12-27,33.731082916259766
2010-12-28,33.7097282409668
2010-12-29,33.944618225097656
2010-12-30,33.91615676879883
2010-12-31,34.022918701171875
2011-01-03,34.32898712158203
2011-01-04,34.27204513549805
2011-01-05,34.2862663269043
2011-01-06,34.04428482055664
2011-01-07,33.930381774902344
2011-01-10,33.78803253173828
2011-01-11,34.08697509765625
2011-01-12,34.60657501220703
2011-01-13,34.585235595703125
2011-01-14,34.7916374206543
2011-01-18,34.898399353027344
2011-01-19,34.59233856201172
2011-01-20,34.407283782958984
2011-01-21,34.4926872253418
2011-01-24,34.720455169677734
2011-01-25,34.62080764770508
2011-01-26,34.83434295654297
2011-01-27,34.94111251831055
2011-01-28,34.179508209228516
2011-01-31,34.49980926513672
2011-02-01,35.168880462646484
2011-02-02,35.090579986572266
2011-02-03,35.13328170776367
2011-02-04,35.17599868774414
2011-02-07,35.268531799316406
2011-02-08,35.446468353271484
2011-02-09,35.218685150146484
2011-02-10,35.02652359008789
2011-02-11,35.23294448852539
2011-02-14,35.3183479309082
2011-02-15,35.24005889892578
2011-02-16,35.50340270996094
2011-02-17,35.70269775390625
2011-02-18,35.81660079956055
2011-02-22,34.90553283691406
2011-02-23,34.80588912963867
2011-02-24,34.855709075927734
2011-02-25,35.225830078125
2011-02-28,35.510528564453125
2011-03-01,35.03364181518555
2011-03-02,35.225830078125
2011-03-03,35.759647369384766
2011-03-04,35.48918151855469
2011-03-07,35.24005889892578
2011-03-08,35.432228088378906
2011-03-09,35.37529754638672
2011-03-10,34.57099914550781
2011-03-11,34.69911575317383
2011-03-14,34.40015411376953
2011-03-15,33.7737922668457
2011-03-16,32.990840911865234
2011-03-17,33.723976135253906
2011-03-18,33.994449615478516
2011-03-21,34.67063903808594
2011-03-22,34.59945297241211
2011-03-23,34.64927673339844
2011-03-24,35.09770202636719
2011-03-25,35.03364181518555
2011-03-28,34.93400192260742
2011-03-29,35.18310546875
2011-03-30,35.53188705444336
2011-03-31,35.48918151855469
2011-04-01,35.781009674072266
2011-04-04,35.83795166015625
2011-04-05,35.83795166015625
2011-04-06,36.01589584350586
2011-04-07,35.8948860168457
2011-04-08,35.93046951293945
2011-04-11,35.82372283935547
2011-04-12,35.46071243286133
2011-04-13,35.517642974853516
2011-04-14,35.638648986816406
2011-04-15,35.65288162231445
2011-04-18,35.03364181518555
2011-04-19,35.346832275390625
2011-04-20,36.02300262451172
2011-04-21,36.27212905883789
2011-04-25,36.23654556274414
2011-04-26,36.48567581176758
2011-04-27,36.791725158691406
2011-04-28,36.877140045166016
2011-04-29,37.03372573852539
2011-05-02,36.926963806152344
2011-05-03,36.64937973022461
2011-05-04,36.29348373413086
2011-05-05,35.781009674072266
2011-05-06,35.94471740722656
2011-05-09,36.13688278198242
2011-05-10,36.52837371826172
2011-05-11,35.887760162353516
2011-05-12,35.91624069213867
2011-05-13,35.49628448486328
2011-05-16,35.37529754638672
2011-05-17,35.4820556640625
2011-05-18,35.788124084472656
2011-05-19,35.86641311645508
2011-05-20,35.48918151855469
2011-05-23,34.87706756591797
2011-05-24,34.990928649902344
2011-05-25,35.19023513793945
2011-05-26,35.446468353271484
2011-05-27,35.681365966796875
2011-05-31,36.193824768066406
2011-06-01,35.432228088378906
2011-06-02,35.47494888305664
2011-06-03,35.3610725402832
2011-06-06,34.87706756591797
2011-06-07,35.03364181518555
2011-06-08,34.82011032104492
2011-06-09,35.104827880859375
2011-06-10,34.40015411376953
2011-06-13,34.47132873535156
2011-06-14,34.998046875
2011-06-15,34.1225700378418
2011-06-16,34.001564025878906
2011-06-17,34.2150993347168
2011-06-20,34.24357986450195
2011-06-21,34.86281204223633
2011-06-22,34.627925872802734
2011-06-23,34.44287109375
2011-06-24,34.0941047668457
2011-06-27,34.371707916259766
2011-06-28,34.841453552246094
2011-06-29,35.289878845214844
2011-06-30,35.70983123779297
2011-07-01,36.11555480957031
2011-07-05,36.03725051879883
2011-07-06,35.937599182128906
2011-07-07,36.27926254272461
2011-07-08,35.92335510253906
2011-07-11,35.08346939086914
2011-07-12,34.82011032104492
2011-07-13,35.168880462646484
2011-07-14,34.90553283691406
2011-07-15,35.11906051635742
2011-07-18,34.67776107788086
2011-07-19,35.25428771972656
2011-07-20,35.47494888305664
2011-07-21,36.05149459838867
2011-07-22,36.05859375
2011-07-25,35.781009674072266
2011-07-26,35.83795166015625
2011-07-27,35.0621223449707
2011-07-28,35.00516128540039
2011-07-29,34.94111251831055
2011-08-01,34.67776107788086
2011-08-02,33.80938720703125
2011-08-03,33.944618225097656
2011-08-04,31.93740463256836
2011-08-05,32.07263946533203
2011-08-08,29.709556579589844
2011-08-09,31.382225036621097
2011-08-10,29.851909637451172
2011-08-11,31.296817779541016
2011-08-12,31.58152198791504
2011-08-15,32.28618621826172
2011-08-16,31.951656341552734
2011-08-17,32.09400939941406
2011-08-18,30.6633358001709
2011-08-19,30.200685501098633
2011-08-22,30.22204208374023
2011-08-23,31.268339157104492
2011-08-24,31.410701751708984
2011-08-25,30.74162483215332
2011-08-26,31.22563362121582
2011-08-29,32.07263946533203
2011-08-30,32.10823440551758
2011-08-31,32.40719223022461
2011-09-01,32.17942428588867
2011-09-02,31.396459579467773
2011-09-06,30.82703971862793
2011-09-07,31.681180953979492
2011-09-08,31.18292999267578
2011-09-09,30.278966903686523
2011-09-12,30.243377685546875
2011-09-13,30.528093338012695
2011-09-14,30.86974716186523
2011-09-15,31.38933563232422
2011-09-16,31.460529327392575
2011-09-19,30.85551071166992
2011-09-20,30.848384857177734
2011-09-21,29.9017391204834
2011-09-22,28.65612030029297
2011-09-23,28.91947364807129
2011-09-26,29.531597137451172
2011-09-27,30.10103416442871
2011-09-28,29.446205139160156
2011-09-29,29.85902404785156
2011-09-30,28.9337100982666
2011-10-03,28.20770263671875
2011-10-04,28.762889862060547
2011-10-05,29.29672622680664
2011-10-06,30.008501052856445
2011-10-07,29.752262115478516
2011-10-10,30.85551071166992
2011-10-11,30.734508514404297
2011-10-12,31.33951187133789
2011-10-13,31.168697357177734
2011-10-14,31.695402145385746
2011-10-17,30.92667579650879
2011-10-18,31.531707763671875
2011-10-19,31.061941146850582
2011-10-20,31.01921272277832
2011-10-21,31.75947952270508
2011-10-24,32.243465423583984
2011-10-25,31.666946411132812
2011-10-26,32.1153564453125
2011-10-27,33.531803131103516
2011-10-28,33.42501449584961
2011-10-31,32.19364547729492
2011-11-01,31.268339157104492
2011-11-02,31.82352828979492
2011-11-03,32.47123718261719
2011-11-04,32.200775146484375
2011-11-07,32.35024642944336
2011-11-08,32.74882888793945
2011-11-09,31.2398738861084
2011-11-10,31.567293167114254
2011-11-11,32.26482391357422
2011-11-14,31.780826568603516
2011-11-15,31.7950496673584
2011-11-16,31.311052322387695
2011-11-17,30.798572540283203
2011-11-18,30.82703971862793
2011-11-21,30.12238883972168
2011-11-22,30.079669952392575
2011-11-23,29.28960609436035
2011-11-25,29.19707679748535
2011-11-28,30.293210983276367
2011-11-29,30.399980545043945
2011-11-30,31.7950496673584
2011-12-01,31.65270614624023
2011-12-02,31.638473510742188
2011-12-05,32.015716552734375
2011-12-06,31.93740463256836
2011-12-07,32.044185638427734
2011-12-08,31.17580795288086
2011-12-09,31.75947952270508
2011-12-12,31.01921272277832
2011-12-13,30.691810607910156
2011-12-14,30.314556121826172
2011-12-15,30.428455352783203
2011-12-16,30.4782657623291
2011-12-19,30.10814666748047
2011-12-20,31.076160430908203
2011-12-21,31.001832962036133
2011-12-22,31.358930587768555
2011-12-23,31.548416137695312
2011-12-27,31.504682540893555
2011-12-28,31.030990600585938
2011-12-29,31.395360946655273
2011-12-30,31.468233108520508
2012-01-03,32.05855178833008
2012-01-04,32.05855178833008
2012-01-05,31.89092063903809
2012-01-06,31.650436401367188
2012-01-09,31.7597599029541
2012-01-10,32.24802780151367
2012-01-11,32.20430374145508
2012-01-12,32.30632400512695
2012-01-13,32.0220832824707
2012-01-17,32.29175567626953
2012-01-18,32.721717834472656
2012-01-19,33.01323318481445
2012-01-20,33.08610916137695
2012-01-23,33.12255859375
2012-01-24,32.99864959716797
2012-01-25,33.399478912353516
2012-01-26,33.275596618652344
2012-01-27,33.31930923461914
2012-01-30,33.115264892578125
2012-01-31,33.188133239746094
2012-02-01,33.647247314453125
2012-02-02,33.778438568115234
2012-02-03,34.25216293334961
2012-02-06,34.1646842956543
2012-02-07,34.281288146972656
2012-02-08,34.41246795654297
2012-02-09,34.4561882019043
2012-02-10,33.997066497802734
2012-02-13,34.29587173461914
2012-02-14,34.15739059448242
2012-02-15,34.0918083190918
2012-02-16,34.558231353759766
2012-02-17,34.652957916259766
2012-02-21,34.66754913330078
2012-02-22,34.56550598144531
2012-02-23,34.68940353393555
2012-02-24,34.886165618896484
2012-02-27,34.79872131347656
2012-02-28,34.99547576904297
2012-02-29,34.76954650878906
2012-03-01,35.10479736328125
2012-03-02,34.849727630615234
2012-03-05,34.631103515625
2012-03-06,33.778438568115234
2012-03-07,34.15011215209961
2012-03-08,34.71855163574219
2012-03-09,34.68940353393555
2012-03-12,34.631103515625
2012-03-13,35.2432746887207
2012-03-14,35.112091064453125
2012-03-15,35.32343673706055
2012-03-16,35.440032958984375
2012-03-19,35.54206085205078
2012-03-20,35.26512908935547
2012-03-21,35.199546813964844
2012-03-22,34.78413772583008
2012-03-23,35.05379867553711
2012-03-26,35.571205139160156
2012-03-27,35.359867095947266
2012-03-28,35.09751510620117
2012-03-29,35.03921127319336
2012-03-30,35.177677154541016
2012-04-02,35.54206085205078
2012-04-03,35.206817626953125
2012-04-04,34.66754913330078
2012-04-05,34.594661712646484
2012-04-09,34.29587173461914
2012-04-10,33.61082077026367
2012-04-11,33.997066497802734
2012-04-12,34.587371826171875
2012-04-13,34.01893615722656
2012-04-16,34.13554382324219
2012-04-17,34.660240173339844
2012-04-18,34.448909759521484
2012-04-19,34.29587173461914
2012-04-20,34.405181884765625
2012-04-23,33.96065139770508
2012-04-24,34.08452224731445
2012-04-25,34.543663024902344
2012-04-26,34.83514404296875
2012-04-27,34.90803146362305
2012-04-30,34.76228332519531
2012-05-01,34.93717956542969
2012-05-02,34.80602264404297
2012-05-03,34.514495849609375
2012-05-04,33.90233612060547
2012-05-07,34.04808807373047
2012-05-08,33.70556640625
2012-05-09,33.38490295410156
2012-05-10,33.47236251831055
2012-05-11,33.36305236816406
2012-05-14,32.81645584106445
2012-05-15,32.53953170776367
2012-05-16,32.28446578979492
2012-05-17,31.839914321899418
2012-05-18,31.57027053833008
2012-05-21,32.160579681396484
2012-05-22,32.10227584838867
2012-05-23,31.992956161499023
2012-05-24,31.898223876953125
2012-05-25,31.832639694213867
2012-05-29,32.26988983154297
2012-05-30,31.63585090637207
2012-05-31,31.6577205657959
2012-06-01,30.936235427856445
2012-06-04,31.016407012939453
2012-06-05,31.17673683166504
2012-06-06,32.02940368652344
2012-06-07,32.02940368652344
2012-06-08,32.073123931884766
2012-06-11,31.6577205657959
2012-06-12,32.1241340637207
2012-06-13,31.861770629882812
2012-06-14,32.08769226074219
2012-06-15,32.48851776123047
2012-06-18,32.51766586303711
2012-06-19,32.98407745361328
2012-06-20,33.035091400146484
2012-06-21,32.175167083740234
2012-06-22,32.48122024536133
2012-06-25,31.839914321899418
2012-06-26,32.0220832824707
2012-06-27,32.335479736328125
2012-06-28,32.2407341003418
2012-06-29,33.28287887573242
2012-07-02,33.406768798828125
2012-07-03,33.76387023925781
2012-07-05,33.44321823120117
2012-07-06,33.07883834838867
2012-07-09,32.991363525390625
2012-07-10,32.7290153503418
2012-07-11,32.79460525512695
2012-07-12,32.46665954589844
2012-07-13,32.98407745361328
2012-07-16,32.97679138183594
2012-07-17,33.18085479736328
2012-07-18,33.355751037597656
2012-07-19,33.55980682373047
2012-07-20,33.07883834838867
2012-07-23,32.6124153137207
2012-07-24,32.24802780151367
2012-07-25,32.35734176635742
2012-07-26,33.05695724487305
2012-07-27,33.72743606567383
2012-07-30,33.647247314453125
2012-07-31,33.52336502075195
2012-08-01,33.42133712768555
2012-08-02,33.08610916137695
2012-08-03,33.916908264160156
2012-08-06,34.08452224731445
2012-08-07,34.32499694824219
2012-08-08,34.29587173461914
2012-08-09,34.368736267089844
2012-08-10,34.43433380126953
2012-08-13,34.35416793823242
2012-08-14,34.368736267089844
2012-08-15,34.390621185302734
2012-08-16,34.73312759399414
2012-08-17,34.76228332519531
2012-08-20,34.71855163574219
2012-08-21,34.72583770751953
2012-08-22,34.69667053222656
2012-08-23,34.46347427368164
2012-08-24,34.52178192138672
2012-08-27,34.50722122192383
2012-08-28,34.514495849609375
2012-08-29,34.4561882019043
2012-08-30,34.113670349121094
2012-08-31,34.35416793823242
2012-09-04,34.3177375793457
2012-09-05,34.26671600341797
2012-09-06,35.05379867553711
2012-09-07,35.389034271240234
2012-09-10,35.13393783569336
2012-09-11,35.35258102416992
2012-09-12,35.498329162597656
2012-09-13,36.11779022216797
2012-09-14,36.39471435546875
2012-09-17,36.21253204345703
2012-09-18,36.09591293334961
2012-09-19,36.16879653930664
2012-09-20,35.98661422729492
2012-09-21,35.98661422729492
2012-09-24,35.90106201171875
2012-09-25,35.60606002807617
2012-09-26,35.333187103271484
2012-09-27,35.77568054199219
2012-09-28,35.42169952392578
2012-10-01,35.59868621826172
2012-10-02,35.738807678222656
2012-10-03,35.6945686340332
2012-10-04,36.011680603027344
2012-10-05,36.02642822265625
2012-10-08,35.86418151855469
2012-10-09,35.45856475830078
2012-10-10,35.274192810058594
2012-10-11,35.44383239746094
2012-10-12,35.29631042480469
2012-10-15,35.613441467285156
2012-10-16,36.070674896240234
2012-10-17,36.284542083740234
2012-10-18,36.21080017089844
2012-10-19,35.650299072265625
2012-10-22,35.79780197143555
2012-10-23,35.17094802856445
2012-10-24,35.13405990600586
2012-10-25,35.355308532714844
2012-10-26,35.244686126708984
2012-10-31,35.207828521728516
2012-11-01,35.73145294189453
2012-11-02,35.355308532714844
2012-11-05,35.40694046020508
2012-11-06,35.701934814453125
2012-11-07,35.03820037841797
2012-11-08,34.6842041015625
2012-11-09,34.69895553588867
2012-11-12,34.728450775146484
2012-11-13,34.51457214355469
2012-11-14,34.108951568603516
2012-11-15,34.057342529296875
2012-11-16,34.16795349121094
2012-11-19,34.890689849853516
2012-11-20,34.8464469909668
2012-11-21,34.96446228027344
2012-11-23,35.52493667602539
2012-11-26,35.43643569946289
2012-11-27,35.222572326660156
2012-11-28,35.52493667602539
2012-11-29,35.71668243408203
2012-11-30,35.74618911743164
2012-12-03,35.65768814086914
2012-12-04,35.701934814453125
2012-12-05,35.805179595947266
2012-12-06,35.9453010559082
2012-12-07,36.0190544128418
2012-12-10,36.033809661865234
2012-12-11,36.31404495239258
2012-12-12,36.38043212890625
2012-12-13,36.15179061889648
2012-12-14,36.17393493652344
2012-12-17,36.4763069152832
2012-12-18,36.837677001953125
2012-12-19,36.763916015625
2012-12-20,36.99883270263672
2012-12-21,36.68560028076172
2012-12-24,36.62594985961914
2012-12-26,36.5662956237793
2012-12-27,36.60356903076172
2012-12-28,36.37982940673828
2012-12-31,36.857154846191406
2013-01-02,37.6626091003418
2013-01-03,37.45378494262695
2013-01-04,37.63277053833008
2013-01-07,37.438865661621094
2013-01-08,37.297157287597656
2013-01-09,37.46124267578125
2013-01-10,37.85651016235352
2013-01-11,37.83414459228515
2013-01-14,37.85651016235352
2013-01-15,37.8192253112793
2013-01-16,37.7446403503418
2013-01-17,37.990745544433594
2013-01-18,38.02803421020508
2013-01-22,38.17720413208008
2013-01-23,38.14737701416016
2013-01-24,38.22193908691406
2013-01-25,38.43077087402344
2013-01-28,38.281612396240234
2013-01-29,38.49042892456055
2013-01-30,38.4382209777832
2013-01-31,38.33381652832031
2013-02-01,38.69178771972656
2013-02-04,38.14737701416016
2013-02-05,38.40839385986328
2013-02-06,38.44569396972656
2013-02-07,38.24432373046875
2013-02-08,38.47551345825195
2013-02-11,38.42331314086914
2013-02-12,38.54264068603515
2013-02-13,38.617225646972656
2013-02-14,38.55754852294922
2013-02-15,38.46060943603515
2013-02-19,38.79621124267578
2013-02-20,38.35619354248047
2013-02-21,37.96092987060547
2013-02-22,38.3487434387207
2013-02-25,37.63277053833008
2013-02-26,37.87142562866211
2013-02-27,38.2890739440918
2013-02-28,38.21448516845703
2013-03-01,38.31145477294922
2013-03-04,38.40094757080078
2013-03-05,38.75893783569336
2013-03-06,38.81857681274414
2013-03-07,38.96028900146485
2013-03-08,39.11689758300781
2013-03-11,39.228763580322266
2013-03-12,39.02741622924805
2013-03-13,39.00502014160156
2013-03-14,39.280975341796875
2013-03-15,39.16910552978515
2013-03-18,38.91554260253906
2013-03-19,38.64704513549805
2013-03-20,38.98267364501953
2013-03-21,38.676883697509766
2013-03-22,38.94173049926758
2013-03-25,38.709815979003906
2013-03-26,39.001590728759766
2013-03-27,38.95670700073242
2013-03-28,39.113807678222656
2013-04-01,38.77714157104492
2013-04-02,39.00906753540039
2013-04-03,38.5826301574707
2013-04-04,38.79958724975586
2013-04-05,38.672401428222656
2013-04-08,38.859432220458984
2013-04-09,38.97914505004883
2013-04-10,39.51034164428711
2013-04-11,39.704872131347656
2013-04-12,39.53278350830078
2013-04-15,38.55268859863281
2013-04-16,39.18115234375
2013-04-17,38.48535919189453
2013-04-18,38.3057975769043
2013-04-19,38.73225021362305
2013-04-22,38.859432220458984
2013-04-23,39.29336166381836
2013-04-24,39.457977294921875
2013-04-25,39.68241882324219
2013-04-26,39.57767105102539
2013-04-29,39.966705322265625
2013-04-30,40.16122817993164
2013-05-01,39.77219772338867
2013-05-02,40.07893753051758
2013-05-03,40.51287078857422
2013-05-06,40.55775451660156
2013-05-07,40.72983169555664
2013-05-08,41.014137268066406
2013-05-09,40.812137603759766
2013-05-10,40.82709503173828
2013-05-13,40.79716491699219
2013-05-14,41.05903244018555
2013-05-15,41.21614456176758
2013-05-16,40.99917221069336
2013-05-17,41.33585739135742
2013-05-20,41.38072967529297
2013-05-21,41.44059753417969
2013-05-22,41.0216178894043
2013-05-23,40.83458709716797
2013-05-24,40.58769226074219
2013-05-28,40.74480819702149
2013-05-29,40.43804931640625
2013-05-30,40.6325798034668
2013-05-31,39.93679428100586
2013-06-03,40.183685302734375
2013-06-04,40.034053802490234
2013-06-05,39.36070251464844
2013-06-06,39.689903259277344
2013-06-07,40.04902267456055
2013-06-10,40.07146453857422
2013-06-11,39.540279388427734
2013-06-12,39.32332611083984
2013-06-13,39.90685272216797
2013-06-14,39.56269836425781
2013-06-17,39.97418594360352
2013-06-18,40.27345657348633
2013-06-19,39.56269836425781
2013-06-20,38.3581657409668
2013-06-21,38.43299865722656
2013-06-24,37.82855224609375
2013-06-25,38.33414077758789
2013-06-26,38.62843322753906
2013-06-27,39.028377532958984
2013-06-28,38.86989974975586
2013-07-01,39.19438552856445
2013-07-02,38.975555419921875
2013-07-03,39.03591537475586
2013-07-05,39.31512451171875
2013-07-08,39.46605682373047
2013-07-09,39.73015594482422
2013-07-10,39.78298568725586
2013-07-11,40.6583251953125
2013-07-12,40.56022262573242
2013-07-15,40.77151870727539
2013-07-16,40.65077209472656
2013-07-17,40.81680679321289
2013-07-18,41.0280876159668
2013-07-19,41.0280876159668
2013-07-22,41.216739654541016
2013-07-23,41.239383697509766
2013-07-24,41.103538513183594
2013-07-25,41.186553955078125
2013-07-26,41.08089447021485
2013-07-29,40.86206817626953
2013-07-30,40.831886291503906
2013-07-31,40.87716293334961
2013-08-01,41.42047882080078
2013-08-02,41.54122543334961
2013-08-05,41.45066833496094
2013-08-06,41.25446319580078
2013-08-07,41.020545959472656
2013-08-08,41.39030456542969
2013-08-09,41.36012268066406
2013-08-12,41.33746719360352
2013-08-13,41.533668518066406
2013-08-14,41.443115234375
2013-08-15,40.960166931152344
2013-08-16,40.90734100341797
2013-08-19,40.575321197509766
2013-08-20,40.70360565185547
2013-08-21,40.28101348876953
2013-08-22,40.64322662353515
2013-08-23,40.90734100341797
2013-08-26,40.71869659423828
2013-08-27,40.00181198120117
2013-08-28,40.06216812133789
2013-08-29,40.0848274230957
2013-08-30,39.873531341552734
2013-09-03,40.235748291015625
2013-09-04,40.65077209472656
2013-09-05,40.73379135131836
2013-09-06,40.83943557739258
2013-09-09,41.39784240722656
2013-09-10,41.79779052734375
2013-09-11,41.91851043701172
2013-09-12,41.69969940185547
2013-09-13,41.83550262451172
2013-09-16,42.12981414794922
2013-09-17,42.2279167175293
2013-09-18,43.057979583740234
2013-09-19,42.922157287597656
2013-09-20,42.53730392456055
2013-09-23,42.47288131713867
2013-09-24,42.3970832824707
2013-09-25,42.35919952392578
2013-09-26,42.49562072753906
2013-09-27,42.35919952392578
2013-09-30,42.10150146484375
2013-10-01,42.43498992919922
2013-10-02,42.37434768676758
2013-10-03,42.12424087524414
2013-10-04,42.298561096191406
2013-10-07,41.95750427246094
2013-10-08,41.51034927368164
2013-10-09,41.593727111816406
2013-10-10,42.45014572143555
2013-10-11,42.745723724365234
2013-10-14,42.85183334350586
2013-10-15,42.556243896484375
2013-10-16,43.026153564453125
2013-10-17,43.4505729675293
2013-10-18,43.708251953125
2013-10-21,43.75372314453125
2013-10-22,44.06447982788086
2013-10-23,43.67793273925781
2013-10-24,43.91290664672851
2013-10-25,43.95836639404297
2013-10-28,43.9508056640625
2013-10-29,44.056907653808594
2013-10-30,43.89016342163086
2013-10-31,43.662803649902344
2013-11-01,43.64005661010742
2013-11-04,43.89016342163086
2013-11-05,43.564266204833984
2013-11-06,43.768890380859375
2013-11-07,43.155006408691406
2013-11-08,43.53395462036133
2013-11-11,43.564266204833984
2013-11-12,43.4430046081543
2013-11-13,43.6855354309082
2013-11-14,43.89016342163086
2013-11-15,44.20847702026367
2013-11-18,44.18574905395508
2013-11-19,44.041744232177734
2013-11-20,43.82952117919922
2013-11-21,44.1251106262207
2013-11-22,44.29185485839844
2013-11-25,44.1251106262207
2013-11-26,44.14027786254883
2013-11-27,44.30701446533203
2013-11-29,44.33732223510742
2013-12-02,44.03416061401367
2013-12-03,43.79922103881836
2013-12-04,43.64005661010742
2013-12-05,43.48089599609375
2013-12-06,44.00385284423828
2013-12-09,44.041744232177734
2013-12-10,43.9735221862793
2013-12-11,43.46574020385742
2013-12-12,43.2611083984375
2013-12-13,43.245948791503906
2013-12-16,43.57184219360352
2013-12-17,43.39752960205078
2013-12-18,43.99626922607422
2013-12-19,44.00385284423828
2013-12-20,44.25099182128906
2013-12-23,44.601898193359375
2013-12-24,44.708683013916016
2013-12-26,44.86886978149414
2013-12-27,45.00618743896485
2013-12-30,45.12824249267578
2013-12-31,45.31131362915039
2014-01-02,44.640037536621094
2014-01-03,44.685794830322266
2014-01-06,44.563751220703125
2014-01-07,44.76972198486328
2014-01-08,44.777347564697266
2014-01-09,44.76972198486328
2014-01-10,45.07483673095703
2014-01-13,44.57138442993164
2014-01-14,44.975685119628906
2014-01-15,45.11297225952149
2014-01-16,45.12824249267578
2014-01-17,44.96041488647461
2014-01-21,45.08245468139648
2014-01-22,45.19689178466797
2014-01-23,44.78497314453125
2014-01-24,43.625484466552734
2014-01-27,43.39665222167969
2014-01-28,43.75515365600586
2014-01-29,43.31273651123047
2014-01-30,43.747535705566406
2014-01-31,43.29747772216797
2014-02-03,42.43548583984375
2014-02-04,42.7863883972168
2014-02-05,42.755889892578125
2014-02-06,43.41952133178711
2014-02-07,43.907718658447266
2014-02-10,43.87721252441406
2014-02-11,44.45695114135742
2014-02-12,44.54086685180664
2014-02-13,44.701072692871094
2014-02-14,44.92227935791016
2014-02-18,45.12060546875
2014-02-19,44.83074569702149
2014-02-20,45.08245468139648
2014-02-21,45.090091705322266
2014-02-24,45.372337341308594
2014-02-25,45.25791549682617
2014-02-26,45.26554870605469
2014-02-27,45.43336868286133
2014-02-28,45.55541229248047
2014-03-03,44.93752670288086
2014-03-04,45.700340270996094
2014-03-05,45.72322463989258
2014-03-06,45.9291877746582
2014-03-07,45.78426361083984
2014-03-10,45.57830047607422
2014-03-11,45.341827392578125
2014-03-12,45.29604721069336
2014-03-13,44.685794830322266
2014-03-14,44.640037536621094
2014-03-17,45.021446228027344
2014-03-18,45.36471176147461
2014-03-19,44.92227935791016
2014-03-20,45.00618743896485
2014-03-21,44.92991256713867
2014-03-24,44.89176940917969
2014-03-25,45.17101287841797
2014-03-26,44.98688888549805
2014-03-27,45.10197067260742
2014-03-28,45.38582611083984
2014-03-31,45.777076721191406
2014-04-01,46.11464309692383
2014-04-02,46.18367767333984
2014-04-03,46.08395004272461
2014-04-04,45.68501663208008
2014-04-07,45.37047576904297
2014-04-08,45.53926086425781
2014-04-09,46.07627487182617
2014-04-10,45.22471237182617
2014-04-11,44.87181854248047
2014-04-14,45.117313385009766
2014-04-15,45.1096305847168
2014-04-16,45.58528137207031
2014-04-17,45.7694091796875
2014-04-21,45.83845138549805
2014-04-22,46.007225036621094
2014-04-23,45.91517639160156
2014-04-24,45.93819046020508
2014-04-25,45.577632904052734
2014-04-28,45.715694427490234
2014-04-29,45.945858001708984
2014-04-30,46.11464309692383
2014-05-01,46.20667266845703
2014-05-02,46.222049713134766
2014-05-05,46.22970962524414
2014-05-06,46.0225715637207
2014-05-07,46.21436309814453
2014-05-08,46.145320892333984
2014-05-09,46.16066360473633
2014-05-12,46.56727600097656
2014-05-13,46.54425048828125
2014-05-14,46.42916488647461
2014-05-15,46.09928131103515
2014-05-16,46.306427001953125
2014-05-19,46.35245895385742
2014-05-20,46.045597076416016
2014-05-21,46.36013412475586
2014-05-22,46.54425048828125
2014-05-23,46.74372100830078
2014-05-27,46.958526611328125
2014-05-28,46.874141693115234
2014-05-29,47.15798568725586
2014-05-30,47.05825424194336
2014-06-02,47.24238204956055
2014-06-03,47.17332458496094
2014-06-04,47.219364166259766
2014-06-05,47.572265625
2014-06-06,47.83309555053711
2014-06-09,47.88679885864258
2014-06-10,47.848445892333984
2014-06-11,47.67966079711914
2014-06-12,47.49554061889648
2014-06-13,47.62595748901367
2014-06-16,47.59526824951172
2014-06-17,47.68733215332031
2014-06-18,47.96352005004883
2014-06-19,48.04790115356445
2014-06-20,48.1246337890625
2014-06-23,48.04790115356445
2014-06-24,47.81061935424805
2014-06-25,47.895652770996094
2014-06-26,47.887916564941406
2014-06-27,48.05023956298828
2014-06-30,48.09659957885742
2014-07-01,48.5062255859375
2014-07-02,48.54486846923828
2014-07-03,48.76127624511719
2014-07-07,48.45211410522461
2014-07-08,48.0656852722168
2014-07-09,48.266632080078125
2014-07-10,47.94974899291992
2014-07-11,47.9651985168457
2014-07-14,48.25117874145508
2014-07-15,48.10433197021485
2014-07-16,48.312992095947266
2014-07-17,47.71788787841797
2014-07-18,48.22025680541992
2014-07-21,48.11205291748047
2014-07-22,48.35165786743164
2014-07-23,48.47529602050781
2014-07-24,48.513954162597656
2014-07-25,48.312992095947266
2014-07-28,48.312992095947266
2014-07-29,48.09659957885742
2014-07-30,48.11978912353515
2014-07-31,47.2541618347168
2014-08-01,47.09184646606445
2014-08-04,47.39329147338867
2014-08-05,46.914100646972656
2014-08-06,46.8599853515625
2014-08-07,46.57402038574219
2014-08-08,46.921817779541016
2014-08-11,47.145938873291016
2014-08-12,47.09184646606445
2014-08-13,47.37009048461914
2014-08-14,47.59423065185547
2014-08-15,47.571044921875
2014-08-18,47.98066711425781
2014-08-19,48.10433197021485
2014-08-20,48.14297103881836
2014-08-21,48.24344253540039
2014-08-22,48.19705581665039
2014-08-25,48.42120742797851
2014-08-26,48.46757125854492
2014-08-27,48.55260467529297
2014-08-28,48.39030075073242
2014-08-29,48.5062255859375
2014-09-02,48.5835075378418
2014-09-03,48.68398666381836
2014-09-04,48.5294075012207
2014-09-05,48.63761138916016
2014-09-08,48.34391784667969
2014-09-09,48.08887481689453
2014-09-10,48.25117874145508
2014-09-11,48.15069961547851
2014-09-12,47.91111373901367
2014-09-15,47.81061935424805
2014-09-16,48.12750244140625
2014-09-17,47.94974899291992
2014-09-18,48.18935012817383
2014-09-19,47.99612808227539
2014-09-22,47.640602111816406
2014-09-23,47.31598663330078
2014-09-24,47.69572067260742
2014-09-25,46.919166564941406
2014-09-26,47.190956115722656
2014-09-29,46.9579963684082
2014-09-30,46.88810729980469
2014-10-01,46.189208984375
2014-10-02,46.049434661865234
2014-10-03,46.383338928222656
2014-10-06,46.42993927001953
2014-10-07,45.77763366699219
2014-10-08,46.4920654296875
2014-10-09,45.42819595336914
2014-10-10,44.77589416503906
2014-10-13,44.46526336669922
2014-10-14,44.527400970458984
2014-10-15,44.23230743408203
2014-10-16,44.17792892456055
2014-10-17,44.729286193847656
2014-10-20,45.117576599121094
2014-10-21,45.76987075805664
2014-10-22,45.36606216430664
2014-10-23,45.84751892089844
2014-10-24,46.08826446533203
2014-10-27,46.0261344909668
2014-10-28,46.624080657958984
2014-10-29,46.46100997924805
2014-10-30,46.71726989746094
2014-10-31,47.33074569702149
2014-11-03,47.15989303588867
2014-11-04,46.989051818847656
2014-11-05,47.0977783203125
2014-11-06,47.12884140014648
2014-11-07,47.15989303588867
2014-11-10,47.2996711730957
2014-11-11,47.42392349243164
2014-11-12,47.307430267333984
2014-11-13,47.29191207885742
2014-11-14,47.416141510009766
2014-11-17,47.33074569702149
2014-11-18,47.641357421875
2014-11-19,47.594764709472656
2014-11-20,47.53263473510742
2014-11-21,47.93645477294922
2014-11-24,48.02963638305664
2014-11-25,48.076229095458984
2014-11-26,48.200477600097656
2014-11-28,47.92868423461914
2014-12-01,47.57146453857422
2014-12-02,47.74231719970703
2014-12-03,47.92868423461914
2014-12-04,47.804439544677734
2014-12-05,47.874324798583984
2014-12-08,47.47052001953125
2014-12-09,47.32297134399414
2014-12-10,46.63960647583008
2014-12-11,46.64737319946289
2014-12-12,45.870819091796875
2014-12-15,45.37382125854492
2014-12-16,45.296180725097656
2014-12-17,46.16592025756836
2014-12-18,46.97352981567383
2014-12-19,47.12884140014648
2014-12-22,47.400760650634766
2014-12-23,47.37732696533203
2014-12-24,47.51017761230469
2014-12-26,47.72114562988281
2014-12-29,47.59612274169922
2014-12-30,47.3460807800293
2014-12-31,46.978790283203125
2015-01-02,46.85376739501953
2015-01-05,45.94734573364258
2015-01-06,45.486297607421875
2015-01-07,46.07234954833984
2015-01-08,46.767822265625
2015-01-09,46.45525741577149
2015-01-12,46.213008880615234
2015-01-13,46.244266510009766
2015-01-14,46.033294677734375
2015-01-15,45.88481521606445
2015-01-16,46.44743728637695
2015-01-20,46.53338241577149
2015-01-21,46.87721633911133
2015-01-22,47.41640853881836
2015-01-23,47.06476974487305
2015-01-26,47.3851432800293
2015-01-27,47.08821105957031
2015-01-28,46.494327545166016
2015-01-29,46.88502883911133
2015-01-30,46.213008880615234
2015-02-02,46.83033752441406
2015-02-03,47.51017761230469
2015-02-04,47.2991943359375
2015-02-05,47.86180877685547
2015-02-06,47.41640853881836
2015-02-09,47.29137420654297
2015-02-10,47.68989944458008
2015-02-11,47.58049011230469
2015-02-12,48.18218994140625
2015-02-13,48.4869384765625
2015-02-17,48.54164505004883
2015-02-18,48.69792556762695
2015-02-19,48.63541412353515
2015-02-20,49.0261116027832
2015-02-23,48.901092529296875
2015-02-24,49.072994232177734
2015-02-25,49.065185546875
2015-02-26,48.9870491027832
2015-02-27,48.96360778808594
2015-03-02,49.13551712036133
2015-03-03,48.87765884399414
2015-03-04,48.59633255004883
2015-03-05,48.66666030883789
2015-03-06,48.06496810913086
2015-03-09,48.15873718261719
2015-03-10,47.28355407714844
2015-03-11,47.3070068359375
2015-03-12,47.88523864746094
2015-03-13,47.58049011230469
2015-03-16,48.15873718261719
2015-03-17,48.08061218261719
2015-03-18,48.885467529296875
2015-03-19,48.51039123535156
2015-03-20,49.18239974975586
2015-03-23,49.23709487915039
2015-03-24,49.080814361572266
2015-03-25,48.439971923828125
2015-03-26,48.22794342041016
2015-03-27,48.37715530395508
2015-03-30,48.71485137939453
2015-03-31,48.36929702758789
2015-04-01,48.40070724487305
2015-04-02,48.72270202636719
2015-04-06,49.14677810668945
2015-04-07,49.05255126953125
2015-04-08,49.33526611328125
2015-04-09,49.4609260559082
2015-04-10,49.69652557373047
2015-04-13,49.445220947265625
2015-04-14,49.65726089477539
2015-04-15,49.93998336791992
2015-04-16,49.987091064453125
2015-04-17,49.38238906860352
2015-04-20,49.64155578613281
2015-04-21,49.76720428466797
2015-04-22,49.97138595581055
2015-04-23,50.18343353271485
2015-04-24,50.31694412231445
2015-04-27,50.30910110473633
2015-04-28,50.43474960327149
2015-04-29,50.120609283447266
2015-04-30,49.6022834777832
2015-05-01,50.09705352783203
2015-05-04,50.13631439208984
2015-05-05,49.54731369018555
2015-05-06,49.43736267089844
2015-05-07,49.492340087890625
2015-05-08,50.23054504394531
2015-05-11,49.932125091552734
2015-05-12,49.885005950927734
2015-05-13,50.010650634765625
2015-05-14,50.50543212890625
2015-05-15,50.59967422485352
2015-05-18,50.57611083984375
2015-05-19,50.51328659057617
2015-05-20,50.4975700378418
2015-05-21,50.686058044433594
2015-05-22,50.48972702026367
2015-05-26,49.8614501953125
2015-05-27,50.29338836669922
2015-05-28,50.120609283447266
2015-05-29,49.76720428466797
2015-06-01,49.76720428466797
2015-06-02,49.84573745727539
2015-06-03,50.03421401977539
2015-06-04,49.54731369018555
2015-06-05,49.24102020263672
2015-06-08,49.02898788452149
2015-06-09,48.91117858886719
2015-06-10,49.70437240600586
2015-06-11,49.790767669677734
2015-06-12,49.46877670288086
2015-06-15,49.193904876708984
2015-06-16,49.327415466308594
2015-06-17,49.327415466308594
2015-06-18,49.83788299560547
2015-06-19,49.6022834777832
2015-06-22,50.15987777709961
2015-06-23,50.23841857910156
2015-06-24,49.90071487426758
2015-06-25,49.75936126708984
2015-06-26,49.8012809753418
2015-06-29,48.53567886352539
2015-06-30,48.66223907470703
2015-07-01,48.92325973510742
2015-07-02,48.931175231933594
2015-07-06,48.409122467041016
2015-07-07,48.41700744628906
2015-07-08,47.39664077758789
2015-07-09,47.76840591430664
2015-07-10,48.749244689941406
2015-07-13,49.089385986328125
2015-07-14,49.38205337524414
2015-07-15,49.23966598510742
2015-07-16,49.63515853881836
2015-07-17,49.55606842041016
2015-07-20,49.540260314941406
2015-07-21,49.39787292480469
2015-07-22,49.16056823730469
2015-07-23,48.946990966796875
2015-07-24,48.36166763305664
2015-07-27,47.96615982055664
2015-07-28,48.49613952636719
2015-07-29,48.80462646484375
2015-07-30,48.8599853515625
2015-07-31,48.907447814941406
2015-08-03,48.701786041259766
2015-08-04,48.70970153808594
2015-08-05,48.82835006713867
2015-08-06,48.51986312866211
2015-08-07,48.47239303588867
2015-08-10,49.08147048950195
2015-08-11,48.45659255981445
2015-08-12,48.337928771972656
2015-08-13,48.27465057373047
2015-08-14,48.41700744628906
2015-08-17,48.48823165893555
2015-08-18,48.24300384521485
2015-08-19,47.81586837768555
2015-08-20,46.77174377441406
2015-08-21,45.48241424560547
2015-08-24,43.686866760253906
2015-08-25,43.686866760253906
2015-08-26,44.96826934814453
2015-08-27,45.95701217651367
2015-08-28,45.95701217651367
2015-08-31,45.66435623168945
2015-09-01,44.232635498046875
2015-09-02,44.97618103027344
2015-09-03,45.03945541381836
2015-09-04,44.16936111450195
2015-09-08,45.355865478515625
2015-09-09,44.92872619628906
2015-09-10,45.21348190307617
2015-09-11,45.30841064453125
2015-09-14,45.086917877197266
2015-09-15,45.55360794067383
2015-09-16,46.13104248046875
2015-09-17,46.13104248046875
2015-09-18,45.23720932006836
2015-09-21,45.29258346557617
2015-09-22,44.50949478149414
2015-09-23,44.31175994873047
2015-09-24,44.17728042602539
2015-09-25,44.208282470703125
2015-09-28,43.18277740478515
2015-09-29,43.21457290649414
2015-09-30,43.969783782958984
2015-10-01,44.16058349609375
2015-10-02,44.89196014404297
2015-10-05,45.790279388427734
2015-10-06,45.72667694091797
2015-10-07,46.29905700683594
2015-10-08,46.696529388427734
2015-10-09,46.76807403564453
2015-10-12,46.68857192993164
2015-10-13,46.21955108642578
2015-10-14,46.19569396972656
2015-10-15,46.92707061767578
2015-10-16,46.990665435791016
2015-10-19,46.87938690185547
2015-10-20,46.8237190246582
2015-10-21,46.53753662109375
2015-10-22,47.165565490722656
2015-10-23,47.60280227661133
2015-10-26,47.45969772338867
2015-10-27,47.165565490722656
2015-10-28,47.56306076049805
2015-10-29,47.34044647216797
2015-10-30,47.17351150512695
2015-11-02,47.769744873046875
2015-11-03,47.92873764038086
2015-11-04,47.70615005493164
2015-11-05,47.642555236816406
2015-11-06,47.48355865478515
2015-11-09,47.03041458129883
2015-11-10,47.006561279296875
2015-11-11,46.97478866577149
2015-11-12,46.41829681396485
2015-11-13,45.90156936645508
2015-11-16,46.50575637817383
2015-11-17,46.48984146118164
2015-11-18,47.094024658203125
2015-11-19,47.25302505493164
2015-11-20,47.34044647216797
2015-11-23,47.149681091308594
2015-11-24,47.260963439941406
2015-11-25,47.27685546875
2015-11-27,47.24506759643555
2015-11-30,47.13376998901367
2015-12-01,47.63460159301758
2015-12-02,47.12581253051758
2015-12-03,46.59319305419922
2015-12-04,47.27685546875
2015-12-07,46.86347961425781
2015-12-08,46.38650131225586
2015-12-09,46.14801025390625
2015-12-10,46.09236145019531
2015-12-11,45.16223907470703
2015-12-14,45.30533218383789
2015-12-15,45.774375915527344
2015-12-16,46.497798919677734
2015-12-17,45.845924377441406
2015-12-18,45.23379898071289
2015-12-21,45.58426284790039
2015-12-22,45.98432922363281
2015-12-23,46.62445831298828
2015-12-24,46.52842330932617
2015-12-28,46.42441177368164
2015-12-29,46.84849166870117
2015-12-30,46.50440979003906
2015-12-31,46.10435485839844
2016-01-04,45.32821273803711
2016-01-05,45.336204528808594
2016-01-06,44.664093017578125
2016-01-07,43.62389373779297
2016-01-08,43.11179733276367
2016-01-11,43.13581085205078
2016-01-12,43.37586212158203
2016-01-13,42.40768814086914
2016-01-14,43.09580612182617
2016-01-15,41.88758087158203
2016-01-19,42.015602111816406
2016-01-20,41.3434944152832
2016-01-21,41.583518981933594
2016-01-22,42.62371444702149
2016-01-25,41.95960235595703
2016-01-26,42.663719177246094
2016-01-27,42.2796516418457
2016-01-28,42.42366409301758
2016-01-29,43.39986038208008
2016-02-01,43.45588302612305
2016-02-02,42.42366409301758
2016-02-03,42.807762145996094
2016-02-04,42.8957633972168
2016-02-05,42.159637451171875
2016-02-08,41.479496002197266
2016-02-09,41.1834602355957
2016-02-10,41.20746612548828
2016-02-11,40.65536117553711
2016-02-12,41.37548828125
2016-02-16,42.1356201171875
2016-02-17,42.95978927612305
2016-02-18,42.7757453918457
2016-02-19,42.71974182128906
2016-02-22,43.367862701416016
2016-02-23,42.759742736816406
2016-02-24,42.79174041748047
2016-02-25,43.255836486816406
2016-02-26,43.199825286865234
2016-02-29,42.919776916503906
2016-03-01,44.00797271728515
2016-03-02,44.29601287841797
2016-03-03,44.664093017578125
2016-03-04,44.9681396484375
2016-03-07,44.9681396484375
2016-03-08,44.384033203125
2016-03-09,44.62406921386719
2016-03-10,44.576072692871094
2016-03-11,45.536251068115234
2016-03-14,45.432228088378906
2016-03-15,45.08842086791992
2016-03-16,45.562355041503906
2016-03-17,45.980072021484375
2016-03-18,46.060394287109375
2016-03-21,46.060394287109375
2016-03-22,45.980072021484375
2016-03-23,45.52219009399414
2016-03-24,45.425804138183594
2016-03-28,45.58645248413086
2016-03-29,46.084495544433594
2016-03-30,46.36564254760742
2016-03-31,46.34154510498047
2016-04-01,46.26121139526367
2016-04-04,46.07646942138672
2016-04-05,45.46596145629883
2016-04-06,45.996131896972656
2016-04-07,45.31333541870117
2016-04-08,45.73907852172851
2016-04-11,45.78726577758789
2016-04-12,46.33351516723633
2016-04-13,46.96812057495117
2016-04-14,46.92792892456055
2016-04-15,46.863677978515625
2016-04-18,47.17695617675781
2016-04-19,47.666969299316406
2016-04-20,47.68303680419922
2016-04-21,47.409912109375
2016-04-22,47.38582611083984
2016-04-25,47.23320007324219
2016-04-26,47.401878356933594
2016-04-27,47.45811462402344
2016-04-28,47.09663009643555
2016-04-29,46.807464599609375
2016-05-02,47.13679122924805
2016-05-03,46.52630615234375
2016-05-04,46.12466049194336
2016-05-05,46.11663055419922
2016-05-06,46.26924514770508
2016-05-09,46.092529296875
2016-05-10,46.75925827026367
2016-05-11,46.429901123046875
2016-05-12,46.34957504272461
2016-05-13,45.89973831176758
2016-05-16,46.413841247558594
2016-05-17,46.02827453613281
2016-05-18,46.0041618347168
2016-05-19,45.75515365600586
2016-05-20,46.140716552734375
2016-05-23,45.996131896972656
2016-05-24,46.66284942626953
2016-05-25,47.016300201416016
2016-05-26,47.072540283203125
2016-05-27,47.144832611083984
2016-05-31,47.11271286010742
2016-06-01,47.2010612487793
2016-06-02,47.31351852416992
2016-06-03,47.45008087158203
2016-06-06,47.72319793701172
2016-06-07,48.02041244506836
2016-06-08,48.14893341064453
2016-06-09,47.835655212402344
2016-06-10,46.94401168823242
2016-06-13,46.486122131347656
2016-06-14,46.15087127685547
2016-06-15,46.35332489013672
2016-06-16,46.37762069702149
2016-06-17,46.46670150756836
2016-06-20,47.106449127197266
2016-06-21,47.30889892578125
2016-06-22,47.2279167175293
2016-06-23,48.17538833618164
2016-06-24,45.61640548706055
2016-06-27,44.63653945922851
2016-06-28,45.60831832885742
2016-06-29,46.43429946899414
2016-06-30,47.02547836303711
2016-07-01,47.24412155151367
2016-07-05,46.60436248779297
2016-07-06,46.725833892822266
2016-07-07,46.58816146850586
2016-07-08,47.33318710327149
2016-07-11,47.762393951416016
2016-07-12,48.19969177246094
2016-07-13,48.17538833618164
2016-07-14,48.539798736572266
2016-07-15,48.43454360961914
2016-07-18,48.54790496826172
2016-07-19,48.28877258300781
2016-07-20,48.556007385253906
2016-07-21,48.394046783447266
2016-07-22,48.580291748046875
2016-07-25,48.43454360961914
2016-07-26,48.62888717651367
2016-07-27,48.645076751708984
2016-07-28,48.69367599487305
2016-07-29,48.977108001708984
2016-08-01,48.79085540771485
2016-08-02,48.483116149902344
2016-08-03,48.58839797973633
2016-08-04,48.66938018798828
2016-08-05,49.04997253417969
2016-08-08,49.11476516723633
2016-08-09,49.30911636352539
2016-08-10,49.28482437133789
2016-08-11,49.64924240112305
2016-08-12,49.543968200683594
2016-08-15,49.77881622314453
2016-08-16,49.58445358276367
2016-08-17,49.568260192871094
2016-08-18,49.77071762084961
2016-08-19,49.59255599975586
2016-08-22,49.51966857910156
2016-08-23,49.67353439331055
2016-08-24,49.40629577636719
2016-08-25,49.390106201171875
2016-08-26,49.15525436401367
2016-08-29,49.438682556152344
2016-08-30,49.341514587402344
2016-08-31,49.14715576171875
2016-09-01,49.31721496582031
2016-09-02,49.76261138916016
2016-09-06,50.070343017578125
2016-09-07,50.14323806762695
2016-09-08,49.932674407958984
2016-09-09,48.71796417236328
2016-09-12,49.292930603027344
2016-09-13,48.365821838378906
2016-09-14,48.34954452514648
2016-09-15,48.91118240356445
2016-09-16,48.51233673095703
2016-09-19,48.68327331542969
2016-09-20,48.80536651611328
2016-09-21,49.537933349609375
2016-09-22,49.87165832519531
2016-09-23,49.505367279052734
2016-09-26,49.05769729614258
2016-09-27,49.36701583862305
2016-09-28,49.69258499145508
2016-09-29,49.18792724609375
2016-09-30,49.529781341552734
2016-10-03,49.448394775390625
2016-10-04,49.2530403137207
2016-10-05,49.562355041503906
2016-10-06,49.415828704833984
2016-10-07,49.2286262512207
2016-10-10,49.44024658203125
2016-10-11,48.69139862060547
2016-10-12,48.75653076171875
2016-10-13,48.52048873901367
2016-10-14,48.55303955078125
2016-10-17,48.40652084350586
2016-10-18,48.82978439331055
2016-10-19,49.041412353515625
2016-10-20,49.016990661621094
2016-10-21,48.91118240356445
2016-10-24,49.073970794677734
2016-10-25,48.9437370300293
2016-10-26,48.73210525512695
2016-10-27,48.64257049560547
2016-10-28,48.496055603027344
2016-10-31,48.55303955078125
2016-11-01,48.260013580322266
2016-11-02,47.92627716064453
2016-11-03,47.796043395996094
2016-11-04,47.54371643066406
2016-11-07,48.496055603027344
2016-11-08,48.70769119262695
2016-11-09,48.80536651611328
2016-11-10,48.666988372802734
2016-11-11,48.39837265014648
2016-11-14,48.3820915222168
2016-11-15,48.83792495727539
2016-11-16,48.577449798583984
2016-11-17,48.8460578918457
2016-11-18,48.60187149047851
2016-11-21,49.04955291748047
2016-11-22,49.16350173950195
2016-11-23,49.122802734375
2016-11-25,49.301883697509766
2016-11-28,49.10652923583984
2016-11-29,49.20420837402344
2016-11-30,49.13095474243164
2016-12-01,48.91118240356445
2016-12-02,49.016990661621094
2016-12-05,49.3751335144043
2016-12-06,49.61931991577149
2016-12-07,50.30305862426758
2016-12-08,50.44143295288086
2016-12-09,50.58793258666992
2016-12-12,50.433292388916016
2016-12-13,50.84027099609375
2016-12-14,50.180965423583984
2016-12-15,50.27049255371094
2016-12-16,50.22165298461914
2016-12-19,50.262359619140625
2016-12-20,50.45670700073242
2016-12-21,50.37470245361328
2016-12-22,50.17790603637695
2016-12-23,50.259891510009766
2016-12-27,50.35830307006836
2016-12-28,50.06309509277344
2016-12-29,50.1204833984375
2016-12-30,50.0220947265625
2017-01-03,50.432098388671875
2017-01-04,50.89133071899414
2017-01-05,51.05533218383789
2017-01-06,51.06353759765625
2017-01-09,50.92411804199219
2017-01-10,50.97332382202149
2017-01-11,51.25214767456055
2017-01-12,51.15373229980469
2017-01-13,51.32594299316406
2017-01-17,51.17013168334961
2017-01-18,51.112735748291016
2017-01-19,50.98973846435547
2017-01-20,51.16193389892578
2017-01-23,51.16193389892578
2017-01-24,51.51454544067383
2017-01-25,51.97377395629883
2017-01-26,51.86716842651367
2017-01-27,51.80155944824219
2017-01-30,51.43254470825195
2017-01-31,51.52275085449219
2017-02-01,51.59654998779297
2017-02-02,51.69496154785156
2017-02-03,51.95736312866211
2017-02-06,51.7769660949707
2017-02-07,51.74415969848633
2017-02-08,51.80976104736328
2017-02-09,52.072174072265625
2017-02-10,52.33458709716797
2017-02-13,52.59699630737305
2017-02-14,52.70358657836914
2017-02-15,53.00701522827149
2017-02-16,53.02341842651367
2017-02-17,52.99880599975586
2017-02-21,53.277618408203125
2017-02-22,53.26942443847656
2017-02-23,53.26942443847656
2017-02-24,53.15462112426758
2017-02-27,53.113616943359375
2017-02-28,52.90861511230469
2017-03-01,53.556434631347656
2017-03-02,53.16281509399414
2017-03-03,53.3596305847168
2017-03-06,53.21202087402344
2017-03-07,53.03981399536133
2017-03-08,52.884010314941406
2017-03-09,52.90861511230469
2017-03-10,53.20381164550781
2017-03-13,53.40882110595703
2017-03-14,53.12181854248047
2017-03-15,53.76964569091797
2017-03-16,53.85164642333984
2017-03-17,53.86806106567383
2017-03-20,53.79425430297851
2017-03-21,53.261226654052734
2017-03-22,53.343223571777344
2017-03-23,53.31043243408203
2017-03-24,53.40882110595703
2017-03-27,53.46622467041016
2017-03-28,53.76964569091797
2017-03-29,53.846214294433594
2017-03-30,53.821510314941406
2017-03-31,53.689796447753906
2017-04-03,53.640403747558594
2017-04-04,53.67332458496094
2017-04-05,53.467533111572266
2017-04-06,53.54985046386719
2017-04-07,53.4839973449707
2017-04-10,53.50868225097656
2017-04-11,53.558067321777344
2017-04-12,53.43459701538086
2017-04-13,53.09708786010742
2017-04-17,53.54985046386719
2017-04-18,53.261722564697266
2017-04-19,53.15470886230469
2017-04-20,53.5992317199707
2017-04-21,53.51691436767578
2017-04-24,54.356597900390625
2017-04-25,54.68587493896485
2017-04-26,54.65293884277344
2017-04-27,54.67763900756836
2017-04-28,54.5623893737793
2017-05-01,54.67763900756836
2017-05-02,54.89167022705078
2017-05-03,54.70234680175781
2017-05-04,54.82583236694336
2017-05-05,55.220970153808594
2017-05-08,55.02338409423828
2017-05-09,55.06455612182617
2017-05-10,55.16333770751953
2017-05-11,55.081016540527344
2017-05-12,55.04808044433594
2017-05-15,55.41853332519531
2017-05-16,55.52555847167969
2017-05-17,54.66942596435547
2017-05-18,54.70234680175781
2017-05-19,55.25389099121094
2017-05-22,55.47616195678711
2017-05-23,55.46792984008789
2017-05-24,55.57494354248047
2017-05-25,55.764278411865234
2017-05-26,55.706661224365234
2017-05-30,55.64903259277344
2017-05-31,55.62433242797851
2017-06-01,56.03594207763672
2017-06-02,56.37346649169922
2017-06-05,56.24998092651367
2017-06-06,56.12649154663086
2017-06-07,56.12649154663086
2017-06-08,56.11001968383789
2017-06-09,56.011234283447266
2017-06-12,55.92893600463867
2017-06-13,56.2911491394043
2017-06-14,56.15119171142578
2017-06-15,55.805458068847656
2017-06-16,56.05239486694336
2017-06-19,56.406394958496094
2017-06-20,55.91246032714844
2017-06-21,55.91246032714844
2017-06-22,55.937164306640625
2017-06-23,56.03594207763672
2017-06-26,56.208797454833984
2017-06-27,55.91246032714844
2017-06-28,56.38161849975586
2017-06-29,55.84283828735352
2017-06-30,55.97545623779297
2017-07-03,56.0666389465332
2017-07-05,56.0666389465332
2017-07-06,55.59416198730469
2017-07-07,55.84283828735352
2017-07-10,55.967159271240234
2017-07-11,56.01691055297851
2017-07-12,56.505950927734375
2017-07-13,56.671722412109375
2017-07-14,57.01156234741211
2017-07-17,56.97013473510742
2017-07-18,57.01985931396485
2017-07-19,57.326568603515625
2017-07-20,57.426025390625
2017-07-21,57.326568603515625
2017-07-24,57.326568603515625
2017-07-25,57.442604064941406
2017-07-26,57.616676330566406
2017-07-27,57.47576522827149
2017-07-28,57.45090866088867
2017-07-31,57.45917510986328
2017-08-01,57.70785140991211
2017-08-02,57.65811920166016
2017-08-03,57.58351135253906
2017-08-04,57.691280364990234
2017-08-07,57.83218765258789
2017-08-08,57.64984130859375
2017-08-09,57.51720428466797
2017-08-10,56.63856887817383
2017-08-11,56.6634521484375
2017-08-14,57.18565368652344
2017-08-15,57.12762451171875
2017-08-16,57.40946960449219
2017-08-17,56.59712219238281
2017-08-18,56.6634521484375
2017-08-21,56.71317672729492
2017-08-22,57.16908645629883
2017-08-23,57.102752685546875
2017-08-24,57.01156234741211
2017-08-25,57.235374450683594
2017-08-28,57.227081298828125
2017-08-29,57.17737579345703
2017-08-30,57.343143463134766
2017-08-31,57.699562072753906
2017-09-01,57.87364196777344
2017-09-05,57.48406219482422
2017-09-06,57.699562072753906
2017-09-07,57.92336654663086
2017-09-08,57.8570671081543
2017-09-11,58.41241836547851
2017-09-12,58.56990051269531
2017-09-13,58.42070770263672
2017-09-14,58.43730163574219
2017-09-15,58.545047760009766
2017-09-18,58.74397277832031
2017-09-19,58.83514404296875
2017-09-20,58.83514404296875
2017-09-21,58.67766952514648
2017-09-22,58.7191162109375
2017-09-25,58.462162017822266
2017-09-26,58.40411758422851
2017-09-27,58.515769958496094
2017-09-28,58.59075546264648
2017-09-29,58.915653228759766
2017-10-02,59.0489387512207
2017-10-03,59.30719757080078
2017-10-04,59.33219146728515
2017-10-05,59.507137298583984
2017-10-06,59.43213653564453
2017-10-09,59.348846435546875
2017-10-10,59.67375183105469
2017-10-11,59.840370178222656
2017-10-12,59.80704498291016
2017-10-13,59.97365188598633
2017-10-16,59.99863815307617
2017-10-17,59.97365188598633
2017-10-18,60.01530075073242
2017-10-19,59.94034194946289
2017-10-20,60.08197021484375
2017-10-23,59.84869384765625
2017-10-24,59.94866180419922
2017-10-25,59.707069396972656
2017-10-26,59.72372817993164
2017-10-27,60.0402946472168
2017-10-30,59.96533966064453
2017-10-31,60.15693283081055
2017-11-01,60.29023742675781
2017-11-02,60.35688018798828
2017-11-03,60.4068603515625
2017-11-06,60.56515884399414
2017-11-07,60.440216064453125
2017-11-08,60.57347869873047
2017-11-09,60.240230560302734
2017-11-10,60.19024658203125
2017-11-13,60.09860610961914
2017-11-14,60.00699234008789
2017-11-15,59.657073974609375
2017-11-16,60.23190689086914
2017-11-17,60.14860916137695
2017-11-20,60.240230560302734
2017-11-21,60.7150993347168
2017-11-22,60.798397064208984
2017-11-24,61.02336120605469
2017-11-27,60.78175354003906
2017-11-28,61.248268127441406
2017-11-29,61.056678771972656
2017-11-30,61.29823684692383
2017-12-01,61.16497039794922
2017-12-04,61.056678771972656
2017-12-05,60.86505126953125
2017-12-06,60.673431396484375
2017-12-07,60.86505126953125
2017-12-08,61.223289489746094
2017-12-11,61.37322998046875
2017-12-12,61.3899040222168
2017-12-13,61.52320098876953
2017-12-14,61.256622314453125
2017-12-15,61.539852142333984
2017-12-18,62.11466979980469
2017-12-19,61.89830780029297
2017-12-20,61.85638427734375
2017-12-21,62.03248977661133
2017-12-22,62.14149856567383
2017-12-26,62.149906158447266
2017-12-27,62.19183349609375
2017-12-28,62.37630844116211
2017-12-29,62.27568817138672
2018-01-02,62.8207893371582
2018-01-03,63.24848175048828
2018-01-04,63.62587356567383
2018-01-05,63.9948844909668
2018-01-08,64.06193542480469
2018-01-09,64.17095947265625
2018-01-10,63.96131134033203
2018-01-11,64.43094635009766
2018-01-12,64.94247436523438
2018-01-16,64.79154968261719
2018-01-17,65.30313873291016
2018-01-18,65.16893768310547
2018-01-19,65.51273345947266
2018-01-22,65.99079132080078
2018-01-23,66.17525482177734
2018-01-24,66.28427124023438
2018-01-25,66.18366241455078
2018-01-26,66.8629150390625
2018-01-29,66.3094482421875
2018-01-30,65.63016510009766
2018-01-31,65.6888656616211
2018-02-01,65.63855743408203
2018-02-02,64.20450592041016
2018-02-05,61.73898696899414
2018-02-06,63.030460357666016
2018-02-07,62.225372314453125
2018-02-08,60.254600524902344
2018-02-09,60.891971588134766
2018-02-12,61.79769134521485
2018-02-13,61.83961868286133
2018-02-14,62.8207893371582
2018-02-15,63.516849517822266
2018-02-16,63.56715774536133
2018-02-20,63.08914566040039
2018-02-21,62.85434341430664
2018-02-22,62.963375091552734
2018-02-23,63.81035232543945
2018-02-26,64.40579223632812
2018-02-27,63.50847244262695
2018-02-28,62.77047348022461
2018-03-01,62.02410507202149
2018-03-02,62.31763458251953
2018-03-05,62.8207893371582
2018-03-06,63.18980407714844
2018-03-07,63.11432647705078
2018-03-08,63.35753631591797
2018-03-09,64.15420532226562
2018-03-12,64.22127532958984
2018-03-13,63.77680969238281
2018-03-14,63.70973205566406
2018-03-15,63.609107971191406
2018-03-16,63.61747360229492
2018-03-19,62.94659423828125
2018-03-20,63.09754943847656
2018-03-21,63.14786529541016
2018-03-22,61.671878814697266
2018-03-23,60.63199996948242
2018-03-26,62.060211181640625
2018-03-27,61.23543930053711
2018-03-28,61.2102165222168
2018-03-29,61.967620849609375
2018-04-02,60.738887786865234
2018-04-03,61.37852478027344
2018-04-04,61.86663436889648
2018-04-05,62.19486618041992
2018-04-06,61.193359375
2018-04-09,61.56367492675781
2018-04-10,62.472618103027344
2018-04-11,62.18645095825195
2018-04-12,62.556785583496094
2018-04-13,62.388450622558594
2018-04-16,62.70824432373047
2018-04-17,63.21322250366211
2018-04-18,63.45728302001953
2018-04-19,63.04491424560547
2018-04-20,62.63249206542969
2018-04-23,62.556785583496094
2018-04-24,62.04338073730469
2018-04-25,62.01814651489258
2018-04-26,62.53993606567383
2018-04-27,62.64935302734375
2018-04-30,62.22855758666992
2018-05-01,62.19486618041992
2018-05-02,61.9592170715332
2018-05-03,61.933963775634766
2018-05-04,62.46419143676758
2018-05-07,62.556785583496094
2018-05-08,62.56519317626953
2018-05-09,62.94392395019531
2018-05-10,63.524620056152344
2018-05-11,63.65926361083984
2018-05-14,63.751853942871094
2018-05-15,63.179569244384766
2018-05-16,63.49935150146485
2018-05-17,63.4825325012207
2018-05-18,63.27214813232422
2018-05-21,63.6340217590332
2018-05-22,63.57511901855469
2018-05-23,63.38997650146485
2018-05-24,63.2805290222168
2018-05-25,63.07015609741211
2018-05-29,62.09387969970703
2018-05-30,62.90180969238281
2018-05-31,62.58202362060547
2018-06-01,63.18797302246094
2018-06-04,63.507774353027344
2018-06-05,63.49095153808594
2018-06-06,64.0464096069336
2018-06-07,63.82759094238281
2018-06-08,63.97068786621094
2018-06-11,64.13056945800781
2018-06-12,64.06326293945312
2018-06-13,63.86967849731445
2018-06-14,63.93698501586914
2018-06-15,63.667694091796875
2018-06-18,63.36468505859375
2018-06-19,62.93548583984375
2018-06-20,63.154300689697266
2018-06-21,62.63249206542969
2018-06-22,63.00642776489258
2018-06-25,62.1076774597168
2018-06-26,62.17550277709961
2018-06-27,61.5904541015625
2018-06-28,61.904170989990234
2018-06-29,62.20940780639648
2018-07-02,61.98896408081055
2018-07-03,61.921138763427734
2018-07-05,62.41289520263672
2018-07-06,62.81142044067383
2018-07-09,63.438838958740234
2018-07-10,63.54905700683594
2018-07-11,62.845306396484375
2018-07-12,63.33710861206055
2018-07-13,63.413421630859375
2018-07-16,63.32862854003906
2018-07-17,63.57452392578125
2018-07-18,63.61690902709961
2018-07-19,63.379493713378906
2018-07-20,63.49821472167969
2018-07-23,63.49821472167969
2018-07-24,63.77801132202149
2018-07-25,64.43936157226562
2018-07-26,64.16803741455078
2018-07-27,63.97300720214844
2018-07-30,63.752567291259766
2018-07-31,63.99845886230469
2018-08-01,63.76952362060547
2018-08-02,63.77801132202149
2018-08-03,63.99845886230469
2018-08-06,63.99845886230469
2018-08-07,64.24434661865234
2018-08-08,64.20193481445312
2018-08-09,64.0578384399414
2018-08-10,63.33710861206055
2018-08-13,62.99795913696289
2018-08-14,63.294708251953125
2018-08-15,62.590972900390625
2018-08-16,63.06580352783203
2018-08-17,63.345577239990234
2018-08-20,63.59147262573242
2018-08-21,63.8458366394043
2018-08-22,64.01541900634766
2018-08-23,63.71866607666016
2018-08-24,64.17652130126953
2018-08-27,64.85482788085938
2018-08-28,64.803955078125
2018-08-29,65.10918426513672
2018-08-30,64.56653594970703
2018-08-31,64.54960632324219
2018-09-04,64.14259338378906
2018-09-05,63.71866607666016
2018-09-06,63.58296203613281
2018-09-07,63.294708251953125
2018-09-10,63.44733047485352
2018-09-11,63.57452392578125
2018-09-12,63.69321060180664
2018-09-13,64.09173583984375
2018-09-14,64.13411712646484
2018-09-17,63.905181884765625
2018-09-18,64.35456848144531
2018-09-19,64.51567840576172
2018-09-20,65.11766052246094
2018-09-21,65.10069274902344
2018-09-24,64.81242370605469
2018-09-25,64.897216796875
2018-09-26,64.78817749023438
2018-09-27,64.83926391601562
2018-09-28,64.60072326660156
2018-10-01,64.80520629882812
2018-10-02,64.49851989746094
2018-10-03,64.49851989746094
2018-10-04,63.791446685791016
2018-10-05,63.40806579589844
2018-10-08,63.271785736083984
2018-10-09,63.118404388427734
2018-10-10,61.32939910888672
2018-10-11,60.25598907470703
2018-10-12,60.93751907348633
2018-10-15,60.68194961547851
2018-10-16,61.88312911987305
2018-10-17,61.636085510253906
2018-10-18,60.68194961547851
2018-10-19,60.7415771484375
2018-10-22,60.57117462158203
2018-10-23,60.15375900268555
2018-10-24,58.3136100769043
2018-10-25,59.2847785949707
2018-10-26,58.5606575012207
2018-10-29,58.1602668762207
2018-10-30,59.01217269897461
2018-10-31,59.54888153076172
2018-11-01,60.485984802246094
2018-11-02,60.358211517333984
2018-11-05,60.520076751708984
2018-11-06,60.82675552368164
2018-11-07,61.87461471557617
2018-11-08,61.38050842285156
2018-11-09,60.89490509033203
2018-11-12,59.82149124145508
2018-11-13,59.91521835327149
2018-11-14,59.71076202392578
2018-11-15,60.23893356323242
2018-11-16,60.358211517333984
2018-11-19,59.531837463378906
2018-11-20,58.44139862060547
2018-11-21,58.98661422729492
2018-11-23,58.611785888671875
2018-11-26,59.46370697021485
2018-11-27,59.47221755981445
2018-11-28,60.613765716552734
2018-11-29,60.46044921875
2018-11-30,60.579708099365234
2018-12-03,61.40606689453125
2018-12-04,59.600006103515625
2018-12-06,59.29331588745117
2018-12-07,58.202842712402344
2018-12-10,58.075077056884766
2018-12-11,58.10062026977539
2018-12-12,58.73106002807617
2018-12-13,58.62031173706055
2018-12-14,57.700233459472656
2018-12-17,56.74608612060547
2018-12-18,56.8227653503418
2018-12-19,56.09010696411133
2018-12-20,55.49376678466797
2018-12-21,54.53111267089844
2018-12-24,53.50865936279297
2018-12-26,55.50032043457031
2018-12-27,55.80937957763672
2018-12-28,55.86945343017578
2018-12-31,56.195682525634766
2019-01-02,56.126991271972656
2019-01-03,55.251373291015625
2019-01-04,57.04557418823242
2019-01-07,57.39754867553711
2019-01-08,57.86112976074219
2019-01-09,58.4019660949707
2019-01-10,58.668094635009766
2019-01-11,58.444881439208984
2019-01-14,58.12725830078125
2019-01-15,58.650901794433594
2019-01-16,58.84838104248047
2019-01-17,59.18318176269531
2019-01-18,59.82704544067383
2019-01-22,58.977142333984375
2019-01-23,59.114501953125
2019-01-24,59.294776916503906
2019-01-25,59.89570236206055
2019-01-28,59.5093879699707
2019-01-29,59.54374313354492
2019-01-30,60.38502502441406
2019-01-31,60.68551254272461
2019-02-01,60.69408416748047
2019-02-04,61.0117301940918
2019-02-05,61.4323616027832
2019-02-06,61.17485046386719
2019-02-07,60.58250045776367
2019-02-08,60.470890045166016
2019-02-11,60.470890045166016
2019-02-12,61.20917892456055
2019-02-13,61.23495101928711
2019-02-14,61.226341247558594
2019-02-15,61.89593505859375
2019-02-19,62.05046844482422
2019-02-20,62.28227615356445
2019-02-21,62.05046844482422
2019-02-22,62.44538116455078
2019-02-25,62.60847473144531
2019-02-26,62.67718124389648
2019-02-27,62.59988784790039
2019-02-28,62.39385223388672
2019-03-01,62.71149444580078
2019-03-04,62.52265930175781
2019-03-05,62.60847473144531
2019-03-06,62.23073196411133
2019-03-07,61.56972122192383
2019-03-08,61.40663146972656
2019-03-11,62.23073196411133
2019-03-12,62.385284423828125
2019-03-13,62.74583053588867
2019-03-14,62.66858673095703
2019-03-15,63.15791702270508
2019-03-18,63.44120788574219
2019-03-19,63.44979095458984
2019-03-20,63.346771240234375
2019-03-21,63.72450256347656
2019-03-22,62.42822265625
2019-03-25,62.41182327270508
2019-03-26,62.782413482666016
2019-03-27,62.54971694946289
2019-03-28,62.722076416015625
2019-03-29,63.05818176269531
2019-04-01,63.8682746887207
2019-04-02,63.85966110229492
2019-04-03,64.1268310546875
2019-04-04,64.21302032470703
2019-04-05,64.47152709960938
2019-04-08,64.54911804199219
2019-04-09,64.20439147949219
2019-04-10,64.47152709960938
2019-04-11,64.35951232910156
2019-04-12,64.81627655029297
2019-04-15,64.71285247802734
2019-04-16,64.85935974121094
2019-04-17,64.78178405761719
2019-04-18,64.83350372314453
2019-04-22,64.77318572998047
2019-04-23,65.18685150146484
2019-04-24,64.83350372314453
2019-04-25,64.7904281616211
2019-04-26,65.10063934326172
2019-04-29,65.18685150146484
2019-04-30,65.24718475341797
2019-05-01,64.82489013671875
2019-05-02,64.73008728027344
2019-05-03,65.35057067871094
2019-05-06,64.89381408691406
2019-05-07,63.81657028198242
2019-05-08,63.807960510253906
2019-05-09,63.4373664855957
2019-05-10,63.747615814208984
2019-05-13,62.14466857910156
2019-05-14,62.7910270690918
2019-05-15,63.08403015136719
2019-05-16,63.54942321777344
2019-05-17,63.04095458984375
2019-05-20,62.68761444091797
2019-05-21,63.23914337158203
2019-05-22,62.95475769042969
2019-05-23,62.24810028076172
2019-05-24,62.532474517822266
2019-05-28,62.041259765625
2019-05-29,61.73100280761719
2019-05-30,61.946434020996094
2019-05-31,61.351806640625
2019-06-03,61.44660186767578
2019-06-04,62.49801254272461
2019-06-05,62.713470458984375
2019-06-06,63.0064811706543
2019-06-07,63.644187927246094
2019-06-10,63.91135787963867
2019-06-11,64.09234619140625
2019-06-12,63.782108306884766
2019-06-13,63.96308135986328
2019-06-14,63.66144180297851
2019-06-17,63.74911880493164
2019-06-18,64.53059387207031
2019-06-19,64.83448791503906
2019-06-20,65.46833038330078
2019-06-21,65.23390197753906
2019-06-24,65.20783996582031
2019-06-25,64.64346313476562
2019-06-26,64.67817687988281
2019-06-27,64.96472930908203
2019-06-28,65.25994873046875
2019-07-01,65.82433319091797
2019-07-02,65.91984558105469
2019-07-03,66.3453140258789
2019-07-05,66.0848159790039
2019-07-08,65.77222442626953
2019-07-09,65.66801452636719
2019-07-10,65.98929595947266
2019-07-11,66.02403259277344
2019-07-12,66.24978637695312
2019-07-15,66.26714324951172
2019-07-16,66.04138946533203
2019-07-17,65.72881317138672
2019-07-18,65.99798583984375
2019-07-19,65.73751068115234
2019-07-22,65.80696105957031
2019-07-23,66.23242950439453
2019-07-24,66.44949340820312
2019-07-25,65.97193145751953
2019-07-26,66.30187225341797
2019-07-29,66.24111938476562
2019-07-30,65.85906982421875
2019-07-31,65.25994873046875
2019-08-01,64.73896026611328
2019-08-02,64.13985443115234
2019-08-05,62.35121154785156
2019-08-06,63.045841217041016
2019-08-07,63.22818756103515
2019-08-08,64.20933532714844
2019-08-09,63.714393615722656
2019-08-12,63.045841217041016
2019-08-13,63.844669342041016
2019-08-14,61.97785186767578
2019-08-15,62.20359420776367
2019-08-16,63.06320571899414
2019-08-19,63.601524353027344
2019-08-20,63.25422286987305
2019-08-21,63.78386306762695
2019-08-22,63.65363311767578
2019-08-23,62.3425407409668
2019-08-26,62.9503173828125
2019-08-27,62.75062561035156
2019-08-28,63.07187271118164
2019-08-29,63.775177001953125
2019-08-30,63.88808059692383
2019-09-03,63.54943084716797
2019-09-04,64.33088684082031
2019-09-05,65.06024932861328
2019-09-06,65.17313385009766
2019-09-09,65.22521209716797
2019-09-10,65.25125122070312
2019-09-11,65.7114486694336
2019-09-12,66.00667572021484
2019-09-13,66.13690185546875
2019-09-16,65.893798828125
2019-09-17,66.02403259277344
2019-09-18,65.97193145751953
2019-09-19,66.01535034179688
2019-09-20,65.79828643798828
2019-09-23,65.78092193603516
2019-09-24,65.34864807128906
2019-09-25,65.48835754394531
2019-09-26,65.51456451416016
2019-09-27,65.10411834716797
2019-09-30,65.33991241455078
2019-10-01,64.64127349853516
2019-10-02,63.57585525512695
2019-10-03,64.0649185180664
2019-10-04,64.74606323242188
2019-10-07,64.53649139404297
2019-10-08,63.68937683105469
2019-10-09,64.22205352783203
2019-10-10,64.6674575805664
2019-10-11,65.53203582763672
2019-10-14,65.36609649658203
2019-10-15,66.04725646972656
2019-10-16,66.01233673095703
2019-10-17,66.19574737548828
2019-10-18,65.99488067626953
2019-10-21,66.45770263671875
2019-10-22,66.27433013916016
2019-10-23,66.46644592285156
2019-10-24,66.60618591308594
2019-10-25,66.85941314697266
2019-10-28,67.21749877929688
2019-10-29,67.1563491821289
2019-10-30,67.3659439086914
2019-10-31,67.16510772705078
2019-11-01,67.82878875732422
2019-11-04,68.15192413330078
2019-11-05,68.16064453125
2019-11-06,68.15192413330078
2019-11-07,68.37024688720703
2019-11-08,68.42261505126953
2019-11-11,68.24797821044922
2019-11-12,68.3003921508789
2019-11-13,68.17810821533203
2019-11-14,68.1955795288086
2019-11-15,68.6758804321289
2019-11-18,68.70208740234375
2019-11-19,68.71957397460938
2019-11-20,68.37897491455078
2019-11-21,68.3003921508789
2019-11-22,68.44883728027344
2019-11-25,68.97280883789062
2019-11-26,69.03395080566406
2019-11-27,69.31340026855469
2019-11-29,68.88546752929688
2019-12-02,68.39643859863281
2019-12-03,68.03838348388672
2019-12-04,68.55364227294922
2019-12-05,68.6147689819336
2019-12-06,69.22608947753906
2019-12-09,68.99027252197266
2019-12-10,68.92915344238281
2019-12-11,69.22608947753906
2019-12-12,69.86356353759766
2019-12-13,69.9858169555664
2019-12-16,70.57966613769531
2019-12-17,70.55347442626953
2019-12-18,70.57966613769531
2019-12-19,70.76306915283203
2019-12-20,70.97265625
2019-12-23,71.0703353881836
2019-12-24,71.04390716552734
2019-12-26,71.36949157714844
2019-12-27,71.45748901367188
2019-12-30,71.03511047363281
2019-12-31,71.26390838623047
2020-01-02,71.98542785644531
2020-01-03,71.33431243896484
2020-01-06,71.59825897216797
2020-01-07,71.37830352783203
2020-01-08,71.66867065429688
2020-01-09,72.0206298828125
2020-01-10,71.87105560302734
2020-01-13,72.38140869140625
2020-01-14,72.35498046875
2020-01-15,72.36378479003906
2020-01-16,72.8829574584961
2020-01-17,73.10292053222656
2020-01-21,72.63655853271484
2020-01-22,72.73336791992188
2020-01-23,72.6541748046875
2020-01-24,72.08219909667969
2020-01-27,70.74475860595703
2020-01-28,71.43990325927734
2020-01-29,71.36949157714844
2020-01-30,71.36949157714844
2020-01-31,70.15522766113281
2020-02-03,70.54237365722656
2020-02-04,71.703857421875
2020-02-05,72.35498046875
2020-02-06,72.58374786376953
2020-02-07,71.99420928955078
2020-02-10,72.37258911132812
2020-02-11,72.73336791992188
2020-02-12,73.18212890625
2020-02-13,72.91812133789062
2020-02-14,72.970947265625
2020-02-18,72.6541748046875
2020-02-19,73.04135131835938
2020-02-20,72.63655853271484
2020-02-21,72.0470199584961
2020-02-24,69.57447052001953
2020-02-25,67.92023468017578
2020-02-26,67.80586242675781
2020-02-27,65.29812622070312
2020-02-28,65.08692932128906
2020-03-02,66.8731460571289
2020-03-03,65.57969665527344
2020-03-04,67.77066040039062
2020-03-05,65.8348617553711
2020-03-06,64.67337799072266
2020-03-09,59.56989669799805
2020-03-10,62.271209716796875
2020-03-11,59.1915283203125
2020-03-12,53.13775634765625
2020-03-13,57.3701171875
2020-03-16,50.691612243652344
2020-03-17,53.60411834716797
2020-03-18,50.19007110595703
2020-03-19,50.68280792236328
2020-03-20,49.30135345458984
2020-03-23,48.12732696533203
2020-03-24,52.52662658691406
2020-03-25,53.72804641723633
2020-03-26,56.44889450073242
2020-03-27,54.567264556884766
2020-03-30,56.01602935791016
2020-03-31,55.4771614074707
2020-04-01,53.0301628112793
2020-04-02,54.116729736328125
2020-04-03,53.1715087890625
2020-04-06,56.43122100830078
2020-04-07,56.64324569702149
2020-04-08,58.0036735534668
2020-04-09,59.08140563964844
2020-04-13,58.55137634277344
2020-04-14,59.95597457885742
2020-04-15,58.392364501953125
2020-04-16,58.62205123901367
2020-04-17,60.167999267578125
2020-04-20,59.26692962646485
2020-04-21,57.5884895324707
2020-04-22,58.85173416137695
2020-04-23,58.80756378173828
2020-04-24,59.45244598388672
2020-04-27,60.45951461791992
2020-04-28,60.45951461791992
2020-04-29,62.18213653564453
2020-04-30,61.22806930541992
2020-05-01,59.637962341308594
2020-05-04,59.81462860107422
2020-05-05,60.23866653442383
2020-05-06,59.88529968261719
2020-05-07,60.69803237915039
2020-05-08,61.766944885253906
2020-05-11,61.75809097290039
2020-05-12,60.69803237915039
2020-05-13,59.8499755859375
2020-05-14,60.123809814453125
2020-05-15,60.23866653442383
2020-05-18,62.35880661010742
2020-05-19,61.73160171508789
2020-05-20,62.800506591796875
2020-05-21,62.26163101196289
2020-05-22,62.19979476928711
2020-05-26,63.3835563659668
2020-05-27,64.24044036865234
2020-05-28,64.2757797241211
2020-05-29,64.41710662841797
2020-06-01,65.24751281738281
2020-06-02,65.97189331054688
2020-06-03,67.14680480957031
2020-06-04,66.81996154785156
2020-06-05,68.42771911621094
2020-06-08,69.28462982177734
2020-06-09,68.56024169921875
2020-06-10,68.3570785522461
2020-06-11,64.4613037109375
2020-06-12,65.43301391601562
2020-06-15,65.8305435180664
2020-06-16,66.95245361328125
2020-06-17,66.85527038574219
2020-06-18,66.79344940185547
2020-06-19,66.48426818847656
2020-06-22,67.0700912475586
2020-06-23,67.34528350830078
2020-06-24,65.72975158691406
2020-06-25,66.46649932861328
2020-06-26,65.18830108642578
2020-06-29,65.96940612792969
2020-06-30,66.39550018310547
2020-07-01,66.83929443359375
2020-07-02,67.4428939819336
2020-07-06,68.68561553955078
2020-07-07,67.87786865234375
2020-07-08,68.5524673461914
2020-07-09,68.11750030517578
2020-07-10,68.66785430908203
2020-07-13,68.11750030517578
2020-07-14,68.91638946533203
2020-07-15,69.64424896240234
2020-07-16,69.2536849975586
2020-07-17,69.50222778320312
2020-07-20,70.06144714355469
2020-07-21,70.32776641845703
2020-07-22,70.61180114746094
2020-07-23,69.86616516113281
2020-07-24,69.49337005615234
2020-07-27,70.23896789550781
2020-07-28,69.75962829589844
2020-07-29,70.64728546142578
2020-07-30,70.18569946289062
2020-07-31,69.91055297851562
2020-08-03,70.7271728515625
2020-08-04,71.08222961425781
2020-08-05,71.5615463256836
2020-08-06,71.87224578857422
2020-08-07,71.62368774414062
2020-08-10,71.81898498535156
2020-08-11,71.5970687866211
2020-08-12,72.67111206054688
2020-08-13,72.475830078125
2020-08-14,72.34268188476562
2020-08-17,72.78651428222656
2020-08-18,72.84864807128906
2020-08-19,72.48470306396484
2020-08-20,72.50245666503906
2020-08-21,72.57345581054688
2020-08-24,73.32794952392578
2020-08-25,73.58538055419922
2020-08-26,74.162353515625
2020-08-27,73.99368286132812
2020-08-28,74.53514862060547
2020-08-31,74.10908508300781
2020-09-01,74.6683120727539
2020-09-02,75.51155090332031
2020-09-03,73.24807739257812
2020-09-04,72.972900390625
2020-09-08,71.28638458251953
2020-09-09,72.59121704101562
2020-09-10,71.57044219970703
2020-09-11,71.8544692993164
2020-09-14,72.75987243652344
2020-09-15,73.18595123291016
2020-09-16,73.06166076660156
2020-09-17,72.67111206054688
2020-09-18,72.0320053100586
2020-09-21,70.9820556640625
2020-09-22,71.31211853027344
2020-09-23,69.9383316040039
2020-09-24,69.97401428222656
2020-09-25,70.74119567871094
2020-09-28,71.85628509521484
2020-09-29,71.5975570678711
2020-09-30,71.93655395507812
2020-10-01,72.51641845703125
2020-10-02,72.05254364013672
2020-10-05,73.23898315429688
2020-10-06,72.4896469116211
2020-10-07,73.5155258178711
2020-10-08,74.12212371826172
2020-10-09,74.68414306640625
2020-10-12,75.50484466552734
2020-10-13,75.01419830322266
2020-10-14,74.68414306640625
2020-10-15,74.32730102539062
2020-10-16,74.36297607421875
2020-10-19,73.65827941894531
2020-10-20,74.00617980957031
2020-10-21,73.81883239746094
2020-10-22,74.10430908203125
2020-10-23,74.44327545166016
2020-10-26,73.12301635742188
2020-10-27,72.81078338623047
2020-10-28,70.55382537841797
2020-10-29,71.16936492919922
2020-10-30,70.46464538574219
2020-11-02,71.33887481689453
2020-11-03,72.68590545654297
2020-11-04,74.05079650878906
2020-11-05,75.62081146240234
2020-11-06,75.71002197265625
2020-11-09,76.92323303222656
2020-11-10,76.97674560546875
2020-11-11,77.4674072265625
2020-11-12,76.64669036865234
2020-11-13,77.72610473632812
2020-11-16,78.71629333496094
2020-11-17,78.55571746826172
2020-11-18,77.87776947021484
2020-11-19,78.35945892333984
2020-11-20,78.23457336425781
2020-11-23,78.6181640625
2020-11-24,79.81356048583984
2020-11-25,79.68865966796875
2020-11-27,80.08116149902344
2020-11-30,79.18018341064453
2020-12-01,80.35770416259766
2020-12-02,80.41124725341797
2020-12-03,80.67884063720703
2020-12-04,81.4549331665039
2020-12-07,81.19625091552734
2020-12-08,81.4549331665039
2020-12-09,80.95539093017578
2020-12-10,81.18733215332031
2020-12-11,80.97323608398438
2020-12-14,80.79480743408203
2020-12-15,81.83853149414062
2020-12-16,82.03479766845703
2020-12-17,82.56111145019531
2020-12-18,82.30241394042969
2020-12-21,81.71189880371094
2020-12-22,81.63113403320312
2020-12-23,82.0080337524414
2020-12-24,82.19652557373047
2020-12-28,82.57344818115234
2020-12-29,82.73497009277344
2020-12-30,83.02216339111328
2020-12-31,83.0849838256836
2021-01-04,82.60933685302734
2021-01-05,83.51576232910156
2021-01-06,84.10807800292969
2021-01-07,84.96063995361328
2021-01-08,85.73242950439453
2021-01-11,84.96063995361328
2021-01-12,85.28372192382812
2021-01-13,85.35552215576172
2021-01-14,85.49909210205078
2021-01-15,84.61063385009766
2021-01-19,85.34654998779297
2021-01-20,86.37859344482422
2021-01-21,86.405517578125
2021-01-22,86.00166320800781
2021-01-25,86.19013214111328
2021-01-26,85.93887329101562
2021-01-27,83.87474060058594
2021-01-28,84.55680084228516
2021-01-29,82.89651489257812
2021-02-01,84.31448364257812
2021-02-02,85.48117065429688
2021-02-03,85.61576080322266
2021-02-04,86.20806884765625
2021-02-05,86.73757934570312
2021-02-08,87.33885955810547
2021-02-09,87.60807800292969
2021-02-10,87.59911346435547
2021-02-11,88.0478286743164
2021-02-12,88.46965026855469
2021-02-16,88.5863037109375
2021-02-17,88.2990951538086
2021-02-18,87.82347106933594
2021-02-19,88.0478286743164
2021-02-22,87.10551452636719
2021-02-23,87.26704406738281
2021-02-24,87.82347106933594
2021-02-25,85.82218170166016
2021-02-26,85.11319732666016
2021-03-01,87.13243865966797
2021-03-02,86.56704711914062
2021-03-03,85.65167236328125
2021-03-04,84.40422058105469
2021-03-05,85.56192016601562
2021-03-08,84.9516830444336
2021-03-09,86.2708969116211
2021-03-10,86.67475891113281
2021-03-11,87.78758239746094
2021-03-12,87.7965316772461
2021-03-15,88.16451263427734
2021-03-16,88.09271240234375
2021-03-17,88.46965026855469
2021-03-18,87.17730712890625
2021-03-19,87.26704406738281
2021-03-22,87.65666198730469
2021-03-23,86.56791687011719
2021-03-24,85.87510681152344
2021-03-25,86.3699722290039
2021-03-26,87.71963500976562
2021-03-29,87.3867416381836
2021-03-30,87.36872100830078
2021-03-31,87.53968811035156
2021-04-01,88.69141387939453
2021-04-05,89.70813751220703
2021-04-06,89.5191879272461
2021-04-07,89.38423156738281
2021-04-08,89.95110321044922
2021-04-09,90.28401184082033
2021-04-12,90.09506225585938
2021-04-13,90.4369888305664
2021-04-14,90.40098571777344
2021-04-15,91.27378845214844
2021-04-16,91.62468719482422
2021-04-19,91.2107925415039
2021-04-20,90.18505859375
2021-04-21,91.10283660888672
2021-04-22,90.52696228027344
2021-04-23,91.57971954345705
2021-04-26,91.84964752197266
2021-04-27,91.7506866455078
2021-04-28,91.92162322998048
2021-04-29,92.12858581542967
2021-04-30,91.15679931640624
2021-05-03,91.57971954345705
2021-05-04,90.68892669677734
2021-05-05,91.09381866455078
2021-05-06,91.69666290283205
2021-05-07,92.56047058105467
2021-05-10,91.62468719482422
2021-05-11,90.82389831542967
2021-05-12,88.86237335205078
2021-05-13,89.69017791748047
2021-05-14,91.13880920410156
2021-05-17,90.95884704589844
2021-05-18,90.79690551757812
2021-05-19,90.31999969482422
2021-05-20,91.35475158691406
2021-05-21,91.22879791259766
2021-05-24,91.9576187133789
2021-05-25,91.97560119628906
2021-05-26,92.20056915283205
2021-05-27,92.33551788330078
2021-05-28,92.59647369384766
2021-06-01,92.94739532470705
2021-06-02,93.0823211669922
2021-06-03,92.5694580078125
2021-06-04,93.45124816894533
2021-06-07,93.51423645019533
2021-06-08,93.48724365234376
2021-06-09,93.24430847167967
2021-06-10,93.70320892333984
2021-06-11,93.8741455078125
2021-06-14,94.03611755371094
2021-06-15,93.84716033935548
2021-06-16,93.23531341552734
2021-06-17,92.99235534667967
2021-06-18,91.6156997680664
2021-06-21,92.8771743774414
2021-06-22,93.1122589111328
2021-06-23,92.97661590576172
2021-06-24,93.65481567382812
2021-06-25,94.02558135986328
2021-06-28,93.92609405517578
2021-06-29,93.94418334960938
2021-06-30,93.69100189208984
2021-07-01,94.03461456298828
2021-07-02,94.4324951171875
2021-07-06,93.9532470703125
2021-07-07,94.18832397460938
2021-07-08,93.1122589111328
2021-07-09,94.48674011230467
2021-07-12,94.71280670166016
2021-07-13,94.26971435546876
2021-07-14,94.34207153320312
2021-07-15,93.93513488769533
2021-07-16,93.21173858642578
2021-07-19,91.80105590820312
2021-07-20,92.90428161621094
2021-07-21,93.85376739501952
2021-07-22,93.9532470703125
2021-07-23,94.56813049316406
2021-07-26,94.4596176147461
2021-07-27,93.8447036743164
2021-07-28,94.34207153320312
2021-07-29,94.80323791503906
2021-07-30,94.26971435546876
2021-08-02,94.34207153320312
2021-08-03,95.03834533691406
2021-08-04,94.73088836669922
2021-08-05,95.20111083984376
2021-08-06,95.11972045898438
2021-08-09,95.07453155517578
2021-08-10,95.14686584472656
2021-08-11,95.52664947509766
2021-08-12,95.52664947509766
2021-08-13,95.74368286132812
2021-08-16,95.52664947509766
2021-08-17,94.63143920898438
2021-08-18,93.9984359741211
2021-08-19,93.5101318359375
2021-08-20,94.07984161376952
2021-08-23,95.06546783447266
2021-08-24,95.5809097290039
2021-08-25,95.75272369384766
2021-08-26,95.11972045898438
2021-08-27,96.13250732421876
2021-08-30,96.35856628417967
2021-08-31,96.40380859375
2021-09-01,96.87399291992188
2021-09-02,97.1724090576172
2021-09-03,97.34423828125
2021-09-07,97.08199310302734
2021-09-08,96.59368896484376
2021-09-09,96.34048461914062
2021-09-10,95.85218811035156
2021-09-13,96.1958236694336
2021-09-14,95.6261215209961
2021-09-15,96.2048568725586
2021-09-16,95.9878158569336
2021-09-17,95.03834533691406
2021-09-20,93.32438659667967
2021-09-21,93.61488342285156
2021-09-22,94.51361846923828
2021-09-23,95.57577514648438
2021-09-24,95.23080444335938
2021-09-27,95.16726684570312
2021-09-28,93.1882095336914
2021-09-29,93.07926940917967
2021-09-30,92.44379425048828
2021-10-01,93.1882095336914
2021-10-04,92.09880828857422
2021-10-05,92.81600189208984
2021-10-06,92.81600189208984
2021-10-07,93.73291015625
2021-10-08,93.64212036132812
2021-10-11,93.15189361572266
2021-10-12,93.07926940917967
2021-10-13,93.74195861816406
2021-10-14,95.0401611328125
2021-10-15,95.71197509765624
2021-10-18,95.80274200439452
2021-10-19,96.49266815185548
2021-10-20,96.84674072265624
2021-10-21,96.80133056640624
2021-10-22,96.85582733154295
2021-10-25,97.17354583740234
2021-10-26,97.1281509399414
2021-10-27,96.5562515258789
2021-10-28,97.4277572631836
2021-10-29,97.20079040527344
2021-11-01,97.79995727539062
2021-11-02,97.81809997558594
2021-11-03,98.47174835205078
2021-11-04,98.63514709472656
2021-11-05,98.95289611816406
2021-11-08,99.16167449951172
2021-11-09,98.88933563232422
2021-11-10,97.93612670898438
2021-11-11,98.24478912353516
2021-11-12,98.89842224121094
2021-11-15,98.8439483642578
2021-11-16,99.01644897460938
2021-11-17,98.65330505371094
2021-11-18,98.68962097167967
2021-11-19,98.24478912353516
2021-11-22,97.6819305419922
2021-11-23,97.66376495361328
2021-11-24,97.7182388305664
2021-11-26,95.25804138183594
2021-11-29,96.1023178100586
2021-11-30,94.65887451171876
2021-12-01,93.66027069091795
2021-12-02,95.1037139892578
2021-12-03,94.2231216430664
2021-12-06,95.25804138183594
2021-12-07,97.22801971435548
2021-12-08,97.59115600585938
2021-12-09,96.71964263916016
2021-12-10,97.20987701416016
2021-12-13,96.22941589355467
2021-12-14,95.63023376464844
2021-12-15,96.83766174316406
2021-12-16,96.29296112060548
2021-12-17,95.4123764038086
2021-12-20,94.53885650634766
2021-12-21,96.13951873779295
2021-12-22,97.02674102783205
2021-12-23,97.64869689941406
2021-12-27,98.68228149414062
2021-12-28,98.5724868774414
2021-12-29,98.60909271240234
2021-12-30,98.52677917480467
2021-12-31,98.26152801513672
2022-01-03,98.82862091064452
2022-01-04,98.8651885986328
2022-01-05,97.18224334716795
2022-01-06,97.09076690673828
2022-01-07,96.95357513427734
2022-01-10,96.6334457397461
2022-01-11,97.74932098388672
2022-01-12,98.28895568847656
2022-01-13,97.07245635986328
2022-01-14,97.06333923339844
2022-01-18,95.39864349365234
2022-01-19,94.85899353027344
2022-01-20,94.08154296875
2022-01-21,92.48088836669922
2022-01-24,92.36199951171876
2022-01-25,91.44734191894533
2022-01-26,91.03573608398438
2022-01-27,90.34974670410156
2022-01-28,91.84064483642578
2022-01-31,93.7614288330078
2022-02-01,94.50228118896484
2022-02-02,95.06021881103516
2022-02-03,93.22174835205078
2022-02-04,93.63337707519533
2022-02-07,93.52359008789062
2022-02-08,94.23704528808594
2022-02-09,95.7736587524414
2022-02-10,94.39252471923828
2022-02-11,92.75530242919922
2022-02-14,92.28883361816406
2022-02-15,93.90776824951172
2022-02-16,94.19131469726562
2022-02-17,92.3711395263672
2022-02-18,91.7217254638672
2022-02-22,90.63330078125
2022-02-23,89.3710708618164
2022-02-24,89.74607849121094
2022-02-25,91.73087310791016
2022-02-28,91.16378021240234
2022-03-01,89.64546966552734
2022-03-02,90.98087310791016
2022-03-03,90.02960968017578
2022-03-04,88.71249389648438
2022-03-07,85.88622283935547
2022-03-08,85.79476928710938
2022-03-09,88.38323211669922
2022-03-10,87.69725036621094
2022-03-11,86.58135986328125
2022-03-14,86.04171752929688
2022-03-15,87.40455627441406
2022-03-16,90.17596435546876
2022-03-17,91.11807250976562
2022-03-18,92.08759307861328
2022-03-21,91.85560607910156
2022-03-22,92.90096282958984
2022-03-23,91.76390075683594
2022-03-24,92.80010986328124
2022-03-25,93.01100158691406
2022-03-28,93.31361389160156
2022-03-29,94.82666778564452
2022-03-30,94.30397033691406
2022-03-31,92.88263702392578
2022-04-01,93.47867584228516
2022-04-04,94.2397918701172
2022-04-05,92.88263702392578
2022-04-06,91.846435546875
2022-04-07,92.05733489990234
2022-04-08,91.83724212646484
2022-04-11,90.55345916748048
2022-04-12,90.17748260498048
2022-04-13,91.28705596923828
2022-04-14,90.41590118408205
2022-04-18,90.15914916992188
2022-04-19,91.18618774414062
2022-04-20,91.25955200195312
2022-04-21,89.86572265625
2022-04-22,87.82996368408203
2022-04-25,87.93084716796875
2022-04-26,85.5282974243164
2022-04-27,85.84925079345703
2022-04-28,87.62824249267578
2022-04-29,85.36324310302734
2022-05-02,85.63835906982422
2022-05-03,86.09684753417969
2022-05-04,88.16008758544922
2022-05-05,85.15234375
2022-05-06,84.30870819091797
2022-05-09,81.5118637084961
2022-05-10,81.79613494873047
2022-05-11,80.75077056884766
2022-05-12,80.63156127929688
2022-05-13,82.85986328125
2022-05-16,82.59392547607422
2022-05-17,84.2995376586914
2022-05-18,81.49353790283203
2022-05-19,81.70443725585938
2022-05-20,81.93368530273438
2022-05-23,83.21747589111328
2022-05-24,82.51139831542969
2022-05-25,83.09827423095703
2022-05-26,84.50127410888672
2022-05-27,86.2068862915039
2022-05-31,85.7850570678711
2022-06-01,85.14318084716797
2022-06-02,86.86713409423828
2022-06-03,85.47328186035156
2022-06-06,85.80341339111328
2022-06-07,86.4361343383789
2022-06-08,85.58332824707031
2022-06-09,83.6484603881836
2022-06-10,81.45683288574219
2022-06-13,78.42157745361328
2022-06-14,78.17400360107422
2022-06-15,79.41194152832031
2022-06-16,76.91771697998047
2022-06-17,77.00025177001953
2022-06-21,78.61466217041016
2022-06-22,78.17133331298828
2022-06-23,78.6423568725586
2022-06-24,81.00669860839844
2022-06-27,80.80352783203125
2022-06-28,79.65829467773438
2022-06-29,79.41816711425781
2022-06-30,78.81783294677734
2022-07-01,79.30732727050781
2022-07-05,78.89171600341797
2022-07-06,78.9378890991211
2022-07-07,80.1939697265625
2022-07-08,80.16625213623047
2022-07-11,78.974853515625
2022-07-12,78.52227783203125
2022-07-13,78.24522399902344
2022-07-14,77.64488983154297
2022-07-15,78.94715118408203
2022-07-18,78.80858612060547
2022-07-19,80.82199096679688
2022-07-20,81.08981323242188
2022-07-21,81.94877624511719
2022-07-22,81.24684143066406
2022-07-25,81.55162048339844
2022-07-26,80.56339263916016
2022-07-27,82.51211547851562
2022-07-28,83.31564331054688
2022-07-29,84.32233428955078
2022-08-01,84.11914825439453
2022-08-02,83.46341705322266
2022-08-03,84.4516372680664
2022-08-04,84.59017944335938
2022-08-05,84.3962173461914
2022-08-08,84.51629638671875
2022-08-09,84.06373596191406
2022-08-10,85.92012786865234
2022-08-11,85.97552490234375
2022-08-12,87.13924407958984
2022-08-15,87.15770721435547
2022-08-16,87.25929260253906
2022-08-17,86.56663513183594
2022-08-18,86.57584381103516
2022-08-19,85.36598205566406
2022-08-22,83.78665924072266
2022-08-23,83.7497329711914
2022-08-24,84.02680206298828
2022-08-25,85.24591827392578
2022-08-26,82.7153091430664
2022-08-29,82.26277160644531
2022-08-30,81.43155670166016
2022-08-31,80.90509796142578
2022-09-01,80.60955810546875
2022-09-02,79.92611694335938
2022-09-06,79.53821563720703
2022-09-07,80.69269561767578
2022-09-08,81.07136535644531
2022-09-09,82.61371612548828
2022-09-12,83.59272003173828
2022-09-13,80.31401824951172
2022-09-14,80.64651489257812
2022-09-15,79.82455444335938
2022-09-16,79.1595687866211
2022-09-19,79.64486694335938
2022-09-20,78.60558319091797
2022-09-21,77.36215209960938
2022-09-22,76.75900268554688
2022-09-23,75.00517272949219
2022-09-26,74.1050796508789
2022-09-27,73.85453033447266
2022-09-28,75.39490509033203
2022-09-29,73.97516632080078
2022-09-30,73.1956787109375
2022-10-03,75.00517272949219
2022-10-04,77.5477294921875
2022-10-05,77.17655944824219
2022-10-06,76.3135757446289
2022-10-07,74.46697998046875
2022-10-10,73.83597564697266
2022-10-11,73.18643951416016
2022-10-12,73.00082397460938
2022-10-13,74.56904602050781
2022-10-14,73.01011657714844
2022-10-17,74.93094635009766
2022-10-18,75.65473937988281
2022-10-19,74.85671997070312
2022-10-20,74.50408935546875
2022-10-21,76.05376434326172
2022-10-24,76.20223999023438
2022-10-25,77.6033935546875
2022-10-26,77.62198638916016
2022-10-27,77.18584442138672
2022-10-28,78.41999053955078
2022-10-31,77.86324310302734
2022-11-01,78.0209732055664
2022-11-02,76.3785171508789
2022-11-03,75.79393768310547
2022-11-04,77.5662841796875
2022-11-07,78.07665252685547
2022-11-08,78.63341522216797
2022-11-09,77.1208724975586
2022-11-10,81.2966079711914
2022-11-11,82.4843521118164
2022-11-14,81.68632507324219
2022-11-15,82.51219177246094
2022-11-16,81.81624603271484
2022-11-17,81.62138366699219
2022-11-18,81.81624603271484
2022-11-21,81.3337173461914
2022-11-22,82.38227081298828
2022-11-23,83.0132827758789
2022-11-25,83.10606384277344
2022-11-28,81.90902709960938
2022-11-29,82.07606506347656
2022-11-30,84.3124008178711
2022-12-01,84.50727081298828
2022-12-02,84.46086120605469
2022-12-05,83.0040054321289
2022-12-06,82.1224594116211
2022-12-07,81.9832763671875
2022-12-08,82.60498809814453
2022-12-09,82.17813873291016
2022-12-12,82.93905639648438
2022-12-13,83.70923614501953
2022-12-14,83.36590576171875
2022-12-15,81.30587768554688
2022-12-16,80.5449447631836
2022-12-19,80.05699157714844
2022-12-20,80.24396514892578
2022-12-21,81.29093933105469
2022-12-22,80.30938720703125
2022-12-23,80.68331909179688
2022-12-27,80.6739730834961
2022-12-28,79.66437530517578
2022-12-29,81.03855895996094
2022-12-30,80.57115173339844
2023-01-03,80.61787414550781
2023-01-04,81.6087875366211
2023-01-05,80.76744842529297
2023-01-06,82.61837005615234
2023-01-09,82.81468963623047
2023-01-10,83.26338958740234
2023-01-11,84.10472869873047
2023-01-12,84.70299530029297
2023-01-13,85.1423568725586
2023-01-17,85.12364959716797
2023-01-18,84.2075424194336
2023-01-19,83.83361053466797
2023-01-20,85.13300323486328
2023-01-23,85.93695068359375
2023-01-24,85.85281372070312
2023-01-25,86.01173400878906
2023-01-26,86.74087524414062
2023-01-27,86.7969741821289
2023-01-30,85.74063873291016
2023-01-31,86.7315444946289
2023-02-01,87.67567443847656
2023-02-02,88.38614654541016
2023-02-03,87.40458679199219
2023-02-06,86.61935424804688
2023-02-07,87.54481506347656
2023-02-08,86.82500457763672
2023-02-09,86.39500427246094
2023-02-10,86.23606872558594
2023-02-13,87.18959045410156
2023-02-14,87.24566650390625
2023-02-15,87.29241180419922
2023-02-16,86.46041870117188
2023-02-17,86.26412200927734
2023-02-21,84.80583190917969
2023-02-22,84.52538299560547
2023-02-23,84.97409057617188
2023-02-24,83.87101745605469
2023-02-27,84.33842468261719
2023-02-28,83.97383117675781
2023-03-01,84.14212036132812
2023-03-02,84.58147430419922
2023-03-03,85.7967300415039
2023-03-06,85.66584014892578
2023-03-07,84.35711669921875
2023-03-08,84.58147430419922
2023-03-09,83.18861389160156
2023-03-10,82.0387954711914
2023-03-13,81.77703857421875
2023-03-14,82.86141967773438
2023-03-15,81.59007263183594
2023-03-16,82.94556427001953
2023-03-17,81.96399688720703
2023-03-20,82.85027313232422
2023-03-21,83.93820190429688
2023-03-22,82.97219848632812
2023-03-23,83.1691665649414
2023-03-24,83.37548065185547
2023-03-27,83.69435119628906
2023-03-28,83.77876281738281
2023-03-29,84.81039428710938
2023-03-30,85.46691131591797
2023-03-31,86.36723327636719
2023-04-03,86.7705307006836
2023-04-04,86.4047622680664
2023-04-05,85.98273468017578
2023-04-06,86.26408386230469
2023-04-10,86.36723327636719
2023-04-11,86.57357025146484
2023-04-12,86.45166015625
2023-04-13,87.5864486694336
2023-04-14,87.31449127197266
2023-04-17,87.52079772949219
2023-04-18,87.67086029052734
2023-04-19,87.46453857421875
2023-04-20,87.14567565917969
2023-04-21,87.17381286621094
2023-04-24,87.26759338378906
2023-04-25,85.84204864501953
2023-04-26,85.65448760986328
2023-04-27,87.08002471923828
2023-04-28,87.59584045410156
2023-05-01,87.49266815185547
2023-05-02,86.5079345703125
2023-05-03,86.20780181884766
2023-05-04,85.9076919555664
2023-05-05,87.37075805664062
2023-05-08,87.41764068603516
2023-05-09,87.06126403808594
2023-05-10,87.23945617675781
2023-05-11,87.03311157226562
2023-05-12,86.7892837524414
2023-05-15,87.38013458251953
2023-05-16,86.62984466552734
2023-05-17,87.44577026367188
2023-05-18,87.91471099853516
2023-05-19,87.92407989501953
2023-05-22,88.06478118896484
2023-05-23,86.95809936523438
2023-05-24,86.17967224121094
2023-05-25,86.44227600097656
2023-05-26,87.49266815185547
2023-05-30,87.18318176269531
2023-05-31,86.53605651855469
2023-06-01,87.61458587646484
2023-06-02,88.98384857177734
2023-06-05,88.68374633789062
2023-06-06,89.2089614868164
2023-06-07,88.82443237304688
2023-06-08,89.3683853149414
2023-06-09,89.4715576171875
2023-06-12,90.07178497314453
2023-06-13,90.77517700195312
2023-06-14,90.91586303710938
2023-06-15,91.96623992919922
2023-06-16,91.7036361694336
2023-06-20,90.79729461669922
2023-06-21,90.51404571533205
2023-06-22,90.4762725830078
2023-06-23,89.48493194580078
2023-06-26,89.42829132080078
2023-06-27,90.34410095214844
2023-06-28,90.39129638671876
2023-06-29,90.56124877929688
2023-06-30,91.5620346069336
2023-07-03,91.85470581054688
2023-07-05,91.33544158935548
2023-07-06,90.21192932128906
2023-07-07,90.44795989990234
2023-07-10,90.731201171875
2023-07-11,91.51481628417967
2023-07-12,92.58168029785156
2023-07-13,93.64856719970705
2023-07-14,93.30867767333984
2023-07-17,93.5730438232422
2023-07-18,94.13951873779295
2023-07-19,94.22447967529295
2023-07-20,93.5824966430664
2023-07-21,93.62024688720705
2023-07-24,93.96012878417967
2023-07-25,94.2433624267578
2023-07-26,94.41331481933594
2023-07-27,93.7901840209961
2023-07-28,94.7626495361328
2023-07-31,94.97034454345705
2023-08-01,94.3944320678711
2023-08-02,92.81774139404295
2023-08-03,92.61945343017578
2023-08-04,92.4495086669922
2023-08-07,93.12928009033205
2023-08-08,92.5533676147461
2023-08-09,92.17572021484376
2023-08-10,92.31732940673828
2023-08-11,91.98689270019533
2023-08-14,92.06242370605467
2023-08-15,90.9766616821289
2023-08-16,90.28744506835938
2023-08-17,89.6926498413086
2023-08-18,89.63600158691406
2023-08-21,90.07974243164062
2023-08-22,89.89092254638672
2023-08-23,90.9200210571289
2023-08-24,89.78704833984375
2023-08-25,90.30633544921876
2023-08-28,91.0522003173828
2023-08-29,92.27957916259766
2023-08-30,92.50617218017578
2023-08-31,92.27013397216795
2023-09-01,92.59113311767578
2023-09-05,92.00578308105467
2023-09-06,91.47706604003906
2023-09-07,91.0994110107422
2023-09-08,91.13717651367188
2023-09-11,91.8735809326172
2023-09-12,91.48650360107422
2023-09-13,91.38265228271484
2023-09-14,92.30789184570312
2023-09-15,91.54313659667967
2023-09-18,91.43507385253906
2023-09-19,91.26441192626952
2023-09-20,90.63866424560548
2023-09-21,89.15013122558594
2023-09-22,89.13116455078125
2023-09-25,89.22598266601562
2023-09-26,87.9744873046875
2023-09-27,87.98397064208984
2023-09-28,88.59075927734375
2023-09-29,88.34424591064453
2023-10-02,87.87019348144531
2023-10-03,86.67558288574219
2023-10-04,87.03587341308594
2023-10-05,87.24444580078125
2023-10-06,88.21151733398438
2023-10-09,88.47698211669922
2023-10-10,89.26390838623047
2023-10-11,89.67160034179688
2023-10-12,88.87517547607422
2023-10-13,88.28736877441406
2023-10-16,89.18806457519531
2023-10-17,89.18806457519531
2023-10-18,87.832275390625
2023-10-19,87.07379150390625
2023-10-20,86.07828521728516
2023-10-23,85.91710662841797
2023-10-24,86.57130432128906
2023-10-25,85.44306182861328
2023-10-26,84.72250366210938
2023-10-27,84.35273742675781
2023-10-30,85.34822845458984
2023-10-31,85.7654037475586
2023-11-01,86.60920715332031
2023-11-02,88.37268829345703
2023-11-03,89.45353698730469
2023-11-06,89.44403839111328
2023-11-07,89.38716125488281
2023-11-08,89.33027648925781
2023-11-09,88.76141357421875
2023-11-10,89.8043212890625
2023-11-13,89.79484558105469
2023-11-14,91.8711929321289
2023-11-15,92.05132293701172
2023-11-16,91.88067626953124
2023-11-17,92.39265441894533
2023-11-20,92.99942779541016
2023-11-21,92.7529296875
2023-11-22,92.98047637939452
2023-11-24,93.22699737548828
2023-11-27,93.04683685302734
2023-11-28,93.19854736328124
2023-11-29,93.2175064086914
2023-11-30,93.49244689941406
2023-12-01,94.29833984375
2023-12-04,93.71997833251952
2023-12-05,93.51141357421876
2023-12-06,93.34075164794922
2023-12-07,93.9665069580078
2023-12-08,94.23196411132812
2023-12-11,94.58277893066406
2023-12-12,94.81979370117188
2023-12-13,96.22299194335938
2023-12-14,96.97197723388672
2023-12-15,96.5263900756836
2023-12-18,96.90958404541016
2023-12-19,97.63585662841795
2023-12-20,96.29798126220705
2023-12-21,97.54029083251952
2023-12-22,97.68364715576172
2023-12-26,98.17100524902344
2023-12-27,98.45769500732422
2023-12-28,98.52457427978516
2023-12-29,98.31434631347656
2024-01-02,97.4829559326172
2024-01-03,96.64200592041016
2024-01-04,96.52732849121094
2024-01-05,96.64200592041016
2024-01-08,97.80785369873048
2024-01-09,97.33004760742188
2024-01-10,97.80785369873048
2024-01-11,97.76963806152344
2024-01-12,97.92253875732422
2024-01-16,96.97648620605467
2024-01-17,96.21197509765624
2024-01-18,97.03379821777344
2024-01-19,97.91297149658205
2024-01-22,98.14232635498048
2024-01-23,98.29523468017578
2024-01-24,98.5532455444336
2024-01-25,98.98326873779295
2024-01-26,99.0501708984375
2024-01-29,99.75733184814452
2024-01-30,99.52799224853516
2024-01-31,98.31434631347656
2024-02-01,99.46109771728516
2024-02-02,99.83377838134766
2024-02-05,99.3559799194336
2024-02-06,99.91024017333984
2024-02-07,100.41671752929688
2024-02-08,100.45492553710938
2024-02-09,101.00919342041016
2024-02-12,101.14297485351562
2024-02-13,99.54708862304688
2024-02-14,100.65562438964844
2024-02-15,101.51567840576172
2024-02-16,101.27677154541016
2024-02-20,100.9996337890625
2024-02-21,101.02830505371094
2024-02-22,102.6719741821289
2024-02-23,102.74842071533205
2024-02-26,102.4808578491211
2024-02-27,102.70065307617188
2024-02-28,102.30884552001952
2024-02-29,102.72930908203124
2024-03-01,103.6467056274414
2024-03-04,103.48424530029295
2024-03-05,102.69109344482422
2024-03-06,103.51292419433594
2024-03-07,104.57367706298828
2024-03-08,104.07673645019533
2024-03-11,103.83785247802734
2024-03-12,104.84123992919922
2024-03-13,104.6692352294922
2024-03-14,104.20098114013672
2024-03-15,103.74144744873048
2024-03-18,104.12519073486328
2024-03-19,104.4897232055664
2024-03-20,105.52579498291016
2024-03-21,105.84239196777344
2024-03-22,105.5162124633789
2024-03-25,105.30516052246094
2024-03-26,105.18045806884766
2024-03-27,105.9670867919922
2024-03-28,106.00545501708984
2024-04-01,105.7272491455078
2024-04-02,105.1133041381836
2024-04-03,105.38189697265624
2024-04-04,104.29786682128906
2024-04-05,105.15166473388672
2024-04-08,105.38189697265624
2024-04-09,105.54498291015624
2024-04-10,104.33624267578124
2024-04-11,104.93102264404295
2024-04-12,103.2330093383789
2024-04-15,102.26409912109376
2024-04-16,101.67890167236328
2024-04-17,101.29518127441406
2024-04-18,101.14168548583984
2024-04-19,100.67161560058594
2024-04-22,101.61174774169922
2024-04-23,102.77254486083984
2024-04-24,102.7437515258789
2024-04-25,102.41758728027344
2024-04-26,103.33853912353516
2024-04-29,103.78941345214844
2024-04-30,102.2065200805664
2024-05-01,102.01466369628906
2024-05-02,103.26178741455078
2024-05-03,104.3650131225586
2024-05-06,105.2955551147461
2024-05-07,105.32434844970705
2024-05-08,105.25719451904295
2024-05-09,105.90953826904295
2024-05-10,106.08221435546876
2024-05-13,106.0630111694336
2024-05-14,106.71536254882812
2024-05-15,107.95288848876952
2024-05-16,107.60753631591795
2024-05-17,107.90493774414062
2024-05-20,107.97209930419922
2024-05-21,107.96248626708984
2024-05-22,107.41566467285156
2024-05-23,106.64820861816406
2024-05-24,107.4348602294922
2024-05-28,107.3485336303711
2024-05-29,106.17813873291016
2024-05-30,106.11097717285156
2024-05-31,106.90721893310548
2024-06-03,107.01276397705078
2024-06-04,106.80169677734376
2024-06-05,107.90493774414062
2024-06-06,107.98167419433594
2024-06-07,107.45404815673828
2024-06-10,107.70345306396484
2024-06-11,107.52120208740234
2024-06-12,108.56686401367188
2024-06-13,108.1831283569336
2024-06-14,107.83778381347656
2024-06-17,108.53807830810548
2024-06-18,108.8930435180664
2024-06-20,108.70116424560548
2024-06-21,108.40996551513672
2024-06-24,108.52568817138672
2024-06-25,108.73780059814452
2024-06-26,108.57389068603516
2024-06-27,108.77638244628906
2024-06-28,108.60281372070312
2024-07-01,108.74744415283205
2024-07-02,109.25849151611328
2024-07-03,110.09738159179688
2024-07-05,110.60843658447266
2024-07-08,110.57950592041016
2024-07-09,110.56024169921876
2024-07-10,111.72697448730467
2024-07-11,111.50518035888672
2024-07-12,112.2573013305664
2024-07-15,112.22836303710938
2024-07-16,113.0576171875
2024-07-17,111.6594696044922
2024-07-18,110.7145004272461
2024-07-19,109.981689453125
2024-07-22,111.08091735839844
2024-07-23,110.73377990722656
2024-07-24,108.60281372070312
2024-07-25,108.23640441894533
2024-07-26,109.48027801513672
2024-07-29,109.33563232421876
2024-07-30,109.0560073852539
2024-07-31,110.75308227539062
2024-08-01,108.74744415283205
2024-08-02,106.75144958496094
2024-08-05,103.86837768554688
2024-08-06,104.6494140625
2024-08-07,104.3794174194336
2024-08-08,106.6068115234375
2024-08-09,107.05036926269533
2024-08-12,107.0696792602539
2024-08-13,108.73780059814452
2024-08-14,109.00779724121094
2024-08-15,110.61808776855467
2024-08-16,111.052001953125
2024-08-19,112.18978881835938
2024-08-20,111.8812484741211
2024-08-21,112.52729034423828
2024-08-22,111.58233642578124
2024-08-23,113.20225524902344
2024-08-26,112.68155670166016
2024-08-27,113.0093994140625
2024-08-28,112.3537139892578
2024-08-29,112.51764678955078
2024-08-30,113.33724975585938
2024-09-03,111.10986328125
2024-09-04,110.86878204345705
2024-09-05,110.67593383789062
2024-09-06,108.79566955566406
2024-09-09,109.9141845703125
2024-09-10,110.02989196777344
2024-09-11,110.9266357421875
2024-09-12,111.8812484741211
2024-09-13,112.4694366455078
2024-09-16,112.90333557128906
2024-09-17,112.83584594726562
2024-09-18,112.51764678955078
2024-09-19,114.5136260986328
2024-09-20,114.0849609375
2024-09-23,114.45266723632812
2024-09-24,115.2267837524414
2024-09-25,114.6558837890625
2024-09-26,116.07831573486328
2024-09-27,115.73963928222656
2024-09-30,115.82672119140624
2024-10-01,115.09131622314452
2024-10-02,115.26549530029295
2024-10-03,114.62683868408205
2024-10-04,115.64287567138672
2024-10-07,114.9461669921875
2024-10-08,115.1396942138672
2024-10-09,115.594482421875
2024-10-10,115.41062927246094
2024-10-11,116.2041015625
2024-10-14,116.7846908569336
2024-10-15,115.5848159790039
2024-10-16,116.15572357177734
2024-10-17,116.09765625
2024-10-18,116.6685562133789
2024-10-21,116.0686264038086
2024-10-22,115.78802490234376
2024-10-23,114.78166198730467
2024-10-24,115.08163452148438
2024-10-25,114.88810729980467
2024-10-28,115.48805236816406
2024-10-29,115.39128875732422
2024-10-30,114.96550750732422
2024-10-31,113.3011703491211
2024-11-01,113.75597381591795
2024-11-04,113.69790649414062
2024-11-05,115.07196044921876
2024-11-06,116.58148193359376
2024-11-07,117.81037902832033
2024-11-08,117.48139190673828
2024-11-11,117.61685943603516
2024-11-12,116.6782455444336
2024-11-13,116.43633270263672
2024-11-14,115.83639526367188
2024-11-15,114.68490600585938
2024-11-18,115.36224365234376
2024-11-19,115.66221618652344
2024-11-20,115.63318634033205
2024-11-21,116.18474578857422
2024-11-22,116.68791961669922
2024-11-25,117.1814193725586
2024-11-26,117.25882720947266
2024-11-27,117.11368560791016
2024-11-29,117.99423217773438
2024-12-02,118.24581909179688
2024-12-03,118.4393539428711
2024-12-04,118.92317962646484
2024-12-05,118.9425277709961
2024-12-06,119.08767700195312
2024-12-09,118.84575653076172
2024-12-10,118.09100341796876
2024-12-11,118.99090576171876
2024-12-12,118.1877670288086
2024-12-13,118.05230712890624
2024-12-16,118.20711517333984
2024-12-17,117.71363067626952
2024-12-18,114.23978424072266
2024-12-19,114.2204360961914
2024-12-20,115.14364624023438
2024-12-23,115.7773208618164
2024-12-24,116.69371032714844
2024-12-26,116.83019256591795
2024-12-27,115.913818359375
2024-12-30,114.79269409179688
2024-12-31,114.52947998046876
2025-01-02,114.29550170898438
2025-01-03,115.47510528564452
2025-01-06,116.186767578125
2025-01-07,115.04617309570312
2025-01-08,115.08516693115234
2025-01-10,113.2426300048828
2025-01-13,113.2816162109375
2025-01-14,113.67156982421876
2025-01-15,115.40686798095705
2025-01-16,115.51409912109376
2025-01-17,116.479248046875
2025-01-21,117.89281463623048
2025-01-22,118.19503784179688
2025-01-23,118.8287124633789
2025-01-24,118.83846282958984
2025-01-27,117.4833755493164
2025-01-28,118.24378204345705
2025-01-29,117.88306427001952
2025-01-30,118.87745666503906
2025-01-31,118.02930450439452
2025-02-03,117.1031723022461
2025-02-04,118.19503784179688
2025-02-05,118.81895446777344
2025-02-06,119.20891571044922
2025-02-07,118.24378204345705
2025-02-10,119.02368927001952
2025-02-11,119.09193420410156
2025-02-12,118.97494506835938
2025-02-13,120.26179504394533
2025-02-14,120.38851928710938
2025-02-18,120.85647583007812
2025-02-19,120.71023559570312
2025-02-20,120.54450988769533
2025-02-21,118.84821319580078
2025-02-24,118.26327514648438
2025-02-25,118.12679290771484
2025-02-26,118.30227661132812
2025-02-27,116.51824188232422
2025-02-28,117.54185485839844
2025-03-03,116.29401397705078
2025-03-04,115.44586181640624
2025-03-05,117.35663604736328
2025-03-06,115.6115951538086
2025-03-07,116.3427505493164
2025-03-10,113.37911224365234
2025-03-11,112.92090606689452
2025-03-12,113.53509521484376
2025-03-13,112.18975067138672
2025-03-14,114.51972198486328
2025-03-17,115.66033935546876
2025-03-18,114.8316879272461
2025-03-19,115.7773208618164
2025-03-20,115.28013610839844
2025-03-21,115.02094268798828
2025-03-24,116.47825622558594
2025-03-25,116.7032241821289
2025-03-26,115.4317398071289
2025-03-27,115.30458068847656
2025-03-28,113.27997589111328
2025-03-31,113.40711975097656
2025-04-01,113.7787857055664
2025-04-02,114.45365142822266
2025-04-03,109.93497467041016
2025-04-04,103.38191223144533
2025-04-07,102.13976287841795
2025-04-08,100.89762878417967
2025-04-09,109.52418518066406
2025-04-10,106.47261810302734
2025-04-11,108.67327117919922
2025-04-14,109.70024871826172
2025-04-15,109.80783081054688
2025-04-16,108.17445373535156
2025-04-17,108.74173736572266
2025-04-21,107.05945587158205
2025-04-22,109.39704895019533
2025-04-23,110.7956771850586
2025-04-24,112.72246551513672
2025-04-25,113.26041412353516
2025-04-28,113.58317565917967
2025-04-29,114.1015625
2025-04-30,114.0428695678711
2025-05-01,114.45365142822266
2025-05-02,116.4489288330078
2025-05-05,116.1946258544922
2025-05-06,115.53931427001952
2025-05-07,115.61756896972656
2025-05-08,116.0185775756836
2025-05-09,116.18484497070312
2025-05-12,119.06037139892578
2025-05-13,119.64720916748048
2025-05-14,119.64720916748048
2025-05-15,120.32207489013672
2025-05-16,120.9089126586914
2025-05-19,121.24146270751952
2025-05-20,121.11431121826172
2025-05-21,119.59830474853516
2025-05-22,119.5102767944336
2025-05-23,119.23641967773438
2025-05-27,121.1729965209961
2025-05-28,120.34164428710938
2025-05-29,120.83067321777344
2025-05-30,120.66439819335938
2025-06-02,121.46641540527344
2025-06-03,121.7793960571289
2025-06-04,122.06304168701172
2025-06-05,121.7304916381836
2025-06-06,122.6792221069336
2025-06-09,122.8846206665039
2025-06-10,123.47145080566406
2025-06-11,123.2367172241211
2025-06-12,123.76487731933594
2025-06-13,122.20975494384766
2025-06-16,123.27584075927734
2025-06-17,122.07281494140624
2025-06-18,122.14128112792967
2025-06-20,121.60567474365234
2025-06-23,122.76532745361328
2025-06-24,124.30824279785156
2025-06-25,124.092041015625
2025-06-26,125.2516860961914
2025-06-27,125.79220581054688
2025-06-30,126.30323028564452
2025-07-01,126.31306457519533
2025-07-02,126.883056640625
2025-07-03,127.55132293701172
2025-07-07,126.39168548583984
2025-07-08,126.65703582763672
2025-07-09,127.41374969482422
2025-07-10,127.64959716796876
2025-07-11,127.01081848144533
2025-07-14,127.2368392944336
2025-07-15,126.58822631835938
2025-07-16,127.08943939208984
2025-07-17,127.73804473876952
2025-07-18,127.62994384765624
2025-07-21,127.94442749023438
2025-07-22,128.2982177734375
2025-07-23,129.77235412597656
2025-07-24,129.42837524414062
2025-07-25,129.70355224609375
2025-07-28,129.05494689941406
2025-07-29,128.81907653808594
2025-07-30,128.36700439453125
2025-07-31,127.68890380859376
2025-08-01,126.19513702392578
2025-08-04,127.96409606933594
2025-08-05,127.70857238769533
2025-08-06,128.54391479492188
2025-08-07,128.77976989746094
2025-08-08,129.53646850585938
2025-08-11,129.1925506591797
2025-08-12,130.73544311523438
2025-08-13,131.3938751220703
2025-08-14,131.0794219970703
2025-08-15,131.0794219970703
2025-08-18,131.148193359375
2025-08-19,130.54872131347656
2025-08-20,130.38165283203125
2025-08-21,129.90994262695312
2025-08-22,132.1309356689453
2025-08-25,131.26614379882812
2025-08-26,131.61009216308594
2025-08-27,131.66905212402344
2025-08-28,132.18991088867188
2025-08-29,131.46267700195312
2025-09-02,130.51922607421875
2025-09-03,131.00079345703125
2025-09-04,131.93441772460938
2025-09-05,132.06216430664062
2025-09-08,132.77957153320312
2025-09-09,132.90731811523438
2025-09-10,133.1923370361328
2025-09-11,134.50921630859375
2025-09-12,134.24386596679688
2025-09-15,135.00059509277344
2025-09-16,134.95144653320312
2025-09-17,134.75489807128906
2025-09-18,135.38385009765625
2025-09-19,135.5692596435547
2025-09-22,136.12152099609375
2025-09-23,135.60870361328125
2025-09-24,134.99728393554688
2025-09-25,134.23793029785156
2025-09-26,134.96771240234375
2025-09-29,135.4805145263672
2025-09-30,135.8946990966797
2025-10-01,136.59487915039062
2025-10-02,136.79212951660156
2025-10-03,137.15699768066406
2025-10-06,137.65008544921875
2025-10-07,136.80198669433594
2025-10-08,137.54161071777344
2025-10-09,136.8217010498047
2025-10-10,133.2912139892578
2025-10-13,135.4213409423828
2025-10-14,135.35231018066406
2025-10-15,136.11166381835938
2025-10-16,135.7467803955078
2025-10-17,136.17083740234375
2025-10-20,137.52188110351562
2025-10-21,137.16685485839844
2025-10-22,136.57516479492188
2025-10-23,137.4725799560547
2025-10-24,138.3404083251953
2025-10-27,139.72105407714844
2025-10-28,139.81967163085938
2025-10-29,139.63229370117188
2025-10-30,138.3995819091797
2025-10-31,138.6461181640625
2025-11-03,138.8137664794922
2025-11-04,137.06825256347656
2025-11-05,137.81773376464844
2025-11-06,136.58502197265625
2025-11-07,136.91046142578125
2025-11-10,138.82363891601562
2025-11-11,139.19837951660156
2025-11-12,139.53369140625
2025-11-13,137.36410522460938
2025-11-14,137.31480407714844
2025-11-17,135.80593872070312
2025-11-18,134.79017639160156
2025-11-19,134.92825317382812
2025-11-20,132.86712646484375
2025-11-21,134.2675018310547
2025-11-24,135.8946990966797
2025-11-25,137.15699768066406
2025-11-26,138.28123474121094
2025-11-28,138.9419708251953
2025-12-01,138.28123474121094
2025-12-02,138.5376434326172
2025-12-03,139.109619140625
2025-12-04,139.32656860351562
2025-12-05,139.6027069091797
2025-12-08,139.1786651611328
2025-12-09,139.0208740234375
2025-12-10,140.2042694091797
2025-12-11,140.5888671875
2025-12-12,139.2674102783203
2025-12-15,139.2674102783203
2025-12-16,138.73487854003906
2025-12-17,137.46270751953125
2025-12-18,138.49819946289062
2025-12-19,139.66622924804688
2025-12-22,140.50123596191406
2025-12-23,141.16726684570312
2025-12-24,141.5151824951172
2025-12-26,141.65435791015625
2025-12-29,141.16726684570312
2025-12-30,141.13743591308594
2025-12-31,140.222900390625
2026-01-02,141.25674438476562
2026-01-05,142.44961547851562
2026-01-06,143.28463745117188
2026-01-07,142.68817138671875
2026-01-08,142.78759765625
2026-01-09,143.73194885253906
2026-01-12,144.3780975341797
2026-01-13,143.84129333496094
2026-01-14,143.7418975830078
2026-01-15,144.06993103027344
2026-01-16,144.06993103027344
2026-01-20,141.60464477539062
2026-01-21,143.26473999023438
2026-01-22,144.05999755859375
2026-01-23,144.3383331298828
2026-01-26,144.9745330810547
2026-01-27,146.17735290527344
2026-01-28,145.92884826660156
2026-01-29,145.8493194580078
2026-01-30,144.58685302734375
2026-02-02,145.28268432617188
2026-02-03,144.74591064453125
2026-02-04,144.2687530517578
2026-02-05,142.51918029785156
2026-02-06,145.5908660888672
2026-02-09,146.79367065429688
2026-02-10,146.70420837402344
2026-02-11,147.10183715820312
2026-02-12,145.0938262939453
2026-02-13,145.47157287597656
2026-02-17,145.42185974121094
2026-02-18,146.13758850097656
2026-02-19,145.80953979492188
2026-02-20,147.072021484375
2026-02-23,145.77972412109375
2026-02-24,146.82350158691406
2026-02-25,148.0263214111328
2026-02-26,147.51934814453125
2026-02-27,146.96266174316406
2026-03-02,146.0779571533203
2026-03-03,143.18521118164062
2026-03-04,144.39796447753906
2026-03-05,142.718017578125
2026-03-06,141.08773803710938
2026-03-09,142.3899688720703
2026-03-10,142.37008666992188
2026-03-11,142.19114685058594
2026-03-12,139.71592712402344
2026-03-13,138.69204711914062
2026-03-16,140.65036010742188
2026-03-17,141.17721557617188
2026-03-18,138.9902801513672
2026-03-19,138.72186279296875
2026-03-20,135.82931518554688
2026-03-23,138.10110473632812
2026-03-24,137.40362548828125
2026-03-25,138.66905212402344
2026-03-26,135.94888305664062
2026-03-27,134.1354217529297
2026-03-30,133.7069854736328
2026-03-31,137.82212829589844
2026-04-01,139.1871795654297
2026-04-02,138.8683319091797
2026-04-06,139.56582641601562
2026-04-07,139.6256103515625
2026-04-08,144.05958557128906
2026-04-09,144.42825317382812
2026-04-10,144.4581298828125
2026-04-13,145.87301635742188
2026-04-14,147.55694580078125
2026-04-15,148.0850372314453
2026-04-16,148.25442504882812
2026-04-17,150.2970428466797
2026-04-20,149.93833923339844
2026-04-21,148.2245330810547
2026-04-22,149.55972290039062
2026-04-23,148.61312866210938
2026-04-24,149.79884338378906
2026-04-27,149.7789306640625
2026-04-28,148.92202758789062
2026-04-29,148.4038848876953
2026-04-30,150.65574645996094
2026-05-01,150.8948974609375
2026-05-04,150.01805114746094
2026-05-05,151.5724334716797
2026-05-06,154.50186157226562
2026-05-07,153.16668701171875
2026-05-08,154.6214141845703
2026-05-11,154.76092529296875
2026-05-12,153.79441833496094
2026-05-13,154.8406219482422
2026-05-14,155.45840454101562
2026-05-15,152.9674072265625
2026-05-18,153.15672302246094
2026-05-19,152.0806121826172
2026-05-20,154.0734100341797
2026-05-21,154.6513214111328
2026-05-22,155.01002502441406
2026-05-26,156.81350708007812
2026-05-27,156.59429931640625
2026-05-28,157.30174255371094
2026-05-29,157.55084228515625
2026-06-01,158.0291290283203
2026-06-02,158.77642822265625
2026-06-03,157.38145446777344
2026-06-04,157.96932983398438
2026-06-05,153.12681579589844
2026-06-08,153.92393493652344
2026-06-09,153.74459838867188
2026-06-10,151.37315368652344
2026-06-11,155.0498809814453
2026-06-12,155.7274169921875
2026-06-15,158.148681640625
2026-06-16,157.4213104248047
2026-06-17,155.8470001220703
2026-06-18,157.66000366210938
2026-06-22,157.55999755859375
2026-06-23,154.3300018310547
2026-06-24,154.25999450683594
2026-06-25,154.85000610351562
2026-06-26,153.9499969482422
2026-06-29,155.8300018310547
2026-06-30,156.9499969482422
2026-07-01,156.1199951171875
2026-07-02,156.1699981689453
2026-07-06,157.80999755859375
2026-07-07,156.33999633789062
2026-07-08,155.80999755859375
2026-07-09,157.0
2026-07-10,157.6300048828125
2026-07-13,155.80999755859375
