date,adj close
2004-01-30,6.549757957458496
2004-02-02,6.561651229858398
2004-02-03,6.59072732925415
2004-02-04,6.53653621673584
2004-02-05,6.541826248168945
2004-02-06,6.6237664222717285
2004-02-09,6.619800567626953
2004-02-10,6.647556304931641
2004-02-11,6.70702600479126
2004-02-12,6.70702600479126
2004-02-13,6.633016109466553
2004-02-17,6.70702600479126
2004-02-18,6.677947998046875
2004-02-19,6.697772026062012
2004-02-20,6.588084697723389
2004-02-23,6.565614223480225
2004-02-24,6.5841169357299805
2004-02-25,6.597334384918213
2004-02-26,6.606584548950195
2004-02-27,6.613193511962891
2004-03-01,6.655482769012451
2004-03-02,6.6739888191223145
2004-03-03,6.5999755859375
2004-03-04,6.65151834487915
2004-03-05,6.659449577331543
2004-03-08,6.659449577331543
2004-03-09,6.524646759033203
2004-03-10,6.470461845397949
2004-03-11,6.416278839111328
2004-03-12,6.432136058807373
2004-03-15,6.397774696350098
2004-03-16,6.412313938140869
2004-03-17,6.482356548309326
2004-03-18,6.457246780395508
2004-03-19,6.391169548034668
2004-03-22,6.274869918823242
2004-03-23,6.3079071044921875
2004-03-24,6.3079071044921875
2004-03-25,6.339622974395752
2004-03-26,6.395132064819336
2004-03-29,6.498408317565918
2004-03-30,6.47457218170166
2004-03-31,6.510321140289307
2004-04-01,6.52224063873291
2004-04-02,6.61359977722168
2004-04-05,6.65596866607666
2004-04-06,6.651998043060303
2004-04-07,6.626840114593506
2004-04-08,6.593741416931152
2004-04-12,6.6308112144470215
2004-04-13,6.5725531578063965
2004-04-14,6.5460734367370605
2004-04-15,6.565932273864746
2004-04-16,6.573878765106201
2004-04-19,6.5685811042785645
2004-04-20,6.487816333770752
2004-04-21,6.531507968902588
2004-04-22,6.633458137512207
2004-04-23,6.648024082183838
2004-04-26,6.5963850021362305
2004-04-27,6.645375728607178
2004-04-28,6.571228504180908
2004-04-29,6.424261569976807
2004-04-30,6.450744152069092
2004-05-03,6.426908016204834
2004-05-04,6.424261569976807
2004-05-05,6.499730110168457
2004-05-06,6.437498569488525
2004-05-07,6.445445537567139
2004-05-10,6.3289313316345215
2004-05-11,6.377917766571045
2004-05-12,6.38321590423584
2004-05-13,6.38321590423584
2004-05-14,6.373945713043213
2004-05-17,6.298476696014404
2004-05-18,6.336874008178711
2004-05-19,6.334225177764893
2004-05-20,6.320986270904541
2004-05-21,6.3434929847717285
2004-05-24,6.3527607917785645
2004-05-25,6.473250865936279
2004-05-26,6.467955112457275
2004-05-27,6.516944408416748
2004-05-28,6.536803722381592
2004-06-01,6.487816333770752
2004-06-02,6.524888515472412
2004-06-03,6.507676124572754
2004-06-04,6.539453029632568
2004-06-07,6.638757228851318
2004-06-08,6.6361083984375
2004-06-09,6.5831475257873535
2004-06-10,6.587119102478027
2004-06-14,6.536803722381592
2004-06-15,6.595062255859375
2004-06-16,6.587119102478027
2004-06-17,6.554016590118408
2004-06-18,6.571228504180908
2004-06-21,6.527538776397705
2004-06-22,6.544748306274414
2004-06-23,6.565932273864746
2004-06-24,6.584467887878418
2004-06-25,6.5831475257873535
2004-06-28,6.563256740570068
2004-06-29,6.572539806365967
2004-06-30,6.608341217041016
2004-07-01,6.528782844543457
2004-07-02,6.4916582107543945
2004-07-06,6.422711372375488
2004-07-07,6.428012847900391
2004-07-08,6.364370346069336
2004-07-09,6.386910438537598
2004-07-12,6.385584831237793
2004-07-13,6.384258270263672
2004-07-14,6.364370346069336
2004-07-15,6.316639423370361
2004-07-16,6.2954254150390625
2004-07-19,6.268906593322754
2004-07-20,6.315310478210449
2004-07-21,6.227802753448486
2004-07-22,6.258298397064209
2004-07-23,6.17211389541626
2004-07-26,6.131011962890625
2004-07-27,6.215869903564453
2004-07-28,6.18934965133667
2004-07-29,6.230454444885254
2004-07-30,6.230454444885254
2004-08-02,6.2476911544799805
2004-08-03,6.210565090179443
2004-08-04,6.18934965133667
2004-08-05,6.131011962890625
2004-08-06,5.979857444763184
2004-08-09,5.982508659362793
2004-08-10,6.0501298904418945
2004-08-11,6.01963472366333
2004-08-12,5.963945388793945
2004-08-13,5.973229885101318
2004-08-16,6.0501298904418945
2004-08-17,6.071345806121826
2004-08-18,6.145596504211426
2004-08-19,6.115100383758545
2004-08-20,6.142945289611816
2004-08-23,6.17211389541626
2004-08-24,6.161504745483398
2004-08-25,6.222497463226318
2004-08-26,6.219847679138184
2004-08-27,6.2423834800720215
2004-08-30,6.18934965133667
2004-08-31,6.17211389541626
2004-09-01,6.202610969543457
2004-09-02,6.276861667633057
2004-09-03,6.24371337890625
2004-09-07,6.262275218963623
2004-09-08,6.250343322753906
2004-09-09,6.260950088500977
2004-09-10,6.3192901611328125
2004-09-13,6.340505599975586
2004-09-14,6.352437496185303
2004-09-15,6.32326602935791
2004-09-16,6.3192901611328125
2004-09-17,6.320613861083984
2004-09-20,6.294097900390625
2004-09-21,6.343155860900879
2004-09-22,6.250343322753906
2004-09-23,6.2516703605651855
2004-09-24,6.246363162994385
2004-09-27,6.222319602966309
2004-09-28,6.227635383605957
2004-09-29,6.259515762329102
2004-09-30,6.287412643432617
2004-10-01,6.3790740966796875
2004-10-04,6.416271209716797
2004-10-05,6.385716915130615
2004-10-06,6.402985572814941
2004-10-07,6.367118835449219
2004-10-08,6.295382976531982
2004-10-11,6.309995651245117
2004-10-12,6.290069580078125
2004-10-13,6.255531311035156
2004-10-14,6.197078227996826
2004-10-15,6.240917682647705
2004-10-18,6.259515762329102
2004-10-19,6.228961944580078
2004-10-20,6.217007160186768
2004-10-21,6.260842800140381
2004-10-22,6.182470798492432
2004-10-25,6.167855739593506
2004-10-26,6.2316203117370605
2004-10-27,6.352506160736084
2004-10-28,6.357819557189941
2004-10-29,6.3764166831970215
2004-11-01,6.3764166831970215
2004-11-02,6.3737616539001465
2004-11-03,6.445493221282959
2004-11-04,6.530515193939209
2004-11-05,6.5703654289245605
2004-11-08,6.571696758270264
2004-11-09,6.587634563446045
2004-11-10,6.557081699371338
2004-11-11,6.618191242218018
2004-11-12,6.675312519073486
2004-11-15,6.689923286437988
2004-11-16,6.654056549072266
2004-11-17,6.684607982635498
2004-11-18,6.705867290496826
2004-11-19,6.606235027313232
2004-11-22,6.644761085510254
2004-11-23,6.63811731338501
2004-11-24,6.67265510559082
2004-11-26,6.688596725463867
2004-11-29,6.675312519073486
2004-11-30,6.643429279327393
2004-12-01,6.725790023803711
2004-12-02,6.751030921936035
2004-12-03,6.76564359664917
2004-12-06,6.741733074188232
2004-12-07,6.675312519073486
2004-12-08,6.711180686950684
2004-12-09,6.751030921936035
2004-12-10,6.7324323654174805
2004-12-13,6.76564359664917
2004-12-14,6.816125869750977
2004-12-15,6.832065105438232
2004-12-16,6.817451477050781
2004-12-17,6.762988090515137
2004-12-20,6.740403652191162
2004-12-21,6.7975263595581055
2004-12-22,6.834721088409424
2004-12-23,6.841364860534668
2004-12-27,6.8231682777404785
2004-12-28,6.8633036613464355
2004-12-29,6.875346660614014
2004-12-30,6.890063285827637
2004-12-31,6.876680374145508
2005-01-03,6.805776119232178
2005-01-04,6.745574951171875
2005-01-05,6.718817710876465
2005-01-06,6.717477798461914
2005-01-07,6.701420307159424
2005-01-10,6.72952127456665
2005-01-11,6.706776142120361
2005-01-12,6.730855941772461
2005-01-13,6.654597282409668
2005-01-14,6.706776142120361
2005-01-18,6.748245716094971
2005-01-19,6.690716743469238
2005-01-20,6.635869026184082
2005-01-21,6.589041709899902
2005-01-24,6.555596351623535
2005-01-25,6.572985649108887
2005-01-26,6.625163555145264
2005-01-27,6.6265034675598145
2005-01-28,6.59171724319458
2005-01-31,6.661286354064941
2005-02-01,6.685368537902832
2005-02-02,6.714803218841553
2005-02-03,6.6826934814453125
2005-02-04,6.725502014160156
2005-02-07,6.75360107421875
2005-02-08,6.756277084350586
2005-02-09,6.693397521972656
2005-02-10,6.706776142120361
2005-02-11,6.78169584274292
2005-02-14,6.770994186401367
2005-02-15,6.787044048309326
2005-02-16,6.800424575805664
2005-02-17,6.75226354598999
2005-02-18,6.7388811111450195
2005-02-22,6.671990394592285
2005-02-23,6.686707496643066
2005-02-24,6.722829341888428
2005-02-25,6.776343822479248
2005-02-28,6.754936695098877
2005-03-01,6.776343822479248
2005-03-02,6.789722919464111
2005-03-03,6.777682304382324
2005-03-04,6.843237400054932
2005-03-07,6.8780198097229
2005-03-08,6.832531929016113
2005-03-09,6.772330284118652
2005-03-10,6.773664951324463
2005-03-11,6.734870910644531
2005-03-14,6.750925540924072
2005-03-15,6.72149133682251
2005-03-16,6.6572723388671875
2005-03-17,6.66663932800293
2005-03-18,6.633190631866455
2005-03-21,6.637205123901367
2005-03-22,6.589041709899902
2005-03-23,6.582352161407471
2005-03-24,6.6131911277771
2005-03-28,6.626599311828613
2005-03-29,6.555532455444336
2005-03-30,6.640008926391602
2005-03-31,6.626599311828613
2005-04-01,6.578330039978027
2005-04-04,6.599781513214111
2005-04-05,6.635982990264893
2005-04-06,6.654759407043457
2005-04-07,6.682917594909668
2005-04-08,6.633306503295898
2005-04-11,6.62794303894043
2005-04-12,6.662802696228027
2005-04-13,6.57966947555542
2005-04-14,6.526035785675049
2005-04-15,6.425468444824219
2005-04-18,6.43217134475708
2005-04-19,6.460331439971924
2005-04-20,6.387924671173096
2005-04-21,6.495194911956787
2005-04-22,6.434854507446289
2005-04-25,6.50324010848999
2005-04-26,6.457650184631348
2005-04-27,6.476423740386963
2005-04-28,6.4107184410095215
2005-04-29,6.464353561401367
2005-05-02,6.50324010848999
2005-05-03,6.488488674163818
2005-05-04,6.582352161407471
2005-05-05,6.575648307800293
2005-05-06,6.587714195251465
2005-05-09,6.610511302947998
2005-05-10,6.551511287689209
2005-05-11,6.591738700866699
2005-05-12,6.542125225067139
2005-05-13,6.542125225067139
2005-05-16,6.611851215362549
2005-05-17,6.635982990264893
2005-05-18,6.723142147064209
2005-05-19,6.755324363708496
2005-05-20,6.75398063659668
2005-05-23,6.794207572937012
2005-05-24,6.78750467300415
2005-05-25,6.764710426330566
2005-05-26,6.812981605529785
2005-05-27,6.81164026260376
2005-05-31,6.812981605529785
2005-06-01,6.8397979736328125
2005-06-02,6.8706374168396
2005-06-03,6.819685935974121
2005-06-06,6.830410957336426
2005-06-07,6.826391220092773
2005-06-08,6.800913333892822
2005-06-09,6.845164775848389
2005-06-10,6.810302257537842
2005-06-13,6.830410957336426
2005-06-14,6.842482089996338
2005-06-15,6.855890274047852
2005-06-16,6.876004219055176
2005-06-17,6.893430233001709
2005-06-20,6.90281867980957
2005-06-21,6.889410495758057
2005-06-22,6.8800272941589355
2005-06-23,6.819685935974121
2005-06-24,6.762026786804199
2005-06-27,6.755446910858154
2005-06-28,6.832014560699463
2005-06-29,6.818583011627197
2005-06-30,6.793061256408691
2005-07-01,6.784999370574951
2005-07-05,6.848134517669678
2005-07-06,6.801116466522217
2005-07-07,6.807833671569824
2005-07-08,6.904549598693848
2005-07-11,6.947537899017334
2005-07-12,6.990523815155029
2005-07-13,6.971717357635498
2005-07-14,7.002612113952637
2005-07-15,7.006643295288086
2005-07-18,6.9864935874938965
2005-07-19,7.045603275299072
2005-07-20,7.081869125366211
2005-07-21,7.042910575866699
2005-07-22,7.067091941833496
2005-07-25,7.028135776519775
2005-07-26,7.048288345336914
2005-07-27,7.0912699699401855
2005-07-28,7.136943340301514
2005-07-29,7.089926719665527
2005-08-01,7.106043338775635
2005-08-02,7.135600566864014
2005-08-03,7.142318248748779
2005-08-04,7.0885844230651855
2005-08-05,7.045603275299072
2005-08-08,7.0093302726745605
2005-08-09,7.045603275299072
2005-08-10,7.03082275390625
2005-08-11,7.081869125366211
2005-08-12,7.044253826141357
2005-08-15,7.065752029418945
2005-08-16,6.983807563781738
2005-08-17,7.006643295288086
2005-08-18,6.9864935874938965
2005-08-19,6.995895862579346
2005-08-22,6.981122016906738
2005-08-23,6.977090835571289
2005-08-24,6.927387714385986
2005-08-25,6.947537899017334
2005-08-26,6.904549598693848
2005-08-29,6.952911853790283
2005-08-30,6.8978352546691895
2005-08-31,6.990523815155029
2005-09-01,6.982466697692871
2005-09-02,6.970373630523682
2005-09-06,7.049630165100098
2005-09-07,7.06171989440918
2005-09-08,7.048288345336914
2005-09-09,7.103360652923584
2005-09-12,7.103360652923584
2005-09-13,7.048288345336914
2005-09-14,7.006643295288086
2005-09-15,7.0012712478637695
2005-09-16,7.038882255554199
2005-09-19,6.993213653564453
2005-09-20,6.9515700340271
2005-09-21,6.875000476837158
2005-09-22,6.920673370361328
2005-09-23,6.916643142700195
2005-09-26,6.918256759643555
2005-09-27,6.922297954559326
2005-09-28,6.9155683517456055
2005-09-29,6.964034080505371
2005-09-30,7.0259552001953125
2005-10-03,7.012495040893555
2005-10-04,6.957296371459961
2005-10-05,6.860370635986328
2005-10-06,6.821329593658447
2005-10-07,6.84825325012207
2005-10-10,6.814598083496094
2005-10-11,6.791711807250977
2005-10-12,6.759403705596924
2005-10-13,6.764787673950195
2005-10-14,6.825369358062744
2005-10-17,6.819984436035156
2005-10-18,6.790365219116211
2005-10-19,6.898062705993652
2005-10-20,6.815942764282227
2005-10-21,6.838830947875977
2005-10-24,6.934413433074951
2005-10-25,6.910179615020752
2005-10-26,6.872488498687744
2005-10-27,6.797096252441406
2005-10-28,6.91152811050415
2005-10-31,6.966723918914795
2005-11-01,6.937105178833008
2005-11-02,7.003073692321777
2005-11-03,7.040765762329102
2005-11-04,7.046148777008057
2005-11-07,7.085189342498779
2005-11-08,7.058264255523682
2005-11-09,7.0596089363098145
2005-11-10,7.133652210235596
2005-11-11,7.149809837341309
2005-11-14,7.151155471801758
2005-11-15,7.129615306854248
2005-11-16,7.144424915313721
2005-11-17,7.233273506164551
2005-11-18,7.256162643432617
2005-11-21,7.2938551902771
2005-11-22,7.322124481201172
2005-11-23,7.336931228637695
2005-11-25,7.350396633148193
2005-11-28,7.291165351867676
2005-11-29,7.2898173332214355
2005-11-30,7.256162643432617
2005-12-01,7.358475208282471
2005-12-02,7.3611674308776855
2005-12-05,7.331549167633057
2005-12-06,7.336931228637695
2005-12-07,7.303281307220459
2005-12-08,7.305972099304199
2005-12-09,7.326164722442627
2005-12-12,7.342319488525391
2005-12-13,7.365207195281982
2005-12-14,7.393477439880371
2005-12-15,7.381358623504639
2005-12-16,7.34636116027832
2005-12-19,7.288469314575195
2005-12-20,7.288469314575195
2005-12-21,7.318087100982666
2005-12-22,7.351744651794434
2005-12-23,7.359821796417236
2005-12-27,7.287874221801758
2005-12-28,7.302722930908203
2005-12-29,7.2608723640441895
2005-12-30,7.2217278480529785
2006-01-03,7.327019214630127
2006-01-04,7.3837103843688965
2006-01-05,7.385065078735352
2006-01-06,7.459304332733154
2006-01-09,7.495750427246094
2006-01-10,7.494399547576904
2006-01-11,7.515997886657715
2006-01-12,7.4741530418396
2006-01-13,7.475503444671631
2006-01-17,7.4471564292907715
2006-01-18,7.413410663604736
2006-01-19,7.4579548835754395
2006-01-20,7.3094706535339355
2006-01-23,7.313520431518555
2006-01-24,7.339168071746826
2006-01-25,7.308119773864746
2006-01-26,7.368865966796875
2006-01-27,7.418810844421387
2006-01-30,7.428255558013916
2006-01-31,7.379664897918701
2006-02-01,7.406663417816162
2006-02-02,7.3540167808532715
2006-02-03,7.3094706535339355
2006-02-06,7.295973300933838
2006-02-07,7.227129936218262
2006-02-08,7.31217098236084
2006-02-09,7.28517484664917
2006-02-10,7.286523342132568
2006-02-13,7.263577461242676
2006-02-14,7.335115432739258
2006-02-15,7.366166591644287
2006-02-16,7.425558567047119
2006-02-17,7.3958587646484375
2006-02-21,7.356712818145752
2006-02-22,7.4120588302612305
2006-02-23,7.382360935211182
2006-02-24,7.39721155166626
2006-02-27,7.448505878448486
2006-02-28,7.35941743850708
2006-03-01,7.435007095336914
2006-03-02,7.428255558013916
2006-03-03,7.420154571533203
2006-03-06,7.3675150871276855
2006-03-07,7.333767414093018
2006-03-08,7.345916748046875
2006-03-09,7.316222190856934
2006-03-10,7.349964141845703
2006-03-13,7.364816665649414
2006-03-14,7.443103790283203
2006-03-15,7.480905055999756
2006-03-16,7.4822516441345215
2006-03-17,7.48765230178833
2006-03-20,7.487517833709717
2006-03-21,7.440141677856445
2006-03-22,7.475338459014893
2006-03-23,7.46315336227417
2006-03-24,7.475338459014893
2006-03-27,7.46450662612915
2006-03-28,7.433376789093018
2006-03-29,7.502399921417236
2006-03-30,7.491576671600342
2006-03-31,7.467215538024902
2006-04-03,7.476690292358398
2006-04-04,7.501049041748047
2006-04-05,7.5403008460998535
2006-04-06,7.548422336578369
2006-04-07,7.4739813804626465
2006-04-10,7.465863227844238
2006-04-11,7.3887104988098145
2006-04-12,7.4198431968688965
2006-04-13,7.422546863555908
2006-04-17,7.3941216468811035
2006-04-18,7.49699068069458
2006-04-19,7.5159406661987305
2006-04-20,7.541652679443359
2006-04-21,7.517293930053711
2006-04-24,7.499697208404541
2006-04-25,7.4618024826049805
2006-04-26,7.4821014404296875
2006-04-27,7.491576671600342
2006-04-28,7.467215538024902
2006-05-01,7.444202899932861
2006-05-02,7.469919204711914
2006-05-03,7.43472957611084
2006-05-04,7.468566417694092
2006-05-05,7.543006896972656
2006-05-08,7.548422336578369
2006-05-09,7.5403008460998535
2006-05-10,7.525419235229492
2006-05-11,7.423903465270996
2006-05-12,7.344047546386719
2006-05-15,7.3575825691223145
2006-05-16,7.33457088470459
2006-05-17,7.230352401733398
2006-05-18,7.1626787185668945
2006-05-19,7.204637050628662
2006-05-22,7.153202056884766
2006-05-23,7.1058349609375
2006-05-24,7.147791385650635
2006-05-25,7.2195234298706055
2006-05-26,7.260129928588867
2006-05-30,7.145079135894775
2006-05-31,7.212759971618652
2006-06-01,7.295319557189941
2006-06-02,7.307501792907715
2006-06-05,7.159970283508301
2006-06-06,7.132901668548584
2006-06-07,7.090940952301025
2006-06-08,7.071994304656982
2006-06-09,7.051692485809326
2006-06-12,6.935291290283203
2006-06-13,6.882505416870117
2006-06-14,6.928523540496826
2006-06-15,7.0990681648254395
2006-06-16,7.085530757904053
2006-06-19,7.004319667816162
2006-06-20,7.005673408508301
2006-06-21,7.097708702087402
2006-06-22,7.054399013519287
2006-06-23,7.06251859664917
2006-06-26,7.073914527893066
2006-06-27,6.997952938079834
2006-06-28,7.021013259887695
2006-06-29,7.1797194480896
2006-06-30,7.185143947601318
2006-07-03,7.225838661193848
2006-07-05,7.149876594543457
2006-07-06,7.152587890625
2006-07-07,7.082052230834961
2006-07-10,7.071202278137207
2006-07-11,7.102399826049805
2006-07-12,7.019656658172607
2006-07-13,6.916563034057617
2006-07-14,6.867729187011719
2006-07-17,6.862306118011475
2006-07-18,6.859593391418457
2006-07-19,6.995240211486816
2006-07-20,6.897576808929443
2006-07-21,6.839247703552246
2006-07-24,6.949120998382568
2006-07-25,7.007447719573975
2006-07-26,6.983028411865234
2006-07-27,6.95047664642334
2006-07-28,7.023725986480713
2006-07-31,7.025081157684326
2006-08-01,6.97760534286499
2006-08-02,7.037295818328857
2006-08-03,7.0508551597595215
2006-08-04,7.033223628997803
2006-08-07,7.011518955230713
2006-08-08,6.985744953155518
2006-08-09,6.954544544219971
2006-08-10,6.99659538269043
2006-08-11,6.962687015533447
2006-08-14,6.972179889678955
2006-08-15,7.091544151306152
2006-08-16,7.185143947601318
2006-08-17,7.20277738571167
2006-08-18,7.219054698944092
2006-08-21,7.190572261810303
2006-08-22,7.1797194480896
2006-08-23,7.137668132781982
2006-08-24,7.139025688171387
2006-08-25,7.149876594543457
2006-08-28,7.191926002502441
2006-08-29,7.219054698944092
2006-08-30,7.240759372711182
2006-08-31,7.240759372711182
2006-09-01,7.282808780670166
2006-09-05,7.307225227355957
2006-09-06,7.214982986450195
2006-09-07,7.168864727020264
2006-09-08,7.204135894775391
2006-09-11,7.2231221199035645
2006-09-12,7.284162998199463
2006-09-13,7.350630760192871
2006-09-14,7.338423728942871
2006-09-15,7.364193439483643
2006-09-18,7.370975494384766
2006-09-19,7.345207691192627
2006-09-20,7.403531551361084
2006-09-21,7.349277019500732
2006-09-22,7.309935092926025
2006-09-25,7.386326789855957
2006-09-26,7.437980651855469
2006-09-27,7.454293727874756
2006-09-28,7.470605850219727
2006-09-29,7.452931880950928
2006-10-02,7.410794258117676
2006-10-03,7.4243879318237305
2006-10-04,7.530411243438721
2006-10-05,7.5711870193481445
2006-10-06,7.544007301330566
2006-10-09,7.556238174438477
2006-10-10,7.558953762054443
2006-10-11,7.5426483154296875
2006-10-12,7.618768692016602
2006-10-13,7.635077476501465
2006-10-16,7.662264347076416
2006-10-17,7.617407321929932
2006-10-18,7.614688396453857
2006-10-19,7.632358551025391
2006-10-20,7.632358551025391
2006-10-23,7.681296348571777
2006-10-24,7.684013843536377
2006-10-25,7.693527698516846
2006-10-26,7.7560529708862305
2006-10-27,7.688088893890381
2006-10-30,7.700321674346924
2006-10-31,7.700321674346924
2006-11-01,7.636435508728027
2006-11-02,7.63779354095459
2006-11-03,7.621484279632568
2006-11-06,7.712554454803467
2006-11-07,7.73974084854126
2006-11-08,7.757416248321533
2006-11-09,7.7111968994140625
2006-11-10,7.730229377746582
2006-11-13,7.750617980957031
2006-11-14,7.821299076080322
2006-11-15,7.856637477874756
2006-11-16,7.889264106750488
2006-11-17,7.872953414916992
2006-11-20,7.8770294189453125
2006-11-21,7.904217720031738
2006-11-22,7.936837196350098
2006-11-24,7.921882152557373
2006-11-27,7.77916145324707
2006-11-28,7.810426235198975
2006-11-29,7.871595859527588
2006-11-30,7.883825778961182
2006-12-01,7.8430495262146
2006-12-04,7.924605846405029
2006-12-05,7.97489595413208
2006-12-06,7.968105792999268
2006-12-07,7.927321910858154
2006-12-08,7.936837196350098
2006-12-11,7.944997787475586
2006-12-12,7.911013126373291
2006-12-13,7.923243999481201
2006-12-14,7.981695175170898
2006-12-15,7.980334281921387
2006-12-18,7.943637371063232
2006-12-19,7.943637371063232
2006-12-20,7.94091796875
2006-12-21,7.901497840881348
2006-12-22,7.851478576660156
2006-12-26,7.8773722648620605
2006-12-27,7.9305243492126465
2006-12-28,7.911446571350098
2006-12-29,7.8855509757995605
2007-01-03,7.884188652038574
2007-01-04,7.935973644256592
2007-01-05,7.881463527679443
2007-01-08,7.920986175537109
2007-01-09,7.919620513916016
2007-01-10,7.965965270996094
2007-01-11,8.057271957397461
2007-01-12,8.09543228149414
2007-01-16,8.106335639953613
2007-01-17,8.09406852722168
2007-01-18,8.035463333129883
2007-01-19,8.062723159790039
2007-01-22,7.997307300567627
2007-01-23,8.027292251586914
2007-01-24,8.100879669189453
2007-01-25,8.02047348022461
2007-01-26,8.000032424926758
2007-01-29,8.001394271850586
2007-01-30,8.035463333129883
2007-01-31,8.088615417480469
2007-02-01,8.130864143371582
2007-02-02,8.151310920715332
2007-02-05,8.13768196105957
2007-02-06,8.134954452514648
2007-02-07,8.163578033447266
2007-02-08,8.160848617553711
2007-02-09,8.09952163696289
2007-02-12,8.062723159790039
2007-02-13,8.104971885681152
2007-02-14,8.185379028320312
2007-02-15,8.211280822753906
2007-02-16,8.197646141052246
2007-02-20,8.224910736083984
2007-02-21,8.228992462158203
2007-02-22,8.237171173095703
2007-02-23,8.211280822753906
2007-02-26,8.173113822937012
2007-02-27,7.904630184173584
2007-02-28,7.938703536987305
2007-03-01,7.922348976135254
2007-03-02,7.836489200592041
2007-03-05,7.76153039932251
2007-03-06,7.8705573081970215
2007-03-07,7.850119590759277
2007-03-08,7.8991780281066895
2007-03-09,7.912808895111084
2007-03-12,7.929157733917236
2007-03-13,7.784698963165283
2007-03-14,7.843302249908447
2007-03-15,7.85693359375
2007-03-16,7.840574741363525
2007-03-19,7.922348976135254
2007-03-20,7.9577813148498535
2007-03-21,8.080436706542969
2007-03-22,8.08180046081543
2007-03-23,8.079080581665039
2007-03-26,8.086458206176758
2007-03-27,8.045478820800781
2007-03-28,7.975811958312988
2007-03-29,7.979911804199219
2007-03-30,7.981273651123047
2007-04-02,8.003131866455078
2007-04-03,8.083720207214355
2007-04-04,8.109674453735352
2007-04-05,8.14245891571045
2007-04-09,8.147918701171875
2007-04-10,8.165677070617676
2007-04-11,8.100112915039062
2007-04-12,8.176608085632324
2007-04-13,8.195728302001953
2007-04-16,8.273588180541992
2007-04-17,8.299544334411621
2007-04-18,8.288614273071289
2007-04-19,8.292709350585938
2007-04-20,8.356915473937988
2007-04-23,8.345983505249023
2007-04-24,8.354180335998535
2007-04-25,8.422479629516602
2007-04-26,8.415648460388184
2007-04-27,8.414285659790039
2007-04-30,8.33232593536377
2007-05-01,8.355545043945312
2007-05-02,8.418381690979004
2007-05-03,8.436139106750488
2007-05-04,8.482583999633789
2007-05-07,8.477115631103516
2007-05-08,8.471657752990723
2007-05-09,8.50033950805664
2007-05-10,8.381503105163574
2007-05-11,8.468926429748535
2007-05-14,8.433403015136719
2007-05-15,8.401989936828613
2007-05-16,8.48121166229248
2007-05-17,8.475756645202637
2007-05-18,8.526290893554688
2007-05-21,8.537219047546387
2007-05-22,8.545419692993164
2007-05-23,8.535853385925293
2007-05-24,8.42794418334961
2007-05-25,8.49760913848877
2007-05-29,8.520827293395996
2007-05-30,8.60551929473877
2007-05-31,8.624638557434082
2007-06-01,8.649227142333984
2007-06-04,8.673815727233887
2007-06-05,8.639665603637695
2007-06-06,8.544048309326172
2007-06-07,8.38833236694336
2007-06-08,8.498973846435547
2007-06-11,8.50990104675293
2007-06-12,8.423845291137695
2007-06-13,8.539950370788574
2007-06-14,8.585027694702148
2007-06-15,8.64513111114502
2007-06-18,8.639665603637695
2007-06-19,8.642402648925781
2007-06-20,8.552244186401367
2007-06-21,8.60824966430664
2007-06-22,8.552244186401367
2007-06-25,8.482821464538574
2007-06-26,8.445849418640137
2007-06-27,8.530747413635254
2007-06-28,8.532116889953613
2007-06-29,8.53759479522705
2007-07-02,8.607428550720215
2007-07-03,8.63618278503418
2007-07-05,8.669048309326172
2007-07-06,8.710125923156738
2007-07-09,8.718340873718262
2007-07-10,8.615638732910156
2007-07-11,8.667680740356445
2007-07-12,8.811453819274902
2007-07-13,8.831990242004395
2007-07-16,8.823772430419922
2007-07-17,8.825146675109863
2007-07-18,8.825146675109863
2007-07-19,8.858012199401855
2007-07-20,8.789543151855469
2007-07-23,8.81966781616211
2007-07-24,8.701910018920898
2007-07-25,8.68547534942627
2007-07-26,8.526641845703125
2007-07-27,8.36642837524414
2007-07-30,8.497880935668945
2007-07-31,8.354106903076172
2007-08-01,8.422571182250977
2007-08-02,8.51294231414795
2007-08-03,8.300704002380371
2007-08-06,8.4212007522583
2007-08-07,8.485560417175293
2007-08-08,8.601946830749512
2007-08-09,8.393816947937012
2007-08-10,8.347258567810059
2007-08-13,8.410247802734375
2007-08-14,8.267841339111328
2007-08-15,8.126798629760742
2007-08-16,8.098044395446777
2007-08-17,8.233606338500977
2007-08-20,8.25414752960205
2007-08-21,8.274689674377441
2007-08-22,8.376014709472656
2007-08-23,8.36642837524414
2007-08-24,8.475977897644043
2007-08-27,8.408881187438965
2007-08-28,8.25551700592041
2007-08-29,8.43215560913086
2007-08-30,8.428046226501465
2007-08-31,8.515685081481934
2007-09-04,8.612899780273438
2007-09-05,8.536223411560059
2007-09-06,8.578669548034668
2007-09-07,8.45543384552002
2007-09-10,8.426678657531738
2007-09-11,8.54169750213623
2007-09-12,8.54033374786377
2007-09-13,8.580041885375977
2007-09-14,8.585517883300781
2007-09-17,8.549914360046387
2007-09-18,8.759419441223145
2007-09-19,8.796390533447266
2007-09-20,8.766265869140625
2007-09-21,8.80186939239502
2007-09-24,8.80516242980957
2007-09-25,8.814766883850098
2007-09-26,8.854575157165527
2007-09-27,8.899871826171875
2007-09-28,8.898502349853516
2007-10-01,8.986342430114746
2007-10-02,8.980851173400879
2007-10-03,8.938307762145996
2007-10-04,8.94791030883789
2007-10-05,9.042617797851562
2007-10-08,9.043988227844238
2007-10-09,9.113994598388672
2007-10-10,9.135956764221191
2007-10-11,9.070073127746582
2007-10-12,9.1373291015625
2007-10-15,9.060466766357422
2007-10-16,9.019287109375
2007-10-17,9.057721138000488
2007-10-18,9.07281494140625
2007-10-19,8.825750350952148
2007-10-22,8.873795509338379
2007-10-23,8.975366592407227
2007-10-24,8.9630126953125
2007-10-25,8.990464210510254
2007-10-26,9.052227020263672
2007-10-29,9.096149444580078
2007-10-30,9.056346893310547
2007-10-31,9.162034034729004
2007-11-01,9.002815246582031
2007-11-02,9.061835289001465
2007-11-05,9.006936073303223
2007-11-06,9.108508110046387
2007-11-07,8.893006324768066
2007-11-08,8.820263862609863
2007-11-09,8.661043167114258
2007-11-12,8.555350303649902
2007-11-13,8.788690567016602
2007-11-14,8.72829532623291
2007-11-15,8.66653060913086
2007-11-16,8.729670524597168
2007-11-19,8.614373207092285
2007-11-20,8.651435852050781
2007-11-21,8.519665718078613
2007-11-23,8.61986255645752
2007-11-26,8.479857444763184
2007-11-27,8.614373207092285
2007-11-28,8.849084854125977
2007-11-29,8.853201866149902
2007-11-30,8.866934776306152
2007-12-03,8.839473724365234
2007-12-04,8.784574508666992
2007-12-05,8.902615547180176
2007-12-06,9.041251182556152
2007-12-07,9.052227020263672
2007-12-10,9.10987663269043
2007-12-11,8.890266418457031
2007-12-12,8.976738929748535
2007-12-13,8.945167541503906
2007-12-14,8.86555290222168
2007-12-17,8.692610740661621
2007-12-18,8.743396759033203
2007-12-19,8.750263214111328
2007-12-20,8.832681655883789
2007-12-21,8.967534065246582
2007-12-24,9.05284595489502
2007-12-26,9.069356918334961
2007-12-27,8.940011024475098
2007-12-28,8.940011024475098
2007-12-31,8.872587203979492
2008-01-02,8.76388168334961
2008-01-03,8.78314208984375
2008-01-04,8.503813743591309
2008-01-07,8.50243854522705
2008-01-08,8.33731746673584
2008-01-09,8.440518379211426
2008-01-10,8.487299919128418
2008-01-11,8.373093605041504
2008-01-14,8.473538398742676
2008-01-15,8.275386810302734
2008-01-16,8.176319122314453
2008-01-17,7.989184379577637
2008-01-18,7.950649738311768
2008-01-22,7.841946601867676
2008-01-23,7.982299327850342
2008-01-24,8.056607246398926
2008-01-25,7.965790271759033
2008-01-28,8.056607246398926
2008-01-29,8.089628219604492
2008-01-30,8.02220630645752
2008-01-31,8.161185264587402
2008-02-01,8.282272338867188
2008-02-04,8.203842163085938
2008-02-05,7.980922698974609
2008-02-06,7.894235610961914
2008-02-07,7.9561567306518555
2008-02-08,7.974050998687744
2008-02-11,8.078619003295898
2008-02-12,8.103388786315918
2008-02-13,8.216228485107422
2008-02-14,8.126781463623047
2008-02-15,8.10888957977295
2008-02-19,8.152931213378906
2008-02-20,8.191457748413086
2008-02-21,8.0910062789917
2008-02-22,8.14604663848877
2008-02-25,8.256128311157227
2008-02-26,8.32630729675293
2008-02-27,8.323553085327148
2008-02-28,8.27126407623291
2008-02-29,8.067612648010254
2008-03-03,8.0731201171875
2008-03-04,8.055234909057617
2008-03-05,8.118525505065918
2008-03-06,7.9712910652160645
2008-03-07,7.890106678009033
2008-03-10,7.753880977630615
2008-03-11,7.980922698974609
2008-03-12,7.93001127243042
2008-03-13,7.982299327850342
2008-03-14,7.846074104309082
2008-03-17,7.723607063293457
2008-03-18,8.000192642211914
2008-03-19,7.8061723709106445
2008-03-20,7.876344680786133
2008-03-24,8.113019943237305
2008-03-25,8.146261215209961
2008-03-26,8.093852996826172
2008-03-27,8.006975173950195
2008-03-28,7.9476704597473145
2008-03-31,7.990424633026123
2008-04-01,8.25107192993164
2008-04-02,8.233144760131836
2008-04-03,8.266240119934082
2008-04-04,8.297956466674805
2008-04-07,8.281410217285156
2008-04-08,8.292441368103027
2008-04-09,8.212455749511719
2008-04-10,8.291065216064453
2008-04-11,8.13247299194336
2008-04-14,8.109021186828613
2008-04-15,8.137984275817871
2008-04-16,8.400008201599121
2008-04-17,8.321403503417969
2008-04-18,8.504819869995117
2008-04-21,8.53515911102295
2008-04-22,8.44965648651123
2008-04-23,8.485511779785156
2008-04-24,8.508957862854004
2008-04-25,8.54757022857666
2008-04-28,8.54067611694336
2008-04-29,8.507580757141113
2008-04-30,8.473103523254395
2008-05-01,8.612390518188477
2008-05-02,8.631694793701172
2008-05-05,8.619288444519043
2008-05-06,8.692378044128418
2008-05-07,8.56550121307373
2008-05-08,8.615148544311523
2008-05-09,8.58342456817627
2008-05-12,8.66341495513916
2008-05-13,8.682722091674805
2008-05-14,8.697895050048828
2008-05-15,8.804080963134766
2008-05-16,8.84131908416748
2008-05-19,8.82063102722168
2008-05-20,8.765466690063477
2008-05-21,8.6206636428833
2008-05-22,8.635838508605957
2008-05-23,8.554472923278809
2008-05-27,8.627561569213867
2008-05-28,8.692378044128418
2008-05-29,8.722715377807617
2008-05-30,8.769603729248047
2008-06-02,8.703412055969238
2008-06-03,8.677210807800293
2008-06-04,8.690999984741211
2008-06-05,8.857871055603027
2008-06-06,8.633075714111328
2008-06-09,8.657902717590332
2008-06-10,8.60549259185791
2008-06-11,8.479997634887695
2008-06-12,8.500680923461914
2008-06-13,8.635838508605957
2008-06-16,8.655142784118652
2008-06-17,8.626180648803711
2008-06-18,8.557229042053223
2008-06-19,8.599981307983398
2008-06-20,8.44413948059082
2008-06-23,8.462071418762207
2008-06-24,8.397107124328613
2008-06-25,8.446864128112793
2008-06-26,8.210501670837402
2008-06-27,8.195296287536621
2008-06-30,8.181475639343262
2008-07-01,8.222946166992188
2008-07-02,8.000398635864258
2008-07-03,8.000398635864258
2008-07-07,7.9838151931762695
2008-07-08,8.07365894317627
2008-07-09,7.920234203338623
2008-07-10,7.994870662689209
2008-07-11,7.936819076538086
2008-07-14,7.905024528503418
2008-07-15,7.842823028564453
2008-07-16,7.965848445892334
2008-07-17,8.021133422851562
2008-07-18,8.001782417297363
2008-07-21,8.02804183959961
2008-07-22,8.063985824584961
2008-07-23,8.07780933380127
2008-07-24,7.924379825592041
2008-07-25,7.978282451629639
2008-07-28,7.8939666748046875
2008-07-29,8.003164291381836
2008-07-30,8.131715774536133
2008-07-31,8.047393798828125
2008-08-01,7.976901531219482
2008-08-04,7.8829121589660645
2008-08-05,8.07918930053711
2008-08-06,8.155208587646484
2008-08-07,8.05431079864502
2008-08-08,8.19391918182373
2008-08-11,8.232620239257812
2008-08-12,8.19114875793457
2008-08-13,8.224324226379395
2008-08-14,8.257498741149902
2008-08-15,8.246439933776855
2008-08-18,8.202207565307617
2008-08-19,8.116509437561035
2008-08-20,8.16074275970459
2008-08-21,8.180089950561523
2008-08-22,8.26026439666748
2008-08-25,8.109596252441406
2008-08-26,8.124804496765137
2008-08-27,8.18561840057373
2008-08-28,8.261645317077637
2008-08-29,8.144153594970703
2008-09-02,8.065363883972168
2008-09-03,7.974137783050537
2008-09-04,7.747452259063721
2008-09-05,7.750214576721191
2008-09-08,7.83314847946167
2008-09-09,7.577437400817871
2008-09-10,7.67142915725708
2008-09-11,7.801359176635742
2008-09-12,7.864944934844971
2008-09-15,7.574674129486084
2008-09-16,7.631344795227051
2008-09-17,7.284401893615723
2008-09-18,7.50970983505249
2008-09-19,7.7336273193359375
2008-09-22,7.498652935028076
2008-09-23,7.386688709259033
2008-09-24,7.427986145019531
2008-09-25,7.536077976226807
2008-09-26,7.502819061279297
2008-09-29,6.985909461975098
2008-09-30,7.235355854034424
2008-10-01,7.109245777130127
2008-10-02,6.755862236022949
2008-10-03,6.68380069732666
2008-10-06,6.408022880554199
2008-10-07,6.074039936065674
2008-10-08,6.000593662261963
2008-10-09,5.753915309906006
2008-10-10,5.580691337585449
2008-10-13,6.2472662925720215
2008-10-14,6.132245063781738
2008-10-15,5.516942501068115
2008-10-16,5.780245304107666
2008-10-17,5.769158363342285
2008-10-20,6.028308391571045
2008-10-21,5.827364444732666
2008-10-22,5.493382453918457
2008-10-23,5.500311374664307
2008-10-24,5.314614295959473
2008-10-27,5.115054130554199
2008-10-28,5.6472086906433105
2008-10-29,5.623647689819336
2008-10-30,5.855082988739014
2008-10-31,5.9465460777282715
2008-11-03,5.9105143547058105
2008-11-04,6.132245063781738
2008-11-05,5.827364444732666
2008-11-06,5.530801296234131
2008-11-07,5.722041130065918
2008-11-10,5.638894081115723
2008-11-11,5.482296943664551
2008-11-12,5.217605113983154
2008-11-13,5.558516979217529
2008-11-14,5.28273868560791
2008-11-17,5.176030158996582
2008-11-18,5.216217994689941
2008-11-19,4.9141106605529785
2008-11-20,4.636946201324463
2008-11-21,4.922427177429199
2008-11-24,5.171872615814209
2008-11-25,5.213445663452148
2008-11-26,5.418548107147217
2008-11-28,5.431020736694336
2008-12-01,4.997260570526123
2008-12-02,5.135843276977539
2008-12-03,5.259178638458252
2008-12-04,5.113667964935303
2008-12-05,5.2730393409729
2008-12-08,5.451807022094727
2008-12-09,5.356186866760254
2008-12-10,5.404689788818359
2008-12-11,5.286894798278809
2008-12-12,5.302140235900879
2008-12-15,5.2730393409729
2008-12-16,5.491995811462402
2008-12-17,5.47536563873291
2008-12-18,5.393605709075928
2008-12-19,5.42270565032959
2008-12-22,5.327785968780518
2008-12-23,5.274896621704102
2008-12-24,5.294382095336914
2008-12-26,5.320826053619385
2008-12-29,5.294382095336914
2008-12-30,5.425209999084473
2008-12-31,5.498973846435547
2009-01-02,5.667381286621094
2009-01-05,5.681300163269043
2009-01-06,5.736973762512207
2009-01-07,5.592225074768066
2009-01-08,5.608928680419922
2009-01-09,5.490625381469727
2009-01-12,5.3820648193359375
2009-01-13,5.395984649658203
2009-01-14,5.237319469451904
2009-01-15,5.280464172363281
2009-01-16,5.3319621086120605
2009-01-20,5.093963623046875
2009-01-21,5.2790727615356445
2009-01-22,5.220616340637207
2009-01-23,5.2414960861206055
2009-01-26,5.280464172363281
2009-01-27,5.334743499755859
2009-01-28,5.475314140319824
2009-01-29,5.34448766708374
2009-01-30,5.230359077453613
2009-02-02,5.237319469451904
2009-02-03,5.34448766708374
2009-02-04,5.326395034790039
2009-02-05,5.434950828552246
2009-02-06,5.554650783538818
2009-02-09,5.556039333343506
2009-02-10,5.351447105407715
2009-02-11,5.363972187042236
2009-02-12,5.39737606048584
2009-02-13,5.373714923858643
2009-02-17,5.1691203117370605
2009-02-18,5.171905517578125
2009-02-19,5.1315412521362305
2009-02-20,5.0967488288879395
2009-02-23,4.9158148765563965
2009-02-24,5.061953067779541
2009-02-25,5.003498554229736
2009-02-26,4.899114608764648
2009-02-27,4.839265823364258
2009-03-02,4.648588180541992
2009-03-03,4.649982929229736
2009-03-04,4.759932041168213
2009-03-05,4.591526985168457
2009-03-06,4.577608585357666
2009-03-09,4.519154071807861
2009-03-10,4.758542537689209
2009-03-11,4.791945934295654
2009-03-12,4.95896053314209
2009-03-13,4.989579200744629
2009-03-16,4.950610160827637
2009-03-17,5.102313995361328
2009-03-18,5.157988548278809
2009-03-19,5.130151271820068
2009-03-20,5.064736843109131
2009-03-23,5.358406066894531
2009-03-24,5.286031723022461
2009-03-25,5.306709289550781
2009-03-26,5.449229717254639
2009-03-27,5.345833778381348
2009-03-30,5.208902359008789
2009-03-31,5.220082759857178
2009-04-01,5.309504508972168
2009-04-02,5.4729814529418945
2009-04-03,5.521886825561523
2009-04-06,5.470187664031982
2009-04-07,5.348628520965576
2009-04-08,5.4324631690979
2009-04-09,5.581965446472168
2009-04-13,5.577775001525879
2009-04-14,5.49953031539917
2009-04-15,5.528871536254883
2009-04-16,5.637855529785156
2009-04-17,5.653224468231201
2009-04-20,5.478572845458984
2009-04-21,5.548431873321533
2009-04-22,5.5386528968811035
2009-04-23,5.566596984863281
2009-04-24,5.657418727874756
2009-04-27,5.635064125061035
2009-04-28,5.616898059844971
2009-04-29,5.734264850616455
2009-04-30,5.739854335784912
2009-05-01,5.76360559463501
2009-05-04,5.903332233428955
2009-05-05,5.90053653717041
2009-05-06,5.914509296417236
2009-05-07,5.836264610290527
2009-05-08,5.915905475616455
2009-05-11,5.861415386199951
2009-05-12,5.855825901031494
2009-05-13,5.725882530212402
2009-05-14,5.760815143585205
2009-05-15,5.735664367675781
2009-05-18,5.885167598724365
2009-05-19,5.889359951019287
2009-05-20,5.882373332977295
2009-05-21,5.78596305847168
2009-05-22,5.7789788246154785
2009-05-26,5.928483009338379
2009-05-27,5.840456962585449
2009-05-28,5.913112640380859
2009-05-29,6.005330562591553
2009-06-01,6.168806552886963
2009-06-02,6.184177398681641
2009-06-03,6.129685401916504
2009-06-04,6.160423755645752
2009-06-05,6.17020320892334
2009-06-08,6.150643348693848
2009-06-09,6.184177398681641
2009-06-10,6.172998428344727
2009-06-11,6.19395637512207
2009-06-12,6.188368320465088
2009-06-15,6.0640130043029785
2009-06-16,5.982974529266357
2009-06-17,6.006725788116455
2009-06-18,6.0332746505737305
2009-06-19,6.0584259033203125
2009-06-22,5.901935577392578
2009-06-23,5.89634370803833
2009-06-24,5.955931186676025
2009-06-25,6.082117557525635
2009-06-26,6.068098068237305
2009-06-29,6.119974136352539
2009-06-30,6.0793137550354
2009-07-01,6.096138954162598
2009-07-02,5.951727390289307
2009-07-06,5.94471549987793
2009-07-07,5.826944828033447
2009-07-08,5.852180480957031
2009-07-09,5.859191417694092
2009-07-10,5.854985237121582
2009-07-13,5.968552112579346
2009-07-14,6.002200126647949
2009-07-15,6.1690473556518555
2009-07-16,6.237746715545654
2009-07-17,6.262983322143555
2009-07-20,6.323273658752441
2009-07-21,6.345704078674316
2009-07-22,6.3541178703308105
2009-07-23,6.481703281402588
2009-07-24,6.492918968200684
2009-07-27,6.481703281402588
2009-07-28,6.483107566833496
2009-07-29,6.464879035949707
2009-07-30,6.513950824737549
2009-07-31,6.5125508308410645
2009-08-03,6.603683948516846
2009-08-04,6.60228157043457
2009-08-05,6.554612636566162
2009-08-06,6.50834321975708
2009-08-07,6.584053993225098
2009-08-10,6.564425945281982
2009-08-11,6.5055389404296875
2009-08-12,6.57143497467041
2009-08-13,6.617703437805176
2009-08-14,6.5588178634643555
2009-08-17,6.413003444671631
2009-08-18,6.466282844543457
2009-08-19,6.519559860229492
2009-08-20,6.582653045654297
2009-08-21,6.677992343902588
2009-08-24,6.673783302307129
2009-08-25,6.677992343902588
2009-08-26,6.687807559967041
2009-08-27,6.7046284675598145
2009-08-28,6.690613269805908
2009-08-31,6.641539096832275
2009-09-01,6.527970314025879
2009-09-02,6.522364139556885
2009-09-03,6.570034027099609
2009-09-04,6.665374279022217
2009-09-08,6.721456050872803
2009-09-09,6.762114524841309
2009-09-10,6.83642578125
2009-09-11,6.844836235046387
2009-09-14,6.864466190338135
2009-09-15,6.885499000549316
2009-09-16,6.973825454711914
2009-09-17,6.96681547164917
2009-09-18,6.9766316413879395
2009-09-21,6.9752302169799805
2009-09-22,6.999061584472656
2009-09-23,6.941580295562744
2009-09-24,6.887023448944092
2009-09-25,6.842027187347412
2009-09-28,6.948889255523682
2009-09-29,6.944674015045166
2009-09-30,6.929204940795898
2009-10-01,6.764692783355713
2009-10-02,6.754849433898926
2009-10-05,6.815313816070557
2009-10-06,6.919364929199219
2009-10-07,6.933424949645996
2009-10-08,6.995294094085693
2009-10-09,7.037475109100342
2009-10-12,7.057161331176758
2009-10-13,7.055752277374268
2009-10-14,7.149962425231934
2009-10-15,7.171053409576416
2009-10-16,7.149962425231934
2009-10-19,7.216048717498779
2009-10-20,7.173862934112549
2009-10-21,7.120431423187256
2009-10-22,7.172460079193115
2009-10-23,7.11621618270874
2009-10-26,7.0529398918151855
2009-10-27,7.007946491241455
2009-10-28,6.878587245941162
2009-10-29,7.007946491241455
2009-10-30,6.8378071784973145
2009-11-02,6.889835357666016
2009-11-03,6.906708240509033
2009-11-04,6.932018280029297
2009-11-05,7.061376094818115
2009-11-06,7.088094711303711
2009-11-09,7.23714017868042
2009-11-10,7.23995304107666
2009-11-11,7.279320240020752
2009-11-12,7.209017276763916
2009-11-13,7.258230686187744
2009-11-16,7.355249881744385
2009-11-17,7.360876560211182
2009-11-18,7.341187953948975
2009-11-19,7.2526044845581055
2009-11-20,7.227294445037842
2009-11-23,7.31166410446167
2009-11-24,7.314475059509277
2009-11-25,7.346813201904297
2009-11-27,7.23714017868042
2009-11-30,7.24557638168335
2009-12-01,7.342593669891357
2009-12-02,7.338377952575684
2009-12-03,7.2905683517456055
2009-12-04,7.321506500244141
2009-12-07,7.301819801330566
2009-12-08,7.232919692993164
2009-12-09,7.268073081970215
2009-12-10,7.315880298614502
2009-12-11,7.332752227783203
2009-12-14,7.405871868133545
2009-12-15,7.376341819763184
2009-12-16,7.391810417175293
2009-12-17,7.3088507652282715
2009-12-18,7.362283706665039
2009-12-21,7.439619064331055
2009-12-22,7.483212947845459
2009-12-23,7.5283589363098145
2009-12-24,7.565042972564697
2009-12-28,7.581971645355225
2009-12-29,7.566450119018555
2009-12-30,7.567858695983887
2009-12-31,7.486032009124756
2010-01-04,7.611600875854492
2010-01-05,7.631353855133057
2010-01-06,7.6341753005981445
2010-01-07,7.645459175109863
2010-01-08,7.692017555236816
2010-01-11,7.684964656829834
2010-01-12,7.607365131378174
2010-01-13,7.677909851074219
2010-01-14,7.692017555236816
2010-01-15,7.608778476715088
2010-01-19,7.706133842468262
2010-01-20,7.614425182342529
2010-01-21,7.49731969833374
2010-01-22,7.306851387023926
2010-01-25,7.342126369476318
2010-01-26,7.330840110778809
2010-01-27,7.364699840545654
2010-01-28,7.246187686920166
2010-01-29,7.141784191131592
2010-02-01,7.253236770629883
2010-02-02,7.3266072273254395
2010-02-03,7.316728115081787
2010-02-04,7.085346221923828
2010-02-05,7.109329700469971
2010-02-08,7.072648525238037
2010-02-09,7.167178630828857
2010-02-10,7.144601821899414
2010-02-11,7.240545749664307
2010-02-12,7.246187686920166
2010-02-16,7.352001190185547
2010-02-17,7.405612945556641
2010-02-18,7.445119380950928
2010-02-19,7.452169895172119
2010-02-22,7.442296504974365
2010-02-23,7.3407158851623535
2010-02-24,7.41126012802124
2010-02-25,7.405612945556641
2010-02-26,7.4183125495910645
2010-03-01,7.507197856903076
2010-03-02,7.526949882507324
2010-03-03,7.539645671844482
2010-03-04,7.563632488250732
2010-03-05,7.659567832946777
2010-03-08,7.666625022888184
2010-03-09,7.677909851074219
2010-03-10,7.714593410491943
2010-03-11,7.745630264282227
2010-03-12,7.752685546875
2010-03-15,7.755505084991455
2010-03-16,7.802066802978516
2010-03-17,7.844394683837891
2010-03-18,7.840156555175781
2010-03-19,7.780902862548828
2010-03-22,7.847214221954346
2010-03-23,7.902237415313721
2010-03-24,7.850034236907959
2010-03-25,7.836595058441162
2010-03-26,7.836595058441162
2010-03-29,7.8733720779418945
2010-03-30,7.896007537841797
2010-03-31,7.857816696166992
2010-04-01,7.901668548583984
2010-04-05,7.972393989562988
2010-04-06,7.979470252990723
2010-04-07,7.948346138000488
2010-04-08,7.972393989562988
2010-04-09,8.017660140991211
2010-04-12,8.034636497497559
2010-04-13,8.043123245239258
2010-04-14,8.127992630004883
2010-04-15,8.149210929870605
2010-04-16,8.038880348205566
2010-04-19,8.054437637329102
2010-04-20,8.113851547241211
2010-04-21,8.113851547241211
2010-04-22,8.139310836791992
2010-04-23,8.194478034973145
2010-04-26,8.177505493164062
2010-04-27,7.995026588439941
2010-04-28,8.024728775024414
2010-04-29,8.12233829498291
2010-04-30,7.976635932922363
2010-05-03,8.074239730834961
2010-05-04,7.870546340942383
2010-05-05,7.80830717086792
2010-05-06,7.567835330963135
2010-05-07,7.413647651672363
2010-05-10,7.7517266273498535
2010-05-11,7.7319159507751465
2010-05-12,7.860641002655029
2010-05-13,7.7630414962768555
2010-05-14,7.615926742553711
2010-05-17,7.613100528717041
2010-05-18,7.5183234214782715
2010-05-19,7.461741924285889
2010-05-20,7.192978858947754
2010-05-21,7.2792649269104
2010-05-24,7.218438625335693
2010-05-25,7.218438625335693
2010-05-26,7.1731743812561035
2010-05-27,7.402331352233887
2010-05-28,7.317460536956787
2010-06-01,7.195807456970215
2010-06-02,7.3867716789245605
2010-06-03,7.436283111572266
2010-06-04,7.184492111206055
2010-06-07,7.071329116821289
2010-06-08,7.115178108215332
2010-06-09,7.082643985748291
2010-06-10,7.290581226348877
2010-06-11,7.340090751647949
2010-06-14,7.340090751647949
2010-06-15,7.507009506225586
2010-06-16,7.505591869354248
2010-06-17,7.51407527923584
2010-06-18,7.51973819732666
2010-06-21,7.492862701416016
2010-06-22,7.366969108581543
2010-06-23,7.352823257446289
2010-06-24,7.226419925689697
2010-06-25,7.2491230964660645
2010-06-28,7.220748424530029
2010-06-29,6.9724907875061035
2010-06-30,6.900142192840576
2010-07-01,6.894467353820801
2010-07-02,6.868931770324707
2010-07-06,6.891631603240967
2010-07-07,7.111514091491699
2010-07-08,7.17960786819458
2010-07-09,7.2306809425354
2010-07-12,7.2377729415893555
2010-07-13,7.349841594696045
2010-07-14,7.369702339172363
2010-07-15,7.373960018157959
2010-07-16,7.173934459686279
2010-07-19,7.222166538238525
2010-07-20,7.321471691131592
2010-07-21,7.222166538238525
2010-07-22,7.389561176300049
2010-07-23,7.451984882354736
2010-07-26,7.522915363311768
2010-07-27,7.494542121887207
2010-07-28,7.442051887512207
2010-07-29,7.405170440673828
2010-07-30,7.416515350341797
2010-08-02,7.572566032409668
2010-08-03,7.534263610839844
2010-08-04,7.600937366485596
2010-08-05,7.586752891540527
2010-08-06,7.566888332366943
2010-08-09,7.608028411865234
2010-08-10,7.552703857421875
2010-08-11,7.351260662078857
2010-08-12,7.294515132904053
2010-08-13,7.261890411376953
2010-08-16,7.267560958862305
2010-08-17,7.373960018157959
2010-08-18,7.389561176300049
2010-08-19,7.276073932647705
2010-08-20,7.257632255554199
2010-08-23,7.216494083404541
2010-08-24,7.09732723236084
2010-08-25,7.127120494842529
2010-08-26,7.068955898284912
2010-08-27,7.17960786819458
2010-08-30,7.081722259521484
2010-08-31,7.0661211013793945
2010-09-01,7.268979072570801
2010-09-02,7.348421096801758
2010-09-03,7.453400611877441
2010-09-07,7.386728286743164
2010-09-08,7.4278693199157715
2010-09-09,7.446307182312012
2010-09-10,7.484610080718994
2010-09-13,7.571148872375488
2010-09-14,7.581076145172119
2010-09-15,7.619379997253418
2010-09-16,7.630724906921387
2010-09-17,7.647751808166504
2010-09-20,7.764077663421631
2010-09-21,7.7527265548706055
2010-09-22,7.730030059814453
2010-09-23,7.693145751953125
2010-09-24,7.857327461242676
2010-09-27,7.831695556640625
2010-09-28,7.863022804260254
2010-09-29,7.8544816970825195
2010-09-30,7.827423095703125
2010-10-01,7.845937728881836
2010-10-04,7.776165008544922
2010-10-05,7.932799816131592
2010-10-06,7.9142842292785645
2010-10-07,7.907165050506592
2010-10-08,7.9698166847229
2010-10-11,7.975515842437744
2010-10-12,8.00114631652832
2010-10-13,8.0794677734375
2010-10-14,8.068073272705078
2010-10-15,8.134995460510254
2010-10-18,8.15493392944336
2010-10-19,8.031047821044922
2010-10-20,8.109369277954102
2010-10-21,8.13927173614502
2010-10-22,8.174864768981934
2010-10-25,8.210467338562012
2010-10-26,8.223283767700195
2010-10-27,8.216156959533691
2010-10-28,8.219010353088379
2010-10-29,8.233255386352539
2010-11-01,8.246061325073242
2010-11-02,8.331503868103027
2010-11-03,8.357132911682129
2010-11-04,8.498104095458984
2010-11-05,8.51661491394043
2010-11-08,8.51661491394043
2010-11-09,8.462503433227539
2010-11-10,8.503800392150879
2010-11-11,8.4639310836792
2010-11-12,8.341469764709473
2010-11-15,8.327229499816895
2010-11-16,8.19622802734375
2010-11-17,8.217585563659668
2010-11-18,8.344317436218262
2010-11-19,8.387035369873047
2010-11-22,8.411242485046387
2010-11-23,8.291630744934082
2010-11-24,8.435449600219727
2010-11-26,8.381340026855469
2010-11-29,8.365677833557129
2010-11-30,8.314413070678711
2010-12-01,8.489557266235352
2010-12-02,8.587812423706055
2010-12-03,8.617713928222656
2010-12-06,8.610591888427734
2010-12-07,8.610591888427734
2010-12-08,8.620565414428711
2010-12-09,8.633379936218262
2010-12-10,8.680367469787598
2010-12-13,8.674671173095703
2010-12-14,8.681793212890625
2010-12-15,8.649041175842285
2010-12-16,8.698878288269043
2010-12-17,8.721663475036621
2010-12-20,8.735902786254883
2010-12-21,8.777196884155273
2010-12-22,8.787161827087402
2010-12-23,8.771499633789062
2010-12-27,8.771928787231445
2010-12-28,8.766214370727539
2010-12-29,8.794785499572754
2010-12-30,8.784783363342285
2010-12-31,8.774785995483398
2011-01-03,8.856218338012695
2011-01-04,8.816214561462402
2011-01-05,8.873361587524414
2011-01-06,8.863362312316895
2011-01-07,8.859077453613281
2011-01-10,8.861936569213867
2011-01-11,8.897651672363281
2011-01-12,8.967657089233398
2011-01-13,8.959083557128906
2011-01-14,9.013372421264648
2011-01-18,9.054803848266602
2011-01-19,8.95479679107666
2011-01-20,8.914793968200684
2011-01-21,8.896224021911621
2011-01-24,8.966227531433105
2011-01-25,8.969079971313477
2011-01-26,9.03480339050293
2011-01-27,9.049086570739746
2011-01-28,8.864786148071289
2011-01-31,8.939082145690918
2011-02-01,9.064800262451172
2011-02-02,9.0447998046875
2011-02-03,9.074801445007324
2011-02-04,9.116231918334961
2011-02-07,9.15909194946289
2011-02-08,9.20480728149414
2011-02-09,9.186237335205078
2011-02-10,9.19052505493164
2011-02-11,9.253381729125977
2011-02-14,9.270525932312012
2011-02-15,9.246241569519043
2011-02-16,9.304816246032715
2011-02-17,9.321962356567383
2011-02-18,9.331961631774902
2011-02-22,9.100520133972168
2011-02-23,9.026230812072754
2011-02-24,9.033371925354004
2011-02-25,9.150525093078613
2011-02-28,9.186237335205078
2011-03-01,9.030513763427734
2011-03-02,9.057658195495605
2011-03-03,9.221953392028809
2011-03-04,9.164809226989746
2011-03-07,9.066227912902832
2011-03-08,9.13194751739502
2011-03-09,9.10766315460205
2011-03-10,8.950510025024414
2011-03-11,9.010514259338379
2011-03-14,8.960512161254883
2011-03-15,8.86765193939209
2011-03-16,8.70621109008789
2011-03-17,8.794785499572754
2011-03-18,8.814788818359375
2011-03-21,8.961942672729492
2011-03-22,8.93193244934082
2011-03-23,8.973371505737305
2011-03-24,9.080514907836914
2011-03-25,9.107735633850098
2011-03-28,9.079086303710938
2011-03-29,9.156436920166016
2011-03-30,9.215171813964844
2011-03-31,9.210869789123535
2011-04-01,9.24811840057373
2011-04-04,9.253854751586914
2011-04-05,9.249550819396973
2011-04-06,9.261012077331543
2011-04-07,9.245251655578613
2011-04-08,9.199411392211914
2011-04-11,9.173627853393555
2011-04-12,9.107735633850098
2011-04-13,9.142114639282227
2011-04-14,9.140681266784668
2011-04-15,9.16789722442627
2011-04-18,9.080512046813965
2011-04-19,9.12635326385498
2011-04-20,9.273902893066406
2011-04-21,9.341230392456055
2011-04-25,9.319743156433105
2011-04-26,9.391369819641113
2011-04-27,9.445802688598633
2011-04-28,9.474448204040527
2011-04-29,9.495938301086426
2011-05-02,9.475883483886719
2011-05-03,9.424318313598633
2011-05-04,9.367015838623047
2011-05-05,9.3025541305542
2011-05-06,9.34696102142334
2011-05-09,9.405693054199219
2011-05-10,9.48591136932373
2011-05-11,9.387068748474121
2011-05-12,9.438636779785156
2011-05-13,9.359848976135254
2011-05-16,9.273902893066406
2011-05-17,9.259577751159668
2011-05-18,9.354120254516602
2011-05-19,9.379904747009277
2011-05-20,9.326906204223633
2011-05-23,9.20657730102539
2011-05-24,9.19511604309082
2011-05-25,9.236655235290527
2011-05-26,9.296820640563965
2011-05-27,9.332633972167969
2011-05-31,9.427178382873535
2011-06-01,9.223762512207031
2011-06-02,9.226627349853516
2011-06-03,9.124924659729004
2011-06-06,9.024648666381836
2011-06-07,9.02035140991211
2011-06-08,8.967353820800781
2011-06-09,9.03181266784668
2011-06-10,8.885698318481445
2011-06-13,8.861348152160645
2011-06-14,8.996000289916992
2011-06-15,8.84272575378418
2011-06-16,8.828397750854492
2011-06-17,8.84272575378418
2011-06-20,8.89429759979248
2011-06-21,9.047569274902344
2011-06-22,8.991703987121582
2011-06-23,9.00316333770752
2011-06-24,8.89179801940918
2011-06-27,8.97801399230957
2011-06-28,9.124587059020996
2011-06-29,9.202178001403809
2011-06-30,9.295578956604004
2011-07-01,9.43065071105957
2011-07-05,9.452205657958984
2011-07-06,9.48238468170166
2011-07-07,9.594467163085938
2011-07-08,9.534114837646484
2011-07-11,9.350186347961426
2011-07-12,9.297018051147461
2011-07-13,9.33725357055664
2011-07-14,9.253910064697266
2011-07-15,9.34731388092041
2011-07-18,9.281210899353027
2011-07-19,9.468012809753418
2011-07-20,9.443583488464355
2011-07-21,9.545607566833496
2011-07-22,9.581533432006836
2011-07-25,9.536988258361816
2011-07-26,9.509686470031738
2011-07-27,9.291271209716797
2011-07-28,9.281210899353027
2011-07-29,9.228043556213379
2011-08-01,9.190685272216797
2011-08-02,8.940654754638672
2011-08-03,9.011068344116211
2011-08-04,8.551243782043457
2011-08-05,8.5311279296875
2011-08-08,7.975031852722168
2011-08-09,8.361567497253418
2011-08-10,8.02388858795166
2011-08-11,8.378811836242676
2011-08-12,8.465031623840332
2011-08-15,8.62165641784668
2011-08-16,8.538311004638672
2011-08-17,8.523945808410645
2011-08-18,8.114413261413574
2011-08-19,7.9707183837890625
2011-08-22,7.982217311859131
2011-08-23,8.282535552978516
2011-08-24,8.381683349609375
2011-08-25,8.239428520202637
2011-08-26,8.40467643737793
2011-08-29,8.638899803161621
2011-08-30,8.682007789611816
2011-08-31,8.704997062683105
2011-09-01,8.625967979431152
2011-09-02,8.41042423248291
2011-09-06,8.378811836242676
2011-09-07,8.608724594116211
2011-09-08,8.534000396728516
2011-09-09,8.302650451660156
2011-09-12,8.354384422302246
2011-09-13,8.453534126281738
2011-09-14,8.585731506347656
2011-09-15,8.725115776062012
2011-09-16,8.775405883789062
2011-09-19,8.725115776062012
2011-09-20,8.686320304870605
2011-09-21,8.452094078063965
2011-09-22,8.164706230163574
2011-09-23,8.212845802307129
2011-09-26,8.381487846374512
2011-09-27,8.473736763000488
2011-09-28,8.284915924072266
2011-09-29,8.277710914611816
2011-09-30,8.062949180603027
2011-10-03,7.823683261871338
2011-10-04,8.012503623962402
2011-10-05,8.184022903442383
2011-10-06,8.346894264221191
2011-10-07,8.292123794555664
2011-10-10,8.57030200958252
2011-10-11,8.594807624816895
2011-10-12,8.656789779663086
2011-10-13,8.672642707824707
2011-10-14,8.855692863464355
2011-10-17,8.681290626525879
2011-10-18,8.825425148010254
2011-10-19,8.678409576416016
2011-10-20,8.691378593444824
2011-10-21,8.867222785949707
2011-10-24,9.014240264892578
2011-10-25,8.835516929626465
2011-10-26,8.894611358642578
2011-10-27,9.178556442260742
2011-10-28,9.208824157714844
2011-10-31,8.998388290405273
2011-11-01,8.77065372467041
2011-11-02,8.903260231018066
2011-11-03,9.07477855682373
2011-11-04,9.041629791259766
2011-11-07,9.079102516174316
2011-11-08,9.191530227661133
2011-11-09,8.852810859680176
2011-11-10,8.910465240478516
2011-11-11,9.087750434875488
2011-11-14,9.02721118927002
2011-11-15,9.089195251464844
2011-11-16,8.955146789550781
2011-11-17,8.779303550720215
2011-11-18,8.753355026245117
2011-11-21,8.591925621032715
2011-11-22,8.589038848876953
2011-11-23,8.397342681884766
2011-11-25,8.371395111083984
2011-11-28,8.63948917388916
2011-11-29,8.643813133239746
2011-11-30,8.979650497436523
2011-12-01,8.998388290405273
2011-12-02,8.979650497436523
2011-12-05,9.070453643798828
2011-12-06,9.05604076385498
2011-12-07,9.043069839477539
2011-12-08,8.874433517456055
2011-12-09,9.028654098510742
2011-12-12,8.904701232910156
2011-12-13,8.795158386230469
2011-12-14,8.668314933776855
2011-12-15,8.675522804260254
2011-12-16,8.705792427062988
2011-12-19,8.623638153076172
2011-12-20,8.880197525024414
2011-12-21,8.85136890411377
2011-12-22,8.898934364318848
2011-12-23,8.978068351745605
2011-12-27,8.999765396118164
2011-12-28,8.885476112365723
2011-12-29,8.967942237854004
2011-12-30,8.934667587280273
2012-01-03,9.064866065979004
2012-01-04,9.079336166381836
2012-01-05,9.111160278320312
2012-01-06,9.111160278320312
2012-01-09,9.114052772521973
2012-01-10,9.196514129638672
2012-01-11,9.197962760925293
2012-01-12,9.223998069763184
2012-01-13,9.18638801574707
2012-01-17,9.238471984863281
2012-01-18,9.344074249267578
2012-01-19,9.409175872802734
2012-01-20,9.386029243469238
2012-01-23,9.39904499053955
2012-01-24,9.410626411437988
2012-01-25,9.539377212524414
2012-01-26,9.491637229919434
2012-01-27,9.498869895935059
2012-01-30,9.485852241516113
2012-01-31,9.49597454071045
2012-02-01,9.578433990478516
2012-02-02,9.604473114013672
2012-02-03,9.736124038696289
2012-02-06,9.7346773147583
2012-02-07,9.756380081176758
2012-02-08,9.77229118347168
2012-02-09,9.809905052185059
2012-02-10,9.747696876525879
2012-02-13,9.82292366027832
2012-02-14,9.83738899230957
2012-02-15,9.779524803161621
2012-02-16,9.882240295410156
2012-02-17,9.883686065673828
2012-02-21,9.883686065673828
2012-02-22,9.875004768371582
2012-02-23,9.9285306930542
2012-02-24,9.961803436279297
2012-02-27,9.969035148620605
2012-02-28,10.000866889953613
2012-02-29,9.95022964477539
2012-03-01,10.025459289550781
2012-03-02,9.99507999420166
2012-03-05,9.935763359069824
2012-03-06,9.791099548339844
2012-03-07,9.866326332092285
2012-03-08,9.98205852508545
2012-03-09,10.02401351928711
2012-03-12,10.002309799194336
2012-03-13,10.175912857055664
2012-03-14,10.175912857055664
2012-03-15,10.22509765625
2012-03-16,10.24101734161377
2012-03-19,10.294544219970703
2012-03-20,10.25258731842041
2012-03-21,10.249692916870117
2012-03-22,10.186044692993164
2012-03-23,10.20629596710205
2012-03-26,10.356292724609375
2012-03-27,10.335987091064453
2012-03-28,10.282307624816895
2012-03-29,10.27360725402832
2012-03-30,10.295364379882812
2012-04-02,10.389660835266113
2012-04-03,10.383852005004883
2012-04-04,10.267805099487305
2012-04-05,10.291011810302734
2012-04-09,10.185111045837402
2012-04-10,10.00667953491211
2012-04-11,10.082115173339844
2012-04-12,10.227178573608398
2012-04-13,10.11693000793457
2012-04-16,10.047298431396484
2012-04-17,10.222829818725586
2012-04-18,10.19817066192627
2012-04-19,10.118382453918457
2012-04-20,10.11693000793457
2012-04-23,10.021190643310547
2012-04-24,10.01103401184082
2012-04-25,10.205427169799805
2012-04-26,10.27940845489502
2012-04-27,10.324379920959473
2012-04-30,10.264902114868164
2012-05-01,10.299713134765625
2012-05-02,10.306966781616211
2012-05-03,10.211224555969238
2012-05-04,10.016839027404785
2012-05-07,10.022642135620117
2012-05-08,9.974763870239258
2012-05-09,9.92834758758545
2012-05-10,9.91964054107666
2012-05-11,9.905136108398438
2012-05-14,9.800688743591309
2012-05-15,9.754261016845703
2012-05-16,9.718000411987305
2012-05-17,9.526515007019043
2012-05-18,9.442373275756836
2012-05-21,9.671581268310547
2012-05-22,9.675929069519043
2012-05-23,9.715097427368164
2012-05-24,9.70494270324707
2012-05-25,9.673027992248535
2012-05-29,9.796334266662598
2012-05-30,9.66142463684082
2012-05-31,9.619352340698242
2012-06-01,9.348079681396484
2012-06-04,9.365490913391113
2012-06-05,9.424962043762207
2012-06-06,9.638211250305176
2012-06-07,9.619352340698242
2012-06-08,9.69624137878418
2012-06-11,9.552621841430664
2012-06-12,9.66142463684082
2012-06-13,9.57148265838623
2012-06-14,9.655619621276855
2012-06-15,9.752817153930664
2012-06-18,9.813743591308594
2012-06-19,9.91384220123291
2012-06-20,9.892077445983887
2012-06-21,9.649820327758789
2012-06-22,9.72235107421875
2012-06-25,9.566499710083008
2012-06-26,9.613069534301758
2012-06-27,9.6814603805542
2012-06-28,9.627617835998535
2012-06-29,9.896828651428223
2012-07-02,9.918656349182129
2012-07-03,10.004515647888184
2012-07-05,10.001605033874512
2012-07-06,9.885190963745117
2012-07-09,9.877913475036621
2012-07-10,9.780415534973145
2012-07-11,9.74840259552002
2012-07-12,9.70037841796875
2012-07-13,9.842988967895508
2012-07-16,9.810973167419434
2012-07-17,9.875003814697266
2012-07-18,9.957947731018066
2012-07-19,10.037982940673828
2012-07-20,9.927386283874512
2012-07-23,9.822616577148438
2012-07-24,9.7367582321167
2012-07-25,9.722207069396973
2012-07-26,9.880820274353027
2012-07-27,10.083096504211426
2012-07-30,10.07291030883789
2012-07-31,10.01761245727539
2012-08-01,9.979780197143555
2012-08-02,9.9302978515625
2012-08-03,10.1238431930542
2012-08-06,10.16313362121582
2012-08-07,10.230071067810059
2012-08-08,10.232979774475098
2012-08-09,10.235894203186035
2012-08-10,10.247536659240723
2012-08-13,10.256265640258789
2012-08-14,10.266450881958008
2012-08-15,10.289734840393066
2012-08-16,10.388689041137695
2012-08-17,10.420706748962402
2012-08-20,10.41342830657959
2012-08-21,10.378503799438477
2012-08-22,10.398872375488281
2012-08-23,10.321749687194824
2012-08-24,10.381414413452148
2012-08-27,10.382868766784668
2012-08-28,10.381414413452148
2012-08-29,10.385778427124023
2012-08-30,10.302830696105957
2012-08-31,10.35812759399414
2012-09-04,10.35085391998291
2012-09-05,10.342118263244629
2012-09-06,10.547307968139648
2012-09-07,10.588050842285156
2012-09-10,10.508015632629395
2012-09-11,10.52547550201416
2012-09-12,10.570591926574707
2012-09-13,10.719019889831543
2012-09-14,10.788867950439453
2012-09-17,10.76704216003418
2012-09-18,10.759761810302734
2012-09-19,10.775776863098145
2012-09-20,10.746673583984375
2012-09-21,10.740852355957031
2012-09-24,10.69821548461914
2012-09-25,10.577025413513184
2012-09-26,10.502553939819336
2012-09-27,10.622284889221191
2012-09-28,10.571186065673828
2012-10-01,10.585784912109375
2012-10-02,10.594549179077148
2012-10-03,10.64710521697998
2012-10-04,10.705510139465332
2012-10-05,10.686531066894531
2012-10-08,10.633965492248535
2012-10-09,10.504018783569336
2012-10-10,10.451454162597656
2012-10-11,10.449993133544922
2012-10-12,10.444156646728516
2012-10-15,10.521541595458984
2012-10-16,10.641266822814941
2012-10-17,10.639808654785156
2012-10-18,10.575565338134766
2012-10-19,10.375532150268555
2012-10-22,10.401811599731445
2012-10-23,10.267478942871094
2012-10-24,10.232439994812012
2012-10-25,10.241195678710938
2012-10-26,10.247036933898926
2012-10-31,10.239736557006836
2012-11-01,10.36968994140625
2012-11-02,10.271860122680664
2012-11-05,10.312745094299316
2012-11-06,10.38137149810791
2012-11-07,10.182791709899902
2012-11-08,10.033862113952637
2012-11-09,10.061604499816895
2012-11-12,10.073283195495605
2012-11-13,10.052847862243652
2012-11-14,9.918516159057617
2012-11-15,9.898075103759766
2012-11-16,9.953556060791016
2012-11-19,10.1813325881958
2012-11-20,10.198859214782715
2012-11-21,10.216373443603516
2012-11-23,10.353630065917969
2012-11-26,10.350707054138184
2012-11-27,10.306901931762695
2012-11-28,10.388668060302734
2012-11-29,10.45291519165039
2012-11-30,10.44707202911377
2012-12-03,10.401811599731445
2012-12-04,10.375532150268555
2012-12-05,10.341949462890625
2012-12-06,10.38137149810791
2012-12-07,10.384291648864746
2012-12-10,10.397428512573242
2012-12-11,10.466054916381836
2012-12-12,10.449993133544922
2012-12-13,10.39596939086914
2012-12-14,10.333183288574219
2012-12-17,10.457294464111328
2012-12-18,10.582865715026855
2012-12-19,10.51131820678711
2012-12-20,10.552201271057129
2012-12-21,10.473357200622559
2012-12-24,10.451621055603027
2012-12-26,10.369368553161621
2012-12-27,10.369368553161621
2012-12-28,10.259211540222168
2012-12-31,10.454554557800293
2013-01-02,10.727741241455078
2013-01-03,10.696900367736816
2013-01-04,10.732148170471191
2013-01-07,10.711587905883789
2013-01-08,10.689557075500488
2013-01-09,10.72921371459961
2013-01-10,10.787960052490234
2013-01-11,10.801182746887207
2013-01-14,10.773275375366211
2013-01-15,10.770334243774414
2013-01-16,10.77474308013916
2013-01-17,10.840837478637695
2013-01-18,10.867271423339844
2013-01-22,10.909868240356445
2013-01-23,10.950992584228516
2013-01-24,10.920149803161621
2013-01-25,10.978899955749512
2013-01-28,10.965679168701172
2013-01-29,10.973023414611816
2013-01-30,10.936305046081543
2013-01-31,10.914276123046875
2013-02-01,11.020021438598633
2013-02-04,10.886366844177246
2013-02-05,11.003865242004395
2013-02-06,11.006806373596191
2013-02-07,11.011208534240723
2013-02-08,11.09199333190918
2013-02-11,11.072900772094727
2013-02-12,11.056743621826172
2013-02-13,11.068493843078613
2013-02-14,11.075837135314941
2013-02-15,11.072900772094727
2013-02-19,11.122836112976074
2013-02-20,10.978899955749512
2013-02-21,10.902523040771484
2013-02-22,11.009743690490723
2013-02-25,10.82614803314209
2013-02-26,10.898117065429688
2013-02-27,11.03324031829834
2013-02-28,11.005334854125977
2013-03-01,11.049398422241211
2013-03-04,11.102275848388672
2013-03-05,11.219776153564453
2013-03-06,11.215367317199707
2013-03-07,11.237397193908691
2013-03-08,11.293210983276367
2013-03-11,11.324058532714844
2013-03-12,11.290276527404785
2013-03-13,11.309368133544922
2013-03-14,11.363712310791016
2013-03-15,11.335805892944336
2013-03-18,11.281462669372559
2013-03-19,11.246213912963867
2013-03-20,11.334336280822754
2013-03-21,11.240337371826172
2013-03-22,11.323864936828613
2013-03-25,11.289979934692383
2013-03-26,11.369527816772461
2013-03-27,11.378366470336914
2013-03-28,11.41814136505127
2013-04-01,11.351848602294922
2013-04-02,11.412250518798828
2013-04-03,11.300289154052734
2013-04-04,11.326807975769043
2013-04-05,11.2678804397583
2013-04-08,11.354796409606934
2013-04-09,11.375423431396484
2013-04-10,11.528627395629883
2013-04-11,11.577237129211426
2013-04-12,11.56251049041748
2013-04-15,11.27672004699707
2013-04-16,11.454967498779297
2013-04-17,11.273775100708008
2013-04-18,11.1588716506958
2013-04-19,11.238419532775879
2013-04-22,11.300289154052734
2013-04-23,11.419615745544434
2013-04-24,11.42255973815918
2013-04-25,11.477067947387695
2013-04-26,11.444655418395996
2013-04-29,11.53304386138916
2013-04-30,11.602280616760254
2013-05-01,11.515366554260254
2013-05-02,11.639110565185547
2013-05-03,11.770217895507812
2013-05-06,11.801153182983398
2013-05-07,11.848295211791992
2013-05-08,11.911636352539062
2013-05-09,11.895432472229004
2013-05-10,11.961723327636719
2013-05-13,11.96025276184082
2013-05-14,12.055999755859375
2013-05-15,12.091355323791504
2013-05-16,12.016230583190918
2013-05-17,12.129658699035645
2013-05-20,12.110505104064941
2013-05-21,12.138494491577148
2013-05-22,12.007391929626465
2013-05-23,11.961723327636719
2013-05-24,11.946993827819824
2013-05-28,12.022122383117676
2013-05-29,11.921945571899414
2013-05-30,11.955830574035645
2013-05-31,11.804100036621094
2013-06-03,11.835036277770996
2013-06-04,11.768745422363281
2013-06-05,11.60522747039795
2013-06-06,11.695086479187012
2013-06-07,11.845345497131348
2013-06-10,11.839452743530273
2013-06-11,11.715715408325195
2013-06-12,11.590495109558105
2013-06-13,11.776114463806152
2013-06-14,11.715715408325195
2013-06-17,11.808517456054688
2013-06-18,11.913108825683594
2013-06-19,11.756958961486816
2013-06-20,11.45202350616455
2013-06-21,11.45202350616455
2013-06-24,11.314268112182617
2013-06-25,11.425121307373047
2013-06-26,11.534494400024414
2013-06-27,11.601009368896484
2013-06-28,11.550755500793457
2013-07-01,11.645349502563477
2013-07-02,11.654217720031738
2013-07-03,11.68673324584961
2013-07-05,11.796103477478027
2013-07-08,11.824190139770508
2013-07-09,11.902527809143066
2013-07-10,11.926173210144043
2013-07-11,12.106492042541504
2013-07-12,12.140486717224121
2013-07-15,12.147872924804688
2013-07-16,12.103535652160645
2013-07-17,12.139008522033691
2013-07-18,12.170049667358398
2013-07-19,12.183349609375
2013-07-22,12.195171356201172
2013-07-23,12.141963958740234
2013-07-24,12.12570571899414
2013-07-25,12.20256233215332
2013-07-26,12.209955215454102
2013-07-29,12.155263900756836
2013-07-30,12.184826850891113
2013-07-31,12.195171356201172
2013-08-01,12.357758522033691
2013-08-02,12.390276908874512
2013-08-05,12.399141311645508
2013-08-06,12.323761940002441
2013-08-07,12.2720308303833
2013-08-08,12.304547309875488
2013-08-09,12.276464462280273
2013-08-12,12.269072532653809
2013-08-13,12.310462951660156
2013-08-14,12.243950843811035
2013-08-15,12.069538116455078
2013-08-16,12.039979934692383
2013-08-19,11.995643615722656
2013-08-20,12.063631057739258
2013-08-21,12.005987167358398
2013-08-22,12.122748374938965
2013-08-23,12.147872924804688
2013-08-26,12.144922256469727
2013-08-27,11.948338508605957
2013-08-28,11.992683410644531
2013-08-29,12.023726463317871
2013-08-30,11.969038009643555
2013-09-03,12.063631057739258
2013-09-04,12.183349609375
2013-09-05,12.198128700256348
2013-09-06,12.218823432922363
2013-09-09,12.362194061279297
2013-09-10,12.439047813415527
2013-09-11,12.470086097717285
2013-09-12,12.455307960510254
2013-09-13,12.470086097717285
2013-09-16,12.505559921264648
2013-09-17,12.572070121765137
2013-09-18,12.746476173400879
2013-09-19,12.744999885559082
2013-09-20,12.675531387329102
2013-09-23,12.629267692565918
2013-09-24,12.611478805541992
2013-09-25,12.564022064208984
2013-09-26,12.65299129486084
2013-09-27,12.60850715637207
2013-09-30,12.54623031616211
2013-10-01,12.673749923706055
2013-10-02,12.65151309967041
2013-10-03,12.526951789855957
2013-10-04,12.626302719116211
2013-10-07,12.51508903503418
2013-10-08,12.307494163513184
2013-10-09,12.286733627319336
2013-10-10,12.555122375488281
2013-10-11,12.645581245422363
2013-10-14,12.71230411529541
2013-10-15,12.627787590026855
2013-10-16,12.792377471923828
2013-10-17,12.86207103729248
2013-10-18,12.998489379882812
2013-10-21,13.00590705871582
2013-10-22,13.065217971801758
2013-10-23,13.001456260681152
2013-10-24,13.07856273651123
2013-10-25,13.124531745910645
2013-10-28,13.127498626708984
2013-10-29,13.18235969543457
2013-10-30,13.108221054077148
2013-10-31,13.080050468444824
2013-11-01,13.10970401763916
2013-11-04,13.133428573608398
2013-11-05,13.090426445007324
2013-11-06,13.100807189941406
2013-11-07,12.897660255432129
2013-11-08,13.045942306518555
2013-11-11,13.054841995239258
2013-11-12,13.054841995239258
2013-11-13,13.18235969543457
2013-11-14,13.252058982849121
2013-11-15,13.308402061462402
2013-11-18,13.21943187713623
2013-11-19,13.179390907287598
2013-11-20,13.124531745910645
2013-11-21,13.243159294128418
2013-11-22,13.309883117675781
2013-11-25,13.272814750671387
2013-11-26,13.335094451904297
2013-11-27,13.381059646606445
2013-11-29,13.391439437866211
2013-12-02,13.348438262939453
2013-12-03,13.321748733520508
2013-12-04,13.306918144226074
2013-12-05,13.305437088012695
2013-12-06,13.416648864746094
2013-12-09,13.440377235412598
2013-12-10,13.4092378616333
2013-12-11,13.266884803771973
2013-12-12,13.22387981414795
2013-12-13,13.231297492980957
2013-12-16,13.324718475341797
2013-12-17,13.308402061462402
2013-12-18,13.50858211517334
2013-12-19,13.496721267700195
2013-12-20,13.590141296386719
2013-12-23,13.695422172546387
2013-12-24,13.726231575012207
2013-12-26,13.7857666015625
2013-12-27,13.76492977142334
2013-12-30,13.776838302612305
2013-12-31,13.849772453308105
2014-01-02,13.72772216796875
2014-01-03,13.689022064208984
2014-01-06,13.630971908569336
2014-01-07,13.735160827636719
2014-01-08,13.7589750289917
2014-01-09,13.738141059875488
2014-01-10,13.788744926452637
2014-01-13,13.584834098815918
2014-01-14,13.781305313110352
2014-01-15,13.854236602783203
2014-01-16,13.854236602783203
2014-01-17,13.811071395874023
2014-01-21,13.882518768310547
2014-01-22,13.90930461883545
2014-01-23,13.820001602172852
2014-01-24,13.497014045715332
2014-01-27,13.392827033996582
2014-01-28,13.456823348999023
2014-01-29,13.299054145812988
2014-01-30,13.502969741821289
2014-01-31,13.4270601272583
2014-02-03,13.123421669006348
2014-02-04,13.272265434265137
2014-02-05,13.242494583129883
2014-02-06,13.430033683776855
2014-02-07,13.632464408874512
2014-02-10,13.674137115478516
2014-02-11,13.811071395874023
2014-02-12,13.828932762145996
2014-02-13,13.934613227844238
2014-02-14,13.976285934448242
2014-02-18,14.02987003326416
2014-02-19,13.927169799804688
2014-02-20,14.01498794555664
2014-02-21,13.989686012268066
2014-02-24,14.077499389648438
2014-02-25,14.089407920837402
2014-02-26,14.08642864227295
2014-02-27,14.172760009765625
2014-02-28,14.180200576782227
2014-03-03,14.076014518737793
2014-03-04,14.288854598999023
2014-03-05,14.291827201843262
2014-03-06,14.305228233337402
2014-03-07,14.268017768859863
2014-03-10,14.259087562561035
2014-03-11,14.20550537109375
2014-03-12,14.217412948608398
2014-03-13,14.022431373596191
2014-03-14,13.977773666381836
2014-03-17,14.098337173461914
2014-03-18,14.218900680541992
2014-03-19,14.110243797302246
2014-03-20,14.154898643493652
2014-03-21,14.056663513183594
2014-03-24,13.94056510925293
2014-03-25,13.974152565002441
2014-03-26,13.826362609863281
2014-03-27,13.802474975585938
2014-03-28,13.841290473937988
2014-03-31,13.95474624633789
2014-04-01,14.117463111877441
2014-04-02,14.156274795532227
2014-04-03,14.07865047454834
2014-04-04,13.838309288024902
2014-04-07,13.660662651062012
2014-04-08,13.748739242553711
2014-04-09,13.950267791748047
2014-04-10,13.594980239868164
2014-04-11,13.432265281677246
2014-04-14,13.541237831115723
2014-04-15,13.638269424438477
2014-04-16,13.809945106506348
2014-04-17,13.823378562927246
2014-04-21,13.902499198913574
2014-04-22,13.999529838562012
2014-04-23,13.92488956451416
2014-04-24,13.980123519897461
2014-04-25,13.7965087890625
2014-04-28,13.814421653747559
2014-04-29,13.915931701660156
2014-04-30,13.96072006225586
2014-05-01,14.015951156616211
2014-05-02,14.020429611206055
2014-05-05,14.072677612304688
2014-05-06,13.935340881347656
2014-05-07,13.947280883789062
2014-05-08,13.909960746765137
2014-05-09,13.965197563171387
2014-05-12,14.144331932067871
2014-05-13,14.127912521362305
2014-05-14,14.059245109558105
2014-05-15,13.941308975219727
2014-05-16,14.023414611816406
2014-05-19,14.105518341064453
2014-05-20,14.008489608764648
2014-05-21,14.130898475646973
2014-05-22,14.190608024597168
2014-05-23,14.272713661193848
2014-05-27,14.396618843078613
2014-05-28,14.356308937072754
2014-05-29,14.445877075195312
2014-05-30,14.459314346313477
2014-06-02,14.462298393249512
2014-06-03,14.45632553100586
2014-06-04,14.493644714355469
2014-06-05,14.599637031555176
2014-06-06,14.666816711425781
2014-06-09,14.680249214172363
2014-06-10,14.666816711425781
2014-06-11,14.651885986328125
2014-06-12,14.523499488830566
2014-06-13,14.554851531982422
2014-06-16,14.565303802490234
2014-06-17,14.593668937683105
2014-06-18,14.7056303024292
2014-06-19,14.707120895385742
2014-06-20,14.723536491394043
2014-06-23,14.719060897827148
2014-06-24,14.634482383728027
2014-06-25,14.745259284973145
2014-06-26,14.742263793945312
2014-06-27,14.794659614562988
2014-06-30,14.805142402648926
2014-07-01,14.929381370544434
2014-07-02,14.935376167297363
2014-07-03,15.014717102050781
2014-07-07,14.944353103637695
2014-07-08,14.809627532958984
2014-07-09,14.899450302124023
2014-07-10,14.815617561340332
2014-07-11,14.842561721801758
2014-07-14,14.936872482299805
2014-07-15,14.862022399902344
2014-07-16,14.866511344909668
2014-07-17,14.662923812866211
2014-07-18,14.85453987121582
2014-07-21,14.820104598999023
2014-07-22,14.905431747436523
2014-07-23,14.96082592010498
2014-07-24,14.959327697753906
2014-07-25,14.860525131225586
2014-07-28,14.871006965637207
2014-07-29,14.83208179473877
2014-07-30,14.876988410949707
2014-07-31,14.574602127075195
2014-08-01,14.526694297790527
2014-08-04,14.64046859741211
2014-08-05,14.520715713500977
2014-08-06,14.525203704833984
2014-08-07,14.451850891113281
2014-08-08,14.618014335632324
2014-08-11,14.68537712097168
2014-08-12,14.64196491241455
2014-08-13,14.754236221313477
2014-08-14,14.827589988708496
2014-08-15,14.862022399902344
2014-08-18,14.999744415283203
2014-08-19,15.09854507446289
2014-08-20,15.140461921691895
2014-08-21,15.153936386108398
2014-08-22,15.15543270111084
2014-08-25,15.219802856445312
2014-08-26,15.246745109558105
2014-08-27,15.233272552490234
2014-08-28,15.207825660705566
2014-08-29,15.245243072509766
2014-09-02,15.279683113098145
2014-09-03,15.225789070129395
2014-09-04,15.174891471862793
2014-09-05,15.263215065002441
2014-09-08,15.228779792785645
2014-09-09,15.118009567260742
2014-09-10,15.201834678649902
2014-09-11,15.201834678649902
2014-09-12,15.09854507446289
2014-09-15,15.016210556030273
2014-09-16,15.140461921691895
2014-09-17,15.162912368774414
2014-09-18,15.23477554321289
2014-09-19,15.194352149963379
2014-09-22,15.050644874572754
2014-09-23,14.995254516601562
2014-09-24,15.135499954223633
2014-09-25,14.869729042053223
2014-09-26,15.034896850585938
2014-09-29,15.001863479614258
2014-09-30,14.965826034545898
2014-10-01,14.752607345581055
2014-10-02,14.764616966247559
2014-10-03,14.923781394958496
2014-10-06,14.889250755310059
2014-10-07,14.66701889038086
2014-10-08,14.913269996643066
2014-10-09,14.632482528686523
2014-10-10,14.402750968933105
2014-10-13,14.129469871520996
2014-10-14,14.167006492614746
2014-10-15,14.12346076965332
2014-10-16,14.13997745513916
2014-10-17,14.318659782409668
2014-10-20,14.498846054077148
2014-10-21,14.817176818847656
2014-10-22,14.685035705566406
2014-10-23,14.908764839172363
2014-10-24,14.994348526000977
2014-10-27,14.979342460632324
2014-10-28,15.174537658691406
2014-10-29,15.126490592956543
2014-10-30,15.22859001159668
2014-10-31,15.414783477783203
2014-11-03,15.422292709350586
2014-11-04,15.353222846984863
2014-11-05,15.396766662597656
2014-11-06,15.480853080749512
2014-11-07,15.476350784301758
2014-11-10,15.522891998291016
2014-11-11,15.545416831970215
2014-11-12,15.563436508178711
2014-11-13,15.575447082519531
2014-11-14,15.59046459197998
2014-11-17,15.557426452636719
2014-11-18,15.674551010131836
2014-11-19,15.635510444641113
2014-11-20,15.66854476928711
2014-11-21,15.769145965576172
2014-11-24,15.859238624572754
2014-11-25,15.859238624572754
2014-11-26,15.904282569885254
2014-11-28,15.886269569396973
2014-12-01,15.697071075439453
2014-12-02,15.782660484313965
2014-12-03,15.850228309631348
2014-12-04,15.84122085571289
2014-12-05,15.845723152160645
2014-12-08,15.707588195800781
2014-12-09,15.736116409301758
2014-12-10,15.48986530303955
2014-12-11,15.551424980163574
2014-12-12,15.34871768951416
2014-12-15,15.239102363586426
2014-12-16,15.072430610656738
2014-12-17,15.398271560668945
2014-12-18,15.749626159667969
2014-12-19,15.826199531555176
2014-12-22,15.875347137451172
2014-12-23,15.860274314880371
2014-12-24,15.872332572937012
2014-12-26,15.941667556762695
2014-12-29,15.97332763671875
2014-12-30,15.870821952819824
2014-12-31,15.735161781311035
2015-01-02,15.71406364440918
2015-01-05,15.439727783203125
2015-01-06,15.293512344360352
2015-01-07,15.484946250915527
2015-01-08,15.757771492004395
2015-01-09,15.640196800231934
2015-01-12,15.501518249511719
2015-01-13,15.487959861755371
2015-01-14,15.412590980529785
2015-01-15,15.236225128173828
2015-01-16,15.42314624786377
2015-01-20,15.493990898132324
2015-01-21,15.575380325317383
2015-01-22,15.818066596984863
2015-01-23,15.790937423706055
2015-01-26,15.848206520080566
2015-01-27,15.656780242919922
2015-01-28,15.504539489746094
2015-01-29,15.647737503051758
2015-01-30,15.49549388885498
2015-02-02,15.641707420349121
2015-02-03,15.840669631958008
2015-02-04,15.78641128540039
2015-02-05,15.952216148376465
2015-02-06,15.866311073303223
2015-02-09,15.799972534179688
2015-02-10,15.995933532714844
2015-02-11,16.039644241333008
2015-02-12,16.197917938232422
2015-02-13,16.292879104614258
2015-02-17,16.312475204467773
2015-02-18,16.34864616394043
2015-02-19,16.372770309448242
2015-02-20,16.488834381103516
2015-02-23,16.497882843017578
2015-02-24,16.50541114807129
2015-02-25,16.525007247924805
2015-02-26,16.525007247924805
2015-02-27,16.463211059570312
2015-03-02,16.601884841918945
2015-03-03,16.538578033447266
2015-03-04,16.472257614135742
2015-03-05,16.493350982666016
2015-03-06,16.2702693939209
2015-03-09,16.323022842407227
2015-03-10,16.068281173706055
2015-03-11,16.007999420166016
2015-03-12,16.223535537719727
2015-03-13,16.118030548095703
2015-03-16,16.339601516723633
2015-03-17,16.332067489624023
2015-03-18,16.517473220825195
2015-03-19,16.50541114807129
2015-03-20,16.645599365234375
2015-03-23,16.58228874206543
2015-03-24,16.5084285736084
2015-03-25,16.2048397064209
2015-03-26,16.18215560913086
2015-03-27,16.219951629638672
2015-03-30,16.410457611083984
2015-03-31,15.816272735595703
2015-04-01,16.20029640197754
2015-04-02,16.26682472229004
2015-04-06,16.366609573364258
2015-04-07,16.327301025390625
2015-04-08,16.42255210876465
2015-04-09,16.48302459716797
2015-04-10,16.538963317871094
2015-04-13,16.464889526367188
2015-04-14,16.460346221923828
2015-04-15,16.52687644958496
2015-04-16,16.532920837402344
2015-04-17,16.31671714782715
2015-04-20,16.48000717163086
2015-04-21,16.513269424438477
2015-04-22,16.597929000854492
2015-04-23,16.637245178222656
2015-04-24,16.662946701049805
2015-04-27,16.588869094848633
2015-04-28,16.545015335083008
2015-04-29,16.460346221923828
2015-04-30,16.26078224182129
2015-05-01,16.458843231201172
2015-05-04,16.48302459716797
2015-05-05,16.253211975097656
2015-05-06,16.215408325195312
2015-05-07,16.30461883544922
2015-05-08,16.507217407226562
2015-05-11,16.431623458862305
2015-05-12,16.387784957885742
2015-05-13,16.371145248413086
2015-05-14,16.56467628479004
2015-05-15,16.594907760620117
2015-05-18,16.66144371032715
2015-05-19,16.640270233154297
2015-05-20,16.623641967773438
2015-05-21,16.679582595825195
2015-05-22,16.676555633544922
2015-05-26,16.498151779174805
2015-05-27,16.670509338378906
2015-05-28,16.626665115356445
2015-05-29,16.501171112060547
2015-06-01,16.558616638183594
2015-06-02,16.546531677246094
2015-06-03,16.605491638183594
2015-06-04,16.473960876464844
2015-06-05,16.458843231201172
2015-06-08,16.330326080322266
2015-06-09,16.30613136291504
2015-06-10,16.498151779174805
2015-06-11,16.534439086914062
2015-06-12,16.430110931396484
2015-06-15,16.353002548217773
2015-06-16,16.44068717956543
2015-06-17,16.48151397705078
2015-06-18,16.65690040588379
2015-06-19,16.572229385375977
2015-06-22,16.691394805908203
2015-06-23,16.708070755004883
2015-06-24,16.591333389282227
2015-06-25,16.545854568481445
2015-06-26,16.5216007232666
2015-06-29,16.151687622070312
2015-06-30,16.229007720947266
2015-07-01,16.348764419555664
2015-07-02,16.344228744506836
2015-07-06,16.304805755615234
2015-07-07,16.391223907470703
2015-07-08,16.104694366455078
2015-07-09,16.124399185180664
2015-07-10,16.35483169555664
2015-07-13,16.559497833251953
2015-07-14,16.651973724365234
2015-07-15,16.630752563476562
2015-07-16,16.779321670532227
2015-07-17,16.874832153320312
2015-07-20,16.92485809326172
2015-07-21,16.87786293029785
2015-07-22,16.80963897705078
2015-07-23,16.712615966796875
2015-07-24,16.556467056274414
2015-07-27,16.450349807739258
2015-07-28,16.665618896484375
2015-07-29,16.755064010620117
2015-07-30,16.77022361755371
2015-07-31,16.759607315063477
2015-08-03,16.702003479003906
2015-08-04,16.671689987182617
2015-08-05,16.727781295776367
2015-08-06,16.526138305664062
2015-08-07,16.506437301635742
2015-08-10,16.691394805908203
2015-08-11,16.545854568481445
2015-08-12,16.562536239624023
2015-08-13,16.55343246459961
2015-08-14,16.611045837402344
2015-08-17,16.736875534057617
2015-08-18,16.6883602142334
2015-08-19,16.580720901489258
2015-08-20,16.172910690307617
2015-08-21,15.63168716430664
2015-08-24,15.011634826660156
2015-08-25,14.8964262008667
2015-08-26,15.493733406066895
2015-08-27,15.86060619354248
2015-08-28,15.87576961517334
2015-08-31,15.70445442199707
2015-09-01,15.260271072387695
2015-09-02,15.577116012573242
2015-09-03,15.555890083312988
2015-09-04,15.360325813293457
2015-09-08,15.739337921142578
2015-09-09,15.53012466430664
2015-09-10,15.633207321166992
2015-09-11,15.725682258605957
2015-09-14,15.672618865966797
2015-09-15,15.851512908935547
2015-09-16,15.975831031799316
2015-09-17,15.972797393798828
2015-09-18,15.756007194519043
2015-09-21,15.80422306060791
2015-09-22,15.589749336242676
2015-09-23,15.566938400268555
2015-09-24,15.50304889678955
2015-09-25,15.434597969055176
2015-09-28,14.967617988586426
2015-09-29,14.928070068359375
2015-09-30,15.255108833312988
2015-10-01,15.318994522094727
2015-10-02,15.559326171875
2015-10-05,15.796619415283203
2015-10-06,15.693183898925781
2015-10-07,15.811830520629883
2015-10-08,15.941113471984863
2015-10-09,15.99588394165039
2015-10-12,16.029342651367188
2015-10-13,15.903094291687012
2015-10-14,15.837687492370605
2015-10-15,16.088672637939453
2015-10-16,16.144954681396484
2015-10-19,16.192108154296875
2015-10-20,16.14950942993164
2015-10-21,16.036962509155273
2015-10-22,16.286413192749023
2015-10-23,16.47654914855957
2015-10-26,16.473506927490234
2015-10-27,16.447649002075195
2015-10-28,16.61953353881836
2015-10-29,16.672773361206055
2015-10-30,16.62409782409668
2015-11-02,16.821840286254883
2015-11-03,16.855300903320312
2015-11-04,16.83096694946289
2015-11-05,16.792943954467773
2015-11-06,16.776212692260742
2015-11-09,16.616493225097656
2015-11-10,16.62713623046875
2015-11-11,16.56629753112793
2015-11-12,16.359426498413086
2015-11-13,16.117570877075195
2015-11-16,16.335086822509766
2015-11-17,16.34724998474121
2015-11-18,16.62562370300293
2015-11-19,16.614973068237305
2015-11-20,16.733613967895508
2015-11-23,16.715368270874023
2015-11-24,16.724489212036133
2015-11-25,16.756425857543945
2015-11-27,16.764041900634766
2015-11-30,16.6484375
2015-12-01,16.805110931396484
2015-12-02,16.649953842163086
2015-12-03,16.38528060913086
2015-12-04,16.703195571899414
2015-12-07,16.593669891357422
2015-12-08,16.560213088989258
2015-12-09,16.365507125854492
2015-12-10,16.411144256591797
2015-12-11,16.059768676757812
2015-12-14,16.14647674560547
2015-12-15,16.25751495361328
2015-12-16,16.49480628967285
2015-12-17,16.24332618713379
2015-12-18,15.954729080200195
2015-12-21,16.07688331604004
2015-12-22,16.200565338134766
2015-12-23,16.36241912841797
2015-12-24,16.342571258544922
2015-12-28,16.334938049316406
2015-12-29,16.519695281982422
2015-12-30,16.405176162719727
2015-12-31,16.244848251342773
2016-01-04,15.966947555541992
2016-01-05,15.970006942749023
2016-01-06,15.794411659240723
2016-01-07,15.388251304626465
2016-01-08,15.244718551635742
2016-01-11,15.259988784790039
2016-01-12,15.40046501159668
2016-01-13,14.940864562988281
2016-01-14,15.171422958374023
2016-01-15,14.86146354675293
2016-01-19,14.86298942565918
2016-01-20,14.751523971557617
2016-01-21,14.823288917541504
2016-01-22,15.179061889648438
2016-01-25,14.977505683898926
2016-01-26,15.131726264953613
2016-01-27,14.86298942565918
2016-01-28,14.942394256591797
2016-01-29,15.269149780273438
2016-02-01,15.30579948425293
2016-02-02,15.037055969238281
2016-02-03,15.073702812194824
2016-02-04,15.085916519165039
2016-02-05,14.635478973388672
2016-02-08,14.351472854614258
2016-02-09,14.357579231262207
2016-02-10,14.41102409362793
2016-02-11,14.284289360046387
2016-02-12,14.534703254699707
2016-02-16,14.817183494567871
2016-02-17,15.1118745803833
2016-02-18,14.986671447753906
2016-02-19,15.029425621032715
2016-02-22,15.24930191040039
2016-02-23,15.07522964477539
2016-02-24,15.169899940490723
2016-02-25,15.339381217956543
2016-02-26,15.33480453491211
2016-02-29,15.2080717086792
2016-03-01,15.629500389099121
2016-03-02,15.620335578918457
2016-03-03,15.670726776123047
2016-03-04,15.705845832824707
2016-03-07,15.673783302307129
2016-03-08,15.510398864746094
2016-03-09,15.56994915008545
2016-03-10,15.57758617401123
2016-03-11,15.857011795043945
2016-03-14,15.867704391479492
2016-03-15,15.84480094909668
2016-03-16,15.954729080200195
2016-03-17,16.032604217529297
2016-03-18,16.0982723236084
2016-03-21,16.125825881958008
2016-03-22,16.13960838317871
2016-03-23,16.033939361572266
2016-03-24,16.038532257080078
2016-03-28,16.050777435302734
2016-03-29,16.259078979492188
2016-03-30,16.321874618530273
2016-03-31,16.303491592407227
2016-04-01,16.438274383544922
2016-04-04,16.39691925048828
2016-04-05,16.246822357177734
2016-04-06,16.45511817932129
2016-04-07,16.26214027404785
2016-04-08,16.283578872680664
2016-04-11,16.213132858276367
2016-04-12,16.34637451171875
2016-04-13,16.508716583251953
2016-04-14,16.501070022583008
2016-04-15,16.479625701904297
2016-04-18,16.579179763793945
2016-04-19,16.56079864501953
2016-04-20,16.550073623657227
2016-04-21,16.508716583251953
2016-04-22,16.465843200683594
2016-04-25,16.44898796081543
2016-04-26,16.44746208190918
2016-04-27,16.399980545043945
2016-04-28,16.25295066833496
2016-04-29,16.174840927124023
2016-05-02,16.324939727783203
2016-05-03,16.200876235961914
2016-05-04,16.11817741394043
2016-05-05,16.11817741394043
2016-05-06,16.182504653930664
2016-05-09,16.257549285888672
2016-05-10,16.450525283813477
2016-05-11,16.256017684936523
2016-05-12,16.24529457092285
2016-05-13,16.133487701416016
2016-05-16,16.301956176757812
2016-05-17,16.133487701416016
2016-05-18,16.130428314208984
2016-05-19,16.053852081298828
2016-05-20,16.182504653930664
2016-05-23,16.167184829711914
2016-05-24,16.416828155517578
2016-05-25,16.491872787475586
2016-05-26,16.508716583251953
2016-05-27,16.58376693725586
2016-05-31,16.577638626098633
2016-06-01,16.59142303466797
2016-06-02,16.649621963500977
2016-06-03,16.60980796813965
2016-06-06,16.65422248840332
2016-06-07,16.666471481323242
2016-06-08,16.724672317504883
2016-06-09,16.7062931060791
2016-06-10,16.522502899169922
2016-06-13,16.410703659057617
2016-06-14,16.408092498779297
2016-06-15,16.39272689819336
2016-06-16,16.418842315673828
2016-06-17,16.312843322753906
2016-06-20,16.415771484375
2016-06-21,16.440349578857422
2016-06-22,16.405014038085938
2016-06-23,16.600114822387695
2016-06-24,16.007144927978516
2016-06-27,15.718342781066895
2016-06-28,16.02865219116211
2016-06-29,16.297489166259766
2016-06-30,16.46800422668457
2016-07-01,16.535598754882812
2016-07-05,16.455707550048828
2016-07-06,16.543272018432617
2016-07-07,16.57246208190918
2016-07-08,16.83054542541504
2016-07-11,16.893522262573242
2016-07-12,16.9887752532959
2016-07-13,16.94729995727539
2016-07-14,17.045616149902344
2016-07-15,17.013347625732422
2016-07-18,17.0886287689209
2016-07-19,17.056364059448242
2016-07-20,17.150074005126953
2016-07-21,17.0809383392334
2016-07-22,17.145465850830078
2016-07-25,17.133174896240234
2016-07-26,17.119348526000977
2016-07-27,17.159284591674805
2016-07-28,17.225343704223633
2016-07-29,17.256074905395508
2016-08-01,17.297550201416016
2016-08-02,17.163898468017578
2016-08-03,17.200777053833008
2016-08-04,17.22841453552246
2016-08-05,17.334421157836914
2016-08-08,17.292940139770508
2016-08-09,17.334421157836914
2016-08-10,17.302154541015625
2016-08-11,17.382038116455078
2016-08-12,17.374357223510742
2016-08-15,17.42965316772461
2016-08-16,17.323665618896484
2016-08-17,17.332881927490234
2016-08-18,17.36053466796875
2016-08-19,17.351316452026367
2016-08-22,17.357465744018555
2016-08-23,17.406618118286133
2016-08-24,17.279115676879883
2016-08-25,17.251466751098633
2016-08-26,17.24224853515625
2016-08-29,17.30368995666504
2016-08-30,17.239179611206055
2016-08-31,17.202306747436523
2016-09-01,17.236103057861328
2016-09-02,17.299081802368164
2016-09-06,17.378963470458984
2016-09-07,17.383575439453125
2016-09-08,17.289867401123047
2016-09-09,16.845903396606445
2016-09-12,17.113204956054688
2016-09-13,16.893709182739258
2016-09-14,16.95073890686035
2016-09-15,17.137252807617188
2016-09-16,17.077133178710938
2016-09-19,17.066343307495117
2016-09-20,17.092546463012695
2016-09-21,17.269811630249023
2016-09-22,17.413158416748047
2016-09-23,17.314510345458984
2016-09-26,17.178865432739258
2016-09-27,17.286760330200195
2016-09-28,17.342260360717773
2016-09-29,17.192747116088867
2016-09-30,17.308351516723633
2016-10-03,17.268266677856445
2016-10-04,17.194278717041016
2016-10-05,17.22048568725586
2016-10-06,17.23281478881836
2016-10-07,17.17270278930664
2016-10-10,17.248231887817383
2016-10-11,17.0231876373291
2016-10-12,17.050931930541992
2016-10-13,17.009313583374023
2016-10-14,16.99235725402832
2016-10-17,16.92608070373535
2016-10-18,17.050931930541992
2016-10-19,17.100255966186523
2016-10-20,17.087928771972656
2016-10-21,17.114131927490234
2016-10-24,17.22202491760254
2016-10-25,17.100255966186523
2016-10-26,16.99544334411621
2016-10-27,16.916833877563477
2016-10-28,16.870590209960938
2016-10-31,16.859798431396484
2016-11-01,16.725696563720703
2016-11-02,16.600845336914062
2016-11-03,16.509902954101562
2016-11-04,16.49757194519043
2016-11-07,16.862876892089844
2016-11-08,16.955360412597656
2016-11-09,17.032442092895508
2016-11-10,16.90912437438965
2016-11-11,16.882919311523438
2016-11-14,16.767316818237305
2016-11-15,16.910667419433594
2016-11-16,16.961532592773438
2016-11-17,17.07404899597168
2016-11-18,17.02626609802246
2016-11-21,17.17424201965332
2016-11-22,17.188114166259766
2016-11-23,17.188114166259766
2016-11-25,17.237443923950195
2016-11-28,17.15882682800293
2016-11-29,17.206607818603516
2016-11-30,17.06480598449707
2016-12-01,16.850553512573242
2016-12-02,16.88600730895996
2016-12-05,17.015480041503906
2016-12-06,17.060176849365234
2016-12-07,17.26673126220703
2016-12-08,17.31760025024414
2016-12-09,17.413158416748047
2016-12-12,17.36229705810547
2016-12-13,17.511812210083008
2016-12-14,17.3992919921875
2016-12-15,17.43474006652832
2016-12-16,17.388498306274414
2016-12-19,17.419326782226562
2016-12-20,17.491769790649414
2016-12-21,17.45323944091797
2016-12-22,17.397172927856445
2016-12-23,17.426597595214844
2016-12-27,17.485448837280273
2016-12-28,17.34762191772461
2016-12-29,17.355371475219727
2016-12-30,17.263992309570312
2017-01-03,17.38788604736328
2017-01-04,17.5334529876709
2017-01-05,17.569072723388672
2017-01-06,17.702253341674805
2017-01-09,17.696056365966797
2017-01-10,17.702253341674805
2017-01-11,17.70999526977539
2017-01-12,17.70380401611328
2017-01-13,17.751811981201172
2017-01-17,17.730131149291992
2017-01-18,17.79052734375
2017-01-19,17.7409725189209
2017-01-20,17.76884651184082
2017-01-23,17.75955581665039
2017-01-24,17.855566024780273
2017-01-25,18.01662254333496
2017-01-26,17.99803924560547
2017-01-27,17.97635269165039
2017-01-30,17.872596740722656
2017-01-31,17.872596740722656
2017-02-01,17.939191818237305
2017-02-02,17.96396827697754
2017-02-03,18.063085556030273
2017-02-06,18.04140281677246
2017-02-07,18.078571319580078
2017-02-08,18.135862350463867
2017-02-09,18.224136352539062
2017-02-10,18.28453254699707
2017-02-13,18.36506462097168
2017-02-14,18.43010139465332
2017-02-15,18.52921485900879
2017-02-16,18.492046356201172
2017-02-17,18.561735153198242
2017-02-21,18.660844802856445
2017-02-22,18.657751083374023
2017-02-23,18.626779556274414
2017-02-24,18.677888870239258
2017-02-27,18.719694137573242
2017-02-28,18.65620231628418
2017-03-01,18.886945724487305
2017-03-02,18.80022430419922
2017-03-03,18.815706253051758
2017-03-06,18.76460838317871
2017-03-07,18.715049743652344
2017-03-08,18.702653884887695
2017-03-09,18.711952209472656
2017-03-10,18.784740447998047
2017-03-13,18.829648971557617
2017-03-14,18.767702102661133
2017-03-15,18.928762435913086
2017-03-16,18.899335861206055
2017-03-17,18.886945724487305
2017-03-20,18.890047073364258
2017-03-21,18.674789428710938
2017-03-22,18.73672866821289
2017-03-23,18.702653884887695
2017-03-24,18.721145629882812
2017-03-27,18.721145629882812
2017-03-28,18.842321395874023
2017-03-29,18.902912139892578
2017-03-30,18.90601348876953
2017-03-31,18.899803161621094
2017-04-03,18.87959861755371
2017-04-04,18.873388290405273
2017-04-05,18.808141708374023
2017-04-06,18.860963821411133
2017-04-07,18.860963821411133
2017-04-10,18.87649917602539
2017-04-11,18.840768814086914
2017-04-12,18.778629302978516
2017-04-13,18.688526153564453
2017-04-17,18.856292724609375
2017-04-18,18.842321395874023
2017-04-19,18.846982955932617
2017-04-20,18.97903060913086
2017-04-21,18.944849014282227
2017-04-24,19.12660789489746
2017-04-25,19.261764526367188
2017-04-26,19.255552291870117
2017-04-27,19.328561782836914
2017-04-28,19.330121994018555
2017-05-01,19.417110443115234
2017-05-02,19.459060668945312
2017-05-03,19.38603973388672
2017-05-04,19.41400146484375
2017-05-05,19.49944496154785
2017-05-08,19.51032066345215
2017-05-09,19.53673553466797
2017-05-10,19.550708770751953
2017-05-11,19.532068252563477
2017-05-12,19.546052932739258
2017-05-15,19.637704849243164
2017-05-16,19.62993812561035
2017-05-17,19.28195571899414
2017-05-18,19.392257690429688
2017-05-19,19.50411033630371
2017-05-22,19.631494522094727
2017-05-23,19.636154174804688
2017-05-24,19.716936111450195
2017-05-25,19.859859466552734
2017-05-26,19.86918067932129
2017-05-30,19.866071701049805
2017-05-31,19.872283935546875
2017-06-01,20.021421432495117
2017-06-02,20.14415168762207
2017-06-05,20.12860870361328
2017-06-06,20.047828674316406
2017-06-07,20.100650787353516
2017-06-08,20.09132957458496
2017-06-09,19.86918067932129
2017-06-12,19.80703353881836
2017-06-13,19.93753433227539
2017-06-14,19.920446395874023
2017-06-15,19.86762809753418
2017-06-16,19.848981857299805
2017-06-19,20.06181526184082
2017-06-20,19.929759979248047
2017-06-21,20.002782821655273
2017-06-22,20.016765594482422
2017-06-23,20.058969497680664
2017-06-26,20.026262283325195
2017-06-27,19.80352020263672
2017-06-28,20.012239456176758
2017-06-29,19.76302719116211
2017-06-30,19.787948608398438
2017-07-03,19.730318069458008
2017-07-05,19.798851013183594
2017-07-06,19.61972427368164
2017-07-07,19.78639030456543
2017-07-10,19.847135543823242
2017-07-11,19.859590530395508
2017-07-12,20.05274200439453
2017-07-13,20.082332611083984
2017-07-14,20.20383071899414
2017-07-17,20.196043014526367
2017-07-18,20.259902954101562
2017-07-19,20.389184951782227
2017-07-20,20.38606834411621
2017-07-21,20.39853858947754
2017-07-24,20.434356689453125
2017-07-25,20.410993576049805
2017-07-26,20.463951110839844
2017-07-27,20.387632369995117
2017-07-28,20.354923248291016
2017-07-31,20.291057586669922
2017-08-01,20.334667205810547
2017-08-02,20.340896606445312
2017-08-03,20.281713485717773
2017-08-04,20.297285079956055
2017-08-07,20.373611450195312
2017-08-08,20.311304092407227
2017-08-09,20.305070877075195
2017-08-10,19.968629837036133
2017-08-11,20.054298400878906
2017-08-14,20.27704620361328
2017-08-15,20.27704620361328
2017-08-16,20.340896606445312
2017-08-17,20.012239456176758
2017-08-18,19.97486114501953
2017-08-21,20.004453659057617
2017-08-22,20.2349853515625
2017-08-23,20.158658981323242
2017-08-24,20.108814239501953
2017-08-25,20.121278762817383
2017-08-28,20.161773681640625
2017-08-29,20.20383071899414
2017-08-30,20.367374420166016
2017-08-31,20.529375076293945
2017-09-01,20.5527400970459
2017-09-05,20.44214630126953
2017-09-06,20.51380157470703
2017-09-07,20.579212188720703
2017-09-08,20.526254653930664
2017-09-11,20.706945419311523
2017-09-12,20.75522232055664
2017-09-13,20.741209030151367
2017-09-14,20.7022647857666
2017-09-15,20.69447898864746
2017-09-18,20.7022647857666
2017-09-19,20.69447898864746
2017-09-20,20.67734718322754
2017-09-21,20.596349716186523
2017-09-22,20.59181785583496
2017-09-25,20.46994400024414
2017-09-26,20.491817474365234
2017-09-27,20.607439041137695
2017-09-28,20.63400650024414
2017-09-29,20.741817474365234
2017-10-02,20.78713035583496
2017-10-03,20.821502685546875
2017-10-04,20.869935989379883
2017-10-05,21.005878448486328
2017-10-06,21.005878448486328
2017-10-09,20.988677978515625
2017-10-10,21.019941329956055
2017-10-11,21.09024429321289
2017-10-12,21.083995819091797
2017-10-13,21.119932174682617
2017-10-16,21.13868522644043
2017-10-17,21.140249252319336
2017-10-18,21.126182556152344
2017-10-19,21.091806411743164
2017-10-20,21.154308319091797
2017-10-23,21.02931022644043
2017-10-24,21.068368911743164
2017-10-25,20.99650764465332
2017-10-26,20.9840030670166
2017-10-27,21.282428741455078
2017-10-30,21.276180267333984
2017-10-31,21.3418025970459
2017-11-01,21.340240478515625
2017-11-02,21.287124633789062
2017-11-03,21.433990478515625
2017-11-06,21.488677978515625
2017-11-07,21.512117385864258
2017-11-08,21.590232849121094
2017-11-09,21.504304885864258
2017-11-10,21.51055145263672
2017-11-13,21.53866958618164
2017-11-14,21.491796493530273
2017-11-15,21.357431411743164
2017-11-16,21.576175689697266
2017-11-17,21.508991241455078
2017-11-20,21.532426834106445
2017-11-21,21.730857849121094
2017-11-22,21.71523666381836
2017-11-24,21.802738189697266
2017-11-27,21.78241539001465
2017-11-28,21.87773323059082
2017-11-29,21.673049926757812
2017-11-30,21.858983993530273
2017-12-01,21.79648208618164
2017-12-04,21.655864715576172
2017-12-05,21.629297256469727
2017-12-06,21.662109375
2017-12-07,21.763669967651367
2017-12-08,21.854291915893555
2017-12-11,21.93866539001465
2017-12-12,21.933990478515625
2017-12-13,21.969919204711914
2017-12-14,21.932418823242188
2017-12-15,22.11522674560547
2017-12-18,22.271472930908203
2017-12-19,22.176164627075195
2017-12-20,22.1308536529541
2017-12-21,22.142614364624023
2017-12-22,22.126928329467773
2017-12-26,22.097145080566406
2017-12-27,22.112825393676758
2017-12-28,22.15201759338379
2017-12-29,22.05011749267578
2018-01-02,22.300952911376953
2018-01-03,22.50946617126465
2018-01-04,22.570600509643555
2018-01-05,22.76030158996582
2018-01-08,22.833980560302734
2018-01-09,22.881010055541992
2018-01-10,22.819868087768555
2018-01-11,22.984481811523438
2018-01-12,23.117733001708984
2018-01-16,23.034643173217773
2018-01-17,23.265098571777344
2018-01-18,23.246292114257812
2018-01-19,23.3826847076416
2018-01-22,23.58022117614746
2018-01-23,23.708770751953125
2018-01-24,23.636655807495117
2018-01-25,23.613142013549805
2018-01-26,23.889066696166992
2018-01-29,23.710336685180664
2018-01-30,23.514371871948242
2018-01-31,23.55513572692871
2018-02-01,23.464204788208008
2018-02-02,22.990751266479492
2018-02-05,22.073631286621094
2018-02-06,22.57373046875
2018-02-07,22.396583557128906
2018-02-08,21.55000877380371
2018-02-09,21.855714797973633
2018-02-12,22.195913314819336
2018-02-13,22.258623123168945
2018-02-14,22.601953506469727
2018-02-15,22.93274688720703
2018-02-16,22.913930892944336
2018-02-20,22.82771110534668
2018-02-21,22.74618911743164
2018-02-22,22.771270751953125
2018-02-23,23.155363082885742
2018-02-26,23.403060913085938
2018-02-27,23.06913948059082
2018-02-28,22.86690330505371
2018-03-01,22.562761306762695
2018-03-02,22.710124969482422
2018-03-05,22.9641056060791
2018-03-06,23.0628662109375
2018-03-07,23.102060317993164
2018-03-08,23.24472427368164
2018-03-09,23.65547752380371
2018-03-12,23.689958572387695
2018-03-13,23.52377700805664
2018-03-14,23.456375122070312
2018-03-15,23.420312881469727
2018-03-16,23.40463638305664
2018-03-19,23.034643173217773
2018-03-20,23.13654899597168
2018-03-21,23.065998077392578
2018-03-22,22.482797622680664
2018-03-23,22.001890182495117
2018-03-26,22.602231979370117
2018-03-27,22.061616897583008
2018-03-28,21.939035415649414
2018-03-29,22.297351837158203
2018-04-02,21.75044822692871
2018-04-03,21.997180938720703
2018-04-04,22.258060455322266
2018-04-05,22.424646377563477
2018-04-06,21.909181594848633
2018-04-09,21.9830379486084
2018-04-10,22.377498626708984
2018-04-11,22.289491653442383
2018-04-12,22.443506240844727
2018-04-13,22.393218994140625
2018-04-16,22.555082321166992
2018-04-17,22.914974212646484
2018-04-18,22.962127685546875
2018-04-19,22.746816635131836
2018-04-20,22.49222755432129
2018-04-23,22.449790954589844
2018-04-24,22.025470733642578
2018-04-25,22.071048736572266
2018-04-26,22.452938079833984
2018-04-27,22.452938079833984
2018-04-30,22.358646392822266
2018-05-01,22.506366729736328
2018-05-02,22.423072814941406
2018-05-03,22.41836166381836
2018-05-04,22.75309944152832
2018-05-07,22.883546829223633
2018-05-08,22.896121978759766
2018-05-09,23.133420944213867
2018-05-10,23.3455810546875
2018-05-11,23.37230110168457
2018-05-14,23.35658836364746
2018-05-15,23.13970947265625
2018-05-16,23.24972152709961
2018-05-17,23.23715591430664
2018-05-18,23.216716766357422
2018-05-21,23.370723724365234
2018-05-22,23.2591495513916
2018-05-23,23.408447265625
2018-05-24,23.3958683013916
2018-05-25,23.361295700073242
2018-05-29,23.18528175354004
2018-05-30,23.447736740112305
2018-05-31,23.339292526245117
2018-06-01,23.61903953552246
2018-06-04,23.79033851623535
2018-06-05,23.85004997253418
2018-06-06,24.037073135375977
2018-06-07,23.933345794677734
2018-06-08,23.9962100982666
2018-06-11,24.049644470214844
2018-06-12,24.1580867767334
2018-06-13,24.073217391967773
2018-06-14,24.252370834350586
2018-06-15,24.23509407043457
2018-06-18,24.22251319885254
2018-06-19,24.088939666748047
2018-06-20,24.197376251220703
2018-06-21,24.00249481201172
2018-06-22,23.991310119628906
2018-06-25,23.529573440551758
2018-06-26,23.64461326599121
2018-06-27,23.375131607055664
2018-06-28,23.57527732849121
2018-06-29,23.60836410522461
2018-07-02,23.696619033813477
2018-07-03,23.53745460510254
2018-07-05,23.77068519592285
2018-07-06,24.032283782958984
2018-07-09,24.243450164794922
2018-07-10,24.297029495239258
2018-07-11,24.1804141998291
2018-07-12,24.453044891357422
2018-07-13,24.494014739990234
2018-07-16,24.419952392578125
2018-07-17,24.561779022216797
2018-07-18,24.569652557373047
2018-07-19,24.506624221801758
2018-07-20,24.471946716308594
2018-07-23,24.47510528564453
2018-07-24,24.557050704956055
2018-07-25,24.8612003326416
2018-07-26,24.607481002807617
2018-07-27,24.34745216369629
2018-07-30,24.06064224243164
2018-07-31,24.20090103149414
2018-08-01,24.26551628112793
2018-08-02,24.479835510253906
2018-08-03,24.530258178710938
2018-08-06,24.646881103515625
2018-08-07,24.731971740722656
2018-08-08,24.720943450927734
2018-08-09,24.717796325683594
2018-08-10,24.553897857666016
2018-08-13,24.503475189208984
2018-08-14,24.65633201599121
2018-08-15,24.416797637939453
2018-08-16,24.553897857666016
2018-08-17,24.58226776123047
2018-08-20,24.6326904296875
2018-08-21,24.711488723754883
2018-08-22,24.766643524169922
2018-08-23,24.739852905273438
2018-08-24,24.95102310180664
2018-08-27,25.14328384399414
2018-08-28,25.176374435424805
2018-08-29,25.396997451782227
2018-08-30,25.30559539794922
2018-08-31,25.330814361572266
2018-09-04,25.300870895385742
2018-09-05,25.081823348999023
2018-09-06,24.96835708618164
2018-09-07,24.91792869567871
2018-09-10,24.97150993347168
2018-09-11,25.119646072387695
2018-09-12,25.09442901611328
2018-09-13,25.269351959228516
2018-09-14,25.240983963012695
2018-09-17,24.96835708618164
2018-09-18,25.14328384399414
2018-09-19,25.136974334716797
2018-09-20,25.340269088745117
2018-09-21,25.261470794677734
2018-09-24,25.263044357299805
2018-09-25,25.333961486816406
2018-09-26,25.302448272705078
2018-09-27,25.447433471679688
2018-09-28,25.451696395874023
2018-10-01,25.511754989624023
2018-10-02,25.427988052368164
2018-10-03,25.43904685974121
2018-10-04,25.069225311279297
2018-10-05,24.854278564453125
2018-10-08,24.721521377563477
2018-10-09,24.73574447631836
2018-10-10,23.757444381713867
2018-10-11,23.352842330932617
2018-10-12,23.857013702392578
2018-10-15,23.65787124633789
2018-10-16,24.252124786376953
2018-10-17,24.225261688232422
2018-10-18,23.760604858398438
2018-10-19,23.67999839782715
2018-10-22,23.676837921142578
2018-10-23,23.55672836303711
2018-10-24,22.717504501342773
2018-10-25,23.251693725585938
2018-10-26,22.741207122802734
2018-10-29,22.40614891052246
2018-10-30,22.766498565673828
2018-10-31,23.144227981567383
2018-11-01,23.50457000732422
2018-11-02,23.246950149536133
2018-11-05,23.231143951416016
2018-11-06,23.397096633911133
2018-11-07,23.9976749420166
2018-11-08,23.915483474731445
2018-11-09,23.631006240844727
2018-11-12,23.017786026000977
2018-11-13,22.973539352416992
2018-11-14,22.83287239074707
2018-11-15,23.11893653869629
2018-11-16,23.09522819519043
2018-11-19,22.444076538085938
2018-11-20,22.077415466308594
2018-11-21,22.221237182617188
2018-11-23,22.05054473876953
2018-11-26,22.442506790161133
2018-11-27,22.48200798034668
2018-11-28,23.148967742919922
2018-11-29,23.125263214111328
2018-11-30,23.27698516845703
2018-12-03,23.684738159179688
2018-12-04,22.836034774780273
2018-12-06,22.886613845825195
2018-12-07,22.271808624267578
2018-12-10,22.388769149780273
2018-12-11,22.409311294555664
2018-12-12,22.581586837768555
2018-12-13,22.54523277282715
2018-12-14,22.091638565063477
2018-12-17,21.590633392333984
2018-12-18,21.680721282958984
2018-12-19,21.266639709472656
2018-12-20,20.87784194946289
2018-12-21,20.32310676574707
2018-12-24,19.813213348388672
2018-12-26,20.957420349121094
2018-12-27,21.136741638183594
2018-12-28,21.11452293395996
2018-12-31,21.317649841308594
2019-01-02,21.311302185058594
2019-01-03,20.65907096862793
2019-01-04,21.481117248535156
2019-01-07,21.70012092590332
2019-01-08,21.965137481689453
2019-01-09,22.13652992248535
2019-01-10,22.24285888671875
2019-01-11,22.18730926513672
2019-01-14,22.02385139465332
2019-01-15,22.341243743896484
2019-01-16,22.360286712646484
2019-01-17,22.545963287353516
2019-01-18,22.82685661315918
2019-01-22,22.46343994140625
2019-01-23,22.471378326416016
2019-01-24,22.544376373291016
2019-01-25,22.812578201293945
2019-01-28,22.59674644470215
2019-01-29,22.48883819580078
2019-01-30,22.991899490356445
2019-01-31,23.27914810180664
2019-02-01,23.258516311645508
2019-02-04,23.487035751342773
2019-02-05,23.664777755737305
2019-02-06,23.58224868774414
2019-02-07,23.348966598510742
2019-02-08,23.41086196899414
2019-02-11,23.428321838378906
2019-02-12,23.73301124572754
2019-02-13,23.80760383605957
2019-02-14,23.81235694885254
2019-02-15,23.988513946533203
2019-02-19,24.012313842773438
2019-02-20,24.026599884033203
2019-02-21,23.920276641845703
2019-02-22,24.118642807006836
2019-02-25,24.15831756591797
2019-02-26,24.148801803588867
2019-02-27,24.18053436279297
2019-02-28,24.1376895904541
2019-03-01,24.3503360748291
2019-03-04,24.263057708740234
2019-03-05,24.236082077026367
2019-03-06,24.091665267944336
2019-03-07,23.858388900756836
2019-03-08,23.80760383605957
2019-03-11,24.213863372802734
2019-03-12,24.2979736328125
2019-03-13,24.4566650390625
2019-03-14,24.453495025634766
2019-03-15,24.60743522644043
2019-03-18,24.65027618408203
2019-03-19,24.699472427368164
2019-03-20,24.75501823425293
2019-03-21,25.116840362548828
2019-03-22,24.574100494384766
2019-03-25,24.567752838134766
2019-03-26,24.712169647216797
2019-03-27,24.582042694091797
2019-03-28,24.70489501953125
2019-03-29,24.892677307128906
2019-04-01,25.172765731811523
2019-04-02,25.25392723083496
2019-04-03,25.343042373657227
2019-04-04,25.347814559936523
2019-04-05,25.47353744506836
2019-04-08,25.499000549316406
2019-04-09,25.392375946044922
2019-04-10,25.51173210144043
2019-04-11,25.49740982055664
2019-04-12,25.688386917114258
2019-04-15,25.68042755126953
2019-04-16,25.654964447021484
2019-04-17,25.58016014099121
2019-04-18,25.654964447021484
2019-04-22,25.723390579223633
2019-04-23,26.000288009643555
2019-04-24,25.950960159301758
2019-04-25,26.00825309753418
2019-04-26,26.12442398071289
2019-04-29,26.141921997070312
2019-04-30,26.063949584960938
2019-05-01,25.871389389038086
2019-05-02,25.831605911254883
2019-05-03,26.11805534362793
2019-05-06,26.009838104248047
2019-05-07,25.52605438232422
2019-05-08,25.52764892578125
2019-05-09,25.44967269897461
2019-05-10,25.519691467285156
2019-05-13,24.78923797607422
2019-05-14,25.043861389160156
2019-05-15,25.30325698852539
2019-05-16,25.565839767456055
2019-05-17,25.357372283935547
2019-05-20,25.064552307128906
2019-05-21,25.311220169067383
2019-05-22,25.258703231811523
2019-05-23,24.911771774291992
2019-05-24,24.927690505981445
2019-05-28,24.8115177154541
2019-05-29,24.62531852722168
2019-05-30,24.74786376953125
2019-05-31,24.412071228027344
2019-06-03,24.044462203979492
2019-06-04,24.618959426879883
2019-06-05,24.873580932617188
2019-06-06,25.066144943237305
2019-06-07,25.43852996826172
2019-06-10,25.592893600463867
2019-06-11,25.576982498168945
2019-06-12,25.522869110107422
2019-06-13,25.654964447021484
2019-06-14,25.586530685424805
2019-06-17,25.686786651611328
2019-06-18,25.96369171142578
2019-06-19,26.065540313720703
2019-06-20,26.318574905395508
2019-06-21,26.26128387451172
2019-06-24,26.186487197875977
2019-06-25,25.796594619750977
2019-06-26,25.825241088867188
2019-06-27,25.950164794921875
2019-06-28,26.06822395324707
2019-07-01,26.336267471313477
2019-07-02,26.446352005004883
2019-07-03,26.650571823120117
2019-07-05,26.610687255859375
2019-07-08,26.45592498779297
2019-07-09,26.58675193786621
2019-07-10,26.770227432250977
2019-07-11,26.826072692871094
2019-07-12,26.956899642944336
2019-07-15,26.988813400268555
2019-07-16,26.8675594329834
2019-07-17,26.739913940429688
2019-07-18,26.802139282226562
2019-07-19,26.623445510864258
2019-07-22,26.770227432250977
2019-07-23,26.92658233642578
2019-07-24,27.098894119262695
2019-07-25,26.93297576904297
2019-07-26,27.164310455322266
2019-07-29,27.066986083984375
2019-07-30,26.98561668395996
2019-07-31,26.666526794433594
2019-08-01,26.514951705932617
2019-08-02,26.2533016204834
2019-08-05,25.371013641357422
2019-08-06,25.757118225097656
2019-08-07,25.87837028503418
2019-08-08,26.462308883666992
2019-08-09,26.258087158203125
2019-08-12,25.927825927734375
2019-08-13,26.388916015625
2019-08-14,25.59756088256836
2019-08-15,25.729984283447266
2019-08-16,26.101734161376953
2019-08-19,26.43677520751953
2019-08-20,26.307544708251953
2019-08-21,26.573989868164062
2019-08-22,26.54048728942871
2019-08-23,25.816139221191406
2019-08-26,26.125667572021484
2019-08-27,26.06662940979004
2019-08-28,26.195863723754883
2019-08-29,26.589946746826172
2019-08-30,26.51335906982422
2019-09-03,26.30276107788086
2019-09-04,26.618661880493164
2019-09-05,27.022314071655273
2019-09-06,27.001571655273438
2019-09-09,26.81330680847168
2019-09-10,26.666526794433594
2019-09-11,26.842021942138672
2019-09-12,26.992000579833984
2019-09-13,26.90265464782715
2019-09-16,26.834686279296875
2019-09-17,26.996206283569336
2019-09-18,27.012197494506836
2019-09-19,27.037776947021484
2019-09-20,26.80270767211914
2019-09-23,26.817106246948242
2019-09-24,26.538854598999023
2019-09-25,26.756338119506836
2019-09-26,26.72115135192871
2019-09-27,26.41892433166504
2019-09-30,26.590028762817383
2019-10-01,26.3261775970459
2019-10-02,25.88001823425293
2019-10-03,26.167858123779297
2019-10-04,26.545257568359375
2019-10-07,26.44610595703125
2019-10-08,26.043134689331055
2019-10-09,26.330968856811523
2019-10-10,26.484487533569336
2019-10-11,26.765933990478516
2019-10-14,26.759532928466797
2019-10-15,27.034576416015625
2019-10-16,26.953027725219727
2019-10-17,27.01059913635254
2019-10-18,26.80270767211914
2019-10-21,26.993005752563477
2019-10-22,26.685977935791016
2019-10-23,26.76112937927246
2019-10-24,26.988208770751953
2019-10-25,27.109739303588867
2019-10-28,27.300029754638672
2019-10-29,27.17530059814453
2019-10-30,27.327220916748047
2019-10-31,27.279245376586914
2019-11-01,27.507915496826172
2019-11-04,27.539901733398438
2019-11-05,27.45674705505371
2019-11-06,27.419967651367188
2019-11-07,27.501523971557617
2019-11-08,27.5574893951416
2019-11-11,27.565481185913086
2019-11-12,27.648643493652344
2019-11-13,27.7174015045166
2019-11-14,27.821348190307617
2019-11-15,28.021236419677734
2019-11-18,28.056413650512695
2019-11-19,28.109182357788086
2019-11-20,28.021236419677734
2019-11-21,27.90129280090332
2019-11-22,27.91408920288086
2019-11-25,28.19074249267578
2019-11-26,28.28828239440918
2019-11-27,28.478580474853516
2019-11-29,28.368242263793945
2019-12-02,28.022836685180664
2019-12-03,27.877315521240234
2019-12-04,28.014835357666016
2019-12-05,28.053218841552734
2019-12-06,28.320266723632812
2019-12-09,28.219524383544922
2019-12-10,28.179550170898438
2019-12-11,28.275487899780273
2019-12-12,28.414615631103516
2019-12-13,28.516958236694336
2019-12-16,28.747228622436523
2019-12-17,28.712051391601562
2019-12-18,28.742433547973633
2019-12-19,28.93273162841797
2019-12-20,29.075048446655273
2019-12-23,29.110231399536133
2019-12-24,29.12434196472168
2019-12-26,29.368087768554688
2019-12-27,29.35846710205078
2019-12-30,29.15320587158203
2019-12-31,29.212543487548828
2020-01-02,29.632678985595703
2020-01-03,29.42902374267578
2020-01-06,29.618244171142578
2020-01-07,29.608619689941406
2020-01-08,29.841142654418945
2020-01-09,30.107341766357422
2020-01-10,30.043193817138672
2020-01-13,30.36391258239746
2020-01-14,30.229211807250977
2020-01-15,30.317407608032227
2020-01-16,30.62369728088379
2020-01-17,30.77443504333496
2020-01-21,30.788860321044922
2020-01-22,30.80650520324707
2020-01-23,30.886680603027344
2020-01-24,30.620487213134766
2020-01-27,30.070453643798828
2020-01-28,30.498613357543945
2020-01-29,30.564363479614258
2020-01-30,30.64133071899414
2020-01-31,30.126585006713867
2020-02-03,30.52267074584961
2020-02-04,31.125621795654297
2020-02-05,31.186559677124023
2020-02-06,31.40143585205078
2020-02-07,31.261917114257812
2020-02-10,31.640363693237305
2020-02-11,31.638763427734375
2020-02-12,31.90336036682129
2020-02-13,31.932220458984375
2020-02-14,32.084571838378906
2020-02-18,32.10060501098633
2020-02-19,32.328311920166016
2020-02-20,32.12785339355469
2020-02-21,31.593860626220703
2020-02-24,30.450510025024414
2020-02-25,29.592588424682617
2020-02-26,29.5861759185791
2020-02-27,28.165393829345703
2020-02-28,28.178224563598633
2020-03-02,29.51721954345703
2020-03-03,28.672128677368164
2020-03-04,29.841142654418945
2020-03-05,28.843706130981445
2020-03-06,28.29849624633789
2020-03-09,26.20901870727539
2020-03-10,27.674701690673828
2020-03-11,26.359756469726562
2020-03-12,23.959190368652344
2020-03-13,26.08394432067871
2020-03-16,22.793380737304688
2020-03-17,24.114730834960938
2020-03-18,23.061174392700195
2020-03-19,23.30813217163086
2020-03-20,22.38767433166504
2020-03-23,22.05413055419922
2020-03-24,24.026540756225586
2020-03-25,24.236608505249023
2020-03-26,25.540233612060547
2020-03-27,24.725069046020508
2020-03-30,25.551485061645508
2020-03-31,25.192943572998047
2020-04-01,24.059429168701172
2020-04-02,24.49353790283203
2020-04-03,24.181617736816406
2020-04-06,25.972734451293945
2020-04-07,25.91002655029297
2020-04-08,26.69625473022461
2020-04-09,26.969581604003906
2020-04-13,26.955114364624023
2020-04-14,27.972864151000977
2020-04-15,27.54035758972168
2020-04-16,27.836200714111328
2020-04-17,28.357133865356445
2020-04-20,27.932668685913086
2020-04-21,26.987268447875977
2020-04-22,27.81529426574707
2020-04-23,27.767059326171875
2020-04-24,28.183486938476562
2020-04-27,28.466463088989258
2020-04-28,28.099878311157227
2020-04-29,29.011510848999023
2020-04-30,28.992223739624023
2020-05-01,28.231721878051758
2020-05-04,28.514698028564453
2020-05-05,28.866809844970703
2020-05-06,28.931119918823242
2020-05-07,29.387741088867188
2020-05-08,29.75432777404785
2020-05-11,29.95370101928711
2020-05-12,29.341115951538086
2020-05-13,28.940771102905273
2020-05-14,29.193199157714844
2020-05-15,29.447237014770508
2020-05-18,30.11769676208496
2020-05-19,29.985855102539062
2020-05-20,30.55663299560547
2020-05-21,30.3138427734375
2020-05-22,30.44729995727539
2020-05-26,30.519651412963867
2020-05-27,30.725454330444336
2020-05-28,30.786548614501953
2020-05-29,31.038972854614258
2020-06-01,31.25120735168457
2020-06-02,31.466646194458008
2020-06-03,31.739978790283203
2020-06-04,31.41842269897461
2020-06-05,32.124263763427734
2020-06-08,32.39436721801758
2020-06-09,32.453861236572266
2020-06-10,32.6709098815918
2020-06-11,30.94411277770996
2020-06-12,31.26889991760254
2020-06-15,31.6081485748291
2020-06-16,32.21751403808594
2020-06-17,32.244842529296875
2020-06-18,32.31398010253906
2020-06-19,32.19660186767578
2020-06-22,32.59534454345703
2020-06-23,32.801151275634766
2020-06-24,32.01814270019531
2020-06-25,32.37727355957031
2020-06-26,31.54911231994629
2020-06-29,31.964805603027344
2020-06-30,32.56095504760742
2020-07-01,32.93475341796875
2020-07-02,33.07331466674805
2020-07-06,33.812870025634766
2020-07-07,33.532508850097656
2020-07-08,33.9498176574707
2020-07-09,34.09805679321289
2020-07-10,34.2414436340332
2020-07-13,33.54218292236328
2020-07-14,33.954647064208984
2020-07-15,34.152835845947266
2020-07-16,33.88859176635742
2020-07-17,34.01588439941406
2020-07-20,34.81987380981445
2020-07-21,34.60558319091797
2020-07-22,34.78282165527344
2020-07-23,34.028770446777344
2020-07-24,33.89019775390625
2020-07-27,34.36067581176758
2020-07-28,33.98686981201172
2020-07-29,34.465415954589844
2020-07-30,34.494415283203125
2020-07-31,35.022891998291016
2020-08-03,35.409584045410156
2020-08-04,35.512699127197266
2020-08-05,35.71247863769531
2020-08-06,36.120121002197266
2020-08-07,35.79465103149414
2020-08-10,35.688316345214844
2020-08-11,35.15984344482422
2020-08-12,35.84621047973633
2020-08-13,36.00089645385742
2020-08-14,35.93644332885742
2020-08-17,36.300575256347656
2020-08-18,36.576087951660156
2020-08-19,36.38274383544922
2020-08-20,36.769439697265625
2020-08-21,36.970848083496094
2020-08-24,37.18512725830078
2020-08-25,37.455806732177734
2020-08-26,38.23402786254883
2020-08-27,38.15668869018555
2020-08-28,38.4032096862793
2020-08-31,38.557884216308594
2020-09-01,39.1475830078125
2020-09-02,39.552001953125
2020-09-03,37.691043853759766
2020-09-04,37.0916748046875
2020-09-08,35.70603561401367
2020-09-09,36.69209671020508
2020-09-10,35.99928283691406
2020-09-11,35.86393356323242
2020-09-14,36.43592071533203
2020-09-15,36.866111755371094
2020-09-16,36.439144134521484
2020-09-17,35.95577621459961
2020-09-18,35.51753616333008
2020-09-21,35.511085510253906
2020-09-22,36.09434509277344
2020-09-23,35.09054946899414
2020-09-24,35.188846588134766
2020-09-25,35.94688415527344
2020-09-28,36.5828742980957
2020-09-29,36.50700759887695
2020-09-30,36.74107360839844
2020-10-01,37.23017883300781
2020-10-02,36.52960205078125
2020-10-05,37.22209930419922
2020-10-06,36.600643157958984
2020-10-07,37.21725845336914
2020-10-08,37.44164276123047
2020-10-09,38.00337600708008
2020-10-12,38.85568618774414
2020-10-13,38.8072624206543
2020-10-14,38.49248504638672
2020-10-15,38.31331253051758
2020-10-16,38.14542007446289
2020-10-19,37.56916046142578
2020-10-20,37.70960235595703
2020-10-21,37.66278076171875
2020-10-22,37.633731842041016
2020-10-23,37.8177490234375
2020-10-26,37.17529296875
2020-10-27,37.39482879638672
2020-10-28,35.942039489746094
2020-10-29,36.40208053588867
2020-10-30,35.63694763183594
2020-11-02,35.76124572753906
2020-11-03,36.408546447753906
2020-11-04,37.888763427734375
2020-11-05,38.7572135925293
2020-11-06,38.847625732421875
2020-11-09,38.250362396240234
2020-11-10,37.667625427246094
2020-11-11,38.376258850097656
2020-11-12,38.151885986328125
2020-11-13,38.44889831542969
2020-11-16,38.734615325927734
2020-11-17,38.652305603027344
2020-11-18,38.30039596557617
2020-11-19,38.60062789916992
2020-11-20,38.31492614746094
2020-11-23,38.36981201171875
2020-11-24,38.8072624206543
2020-11-25,39.02678680419922
2020-11-27,39.291526794433594
2020-11-30,39.333492279052734
2020-12-01,39.75965118408203
2020-12-02,39.65471649169922
2020-12-03,39.633731842041016
2020-12-04,39.871028900146484
2020-12-07,40.025997161865234
2020-12-08,40.109928131103516
2020-12-09,39.391597747802734
2020-12-10,39.53203582763672
2020-12-11,39.485233306884766
2020-12-14,39.59015655517578
2020-12-15,40.07441711425781
2020-12-16,40.277801513671875
2020-12-17,40.62324523925781
2020-12-18,40.6103401184082
2020-12-21,40.54416275024414
2020-12-22,40.71363830566406
2020-12-23,40.44890594482422
2020-12-24,40.63180923461914
2020-12-28,40.98920822143555
2020-12-29,40.90188217163086
2020-12-30,40.89380645751953
2020-12-31,40.96980285644531
2021-01-04,40.37467956542969
2021-01-05,40.63667678833008
2021-01-06,40.19192886352539
2021-01-07,41.12019729614258
2021-01-08,41.560081481933594
2021-01-11,41.00053405761719
2021-01-12,40.921287536621094
2021-01-13,41.0765380859375
2021-01-14,40.67708969116211
2021-01-15,40.44745635986328
2021-01-19,40.89704132080078
2021-01-20,41.85602569580078
2021-01-21,42.05656051635742
2021-01-22,42.0209846496582
2021-01-25,42.291046142578125
2021-01-26,42.22311782836914
2021-01-27,41.14284896850586
2021-01-28,41.39188766479492
2021-01-29,40.55418395996094
2021-02-01,41.52773666381836
2021-02-02,42.27001953125
2021-02-03,42.164920806884766
2021-02-04,42.66138458251953
2021-02-05,42.85544204711914
2021-02-08,43.0980224609375
2021-02-09,43.086700439453125
2021-02-10,43.02363204956055
2021-02-11,43.25812530517578
2021-02-12,43.486148834228516
2021-02-16,43.309879302978516
2021-02-17,43.15300369262695
2021-02-18,43.00421905517578
2021-02-19,42.81825637817383
2021-02-22,41.860877990722656
2021-02-23,41.7929573059082
2021-02-24,42.0678825378418
2021-02-25,40.75310516357422
2021-02-26,40.89704132080078
2021-03-01,42.00318145751953
2021-03-02,41.433937072753906
2021-03-03,40.297054290771484
2021-03-04,39.60812759399414
2021-03-05,40.14503479003906
2021-03-08,39.321903228759766
2021-03-09,40.60916519165039
2021-03-10,40.602699279785156
2021-03-11,41.51641845703125
2021-03-12,41.2592887878418
2021-03-15,41.65388488769531
2021-03-16,41.78001403808594
2021-03-17,41.85602569580078
2021-03-18,40.7563362121582
2021-03-19,40.82264709472656
2021-03-22,41.42261505126953
2021-03-23,41.252811431884766
2021-03-24,40.688419342041016
2021-03-25,40.69831085205078
2021-03-26,41.304039001464844
2021-03-29,41.26029968261719
2021-03-30,41.059471130371094
2021-03-31,41.63121795654297
2021-04-01,42.33412551879883
2021-04-05,43.07917022705078
2021-04-06,43.13261795043945
2021-04-07,43.2638053894043
2021-04-08,43.75294494628906
2021-04-09,44.07686233520508
2021-04-12,44.07686233520508
2021-04-13,44.54008865356445
2021-04-14,44.068756103515625
2021-04-15,44.76520919799805
2021-04-16,44.77816390991211
2021-04-19,44.404022216796875
2021-04-20,44.101165771484375
2021-04-21,44.45261001586914
2021-04-22,44.05743408203125
2021-04-23,44.72147750854492
2021-04-26,44.9368896484375
2021-04-27,44.84295654296875
2021-04-28,44.7425422668457
2021-04-29,44.8575325012207
2021-04-30,44.509307861328125
2021-05-03,44.253414154052734
2021-05-04,43.589351654052734
2021-05-05,43.35935592651367
2021-05-06,43.53913879394531
2021-05-07,43.905189514160156
2021-05-10,42.983612060546875
2021-05-11,42.85888671875
2021-05-12,41.736488342285156
2021-05-13,42.049072265625
2021-05-14,42.9123420715332
2021-05-17,42.66130065917969
2021-05-18,42.39244842529297
2021-05-19,42.407020568847656
2021-05-20,43.14881896972656
2021-05-21,42.94797134399414
2021-05-24,43.65251541137695
2021-05-25,43.73512268066406
2021-05-26,43.833919525146484
2021-05-27,43.75617599487305
2021-05-28,43.872779846191406
2021-06-01,43.720542907714844
2021-06-02,43.769126892089844
2021-06-03,43.360984802246094
2021-06-04,43.948909759521484
2021-06-07,44.031517028808594
2021-06-08,44.08171844482422
2021-06-09,44.0914421081543
2021-06-10,44.509307861328125
2021-06-11,44.67451858520508
2021-06-14,45.061614990234375
2021-06-15,44.8040771484375
2021-06-16,44.63564682006836
2021-06-17,45.19602584838867
2021-06-18,44.87371826171875
2021-06-21,45.255950927734375
2021-06-22,45.7272834777832
2021-06-23,45.761295318603516
2021-06-24,45.99872589111328
2021-06-25,46.07656478881836
2021-06-28,46.4495735168457
2021-06-29,46.582557678222656
2021-06-30,46.514442443847656
2021-07-01,46.598777770996094
2021-07-02,47.114505767822266
2021-07-06,47.40967559814453
2021-07-07,47.50049591064453
2021-07-08,47.159915924072266
2021-07-09,47.52806091308594
2021-07-12,47.63185501098633
2021-07-13,47.55238342285156
2021-07-14,47.614009857177734
2021-07-15,47.35452651977539
2021-07-16,47.04153060913086
2021-07-19,46.46255111694336
2021-07-20,47.19235610961914
2021-07-21,47.51346206665039
2021-07-22,47.85566329956055
2021-07-23,48.58546447753906
2021-07-26,48.6308708190918
2021-07-27,48.17515563964844
2021-07-28,48.295166015625
2021-07-29,48.340579986572266
2021-07-30,47.9951286315918
2021-08-02,47.90269088745117
2021-08-03,48.1702880859375
2021-08-04,48.202728271484375
2021-08-05,48.60817337036133
2021-08-06,48.43464279174805
2021-08-09,48.46058654785156
2021-08-10,48.183258056640625
2021-08-11,48.09730911254883
2021-08-12,48.36003875732422
2021-08-13,48.49626541137695
2021-08-16,48.567623138427734
2021-08-17,48.1702880859375
2021-08-18,47.72591781616211
2021-08-19,47.9140510559082
2021-08-20,48.41355514526367
2021-08-23,49.018489837646484
2021-08-24,49.10606002807617
2021-08-25,49.17255783081055
2021-08-26,48.888736724853516
2021-08-27,49.346092224121094
2021-08-30,49.840728759765625
2021-08-31,49.758018493652344
2021-09-01,49.905601501464844
2021-09-02,49.87964630126953
2021-09-03,50.058048248291016
2021-09-07,50.109947204589844
2021-09-08,49.97857666015625
2021-09-09,49.82775115966797
2021-09-10,49.4141960144043
2021-09-13,49.302303314208984
2021-09-14,49.24066925048828
2021-09-15,49.587730407714844
2021-09-16,49.66070556640625
2021-09-17,49.10606002807617
2021-09-20,48.21406936645508
2021-09-21,48.30489730834961
2021-09-22,48.799537658691406
2021-09-23,49.2877082824707
2021-09-24,49.34728240966797
2021-09-27,48.9202995300293
2021-09-28,47.460792541503906
2021-09-29,47.408843994140625
2021-09-30,47.10850524902344
2021-10-01,47.605281829833984
2021-10-04,46.59386444091797
2021-10-05,47.19941711425781
2021-10-06,47.50950241088867
2021-10-07,47.967323303222656
2021-10-08,47.77899932861328
2021-10-11,47.44618606567383
2021-10-12,47.41696548461914
2021-10-13,47.7806282043457
2021-10-14,48.60209655761719
2021-10-15,48.97550582885742
2021-10-18,49.45117950439453
2021-10-19,49.80672836303711
2021-10-20,49.69633483886719
2021-10-21,50.085960388183594
2021-10-22,49.749908447265625
2021-10-25,50.15253448486328
2021-10-26,50.22883605957031
2021-10-27,50.26454544067383
2021-10-28,50.7726936340332
2021-10-29,51.00160598754883
2021-11-01,51.025962829589844
2021-11-02,51.176944732666016
2021-11-03,51.52274703979492
2021-11-04,52.108821868896484
2021-11-05,52.191619873046875
2021-11-08,52.27765655517578
2021-11-09,52.01466369628906
2021-11-10,51.199676513671875
2021-11-11,51.27109909057617
2021-11-12,51.915626525878906
2021-11-15,51.8896484375
2021-11-16,52.37507629394531
2021-11-17,52.28091049194336
2021-11-18,52.691650390625
2021-11-19,52.871849060058594
2021-11-22,52.16889953613281
2021-11-23,51.873416900634766
2021-11-24,52.20460510253906
2021-11-26,51.141231536865234
2021-11-29,52.09745407104492
2021-11-30,51.365272521972656
2021-12-01,50.26778793334961
2021-12-02,50.855491638183594
2021-12-03,49.95771026611328
2021-12-06,50.512943267822266
2021-12-07,51.99030685424805
2021-12-08,52.38481140136719
2021-12-09,51.6948356628418
2021-12-10,52.16725540161133
2021-12-13,51.45943069458008
2021-12-14,50.78893280029297
2021-12-15,51.782508850097656
2021-12-16,50.61359786987305
2021-12-17,50.456119537353516
2021-12-20,49.84731674194336
2021-12-21,51.058433532714844
2021-12-22,51.634765625
2021-12-23,52.04225540161133
2021-12-27,52.85502624511719
2021-12-28,52.619266510009766
2021-12-29,52.638790130615234
2021-12-30,52.4306755065918
2021-12-31,52.17378616333008
2022-01-03,52.52984619140625
2022-01-04,51.89577102661133
2022-01-05,50.11382293701172
2022-01-06,50.0048942565918
2022-01-07,49.460235595703125
2022-01-10,49.359432220458984
2022-01-11,49.99839401245117
2022-01-12,50.177242279052734
2022-01-13,48.853790283203125
2022-01-14,48.961090087890625
2022-01-18,47.79372024536133
2022-01-19,47.34336471557617
2022-01-20,46.72391128540039
2022-01-21,45.45411682128906
2022-01-24,45.78416442871094
2022-01-25,44.680213928222656
2022-01-26,44.62492752075195
2022-01-27,44.20220184326172
2022-01-28,45.82644271850586
2022-01-31,47.2620735168457
2022-02-01,47.671783447265625
2022-02-02,47.936798095703125
2022-02-03,46.12559127807617
2022-02-04,46.77106475830078
2022-02-07,46.405242919921875
2022-02-08,46.85397720336914
2022-02-09,47.81974792480469
2022-02-10,46.894622802734375
2022-02-11,45.44111251831055
2022-02-14,45.50126647949219
2022-02-15,46.5385627746582
2022-02-16,46.48978805541992
2022-02-17,45.125701904296875
2022-02-18,44.61517333984375
2022-02-22,43.96970748901367
2022-02-23,42.86574935913086
2022-02-24,44.33064270019531
2022-02-25,45.01189041137695
2022-02-28,45.094791412353516
2022-03-01,44.42657470703125
2022-03-02,45.124061584472656
2022-03-03,44.413570404052734
2022-03-04,43.6754264831543
2022-03-07,41.92438507080078
2022-03-08,41.72114944458008
2022-03-09,43.35512924194336
2022-03-10,42.94704818725586
2022-03-11,42.07720184326172
2022-03-14,41.356964111328125
2022-03-15,42.65275955200195
2022-03-16,44.15830993652344
2022-03-17,44.807029724121094
2022-03-18,45.71263122558594
2022-03-21,45.528907775878906
2022-03-22,46.362979888916016
2022-03-23,45.671424865722656
2022-03-24,46.52101135253906
2022-03-25,46.48194122314453
2022-03-28,47.20133590698242
2022-03-29,48.158348083496094
2022-03-30,47.58544158935547
2022-03-31,46.80908966064453
2022-04-01,46.95232391357422
2022-04-04,47.82957458496094
2022-04-05,46.90348815917969
2022-04-06,45.775577545166016
2022-04-07,45.94321823120117
2022-04-08,45.39635467529297
2022-04-11,44.333553314208984
2022-04-12,44.108943939208984
2022-04-13,44.94389343261719
2022-04-14,43.98036193847656
2022-04-18,43.910377502441406
2022-04-19,44.92435836791992
2022-04-20,44.41654968261719
2022-04-21,43.49371337890625
2022-04-22,42.24536895751953
2022-04-25,42.788970947265625
2022-04-26,41.106056213378906
2022-04-27,41.20046615600586
2022-04-28,42.657142639160156
2022-04-29,40.78217697143555
2022-05-02,41.31765365600586
2022-05-03,41.28184509277344
2022-05-04,42.62459945678711
2022-05-05,40.495723724365234
2022-05-06,39.94072341918945
2022-05-09,38.181304931640625
2022-05-10,38.50194549560547
2022-05-11,37.36264419555664
2022-05-12,37.30242156982422
2022-05-13,38.705387115478516
2022-05-16,38.199214935302734
2022-05-17,39.11391067504883
2022-05-18,37.30567169189453
2022-05-19,37.27149963378906
2022-05-20,37.21452713012695
2022-05-23,37.8916015625
2022-05-24,37.03712463378906
2022-05-25,37.514007568359375
2022-05-26,38.53937530517578
2022-05-27,39.875614166259766
2022-05-31,39.68518829345703
2022-06-01,39.37432098388672
2022-06-02,40.595001220703125
2022-06-03,39.58753967285156
2022-06-06,39.73564529418945
2022-06-07,40.09697341918945
2022-06-08,39.781219482421875
2022-06-09,38.703765869140625
2022-06-10,37.2373161315918
2022-06-13,35.53324508666992
2022-06-14,35.54951477050781
2022-06-15,36.43328857421875
2022-06-16,34.988006591796875
2022-06-17,35.368858337402344
2022-06-21,36.2689094543457
2022-06-22,36.2689094543457
2022-06-23,36.96015548706055
2022-06-24,38.343963623046875
2022-06-27,37.9381103515625
2022-06-28,36.72218704223633
2022-06-29,36.79553985595703
2022-06-30,36.32937240600586
2022-07-01,36.68307113647461
2022-07-05,37.320369720458984
2022-07-06,37.514339447021484
2022-07-07,38.27387237548828
2022-07-08,38.260833740234375
2022-07-11,37.559967041015625
2022-07-12,37.06936264038086
2022-07-13,36.95037841796875
2022-07-14,37.007423400878906
2022-07-15,37.69036102294922
2022-07-18,37.3692626953125
2022-07-19,38.562374114990234
2022-07-20,39.1735954284668
2022-07-21,39.79623031616211
2022-07-22,39.092098236083984
2022-07-25,38.880218505859375
2022-07-26,38.07176971435547
2022-07-27,39.6364860534668
2022-07-28,40.264015197753906
2022-07-29,41.06756591796875
2022-08-01,41.010520935058594
2022-08-02,40.85566711425781
2022-08-03,41.8792724609375
2022-08-04,42.08627700805664
2022-08-05,41.864601135253906
2022-08-08,41.77495574951172
2022-08-09,41.32020568847656
2022-08-10,42.53450012207031
2022-08-11,42.304683685302734
2022-08-12,43.13431167602539
2022-08-15,43.4016227722168
2022-08-16,43.377166748046875
2022-08-17,42.943603515625
2022-08-18,42.98109817504883
2022-08-19,42.143314361572266
2022-08-22,41.04963302612305
2022-08-23,40.9681396484375
2022-08-24,41.09364700317383
2022-08-25,41.794517517089844
2022-08-26,40.10428237915039
2022-08-29,39.70005416870117
2022-08-30,39.2974739074707
2022-08-31,39.01386260986328
2022-09-01,39.020389556884766
2022-09-02,38.511844635009766
2022-09-06,38.366783142089844
2022-09-07,39.163818359375
2022-09-08,39.4327507019043
2022-09-09,40.26727294921875
2022-09-12,40.756248474121094
2022-09-13,38.65365219116211
2022-09-14,38.90302658081055
2022-09-15,38.24943161010742
2022-09-16,37.84357452392578
2022-09-19,38.169559478759766
2022-09-20,37.7767448425293
2022-09-21,37.09870529174805
2022-09-22,36.583641052246094
2022-09-23,35.99247741699219
2022-09-26,35.760589599609375
2022-09-27,35.767127990722656
2022-09-28,36.46281051635742
2022-09-29,35.533592224121094
2022-09-30,34.93915939331055
2022-10-03,35.75405502319336
2022-10-04,36.94618606567383
2022-10-05,36.9020881652832
2022-10-06,36.64407730102539
2022-10-07,35.3474235534668
2022-10-10,34.8934440612793
2022-10-11,34.43128204345703
2022-10-12,34.38065719604492
2022-10-13,35.123695373535156
2022-10-14,34.04914855957031
2022-10-17,35.259246826171875
2022-10-18,35.63157653808594
2022-10-19,35.39968490600586
2022-10-20,35.12859344482422
2022-10-21,35.90919494628906
2022-10-24,36.26519775390625
2022-10-25,37.116024017333984
2022-10-26,36.32398986816406
2022-10-27,35.830814361572266
2022-10-28,36.76654815673828
2022-10-31,36.37461471557617
2022-11-01,36.015342712402344
2022-11-02,34.71052932739258
2022-11-03,34.0426139831543
2022-11-04,34.488441467285156
2022-11-07,34.83138656616211
2022-11-08,34.965293884277344
2022-11-09,34.124267578125
2022-11-10,36.81717300415039
2022-11-11,37.57164001464844
2022-11-14,37.116024017333984
2022-11-15,37.64023971557617
2022-11-16,37.225440979003906
2022-11-17,36.94781494140625
2022-11-18,36.97230911254883
2022-11-21,36.59344482421875
2022-11-22,37.122554779052734
2022-11-23,37.52101516723633
2022-11-25,37.38547134399414
2022-11-28,36.732261657714844
2022-11-29,36.44483947753906
2022-11-30,38.05665588378906
2022-12-01,38.18240737915039
2022-12-02,38.0778923034668
2022-12-05,37.307090759277344
2022-12-06,36.52485275268555
2022-12-07,36.376251220703125
2022-12-08,36.79757308959961
2022-12-09,36.54608154296875
2022-12-12,37.08662414550781
2022-12-13,37.550411224365234
2022-12-14,37.27443313598633
2022-12-15,36.06597137451172
2022-12-16,35.57605743408203
2022-12-19,35.02571487426758
2022-12-20,35.046939849853516
2022-12-21,35.6054573059082
2022-12-22,34.84254455566406
2022-12-23,34.958744049072266
2022-12-27,34.56272888183594
2022-12-28,34.10944366455078
2022-12-29,34.97018814086914
2022-12-30,34.8736457824707
2023-01-03,34.628177642822266
2023-01-04,34.86709976196289
2023-01-05,34.24198913574219
2023-01-06,35.043819427490234
2023-01-09,35.34983825683594
2023-01-10,35.66402816772461
2023-01-11,36.38896179199219
2023-01-12,36.5967903137207
2023-01-13,36.820980072021484
2023-01-17,36.92734146118164
2023-01-18,36.4887809753418
2023-01-19,36.17296600341797
2023-01-20,37.14990234375
2023-01-23,37.819190979003906
2023-01-24,37.70137023925781
2023-01-25,37.61300277709961
2023-01-26,38.19883346557617
2023-01-27,38.57848358154297
2023-01-30,37.86173629760742
2023-01-31,38.495033264160156
2023-02-01,39.23796081542969
2023-02-02,40.45873260498047
2023-02-03,39.80253219604492
2023-02-06,39.43923568725586
2023-02-07,40.18708419799805
2023-02-08,39.59798812866211
2023-02-09,39.22159957885742
2023-02-10,38.96795654296875
2023-02-13,39.54888153076172
2023-02-14,39.76816177368164
2023-02-15,40.08890151977539
2023-02-16,39.32960891723633
2023-02-17,38.997413635253906
2023-02-21,38.03519821166992
2023-02-22,38.063018798828125
2023-02-23,38.3804817199707
2023-02-24,37.724281311035156
2023-02-27,37.98937225341797
2023-02-28,37.94683074951172
2023-03-01,37.650638580322266
2023-03-02,38.015560150146484
2023-03-03,38.81412887573242
2023-03-06,38.85667419433594
2023-03-07,38.33466720581055
2023-03-08,38.470481872558594
2023-03-09,37.778282165527344
2023-03-10,37.105712890625
2023-03-13,37.339725494384766
2023-03-14,38.1546516418457
2023-03-15,38.16773986816406
2023-03-16,39.107051849365234
2023-03-17,38.87467575073242
2023-03-20,38.99250030517578
2023-03-21,39.62088394165039
2023-03-22,39.02032470703125
2023-03-23,39.41032028198242
2023-03-24,39.516883850097656
2023-03-27,39.33491134643555
2023-03-28,39.17097473144531
2023-03-29,39.84803009033203
2023-03-30,40.16770935058594
2023-03-31,40.892311096191406
2023-04-03,40.85459899902344
2023-04-04,40.73329162597656
2023-04-05,40.29722213745117
2023-04-06,40.549686431884766
2023-04-10,40.508705139160156
2023-04-11,40.34476089477539
2023-04-12,40.09722900390625
2023-04-13,40.90705871582031
2023-04-14,40.800506591796875
2023-04-17,40.87427520751953
2023-04-18,40.915260314941406
2023-04-19,40.94804763793945
2023-04-20,40.689029693603516
2023-04-21,40.743125915527344
2023-04-24,40.690670013427734
2023-04-25,39.84639358520508
2023-04-26,40.04147720336914
2023-04-27,41.00050354003906
2023-04-28,41.3169059753418
2023-05-01,41.25789260864258
2023-05-02,40.90214538574219
2023-05-03,40.68574523925781
2023-05-04,40.48410415649414
2023-05-05,41.32674026489258
2023-05-08,41.44477081298828
2023-05-09,41.25789260864258
2023-05-10,41.68903350830078
2023-05-11,41.720191955566406
2023-05-12,41.58412170410156
2023-05-15,41.744773864746094
2023-05-16,41.68247604370117
2023-05-17,42.2021598815918
2023-05-18,42.87266540527344
2023-05-19,42.74479293823242
2023-05-22,42.85955047607422
2023-05-23,42.197235107421875
2023-05-24,41.96609115600586
2023-05-25,42.74971389770508
2023-05-26,43.55463409423828
2023-05-30,43.71038055419922
2023-05-31,43.45299530029297
2023-06-01,43.984153747558594
2023-06-02,44.47760009765625
2023-06-05,44.412025451660156
2023-06-06,44.493995666503906
2023-06-07,43.82513427734375
2023-06-08,44.259559631347656
2023-06-09,44.395626068115234
2023-06-12,45.03334426879883
2023-06-13,45.35138702392578
2023-06-14,45.56942367553711
2023-06-15,46.17597961425781
2023-06-16,45.88581085205078
2023-06-20,45.802207946777344
2023-06-21,45.316951751708984
2023-06-22,45.77433776855469
2023-06-23,45.42332458496094
2023-06-26,44.91108703613281
2023-06-27,45.61212921142578
2023-06-28,45.76973342895508
2023-06-29,45.78779220581055
2023-06-30,46.45600891113281
2023-07-03,46.459293365478516
2023-07-05,46.482276916503906
2023-07-06,46.14406967163086
2023-07-07,45.99301528930664
2023-07-10,45.99138259887695
2023-07-11,46.234371185302734
2023-07-12,46.786006927490234
2023-07-13,47.441078186035156
2023-07-14,47.48212432861328
2023-07-17,47.80228042602539
2023-07-18,48.186458587646484
2023-07-19,48.15033721923828
2023-07-20,47.21287155151367
2023-07-21,47.1143684387207
2023-07-24,47.26375961303711
2023-07-25,47.551082611083984
2023-07-26,47.495262145996094
2023-07-27,47.1800422668457
2023-07-28,47.91720199584961
2023-07-31,48.01570129394531
2023-08-01,47.864662170410156
2023-08-02,46.8484001159668
2023-08-03,46.74167251586914
2023-08-04,46.47735595703125
2023-08-07,46.8155632019043
2023-08-08,46.62018966674805
2023-08-09,46.13585662841797
2023-08-10,46.22123336791992
2023-08-11,45.971675872802734
2023-08-14,46.48392105102539
2023-08-15,46.019290924072266
2023-08-16,45.63511276245117
2023-08-17,45.15243148803711
2023-08-18,45.091678619384766
2023-08-21,45.702423095703125
2023-08-22,45.7155647277832
2023-08-23,46.3919792175293
2023-08-24,45.54153823852539
2023-08-25,45.89616012573242
2023-08-28,46.22944259643555
2023-08-29,47.120933532714844
2023-08-30,47.42794418334961
2023-08-31,47.49361038208008
2023-09-01,47.542869567871094
2023-09-05,47.551082611083984
2023-09-06,47.11272430419922
2023-09-07,46.86481475830078
2023-09-08,46.89765167236328
2023-09-11,47.41481018066406
2023-09-12,46.89765167236328
2023-09-13,47.022422790527344
2023-09-14,47.30644989013672
2023-09-15,46.538089752197266
2023-09-18,46.55943298339844
2023-09-19,46.482276916503906
2023-09-20,45.777950286865234
2023-09-21,44.879669189453125
2023-09-22,44.8188362121582
2023-09-25,45.06543731689453
2023-09-26,44.315773010253906
2023-09-27,44.37989044189453
2023-09-28,44.72348403930664
2023-09-29,44.767879486083984
2023-10-02,45.119693756103516
2023-10-03,44.28453826904297
2023-10-04,44.901039123535156
2023-10-05,44.930633544921875
2023-10-06,45.69180679321289
2023-10-09,45.89730453491211
2023-10-10,46.114315032958984
2023-10-11,46.47763442993164
2023-10-12,46.250762939453125
2023-10-13,45.73455047607422
2023-10-16,46.25899124145508
2023-10-17,46.1373291015625
2023-10-18,45.40409851074219
2023-10-19,45.032562255859375
2023-10-20,44.35194396972656
2023-10-23,44.49168014526367
2023-10-24,44.87309646606445
2023-10-25,43.858741760253906
2023-10-26,42.997276306152344
2023-10-27,43.15017318725586
2023-10-30,43.73872375488281
2023-10-31,43.97875213623047
2023-11-01,44.65773010253906
2023-11-02,45.52082824707031
2023-11-03,46.01403045654297
2023-11-06,46.277069091796875
2023-11-07,46.707801818847656
2023-11-08,46.88863754272461
2023-11-09,46.515445709228516
2023-11-10,47.42623519897461
2023-11-13,47.40321350097656
2023-11-14,48.350162506103516
2023-11-15,48.350162506103516
2023-11-16,48.55894470214844
2023-11-17,48.51784896850586
2023-11-20,49.06365203857422
2023-11-21,48.91569137573242
2023-11-22,49.14585876464844
2023-11-24,49.103111267089844
2023-11-27,49.06694030761719
2023-11-28,49.18695831298828
2023-11-29,49.114620208740234
2023-11-30,49.08502197265625
2023-12-01,49.257652282714844
2023-12-04,48.80060958862305
2023-12-05,49.030784606933594
2023-12-06,48.76608657836914
2023-12-07,49.35135269165039
2023-12-08,49.58973693847656
2023-12-11,49.622623443603516
2023-12-12,49.979366302490234
2023-12-13,50.55641555786133
2023-12-14,50.48242950439453
2023-12-15,50.62053298950195
2023-12-18,51.008514404296875
2023-12-19,51.289634704589844
2023-12-20,50.61724090576172
2023-12-21,51.16161346435547
2023-12-22,51.156673431396484
2023-12-26,51.339508056640625
2023-12-27,51.39715576171875
2023-12-28,51.41692352294922
2023-12-29,51.206085205078125
2024-01-02,50.333106994628906
2024-01-03,49.82414627075195
2024-01-04,49.586952209472656
2024-01-05,49.64295959472656
2024-01-08,50.6905403137207
2024-01-09,50.800899505615234
2024-01-10,51.34774398803711
2024-01-11,51.476219177246094
2024-01-12,51.51740264892578
2024-01-16,51.44987106323242
2024-01-17,51.222564697265625
2024-01-18,51.90447998046875
2024-01-19,52.70497512817383
2024-01-22,52.78899383544922
2024-01-23,52.95369338989258
2024-01-24,53.14641571044922
2024-01-25,53.2715950012207
2024-01-26,53.172760009765625
2024-01-29,53.805267333984375
2024-01-30,53.46595764160156
2024-01-31,52.31132507324219
2024-02-01,53.162879943847656
2024-02-02,54.23187255859375
2024-02-05,54.19728469848633
2024-02-06,54.2137565612793
2024-02-07,54.917083740234375
2024-02-08,55.00931930541992
2024-02-09,55.62040710449219
2024-02-12,55.300865173339844
2024-02-13,54.48553466796875
2024-02-14,55.20204162597656
2024-02-15,55.28439712524414
2024-02-16,54.88908386230469
2024-02-20,54.32081985473633
2024-02-21,54.17916488647461
2024-02-22,55.91029739379883
2024-02-23,55.81147766113281
2024-02-26,55.65993881225586
2024-02-27,55.75547409057617
2024-02-28,55.595699310302734
2024-02-29,56.00748825073242
2024-03-01,56.59056854248047
2024-03-04,56.338558197021484
2024-03-05,55.43593215942383
2024-03-06,55.69123077392578
2024-03-07,56.4505615234375
2024-03-08,55.908653259277344
2024-03-11,55.60228729248047
2024-03-12,56.59386444091797
2024-03-13,56.327030181884766
2024-03-14,56.346797943115234
2024-03-15,55.6862907409668
2024-03-18,56.19525909423828
2024-03-19,56.51646041870117
2024-03-20,57.09130096435547
2024-03-21,57.061275482177734
2024-03-22,57.112403869628906
2024-03-25,56.92768478393555
2024-03-26,56.78583908081055
2024-03-27,56.9095458984375
2024-03-28,56.77098846435547
2024-04-01,56.782535552978516
2024-04-02,56.385047912597656
2024-04-03,56.50214767456055
2024-04-04,55.71210479736328
2024-04-05,56.53678512573242
2024-04-08,56.53678512573242
2024-04-09,56.5450325012207
2024-04-10,56.21845626831055
2024-04-11,57.090965270996094
2024-04-12,56.29762268066406
2024-04-15,55.246986389160156
2024-04-16,55.266780853271484
2024-04-17,54.74722671508789
2024-04-18,54.41240692138672
2024-04-19,53.18527603149414
2024-04-22,53.704830169677734
2024-04-23,54.61692810058594
2024-04-24,54.605377197265625
2024-04-25,54.29530334472656
2024-04-26,55.283267974853516
2024-04-29,55.423465728759766
2024-04-30,54.39921569824219
2024-05-01,54.245826721191406
2024-05-02,54.95669937133789
2024-05-03,55.91167449951172
2024-05-06,56.662132263183594
2024-05-07,56.637393951416016
2024-05-08,56.54337692260742
2024-05-09,56.738006591796875
2024-05-10,56.7066650390625
2024-05-13,56.70832061767578
2024-05-14,57.0101432800293
2024-05-15,57.955238342285156
2024-05-16,57.78040313720703
2024-05-17,57.83152770996094
2024-05-20,58.13666915893555
2024-05-21,58.36097717285156
2024-05-22,58.229026794433594
2024-05-23,57.98822021484375
2024-05-24,58.628170013427734
2024-05-28,58.94649887084961
2024-05-29,58.737030029296875
2024-05-30,57.88760757446289
2024-05-31,57.83977508544922
2024-06-03,58.28511047363281
2024-06-04,58.53416061401367
2024-06-05,59.556758880615234
2024-06-06,59.6243896484375
2024-06-07,59.563358306884766
2024-06-10,59.74479293823242
2024-06-11,60.34185028076172
2024-06-12,61.156639099121094
2024-06-13,61.227569580078125
2024-06-14,61.438682556152344
2024-06-17,61.94173812866211
2024-06-18,62.05718994140625
2024-06-20,61.64485549926758
2024-06-21,61.58548355102539
2024-06-24,60.983463287353516
2024-06-25,61.82628631591797
2024-06-26,62.09347915649414
2024-06-27,62.27446746826172
2024-06-28,61.76254653930664
2024-07-01,62.206756591796875
2024-07-02,62.74345397949219
2024-07-03,63.20913314819336
2024-07-05,63.96710205078125
2024-07-08,63.97370529174805
2024-07-09,64.12728881835938
2024-07-10,64.72343444824219
2024-07-11,63.370967864990234
2024-07-12,63.755733489990234
2024-07-15,63.914268493652344
2024-07-16,63.902713775634766
2024-07-17,62.15556335449219
2024-07-18,61.65850830078125
2024-07-19,61.288604736328125
2024-07-22,62.24143600463867
2024-07-23,62.23483657836914
2024-07-24,59.9212760925293
2024-07-25,59.23100662231445
2024-07-26,59.73301696777344
2024-07-29,59.90311050415039
2024-07-30,59.201290130615234
2024-07-31,60.65447998046875
2024-08-01,59.65871047973633
2024-08-02,58.395423889160156
2024-08-05,56.324615478515625
2024-08-06,57.046260833740234
2024-08-07,56.50625991821289
2024-08-08,58.202213287353516
2024-08-09,58.61339569091797
2024-08-12,58.84459686279297
2024-08-13,60.15576934814453
2024-08-14,60.284576416015625
2024-08-15,61.48677062988281
2024-08-16,61.62052917480469
2024-08-19,62.368595123291016
2024-08-20,62.30583953857422
2024-08-21,62.59813690185547
2024-08-22,61.67997741699219
2024-08-23,62.386756896972656
2024-08-26,62.02511215209961
2024-08-27,62.21171951293945
2024-08-28,61.554466247558594
2024-08-29,61.407508850097656
2024-08-30,62.0168571472168
2024-09-03,60.18220138549805
2024-09-04,59.98897933959961
2024-09-05,60.04512405395508
2024-09-06,58.8264274597168
2024-09-09,59.55797576904297
2024-09-10,59.97907257080078
2024-09-11,61.19778060913086
2024-09-12,61.797218322753906
2024-09-13,62.03336715698242
2024-09-16,61.80051803588867
2024-09-17,61.810428619384766
2024-09-18,61.57759475708008
2024-09-19,63.088584899902344
2024-09-20,62.898685455322266
2024-09-23,63.055564880371094
2024-09-24,63.30160903930664
2024-09-25,63.448577880859375
2024-09-26,63.56514358520508
2024-09-27,63.209678649902344
2024-09-30,63.475868225097656
2024-10-01,62.62605667114258
2024-10-02,62.693843841552734
2024-10-03,62.69715118408203
2024-10-04,63.383277893066406
2024-10-07,62.66077423095703
2024-10-08,63.68748474121094
2024-10-09,64.09586334228516
2024-10-10,64.0429458618164
2024-10-11,64.27937316894531
2024-10-14,64.83488464355469
2024-10-15,64.2496109008789
2024-10-16,64.35047149658203
2024-10-17,64.4298324584961
2024-10-18,64.83985900878906
2024-10-21,65.11595916748047
2024-10-22,65.1043701171875
2024-10-23,64.15868377685547
2024-10-24,64.58854675292969
2024-10-25,64.88780212402344
2024-10-28,64.99526977539062
2024-10-29,65.52102661132812
2024-10-30,65.18208312988281
2024-10-31,63.308876037597656
2024-11-01,63.816444396972656
2024-11-04,63.637882232666016
2024-11-05,64.51415252685547
2024-11-06,66.1063003540039
2024-11-07,67.20079803466797
2024-11-08,67.46864318847656
2024-11-11,67.53972625732422
2024-11-12,67.58766174316406
2024-11-13,67.55790710449219
2024-11-14,67.14623260498047
2024-11-15,65.77397155761719
2024-11-18,66.0732192993164
2024-11-19,66.75935363769531
2024-11-20,66.70645141601562
2024-11-21,66.78580474853516
2024-11-22,66.79904174804688
2024-11-25,66.9098129272461
2024-11-26,67.46864318847656
2024-11-27,67.07843780517578
2024-11-29,67.6422119140625
2024-12-02,68.26057434082031
2024-12-03,68.59288024902344
2024-12-04,69.61463928222656
2024-12-05,69.5071792602539
2024-12-06,69.97836303710938
2024-12-09,69.50552368164062
2024-12-10,69.4294662475586
2024-12-11,70.58181762695312
2024-12-12,70.1552734375
2024-12-13,70.0544204711914
2024-12-16,70.78023529052734
2024-12-17,70.58513641357422
2024-12-18,68.21098327636719
2024-12-19,68.33331298828125
2024-12-20,69.07234954833984
2024-12-23,69.61930084228516
2024-12-24,70.55794525146484
2024-12-26,70.44866943359375
2024-12-27,69.43885803222656
2024-12-30,68.56645202636719
2024-12-31,67.9456558227539
2025-01-02,67.81322479248047
2025-01-03,68.94884490966797
2025-01-06,69.72856140136719
2025-01-07,68.38104248046875
2025-01-08,68.48368072509766
2025-01-10,67.43081665039062
2025-01-13,67.13118743896484
2025-01-14,66.8514175415039
2025-01-15,68.4952621459961
2025-01-16,67.9555892944336
2025-01-17,68.85118865966797
2025-01-21,69.26504516601562
2025-01-22,70.273193359375
2025-01-23,70.53475952148438
2025-01-24,70.19373321533203
2025-01-27,68.35786437988281
2025-01-28,69.88252258300781
2025-01-29,69.42562103271484
2025-01-30,69.51998138427734
2025-01-31,69.25509643554688
2025-02-03,68.57140350341797
2025-02-04,69.46038055419922
2025-02-05,69.5828857421875
2025-02-06,70.05965423583984
2025-02-07,69.33291625976562
2025-02-10,69.98019409179688
2025-02-11,69.8477554321289
2025-02-12,69.76663208007812
2025-02-13,70.64897918701172
2025-02-14,70.77314758300781
2025-02-18,70.76982116699219
2025-02-19,70.78804016113281
2025-02-20,70.42715454101562
2025-02-21,68.86939239501953
2025-02-24,68.18569946289062
2025-02-25,67.43247985839844
2025-02-26,67.68575286865234
2025-02-27,65.98562622070312
2025-02-28,67.16595458984375
2025-03-03,65.53203582763672
2025-03-04,65.13638305664062
2025-03-05,66.09158325195312
2025-03-06,64.20768737792969
2025-03-07,64.34840393066406
2025-03-10,61.73115921020508
2025-03-11,61.54905319213867
2025-03-12,62.39498519897461
2025-03-13,61.102088928222656
2025-03-14,62.63005447387695
2025-03-17,62.83367156982422
2025-03-18,61.803993225097656
2025-03-19,62.75090026855469
2025-03-20,62.59860610961914
2025-03-21,62.96611404418945
2025-03-24,64.42952728271484
2025-03-25,64.84337615966797
2025-03-26,63.40810775756836
2025-03-27,63.08654022216797
2025-03-28,61.40242004394531
2025-03-31,61.46706771850586
2025-04-01,62.022361755371094
2025-04-02,62.53953552246094
2025-04-03,58.94088363647461
2025-04-04,55.367103576660156
2025-04-07,55.433406829833984
2025-04-08,54.6162109375
2025-04-09,60.966468811035156
2025-04-10,58.56129455566406
2025-04-11,59.70669174194336
2025-04-14,60.10120391845703
2025-04-15,60.048160552978516
2025-04-16,58.216514587402344
2025-04-17,58.37066650390625
2025-04-21,56.76279830932617
2025-04-22,58.286136627197266
2025-04-23,59.74813461303711
2025-04-24,61.483642578125
2025-04-25,62.4052619934082
2025-04-28,62.32569885253906
2025-04-29,62.78153991699219
2025-04-30,62.705284118652344
2025-05-01,63.62525939941406
2025-05-02,64.53030395507812
2025-05-05,64.17061614990234
2025-05-06,63.595420837402344
2025-05-07,63.76283264160156
2025-05-08,64.3115005493164
2025-05-09,64.27171325683594
2025-05-12,66.95537567138672
2025-05-13,68.04441833496094
2025-05-14,68.55329895019531
2025-05-15,68.47537994384766
2025-05-16,68.84669494628906
2025-05-19,68.8715591430664
2025-05-20,68.5400390625
2025-05-21,67.52062225341797
2025-05-22,67.71289825439453
2025-05-23,67.0316162109375
2025-05-27,68.63285827636719
2025-05-28,68.36930847167969
2025-05-29,68.54666900634766
2025-05-30,68.48200988769531
2025-06-02,68.97765350341797
2025-06-03,69.48487091064453
2025-06-04,69.73350524902344
2025-06-05,69.23291015625
2025-06-06,69.9489974975586
2025-06-09,70.01197814941406
2025-06-10,70.3948974609375
2025-06-11,70.16448974609375
2025-06-12,70.30538177490234
2025-06-13,69.34232330322266
2025-06-16,70.22084045410156
2025-06-17,69.66389465332031
2025-06-18,69.5528335571289
2025-06-20,69.19644165039062
2025-06-23,69.9605941772461
2025-06-24,71.0048828125
2025-06-25,71.32149505615234
2025-06-26,71.88838958740234
2025-06-27,72.33758544921875
2025-06-30,72.75314331054688
2025-07-01,72.0179672241211
2025-07-02,72.56394958496094
2025-07-03,73.34723663330078
2025-07-07,72.80458068847656
2025-07-08,72.73986053466797
2025-07-09,73.43354034423828
2025-07-10,73.41362762451172
2025-07-11,73.28916931152344
2025-07-14,73.55303192138672
2025-07-15,73.70902252197266
2025-07-16,73.91812133789062
2025-07-17,74.35955810546875
2025-07-18,74.41099548339844
2025-07-21,74.67816925048828
2025-07-22,74.2267837524414
2025-07-23,74.74456024169922
2025-07-24,75.05488586425781
2025-07-25,75.38015747070312
2025-07-28,75.66392517089844
2025-07-29,75.30713653564453
2025-07-30,75.47805786132812
2025-07-31,75.53781127929688
2025-08-01,73.85504913330078
2025-08-04,75.27560424804688
2025-08-05,74.6267318725586
2025-08-06,75.63736724853516
2025-08-07,75.62576293945312
2025-08-08,76.1949691772461
2025-08-11,76.03897857666016
2025-08-12,76.82891082763672
2025-08-13,76.81231689453125
2025-08-14,76.92350006103516
2025-08-15,76.67788696289062
2025-08-18,76.69116973876953
2025-08-19,75.61248779296875
2025-08-20,75.184326171875
2025-08-21,74.87400817871094
2025-08-22,76.07550048828125
2025-08-25,75.94271850585938
2025-08-26,76.36258697509766
2025-08-27,76.51359558105469
2025-08-28,76.99818420410156
2025-08-29,76.10868072509766
2025-09-02,75.50129699707031
2025-09-03,76.32441711425781
2025-09-04,77.0031509399414
2025-09-05,76.7691650390625
2025-09-08,77.26204681396484
2025-09-09,77.54415893554688
2025-09-10,77.5342025756836
2025-09-11,77.97895050048828
2025-09-12,78.24778747558594
2025-09-15,79.02776336669922
2025-09-16,78.89665985107422
2025-09-17,78.59131622314453
2025-09-18,79.00453186035156
2025-09-19,79.7264175415039
2025-09-22,80.33380889892578
2025-09-23,79.4874496459961
2025-09-24,79.1439208984375
2025-09-25,78.70748138427734
2025-09-26,79.06427764892578
2025-09-29,79.41764068603516
2025-09-30,79.67678833007812
2025-10-01,80.05057525634766
2025-10-02,80.28648376464844
2025-10-03,79.98080444335938
2025-10-06,80.57388305664062
2025-10-07,80.09210968017578
2025-10-08,80.91942596435547
2025-10-09,80.82307434082031
2025-10-10,78.15339660644531
2025-10-13,79.68011474609375
2025-10-14,79.05879974365234
2025-10-15,79.48905944824219
2025-10-16,79.0903549194336
2025-10-17,79.44918823242188
2025-10-20,80.52238464355469
2025-10-21,80.48749542236328
2025-10-22,79.90272521972656
2025-10-23,80.5655746459961
2025-10-24,81.33973693847656
2025-10-27,82.77840423583984
2025-10-28,83.40802764892578
2025-10-29,83.7718505859375
2025-10-30,82.45612335205078
2025-10-31,82.87310028076172
2025-11-03,83.36981964111328
2025-11-04,81.97932434082031
2025-11-05,82.0707015991211
2025-11-06,80.7117691040039
2025-11-07,80.48583984375
2025-11-10,82.34314727783203
2025-11-11,82.2168960571289
2025-11-12,81.97932434082031
2025-11-13,80.22003173828125
2025-11-14,80.32635498046875
2025-11-17,79.6236343383789
2025-11-18,78.62353515625
2025-11-19,79.17507934570312
2025-11-20,77.58191680908203
2025-11-21,78.06700897216797
2025-11-24,79.1368637084961
2025-11-25,80.56391143798828
2025-11-26,81.13374328613281
2025-11-28,81.54240417480469
2025-12-01,81.2134780883789
2025-12-02,81.65704345703125
2025-12-03,81.70355224609375
2025-12-04,81.71186065673828
2025-12-05,82.08232879638672
2025-12-08,81.92450714111328
2025-12-09,81.90789031982422
2025-12-10,81.94776916503906
2025-12-11,81.9045639038086
2025-12-12,80.61540985107422
2025-12-15,80.21671295166016
2025-12-16,80.41273498535156
2025-12-17,79.00397491455078
2025-12-18,80.06221008300781
2025-12-19,81.16862487792969
2025-12-22,81.58586883544922
2025-12-23,82.15460968017578
2025-12-24,82.32921600341797
2025-12-26,82.32756042480469
2025-12-29,81.90847778320312
2025-12-30,81.76712799072266
2025-12-31,81.13020324707031
2026-01-02,80.8541488647461
2026-01-05,81.22832489013672
2026-01-06,81.52433776855469
2026-01-07,81.73387145996094
2026-01-08,81.17842864990234
2026-01-09,81.6573715209961
2026-01-12,81.90682220458984
2026-01-13,81.69229888916016
2026-01-14,80.67621612548828
2026-01-15,80.7527084350586
2026-01-16,80.66956329345703
2026-01-20,78.58750915527344
2026-01-21,79.33252716064453
2026-01-22,79.98773956298828
2026-01-23,80.4051513671875
2026-01-26,80.95059967041016
2026-01-27,81.4694595336914
2026-01-28,81.424560546875
2026-01-29,80.67621612548828
2026-01-30,80.08086395263672
2026-02-02,80.29206848144531
2026-02-03,78.73385620117188
2026-02-04,77.7227554321289
2026-02-05,76.3108901977539
2026-02-06,77.92564392089844
2026-02-09,78.72386932373047
2026-02-10,78.34305572509766
2026-02-11,77.99881744384766
2026-02-12,76.52208709716797
2026-02-13,76.16121673583984
2026-02-17,76.41898345947266
2026-02-18,76.90956115722656
2026-02-19,76.70002746582031
2026-02-20,77.33528137207031
2026-02-23,76.37741088867188
2026-02-24,77.15235900878906
2026-02-25,78.21334075927734
2026-02-26,77.4051284790039
2026-02-27,76.6418228149414
2026-03-02,76.8696517944336
2026-03-03,76.38904571533203
2026-03-04,77.16399383544922
2026-03-05,77.2138900756836
2026-03-06,76.17784881591797
2026-03-09,77.17896270751953
2026-03-10,77.0426025390625
2026-03-11,77.08084106445312
2026-03-12,75.71553802490234
2026-03-13,74.86908721923828
2026-03-16,75.76210021972656
2026-03-17,75.93505096435547
2026-03-18,74.83748626708984
2026-03-19,74.59635162353516
2026-03-20,73.2210693359375
2026-03-23,74.21885681152344
2026-03-24,73.36075592041016
2026-03-25,73.87793731689453
2026-03-26,71.96053314208984
2026-03-27,70.3170166015625
2026-03-30,69.92411804199219
2026-03-31,72.71768951416016
2026-04-01,73.51181030273438
2026-04-02,73.59005737304688
2026-04-06,73.93135070800781
2026-04-07,74.0728530883789
2026-04-08,76.06564331054688
2026-04-09,76.5018310546875
2026-04-10,76.76986694335938
2026-04-13,77.80704498291016
2026-04-14,79.36531829833984
2026-04-15,80.85366821289062
2026-04-16,80.99351501464844
2026-04-17,82.22881317138672
2026-04-20,82.00572204589844
2026-04-21,81.40972137451172
2026-04-22,82.92803192138672
2026-04-23,81.9491195678711
2026-04-24,83.15777587890625
2026-04-27,83.39751434326172
2026-04-28,82.67830657958984
2026-04-29,82.58840942382812
2026-04-30,83.07786560058594
2026-05-01,83.76710510253906
2026-05-04,83.62725830078125
2026-05-05,84.21660614013672
2026-05-06,85.80484771728516
2026-05-07,85.95468139648438
2026-05-08,86.7437973022461
2026-05-11,86.71383666992188
2026-05-12,86.464111328125
2026-05-13,87.4130630493164
2026-05-14,88.39197540283203
2026-05-15,87.3331527709961
2026-05-18,86.99352264404297
2026-05-19,86.19441223144531
2026-05-20,87.30318450927734
2026-05-21,87.38309478759766
2026-05-22,87.44303131103516
2026-05-26,88.102294921875
2026-05-27,88.1122817993164
2026-05-28,89.12117004394531
2026-05-29,89.50074768066406
2026-06-01,90.18997955322266
2026-06-02,89.94026184082031
2026-06-03,88.83148956298828
2026-06-04,89.06123352050781
2026-06-05,85.83480834960938
2026-06-08,86.114501953125
2026-06-09,85.27543640136719
2026-06-10,83.54734802246094
2026-06-11,85.02571105957031
2026-06-12,85.175537109375
2026-06-15,87.57288360595703
2026-06-16,86.69385528564453
2026-06-17,85.51516723632812
2026-06-18,86.88365173339844
2026-06-22,85.80484771728516
2026-06-23,83.98686218261719
2026-06-24,83.73713684082031
2026-06-25,82.9580078125
2026-06-26,82.76000213623047
2026-06-29,84.8499984741211
2026-06-30,86.13999938964844
2026-07-01,86.16999816894531
2026-07-02,85.5
2026-07-06,86.68000030517578
2026-07-07,85.87999725341797
2026-07-08,85.98999786376953
2026-07-09,86.9800033569336
2026-07-10,87.4000015258789
2026-07-13,86.1500015258789
