date,adj close
2005-03-10,14.311823844909668
2005-03-11,14.294702529907228
2005-03-14,14.209098815917969
2005-03-15,13.900956153869627
2005-03-16,13.781119346618652
2005-03-17,13.89240264892578
2005-03-18,13.912368774414062
2005-03-21,13.738321304321287
2005-03-22,13.51862335205078
2005-03-23,13.3959321975708
2005-03-24,13.353129386901855
2005-03-28,13.398785591125488
2005-03-29,13.10775375366211
2005-03-30,13.393080711364746
2005-03-31,13.467263221740724
2005-04-01,13.481532096862791
2005-04-04,13.555712699890137
2005-04-05,13.524331092834473
2005-04-06,13.649871826171877
2005-04-07,13.706936836242676
2005-04-08,13.595662117004396
2005-04-11,13.647019386291504
2005-04-12,13.666993141174316
2005-04-13,13.555712699890137
2005-04-14,13.210474967956545
2005-04-15,12.987919807434082
2005-04-18,12.953683853149414
2005-04-19,13.21332836151123
2005-04-20,13.005041122436523
2005-04-21,13.29892635345459
2005-04-22,13.204766273498535
2005-04-25,13.327452659606934
2005-04-26,13.24471378326416
2005-04-27,13.181947708129885
2005-04-28,12.910882949829102
2005-04-29,13.15341091156006
2005-05-02,13.21332836151123
2005-05-03,13.122017860412598
2005-05-04,13.578540802001951
2005-05-05,13.587095260620115
2005-05-06,13.652725219726562
2005-05-09,13.698378562927246
2005-05-10,13.415903091430664
2005-05-11,13.492939949035645
2005-05-12,13.253273963928224
2005-05-13,13.221883773803713
2005-05-16,13.310335159301758
2005-05-17,13.327452659606934
2005-05-18,13.652725219726562
2005-05-19,13.595662117004396
2005-05-20,13.467263221740724
2005-05-23,13.481532096862791
2005-05-24,13.478680610656738
2005-05-25,13.427325248718262
2005-05-26,13.481532096862791
2005-05-27,13.655579566955566
2005-05-31,13.535743713378906
2005-06-01,13.609925270080566
2005-06-02,13.729762077331545
2005-06-03,13.695521354675291
2005-06-06,13.815359115600586
2005-06-07,13.744024276733398
2005-06-08,13.684111595153809
2005-06-09,13.781119346618652
2005-06-10,13.789677619934082
2005-06-13,13.781119346618652
2005-06-14,13.832483291625977
2005-06-15,14.029349327087402
2005-06-16,14.240492820739746
2005-06-17,14.286142349243164
2005-06-20,14.237634658813477
2005-06-21,14.154895782470703
2005-06-22,14.269022941589355
2005-06-23,14.057889938354492
2005-06-24,13.98084545135498
2005-06-27,14.03791046142578
2005-06-28,14.152037620544434
2005-06-29,14.106390953063965
2005-06-30,14.003677368164062
2005-07-01,14.132061958312988
2005-07-05,14.154895782470703
2005-07-06,14.046475410461426
2005-07-07,14.03791046142578
2005-07-08,14.12350368499756
2005-07-11,14.351773262023926
2005-07-12,14.525818824768066
2005-07-13,14.522963523864746
2005-07-14,14.611412048339844
2005-07-15,14.540078163146973
2005-07-18,14.50013542175293
2005-07-19,14.6485013961792
2005-07-20,14.774042129516602
2005-07-21,14.879615783691406
2005-07-22,14.902443885803224
2005-07-25,14.65135669708252
2005-07-26,14.734102249145508
2005-07-27,14.836814880371094
2005-07-28,15.10502815246582
2005-07-29,14.979476928710938
2005-08-01,15.15353012084961
2005-08-02,15.458824157714844
2005-08-03,15.487357139587402
2005-08-04,15.364665031433104
2005-08-05,15.122139930725098
2005-08-08,15.122139930725098
2005-08-09,15.572951316833496
2005-08-10,15.507326126098633
2005-08-11,15.612896919250488
2005-08-12,15.467384338378906
2005-08-15,15.53585720062256
2005-08-16,15.279067039489746
2005-08-17,15.33613395690918
2005-08-18,15.076480865478516
2005-08-19,15.03654670715332
2005-08-22,15.239126205444336
2005-08-23,15.053665161132812
2005-08-24,14.862493515014648
2005-08-25,15.087898254394531
2005-08-26,14.922412872314451
2005-08-29,15.06507682800293
2005-08-30,14.908141136169434
2005-08-31,15.193469047546388
2005-09-01,15.347548484802246
2005-09-02,15.484503746032717
2005-09-06,15.66140365600586
2005-09-07,15.692782402038574
2005-09-08,15.698498725891112
2005-09-09,15.8925142288208
2005-09-12,15.852569580078123
2005-09-13,15.746997833251951
2005-09-14,15.81833267211914
2005-09-15,15.87254238128662
2005-09-16,15.995231628417969
2005-09-19,16.023759841918945
2005-09-20,16.035171508789062
2005-09-21,16.092243194580078
2005-09-22,16.075119018554688
2005-09-23,15.94672679901123
2005-09-26,16.160715103149414
2005-09-27,16.02947425842285
2005-09-28,16.126480102539062
2005-09-29,16.42036247253418
2005-09-30,16.44318389892578
2005-10-03,16.363292694091797
2005-10-04,16.33476448059082
2005-10-05,16.02947425842285
2005-10-06,15.527298927307127
2005-10-07,15.75556182861328
2005-10-10,15.79265022277832
2005-10-11,15.863980293273926
2005-10-12,15.578657150268556
2005-10-13,15.34468936920166
2005-10-14,15.421728134155272
2005-10-17,15.49306297302246
2005-10-18,15.122139930725098
2005-10-19,15.12784481048584
2005-10-20,14.634243965148926
2005-10-21,15.116430282592772
2005-10-24,15.45596694946289
2005-10-25,15.144967079162598
2005-10-26,15.276214599609377
2005-10-27,14.851079940795898
2005-10-28,15.222003936767578
2005-10-31,15.513033866882324
2005-11-01,15.621459007263184
2005-11-02,15.955291748046877
2005-11-03,15.960997581481934
2005-11-04,15.92104148864746
2005-11-07,15.898216247558594
2005-11-08,15.804065704345703
2005-11-09,15.992374420166016
2005-11-10,16.046586990356445
2005-11-11,16.197811126708984
2005-11-14,16.16927719116211
2005-11-15,16.02947425842285
2005-11-16,16.192102432250977
2005-11-17,16.403247833251953
2005-11-18,16.463159561157227
2005-11-21,16.48883819580078
2005-11-22,16.44318389892578
2005-11-23,16.728515625
2005-11-25,16.685714721679688
2005-11-28,16.591554641723633
2005-11-29,16.543052673339844
2005-11-30,16.594411849975586
2005-12-01,16.956771850585938
2005-12-02,16.968185424804688
2005-12-05,16.99386215209961
2005-12-06,17.204998016357422
2005-12-07,17.088016510009766
2005-12-08,17.01383399963379
2005-12-09,17.059484481811523
2005-12-12,17.244943618774414
2005-12-13,17.359073638916016
2005-12-14,17.290599822998047
2005-12-15,17.24209213256836
2005-12-16,17.17646598815918
2005-12-19,17.219266891479492
2005-12-20,17.304868698120117
2005-12-21,17.564510345458984
2005-12-22,17.547388076782227
2005-12-23,17.670072555541992
2005-12-27,17.55015754699707
2005-12-28,17.561769485473633
2005-12-29,17.704057693481445
2005-12-30,17.67791748046875
2006-01-03,18.26447105407715
2006-01-04,18.502573013305664
2006-01-05,18.520000457763672
2006-01-06,18.82198905944824
2006-01-09,18.984594345092773
2006-01-10,18.81618309020996
2006-01-11,18.949756622314453
2006-01-12,18.839412689208984
2006-01-13,18.86553955078125
2006-01-17,18.505483627319336
2006-01-18,18.409656524658203
2006-01-19,18.92652702331543
2006-01-20,18.4241886138916
2006-01-23,18.72035217285156
2006-01-24,18.978796005249023
2006-01-25,18.98749542236328
2006-01-26,19.277875900268555
2006-01-27,19.655357360839844
2006-01-30,19.62052345275879
2006-01-31,19.7337646484375
2006-02-01,19.79763984680176
2006-02-02,19.3098201751709
2006-02-03,19.103654861450195
2006-02-06,19.51307487487793
2006-02-07,19.11527442932129
2006-02-08,19.135595321655273
2006-02-09,19.14139747619629
2006-02-10,19.16753196716309
2006-02-13,18.740678787231445
2006-02-14,19.121082305908203
2006-02-15,19.0920352935791
2006-02-16,19.425966262817383
2006-02-17,19.46662139892578
2006-02-21,19.35337829589844
2006-02-22,19.47823905944824
2006-02-23,19.498559951782227
2006-02-24,19.553728103637695
2006-02-27,19.664073944091797
2006-02-28,19.3098201751709
2006-03-01,19.710538864135746
2006-03-02,19.77150535583496
2006-03-03,19.446292877197266
2006-03-06,19.18205451965332
2006-03-07,18.48516082763672
2006-03-08,18.630346298217773
2006-03-09,18.55194091796875
2006-03-10,18.874256134033203
2006-03-13,18.87715721130371
2006-03-14,19.35918235778809
2006-03-15,19.545013427734375
2006-03-16,19.43467140197754
2006-03-17,19.510177612304688
2006-03-20,19.556629180908203
2006-03-21,19.18205451965332
2006-03-22,19.272071838378903
2006-03-23,19.1472110748291
2006-03-24,19.272071838378903
2006-03-27,19.362083435058594
2006-03-28,19.14139747619629
2006-03-29,19.37079620361328
2006-03-30,19.510177612304688
2006-03-31,19.536314010620117
2006-04-03,20.01251792907715
2006-04-04,20.221588134765625
2006-04-05,20.413230895996097
2006-04-06,20.37838554382324
2006-04-07,20.125762939453125
2006-04-10,20.096725463867188
2006-04-11,19.890565872192383
2006-04-12,19.99799537658691
2006-04-13,20.01251792907715
2006-04-17,20.247722625732425
2006-04-18,20.88073348999023
2006-04-19,21.06367301940918
2006-04-20,21.014305114746097
2006-04-21,21.095613479614254
2006-04-24,21.02301788330078
2006-04-25,20.73555564880371
2006-04-26,21.110124588012695
2006-04-27,20.98816680908203
2006-04-28,21.060766220092773
2006-05-01,21.118837356567383
2006-05-02,21.484710693359375
2006-05-03,21.499229431152344
2006-05-04,21.676366806030273
2006-05-05,21.952207565307617
2006-05-08,22.068361282348633
2006-05-09,22.091596603393555
2006-05-10,21.972536087036133
2006-05-11,21.42953872680664
2006-05-12,20.956226348876953
2006-05-15,20.35225296020508
2006-05-16,20.48292350769043
2006-05-17,19.832481384277344
2006-05-18,19.45210075378418
2006-05-19,19.67858505249023
2006-05-22,18.633241653442383
2006-05-23,18.68842315673828
2006-05-24,18.563554763793945
2006-05-25,19.155920028686523
2006-05-26,19.306915283203125
2006-05-30,18.293514251708984
2006-05-31,18.6826114654541
2006-06-01,19.04847526550293
2006-06-02,19.24012756347656
2006-06-05,18.409656524658203
2006-06-06,18.145418167114254
2006-06-07,17.89569854736328
2006-06-08,17.370121002197266
2006-06-09,17.256874084472656
2006-06-12,16.745819091796875
2006-06-13,16.350915908813477
2006-06-14,16.792278289794922
2006-06-15,17.576284408569336
2006-06-16,17.46595001220703
2006-06-19,16.91423225402832
2006-06-20,17.155241012573242
2006-06-21,17.55015754699707
2006-06-22,17.390445709228516
2006-06-23,17.509504318237305
2006-06-26,17.42238998413086
2006-06-27,17.265586853027344
2006-06-28,17.654695510864258
2006-06-29,18.615827560424805
2006-06-30,18.66518783569336
2006-07-03,19.094947814941406
2006-07-05,18.528715133666992
2006-07-06,18.909101486206055
2006-07-07,18.59549140930176
2006-07-10,18.726165771484375
2006-07-11,18.914907455444336
2006-07-12,18.624534606933594
2006-07-13,17.910215377807617
2006-07-14,17.77083969116211
2006-07-17,17.54724884033203
2006-07-18,17.762123107910156
2006-07-19,18.621631622314453
2006-07-20,18.203493118286133
2006-07-21,17.82020378112793
2006-07-24,18.697124481201172
2006-07-25,18.7377872467041
2006-07-26,18.59259796142578
2006-07-27,18.766815185546875
2006-07-28,19.216899871826172
2006-07-31,19.0107364654541
2006-08-01,18.679706573486328
2006-08-02,18.95266342163086
2006-08-03,18.935232162475582
2006-08-04,18.929424285888672
2006-08-07,18.86845970153809
2006-08-08,18.923612594604492
2006-08-09,18.932329177856445
2006-08-10,19.074615478515625
2006-08-11,18.941041946411133
2006-08-14,18.958467483520508
2006-08-15,19.356281280517575
2006-08-16,19.68439483642578
2006-08-17,19.58857536315918
2006-08-18,19.48695373535156
2006-08-21,19.31271743774414
2006-08-22,19.283687591552734
2006-08-23,19.016538619995117
2006-08-24,19.036861419677734
2006-08-25,19.100753784179688
2006-08-28,19.208187103271484
2006-08-29,19.29820442199707
2006-08-30,19.425966262817383
2006-08-31,19.29239845275879
2006-09-01,19.55954360961914
2006-09-05,19.79763984680176
2006-09-06,19.205293655395508
2006-09-07,19.03396224975586
2006-09-08,19.208187103271484
2006-09-11,18.787139892578125
2006-09-12,19.121082305908203
2006-09-13,19.38240623474121
2006-09-14,19.228517532348633
2006-09-15,19.29529571533203
2006-09-18,19.605993270874023
2006-09-19,19.362083435058594
2006-09-20,19.58567237854004
2006-09-21,19.237224578857425
2006-09-22,19.031055450439453
2006-09-25,19.216899871826172
2006-09-26,19.454999923706055
2006-09-27,19.44338607788086
2006-09-28,19.60019302368164
2006-09-29,19.495651245117188
2006-10-02,19.51888656616211
2006-10-03,19.266263961791992
2006-10-04,19.640840530395508
2006-10-05,19.890565872192383
2006-10-06,19.774410247802734
2006-10-09,19.655357360839844
2006-10-10,19.829587936401367
2006-10-11,19.736671447753903
2006-10-12,20.201265335083008
2006-10-13,20.268047332763672
2006-10-16,20.32612037658691
2006-10-17,20.096725463867188
2006-10-18,20.16931533813477
2006-10-19,20.32321548461914
2006-10-20,20.20706558227539
2006-10-23,20.250627517700195
2006-10-24,20.3203125
2006-10-25,20.51776885986328
2006-10-26,20.60487937927246
2006-10-27,20.25353240966797
2006-10-30,20.111248016357425
2006-10-31,20.485828399658203
2006-11-01,20.45098114013672
2006-11-02,20.549711227416992
2006-11-03,20.70941734313965
2006-11-06,21.115943908691406
2006-11-07,21.057863235473633
2006-11-08,21.075281143188477
2006-11-09,21.110124588012695
2006-11-10,21.16820526123047
2006-11-13,21.124652862548828
2006-11-14,21.446971893310547
2006-11-15,21.40340805053711
2006-11-16,21.229177474975582
2006-11-17,21.12755584716797
2006-11-20,21.08980369567871
2006-11-21,21.42953872680664
2006-11-22,21.647327423095703
2006-11-24,21.72862434387207
2006-11-27,21.3046817779541
2006-11-28,21.452770233154297
2006-11-29,21.894142150878903
2006-11-30,21.987056732177734
2006-12-01,21.841875076293945
2006-12-04,22.289047241210938
2006-12-05,22.544578552246097
2006-12-06,22.329692840576172
2006-12-07,22.24549674987793
2006-12-08,22.201932907104492
2006-12-11,22.187416076660156
2006-12-12,21.934789657592773
2006-12-13,21.99286460876465
2006-12-14,22.355833053588867
2006-12-15,22.408098220825195
2006-12-18,22.28614616394043
2006-12-19,22.19902610778809
2006-12-20,22.335498809814453
2006-12-21,22.387775421142575
2006-12-22,22.402259826660156
2006-12-26,22.62388038635254
2006-12-27,22.86915397644043
2006-12-28,22.889827728271484
2006-12-29,22.86915397644043
2007-01-03,23.019851684570312
2007-01-04,22.7686767578125
2007-01-05,22.133337020874023
2007-01-08,22.375656127929688
2007-01-09,21.840791702270508
2007-01-10,21.778730392456055
2007-01-11,22.068330764770508
2007-01-12,22.390426635742188
2007-01-16,22.39929962158203
2007-01-17,22.34019660949707
2007-01-18,22.22199249267578
2007-01-19,22.650476455688477
2007-01-22,22.629791259765625
2007-01-23,23.019851684570312
2007-01-24,23.229665756225582
2007-01-25,22.52046585083008
2007-01-26,22.656381607055664
2007-01-29,22.473169326782227
2007-01-30,22.715486526489254
2007-01-31,22.886877059936523
2007-02-01,23.117374420166016
2007-02-02,23.1085147857666
2007-02-05,23.1085147857666
2007-02-06,23.35673141479492
2007-02-07,23.31536865234375
2007-02-08,23.35968780517578
2007-02-09,22.951889038085938
2007-02-12,22.783451080322266
2007-02-13,23.173519134521484
2007-02-14,23.58131980895996
2007-02-15,23.575414657592773
2007-02-16,23.557676315307617
2007-02-20,23.67291831970215
2007-02-21,23.625642776489254
2007-02-22,23.770442962646484
2007-02-23,23.66109848022461
2007-02-26,23.616779327392575
2007-02-27,21.89397621154785
2007-02-28,22.354965209960938
2007-03-01,22.089008331298828
2007-03-02,21.63098907470703
2007-03-05,21.010417938232425
2007-03-06,22.015134811401367
2007-03-07,21.793514251708984
2007-03-08,22.230859756469727
2007-03-09,22.307687759399418
2007-03-12,22.529319763183594
2007-03-13,21.604387283325195
2007-03-14,22.006284713745117
2007-03-15,22.23381805419922
2007-03-16,22.04764175415039
2007-03-19,22.470212936401367
2007-03-20,22.685935974121097
2007-03-21,23.33604621887207
2007-03-22,23.220800399780273
2007-03-23,23.268077850341797
2007-03-26,23.25625991821289
2007-03-27,23.12919235229492
2007-03-28,22.925296783447266
2007-03-29,23.3656005859375
2007-03-30,23.306495666503903
2007-04-02,23.510395050048828
2007-04-03,23.862051010131836
2007-04-04,23.941835403442383
2007-04-05,24.006837844848633
2007-04-09,24.148683547973633
2007-04-10,24.222570419311523
2007-04-11,24.15459632873535
2007-04-12,24.461915969848633
2007-04-13,24.54171562194824
2007-04-16,24.849031448364254
2007-04-17,24.76038932800293
2007-04-18,24.6451416015625
2007-04-19,24.479652404785156
2007-04-20,24.8460750579834
2007-04-23,24.742647171020508
2007-04-24,24.76038932800293
2007-04-25,25.11203956604004
2007-04-26,24.77515411376953
2007-04-27,24.6746826171875
2007-04-30,24.19300079345703
2007-05-01,24.36440086364746
2007-05-02,24.834264755249023
2007-05-03,25.07952308654785
2007-05-04,25.174089431762695
2007-05-07,25.262744903564453
2007-05-08,25.035200119018555
2007-05-09,25.33661460876465
2007-05-10,24.707191467285156
2007-05-11,25.35434341430664
2007-05-14,25.19477272033691
2007-05-15,25.20659065246582
2007-05-16,25.61144256591797
2007-05-17,25.463682174682617
2007-05-18,25.64394187927246
2007-05-21,25.70009422302246
2007-05-22,25.76805305480957
2007-05-23,25.599611282348633
2007-05-24,25.0440616607666
2007-05-25,25.537559509277344
2007-05-29,25.45777130126953
2007-05-30,25.70895004272461
2007-05-31,25.80350875854492
2007-06-01,26.385663986206055
2007-06-04,26.305879592895508
2007-06-05,26.16108131408691
2007-06-06,25.72964096069336
2007-06-07,25.274559020996097
2007-06-08,25.8685245513916
2007-06-11,25.94536399841309
2007-06-12,25.52278709411621
2007-06-13,26.090160369873047
2007-06-14,26.494993209838867
2007-06-15,26.9500732421875
2007-06-18,27.165794372558594
2007-06-19,27.218996047973633
2007-06-20,27.029865264892575
2007-06-21,27.334232330322266
2007-06-22,26.9500732421875
2007-06-25,26.725496292114254
2007-06-26,26.595462799072266
2007-06-27,26.941205978393555
2007-06-28,26.944164276123047
2007-06-29,26.976665496826172
2007-07-02,27.53518867492676
2007-07-03,27.833637237548828
2007-07-05,28.049360275268555
2007-07-06,28.430553436279297
2007-07-09,28.64922523498535
2007-07-10,28.146869659423828
2007-07-11,28.359643936157227
2007-07-12,29.10136032104492
2007-07-13,29.30229949951172
2007-07-16,28.876773834228516
2007-07-17,28.944734573364254
2007-07-18,28.83834648132324
2007-07-19,29.107269287109375
2007-07-20,29.03044319152832
2007-07-23,29.713056564331055
2007-07-24,28.83245086669922
2007-07-25,29.18408203125
2007-07-26,27.57654571533203
2007-07-27,27.27513313293457
2007-07-30,28.32416534423828
2007-07-31,27.92524528503418
2007-08-01,27.48198890686035
2007-08-02,27.7745361328125
2007-08-03,26.654571533203125
2007-08-06,27.334232330322266
2007-08-07,27.434715270996097
2007-08-08,28.19119644165039
2007-08-09,27.020998001098633
2007-08-10,26.72844696044922
2007-08-13,26.890974044799805
2007-08-14,26.04878616333008
2007-08-15,24.76629066467285
2007-08-16,24.34963035583496
2007-08-17,25.283424377441406
2007-08-20,25.428224563598633
2007-08-21,25.23319435119629
2007-08-22,26.25859260559082
2007-08-23,26.477272033691406
2007-08-24,27.07419776916504
2007-08-27,27.201250076293945
2007-08-28,26.12266731262207
2007-08-29,27.357879638671875
2007-08-30,27.083051681518555
2007-08-31,27.922285079956055
2007-09-04,28.312335968017575
2007-09-05,27.656328201293945
2007-09-06,28.070039749145508
2007-09-07,27.514501571655273
2007-09-10,27.325366973876953
2007-09-11,28.10845947265625
2007-09-12,28.025718688964844
2007-09-13,28.303497314453125
2007-09-14,28.34486198425293
2007-09-17,28.084815979003903
2007-09-18,29.402772903442383
2007-09-19,29.467792510986328
2007-09-20,29.272750854492188
2007-09-21,29.77215003967285
2007-09-24,30.141529083251953
2007-09-25,30.168127059936523
2007-09-26,30.392717361450195
2007-09-27,30.91279983520508
2007-09-28,30.66752815246582
2007-10-01,31.84659194946289
2007-10-02,31.73727035522461
2007-10-03,31.25264549255371
2007-10-04,31.530418395996097
2007-10-05,32.38737487792969
2007-10-08,32.091861724853516
2007-10-09,32.43760681152344
2007-10-10,32.65332794189453
2007-10-11,32.50260543823242
2007-10-12,32.993160247802734
2007-10-15,32.77153015136719
2007-10-16,32.04753494262695
2007-10-17,32.993160247802734
2007-10-18,33.13795471191406
2007-10-19,31.497901916503903
2007-10-22,31.91456413269043
2007-10-23,32.68288040161133
2007-10-24,32.39031982421875
2007-10-25,32.77153015136719
2007-10-26,34.024471282958984
2007-10-29,34.600711822509766
2007-10-30,33.968326568603516
2007-10-31,34.656856536865234
2007-11-01,33.436424255371094
2007-11-02,33.613712310791016
2007-11-05,32.80107498168945
2007-11-06,33.80579376220703
2007-11-07,32.517398834228516
2007-11-08,32.81290817260742
2007-11-09,32.10367965698242
2007-11-12,30.38384437561035
2007-11-13,32.446475982666016
2007-11-14,32.5942268371582
2007-11-15,31.85547637939453
2007-11-16,31.90865707397461
2007-11-19,31.02804374694824
2007-11-20,31.441755294799805
2007-11-21,29.967187881469727
2007-11-23,30.513877868652344
2007-11-26,29.048160552978516
2007-11-27,30.46954345703125
2007-11-28,31.97366714477539
2007-11-29,31.707714080810547
2007-11-30,31.701807022094727
2007-12-03,31.772708892822266
2007-12-04,31.71657943725586
2007-12-05,32.901554107666016
2007-12-06,33.200016021728516
2007-12-07,32.999053955078125
2007-12-10,32.981346130371094
2007-12-11,31.604278564453125
2007-12-12,32.514442443847656
2007-12-13,31.93229103088379
2007-12-14,31.03986930847168
2007-12-17,29.62734603881836
2007-12-18,30.407485961914062
2007-12-19,30.54046630859375
2007-12-20,30.643884658813477
2007-12-21,31.456523895263672
2007-12-24,32.04934310913086
2007-12-26,32.284183502197266
2007-12-27,31.615808486938477
2007-12-28,31.739234924316406
2007-12-31,31.402042388916016
2008-01-02,31.31171989440918
2008-01-03,31.61279296875
2008-01-04,30.568058013916016
2008-01-07,30.808910369873047
2008-01-08,30.78483009338379
2008-01-09,31.53150177001953
2008-01-10,31.82352828979492
2008-01-11,31.070850372314453
2008-01-14,31.405038833618164
2008-01-15,30.080326080322266
2008-01-16,28.9241943359375
2008-01-17,28.09624290466309
2008-01-18,28.710432052612305
2008-01-22,27.83130645751953
2008-01-23,28.13236427307129
2008-01-24,28.331083297729492
2008-01-25,27.668718338012695
2008-01-28,28.300975799560547
2008-01-29,28.40935516357422
2008-01-30,27.906557083129883
2008-01-31,28.568912506103516
2008-02-01,29.261402130126953
2008-02-04,29.225269317626953
2008-02-05,28.0089168548584
2008-02-06,27.578397750854492
2008-02-07,28.020965576171875
2008-02-08,27.84634017944336
2008-02-11,28.22570037841797
2008-02-12,28.331083297729492
2008-02-13,28.9332275390625
2008-02-14,28.602041244506836
2008-02-15,29.038604736328125
2008-02-19,29.32161521911621
2008-02-20,29.55645751953125
2008-02-21,29.156023025512695
2008-02-22,29.595590591430664
2008-02-25,29.920745849609375
2008-02-26,30.48073387145996
2008-02-27,30.60419273376465
2008-02-28,30.351295471191406
2008-02-29,29.390857696533203
2008-03-03,29.559459686279297
2008-03-04,29.017518997192383
2008-03-05,29.562475204467773
2008-03-06,28.671281814575195
2008-03-07,28.361183166503903
2008-03-10,27.563331604003903
2008-03-11,29.4269962310791
2008-03-12,28.72549057006836
2008-03-13,28.668277740478516
2008-03-14,27.632583618164062
2008-03-17,26.73237037658691
2008-03-18,28.258825302124023
2008-03-19,26.681198120117188
2008-03-20,27.08462142944336
2008-03-24,28.099262237548828
2008-03-25,28.406352996826172
2008-03-26,28.04506492614746
2008-03-27,28.352153778076172
2008-03-28,28.144420623779297
2008-03-31,28.310012817382812
2008-04-01,29.143978118896484
2008-04-02,29.13796043395996
2008-04-03,29.44505500793457
2008-04-04,29.39386558532715
2008-04-07,29.538389205932617
2008-04-08,29.478172302246097
2008-04-09,29.249359130859375
2008-04-10,29.755157470703125
2008-04-11,29.207216262817383
2008-04-14,29.24634552001953
2008-04-15,29.743125915527344
2008-04-16,30.36634635925293
2008-04-17,30.179668426513672
2008-04-18,30.483766555786133
2008-04-21,30.781818389892575
2008-04-22,30.513866424560547
2008-04-23,30.890220642089844
2008-04-24,30.70957374572754
2008-04-25,31.001615524291992
2008-04-28,30.72160530090332
2008-04-29,30.203760147094727
2008-04-30,30.69752311706543
2008-05-01,31.14009666442871
2008-05-02,31.35085105895996
2008-05-05,31.25150489807129
2008-05-06,31.528480529785156
2008-05-07,30.787830352783203
2008-05-08,30.902257919311523
2008-05-09,30.742685317993164
2008-05-12,30.980527877807617
2008-05-13,31.09493637084961
2008-05-14,31.16118049621582
2008-05-15,31.793428421020508
2008-05-16,32.142669677734375
2008-05-19,32.302249908447266
2008-05-20,31.54654312133789
2008-05-21,31.299671173095703
2008-05-22,31.657957077026367
2008-05-23,30.81795310974121
2008-05-27,30.92032241821289
2008-05-28,31.06181907653809
2008-05-29,31.29665756225586
2008-05-30,31.24546813964844
2008-06-02,31.070850372314453
2008-06-03,30.531938552856445
2008-06-04,30.107419967651367
2008-06-05,30.998598098754883
2008-06-06,29.920745849609375
2008-06-09,29.824392318725582
2008-06-10,29.177093505859375
2008-06-11,29.05366325378418
2008-06-12,29.237316131591797
2008-06-13,29.249359130859375
2008-06-16,29.505271911621097
2008-06-17,29.28849220275879
2008-06-18,29.547420501708984
2008-06-19,29.16204071044922
2008-06-20,28.240758895874023
2008-06-23,28.300975799560547
2008-06-24,28.240758895874023
2008-06-25,28.74656105041504
2008-06-26,27.82528305053711
2008-06-27,28.054101943969727
2008-06-30,28.180543899536133
2008-07-01,27.40376091003418
2008-07-02,26.71731185913086
2008-07-03,26.78356552124023
2008-07-07,26.596895217895508
2008-07-08,26.81366920471191
2008-07-09,26.091081619262695
2008-07-10,26.916030883789062
2008-07-11,26.65710830688477
2008-07-14,26.795604705810547
2008-07-15,26.181419372558594
2008-07-16,26.91000747680664
2008-07-17,27.3917236328125
2008-07-18,27.0966796875
2008-07-21,27.15087890625
2008-07-22,26.855825424194336
2008-07-23,27.10269546508789
2008-07-24,26.62700843811035
2008-07-25,26.62700843811035
2008-07-28,26.71731185913086
2008-07-29,26.669160842895508
2008-07-30,27.0966796875
2008-07-31,26.84980201721191
2008-08-01,26.78958320617676
2008-08-04,25.9044246673584
2008-08-05,26.247648239135746
2008-08-06,26.62700843811035
2008-08-07,25.832170486450195
2008-08-08,25.928504943847656
2008-08-11,25.615392684936523
2008-08-12,25.51905059814453
2008-08-13,25.45883560180664
2008-08-14,25.627431869506836
2008-08-15,25.27216339111328
2008-08-18,24.69409942626953
2008-08-19,24.46528434753418
2008-08-20,25.19388961791992
2008-08-21,25.073457717895508
2008-08-22,25.19388961791992
2008-08-25,24.423141479492188
2008-08-26,24.507434844970703
2008-08-27,24.983129501342773
2008-08-28,25.00721740722656
2008-08-29,24.724210739135746
2008-09-02,23.87518310546875
2008-09-03,23.670454025268555
2008-09-04,22.88163948059082
2008-09-05,22.82142448425293
2008-09-08,23.176694869995117
2008-09-09,22.18916130065918
2008-09-10,22.219268798828125
2008-09-11,22.273473739624023
2008-09-12,22.56251335144043
2008-09-15,20.936697006225582
2008-09-16,20.6536865234375
2008-09-17,19.28681373596191
2008-09-18,20.473045349121097
2008-09-19,23.465723037719727
2008-09-22,21.942285537719727
2008-09-23,21.207658767700195
2008-09-24,21.550891876220703
2008-09-25,22.351741790771484
2008-09-26,21.71949005126953
2008-09-29,19.34702491760254
2008-09-30,20.870466232299805
2008-10-01,20.60552215576172
2008-10-02,19.082080841064453
2008-10-03,18.787033081054688
2008-10-06,17.185317993164062
2008-10-07,16.02317237854004
2008-10-08,15.981012344360352
2008-10-09,15.324676513671877
2008-10-10,14.93327808380127
2008-10-13,17.962087631225586
2008-10-14,17.50444984436035
2008-10-15,14.81887435913086
2008-10-16,15.192200660705566
2008-10-17,15.113924026489258
2008-10-20,15.993063926696776
2008-10-21,14.782744407653809
2008-10-22,13.361674308776855
2008-10-23,13.518227577209473
2008-10-24,12.31393337249756
2008-10-27,11.87436580657959
2008-10-28,13.891560554504396
2008-10-29,13.753068923950195
2008-10-30,15.162100791931152
2008-10-31,15.180157661437988
2008-11-03,15.19821834564209
2008-11-04,16.528968811035156
2008-11-05,14.602097511291504
2008-11-06,13.789198875427246
2008-11-07,14.975430488586426
2008-11-10,15.02962875366211
2008-11-11,14.240809440612791
2008-11-12,13.0064058303833
2008-11-13,14.734573364257812
2008-11-14,13.53027057647705
2008-11-17,13.319524765014648
2008-11-18,13.138880729675291
2008-11-19,12.145331382751465
2008-11-20,11.199958801269531
2008-11-21,12.645113945007324
2008-11-24,13.53027057647705
2008-11-25,13.265324592590332
2008-11-26,14.168553352355955
2008-11-28,13.867474555969238
2008-12-01,12.63909912109375
2008-12-02,13.343605041503906
2008-12-03,13.518227577209473
2008-12-04,12.964252471923828
2008-12-05,13.596514701843262
2008-12-08,14.16252613067627
2008-12-09,14.07822608947754
2008-12-10,14.945320129394531
2008-12-11,14.656292915344238
2008-12-12,14.794782638549805
2008-12-15,14.680377960205078
2008-12-16,15.818441390991213
2008-12-17,15.414998054504396
2008-12-18,15.119946479797363
2008-12-19,15.077791213989258
2008-12-22,14.571989059448242
2008-12-23,14.385321617126465
2008-12-24,14.561396598815918
2008-12-26,14.54873752593994
2008-12-29,14.605740547180176
2008-12-30,14.941428184509276
2008-12-31,14.92876434326172
2009-01-02,15.726824760437012
2009-01-05,15.980172157287598
2009-01-06,16.265195846557617
2009-01-07,15.403799057006836
2009-01-08,15.308791160583496
2009-01-09,14.935100555419922
2009-01-12,14.244707107543944
2009-01-13,14.339723587036133
2009-01-14,13.630340576171877
2009-01-15,13.814019203186035
2009-01-16,14.010367393493652
2009-01-20,12.984286308288574
2009-01-21,13.706341743469238
2009-01-22,13.389650344848633
2009-01-23,13.421320915222168
2009-01-26,13.62400245666504
2009-01-27,13.738011360168455
2009-01-28,14.523402214050291
2009-01-29,13.776018142700195
2009-01-30,13.598663330078123
2009-02-02,13.509989738464355
2009-02-03,13.89635181427002
2009-02-04,14.03569507598877
2009-02-05,14.30172348022461
2009-02-06,14.992100715637209
2009-02-09,14.840093612670898
2009-02-10,14.042032241821287
2009-02-11,14.37138843536377
2009-02-12,14.339723587036133
2009-02-13,14.422061920166016
2009-02-17,13.288307189941406
2009-02-18,13.395983695983888
2009-02-19,13.338983535766602
2009-02-20,13.02229118347168
2009-02-23,12.70560073852539
2009-02-24,13.383318901062012
2009-02-25,13.186969757080078
2009-02-26,13.04129409790039
2009-02-27,13.275641441345217
2009-03-02,12.654930114746094
2009-03-03,12.293903350830078
2009-03-04,13.129960060119627
2009-03-05,12.5535888671875
2009-03-06,12.730938911437988
2009-03-09,12.509254455566406
2009-03-10,13.509989738464355
2009-03-11,13.471990585327148
2009-03-12,13.928022384643556
2009-03-13,14.016694068908691
2009-03-16,14.073701858520508
2009-03-17,14.396727561950684
2009-03-18,14.707077026367188
2009-03-19,14.605740547180176
2009-03-20,14.41572380065918
2009-03-23,15.68248462677002
2009-03-24,15.239120483398438
2009-03-25,15.4798002243042
2009-03-26,15.834495544433594
2009-03-27,15.39112949371338
2009-03-30,14.631078720092772
2009-03-31,14.922419548034668
2009-04-01,15.467126846313477
2009-04-02,16.34119987487793
2009-04-03,16.531219482421875
2009-04-06,16.315866470336914
2009-04-07,15.980172157287598
2009-04-08,16.246196746826172
2009-04-09,16.955575942993164
2009-04-13,17.075916290283203
2009-04-14,16.809898376464844
2009-04-15,17.031583786010742
2009-04-16,17.272274017333984
2009-04-17,17.107587814331055
2009-04-20,16.28419303894043
2009-04-21,16.695890426635742
2009-04-22,16.562885284423828
2009-04-23,16.879573822021484
2009-04-24,17.189931869506836
2009-04-27,16.613555908203125
2009-04-28,16.52488136291504
2009-04-29,17.417943954467773
2009-04-30,17.525619506835938
2009-05-01,17.842315673828125
2009-05-04,19.039403915405273
2009-05-05,18.78604507446289
2009-05-06,19.18507957458496
2009-05-07,18.65937042236328
2009-05-08,19.3624210357666
2009-05-11,18.925392150878903
2009-05-12,19.02672958374023
2009-05-13,18.36801528930664
2009-05-14,18.640371322631836
2009-05-15,18.49469566345215
2009-05-18,19.64111328125
2009-05-19,19.77412223815918
2009-05-20,19.850126266479492
2009-05-21,19.520767211914062
2009-05-22,19.717111587524418
2009-05-26,19.88812828063965
2009-05-27,19.698118209838867
2009-05-28,20.306161880493164
2009-05-29,20.660852432250977
2009-06-01,21.465246200561523
2009-06-02,21.15488624572754
2009-06-03,20.48350524902344
2009-06-04,20.80653381347656
2009-06-05,20.83820152282715
2009-06-08,20.534170150756836
2009-06-09,20.553173065185547
2009-06-10,20.74952507019043
2009-06-11,21.13587951660156
2009-06-12,20.88253402709961
2009-06-15,20.128812789916992
2009-06-16,19.862789154052734
2009-06-17,19.710790634155273
2009-06-18,19.672779083251953
2009-06-19,19.75511932373047
2009-06-22,19.00139808654785
2009-06-23,19.12173843383789
2009-06-24,19.666446685791016
2009-06-25,20.154138565063477
2009-06-26,20.261821746826172
2009-06-29,20.38849639892578
2009-06-30,20.154138565063477
2009-07-01,20.578510284423828
2009-07-02,19.989471435546875
2009-07-06,20.033802032470703
2009-07-07,19.565107345581055
2009-07-08,19.343425750732425
2009-07-09,19.65378761291504
2009-07-10,19.41309928894043
2009-07-13,19.55243873596191
2009-07-14,19.742441177368164
2009-07-15,20.768526077270508
2009-07-16,20.768526077270508
2009-07-17,20.99020767211914
2009-07-20,21.63625717163086
2009-07-21,21.610912322998047
2009-07-22,21.56658363342285
2009-07-23,22.142963409423828
2009-07-24,22.079620361328125
2009-07-27,22.225296020507812
2009-07-28,22.111289978027344
2009-07-29,21.64259147644043
2009-07-30,22.218965530395508
2009-07-31,22.35198402404785
2009-08-03,23.200706481933594
2009-08-04,23.02335548400879
2009-08-05,22.827016830444336
2009-08-06,22.63066291809082
2009-08-07,22.78900718688965
2009-08-10,22.5989933013916
2009-08-11,22.19363021850586
2009-08-12,22.440649032592773
2009-08-13,22.82067489624023
2009-08-14,22.510330200195312
2009-08-17,21.58559226989746
2009-08-18,21.940279006958008
2009-08-19,22.05428695678711
2009-08-20,22.339305877685547
2009-08-21,22.75733757019043
2009-08-24,22.801671981811523
2009-08-25,22.770000457763672
2009-08-26,22.64333152770996
2009-08-27,22.60532569885254
2009-08-28,22.60532569885254
2009-08-31,22.19363021850586
2009-09-01,21.84527587890625
2009-09-02,22.104957580566406
2009-09-03,22.510330200195312
2009-09-04,22.953685760498047
2009-09-08,23.44139289855957
2009-09-09,23.49206161499023
2009-09-10,23.82775115966797
2009-09-11,23.75175094604492
2009-09-14,23.73908233642578
2009-09-15,23.992435455322266
2009-09-16,24.632139205932617
2009-09-17,24.41679573059082
2009-09-18,24.499134063720703
2009-09-21,24.27112579345703
2009-09-22,24.70814514160156
2009-09-23,24.328115463256836
2009-09-24,23.846755981445312
2009-09-25,24.024097442626953
2009-09-28,24.321779251098633
2009-09-29,24.290119171142575
2009-09-30,24.40413475036621
2009-10-01,23.789749145507812
2009-10-02,23.846755981445312
2009-10-05,24.372455596923828
2009-10-06,24.77149200439453
2009-10-07,24.71448516845703
2009-10-08,25.094512939453125
2009-10-09,25.227516174316406
2009-10-12,25.379533767700195
2009-10-13,25.38586044311523
2009-10-14,26.196596145629883
2009-10-15,26.08258819580078
2009-10-16,25.702552795410156
2009-10-19,26.177593231201172
2009-10-20,25.772226333618164
2009-10-21,25.68355369567871
2009-10-22,25.88624382019043
2009-10-23,25.639217376708984
2009-10-26,25.40487289428711
2009-10-27,24.986839294433594
2009-10-28,23.910085678100582
2009-10-29,24.923500061035156
2009-10-30,23.815088272094727
2009-11-02,24.27112579345703
2009-11-03,24.030437469482425
2009-11-04,24.651140213012695
2009-11-05,25.164173126220703
2009-11-06,25.08184814453125
2009-11-09,25.949573516845703
2009-11-10,25.76590156555176
2009-11-11,25.930574417114254
2009-11-12,25.379533767700195
2009-11-13,25.82923698425293
2009-11-16,26.4499454498291
2009-11-17,26.354934692382812
2009-11-18,26.13959503173828
2009-11-19,25.708894729614254
2009-11-20,25.68355369567871
2009-11-23,26.1205997467041
2009-11-24,26.03190803527832
2009-11-25,26.24727249145508
2009-11-27,25.290863037109375
2009-11-30,25.52520751953125
2009-12-01,26.164928436279297
2009-12-02,26.285266876220703
2009-12-03,26.08892250061035
2009-12-04,26.25359344482422
2009-12-07,26.04458236694336
2009-12-08,25.658218383789062
2009-12-09,25.822893142700195
2009-12-10,25.879894256591797
2009-12-11,26.012908935546875
2009-12-14,26.145925521850582
2009-12-15,25.98757553100586
2009-12-16,26.05724334716797
2009-12-17,25.335205078125
2009-12-18,25.44287109375
2009-12-21,25.39853286743164
2009-12-22,25.563213348388672
2009-12-23,25.778554916381836
2009-12-24,26.089920043945312
2009-12-28,26.20546531677246
2009-12-29,26.17979621887207
2009-12-30,26.243999481201172
2009-12-31,26.321029663085938
2010-01-04,27.21979522705078
2010-01-05,27.30967712402344
2010-01-06,27.47658920288086
2010-01-07,27.239051818847656
2010-01-08,27.40597915649414
2010-01-11,27.444490432739254
2010-01-12,27.04646110534668
2010-01-13,27.155601501464844
2010-01-14,27.091400146484375
2010-01-15,26.77041244506836
2010-01-19,27.232641220092773
2010-01-20,26.564985275268555
2010-01-21,25.79461097717285
2010-01-22,25.21683120727539
2010-01-25,25.460783004760746
2010-01-26,24.972883224487305
2010-01-27,24.902265548706055
2010-01-28,24.80596351623535
2010-01-29,24.549182891845703
2010-02-01,25.255348205566406
2010-02-02,25.37732315063477
2010-02-03,25.30670166015625
2010-02-04,24.15114402770996
2010-02-05,24.10620880126953
2010-02-08,23.656831741333008
2010-02-09,24.382261276245117
2010-02-10,24.30521583557129
2010-02-11,24.902265548706055
2010-02-12,24.6262149810791
2010-02-16,25.255348205566406
2010-02-17,25.351648330688477
2010-02-18,25.40300178527832
2010-02-19,25.2360897064209
2010-02-22,25.248929977416992
2010-02-23,24.683998107910156
2010-02-24,24.99213600158691
2010-02-25,24.793119430541992
2010-02-26,25.01140594482422
2010-03-01,25.428691864013672
2010-03-02,25.71756935119629
2010-03-03,25.78177070617676
2010-03-04,25.614856719970703
2010-03-05,26.35955238342285
2010-03-08,26.353130340576172
2010-03-09,26.46226692199707
2010-03-10,26.51363182067871
2010-03-11,26.61633682250977
2010-03-12,26.54572105407715
2010-03-15,26.3659725189209
2010-03-16,26.674116134643555
2010-03-17,26.94375228881836
2010-03-18,26.77041244506836
2010-03-19,26.5072021484375
2010-03-22,26.571401596069336
2010-03-23,26.78325080871582
2010-03-24,26.423755645751953
2010-03-25,26.28893661499023
2010-03-26,26.475112915039062
2010-03-29,26.956581115722656
2010-03-30,27.04646110534668
2010-03-31,27.059309005737305
2010-04-01,27.70770263671875
2010-04-05,27.98374938964844
2010-04-06,28.04153633117676
2010-04-07,27.823259353637695
2010-04-08,27.893871307373047
2010-04-09,28.04153633117676
2010-04-12,27.81041717529297
2010-04-13,27.79115295410156
2010-04-14,28.22770118713379
2010-04-15,28.054365158081055
2010-04-16,27.31608772277832
2010-04-19,27.187698364257812
2010-04-20,27.50226593017578
2010-04-21,27.393131256103516
2010-04-22,27.515111923217773
2010-04-23,27.656347274780273
2010-04-26,27.669187545776367
2010-04-27,26.68695831298828
2010-04-28,26.95016098022461
2010-04-29,27.34819793701172
2010-04-30,27.00153350830078
2010-05-03,27.16844367980957
2010-05-04,26.051389694213867
2010-05-05,25.569910049438477
2010-05-06,24.632633209228516
2010-05-07,24.658313751220703
2010-05-10,26.27608871459961
2010-05-11,25.813871383666992
2010-05-12,26.17338180541992
2010-05-13,25.916595458984375
2010-05-14,25.467195510864254
2010-05-17,25.345226287841797
2010-05-18,24.799541473388672
2010-05-19,24.49139404296875
2010-05-20,23.380783081054688
2010-05-21,24.016332626342773
2010-05-24,23.76597023010254
2010-05-25,23.534862518310547
2010-05-26,23.534862518310547
2010-05-27,24.895841598510746
2010-05-28,24.523500442504883
2010-06-01,24.086957931518555
2010-06-02,24.94078063964844
2010-06-03,24.83806037902832
2010-06-04,24.016332626342773
2010-06-07,23.682506561279297
2010-06-08,24.19608688354492
2010-06-09,24.02916717529297
2010-06-10,24.780284881591797
2010-06-11,24.953624725341797
2010-06-14,24.93436622619629
2010-06-15,25.69189453125
2010-06-16,25.659791946411133
2010-06-17,25.569910049438477
2010-06-18,25.71756935119629
2010-06-21,26.19263458251953
2010-06-22,25.69830894470215
2010-06-23,25.813871383666992
2010-06-24,25.428691864013672
2010-06-25,25.71114921569824
2010-06-28,25.576332092285156
2010-06-29,24.594114303588867
2010-06-30,24.388687133789062
2010-07-01,24.53634262084961
2010-07-02,24.587692260742188
2010-07-06,25.01140594482422
2010-07-07,25.499298095703125
2010-07-08,25.66621971130371
2010-07-09,25.98720932006836
2010-07-12,25.788185119628903
2010-07-13,26.09634017944336
2010-07-14,26.057817459106445
2010-07-15,25.99362564086914
2010-07-16,25.27460289001465
2010-07-19,25.59559440612793
2010-07-20,26.083498001098633
2010-07-21,25.852386474609375
2010-07-22,26.52646827697754
2010-07-23,26.73831367492676
2010-07-26,26.90523338317871
2010-07-27,26.84103202819824
2010-07-28,26.71263885498047
2010-07-29,26.78966522216797
2010-07-30,26.87955093383789
2010-08-02,27.57931137084961
2010-08-03,27.444490432739254
2010-08-04,27.53436279296875
2010-08-05,27.438072204589844
2010-08-06,27.373884201049805
2010-08-09,27.5279541015625
2010-08-10,27.14277458190918
2010-08-11,26.34029197692871
2010-08-12,26.3659725189209
2010-08-13,26.520042419433594
2010-08-16,26.73189926147461
2010-08-17,27.02720069885254
2010-08-18,26.982267379760746
2010-08-19,26.78966522216797
2010-08-20,26.75758171081543
2010-08-23,26.520042419433594
2010-08-24,26.231155395507812
2010-08-25,26.11559295654297
2010-08-26,25.92943000793457
2010-08-27,26.45584487915039
2010-08-30,26.064226150512695
2010-08-31,26.19263458251953
2010-09-01,27.06572532653809
2010-09-02,27.078575134277344
2010-09-03,27.380290985107425
2010-09-07,27.00793838500977
2010-09-08,27.283992767333984
2010-09-09,27.41881942749023
2010-09-10,27.5600528717041
2010-09-13,28.13783264160156
2010-09-14,28.15065574645996
2010-09-15,28.169918060302734
2010-09-16,28.04153633117676
2010-09-17,28.0286922454834
2010-09-20,28.478076934814453
2010-09-21,28.458824157714844
2010-09-22,28.46523094177246
2010-09-23,28.31114959716797
2010-09-24,28.805477142333984
2010-09-27,28.74770164489746
2010-09-28,28.94029235839844
2010-09-29,29.043006896972656
2010-09-30,29.184242248535156
2010-10-01,29.64004898071289
2010-10-04,29.61437225341797
2010-10-05,30.050912857055664
2010-10-06,30.108686447143555
2010-10-07,29.819795608520508
2010-10-08,30.134361267089844
2010-10-11,30.12152862548828
2010-10-12,29.993125915527344
2010-10-13,30.468196868896484
2010-10-14,30.50672721862793
2010-10-15,30.44252014160156
2010-10-18,30.423261642456055
2010-10-19,29.48597717285156
2010-10-20,29.986717224121097
2010-10-21,29.95461654663086
2010-10-22,30.031648635864254
2010-10-25,30.359066009521484
2010-10-26,30.359066009521484
2010-10-27,29.858320236206055
2010-10-28,30.012401580810547
2010-10-29,30.089433670043945
2010-11-01,30.40399742126465
2010-11-02,30.763517379760746
2010-11-03,30.97536849975586
2010-11-04,31.66228485107422
2010-11-05,31.61090850830078
2010-11-08,31.45683479309082
2010-11-09,31.116607666015625
2010-11-10,31.283510208129883
2010-11-11,31.045982360839844
2010-11-12,30.314117431640625
2010-11-15,30.275609970092773
2010-11-16,29.466712951660156
2010-11-17,29.595111846923828
2010-11-18,30.269187927246097
2010-11-19,30.307716369628903
2010-11-22,30.243507385253903
2010-11-23,29.274112701416016
2010-11-24,29.922517776489254
2010-11-26,29.274112701416016
2010-11-29,29.44104385375977
2010-11-30,29.23560333251953
2010-12-01,30.115114212036133
2010-12-02,30.590177536010746
2010-12-03,30.692886352539062
2010-12-06,30.680044174194336
2010-12-07,30.538818359375
2010-12-08,30.3526554107666
2010-12-09,30.28202438354492
2010-12-10,30.41684341430664
2010-12-13,30.57732582092285
2010-12-14,30.60943031311035
2010-12-15,30.16004753112793
2010-12-16,30.33338737487793
2010-12-17,30.307716369628903
2010-12-20,30.21782493591309
2010-12-21,30.60943031311035
2010-12-22,30.730268478393555
2010-12-23,30.68453788757324
2010-12-27,30.625776290893555
2010-12-28,30.65189552307129
2010-12-29,31.0241641998291
2010-12-30,31.246238708496097
2010-12-31,31.448711395263672
2011-01-03,31.75569725036621
2011-01-04,31.879789352416992
2011-01-05,31.76223373413086
2011-01-06,31.48137855529785
2011-01-07,31.187461853027344
2011-01-10,30.867431640625
2011-01-11,31.213598251342773
2011-01-12,31.92551040649414
2011-01-13,31.566282272338867
2011-01-14,31.651180267333984
2011-01-18,31.644662857055664
2011-01-19,31.383403778076172
2011-01-20,31.10908889770508
2011-01-21,30.802106857299805
2011-01-24,31.0111141204834
2011-01-25,30.828227996826172
2011-01-26,31.11561393737793
2011-01-27,31.0111141204834
2011-01-28,30.051010131835938
2011-01-31,30.364513397216797
2011-02-01,31.01764678955078
2011-02-02,30.77598571777344
2011-02-03,30.74986267089844
2011-02-04,30.736785888671875
2011-02-07,30.65189552307129
2011-02-08,30.56697654724121
2011-02-09,29.972610473632812
2011-02-10,29.672182083129883
2011-02-11,29.998748779296875
2011-02-14,29.979156494140625
2011-02-15,30.03792953491211
2011-02-16,30.30571937561035
2011-02-17,30.442886352539062
2011-02-18,30.63229179382324
2011-02-22,29.60686492919922
2011-02-23,29.58073616027832
2011-02-24,29.646059036254883
2011-02-25,30.051010131835938
2011-02-28,30.3122501373291
2011-03-01,29.998748779296875
2011-03-02,30.416759490966797
2011-03-03,30.98498153686523
2011-03-04,30.952314376831055
2011-03-07,30.580039978027344
2011-03-08,30.919677734375
2011-03-09,30.92619514465332
2011-03-10,30.07059097290039
2011-03-11,30.28612518310547
2011-03-14,30.514728546142575
2011-03-15,30.031404495239254
2011-03-16,29.38479804992676
2011-03-17,29.783218383789062
2011-03-18,29.87464904785156
2011-03-21,30.41023063659668
2011-03-22,30.442886352539062
2011-03-23,30.83477020263672
2011-03-24,31.213598251342773
2011-03-25,31.213598251342773
2011-03-28,31.03071403503418
2011-03-29,31.33767890930176
2011-03-30,31.723045349121097
2011-03-31,31.971237182617188
2011-04-01,32.49374771118164
2011-04-04,32.794185638427734
2011-04-05,32.7027473449707
2011-04-06,32.852970123291016
2011-04-07,32.846431732177734
2011-04-08,32.898681640625
2011-04-11,32.526405334472656
2011-04-12,31.945106506347656
2011-04-13,32.1606559753418
2011-04-14,32.35004806518555
2011-04-15,32.36311721801758
2011-04-18,31.61199951171875
2011-04-19,32.03654861450195
2011-04-20,32.83989334106445
2011-04-21,33.12074279785156
2011-04-25,32.83989334106445
2011-04-26,33.09463119506836
2011-04-27,33.08809280395508
2011-04-28,32.81377410888672
2011-04-29,33.04891586303711
2011-05-02,32.99665832519531
2011-05-03,32.32392883300781
2011-05-04,31.742631912231445
2011-05-05,31.4095401763916
2011-05-06,31.834062576293945
2011-05-09,31.918975830078125
2011-05-10,32.19330596923828
2011-05-11,31.605464935302734
2011-05-12,31.605464935302734
2011-05-13,30.971920013427734
2011-05-16,30.965396881103516
2011-05-17,31.10908889770508
2011-05-18,31.55976676940918
2011-05-19,31.40300178527832
2011-05-20,31.16133689880371
2011-05-23,30.521251678466797
2011-05-24,30.782514572143555
2011-05-25,30.854360580444336
2011-05-26,31.233179092407227
2011-05-27,31.54669761657715
2011-05-31,32.07573318481445
2011-06-01,31.61199951171875
2011-06-02,31.886320114135746
2011-06-03,31.690393447875977
2011-06-06,31.265832901000977
2011-06-07,31.5140323638916
2011-06-08,31.31156349182129
2011-06-09,31.48791885375977
2011-06-10,30.8413028717041
2011-06-13,30.782514572143555
2011-06-14,31.220123291015625
2011-06-15,30.606184005737305
2011-06-16,30.364513397216797
2011-06-17,30.416759490966797
2011-06-20,30.33184814453125
2011-06-21,30.860883712768555
2011-06-22,30.619243621826172
2011-06-23,30.46247100830078
2011-06-24,30.46247100830078
2011-06-27,30.736785888671875
2011-06-28,31.13521385192871
2011-06-29,31.396469116210938
2011-06-30,31.75569725036621
2011-07-01,32.121456146240234
2011-07-05,32.03654861450195
2011-07-06,31.951629638671875
2011-07-07,32.33699417114258
2011-07-08,32.003883361816406
2011-07-11,31.089494705200195
2011-07-12,30.815168380737305
2011-07-13,31.278900146484375
2011-07-14,30.99806022644043
2011-07-15,31.17440414428711
2011-07-18,30.82170295715332
2011-07-19,31.265832901000977
2011-07-20,31.331157684326172
2011-07-21,31.768760681152344
2011-07-22,31.794883728027344
2011-07-25,31.75569725036621
2011-07-26,31.892860412597656
2011-07-27,31.38993453979492
2011-07-28,31.422609329223633
2011-07-29,31.55976676940918
2011-08-01,31.53362464904785
2011-08-02,30.612709045410156
2011-08-03,30.47554397583008
2011-08-04,28.731666564941406
2011-08-05,28.50959014892578
2011-08-08,26.210535049438477
2011-08-09,27.60826110839844
2011-08-10,26.18440818786621
2011-08-11,27.69316864013672
2011-08-12,27.673564910888672
2011-08-15,28.339771270751953
2011-08-16,28.026268005371097
2011-08-17,28.215673446655273
2011-08-18,27.02042579650879
2011-08-19,26.60896110534668
2011-08-22,26.58281517028809
2011-08-23,27.497217178344727
2011-08-24,27.307815551757812
2011-08-25,26.772232055664062
2011-08-26,27.170644760131836
2011-08-29,28.04584503173828
2011-08-30,28.085050582885746
2011-08-31,28.692468643188477
2011-09-01,28.555309295654297
2011-09-02,27.9478816986084
2011-09-06,27.614782333374023
2011-09-07,28.4246768951416
2011-09-08,27.84337997436523
2011-09-09,26.876731872558594
2011-09-12,26.77876663208008
2011-09-13,26.81795883178711
2011-09-14,26.706918716430664
2011-09-15,27.059616088867188
2011-09-16,27.124927520751953
2011-09-19,26.360759735107425
2011-09-20,26.262784957885746
2011-09-21,25.263471603393555
2011-09-22,23.51306533813477
2011-09-23,24.029043197631836
2011-09-26,24.264177322387695
2011-09-27,25.02835273742676
2011-09-28,24.41438865661621
2011-09-29,24.70177459716797
2011-09-30,23.402027130126953
2011-10-03,22.990550994873047
2011-10-04,23.28446388244629
2011-10-05,23.689407348632812
2011-10-06,24.479711532592773
2011-10-07,24.1727294921875
2011-10-10,25.263471603393555
2011-10-11,25.33532333374023
2011-10-12,26.040714263916016
2011-10-13,25.85131072998047
2011-10-14,26.26932144165039
2011-10-17,25.4659481048584
2011-10-18,26.119091033935547
2011-10-19,25.66842460632324
2011-10-20,25.165510177612305
2011-10-21,25.8643741607666
2011-10-24,26.81795883178711
2011-10-25,26.321563720703125
2011-10-26,26.791828155517575
2011-10-27,28.392030715942383
2011-10-28,28.235261917114254
2011-10-31,27.124927520751953
2011-11-01,26.5240421295166
2011-11-02,27.235963821411133
2011-11-03,27.536413192749023
2011-11-04,27.418851852416992
2011-11-07,27.614782333374023
2011-11-08,27.960939407348633
2011-11-09,26.42605781555176
2011-11-10,26.563228607177734
2011-11-11,27.170644760131836
2011-11-14,26.85060691833496
2011-11-15,26.987768173217773
2011-11-16,26.35422134399414
2011-11-17,25.701082229614254
2011-11-18,25.759864807128903
2011-11-21,24.963037490844727
2011-11-22,25.008752822875977
2011-11-23,24.283763885498047
2011-11-25,24.1727294921875
2011-11-28,25.237342834472656
2011-11-29,25.10018539428711
2011-11-30,26.661191940307617
2011-12-01,26.60896110534668
2011-12-02,26.543638229370117
2011-12-05,26.98124313354492
2011-12-06,26.58281517028809
2011-12-07,26.733043670654297
2011-12-08,25.82518196105957
2011-12-09,26.256250381469727
2011-12-12,25.328781127929688
2011-12-13,25.11324882507324
2011-12-14,24.754030227661133
2011-12-15,24.904253005981445
2011-12-16,25.08060646057129
2011-12-19,24.433998107910156
2011-12-20,25.40064239501953
2011-12-21,25.53170394897461
2011-12-22,25.78581428527832
2011-12-23,25.899499893188477
2011-12-27,25.69220542907715
2011-12-28,25.25753593444824
2011-12-29,25.518329620361328
2011-12-30,25.551773071289062
2012-01-03,26.300737380981445
2012-01-04,26.22717666625977
2012-01-05,26.100116729736328
2012-01-06,25.792499542236328
2012-01-09,25.99981117248535
2012-01-10,26.58159828186035
2012-01-11,26.588285446166992
2012-01-12,26.72203254699707
2012-01-13,26.494659423828125
2012-01-17,26.929332733154297
2012-01-18,27.591354370117188
2012-01-19,27.85215950012207
2012-01-20,27.885597229003903
2012-01-23,28.03271484375
2012-01-24,28.086219787597656
2012-01-25,28.413890838623047
2012-01-26,28.30020523071289
2012-01-27,28.507503509521484
2012-01-30,28.079532623291016
2012-01-31,28.3068904876709
2012-02-01,28.962238311767575
2012-02-02,29.07592010498047
2012-02-03,29.564077377319336
2012-02-06,29.289907455444336
2012-02-07,29.3500919342041
2012-02-08,29.57746124267578
2012-02-09,29.564077377319336
2012-02-10,28.942174911499023
2012-02-13,29.376840591430664
2012-02-14,29.162851333618164
2012-02-15,29.24311256408691
2012-02-16,29.53733253479004
2012-02-17,29.61089515686035
2012-02-21,29.49721336364746
2012-02-22,29.590829849243164
2012-02-23,29.523969650268555
2012-02-24,29.76469612121582
2012-02-27,29.523969650268555
2012-02-28,29.898448944091797
2012-02-29,29.84494972229004
2012-03-01,30.152563095092773
2012-03-02,30.072311401367188
2012-03-05,29.624267578125
2012-03-06,28.58106803894043
2012-03-07,28.922107696533203
2012-03-08,29.55739402770996
2012-03-09,29.530651092529297
2012-03-12,29.2564697265625
2012-03-13,30.00543975830078
2012-03-14,29.49721336364746
2012-03-15,29.737951278686523
2012-03-16,29.72458267211914
2012-03-19,29.55739402770996
2012-03-20,29.142791748046875
2012-03-21,29.20966339111328
2012-03-22,28.754941940307617
2012-03-23,28.962238311767575
2012-03-26,29.41028213500977
2012-03-27,29.27653694152832
2012-03-28,28.86193084716797
2012-03-29,28.768310546875
2012-03-30,29.069236755371097
2012-04-02,29.396909713745117
2012-04-03,29.283222198486328
2012-04-04,28.70144271850586
2012-04-05,28.868614196777344
2012-04-09,28.44731712341309
2012-04-10,27.89897346496582
2012-04-11,28.179832458496097
2012-04-12,28.89536476135254
2012-04-13,28.467388153076172
2012-04-16,28.333642959594727
2012-04-17,28.62787818908691
2012-04-18,28.50082015991211
2012-04-19,28.407201766967773
2012-04-20,28.587751388549805
2012-04-23,28.066150665283203
2012-04-24,28.11296844482422
2012-04-25,28.353710174560547
2012-04-26,28.52758026123047
2012-04-27,28.54094886779785
2012-04-30,28.460695266723633
2012-05-01,28.661319732666016
2012-05-02,28.62787818908691
2012-05-03,28.353710174560547
2012-05-04,27.885597229003903
2012-05-07,27.945781707763672
2012-05-08,27.54453468322754
2012-05-09,27.17006492614746
2012-05-10,27.31049156188965
2012-05-11,26.936010360717773
2012-05-14,26.327489852905273
2012-05-15,26.126861572265625
2012-05-16,25.712261199951172
2012-05-17,25.377904891967773
2012-05-18,25.217405319213867
2012-05-21,25.7992000579834
2012-05-22,25.591890335083008
2012-05-23,25.384584426879883
2012-05-24,25.230783462524418
2012-05-25,25.123783111572266
2012-05-29,25.819257736206055
2012-05-30,25.34446907043457
2012-05-31,25.424713134765625
2012-06-01,24.796113967895508
2012-06-04,24.889739990234375
2012-06-05,24.98336410522461
2012-06-06,25.68550682067871
2012-06-07,25.805883407592773
2012-06-08,25.591890335083008
2012-06-11,25.277584075927734
2012-06-12,25.805883407592773
2012-06-13,25.67882919311523
2012-06-14,25.825946807861328
2012-06-15,26.24055290222168
2012-06-18,26.34086227416992
2012-06-19,26.742094039916992
2012-06-20,26.701963424682617
2012-06-21,25.72564125061035
2012-06-22,25.832630157470703
2012-06-25,25.36452293395996
2012-06-26,25.591890335083008
2012-06-27,25.73232078552246
2012-06-28,25.625329971313477
2012-06-29,26.701963424682617
2012-07-02,26.72871208190918
2012-07-03,27.216882705688477
2012-07-05,26.982826232910156
2012-07-06,26.494659423828125
2012-07-09,26.374292373657227
2012-07-10,26.113487243652344
2012-07-11,26.23386001586914
2012-07-12,25.819257736206055
2012-07-13,26.300737380981445
2012-07-16,26.247230529785156
2012-07-17,26.5615291595459
2012-07-18,26.467927932739254
2012-07-19,26.73540306091309
2012-07-20,26.33417510986328
2012-07-23,25.69220542907715
2012-07-24,25.5851993560791
2012-07-25,25.69220542907715
2012-07-26,26.24055290222168
2012-07-27,27.00957489013672
2012-07-30,26.84908676147461
2012-07-31,26.755455017089844
2012-08-01,26.842390060424805
2012-08-02,26.467927932739254
2012-08-03,27.256996154785156
2012-08-06,27.42418098449707
2012-08-07,27.477689743041992
2012-08-08,27.55792808532715
2012-08-09,27.691669464111328
2012-08-10,27.818723678588867
2012-08-13,27.591354370117188
2012-08-14,27.598052978515625
2012-08-15,27.52448844909668
2012-08-16,27.80535125732422
2012-08-17,27.65154457092285
2012-08-20,27.65154457092285
2012-08-21,27.591354370117188
2012-08-22,27.611427307128903
2012-08-23,27.370685577392575
2012-08-24,27.384050369262695
2012-08-27,27.109891891479492
2012-08-28,27.06307601928711
2012-08-29,26.929332733154297
2012-08-30,26.60166358947754
2012-08-31,26.822341918945312
2012-09-04,26.695274353027344
2012-09-05,26.554841995239254
2012-09-06,27.123254776000977
2012-09-07,27.75853729248047
2012-09-10,27.42418098449707
2012-09-11,27.725099563598633
2012-09-12,27.84547996520996
2012-09-13,28.55432891845703
2012-09-14,28.90205192565918
2012-09-17,28.647939682006836
2012-09-18,28.62787818908691
2012-09-19,28.621183395385746
2012-09-20,28.48076629638672
2012-09-21,28.5208797454834
2012-09-24,28.510726928710938
2012-09-25,28.097721099853516
2012-09-26,27.969085693359375
2012-09-27,28.41594123840332
2012-09-28,28.246681213378903
2012-10-01,28.544574737548828
2012-10-02,28.524269104003903
2012-10-03,28.37530517578125
2012-10-04,28.639368057250977
2012-10-05,28.61905288696289
2012-10-08,28.355010986328125
2012-10-09,28.12481117248535
2012-10-10,27.98263359069824
2012-10-11,28.246681213378903
2012-10-12,28.165428161621097
2012-10-15,28.355010986328125
2012-10-16,28.60552024841309
2012-10-17,28.835718154907227
2012-10-18,28.754467010498047
2012-10-19,28.307615280151367
2012-10-22,28.59875106811523
2012-10-23,28.00293731689453
2012-10-24,28.050336837768555
2012-10-25,28.32792854309082
2012-10-26,28.131574630737305
2012-10-31,28.09095573425293
2012-11-01,28.50395965576172
2012-11-02,28.32792854309082
2012-11-05,28.463333129882812
2012-11-06,28.646135330200195
2012-11-07,28.212820053100582
2012-11-08,27.86751937866211
2012-11-09,27.969085693359375
2012-11-12,28.050336837768555
2012-11-13,27.78628158569336
2012-11-14,27.380046844482425
2012-11-15,27.474834442138672
2012-11-16,27.54254722595215
2012-11-19,28.030019760131836
2012-11-20,27.96231460571289
2012-11-21,27.92169189453125
2012-11-23,28.355010986328125
2012-11-26,28.395627975463867
2012-11-27,28.15865898132324
2012-11-28,28.2940673828125
2012-11-29,28.49041748046875
2012-11-30,28.44979476928711
2012-12-03,28.456558227539062
2012-12-04,28.531036376953125
2012-12-05,28.856021881103516
2012-12-06,29.03882598876953
2012-12-07,29.140390396118164
2012-12-10,29.336732864379883
2012-12-11,29.485692977905273
2012-12-12,29.60079002380371
2012-12-13,29.458595275878903
2012-12-14,29.607561111450195
2012-12-17,29.682037353515625
2012-12-18,29.864824295043945
2012-12-19,29.82421112060547
2012-12-20,30.0294246673584
2012-12-21,29.701074600219727
2012-12-24,29.639514923095703
2012-12-26,29.714767456054688
2012-12-27,29.926815032958984
2012-12-28,30.015729904174805
2012-12-31,30.460365295410156
2013-01-02,31.10335922241211
2013-01-03,30.91866683959961
2013-01-04,30.9733943939209
2013-01-07,30.706628799438477
2013-01-08,30.453535079956055
2013-01-09,30.63138961791992
2013-01-10,30.905000686645508
2013-01-11,30.672412872314453
2013-01-14,30.795557022094727
2013-01-15,30.67926597595215
2013-01-16,30.62454414367676
2013-01-17,30.836599349975582
2013-01-18,30.870784759521484
2013-01-22,30.843427658081055
2013-01-23,30.645057678222656
2013-01-24,30.556129455566406
2013-01-25,30.480884552001953
2013-01-28,30.25515937805176
2013-01-29,30.610857009887695
2013-01-30,30.453535079956055
2013-01-31,30.480884552001953
2013-02-01,30.68610191345215
2013-02-04,30.28936004638672
2013-02-05,30.378263473510746
2013-02-06,30.30303001403809
2013-02-07,30.056779861450195
2013-02-08,30.29619407653809
2013-02-11,30.28251266479492
2013-02-12,30.330402374267575
2013-02-13,30.453535079956055
2013-02-14,30.42616081237793
2013-02-15,30.378263473510746
2013-02-19,30.39195442199707
2013-02-20,30.111513137817383
2013-02-21,29.769485473632812
2013-02-22,29.885761260986328
2013-02-25,29.44114112854004
2013-02-26,29.639514923095703
2013-02-27,29.90629768371582
2013-02-28,29.76264190673828
2013-03-01,29.803693771362305
2013-03-04,29.54376220703125
2013-03-05,29.87893867492676
2013-03-06,30.03626823425293
2013-03-07,30.111513137817383
2013-03-08,30.385114669799805
2013-03-11,30.24832344055176
2013-03-12,29.94048118591309
2013-03-13,29.65320205688477
2013-03-14,29.803693771362305
2013-03-15,29.557430267333984
2013-03-18,29.229082107543945
2013-03-19,29.00337028503418
2013-03-20,29.174365997314453
2013-03-21,28.907590866088867
2013-03-22,28.99526596069336
2013-03-25,28.93361473083496
2013-03-26,29.26241683959961
2013-03-27,29.37200927734375
2013-03-28,29.38571548461914
2013-04-01,29.125423431396484
2013-04-02,29.152822494506836
2013-04-03,28.789779663085938
2013-04-04,28.782928466796875
2013-04-05,28.741823196411133
2013-04-08,28.817167282104492
2013-04-09,29.11856460571289
2013-04-10,29.37200927734375
2013-04-11,29.36516761779785
2013-04-12,29.00212860107422
2013-04-15,28.241788864135746
2013-04-16,28.86512565612793
2013-04-17,28.44727897644043
2013-04-18,28.50893783569336
2013-04-19,28.919919967651367
2013-04-22,28.99526596069336
2013-04-23,29.139122009277344
2013-04-24,29.324060440063477
2013-04-25,29.57065773010254
2013-04-26,29.29667091369629
2013-04-29,29.604902267456055
2013-04-30,29.974788665771484
2013-05-01,29.65970802307129
2013-05-02,29.93370246887207
2013-05-03,30.13919258117676
2013-05-06,30.17343521118164
2013-05-07,30.413185119628903
2013-05-08,30.680334091186523
2013-05-09,30.440589904785156
2013-05-10,30.324127197265625
2013-05-13,30.050134658813477
2013-05-14,30.194002151489254
2013-05-15,30.166584014892575
2013-05-16,30.050134658813477
2013-05-17,30.15288734436035
2013-05-20,30.221385955810547
2013-05-21,30.200838088989254
2013-05-22,29.858348846435547
2013-05-23,29.63915252685547
2013-05-24,29.34461212158203
2013-05-28,29.48845100402832
2013-05-29,29.077463150024418
2013-05-30,29.00896453857422
2013-05-31,28.454139709472656
2013-06-03,28.906225204467773
2013-06-04,28.57744026184082
2013-06-05,27.995201110839844
2013-06-06,28.282896041870117
2013-06-07,28.15959358215332
2013-06-10,27.762306213378903
2013-06-11,27.214319229125977
2013-06-12,27.029376983642575
2013-06-13,27.652708053588867
2013-06-14,27.25541877746582
2013-06-17,27.44721031188965
2013-06-18,27.50885772705078
2013-06-19,26.632080078125
2013-06-20,25.474470138549805
2013-06-21,25.926557540893555
2013-06-24,25.34058952331543
2013-06-25,25.82657814025879
2013-06-26,26.375043869018555
2013-06-27,26.777729034423828
2013-06-28,26.93045997619629
2013-07-01,26.97905731201172
2013-07-02,26.520837783813477
2013-07-03,26.312570571899418
2013-07-05,26.187591552734375
2013-07-08,26.22925567626953
2013-07-09,26.541671752929688
2013-07-10,26.284788131713867
2013-07-11,27.506704330444336
2013-07-12,27.21510124206543
2013-07-15,27.569185256958008
2013-07-16,27.61778450012207
2013-07-17,27.84688186645508
2013-07-18,27.57611656188965
2013-07-19,27.458110809326172
2013-07-22,27.749691009521484
2013-07-23,28.055164337158203
2013-07-24,27.7149715423584
2013-07-25,27.90243148803711
2013-07-26,27.812171936035156
2013-07-29,27.465044021606445
2013-07-30,27.277584075927734
2013-07-31,27.1179141998291
2013-08-01,27.61778450012207
2013-08-02,27.631669998168945
2013-08-05,27.42339134216309
2013-08-06,27.08320426940918
2013-08-07,26.77078437805176
2013-08-08,27.367839813232425
2013-08-09,27.478933334350582
2013-08-12,27.70108413696289
2013-08-13,27.812171936035156
2013-08-14,27.89548683166504
2013-08-15,27.569185256958008
2013-08-16,27.270647048950195
2013-08-19,26.73606300354004
2013-08-20,26.70134925842285
2013-08-21,26.111223220825195
2013-08-22,26.534732818603516
2013-08-23,26.84713363647461
2013-08-26,26.527782440185547
2013-08-27,25.840471267700195
2013-08-28,25.819639205932617
2013-08-29,25.972373962402344
2013-08-30,26.187591552734375
2013-09-03,26.34033966064453
2013-09-04,26.749942779541016
2013-09-05,27.11096954345703
2013-09-06,27.478933334350582
2013-09-09,28.28426742553711
2013-09-10,28.506431579589844
2013-09-11,28.548080444335938
2013-09-12,28.17318344116211
2013-09-13,28.3814640045166
2013-09-16,28.693897247314453
2013-09-17,28.673046112060547
2013-09-18,29.832496643066406
2013-09-19,29.714448928833008
2013-09-20,29.006303787231445
2013-09-23,29.156801223754883
2013-09-24,28.862808227539062
2013-09-25,28.687782287597656
2013-09-26,28.77179718017578
2013-09-27,28.365768432617188
2013-09-30,28.092763900756836
2013-10-01,28.65278434753418
2013-10-02,28.743793487548828
2013-10-03,28.66677474975586
2013-10-04,29.051815032958984
2013-10-07,28.792781829833984
2013-10-08,28.519773483276367
2013-10-09,28.743793487548828
2013-10-10,29.38783264160156
2013-10-11,29.506837844848633
2013-10-14,29.69584846496582
2013-10-15,29.338823318481445
2013-10-16,29.548831939697266
2013-10-17,29.751850128173828
2013-10-18,29.751850128173828
2013-10-21,29.765851974487305
2013-10-22,30.038875579833984
2013-10-23,29.38082695007324
2013-10-24,29.31781768798828
2013-10-25,29.485822677612305
2013-10-28,29.5698299407959
2013-10-29,29.653837203979492
2013-10-30,29.506837844848633
2013-10-31,29.310829162597656
2013-11-01,29.296812057495117
2013-11-04,29.485822677612305
2013-11-05,28.89780044555664
2013-11-06,29.002819061279297
2013-11-07,28.498777389526367
2013-11-08,28.40076446533203
2013-11-11,28.267759323120117
2013-11-12,28.071748733520508
2013-11-13,28.183753967285156
2013-11-14,28.645790100097656
2013-11-15,29.128807067871097
2013-11-18,29.41582298278809
2013-11-19,29.135812759399418
2013-11-20,28.77179718017578
2013-11-21,28.764793395996097
2013-11-22,28.94679832458496
2013-11-25,28.596773147583008
2013-11-26,28.617780685424805
2013-11-27,28.799787521362305
2013-11-29,29.03779983520508
2013-12-02,28.49176597595215
2013-12-03,28.38677024841309
2013-12-04,28.393768310546875
2013-12-05,28.302759170532227
2013-12-06,28.932804107666016
2013-12-09,28.93980407714844
2013-12-10,28.995805740356445
2013-12-11,28.40776252746582
2013-12-12,28.155752182006836
2013-12-13,28.239757537841797
2013-12-16,28.379770278930664
2013-12-17,28.19076919555664
2013-12-18,28.65278434753418
2013-12-19,28.1767520904541
2013-12-20,28.11763381958008
2013-12-23,28.32174301147461
2013-12-24,28.46954917907715
2013-12-26,28.286550521850582
2013-12-27,28.624380111694336
2013-12-30,28.72994613647461
2013-12-31,28.955175399780273
2014-01-02,27.941679000854492
2014-01-03,27.906484603881836
2014-01-06,27.639039993286133
2014-01-07,27.75164794921875
2014-01-08,27.70237922668457
2014-01-09,27.526430130004883
2014-01-10,28.06132698059082
2014-01-13,27.709415435791016
2014-01-14,28.01908493041992
2014-01-15,28.01205825805664
2014-01-16,27.85721015930176
2014-01-17,27.758686065673828
2014-01-21,27.67422103881836
2014-01-22,28.026140213012695
2014-01-23,27.38565444946289
2014-01-24,26.717021942138672
2014-01-27,26.541074752807617
2014-01-28,26.717021942138672
2014-01-29,26.24546813964844
2014-01-30,26.519960403442383
2014-01-31,26.512922286987305
2014-02-03,25.809097290039062
2014-02-04,26.4073486328125
2014-02-05,26.315858840942383
2014-02-06,26.836692810058594
2014-02-07,26.94225311279297
2014-02-10,26.639610290527344
2014-02-11,27.20266914367676
2014-02-12,27.160446166992188
2014-02-13,27.188587188720703
2014-02-14,27.51937484741211
2014-02-18,27.287124633789062
2014-02-19,27.167478561401367
2014-02-20,27.30824279785156
2014-02-21,27.49825859069824
2014-02-24,27.470111846923828
2014-02-25,27.125244140625
2014-02-26,27.054853439331055
2014-02-27,27.589771270751953
2014-02-28,27.37158203125
2014-03-03,26.89298439025879
2014-03-04,27.336395263671875
2014-03-05,27.420854568481445
2014-03-06,27.800926208496097
2014-03-07,27.41380500793457
2014-03-10,27.251930236816406
2014-03-11,26.935205459594727
2014-03-12,27.04077911376953
2014-03-13,26.576261520385746
2014-03-14,26.75222396850586
2014-03-17,27.04077911376953
2014-03-18,27.45604133605957
2014-03-19,26.91409492492676
2014-03-20,27.04077911376953
2014-03-21,27.20266914367676
2014-03-24,27.441967010498047
2014-03-25,27.868919372558594
2014-03-26,27.875995635986328
2014-03-27,28.200611114501953
2014-03-28,28.426437377929688
2014-03-31,28.63815116882324
2014-04-01,28.913389205932617
2014-04-02,29.01923370361328
2014-04-03,28.849876403808594
2014-04-04,28.800474166870117
2014-04-07,28.955732345581055
2014-04-08,29.223905563354492
2014-04-09,29.456798553466797
2014-04-10,29.17450523376465
2014-04-11,29.1603946685791
2014-04-14,29.11804962158203
2014-04-15,28.687562942504883
2014-04-16,28.983964920043945
2014-04-17,29.32977867126465
2014-04-21,29.13922119140625
2014-04-22,29.040428161621097
2014-04-23,28.88517189025879
2014-04-24,28.88517189025879
2014-04-25,28.553466796875
2014-04-28,28.63815116882324
2014-04-29,28.913389205932617
2014-04-30,28.89221954345703
2014-05-01,28.913389205932617
2014-05-02,29.103933334350582
2014-05-05,28.976903915405273
2014-05-06,29.089818954467773
2014-05-07,29.273305892944336
2014-05-08,29.195680618286133
2014-05-09,29.17450523376465
2014-05-12,29.647350311279297
2014-05-13,29.77437400817871
2014-05-14,29.971982955932617
2014-05-15,29.703798294067383
2014-05-16,30.07076644897461
2014-05-19,30.084884643554688
2014-05-20,29.83083724975586
2014-05-21,30.042543411254883
2014-05-22,30.27543830871582
2014-05-23,30.27543830871582
2014-05-27,30.0284366607666
2014-05-28,30.141340255737305
2014-05-29,30.176633834838867
2014-05-30,29.788475036621097
2014-06-02,29.936687469482425
2014-06-03,30.106061935424805
2014-06-04,29.936687469482425
2014-06-05,30.27543830871582
2014-06-06,30.60006332397461
2014-06-09,30.79060173034668
2014-06-10,30.91057777404785
2014-06-11,30.80471992492676
2014-06-12,30.66358184814453
2014-06-13,30.77650260925293
2014-06-16,30.578893661499023
2014-06-17,30.60006332397461
2014-06-18,30.952924728393555
2014-06-19,30.762371063232425
2014-06-20,30.77650260925293
2014-06-23,30.635358810424805
2014-06-24,30.591167449951172
2014-06-25,30.719436645507812
2014-06-26,30.705181121826172
2014-06-27,30.7835636138916
2014-06-30,30.73369407653809
2014-07-01,31.0115909576416
2014-07-02,31.196874618530273
2014-07-03,31.360761642456055
2014-07-07,31.424890518188477
2014-07-08,31.28949737548828
2014-07-09,31.474781036376953
2014-07-10,31.282381057739254
2014-07-11,31.339384078979492
2014-07-14,31.581666946411133
2014-07-15,31.538917541503903
2014-07-16,31.63866424560547
2014-07-17,31.032970428466797
2014-07-18,31.51752281188965
2014-07-21,31.63153648376465
2014-07-22,31.95934295654297
2014-07-23,31.966449737548828
2014-07-24,32.12324142456055
2014-07-25,31.99496078491211
2014-07-28,32.16598892211914
2014-07-29,31.873823165893555
2014-07-30,31.70992660522461
2014-07-31,31.154111862182617
2014-08-01,31.339384078979492
2014-08-04,31.6956844329834
2014-08-05,31.21824073791504
2014-08-06,30.997343063354492
2014-08-07,30.854835510253903
2014-08-08,31.196874618530273
2014-08-11,31.64579391479492
2014-08-12,31.652917861938477
2014-08-13,31.788311004638672
2014-08-14,31.809682846069336
2014-08-15,31.76692771911621
2014-08-18,32.0947265625
2014-08-19,32.279991149902344
2014-08-20,32.230106353759766
2014-08-21,32.20160675048828
2014-08-22,32.0590934753418
2014-08-25,32.329872131347656
2014-08-26,32.50801086425781
2014-08-27,32.67192459106445
2014-08-28,32.37262725830078
2014-08-29,32.351261138916016
2014-09-02,32.41537857055664
2014-09-03,32.95694351196289
2014-09-04,32.81443786621094
2014-09-05,33.12797546386719
2014-09-08,32.743186950683594
2014-09-09,32.34412384033203
2014-09-10,32.20160675048828
2014-09-11,31.973587036132812
2014-09-12,31.538917541503903
2014-09-15,31.403514862060547
2014-09-16,31.80255889892578
2014-09-17,31.49614524841309
2014-09-18,31.56742286682129
2014-09-19,31.332252502441406
2014-09-22,30.86907196044922
2014-09-23,30.6695613861084
2014-09-24,31.149112701416016
2014-09-25,30.42905616760254
2014-09-26,30.623472213745117
2014-09-29,29.96823501586914
2014-09-30,30.033044815063477
2014-10-01,29.45701026916504
2014-10-02,29.63701438903809
2014-10-03,29.881820678710938
2014-10-06,30.414663314819336
2014-10-07,30.119441986083984
2014-10-08,30.580272674560547
2014-10-09,30.155445098876953
2014-10-10,29.471399307250977
2014-10-13,29.83142471313477
2014-10-14,29.96823501586914
2014-10-15,29.55060577392578
2014-10-16,29.255388259887695
2014-10-17,29.629806518554688
2014-10-20,29.65142250061035
2014-10-21,29.7882137298584
2014-10-22,29.55060577392578
2014-10-23,29.57940673828125
2014-10-24,29.8602237701416
2014-10-27,29.55060577392578
2014-10-28,30.169851303100582
2014-10-29,30.112239837646484
2014-10-30,30.457868576049805
2014-10-31,30.70267677307129
2014-11-03,30.493858337402344
2014-11-04,30.52265739440918
2014-11-05,30.34266471862793
2014-11-06,29.910621643066406
2014-11-07,30.105039596557617
2014-11-10,30.12664031982422
2014-11-11,30.17705535888672
2014-11-12,30.090635299682617
2014-11-13,30.018634796142575
2014-11-14,30.335460662841797
2014-11-17,29.953834533691406
2014-11-18,30.105039596557617
2014-11-19,30.16264533996582
2014-11-20,30.112239837646484
2014-11-21,31.041107177734375
2014-11-24,30.803489685058594
2014-11-25,30.60188102722168
2014-11-26,30.91868782043457
2014-11-28,30.3642578125
2014-12-01,29.8098201751709
2014-12-02,29.7954158782959
2014-12-03,29.946636199951172
2014-12-04,29.910621643066406
2014-12-05,29.889028549194336
2014-12-08,29.406593322753903
2014-12-09,29.07537078857422
2014-12-10,28.657745361328125
2014-12-11,28.39133071899414
2014-12-12,27.966516494750977
2014-12-15,27.404874801635746
2014-12-16,27.152870178222656
2014-12-17,27.99531364440918
2014-12-18,28.42732810974121
2014-12-19,28.564149856567383
2014-12-22,28.935880661010746
2014-12-23,28.70444679260254
2014-12-24,28.76231384277344
2014-12-26,28.95756721496582
2014-12-29,28.863554000854492
2014-12-30,28.943119049072266
2014-12-31,28.943119049072266
2015-01-02,28.61042594909668
2015-01-05,28.154809951782227
2015-01-06,28.017406463623047
2015-01-07,28.661054611206055
2015-01-08,29.14561462402344
2015-01-09,29.000978469848633
2015-01-12,28.740617752075195
2015-01-13,28.943119049072266
2015-01-14,28.834632873535156
2015-01-15,28.921415328979492
2015-01-16,29.210697174072266
2015-01-20,29.10944938659668
2015-01-21,29.760345458984375
2015-01-22,30.38954162597656
2015-01-23,30.129180908203125
2015-01-26,30.165355682373047
2015-01-27,30.0062313079834
2015-01-28,29.651857376098633
2015-01-29,29.6807918548584
2015-01-30,28.88524627685547
2015-02-02,29.39873313903809
2015-02-03,29.919456481933594
2015-02-04,29.716949462890625
2015-02-05,29.941158294677734
2015-02-06,29.449365615844727
2015-02-09,29.413206100463867
2015-02-10,29.36257553100586
2015-02-11,29.232393264770508
2015-02-12,29.912221908569336
2015-02-13,30.215974807739254
2015-02-17,30.121950149536133
2015-02-18,30.150890350341797
2015-02-19,30.056869506835938
2015-02-20,30.20873260498047
2015-02-23,29.919456481933594
2015-02-24,30.331701278686523
2015-02-25,30.230432510375977
2015-02-26,30.20873260498047
2015-02-27,30.230432510375977
2015-03-02,30.187047958374023
2015-03-03,29.912221908569336
2015-03-04,29.565082550048828
2015-03-05,29.50721740722656
2015-03-06,29.02990341186523
2015-03-09,28.9141788482666
2015-03-10,28.313915252685547
2015-03-11,28.538110733032227
2015-03-12,28.697216033935547
2015-03-13,28.350078582763672
2015-03-16,28.682748794555664
2015-03-17,28.863554000854492
2015-03-18,29.608478546142575
2015-03-19,29.08776092529297
2015-03-20,29.449365615844727
2015-03-23,29.536148071289062
2015-03-24,29.651857376098633
2015-03-25,29.13821792602539
2015-03-26,28.97158432006836
2015-03-27,29.036787033081055
2015-03-30,29.630857467651367
2015-03-31,29.60912322998047
2015-04-01,30.007583618164062
2015-04-02,30.471237182617188
2015-04-06,30.840721130371097
2015-04-07,30.76826858520508
2015-04-08,31.39132308959961
2015-04-09,31.797021865844727
2015-04-10,31.73181533813477
2015-04-13,31.623157501220703
2015-04-14,31.7100830078125
2015-04-15,31.89844512939453
2015-04-16,32.18824005126953
2015-04-17,31.528968811035156
2015-04-20,31.427547454833984
2015-04-21,31.673858642578125
2015-04-22,32.043338775634766
2015-04-23,32.20272445678711
2015-04-24,32.36210632324219
2015-04-27,32.499759674072266
2015-04-28,32.579444885253906
2015-04-29,32.23170471191406
2015-04-30,31.804269790649418
2015-05-01,31.992626190185547
2015-05-04,32.152008056640625
2015-05-05,31.818748474121097
2015-05-06,31.39856338500977
2015-05-07,31.355093002319336
2015-05-08,31.833250045776367
2015-05-11,31.528968811035156
2015-05-12,31.442035675048828
2015-05-13,31.521718978881836
2015-05-14,31.818748474121097
2015-05-15,32.144771575927734
2015-05-18,31.833250045776367
2015-05-19,31.905689239501953
2015-05-20,31.862213134765625
2015-05-21,31.76803398132324
2015-05-22,31.847734451293945
2015-05-26,31.37683486938477
2015-05-27,31.456514358520508
2015-05-28,31.014591217041016
2015-05-29,30.67409324645996
2015-06-01,30.65237045288086
2015-06-02,30.76102828979492
2015-06-03,30.608884811401367
2015-06-04,30.159725189208984
2015-06-05,30.014822006225582
2015-06-08,30.00032615661621
2015-06-09,29.782987594604492
2015-06-10,30.217681884765625
2015-06-11,30.094511032104492
2015-06-12,30.10175895690918
2015-06-15,29.79748916625977
2015-06-16,29.862682342529297
2015-06-17,30.051042556762695
2015-06-18,30.319101333618164
2015-06-19,30.04380226135254
2015-06-22,30.435014724731445
2015-06-23,30.71031379699707
2015-06-24,30.550935745239254
2015-06-25,30.44225692749023
2015-06-26,30.161487579345703
2015-06-29,29.496103286743164
2015-06-30,29.89095115661621
2015-07-01,29.89095115661621
2015-07-02,30.029869079589844
2015-07-06,29.196311950683594
2015-07-07,28.75029563903809
2015-07-08,27.6900691986084
2015-07-09,28.25307846069336
2015-07-10,29.050079345703125
2015-07-13,29.232872009277344
2015-07-14,29.30599594116211
2015-07-15,28.94770622253418
2015-07-16,29.291372299194336
2015-07-17,29.28407096862793
2015-07-20,29.10126686096191
2015-07-21,29.108572006225582
2015-07-22,28.721052169799805
2015-07-23,28.479753494262695
2015-07-24,28.070289611816406
2015-07-27,27.441465377807617
2015-07-28,27.70469093322754
2015-07-29,27.960620880126953
2015-07-30,27.785125732421875
2015-07-31,28.019102096557617
2015-08-03,27.55845832824707
2015-08-04,27.646203994750977
2015-08-05,27.675445556640625
2015-08-06,27.478017807006836
2015-08-07,27.448780059814453
2015-08-10,27.91673469543457
2015-08-11,27.317167282104492
2015-08-12,26.893077850341797
2015-08-13,26.841888427734375
2015-08-14,26.92231559753418
2015-08-17,26.637163162231445
2015-08-18,26.330062866210938
2015-08-19,25.971784591674805
2015-08-20,25.576942443847656
2015-08-21,24.758010864257812
2015-08-24,23.53691864013672
2015-08-25,23.858652114868164
2015-08-26,24.684890747070312
2015-08-27,25.679304122924805
2015-08-28,25.306400299072266
2015-08-31,25.255216598510746
2015-09-01,24.268110275268555
2015-09-02,24.633705139160156
2015-09-03,24.743383407592773
2015-09-04,23.968324661254883
2015-09-08,24.772634506225582
2015-09-09,24.633705139160156
2015-09-10,24.81650161743164
2015-09-11,24.91156005859375
2015-09-14,24.91156005859375
2015-09-15,25.167470932006836
2015-09-16,25.752416610717773
2015-09-17,25.752416610717773
2015-09-18,25.12360382080078
2015-09-21,25.18209648132324
2015-09-22,24.692201614379883
2015-09-23,24.319297790527344
2015-09-24,24.275421142578125
2015-09-25,24.230945587158203
2015-09-28,23.689847946166992
2015-09-29,23.882570266723633
2015-09-30,24.52745246887207
2015-10-01,24.60898208618164
2015-10-02,25.253856658935547
2015-10-05,25.75788688659668
2015-10-06,25.691186904907227
2015-10-07,26.32863998413086
2015-10-08,26.669605255126953
2015-10-09,26.699262619018555
2015-10-12,26.55101776123047
2015-10-13,26.07662773132324
2015-10-14,26.276762008666992
2015-10-15,26.877161026000977
2015-10-16,26.958696365356445
2015-10-19,26.684436798095703
2015-10-20,26.62514305114746
2015-10-21,26.239700317382812
2015-10-22,26.810449600219727
2015-10-23,26.98834228515625
2015-10-26,26.684436798095703
2015-10-27,26.43983268737793
2015-10-28,26.15074920654297
2015-10-29,25.861671447753903
2015-10-30,25.824602127075195
2015-11-02,26.31382751464844
2015-11-03,26.639955520629883
2015-11-04,26.49172019958496
2015-11-05,26.528778076171875
2015-11-06,26.2322940826416
2015-11-09,25.617067337036133
2015-11-10,25.550350189208984
2015-11-11,25.579998016357425
2015-11-12,25.313152313232425
2015-11-13,24.97959899902344
2015-11-16,25.52070045471191
2015-11-17,25.491052627563477
2015-11-18,25.691186904907227
2015-11-19,25.8839054107666
2015-11-20,26.10626983642578
2015-11-23,25.891321182250977
2015-11-24,25.958026885986328
2015-11-25,25.75788688659668
2015-11-27,25.194549560546875
2015-11-30,25.23162078857422
2015-12-01,25.37986946105957
2015-12-02,25.12784767150879
2015-12-03,25.05372428894043
2015-12-04,25.15008544921875
2015-12-07,24.79429054260254
2015-12-08,24.497798919677734
2015-12-09,24.31989860534668
2015-12-10,24.07529640197754
2015-12-11,23.393354415893555
2015-12-14,23.778804779052734
2015-12-15,24.127180099487305
2015-12-16,24.53485679626465
2015-12-17,24.31989860534668
2015-12-18,24.19388771057129
2015-12-21,24.36446189880371
2015-12-22,24.55067253112793
2015-12-23,24.91566276550293
2015-12-24,24.841175079345703
2015-12-28,24.71454811096191
2015-12-29,24.699649810791016
2015-12-30,24.357019424438477
2015-12-31,24.36446189880371
2016-01-04,23.67173957824707
2016-01-05,23.723878860473633
2016-01-06,23.29930305480957
2016-01-07,22.5469970703125
2016-01-08,22.345882415771484
2016-01-11,22.249052047729492
2016-01-12,22.330984115600582
2016-01-13,22.077730178833008
2016-01-14,22.360780715942383
2016-01-15,21.42225646972656
2016-01-19,21.720197677612305
2016-01-20,21.26583480834961
2016-01-21,21.303075790405273
2016-01-22,22.02558708190918
2016-01-25,21.66061210632324
2016-01-26,21.973453521728516
2016-01-27,21.831932067871097
2016-01-28,22.182016372680664
2016-01-29,22.9641170501709
2016-02-01,22.733213424682617
2016-02-02,22.05538749694824
2016-02-03,22.643835067749023
2016-02-04,22.800247192382812
2016-02-05,22.56189346313477
2016-02-08,22.249052047729492
2016-02-09,21.966007232666016
2016-02-10,22.03304100036621
2016-02-11,21.712751388549805
2016-02-12,22.070281982421875
2016-02-16,22.59169006347656
2016-02-17,23.06095314025879
2016-02-18,22.949220657348633
2016-02-19,22.852388381958008
2016-02-22,23.41848945617676
2016-02-23,22.911977767944336
2016-02-24,22.911977767944336
2016-02-25,22.949220657348633
2016-02-26,22.748111724853516
2016-02-29,22.88963508605957
2016-03-01,23.723878860473633
2016-03-02,24.088871002197266
2016-03-03,24.34956169128418
2016-03-04,24.88587188720703
2016-03-07,24.833723068237305
2016-03-08,24.401710510253903
2016-03-09,24.55813217163086
2016-03-10,24.498538970947266
2016-03-11,25.03484344482422
2016-03-14,24.89331817626953
2016-03-15,24.473236083984375
2016-03-16,24.98807716369629
2016-03-17,25.49544906616211
2016-03-18,25.66706085205078
2016-03-21,25.77151679992676
2016-03-22,25.65959930419922
2016-03-23,25.264150619506836
2016-03-24,25.226837158203125
2016-03-28,25.29399681091309
2016-03-29,25.540220260620117
2016-03-30,25.83121681213379
2016-03-31,25.801359176635746
2016-04-01,25.8759765625
2016-04-04,25.525287628173828
2016-04-05,25.047767639160156
2016-04-06,25.36860466003418
2016-04-07,24.838844299316406
2016-04-08,25.27160263061523
2016-04-11,25.607364654541016
2016-04-12,26.00282096862793
2016-04-13,26.48780632019043
2016-04-14,26.353506088256836
2016-04-15,26.196823120117188
2016-04-18,26.28635025024414
2016-04-19,26.689266204833984
2016-04-20,26.517658233642575
2016-04-21,26.226659774780273
2016-04-22,26.129657745361328
2016-04-25,25.92074966430664
2016-04-26,26.226659774780273
2016-04-27,26.38334274291992
2016-04-28,26.11473846435547
2016-04-29,26.062509536743164
2016-05-02,25.99535369873047
2016-05-03,25.27160263061523
2016-05-04,24.913454055786133
2016-05-05,24.913454055786133
2016-05-06,24.973155975341797
2016-05-09,24.592618942260746
2016-05-10,25.08507537841797
2016-05-11,25.01045608520508
2016-05-12,24.965688705444336
2016-05-13,24.518007278442383
2016-05-16,24.801544189453125
2016-05-17,24.69707298278809
2016-05-18,24.50308609008789
2016-05-19,24.20462989807129
2016-05-20,24.473236083984375
2016-05-23,24.42101287841797
2016-05-24,24.712005615234375
2016-05-25,24.995532989501953
2016-05-26,25.159683227539062
2016-05-27,25.1522216796875
2016-05-31,25.21937561035156
2016-06-01,25.196985244750977
2016-06-02,25.398452758789062
2016-06-03,25.793901443481445
2016-06-06,26.010284423828125
2016-06-07,26.26396751403809
2016-06-08,26.480358123779297
2016-06-09,26.18189239501953
2016-06-10,25.517826080322266
2016-06-13,25.196985244750977
2016-06-14,25.12413787841797
2016-06-15,25.35697364807129
2016-06-16,25.2968807220459
2016-06-17,25.40955352783203
2016-06-20,25.777585983276367
2016-06-21,25.972871780395508
2016-06-22,26.01042938232422
2016-06-23,26.65638732910156
2016-06-24,25.14666748046875
2016-06-27,24.883785247802734
2016-06-28,25.597326278686523
2016-06-29,26.198205947875977
2016-06-30,26.461084365844727
2016-07-01,26.65638732910156
2016-07-05,26.130605697631836
2016-07-06,26.130605697631836
2016-07-07,26.01794052124023
2016-07-08,26.596282958984375
2016-07-11,26.814104080200195
2016-07-12,27.227203369140625
2016-07-13,27.182130813598633
2016-07-14,27.55768394470215
2016-07-15,27.460041046142575
2016-07-18,27.700395584106445
2016-07-19,27.460041046142575
2016-07-20,27.602754592895508
2016-07-21,27.527645111083984
2016-07-22,27.707902908325195
2016-07-25,27.482580184936523
2016-07-26,27.6478214263916
2016-07-27,27.685373306274418
2016-07-28,27.67035484313965
2016-07-29,27.82057762145996
2016-08-01,27.715410232543945
2016-08-02,27.56519889831543
2016-08-03,27.715410232543945
2016-08-04,27.85061264038086
2016-08-05,28.15855598449707
2016-08-08,28.33883285522461
2016-08-09,28.526601791381836
2016-08-10,28.459003448486328
2016-08-11,28.78948211669922
2016-08-12,28.676822662353516
2016-08-15,28.992271423339844
2016-08-16,28.84206771850586
2016-08-17,28.736896514892575
2016-08-18,28.969745635986328
2016-08-19,28.796985626220703
2016-08-22,28.43646240234375
2016-08-23,28.29374885559082
2016-08-24,28.376379013061523
2016-08-25,28.368871688842773
2016-08-26,28.143545150756836
2016-08-29,28.353851318359375
2016-08-30,28.30878257751465
2016-08-31,28.03837776184082
2016-09-01,28.1886043548584
2016-09-02,28.616727828979492
2016-09-06,29.11244773864746
2016-09-07,29.07489967346191
2016-09-08,29.014812469482425
2016-09-09,28.098464965820312
2016-09-12,28.33131217956543
2016-09-13,27.624357223510746
2016-09-14,27.723173141479492
2016-09-15,28.164079666137695
2016-09-16,27.974042892456055
2016-09-19,28.209678649902344
2016-09-20,28.217296600341797
2016-09-21,28.901430130004883
2016-09-22,29.030664443969727
2016-09-23,28.650577545166016
2016-09-26,28.30089950561523
2016-09-27,28.597373962402344
2016-09-28,28.87863540649414
2016-09-29,28.39972686767578
2016-09-30,28.60498046875
2016-10-03,28.795013427734375
2016-10-04,28.50614547729492
2016-10-05,28.939449310302734
2016-10-06,28.939449310302734
2016-10-07,28.840625762939453
2016-10-10,29.03826332092285
2016-10-11,28.49854850769043
2016-10-12,28.468149185180664
2016-10-13,28.29329490661621
2016-10-14,28.369319915771484
2016-10-17,28.316118240356445
2016-10-18,28.817821502685547
2016-10-19,28.96986198425293
2016-10-20,28.931840896606445
2016-10-21,28.939449310302734
2016-10-24,29.083873748779297
2016-10-25,29.06106948852539
2016-10-26,28.848215103149418
2016-10-27,28.62777328491211
2016-10-28,28.468149185180664
2016-10-31,28.69619369506836
2016-11-01,28.483354568481445
2016-11-02,28.156478881835938
2016-11-03,28.088064193725582
2016-11-04,27.791593551635746
2016-11-07,28.734203338623047
2016-11-08,28.871028900146484
2016-11-09,28.110868453979492
2016-11-10,27.2974910736084
2016-11-11,26.79578399658203
2016-11-14,26.666549682617188
2016-11-15,27.168262481689453
2016-11-16,26.947811126708984
2016-11-17,26.955419540405273
2016-11-18,26.89459991455078
2016-11-21,27.160661697387695
2016-11-22,27.45712661743164
2016-11-23,27.191068649291992
2016-11-25,27.335493087768555
2016-11-28,27.472328186035156
2016-11-29,27.487529754638672
2016-11-30,27.533138275146484
2016-12-01,27.22146987915039
2016-12-02,27.191068649291992
2016-12-05,27.373512268066406
2016-12-06,27.487529754638672
2016-12-07,27.898019790649418
2016-12-08,28.02724838256836
2016-12-09,27.898019790649418
2016-12-12,27.669960021972656
2016-12-13,27.951236724853516
2016-12-14,27.14546585083008
2016-12-15,27.267087936401367
2016-12-16,27.099855422973633
2016-12-19,26.917407989501953
2016-12-20,26.96323585510254
2016-12-21,26.879222869873047
2016-12-22,26.62715530395508
2016-12-23,26.75699806213379
2016-12-27,26.886852264404297
2016-12-28,27.054893493652344
2016-12-29,27.475004196166992
2016-12-30,27.329870223999023
2017-01-03,27.627775192260746
2017-01-04,27.879838943481445
2017-01-05,28.170093536376953
2017-01-06,28.055513381958008
2017-01-09,28.00968360900879
2017-01-10,28.16245460510254
2017-01-11,28.406877517700195
2017-01-12,28.47562599182129
2017-01-13,28.4450740814209
2017-01-17,28.414514541625977
2017-01-18,28.307580947875977
2017-01-19,28.231199264526367
2017-01-20,28.27702522277832
2017-01-23,28.666582107543945
2017-01-24,28.872819900512695
2017-01-25,29.1248836517334
2017-01-26,29.002660751342773
2017-01-27,29.03321647644043
2017-01-30,28.888092041015625
2017-01-31,28.903369903564453
2017-02-01,28.9644832611084
2017-02-02,29.06376838684082
2017-02-03,29.247089385986328
2017-02-06,29.178346633911133
2017-02-07,29.0714111328125
2017-02-08,29.300556182861328
2017-02-09,29.45332717895508
2017-02-10,29.720659255981445
2017-02-13,29.83523178100586
2017-02-14,29.88107681274414
2017-02-15,30.10259246826172
2017-02-16,30.018564224243164
2017-02-17,29.919267654418945
2017-02-21,30.16368865966797
2017-02-22,30.240074157714844
2017-02-23,30.255353927612305
2017-02-24,29.93453788757324
2017-02-27,29.812328338623047
2017-02-28,29.552621841430664
2017-03-01,30.026193618774418
2017-03-02,29.491527557373047
2017-03-03,29.74357795715332
2017-03-06,29.78941345214844
2017-03-07,29.827608108520508
2017-03-08,29.529708862304688
2017-03-09,29.277647018432617
2017-03-10,29.52207374572754
2017-03-13,29.89634132385254
2017-03-14,29.72829818725586
2017-03-15,30.42339515686035
2017-03-16,30.629621505737305
2017-03-17,30.599077224731445
2017-03-20,30.896963119506836
2017-03-21,30.52269172668457
2017-03-22,30.668846130371097
2017-03-23,30.684141159057617
2017-03-24,30.768325805664062
2017-03-27,30.676494598388672
2017-03-28,30.753005981445312
2017-03-29,30.79892349243164
2017-03-30,30.622934341430664
2017-03-31,30.39336395263672
2017-04-03,30.630577087402344
2017-04-04,30.699447631835938
2017-04-05,30.645885467529297
2017-04-06,30.59232521057129
2017-04-07,30.58466911315918
2017-04-10,30.439289093017575
2017-04-11,30.469890594482425
2017-04-12,30.5770206451416
2017-04-13,30.41632652282715
2017-04-17,30.676494598388672
2017-04-18,30.31684112548828
2017-04-19,30.09494400024414
2017-04-20,30.40867042541504
2017-04-21,30.378070831298828
2017-04-24,30.730066299438477
2017-04-25,30.95195579528809
2017-04-26,30.837177276611328
2017-04-27,30.737701416015625
2017-04-28,30.8677921295166
2017-05-01,30.99022674560547
2017-05-02,31.143260955810547
2017-05-03,30.921356201171875
2017-05-04,30.59232521057129
2017-05-05,30.768325805664062
2017-05-08,30.5770206451416
2017-05-09,30.921356201171875
2017-05-10,31.16621971130371
2017-05-11,31.150915145874023
2017-05-12,31.319259643554688
2017-05-15,31.61002540588379
2017-05-16,31.640642166137695
2017-05-17,31.16621971130371
2017-05-18,30.59232521057129
2017-05-19,31.13560676574707
2017-05-22,31.12795639038086
2017-05-23,31.112648010253903
2017-05-24,31.21977806091309
2017-05-25,31.38046646118164
2017-05-26,31.456993103027344
2017-05-30,31.403432846069336
2017-05-31,31.17387008666992
2017-06-01,31.403432846069336
2017-06-02,31.50289535522461
2017-06-05,31.50289535522461
2017-06-06,31.525850296020508
2017-06-07,31.50289535522461
2017-06-08,31.56411361694336
2017-06-09,31.34986114501953
2017-06-12,31.23508644104004
2017-06-13,31.38046646118164
2017-06-14,31.357507705688477
2017-06-15,31.082046508789062
2017-06-16,31.1815128326416
2017-06-19,31.38812828063965
2017-06-20,31.0131778717041
2017-06-21,31.13098526000977
2017-06-22,31.246484756469727
2017-06-23,31.362001419067383
2017-06-26,31.693086624145508
2017-06-27,31.362001419067383
2017-06-28,31.54678726196289
2017-06-29,31.192583084106445
2017-06-30,31.438982009887695
2017-07-03,31.585296630859375
2017-07-05,31.531383514404297
2017-07-06,31.18488883972168
2017-07-07,31.26957893371582
2017-07-10,31.492883682250977
2017-07-11,31.71617317199707
2017-07-12,32.31678009033203
2017-07-13,32.4091796875
2017-07-14,32.740291595458984
2017-07-17,32.57088851928711
2017-07-18,32.624786376953125
2017-07-19,32.94047927856445
2017-07-20,32.871177673339844
2017-07-21,32.80187225341797
2017-07-24,32.92507553100586
2017-07-25,32.871177673339844
2017-07-26,33.10987854003906
2017-07-27,32.94047927856445
2017-07-28,33.06366729736328
2017-07-31,33.11758041381836
2017-08-01,33.25617599487305
2017-08-02,33.33317565917969
2017-08-03,33.20998001098633
2017-08-04,33.294673919677734
2017-08-07,33.55647659301758
2017-08-08,33.51028823852539
2017-08-09,33.32546615600586
2017-08-10,32.555477142333984
2017-08-11,32.655582427978516
2017-08-14,32.94047927856445
2017-08-15,32.91737365722656
2017-08-16,33.31777572631836
2017-08-17,32.894287109375
2017-08-18,33.13298416137695
2017-08-21,33.21767044067383
2017-08-22,33.51028823852539
2017-08-23,33.671974182128906
2017-08-24,33.74898910522461
2017-08-25,34.03388977050781
2017-08-28,34.02616882324219
2017-08-29,33.956878662109375
2017-08-30,33.99538040161133
2017-08-31,34.110870361328125
2017-09-01,34.357269287109375
2017-09-05,34.09546661376953
2017-09-06,34.34188461303711
2017-09-07,34.51127243041992
2017-09-08,34.287967681884766
2017-09-11,34.688377380371094
2017-09-12,34.626766204833984
2017-09-13,34.39577865600586
2017-09-14,34.4650764465332
2017-09-15,34.69607162475586
2017-09-18,34.6652717590332
2017-09-19,34.69607162475586
2017-09-20,34.59635543823242
2017-09-21,34.62751770019531
2017-09-22,34.41718673706055
2017-09-25,33.77838897705078
2017-09-26,33.77060317993164
2017-09-27,33.5836296081543
2017-09-28,33.599212646484375
2017-09-29,33.941978454589844
2017-10-02,33.973140716552734
2017-10-03,34.44055938720703
2017-10-04,34.47949981689453
2017-10-05,34.697628021240234
2017-10-06,34.5651969909668
2017-10-09,34.44834518432617
2017-10-10,34.7833251953125
2017-10-11,34.88459396362305
2017-10-12,34.88459396362305
2017-10-13,35.19620895385742
2017-10-16,35.1650505065918
2017-10-17,34.99366760253906
2017-10-18,35.02482223510742
2017-10-19,34.767757415771484
2017-10-20,34.90797424316406
2017-10-23,34.59635543823242
2017-10-24,34.68983459472656
2017-10-25,34.6119384765625
2017-10-26,34.432777404785156
2017-10-27,34.85344314575195
2017-10-30,34.572998046875
2017-10-31,34.767757415771484
2017-11-01,34.85344314575195
2017-11-02,34.96249771118164
2017-11-03,34.75994873046875
2017-11-06,35.09493637084961
2017-11-07,34.87681198120117
2017-11-08,35.0014533996582
2017-11-09,34.8690185546875
2017-11-10,34.736576080322266
2017-11-13,34.666465759277344
2017-11-14,34.432777404785156
2017-11-15,34.152320861816406
2017-11-16,34.75994873046875
2017-11-17,34.95470428466797
2017-11-20,35.10272216796875
2017-11-21,35.53897476196289
2017-11-22,35.655826568603516
2017-11-24,35.52339553833008
2017-11-27,35.157257080078125
2017-11-28,35.36758804321289
2017-11-29,34.87681198120117
2017-11-30,34.65089416503906
2017-12-01,34.31592559814453
2017-12-04,34.432777404785156
2017-12-05,34.37823486328125
2017-12-06,33.949771881103516
2017-12-07,33.99650955200195
2017-12-08,34.38602828979492
2017-12-11,34.6119384765625
2017-12-12,34.3626594543457
2017-12-13,34.736576080322266
2017-12-14,34.518455505371094
2017-12-15,34.6119384765625
2017-12-18,34.97029113769531
2017-12-19,34.87681198120117
2017-12-20,34.92354965209961
2017-12-21,35.26951217651367
2017-12-22,35.55911636352539
2017-12-26,35.5982551574707
2017-12-27,35.590431213378906
2017-12-28,35.76262283325195
2017-12-29,35.93482971191406
2018-01-02,36.55317306518555
2018-01-03,36.905399322509766
2018-01-04,37.13238525390625
2018-01-05,37.46113967895508
2018-01-08,37.468963623046875
2018-01-09,37.46113967895508
2018-01-10,37.2967643737793
2018-01-11,37.539405822753906
2018-01-12,37.938594818115234
2018-01-16,37.7507438659668
2018-01-17,38.28299331665039
2018-01-18,38.345611572265625
2018-01-19,38.70566940307617
2018-01-22,39.01874923706055
2018-01-23,39.15964889526367
2018-01-24,39.51969909667969
2018-01-25,39.378814697265625
2018-01-26,39.90323638916016
2018-01-29,39.27705001831055
2018-01-30,38.7761116027832
2018-01-31,39.010929107666016
2018-02-01,38.64305114746094
2018-02-02,37.774227142333984
2018-02-05,36.561004638671875
2018-02-06,37.468963623046875
2018-02-07,36.40445709228515
2018-02-08,35.19123840332031
2018-02-09,35.723487854003906
2018-02-12,36.21660232543945
2018-02-13,36.49838638305664
2018-02-14,37.24980163574219
2018-02-15,37.94643020629883
2018-02-16,37.80552673339844
2018-02-20,37.468963623046875
2018-02-21,37.4220085144043
2018-02-22,37.468963623046875
2018-02-23,38.07948684692383
2018-02-26,38.43954086303711
2018-02-27,37.40635299682617
2018-02-28,36.92105484008789
2018-03-01,36.913230895996094
2018-03-02,37.00715637207031
2018-03-05,37.11674118041992
2018-03-06,37.226314544677734
2018-03-07,37.21848678588867
2018-03-08,37.241981506347656
2018-03-09,37.90729141235352
2018-03-12,38.04034423828125
2018-03-13,37.67247009277344
2018-03-14,37.71942901611328
2018-03-15,37.57073211669922
2018-03-16,37.45331573486328
2018-03-19,37.10108184814453
2018-03-20,37.4220085144043
2018-03-21,37.62551498413086
2018-03-22,36.435768127441406
2018-03-23,35.903526306152344
2018-03-26,36.9849853515625
2018-03-27,36.43601989746094
2018-03-28,36.185054779052734
2018-03-29,36.84381866455078
2018-04-02,36.302696228027344
2018-04-03,36.655609130859375
2018-04-04,36.77324676513672
2018-04-05,36.85167694091797
2018-04-06,36.20074462890625
2018-04-09,36.169376373291016
2018-04-10,36.84381866455078
2018-04-11,36.89088821411133
2018-04-12,36.88303756713867
2018-04-13,36.49876403808594
2018-04-16,36.53013229370117
2018-04-17,36.561500549316406
2018-04-18,36.8203010559082
2018-04-19,36.61640167236328
2018-04-20,36.185054779052734
2018-04-23,35.94194412231445
2018-04-24,35.777259826660156
2018-04-25,35.510616302490234
2018-04-26,35.87920379638672
2018-04-27,36.06742858886719
2018-04-30,35.824310302734375
2018-05-01,35.62040328979492
2018-05-02,35.38513946533203
2018-05-03,35.27533721923828
2018-05-04,35.447872161865234
2018-05-07,35.35376739501953
2018-05-08,35.53414535522461
2018-05-09,35.58119201660156
2018-05-10,36.287010192871094
2018-05-11,36.16153717041016
2018-05-14,36.271331787109375
2018-05-15,35.58119201660156
2018-05-16,36.0831184387207
2018-05-17,35.58119201660156
2018-05-18,35.25181579589844
2018-05-21,35.4792366027832
2018-05-22,35.62040328979492
2018-05-23,35.46355438232422
2018-05-24,35.338077545166016
2018-05-25,35.42434310913086
2018-05-29,34.64010238647461
2018-05-30,34.94595718383789
2018-05-31,34.98516845703125
2018-06-01,35.377288818359375
2018-06-04,35.74589157104492
2018-06-05,35.43218231201172
2018-06-06,35.94194412231445
2018-06-07,35.39297866821289
2018-06-08,35.36944580078125
2018-06-11,35.322383880615234
2018-06-12,35.29886245727539
2018-06-13,35.040061950683594
2018-06-14,34.85184860229492
2018-06-15,34.66362380981445
2018-06-18,34.2636604309082
2018-06-19,33.87152862548828
2018-06-20,33.981327056884766
2018-06-21,33.502952575683594
2018-06-22,33.775264739990234
2018-06-25,33.33323669433594
2018-06-26,33.19905090332031
2018-06-27,32.46498489379883
2018-06-28,32.772823333740234
2018-06-29,33.30955505371094
2018-07-02,32.94648361206055
2018-07-03,32.97804260253906
2018-07-05,32.94648361206055
2018-07-06,33.34901809692383
2018-07-09,33.95680236816406
2018-07-10,33.925228118896484
2018-07-11,33.29376983642578
2018-07-12,33.75947952270508
2018-07-13,33.78315353393555
2018-07-16,33.59370422363281
2018-07-17,33.854190826416016
2018-07-18,33.82262420654297
2018-07-19,33.435848236083984
2018-07-20,33.86998748779297
2018-07-23,33.767364501953125
2018-07-24,34.27252960205078
2018-07-25,34.81717300415039
2018-07-26,34.47776794433594
2018-07-27,34.525123596191406
2018-07-30,34.47776794433594
2018-07-31,34.63562774658203
2018-08-01,34.375152587890625
2018-08-02,33.98048782348633
2018-08-03,34.193607330322266
2018-08-06,33.93313217163086
2018-08-07,34.240970611572266
2018-08-08,34.162025451660156
2018-08-09,34.11468505859375
2018-08-10,33.435848236083984
2018-08-13,32.899105072021484
2018-08-14,33.09644317626953
2018-08-15,32.12556838989258
2018-08-16,32.35447311401367
2018-08-17,32.630733489990234
2018-08-20,32.772823333740234
2018-08-21,33.128013610839844
2018-08-22,33.32534408569336
2018-08-23,32.80438995361328
2018-08-24,33.29376983642578
2018-08-27,33.83839416503906
2018-08-28,33.67264938354492
2018-08-29,33.862098693847656
2018-08-30,32.962249755859375
2018-08-31,33.18327331542969
2018-09-04,32.4412956237793
2018-09-05,32.09400177001953
2018-09-06,32.07821273803711
2018-09-07,31.93613052368164
2018-09-10,31.55725479125977
2018-09-11,31.59671401977539
2018-09-12,31.79405212402344
2018-09-13,32.19660949707031
2018-09-14,32.15714645385742
2018-09-17,31.904552459716797
2018-09-18,32.15714645385742
2018-09-19,32.59126663208008
2018-09-20,32.85964584350586
2018-09-21,32.993831634521484
2018-09-24,32.583377838134766
2018-09-25,32.788604736328125
2018-09-26,32.84849166870117
2018-09-27,32.94430160522461
2018-09-28,32.73670196533203
2018-10-01,32.81654357910156
2018-10-02,32.46522903442383
2018-10-03,32.19375228881836
2018-10-04,31.459169387817383
2018-10-05,31.315460205078125
2018-10-08,31.371339797973633
2018-10-09,31.29149627685547
2018-10-10,30.42118263244629
2018-10-11,30.14970588684082
2018-10-12,30.916223526000977
2018-10-15,30.61280059814453
2018-10-16,31.315460205078125
2018-10-17,30.9401798248291
2018-10-18,30.13372802734375
2018-10-19,30.413190841674805
2018-10-22,30.73258399963379
2018-10-23,30.429168701171875
2018-10-24,29.542875289916992
2018-10-25,30.101791381835938
2018-10-26,29.87024307250977
2018-10-29,29.287372589111328
2018-10-30,29.886213302612305
2018-10-31,30.229549407958984
2018-11-01,31.315460205078125
2018-11-02,31.4272403717041
2018-11-05,31.570953369140625
2018-11-06,31.451183319091797
2018-11-07,32.01011276245117
2018-11-08,31.235607147216797
2018-11-09,30.700637817382812
2018-11-12,30.293426513671875
2018-11-13,30.652738571166992
2018-11-14,30.892269134521484
2018-11-15,31.499099731445312
2018-11-16,31.61087989807129
2018-11-19,31.219629287719727
2018-11-20,30.56490898132324
2018-11-21,31.139787673950195
2018-11-23,30.81243133544922
2018-11-26,31.028011322021484
2018-11-27,31.25157356262207
2018-11-28,31.94622802734375
2018-11-29,31.730653762817383
2018-11-30,31.69071578979492
2018-12-03,32.32150650024414
2018-12-04,31.722667694091797
2018-12-06,31.46717071533203
2018-12-07,30.836366653442383
2018-12-10,30.477067947387695
2018-12-11,30.78847312927246
2018-12-12,31.25157356262207
2018-12-13,31.299484252929688
2018-12-14,30.908231735229492
2018-12-17,30.57288360595703
2018-12-18,30.764507293701172
2018-12-19,30.253496170043945
2018-12-20,30.485048294067383
2018-12-21,30.23754119873047
2018-12-24,30.003589630126953
2018-12-26,30.53419303894043
2018-12-27,30.46988296508789
2018-12-28,30.686941146850582
2018-12-31,30.630672454833984
2019-01-02,30.767345428466797
2019-01-03,30.28496551513672
2019-01-04,31.241676330566406
2019-01-07,31.305984497070312
2019-01-08,31.48285865783691
2019-01-09,31.94112205505371
2019-01-10,32.182289123535156
2019-01-11,31.98130798339844
2019-01-14,31.756200790405273
2019-01-15,31.965232849121097
2019-01-16,32.27877426147461
2019-01-17,32.43152618408203
2019-01-18,32.60035705566406
2019-01-22,32.05366516113281
2019-01-23,32.367218017578125
2019-01-24,32.64055252075195
2019-01-25,32.96213912963867
2019-01-28,32.61643600463867
2019-01-29,32.65663528442383
2019-01-30,33.235477447509766
2019-01-31,33.58922576904297
2019-02-01,33.34000015258789
2019-02-04,33.412357330322266
2019-02-05,33.79020690917969
2019-02-06,33.38823318481445
2019-02-07,33.0746955871582
2019-02-08,32.9460563659668
2019-02-11,32.753116607666016
2019-02-12,33.0746955871582
2019-02-13,32.841548919677734
2019-02-14,32.905860900878906
2019-02-15,32.849586486816406
2019-02-19,33.1872444152832
2019-02-20,33.33195114135742
2019-02-21,33.25960159301758
2019-02-22,33.6374626159668
2019-02-25,34.087669372558594
2019-02-26,33.9831657409668
2019-02-27,33.717857360839844
2019-02-28,33.46059036254883
2019-03-01,33.500789642333984
2019-03-04,33.62138366699219
2019-03-05,34.01532745361328
2019-03-06,33.84647750854492
2019-03-07,33.299800872802734
2019-03-08,33.05861282348633
2019-03-11,33.73392868041992
2019-03-12,33.870609283447266
2019-03-13,33.942962646484375
2019-03-14,33.766090393066406
2019-03-15,34.22434616088867
2019-03-18,34.61025619506836
2019-03-19,34.61829376220703
2019-03-20,34.61025619506836
2019-03-21,34.69063949584961
2019-03-22,33.6455078125
2019-03-25,33.800167083740234
2019-03-26,33.91293716430664
2019-03-27,33.54239273071289
2019-03-28,33.83237838745117
2019-03-29,34.23514938354492
2019-04-01,34.75068664550781
2019-04-02,34.645965576171875
2019-04-03,34.815147399902344
2019-04-04,35.04069137573242
2019-04-05,35.3226203918457
2019-04-08,35.2984504699707
2019-04-09,35.2501106262207
2019-04-10,35.419288635253906
2019-04-11,35.008460998535156
2019-04-12,35.225955963134766
2019-04-15,35.04069137573242
2019-04-16,35.3226203918457
2019-04-17,35.41122817993164
2019-04-18,35.45151138305664
2019-04-22,35.24207305908203
2019-04-23,35.3226203918457
2019-04-24,34.91179656982422
2019-04-25,34.84735107421875
2019-04-26,35.008460998535156
2019-04-29,34.94401168823242
2019-04-30,34.96818161010742
2019-05-01,34.77485656738281
2019-05-02,34.82318115234375
2019-05-03,35.2742919921875
2019-05-06,34.5251350402832
2019-05-07,33.87265396118164
2019-05-08,33.7840461730957
2019-05-09,33.30879211425781
2019-05-10,33.58266830444336
2019-05-13,32.44686508178711
2019-05-14,32.8979606628418
2019-05-15,32.98657989501953
2019-05-16,32.90602111816406
2019-05-17,32.277713775634766
2019-05-20,32.1649284362793
2019-05-21,32.59991455078125
2019-05-22,32.46297073364258
2019-05-23,32.05215835571289
2019-05-24,32.100486755371094
2019-05-28,32.1971549987793
2019-05-29,32.471031188964844
2019-05-30,32.616031646728516
2019-05-31,32.736854553222656
2019-06-03,32.9301872253418
2019-06-04,32.9382438659668
2019-06-05,32.69657897949219
2019-06-06,32.68851852416992
2019-06-07,32.9221305847168
2019-06-10,33.22822189331055
2019-06-11,33.574615478515625
2019-06-12,33.212120056152344
2019-06-13,33.24434280395508
2019-06-14,32.83352279663086
2019-06-17,32.97059631347656
2019-06-18,33.716793060302734
2019-06-19,33.95200729370117
2019-06-20,34.47920227050781
2019-06-21,34.34133529663086
2019-06-24,34.36565399169922
2019-06-25,33.99256896972656
2019-06-26,34.325103759765625
2019-06-27,34.51976776123047
2019-06-28,34.49543380737305
2019-07-01,34.99020004272461
2019-07-02,34.9415283203125
2019-07-03,34.982093811035156
2019-07-05,34.7387580871582
2019-07-08,34.600868225097656
2019-07-09,34.51164627075195
2019-07-10,34.7387580871582
2019-07-11,34.66576385498047
2019-07-12,34.66576385498047
2019-07-15,34.82797622680664
2019-07-16,34.76309585571289
2019-07-17,34.681983947753906
2019-07-18,34.90097427368164
2019-07-19,34.67387008666992
2019-07-22,34.63331985473633
2019-07-23,34.63331985473633
2019-07-24,34.7387580871582
2019-07-25,34.535987854003906
2019-07-26,34.56843566894531
2019-07-29,34.560325622558594
2019-07-30,34.21966552734375
2019-07-31,33.87089157104492
2019-08-01,33.25447082519531
2019-08-02,32.93815231323242
2019-08-05,31.778301239013672
2019-08-06,32.28117370605469
2019-08-07,32.4190673828125
2019-08-08,32.8408203125
2019-08-09,32.516395568847656
2019-08-12,32.15140151977539
2019-08-13,32.53261947631836
2019-08-14,31.632305145263672
2019-08-15,31.810754776000977
2019-08-16,32.232513427734375
2019-08-19,32.33794403076172
2019-08-20,32.39472198486328
2019-08-21,32.64617156982422
2019-08-22,32.31361389160156
2019-08-23,31.851295471191406
2019-08-26,32.05406951904297
2019-08-27,32.070289611816406
2019-08-28,32.19195556640625
2019-08-29,32.5650520324707
2019-08-30,32.76782989501953
2019-09-03,32.597496032714844
2019-09-04,33.132816314697266
2019-09-05,33.38425064086914
2019-09-06,33.489681243896484
2019-09-09,33.578914642333984
2019-09-10,33.578914642333984
2019-09-11,33.830345153808594
2019-09-12,34.04122543334961
2019-09-13,34.21966552734375
2019-09-16,33.94389724731445
2019-09-17,33.98445129394531
2019-09-18,33.814125061035156
2019-09-19,33.603240966796875
2019-09-20,33.6600227355957
2019-09-23,33.78168487548828
2019-09-24,33.37019729614258
2019-09-25,33.40305709838867
2019-09-26,33.386627197265625
2019-09-27,32.96775436401367
2019-09-30,33.06631088256836
2019-10-01,32.836341857910156
2019-10-02,32.6802864074707
2019-10-03,33.07452392578125
2019-10-04,33.23057174682617
2019-10-07,32.97596740722656
2019-10-08,32.69671630859375
2019-10-09,32.94312286376953
2019-10-10,33.296287536621094
2019-10-11,33.73979949951172
2019-10-14,33.66587448120117
2019-10-15,33.89584732055664
2019-10-16,33.98619079589844
2019-10-17,34.09296417236328
2019-10-18,34.00261688232422
2019-10-21,34.249019622802734
2019-10-22,34.224369049072266
2019-10-23,34.24080276489258
2019-10-24,34.2818717956543
2019-10-25,34.43791198730469
2019-10-28,34.70893859863281
2019-10-29,34.511837005615234
2019-10-30,34.643245697021484
2019-10-31,34.3722038269043
2019-11-01,34.906070709228516
2019-11-04,35.16067886352539
2019-11-05,35.33314895629883
2019-11-06,35.275665283203125
2019-11-07,35.51383972167969
2019-11-08,35.19353485107422
2019-11-11,34.99641418457031
2019-11-12,34.73358917236328
2019-11-13,34.511837005615234
2019-11-14,34.49540328979492
2019-11-15,34.725372314453125
2019-11-18,34.717166900634766
2019-11-19,34.84035873413086
2019-11-20,34.70893859863281
2019-11-21,34.75001525878906
2019-11-22,34.68430709838867
2019-11-25,34.99641418457031
2019-11-26,34.856788635253906
2019-11-27,34.963565826416016
2019-11-29,34.54468536376953
2019-12-02,34.55290603637695
2019-12-03,34.41328048706055
2019-12-04,34.717166900634766
2019-12-05,34.897857666015625
2019-12-06,35.029258728027344
2019-12-09,34.897857666015625
2019-12-10,34.971771240234375
2019-12-11,35.43992233276367
2019-12-12,35.92449951171875
2019-12-13,35.88343811035156
2019-12-16,36.18732833862305
2019-12-17,36.4583625793457
2019-12-18,36.65548324584961
2019-12-19,36.68011474609375
2019-12-20,36.71297454833984
2019-12-23,36.778682708740234
2019-12-24,36.745399475097656
2019-12-26,37.05313873291016
2019-12-27,37.10304260253906
2019-12-30,36.89512252807617
2019-12-31,36.98660659790039
2020-01-02,37.868221282958984
2020-01-03,37.19453430175781
2020-01-06,37.12799072265625
2020-01-07,37.111366271972656
2020-01-08,37.277706146240234
2020-01-09,37.468997955322266
2020-01-10,37.651981353759766
2020-01-13,38.16764450073242
2020-01-14,37.99298095703125
2020-01-15,37.75178909301758
2020-01-16,37.94308853149414
2020-01-17,38.18428039550781
2020-01-21,37.23611831665039
2020-01-22,37.460693359375
2020-01-23,37.11967849731445
2020-01-24,36.8369026184082
2020-01-27,35.59762954711914
2020-01-28,35.89704895019531
2020-01-29,36.06339645385742
2020-01-30,35.572689056396484
2020-01-31,34.94057083129883
2020-02-03,35.19009017944336
2020-02-04,36.030128479003906
2020-02-05,36.229736328125
2020-02-06,36.21311569213867
2020-02-07,35.722389221191406
2020-02-10,35.946964263916016
2020-02-11,36.404396057128906
2020-02-12,36.870174407958984
2020-02-13,36.479251861572266
2020-02-14,36.404396057128906
2020-02-18,36.27963638305664
2020-02-19,36.579063415527344
2020-02-20,36.08002471923828
2020-02-21,35.946964263916016
2020-02-24,34.682743072509766
2020-02-25,34.408267974853516
2020-02-26,34.62451934814453
2020-02-27,33.79279708862305
2020-02-28,33.70130920410156
2020-03-02,34.35005569458008
2020-03-03,34.18370819091797
2020-03-04,34.66610336303711
2020-03-05,34.000732421875
2020-03-06,33.36030960083008
2020-03-09,30.87346649169922
2020-03-10,32.428775787353516
2020-03-11,31.023176193237305
2020-03-12,27.904224395751953
2020-03-13,29.85876083374023
2020-03-16,26.249094009399418
2020-03-17,27.895906448364254
2020-03-18,25.625307083129883
2020-03-19,25.76669692993164
2020-03-20,25.883134841918945
2020-03-23,25.38150978088379
2020-03-24,26.98139190673828
2020-03-25,27.864660263061523
2020-03-26,28.989578247070312
2020-03-27,27.423032760620117
2020-03-30,27.822996139526367
2020-03-31,27.956327438354492
2020-04-01,26.9647274017334
2020-04-02,27.756336212158203
2020-04-03,27.22303771972656
2020-04-06,28.564613342285156
2020-04-07,28.731266021728516
2020-04-08,29.06457138061523
2020-04-09,29.01457405090332
2020-04-13,29.12290382385254
2020-04-14,29.706205368041992
2020-04-15,29.04790496826172
2020-04-16,29.21456718444824
2020-04-17,29.689537048339844
2020-04-20,29.472871780395508
2020-04-21,28.656272888183594
2020-04-22,29.397886276245117
2020-04-23,29.281230926513672
2020-04-24,29.23956298828125
2020-04-27,29.789522171020508
2020-04-28,29.864521026611328
2020-04-29,30.67280006408691
2020-04-30,30.139503479003903
2020-05-01,29.131237030029297
2020-05-04,29.497879028320312
2020-05-05,29.631196975708008
2020-05-06,29.55620574951172
2020-05-07,29.747859954833984
2020-05-08,30.414485931396484
2020-05-11,30.26449203491211
2020-05-12,30.172834396362305
2020-05-13,30.08116912841797
2020-05-14,30.172834396362305
2020-05-15,29.7978572845459
2020-05-18,30.922771453857425
2020-05-19,30.61446762084961
2020-05-20,30.99776840209961
2020-05-21,30.681135177612305
2020-05-22,30.097835540771484
2020-05-26,30.76444625854492
2020-05-27,30.79778289794922
2020-05-28,30.597795486450195
2020-05-29,31.13109016418457
2020-06-01,31.839380264282227
2020-06-02,32.58098602294922
2020-06-03,33.21427536010742
2020-06-04,32.797645568847656
2020-06-05,33.5559196472168
2020-06-08,33.82255935668945
2020-06-09,33.63924026489258
2020-06-10,33.805904388427734
2020-06-11,32.081024169921875
2020-06-12,32.814308166503906
2020-06-15,32.68098831176758
2020-06-16,32.805973052978516
2020-06-17,33.10594940185547
2020-06-18,33.11428451538086
2020-06-19,33.172611236572266
2020-06-22,33.53246307373047
2020-06-23,33.86720275878906
2020-06-24,33.35670471191406
2020-06-25,33.49897766113281
2020-06-26,33.09729766845703
2020-06-29,33.31487274169922
2020-06-30,33.14750289916992
2020-07-01,33.59103775024414
2020-07-02,34.386043548583984
2020-07-06,35.90074157714844
2020-07-07,35.33167266845703
2020-07-08,36.27730941772461
2020-07-09,36.30242156982422
2020-07-10,36.051368713378906
2020-07-13,35.875614166259766
2020-07-14,35.89236831665039
2020-07-15,35.925846099853516
2020-07-16,35.41535568237305
2020-07-17,35.57435607910156
2020-07-20,36.076473236083984
2020-07-21,36.344261169433594
2020-07-22,36.218727111816406
2020-07-23,35.97605514526367
2020-07-24,35.88399887084961
2020-07-27,36.38610076904297
2020-07-28,35.99279022216797
2020-07-29,36.628787994384766
2020-07-30,36.20199966430664
2020-07-31,35.99279022216797
2020-08-03,36.268951416015625
2020-08-04,36.67900848388672
2020-08-05,37.05557632446289
2020-08-06,37.10579681396485
2020-08-07,36.35262680053711
2020-08-10,36.344261169433594
2020-08-11,36.21036529541016
2020-08-12,36.65388870239258
2020-08-13,36.51164245605469
2020-08-14,36.56184768676758
2020-08-17,36.95515823364258
2020-08-18,37.08905792236328
2020-08-19,36.66226577758789
2020-08-20,36.56184768676758
2020-08-21,36.7961540222168
2020-08-24,37.16437149047851
2020-08-25,37.50748443603515
2020-08-26,37.540958404541016
2020-08-27,37.3233757019043
2020-08-28,37.775272369384766
2020-08-31,36.98026657104492
2020-09-01,37.72506332397461
2020-09-02,37.624637603759766
2020-09-03,36.96353530883789
2020-09-04,36.896583557128906
2020-09-08,36.21036529541016
2020-09-09,36.67900848388672
2020-09-10,36.126678466796875
2020-09-11,36.39447784423828
2020-09-14,36.99700927734375
2020-09-15,37.41542053222656
2020-09-16,37.28152084350586
2020-09-17,37.21458435058594
2020-09-18,36.921688079833984
2020-09-21,36.61409759521485
2020-09-22,36.29300308227539
2020-09-23,35.72684860229492
2020-09-24,35.625457763671875
2020-09-25,35.61698913574219
2020-09-28,35.97190475463867
2020-09-29,35.954994201660156
2020-09-30,36.538047790527344
2020-10-01,36.859153747558594
2020-10-02,36.45355224609375
2020-10-05,36.92676544189453
2020-10-06,37.03661346435547
2020-10-07,37.3830680847168
2020-10-08,37.66190719604492
2020-10-09,37.92385482788086
2020-10-12,38.29566955566406
2020-10-13,38.12665939331055
2020-10-14,37.95766067504883
2020-10-15,37.653465270996094
2020-10-16,37.80556106567383
2020-10-19,37.6872673034668
2020-10-20,38.06752014160156
2020-10-21,38.1435661315918
2020-10-22,38.15202331542969
2020-10-23,38.32946014404297
2020-10-26,37.83091735839844
2020-10-27,37.96611404418945
2020-10-28,37.01970672607422
2020-10-29,37.40842056274414
2020-10-30,37.01970672607422
2020-11-02,37.492916107177734
2020-11-03,37.59431457519531
2020-11-04,38.80266571044922
2020-11-05,39.46177673339844
2020-11-06,39.60542297363281
2020-11-09,39.90117645263672
2020-11-10,39.45333480834961
2020-11-11,39.62232971191406
2020-11-12,39.32657623291016
2020-11-13,39.82512283325195
2020-11-16,40.28988265991211
2020-11-17,40.23072814941406
2020-11-18,40.09552383422851
2020-11-19,40.19693374633789
2020-11-20,40.47578811645508
2020-11-23,40.46733093261719
2020-11-24,41.00813674926758
2020-11-25,40.82223129272461
2020-11-27,41.20248031616211
2020-11-30,40.18848419189453
2020-12-01,41.0250358581543
2020-12-02,41.00813674926758
2020-12-03,41.41373443603515
2020-12-04,41.692596435546875
2020-12-07,41.692596435546875
2020-12-08,41.81089782714844
2020-12-09,41.32078170776367
2020-12-10,41.87848663330078
2020-12-11,41.599639892578125
2020-12-14,41.44754409790039
2020-12-15,41.836238861083984
2020-12-16,42.06439208984375
2020-12-17,42.40239334106445
2020-12-18,42.2756462097168
2020-12-21,41.706912994384766
2020-12-22,41.4008674621582
2020-12-23,41.825927734375
2020-12-24,41.587894439697266
2020-12-28,41.67292022705078
2020-12-29,42.12347412109375
2020-12-30,42.71006393432617
2020-12-31,42.59954071044922
2021-01-04,42.79507064819336
2021-01-05,43.789703369140625
2021-01-06,43.37315368652344
2021-01-07,43.71317672729492
2021-01-08,44.59732818603515
2021-01-11,44.0787467956543
2021-01-12,44.56332015991211
2021-01-13,44.70782852172851
2021-01-14,45.149906158447266
2021-01-15,44.63132858276367
2021-01-19,45.43894577026367
2021-01-20,46.22956085205078
2021-01-21,46.23805618286133
2021-01-22,45.90650939941406
2021-01-25,46.13603973388672
2021-01-26,45.84700393676758
2021-01-27,44.68233108520508
2021-01-28,44.89487075805664
2021-01-29,43.934234619140625
2021-02-01,45.047889709472656
2021-02-02,45.75348663330078
2021-02-03,45.92351150512695
2021-02-04,45.99151611328125
2021-02-05,46.331573486328125
2021-02-08,46.56959533691406
2021-02-09,47.08817672729492
2021-02-10,47.19019317626953
2021-02-11,47.68324661254883
2021-02-12,47.768272399902344
2021-02-16,47.90428924560547
2021-02-17,48.023319244384766
2021-02-18,47.40271759033203
2021-02-19,47.657752990722656
2021-02-22,46.306060791015625
2021-02-23,46.56959533691406
2021-02-24,46.27205276489258
2021-02-25,45.26891326904297
2021-02-26,44.62281799316406
2021-03-01,45.84700393676758
2021-03-02,45.4134407043457
2021-03-03,45.379432678222656
2021-03-04,44.401798248291016
2021-03-05,44.716339111328125
2021-03-08,43.55167770385742
2021-03-09,44.49531936645508
2021-03-10,44.41879653930664
2021-03-11,45.75348663330078
2021-03-12,44.94586181640625
2021-03-15,44.92036819458008
2021-03-16,45.11589813232422
2021-03-17,45.149906158447266
2021-03-18,44.45280075073242
2021-03-19,44.89487075805664
2021-03-22,44.799530029296875
2021-03-23,44.067474365234375
2021-03-24,43.03750991821289
2021-03-25,43.10560989379883
2021-03-26,44.17813491821289
2021-03-29,43.93128967285156
2021-03-30,44.11004638671875
2021-03-31,44.30582427978515
2021-04-01,44.70589828491211
2021-04-05,44.799530029296875
2021-04-06,45.0123291015625
2021-04-07,44.35689926147461
2021-04-08,44.81654739379883
2021-04-09,44.43350601196289
2021-04-12,44.14409255981445
2021-04-13,44.15260696411133
2021-04-14,44.39094543457031
2021-04-15,44.78251266479492
2021-04-16,44.92720413208008
2021-04-19,44.83357238769531
2021-04-20,44.49309158325195
2021-04-21,44.84209060668945
2021-04-22,44.765480041503906
2021-04-23,45.37835693359375
2021-04-26,45.43794250488281
2021-04-27,45.50603485107422
2021-04-28,45.8720588684082
2021-04-29,45.769920349121094
2021-04-30,45.09745788574219
2021-05-03,45.08042526245117
2021-05-04,44.52714538574219
2021-05-05,44.697383880615234
2021-05-06,45.1400146484375
2021-05-07,45.54008865356445
2021-05-10,44.68886184692383
2021-05-11,44.5697021484375
2021-05-12,43.429073333740234
2021-05-13,43.37799835205078
2021-05-14,44.093017578125
2021-05-17,44.11856460571289
2021-05-18,44.7569694519043
2021-05-19,44.63780212402344
2021-05-20,44.799530029296875
2021-05-21,44.322853088378906
2021-05-24,44.73994445800781
2021-05-25,45.20811462402344
2021-05-26,45.54008865356445
2021-05-27,45.625205993652344
2021-05-28,45.86355209350586
2021-06-01,46.825416564941406
2021-06-02,46.93608093261719
2021-06-03,46.408329010009766
2021-06-04,46.825416564941406
2021-06-07,46.63816452026367
2021-06-08,46.442378997802734
2021-06-09,46.408329010009766
2021-06-10,46.731788635253906
2021-06-11,46.527496337890625
2021-06-14,46.71476364135742
2021-06-15,46.39981460571289
2021-06-16,45.769920349121094
2021-06-17,46.033790588378906
2021-06-18,45.67627716064453
2021-06-21,45.89875793457031
2021-06-22,45.70195007324219
2021-06-23,45.96721649169922
2021-06-24,46.30948638916016
2021-06-25,46.68598556518555
2021-06-28,46.79722213745117
2021-06-29,46.762996673583984
2021-06-30,46.47207260131836
2021-07-01,46.22391891479492
2021-07-02,46.172576904296875
2021-07-06,45.342567443847656
2021-07-07,45.38535690307617
2021-07-08,44.52111053466797
2021-07-09,45.334007263183594
2021-07-12,45.35967254638672
2021-07-13,45.38535690307617
2021-07-14,45.607818603515625
2021-07-15,45.65061569213867
2021-07-16,45.342567443847656
2021-07-19,44.67512512207031
2021-07-20,44.7093620300293
2021-07-21,45.09442138671875
2021-07-22,45.16286849975586
2021-07-23,44.461212158203125
2021-07-26,43.61408233642578
2021-07-27,42.67283248901367
2021-07-28,43.87934494018555
2021-07-29,44.03337478637695
2021-07-30,43.733882904052734
2021-08-02,44.084720611572266
2021-08-03,44.19595718383789
2021-08-04,44.30718994140625
2021-08-05,44.1702880859375
2021-08-06,43.87080001831055
2021-08-09,44.02481842041016
2021-08-10,44.187400817871094
2021-08-11,44.34998321533203
2021-08-12,44.059043884277344
2021-08-13,43.973480224609375
2021-08-16,43.62264251708984
2021-08-17,42.835418701171875
2021-08-18,42.88676071166992
2021-08-19,42.22788619995117
2021-08-20,42.22788619995117
2021-08-23,42.835418701171875
2021-08-24,43.79378128051758
2021-08-25,43.83656692504883
2021-08-26,43.4771842956543
2021-08-27,44.02481842041016
2021-08-30,44.15316390991211
2021-08-31,44.69225311279297
2021-09-01,45.231327056884766
2021-09-02,45.051631927490234
2021-09-03,45.25699234008789
2021-09-07,45.63350296020508
2021-09-08,44.95751190185547
2021-09-09,45.01741409301758
2021-09-10,44.948951721191406
2021-09-13,45.09442138671875
2021-09-14,44.67512512207031
2021-09-15,44.658016204833984
2021-09-16,44.19595718383789
2021-09-17,44.02481842041016
2021-09-20,42.82697677612305
2021-09-21,43.172420501708984
2021-09-22,43.79423522949219
2021-09-23,44.00149917602539
2021-09-24,43.51787567138672
2021-09-27,43.75104904174805
2021-09-28,43.24151611328125
2021-09-29,42.89606475830078
2021-09-30,43.189697265625
2021-10-01,43.215606689453125
2021-10-04,42.61970901489258
2021-10-05,43.02560806274414
2021-10-06,42.86151885986328
2021-10-07,43.699222564697266
2021-10-08,43.863311767578125
2021-10-11,43.742408752441406
2021-10-12,43.62150573730469
2021-10-13,44.191497802734375
2021-10-14,44.26059341430664
2021-10-15,44.73558044433594
2021-10-18,44.67511749267578
2021-10-19,45.18465805053711
2021-10-20,45.19330596923828
2021-10-21,44.83058166503906
2021-10-22,44.71830368041992
2021-10-25,44.88240432739258
2021-10-26,44.58012390136719
2021-10-27,44.34694290161133
2021-10-28,44.30376052856445
2021-10-29,43.75104904174805
2021-11-01,44.17422866821289
2021-11-02,43.70786666870117
2021-11-03,44.02740478515625
2021-11-04,43.93241500854492
2021-11-05,43.94968032836914
2021-11-08,44.40739440917969
2021-11-09,44.30376052856445
2021-11-10,44.18286895751953
2021-11-11,44.942848205566406
2021-11-12,44.977386474609375
2021-11-15,44.89102935791016
2021-11-16,44.87376022338867
2021-11-17,44.70966720581055
2021-11-18,44.17422866821289
2021-11-19,44.09649658203125
2021-11-22,43.63877868652344
2021-11-23,43.68195343017578
2021-11-24,43.63015365600586
2021-11-26,42.351993560791016
2021-11-29,42.41243743896485
2021-11-30,42.48152160644531
2021-12-01,42.45561599731445
2021-12-02,42.95652389526367
2021-12-03,42.36062240600586
2021-12-06,42.63698196411133
2021-12-07,43.258785247802734
2021-12-08,43.51787567138672
2021-12-09,43.30195999145508
2021-12-10,43.37969207763672
2021-12-13,42.71470260620117
2021-12-14,42.61970901489258
2021-12-15,42.46424865722656
2021-12-16,42.57651901245117
2021-12-17,42.282901763916016
2021-12-20,41.696815490722656
2021-12-21,42.40324020385742
2021-12-22,42.638729095458984
2021-12-23,42.89164352416992
2021-12-27,43.03118133544922
2021-12-28,42.88291931152344
2021-12-29,42.69977951049805
2021-12-30,43.249229431152344
2021-12-31,43.135841369628906
2022-01-03,43.44108581542969
2022-01-04,43.266658782958984
2022-01-05,42.62128448486328
2022-01-06,42.86547088623047
2022-01-07,43.08351516723633
2022-01-10,43.17073440551758
2022-01-11,44.00797271728515
2022-01-12,44.67952346801758
2022-01-13,44.12135314941406
2022-01-14,44.20856857299805
2022-01-18,43.5544548034668
2022-01-19,43.72888946533203
2022-01-20,43.99925994873047
2022-01-21,43.310264587402344
2022-01-24,42.73466110229492
2022-01-25,42.72593688964844
2022-01-26,42.28114318847656
2022-01-27,41.90613555908203
2022-01-28,41.97590255737305
2022-01-31,43.31898880004883
2022-02-01,43.57190704345703
2022-02-02,43.493408203125
2022-02-03,43.12712097167969
2022-02-04,43.153282165527344
2022-02-07,43.153282165527344
2022-02-08,43.545745849609375
2022-02-09,44.191123962402344
2022-02-10,43.94692611694336
2022-02-11,43.266658782958984
2022-02-14,42.9439697265625
2022-02-15,43.9207649230957
2022-02-16,44.25217819213867
2022-02-17,43.67656707763672
2022-02-18,43.33643341064453
2022-02-22,42.66488265991211
2022-02-23,42.272430419921875
2022-02-24,41.4177360534668
2022-02-25,42.185211181640625
2022-02-28,41.70553207397461
2022-03-01,41.13864517211914
2022-03-02,41.26947021484375
2022-03-03,40.69386291503906
2022-03-04,39.926387786865234
2022-03-07,38.51351547241211
2022-03-08,38.67922592163086
2022-03-09,39.6560173034668
2022-03-10,39.0455207824707
2022-03-11,38.25187301635742
2022-03-14,37.33613967895508
2022-03-15,37.318695068359375
2022-03-16,40.222904205322266
2022-03-17,39.926387786865234
2022-03-18,40.554325103759766
2022-03-21,40.04176330566406
2022-03-22,40.662784576416016
2022-03-23,40.38288497924805
2022-03-24,40.62778854370117
2022-03-25,40.31291198730469
2022-03-28,40.444114685058594
2022-03-29,41.06512069702149
2022-03-30,41.01264190673828
2022-03-31,40.347904205322266
2022-04-01,41.11759185791016
2022-04-04,41.83481979370117
2022-04-05,41.10009765625
2022-04-06,40.64528274536133
2022-04-07,40.347904205322266
2022-04-08,40.42662048339844
2022-04-11,39.919315338134766
2022-04-12,39.76187896728515
2022-04-13,40.190460205078125
2022-04-14,39.753135681152344
2022-04-18,39.58694839477539
2022-04-19,39.385780334472656
2022-04-20,39.13212585449219
2022-04-21,38.42366027832031
2022-04-22,38.117523193359375
2022-04-25,37.72393035888672
2022-04-26,36.962982177734375
2022-04-27,37.479026794433594
2022-04-28,37.96883392333984
2022-04-29,37.99507522583008
2022-05-02,37.916351318359375
2022-05-03,38.20499801635742
2022-05-04,38.58109664916992
2022-05-05,37.181644439697266
2022-05-06,36.67434310913086
2022-05-09,35.68598937988281
2022-05-10,35.83467483520508
2022-05-11,35.58102035522461
2022-05-12,35.40609359741211
2022-05-13,36.28074264526367
2022-05-16,36.2020263671875
2022-05-17,37.032955169677734
2022-05-18,36.228267669677734
2022-05-19,36.75306701660156
2022-05-20,36.893009185791016
2022-05-23,37.155399322509766
2022-05-24,36.490665435791016
2022-05-25,36.691837310791016
2022-05-26,37.24287033081055
2022-05-27,37.64521408081055
2022-05-31,38.17000579833984
2022-06-01,37.916351318359375
2022-06-02,38.59858322143555
2022-06-03,37.99507522583008
2022-06-06,38.20499801635742
2022-06-07,38.39741134643555
2022-06-08,38.53736877441406
2022-06-09,37.70643615722656
2022-06-10,37.409053802490234
2022-06-13,36.19328308105469
2022-06-14,36.71807861328125
2022-06-15,37.26036071777344
2022-06-16,36.097076416015625
2022-06-17,36.2545051574707
2022-06-21,36.832557678222656
2022-06-22,36.22454833984375
2022-06-23,36.400779724121094
2022-06-24,37.17620468139648
2022-06-27,37.2026481628418
2022-06-28,36.95591354370117
2022-06-29,36.85898971557617
2022-06-30,36.700382232666016
2022-07-01,36.4800910949707
2022-07-05,36.189300537109375
2022-07-06,35.94258499145508
2022-07-07,36.69156265258789
2022-07-08,36.60344696044922
2022-07-11,35.69585037231445
2022-07-12,35.563682556152344
2022-07-13,35.457942962646484
2022-07-14,35.220027923583984
2022-07-15,35.3433952331543
2022-07-18,35.510807037353516
2022-07-19,36.0130729675293
2022-07-20,35.863277435302734
2022-07-21,36.30385208129883
2022-07-22,35.93376541137695
2022-07-25,36.1011848449707
2022-07-26,35.75754165649414
2022-07-27,36.462459564208984
2022-07-28,36.5770149230957
2022-07-29,36.40959167480469
2022-08-01,36.189300537109375
2022-08-02,35.97782897949219
2022-08-03,36.17167663574219
2022-08-04,36.47126770019531
2022-08-05,36.462459564208984
2022-08-08,36.54176712036133
2022-08-09,36.462459564208984
2022-08-10,36.92066192626953
2022-08-11,37.096893310546875
2022-08-12,37.484615325927734
2022-08-15,37.3436279296875
2022-08-16,37.36125183105469
2022-08-17,37.27313232421875
2022-08-18,37.03522109985352
2022-08-19,36.62107467651367
2022-08-22,36.36553955078125
2022-08-23,36.594635009765625
2022-08-24,36.62107467651367
2022-08-25,37.29956817626953
2022-08-26,36.80611038208008
2022-08-29,36.6298828125
2022-08-30,36.189300537109375
2022-08-31,36.2421760559082
2022-09-01,36.07475280761719
2022-09-02,35.783966064453125
2022-09-06,35.475563049316406
2022-09-07,35.7751579284668
2022-09-08,35.66941452026367
2022-09-09,36.14524841308594
2022-09-12,36.700382232666016
2022-09-13,35.537235260009766
2022-09-14,35.713478088378906
2022-09-15,35.40506362915039
2022-09-16,34.9556770324707
2022-09-19,35.09767150878906
2022-09-20,34.97264099121094
2022-09-21,34.39213943481445
2022-09-22,34.29391098022461
2022-09-23,33.50800704956055
2022-09-26,33.04361343383789
2022-09-27,33.025753021240234
2022-09-28,33.28474426269531
2022-09-29,32.63280487060547
2022-09-30,32.58814239501953
2022-10-03,33.08826446533203
2022-10-04,34.017059326171875
2022-10-05,34.07957458496094
2022-10-06,33.83843994140625
2022-10-07,33.16864776611328
2022-10-10,32.71317672729492
2022-10-11,32.204124450683594
2022-10-12,32.19519805908203
2022-10-13,32.32021713256836
2022-10-14,31.846893310546875
2022-10-17,32.65958786010742
2022-10-18,32.66852951049805
2022-10-19,32.09695816040039
2022-10-20,32.347023010253906
2022-10-21,32.82034683227539
2022-10-24,31.54325294494629
2022-10-25,31.802244186401367
2022-10-26,32.230918884277344
2022-10-27,31.99871826171875
2022-10-28,31.775455474853516
2022-10-31,31.659353256225582
2022-11-01,32.1862678527832
2022-11-02,31.94513702392578
2022-11-03,32.204124450683594
2022-11-04,33.51693344116211
2022-11-07,33.45442199707031
2022-11-08,33.59731674194336
2022-11-09,32.98109436035156
2022-11-10,34.08850860595703
2022-11-11,34.77616500854492
2022-11-14,34.66006851196289
2022-11-15,35.42810821533203
2022-11-16,34.865478515625
2022-11-17,35.05302429199219
2022-11-18,34.80296325683594
2022-11-21,34.4814567565918
2022-11-22,34.57075500488281
2022-11-23,34.758304595947266
2022-11-25,34.63327407836914
2022-11-28,34.55290222167969
2022-11-29,35.231632232666016
2022-11-30,36.187217712402344
2022-12-01,36.0979118347168
2022-12-02,36.3211784362793
2022-12-05,35.955020904541016
2022-12-06,35.981815338134766
2022-12-07,35.76747131347656
2022-12-08,36.17828369140625
2022-12-09,35.87464904785156
2022-12-12,35.77641296386719
2022-12-13,35.963951110839844
2022-12-14,36.02646255493164
2022-12-15,35.329864501953125
2022-12-16,35.28521728515625
2022-12-19,35.35329055786133
2022-12-20,35.23529815673828
2022-12-21,35.56204605102539
2022-12-22,35.24436950683594
2022-12-23,35.17176055908203
2022-12-27,35.725433349609375
2022-12-28,35.208065032958984
2022-12-29,35.816192626953125
2022-12-30,35.38051986694336
2023-01-03,35.761741638183594
2023-01-04,36.68754577636719
2023-01-05,36.57862854003906
2023-01-06,37.20491790771485
2023-01-09,37.404598236083984
2023-01-10,37.66781997680664
2023-01-11,37.82211685180664
2023-01-12,37.99458312988281
2023-01-13,38.24871826171875
2023-01-17,38.049034118652344
2023-01-18,37.82211685180664
2023-01-19,38.12164688110352
2023-01-20,38.566402435302734
2023-01-23,38.84777069091797
2023-01-24,38.88407516479492
2023-01-25,38.89316177368164
2023-01-26,39.19269180297851
2023-01-27,38.929466247558594
2023-01-30,38.230567932128906
2023-01-31,38.330413818359375
2023-02-01,38.720699310302734
2023-02-02,38.44841003417969
2023-02-03,37.840274810791016
2023-02-06,37.44997787475586
2023-02-07,37.52259826660156
2023-02-08,37.44997787475586
2023-02-09,37.5952033996582
2023-02-10,37.27752685546875
2023-02-13,37.61335754394531
2023-02-14,37.50444412231445
2023-02-15,37.32291412353515
2023-02-16,37.25029373168945
2023-02-17,36.95077133178711
2023-02-21,36.542327880859375
2023-02-22,36.38802337646485
2023-02-23,36.51509475708008
2023-02-24,35.816192626953125
2023-02-27,35.99773406982422
2023-02-28,35.77989196777344
2023-03-01,36.49693298339844
2023-03-02,36.66031646728515
2023-03-03,36.9326171875
2023-03-06,36.8055534362793
2023-03-07,36.26095199584961
2023-03-08,36.45155715942383
2023-03-09,35.707279205322266
2023-03-10,35.50759506225586
2023-03-13,35.471290588378906
2023-03-14,35.489444732666016
2023-03-15,34.89945983886719
2023-03-16,35.34421157836914
2023-03-17,35.16268539428711
2023-03-20,35.224449157714844
2023-03-21,35.59686279296875
2023-03-22,35.70585632324219
2023-03-23,36.141849517822266
2023-03-24,36.069183349609375
2023-03-27,35.8966064453125
2023-03-28,36.32351303100586
2023-03-29,36.450679779052734
2023-03-30,36.80491638183594
2023-03-31,36.695919036865234
2023-04-03,36.8503303527832
2023-04-04,36.886661529541016
2023-04-05,36.55966567993164
2023-04-06,36.77767181396485
2023-04-10,36.695919036865234
2023-04-11,36.96841812133789
2023-04-12,36.68682861328125
2023-04-13,37.13191223144531
2023-04-14,36.93208312988281
2023-04-17,37.13191223144531
2023-04-18,37.05924606323242
2023-04-19,36.677757263183594
2023-04-20,36.6323356628418
2023-04-21,36.28718185424805
2023-04-24,36.24176406860352
2023-04-25,35.624107360839844
2023-04-26,35.869354248046875
2023-04-27,36.33259201049805
2023-04-28,36.55059051513672
2023-05-01,36.43251037597656
2023-05-02,36.0510139465332
2023-05-03,36.041934967041016
2023-05-04,36.35075759887695
2023-05-05,36.741336822509766
2023-05-08,36.75041961669922
2023-05-09,36.52333450317383
2023-05-10,36.53242111206055
2023-05-11,36.38709259033203
2023-05-12,35.97834777832031
2023-05-15,36.60509490966797
2023-05-16,36.35075759887695
2023-05-17,36.47792434692383
2023-05-18,36.2508544921875
2023-05-19,36.2326774597168
2023-05-22,36.46884536743164
2023-05-23,35.92384719848633
2023-05-24,35.66952133178711
2023-05-25,35.60594177246094
2023-05-26,36.196346282958984
2023-05-30,35.724029541015625
2023-05-31,35.46969223022461
2023-06-01,36.07826614379883
2023-06-02,36.6505012512207
2023-06-05,36.61418151855469
2023-06-06,36.895748138427734
2023-06-07,36.814002990722656
2023-06-08,37.01382827758789
2023-06-09,37.11374282836914
2023-06-12,37.20458221435547
2023-06-13,37.51340103149414
2023-06-14,37.867645263671875
2023-06-15,38.2309684753418
2023-06-16,38.094722747802734
2023-06-20,37.41617584228515
2023-06-21,37.35224533081055
2023-06-22,37.18785858154297
2023-06-23,36.66730499267578
2023-06-26,36.78602981567383
2023-06-27,37.13306427001953
2023-06-28,36.986934661865234
2023-06-29,36.83169174194336
2023-06-30,37.15133285522461
2023-07-03,37.516632080078125
2023-07-05,37.333984375
2023-07-06,36.62163543701172
2023-07-07,37.06001281738281
2023-07-10,37.06913375854492
2023-07-11,37.39791488647461
2023-07-12,38.110252380371094
2023-07-13,38.53034591674805
2023-07-14,38.29290390014648
2023-07-17,38.33857345581055
2023-07-18,38.06458282470703
2023-07-19,38.009796142578125
2023-07-20,37.77234649658203
2023-07-21,37.75408172607422
2023-07-24,38.256370544433594
2023-07-25,38.548614501953125
2023-07-26,38.78606414794922
2023-07-27,38.35683059692383
2023-07-28,39.28835678100586
2023-07-31,39.334022521972656
2023-08-01,38.78606414794922
2023-08-02,37.94586563110352
2023-08-03,38.110252380371094
2023-08-04,38.155914306640625
2023-08-07,38.091983795166016
2023-08-08,37.69928359985352
2023-08-09,37.76321029663086
2023-08-10,37.83627700805664
2023-08-11,37.28832244873047
2023-08-14,37.11479949951172
2023-08-15,36.72209167480469
2023-08-16,36.47551727294922
2023-08-17,36.59423828125
2023-08-18,36.36592483520508
2023-08-21,36.448123931884766
2023-08-22,36.38419723510742
2023-08-23,36.92301940917969
2023-08-24,36.76776123046875
2023-08-25,36.74036407470703
2023-08-28,37.10567092895508
2023-08-29,37.598819732666016
2023-08-30,37.46184158325195
2023-08-31,37.01434326171875
2023-09-01,37.41617584228515
2023-09-05,37.196998596191406
2023-09-06,37.023468017578125
2023-09-07,36.6399040222168
2023-09-08,36.71296691894531
2023-09-11,37.13306427001953
2023-09-12,37.03260803222656
2023-09-13,36.996070861816406
2023-09-14,37.21525955200195
2023-09-15,37.023468017578125
2023-09-18,36.96638870239258
2023-09-19,36.782249450683594
2023-09-20,36.67176818847656
2023-09-21,36.082515716552734
2023-09-22,36.50603866577149
2023-09-25,36.3679313659668
2023-09-26,35.94440841674805
2023-09-27,35.99044418334961
2023-09-28,36.0640983581543
2023-09-29,36.10092544555664
2023-10-02,35.97202682495117
2023-10-03,35.51167678833008
2023-10-04,35.36436080932617
2023-10-05,35.51167678833008
2023-10-06,35.99964904785156
2023-10-09,35.778682708740234
2023-10-10,36.349510192871094
2023-10-11,36.459999084472656
2023-10-12,36.07330322265625
2023-10-13,35.93519592285156
2023-10-16,36.1929931640625
2023-10-17,36.03647232055664
2023-10-18,35.447227478027344
2023-10-19,35.31832504272461
2023-10-20,34.89480209350586
2023-10-23,34.821144104003906
2023-10-24,35.25387954711914
2023-10-25,34.876380920410156
2023-10-26,34.74748992919922
2023-10-27,34.7843132019043
2023-10-30,35.097354888916016
2023-10-31,34.9316291809082
2023-11-01,35.18022155761719
2023-11-02,35.72343444824219
2023-11-03,36.37713623046875
2023-11-06,36.48762130737305
2023-11-07,36.496826171875
2023-11-08,36.33110046386719
2023-11-09,36.008853912353516
2023-11-10,36.257442474365234
2023-11-13,36.3218879699707
2023-11-14,37.1689453125
2023-11-15,37.42675018310547
2023-11-16,37.04005432128906
2023-11-17,37.18735885620117
2023-11-20,37.58326721191406
2023-11-21,37.36229705810547
2023-11-22,37.26102066040039
2023-11-24,37.380706787109375
2023-11-27,37.20577621459961
2023-11-28,37.50960540771485
2023-11-29,37.2978401184082
2023-11-30,37.40833282470703
2023-12-01,37.564849853515625
2023-12-04,37.23339080810547
2023-12-05,37.1045036315918
2023-12-06,37.05845642089844
2023-12-07,37.20577621459961
2023-12-08,37.02163314819336
2023-12-11,37.18735885620117
2023-12-12,37.18735885620117
2023-12-13,37.5372314453125
2023-12-14,38.0344123840332
2023-12-15,37.81344223022461
2023-12-18,37.80874252319336
2023-12-19,38.072078704833984
2023-12-20,37.27264022827149
2023-12-21,37.99684143066406
2023-12-22,37.86516952514648
2023-12-26,38.10969924926758
2023-12-27,38.316612243652344
2023-12-28,38.5517463684082
2023-12-29,38.65519714355469
2024-01-02,38.203758239746094
2024-01-03,38.09089660644531
2024-01-04,38.02505874633789
2024-01-05,38.08149337768555
2024-01-08,38.14732360839844
2024-01-09,37.70527648925781
2024-01-10,37.66765594482422
2024-01-11,37.82754898071289
2024-01-12,38.00624465942383
2024-01-16,37.216209411621094
2024-01-17,36.717742919921875
2024-01-18,36.93406295776367
2024-01-19,37.27264404296875
2024-01-22,36.981082916259766
2024-01-23,37.1879997253418
2024-01-24,37.66765594482422
2024-01-25,37.76171112060547
2024-01-26,37.7711181640625
2024-01-29,37.780521392822266
2024-01-30,37.42313003540039
2024-01-31,37.28205108642578
2024-02-01,37.535987854003906
2024-02-02,37.27264404296875
2024-02-05,37.366695404052734
2024-02-06,38.28840255737305
2024-02-07,38.26018905639648
2024-02-08,38.06267929077149
2024-02-09,38.21315383911133
2024-02-12,38.382450103759766
2024-02-13,37.67707061767578
2024-02-14,38.222564697265625
2024-02-15,38.45769882202149
2024-02-16,38.64579391479492
2024-02-20,38.72103500366211
2024-02-21,38.7586555480957
2024-02-22,39.09724426269531
2024-02-23,39.10665512084961
2024-02-26,38.9749755859375
2024-02-27,39.09724426269531
2024-02-28,38.49531555175781
2024-02-29,38.579959869384766
2024-03-01,39.09724426269531
2024-03-04,38.937355041503906
2024-03-05,38.67400741577149
2024-03-06,39.1536750793457
2024-03-07,39.3417854309082
2024-03-08,39.27594757080078
2024-03-11,39.37940216064453
2024-03-12,39.717987060546875
2024-03-13,39.49226760864258
2024-03-14,39.27594757080078
2024-03-15,39.16202926635742
2024-03-18,39.24676513671875
2024-03-19,39.08671569824219
2024-03-20,39.39737701416016
2024-03-21,39.42562484741211
2024-03-22,39.17144775390625
2024-03-25,39.17144775390625
2024-03-26,39.08671569824219
2024-03-27,39.19027328491211
2024-03-28,39.32207107543945
2024-04-01,39.48211288452149
2024-04-02,39.61389923095703
2024-04-03,39.67039108276367
2024-04-04,39.529178619384766
2024-04-05,39.65155792236328
2024-04-08,39.89632797241211
2024-04-09,40.24463653564453
2024-04-10,39.80218124389648
2024-04-11,39.93397903442383
2024-04-12,39.16202926635742
2024-04-15,38.91727066040039
2024-04-16,38.43716049194336
2024-04-17,38.50305938720703
2024-04-18,38.60660552978515
2024-04-19,38.493648529052734
2024-04-22,38.8231315612793
2024-04-23,39.14320755004883
2024-04-24,39.265586853027344
2024-04-25,39.387969970703125
2024-04-26,39.83983612060547
2024-04-29,40.235225677490234
2024-04-30,39.698631286621094
2024-05-01,39.74570083618164
2024-05-02,40.71533203125
2024-05-03,41.07306671142578
2024-05-06,40.99775695800781
2024-05-07,40.70592498779297
2024-05-08,40.66826248168945
2024-05-09,40.82830047607422
2024-05-10,40.91302490234375
2024-05-13,41.23310089111328
2024-05-14,41.440208435058594
2024-05-15,41.797943115234375
2024-05-16,41.95797348022461
2024-05-17,42.25922393798828
2024-05-20,42.16508483886719
2024-05-21,41.920318603515625
2024-05-22,41.797943115234375
2024-05-23,41.47786712646485
2024-05-24,41.60966491699219
2024-05-28,41.4966926574707
2024-05-29,40.97892379760742
2024-05-30,40.90361785888672
2024-05-31,40.555294036865234
2024-06-03,40.9600944519043
2024-06-04,40.31995391845703
2024-06-05,40.83771896362305
2024-06-06,41.02599334716797
2024-06-07,40.68709564208984
2024-06-10,40.90361785888672
2024-06-11,40.809471130371094
2024-06-12,41.12954330444336
2024-06-13,41.082481384277344
2024-06-14,41.19544219970703
2024-06-17,41.42138671875
2024-06-18,41.75086212158203
2024-06-20,41.67555618286133
2024-06-21,41.53380584716797
2024-06-24,41.50545120239258
2024-06-25,41.382598876953125
2024-06-26,41.269195556640625
2024-06-27,41.25030517578125
2024-06-28,41.354248046875
2024-07-01,41.448753356933594
2024-07-02,41.59995651245117
2024-07-03,42.21421813964844
2024-07-05,42.20476913452149
2024-07-08,42.20476913452149
2024-07-09,42.38432312011719
2024-07-10,42.5544319152832
2024-07-11,42.88519287109375
2024-07-12,43.08364486694336
2024-07-15,42.63948440551758
2024-07-16,42.913543701171875
2024-07-17,42.28982162475586
2024-07-18,41.9212646484375
2024-07-19,41.51491165161133
2024-07-22,41.836212158203125
2024-07-23,41.4015007019043
2024-07-24,40.9667854309082
2024-07-25,40.86284255981445
2024-07-26,41.31645584106445
2024-07-29,41.17469787597656
2024-07-30,41.06129837036133
2024-07-31,41.85511779785156
2024-08-01,41.165245056152344
2024-08-02,40.72108459472656
2024-08-05,39.59650421142578
2024-08-06,39.87055969238281
2024-08-07,40.18242263793945
2024-08-08,41.05184173583984
2024-08-09,41.155799865722656
2024-08-12,41.335350036621094
2024-08-13,41.6472053527832
2024-08-14,41.382598876953125
2024-08-15,41.836212158203125
2024-08-16,42.27092361450195
2024-08-19,42.70562744140625
2024-08-20,42.28982162475586
2024-08-21,42.48827362060547
2024-08-22,41.9874153137207
2024-08-23,42.59223556518555
2024-08-26,42.31817626953125
2024-08-27,42.36542510986328
2024-08-28,42.09136962890625
2024-08-29,42.148067474365234
2024-08-30,42.261478424072266
2024-09-03,41.61885452270508
2024-09-04,41.59995651245117
2024-09-05,41.713356018066406
2024-09-06,41.10854721069336
2024-09-09,41.392051696777344
2024-09-10,41.297550201416016
2024-09-11,41.552703857421875
2024-09-12,41.82676315307617
2024-09-13,42.01576232910156
2024-09-16,42.176422119140625
2024-09-17,42.223670959472656
2024-09-18,42.072471618652344
2024-09-19,42.95134735107422
2024-09-20,42.92669296264648
2024-09-23,43.27738571166992
2024-09-24,44.784420013427734
2024-09-25,44.3294677734375
2024-09-26,45.74171829223633
2024-09-27,45.73223876953125
2024-09-30,45.35311126708984
2024-10-01,45.69432830810547
2024-10-02,46.64214324951172
2024-10-03,45.94075775146485
2024-10-04,46.49997329711914
2024-10-07,46.90753555297851
2024-10-08,45.533199310302734
2024-10-09,45.22041702270508
2024-10-10,45.31520080566406
2024-10-11,45.637454986572266
2024-10-14,45.419464111328125
2024-10-15,44.50955581665039
2024-10-16,44.92659759521485
2024-10-17,44.784420013427734
2024-10-18,45.33415222167969
2024-10-21,45.01189804077149
2024-10-22,44.95502471923828
2024-10-23,44.670684814453125
2024-10-24,44.623291015625
2024-10-25,44.58538055419922
2024-10-28,44.7275505065918
2024-10-29,44.55694580078125
2024-10-30,44.23468780517578
2024-10-31,44.13990783691406
2024-11-01,44.149383544921875
2024-11-04,44.29154968261719
2024-11-05,44.93607711791992
2024-11-06,44.50955581665039
2024-11-07,45.47632598876953
2024-11-08,44.34843063354492
2024-11-11,44.09251403808594
2024-11-12,43.34373474121094
2024-11-13,43.11626052856445
2024-11-14,42.85087585449219
2024-11-15,42.765567779541016
2024-11-18,43.125736236572266
2024-11-19,43.19208908081055
2024-11-20,43.18260955810547
2024-11-21,43.03096008300781
2024-11-22,43.04043960571289
2024-11-25,43.05939483642578
2024-11-26,42.8319091796875
2024-11-27,42.993045806884766
2024-11-29,43.19208908081055
2024-12-02,43.41007995605469
2024-12-03,43.59016799926758
2024-12-04,43.65652084350586
2024-12-05,43.94086456298828
2024-12-06,43.95981979370117
2024-12-09,45.030853271484375
2024-12-10,44.196773529052734
2024-12-11,44.2725944519043
2024-12-12,44.00720977783203
2024-12-13,44.02616500854492
2024-12-16,43.79869079589844
2024-12-17,43.69443130493164
2024-12-18,42.68026351928711
2024-12-19,42.8603515625
2024-12-20,43.09914016723633
2024-12-23,43.283573150634766
2024-12-24,43.45830154418945
2024-12-26,43.351524353027344
2024-12-27,43.19621658325195
2024-12-30,42.8176383972168
2024-12-31,42.74969482421875
2025-01-02,42.63320541381836
2025-01-03,42.84675979614258
2025-01-06,42.8370475769043
2025-01-07,42.56525421142578
2025-01-08,42.29345703125
2025-01-10,41.55572891235352
2025-01-13,41.25481414794922
2025-01-14,41.74986267089844
2025-01-15,42.18668746948242
2025-01-16,42.16727066040039
2025-01-17,42.5167236328125
2025-01-21,42.91470718383789
2025-01-22,42.875877380371094
2025-01-23,43.04090118408203
2025-01-24,43.27387237548828
2025-01-27,42.5749626159668
2025-01-28,42.8176383972168
2025-01-29,42.84675979614258
2025-01-30,43.506839752197266
2025-01-31,43.09914016723633
2025-02-03,42.84675979614258
2025-02-04,43.53595352172851
2025-02-05,43.34181594848633
2025-02-06,43.54566192626953
2025-02-07,43.56507873535156
2025-02-10,44.00189971923828
2025-02-11,43.81746292114258
2025-02-12,44.0310173034668
2025-02-13,44.26398468017578
2025-02-14,44.53578186035156
2025-02-18,44.74933242797851
2025-02-19,44.62314987182617
2025-02-20,45.09878158569336
2025-02-21,45.04054641723633
2025-02-24,44.35134506225586
2025-02-25,44.331932067871094
2025-02-26,44.75904083251953
2025-02-27,43.97277069091797
2025-02-28,43.41947555541992
2025-03-03,43.00206756591797
2025-03-04,43.370941162109375
2025-03-05,44.66197204589844
2025-03-06,44.42900848388672
2025-03-07,44.61343765258789
2025-03-10,43.61361312866211
2025-03-11,43.92424011230469
2025-03-12,44.079551696777344
2025-03-13,43.94365692138672
2025-03-14,44.72991943359375
2025-03-17,45.34145736694336
2025-03-18,45.2249755859375
2025-03-19,45.292930603027344
2025-03-20,44.88523483276367
2025-03-21,44.678260803222656
2025-03-24,44.814300537109375
2025-03-25,44.765716552734375
2025-03-26,44.49364471435547
2025-03-27,44.78514862060547
2025-03-28,44.0272331237793
2025-03-31,43.97864532470703
2025-04-01,44.1244010925293
2025-04-02,44.163272857666016
2025-04-03,43.366485595703125
2025-04-04,40.937259674072266
2025-04-07,39.2853889465332
2025-04-08,38.76067733764648
2025-04-09,41.287071228027344
2025-04-10,40.75264358520508
2025-04-11,41.87979888916016
2025-04-14,42.26847457885742
2025-04-15,42.27819061279297
2025-04-16,41.74375915527344
2025-04-17,42.07413864135742
2025-04-21,42.12272262573242
2025-04-22,42.78346633911133
2025-04-23,43.201297760009766
2025-04-24,43.74544143676758
2025-04-25,43.59968948364258
2025-04-28,43.71629333496094
2025-04-29,43.87176132202149
2025-04-30,43.96893310546875
2025-05-01,43.94949722290039
2025-05-02,45.12523651123047
2025-05-05,45.48476791381836
2025-05-06,45.26128005981445
2025-05-07,44.697696685791016
2025-05-08,44.61995697021485
2025-05-09,44.94062423706055
2025-05-12,45.95117950439453
2025-05-13,46.02891159057617
2025-05-14,46.407867431640625
2025-05-15,46.330135345458984
2025-05-16,46.378719329833984
2025-05-19,46.57305908203125
2025-05-20,46.47589111328125
2025-05-21,46.35927963256836
2025-05-22,46.25239562988281
2025-05-23,46.44673538208008
2025-05-27,46.28154754638672
2025-05-28,45.999759674072266
2025-05-29,46.20381164550781
2025-05-30,45.66938781738281
2025-06-02,45.990047454833984
2025-06-03,46.096923828125
2025-06-04,46.55362319946289
2025-06-05,46.670223236083984
2025-06-06,46.8742790222168
2025-06-09,47.21437072753906
2025-06-10,47.56418228149414
2025-06-11,47.71965408325195
2025-06-12,47.72936248779297
2025-06-13,47.01031875610352
2025-06-16,47.44758224487305
2025-06-17,46.91314697265625
2025-06-18,46.786827087402344
2025-06-20,46.34733200073242
2025-06-23,46.727386474609375
2025-06-24,47.74087142944336
2025-06-25,47.857810974121094
2025-06-26,48.17938995361328
2025-06-27,48.13066864013672
2025-06-30,48.198883056640625
2025-07-01,48.39378356933594
2025-07-02,48.53021240234375
2025-07-03,48.74460220336914
2025-07-07,48.16965103149414
2025-07-08,48.35480499267578
2025-07-09,48.34505844116211
2025-07-10,48.39378356933594
2025-07-11,48.32556915283203
2025-07-14,48.38404083251953
2025-07-15,48.734859466552734
2025-07-16,48.95899963378906
2025-07-17,49.26108932495117
2025-07-18,49.20262145996094
2025-07-21,49.45598983764648
2025-07-22,49.46573638916016
2025-07-23,49.92375183105469
2025-07-24,49.68012619018555
2025-07-25,49.543697357177734
2025-07-28,49.15389633178711
2025-07-29,49.18313217163086
2025-07-30,48.78358840942383
2025-07-31,48.53021240234375
2025-08-01,48.27684783935547
2025-08-04,48.72511672973633
2025-08-05,48.88103866577149
2025-08-06,49.09542465209961
2025-08-07,49.45598983764648
2025-08-08,49.397518157958984
2025-08-11,49.339054107666016
2025-08-12,49.904258728027344
2025-08-13,50.46947479248047
2025-08-14,49.904258728027344
2025-08-15,50.050437927246094
2025-08-18,50.43049240112305
2025-08-19,50.06992721557617
2025-08-20,50.050437927246094
2025-08-21,49.96273040771485
2025-08-22,50.83978271484375
2025-08-25,50.625396728515625
2025-08-26,50.5181999206543
2025-08-27,50.1771240234375
2025-08-28,50.362281799316406
2025-08-29,50.216102600097656
2025-09-02,50.14788436889648
2025-09-03,50.28432083129883
2025-09-04,50.06992721557617
2025-09-05,50.64488983154297
2025-09-08,51.14188003540039
2025-09-09,51.33678436279297
2025-09-10,51.57065963745117
2025-09-11,52.213836669921875
2025-09-12,52.11638259887695
2025-09-15,52.46720504760742
2025-09-16,52.79853820800781
2025-09-17,53.12986373901367
2025-09-18,52.88623809814453
2025-09-19,52.81766891479492
2025-09-22,52.964603424072266
2025-09-23,52.95480728149414
2025-09-24,52.85684967041016
2025-09-25,52.553192138671875
2025-09-26,52.45523452758789
2025-09-29,52.83726119995117
2025-09-30,53.072357177734375
2025-10-01,53.40540313720703
2025-10-02,53.55233383178711
2025-10-03,53.669883728027344
2025-10-06,53.85599899291992
2025-10-07,53.5621337890625
2025-10-08,53.86579895019531
2025-10-09,53.395606994628906
2025-10-10,51.46588134765625
2025-10-13,52.896034240722656
2025-10-14,52.42584609985352
2025-10-15,53.21928787231445
2025-10-16,53.395606994628906
2025-10-17,53.26826858520508
2025-10-20,53.90497589111328
2025-10-21,53.42499542236328
2025-10-22,53.395606994628906
2025-10-23,53.79722595214844
2025-10-24,54.05191421508789
2025-10-27,54.50251007080078
2025-10-28,54.473121643066406
2025-10-29,54.62984848022461
2025-10-30,54.06170654296875
2025-10-31,53.84620666503906
2025-11-03,53.96375274658203
2025-11-04,53.20949172973633
2025-11-05,53.67967987060547
2025-11-06,53.47397232055664
2025-11-07,53.42499542236328
2025-11-10,54.14007186889648
2025-11-11,54.19884490966797
2025-11-12,54.18904876708984
2025-11-13,53.70906829833984
2025-11-14,53.72865295410156
2025-11-17,53.11153793334961
2025-11-18,52.93521499633789
2025-11-19,52.81766891479492
2025-11-20,52.19075393676758
2025-11-21,51.98504638671875
2025-11-24,52.514007568359375
2025-11-25,52.74909973144531
2025-11-26,53.003787994384766
2025-11-28,53.189903259277344
2025-12-01,53.14092254638672
2025-12-02,53.02337646484375
2025-12-03,52.95480728149414
2025-12-04,53.072357177734375
2025-12-05,53.28785705566406
2025-12-08,53.091949462890625
2025-12-09,53.003787994384766
2025-12-10,53.44458770751953
2025-12-11,53.3270378112793
2025-12-12,52.83726119995117
2025-12-15,52.6805305480957
2025-12-16,52.38666534423828
2025-12-17,52.0438232421875
2025-12-18,52.484622955322266
2025-12-19,53.04695510864258
2025-12-22,53.38655090332031
2025-12-23,53.636253356933594
2025-12-24,53.61627578735352
2025-12-26,53.95587539672851
2025-12-29,53.54636001586914
2025-12-30,53.746124267578125
2025-12-31,53.69618225097656
2026-01-02,54.86479187011719
2026-01-05,55.224365234375
2026-01-06,55.52400970458984
2026-01-07,55.18441390991211
2026-01-08,55.24434280395508
2026-01-09,55.364200592041016
2026-01-12,56.22317886352539
2026-01-13,55.89356994628906
2026-01-14,56.013431549072266
2026-01-15,56.27312088012695
2026-01-16,55.93352508544922
2026-01-20,55.47407150268555
2026-01-21,56.04339218139648
2026-01-22,56.48286819458008
2026-01-23,56.70261001586914
2026-01-26,56.86241912841797
2026-01-27,57.57157516479492
2026-01-28,57.791316986083984
2026-01-29,57.57157516479492
2026-01-30,56.4029655456543
2026-02-02,56.71259689331055
2026-02-03,56.68263244628906
2026-02-04,56.34303665161133
2026-02-05,55.97347640991211
2026-02-06,57.19202423095703
2026-02-09,57.68144607543945
2026-02-10,57.94113540649414
2026-02-11,58.4405403137207
2026-02-12,57.69143295288086
2026-02-13,57.68144607543945
2026-02-17,57.721397399902344
2026-02-18,57.88121032714844
2026-02-19,57.521636962890625
2026-02-20,58.46051788330078
2026-02-23,57.9910774230957
2026-02-24,58.61034393310547
2026-02-25,58.93994903564453
2026-02-26,58.200828552246094
2026-02-27,58.031028747558594
2026-03-02,57.17205429077149
2026-03-03,55.16443634033203
2026-03-04,55.51402282714844
2026-03-05,54.78488540649414
2026-03-06,54.40534210205078
2026-03-09,55.06455612182617
2026-03-10,55.4441032409668
2026-03-11,55.49404525756836
2026-03-12,54.24552917480469
2026-03-13,53.95587539672851
2026-03-16,54.95468521118164
2026-03-17,55.19440078735352
2026-03-18,54.14564895629883
2026-03-19,53.94588470458984
2026-03-20,52.49760818481445
2026-03-23,53.73613357543945
2026-03-24,53.24671936035156
2026-03-25,54.27549362182617
2026-03-26,52.787261962890625
2026-03-27,52.42769241333008
2026-03-30,52.35777282714844
2026-03-31,53.985836029052734
2026-04-01,54.14564895629883
2026-04-02,53.75611114501953
2026-04-06,53.94588470458984
2026-04-07,54.02579116821289
2026-04-08,56.43292999267578
2026-04-09,56.37300109863281
2026-04-10,56.68263244628906
2026-04-13,57.11212158203125
2026-04-14,57.911170959472656
2026-04-15,58.02104187011719
2026-04-16,58.140899658203125
2026-04-17,59.10974884033203
2026-04-20,58.84006881713867
2026-04-21,58.13091278076172
2026-04-22,58.69024658203125
2026-04-23,57.85124206542969
2026-04-24,58.9499397277832
2026-04-27,58.660282135009766
2026-04-28,58.250770568847656
2026-04-29,58.01105499267578
2026-04-30,58.86004638671875
2026-05-01,58.91997528076172
2026-05-04,58.660282135009766
2026-05-05,59.28953552246094
2026-05-06,60.67788314819336
2026-05-07,60.13852310180664
2026-05-08,60.468135833740234
2026-05-11,60.31830978393555
2026-05-12,59.31949996948242
2026-05-13,59.86884307861328
2026-05-14,59.88882064819336
2026-05-15,58.37062454223633
2026-05-18,58.41057968139648
2026-05-19,57.80130386352539
2026-05-20,58.6003532409668
2026-05-21,58.63031768798828
2026-05-22,58.90998458862305
2026-05-26,60.15850067138672
2026-05-27,60.21843338012695
2026-05-28,59.828895568847656
2026-05-29,59.80891799926758
2026-06-01,60.34827423095703
2026-06-02,61.11735916137695
2026-06-03,60.25838470458984
2026-06-04,60.238407135009766
2026-06-05,57.96111297607422
2026-06-08,58.26075744628906
2026-06-09,58.380615234375
2026-06-10,57.65148162841797
2026-06-11,59.029842376708984
2026-06-12,59.47930908203125
2026-06-15,60.76777648925781
2026-06-16,60.088584899902344
2026-06-17,59.7390022277832
2026-06-18,60.77000045776367
2026-06-22,61.2400016784668
2026-06-23,59.36000061035156
2026-06-24,58.970001220703125
2026-06-25,58.79999923706055
2026-06-26,58.58000183105469
2026-06-29,59.18000030517578
2026-06-30,59.689998626708984
2026-07-01,59.220001220703125
2026-07-02,59.040000915527344
