date,adj close
2011-01-28,31.15118980407715
2011-01-31,31.498498916625977
2011-02-01,32.1741828918457
2011-02-02,32.0099983215332
2011-02-03,32.066829681396484
2011-02-04,32.047889709472656
2011-02-07,32.136287689208984
2011-02-08,32.18682861328125
2011-02-09,31.991064071655273
2011-02-10,31.694257736206055
2011-02-11,31.814241409301758
2011-02-14,31.89000701904297
2011-02-15,31.788978576660156
2011-02-16,32.18682861328125
2011-02-17,32.31943130493164
2011-02-18,32.37626647949219
2011-02-22,31.56797218322754
2011-02-23,31.5363826751709
2011-02-24,31.580596923828125
2011-02-25,31.940542221069336
2011-02-28,32.23102569580078
2011-03-01,31.86477279663086
2011-03-02,32.09842300415039
2011-03-03,32.470985412597656
2011-03-04,32.256282806396484
2011-03-07,32.04158020019531
2011-03-08,32.15525436401367
2011-03-09,32.11735153198242
2011-03-10,31.321670532226562
2011-03-11,31.43535041809082
2011-03-14,30.980680465698242
2011-03-15,30.43761444091797
2011-03-16,29.59140968322754
2011-03-17,30.349185943603516
2011-03-18,30.81650161743164
2011-03-21,31.47955322265625
2011-03-22,31.403772354125977
2011-03-23,31.54271125793457
2011-03-24,31.858448028564453
2011-03-25,31.6563777923584
2011-03-28,31.511144638061523
2011-03-29,31.763729095458984
2011-03-30,32.18682861328125
2011-03-31,32.148921966552734
2011-04-01,32.4330940246582
2011-04-04,32.60360336303711
2011-04-05,32.47730255126953
2011-04-06,32.7172737121582
2011-04-07,32.55308151245117
2011-04-08,32.79936218261719
2011-04-11,32.597286224365234
2011-04-12,32.2878532409668
2011-04-13,32.42046356201172
2011-04-14,32.49623489379883
2011-04-15,32.47730255126953
2011-04-18,31.89633560180664
2011-04-19,32.18682861328125
2011-04-20,32.94459915161133
2011-04-21,33.08352279663086
2011-04-25,33.05826950073242
2011-04-26,33.317176818847656
2011-04-27,33.601348876953125
2011-04-28,33.66448974609375
2011-04-29,33.8160514831543
2011-05-02,33.75922775268555
2011-05-03,33.418209075927734
2011-05-04,33.0645866394043
2011-05-05,32.47730255126953
2011-05-06,32.60360336303711
2011-05-09,32.7867317199707
2011-05-10,33.089839935302734
2011-05-11,32.489933013916016
2011-05-12,32.60990524291992
2011-05-13,32.066829681396484
2011-05-16,31.978422164916992
2011-05-17,32.04158020019531
2011-05-18,32.37626647949219
2011-05-19,32.426788330078125
2011-05-20,32.0794563293457
2011-05-23,31.47955322265625
2011-05-24,31.643747329711914
2011-05-25,31.801618576049805
2011-05-26,32.0794563293457
2011-05-27,32.31943130493164
2011-05-31,32.79936218261719
2011-06-01,32.1741828918457
2011-06-02,32.338375091552734
2011-06-03,32.27524185180664
2011-06-06,31.871082305908203
2011-06-07,32.136287689208984
2011-06-08,31.80793571472168
2011-06-09,32.09209442138672
2011-06-10,31.365877151489258
2011-06-13,31.38483238220215
2011-06-14,31.877384185791016
2011-06-15,31.037508010864258
2011-06-16,30.854394912719727
2011-06-17,31.075395584106445
2011-06-20,31.005937576293945
2011-06-21,31.643747329711914
2011-06-22,31.214332580566406
2011-06-23,31.0438289642334
2011-06-24,30.81018829345703
2011-06-27,31.056467056274414
2011-06-28,31.422719955444336
2011-06-29,31.883705139160156
2011-06-30,32.401519775390625
2011-07-01,32.72359848022461
2011-07-05,32.54677963256836
2011-07-06,32.37626647949219
2011-07-07,32.67937469482422
2011-07-08,32.35100555419922
2011-07-11,31.48586654663086
2011-07-12,31.258541107177734
2011-07-13,31.725831985473633
2011-07-14,31.52376365661621
2011-07-15,31.643747329711914
2011-07-18,31.258541107177734
2011-07-19,31.668996810913086
2011-07-20,31.934228897094727
2011-07-21,32.508872985839844
2011-07-22,32.565704345703125
2011-07-25,32.388885498046875
2011-07-26,32.502559661865234
2011-07-27,31.908973693847656
2011-07-28,31.738462448120117
2011-07-29,31.833187103271484
2011-08-01,31.593236923217773
2011-08-02,30.753353118896484
2011-08-03,30.79123878479004
2011-08-04,28.80836296081543
2011-08-05,29.016767501831055
2011-08-08,26.95180892944336
2011-08-09,28.39159393310547
2011-08-10,27.153886795043945
2011-08-11,28.328441619873047
2011-08-12,28.599973678588867
2011-08-15,29.281984329223633
2011-08-16,28.953617095947266
2011-08-17,29.016767501831055
2011-08-18,27.728534698486328
2011-08-19,27.28649139404297
2011-08-22,27.43804931640625
2011-08-23,28.246349334716797
2011-08-24,28.214771270751953
2011-08-25,27.646434783935547
2011-08-26,28.025333404541016
2011-08-29,28.70101547241211
2011-08-30,28.757856369018555
2011-08-31,29.143070220947266
2011-09-01,28.953617095947266
2011-09-02,28.227397918701172
2011-09-06,27.425426483154297
2011-09-07,28.341073989868164
2011-09-08,27.810625076293945
2011-09-09,26.907596588134766
2011-09-12,26.692890167236328
2011-09-13,26.95180892944336
2011-09-14,27.160200119018555
2011-09-15,27.684335708618164
2011-09-16,27.614870071411133
2011-09-19,26.98969841003418
2011-09-20,27.046527862548828
2011-09-21,26.250852584838867
2011-09-22,25.06997299194336
2011-09-23,25.278356552124023
2011-09-26,25.6383113861084
2011-09-27,26.33294105529785
2011-09-28,25.815134048461914
2011-09-29,26.351884841918945
2011-09-30,25.455183029174805
2011-10-03,24.69109344482422
2011-10-04,24.97525978088379
2011-10-05,25.404664993286133
2011-10-06,26.212963104248047
2011-10-07,25.998254776000977
2011-10-10,26.95180892944336
2011-10-11,26.825502395629883
2011-10-12,27.513822555541992
2011-10-13,27.425426483154297
2011-10-14,27.82956886291504
2011-10-17,27.021263122558594
2011-10-18,27.583288192749023
2011-10-19,27.033903121948242
2011-10-20,27.0275821685791
2011-10-21,27.678014755249023
2011-10-24,28.252656936645508
2011-10-25,27.760114669799805
2011-10-26,28.132688522338867
2011-10-27,29.521953582763672
2011-10-28,29.288291931152344
2011-10-31,28.06320571899414
2011-11-01,27.115999221801758
2011-11-02,27.65276336669922
2011-11-03,28.296875
2011-11-04,27.911653518676758
2011-11-07,28.138996124267578
2011-11-08,28.40421485900879
2011-11-09,26.91391372680664
2011-11-10,27.254907608032227
2011-11-11,27.911653518676758
2011-11-14,27.48856544494629
2011-11-15,27.570661544799805
2011-11-16,26.863388061523438
2011-11-17,26.47187042236328
2011-11-18,26.541337966918945
2011-11-21,25.960372924804688
2011-11-22,25.701461791992188
2011-11-23,25.0510311126709
2011-11-25,24.90578842163086
2011-11-28,26.036157608032227
2011-11-29,26.09929656982422
2011-11-30,27.469621658325195
2011-12-01,27.204402923583984
2011-12-02,27.267549514770508
2011-12-05,27.551713943481445
2011-12-06,27.41279411315918
2011-12-07,27.576974868774414
2011-12-08,26.61080551147461
2011-12-09,27.229652404785156
2011-12-12,26.446613311767578
2011-12-13,26.00458335876465
2011-12-14,25.783546447753906
2011-12-15,25.865642547607422
2011-12-16,25.865642547607422
2011-12-19,25.556224822998047
2011-12-20,26.364532470703125
2011-12-21,26.319561004638672
2011-12-22,26.573692321777344
2011-12-23,26.73008918762207
2011-12-27,26.671436309814453
2011-12-28,26.130573272705078
2011-12-29,26.52808380126953
2011-12-30,26.65188980102539
2012-01-03,27.427343368530273
2012-01-04,27.30353355407715
2012-01-05,27.003782272338867
2012-01-06,26.65188980102539
2012-01-09,26.814804077148438
2012-01-10,27.231855392456055
2012-01-11,27.173206329345703
2012-01-12,27.28396987915039
2012-01-13,27.02334213256836
2012-01-17,27.32958984375
2012-01-18,27.88347816467285
2012-01-19,28.18324089050293
2012-01-20,28.320077896118164
2012-01-23,28.489505767822266
2012-01-24,28.32658576965332
2012-01-25,28.68499183654785
2012-01-26,28.658937454223633
2012-01-27,28.730613708496094
2012-01-30,28.430858612060547
2012-01-31,28.60679817199707
2012-02-01,29.030366897583008
2012-02-02,29.128101348876953
2012-02-03,29.55166244506836
2012-02-06,29.388757705688477
2012-02-07,29.519092559814453
2012-02-08,29.6494197845459
2012-02-09,29.64290428161621
2012-02-10,29.121585845947266
2012-02-13,29.447406768798828
2012-02-14,29.245399475097656
2012-02-15,29.362699508666992
2012-02-16,29.6494197845459
2012-02-17,29.83186149597168
2012-02-21,29.83186149597168
2012-02-22,29.766706466674805
2012-02-23,29.949172973632812
2012-02-24,30.144662857055664
2012-02-27,29.870983123779297
2012-02-28,30.23589324951172
2012-02-29,29.910078048706055
2012-03-01,30.3140926361084
2012-03-02,29.988279342651367
2012-03-05,29.753671646118164
2012-03-06,28.87397003173828
2012-03-07,29.219341278076172
2012-03-08,29.864463806152344
2012-03-09,29.78626251220703
2012-03-12,29.64290428161621
2012-03-13,30.151174545288086
2012-03-14,29.83186149597168
2012-03-15,30.086015701293945
2012-03-16,30.222862243652344
2012-03-19,30.288021087646484
2012-03-20,29.910078048706055
2012-03-21,29.83838653564453
2012-03-22,29.49302101135254
2012-03-23,29.688508987426758
2012-03-26,30.138145446777344
2012-03-27,29.962209701538086
2012-03-28,29.714588165283203
2012-03-29,29.53864097595215
2012-03-30,29.747169494628906
2012-04-02,30.144662857055664
2012-04-03,29.695026397705078
2012-04-04,29.049909591674805
2012-04-05,29.01732635498047
2012-04-09,28.769712448120117
2012-04-10,28.24187660217285
2012-04-11,28.600269317626953
2012-04-12,29.154165267944336
2012-04-13,28.632862091064453
2012-04-16,28.750167846679688
2012-04-17,29.167203903198242
2012-04-18,28.978239059448242
2012-04-19,28.90003776550293
2012-04-20,29.04340362548828
2012-04-23,28.574220657348633
2012-04-24,28.730613708496094
2012-04-25,29.115079879760742
2012-04-26,29.18677520751953
2012-04-27,29.277978897094727
2012-04-30,29.128101348876953
2012-05-01,29.291015625
2012-05-02,29.056432723999023
2012-05-03,28.78273582458496
2012-05-04,28.39827537536621
2012-05-07,28.5416316986084
2012-05-08,28.150657653808594
2012-05-09,27.785736083984375
2012-05-10,27.916065216064453
2012-05-11,27.746644973754883
2012-05-14,27.173206329345703
2012-05-15,26.853904724121094
2012-05-16,26.580217361450195
2012-05-17,26.247873306274414
2012-05-18,26.039352416992188
2012-05-21,26.541126251220703
2012-05-22,26.46292495727539
2012-05-23,26.254398345947266
2012-05-24,26.137102127075195
2012-05-25,26.01329231262207
2012-05-29,26.41731071472168
2012-05-30,25.882963180541992
2012-05-31,25.97419548034668
2012-06-01,25.348623275756836
2012-06-04,25.531076431274414
2012-06-05,25.700502395629883
2012-06-06,26.43684959411621
2012-06-07,26.43684959411621
2012-06-08,26.260915756225586
2012-06-11,26.039352416992188
2012-06-12,26.495506286621094
2012-06-13,26.28697967529297
2012-06-14,26.44989013671875
2012-06-15,26.827829360961914
2012-06-18,26.814804077148438
2012-06-19,27.29701042175293
2012-06-20,27.316560745239258
2012-06-21,26.56065559387207
2012-06-22,26.84738540649414
2012-06-25,26.137102127075195
2012-06-26,26.3716983795166
2012-06-27,26.55415916442871
2012-06-28,26.521574020385742
2012-06-29,27.525074005126953
2012-07-02,27.674959182739258
2012-07-03,27.9095458984375
2012-07-05,27.577220916748047
2012-07-06,27.277462005615234
2012-07-09,27.173206329345703
2012-07-10,26.997257232666016
2012-07-11,27.095008850097656
2012-07-12,26.7496337890625
2012-07-13,27.186233520507812
2012-07-16,27.147136688232422
2012-07-17,27.336111068725586
2012-07-18,27.420839309692383
2012-07-19,27.681476593017578
2012-07-20,27.173206329345703
2012-07-23,26.632349014282227
2012-07-24,26.39773941040039
2012-07-25,26.50853729248047
2012-07-26,27.199268341064453
2012-07-27,27.831350326538086
2012-07-30,27.753150939941406
2012-07-31,27.609798431396484
2012-08-01,27.59025764465332
2012-08-02,27.277462005615234
2012-08-03,28.085493087768555
2012-08-06,28.2679443359375
2012-08-07,28.482982635498047
2012-08-08,28.443899154663086
2012-08-09,28.489505767822266
2012-08-10,28.587249755859375
2012-08-13,28.43737030029297
2012-08-14,28.5220890045166
2012-08-15,28.489505767822266
2012-08-16,28.789260864257812
2012-08-17,28.80229949951172
2012-08-20,28.750167846679688
2012-08-21,28.87397003173828
2012-08-22,28.87397003173828
2012-08-23,28.68499183654785
2012-08-24,28.671968460083008
2012-08-27,28.632862091064453
2012-08-28,28.463438034057617
2012-08-29,28.352664947509766
2012-08-30,28.033361434936523
2012-08-31,28.32658576965332
2012-09-04,28.131099700927734
2012-09-05,28.059429168701172
2012-09-06,28.730613708496094
2012-09-07,29.180248260498047
2012-09-10,28.952177047729492
2012-09-11,29.193269729614258
2012-09-12,29.362699508666992
2012-09-13,29.94264793395996
2012-09-14,30.288021087646484
2012-09-17,30.04692268371582
2012-09-18,29.9231014251709
2012-09-19,30.03388786315918
2012-09-20,29.818836212158203
2012-09-21,29.897050857543945
2012-09-24,29.802282333374023
2012-09-25,29.550518035888672
2012-09-26,29.285497665405273
2012-09-27,29.716150283813477
2012-09-28,29.292125701904297
2012-10-01,29.49088478088379
2012-10-02,29.623395919799805
2012-10-03,29.49749755859375
2012-10-04,29.795665740966797
2012-10-05,29.848670959472656
2012-10-08,29.596904754638672
2012-10-09,29.245729446411133
2012-10-10,29.1264705657959
2012-10-11,29.31861686706543
2012-10-12,29.278860092163086
2012-10-15,29.583642959594727
2012-10-16,29.99444580078125
2012-10-17,30.232967376708984
2012-10-18,30.179964065551758
2012-10-19,29.722776412963867
2012-10-22,29.974550247192383
2012-10-23,29.345121383666992
2012-10-24,29.424631118774414
2012-10-25,29.636655807495117
2012-10-26,29.517391204833984
2012-10-31,29.530649185180664
2012-11-01,29.868547439575195
2012-11-02,29.64990234375
2012-11-05,29.643266677856445
2012-11-06,29.861919403076172
2012-11-07,29.41800308227539
2012-11-08,29.1264705657959
2012-11-09,29.172853469848633
2012-11-12,29.172853469848633
2012-11-13,28.993959426879883
2012-11-14,28.682558059692383
2012-11-15,28.742176055908203
2012-11-16,28.742176055908203
2012-11-19,29.338489532470703
2012-11-20,29.298738479614258
2012-11-21,29.37824058532715
2012-11-23,29.94805908203125
2012-11-26,29.861919403076172
2012-11-27,29.66315269470215
2012-11-28,29.855297088623047
2012-11-29,30.1269588470459
2012-11-30,30.140207290649414
2012-12-03,30.12031364440918
2012-12-04,30.21309471130371
2012-12-05,30.358850479125977
2012-12-06,30.431732177734375
2012-12-07,30.464868545532227
2012-12-10,30.55099868774414
2012-12-11,30.663631439208984
2012-12-12,30.809406280517578
2012-12-13,30.71663475036621
2012-12-14,30.816017150878906
2012-12-17,30.968416213989258
2012-12-18,31.206924438476562
2012-12-19,31.266563415527344
2012-12-20,31.472082138061523
2012-12-21,31.190011978149414
2012-12-24,31.089265823364258
2012-12-26,31.12285041809082
2012-12-27,31.284038543701172
2012-12-28,31.062393188476562
2012-12-31,31.613109588623047
2013-01-02,32.0966911315918
2013-01-03,31.828041076660156
2013-01-04,31.928791046142578
2013-01-07,31.794462203979492
2013-01-08,31.606401443481445
2013-01-09,31.787744522094727
2013-01-10,32.183998107910156
2013-01-11,32.17728805541992
2013-01-14,32.19742965698242
2013-01-15,32.0966911315918
2013-01-16,31.94892692565918
2013-01-17,32.23101043701172
2013-01-18,32.244449615478516
2013-01-22,32.23773193359375
2013-01-23,32.14370346069336
2013-01-24,32.264591217041016
2013-01-25,32.4324951171875
2013-01-28,32.17728805541992
2013-01-29,32.492950439453125
2013-01-30,32.44594192504883
2013-01-31,32.37205123901367
2013-02-01,32.68771743774414
2013-02-04,32.13698959350586
2013-02-05,32.25788116455078
2013-02-06,32.331748962402344
2013-02-07,32.0563850402832
2013-02-08,32.21086502075195
2013-02-11,32.19742965698242
2013-02-12,32.31162643432617
2013-02-13,32.4324951171875
2013-02-14,32.28473663330078
2013-02-15,32.21757888793945
2013-02-19,32.499664306640625
2013-02-20,32.29146194458008
2013-02-21,31.74073600769043
2013-02-22,32.10340118408203
2013-02-25,31.465368270874023
2013-02-26,31.720582962036133
2013-02-27,32.0765266418457
2013-02-28,32.00266647338867
2013-03-01,31.975801467895508
2013-03-04,32.009368896484375
2013-03-05,32.31832504272461
2013-03-06,32.405643463134766
2013-03-07,32.499664306640625
2013-03-08,32.58696746826172
2013-03-11,32.62727355957031
2013-03-12,32.4593620300293
2013-03-13,32.351905822753906
2013-03-14,32.60712432861328
2013-03-15,32.56683349609375
2013-03-18,32.271305084228516
2013-03-19,32.130279541015625
2013-03-20,32.385475158691406
2013-03-21,32.0899658203125
2013-03-22,32.322288513183594
2013-03-25,32.03946304321289
2013-03-26,32.2347526550293
2013-03-27,32.16742706298828
2013-03-28,32.302093505859375
2013-04-01,32.00579833984375
2013-04-02,32.147216796875
2013-04-03,31.93172836303711
2013-04-04,32.12700271606445
2013-04-05,31.96538543701172
2013-04-08,31.999065399169922
2013-04-09,32.1943473815918
2013-04-10,32.6455078125
2013-04-11,32.786930084228516
2013-04-12,32.62529754638672
2013-04-15,31.837451934814453
2013-04-16,32.43003845214844
2013-04-17,31.70951271057129
2013-04-18,31.689315795898438
2013-04-19,32.0260009765625
2013-04-22,32.100074768066406
2013-04-23,32.46370315551758
2013-04-24,32.69939041137695
2013-04-25,32.87445068359375
2013-04-26,32.8946647644043
2013-04-29,33.24482345581055
2013-04-30,33.433372497558594
2013-05-01,33.17074966430664
2013-05-02,33.332359313964844
2013-05-03,33.64885711669922
2013-05-06,33.61519241333008
2013-05-07,33.74312210083008
2013-05-08,34.12694549560547
2013-05-09,33.763328552246094
2013-05-10,33.81719970703125
2013-05-13,33.736392974853516
2013-05-14,33.81719970703125
2013-05-15,33.87778854370117
2013-05-16,33.63538360595703
2013-05-17,33.82392120361328
2013-05-20,34.08652877807617
2013-05-21,34.10674285888672
2013-05-22,33.74984359741211
2013-05-23,33.39296340942383
2013-05-24,33.09668731689453
2013-05-28,33.137081146240234
2013-05-29,32.8946647644043
2013-05-30,33.02934265136719
2013-05-31,32.32902526855469
2013-06-03,32.6455078125
2013-06-04,32.537776947021484
2013-06-05,31.94519805908203
2013-06-06,32.14047622680664
2013-06-07,32.335750579833984
2013-06-10,32.30882263183594
2013-06-11,31.857654571533203
2013-06-12,31.80379295349121
2013-06-13,32.28862380981445
2013-06-14,31.891332626342773
2013-06-17,32.31555938720703
2013-06-18,32.48390197753906
2013-06-19,31.850908279418945
2013-06-20,30.800443649291992
2013-06-21,30.86779022216797
2013-06-24,30.253034591674805
2013-06-25,30.648775100708008
2013-06-26,30.846628189086914
2013-06-27,31.20142936706543
2013-06-28,31.16731071472168
2013-07-01,31.412939071655273
2013-07-02,31.235536575317383
2013-07-03,31.160490036010742
2013-07-05,31.28330421447754
2013-07-08,31.41975212097168
2013-07-09,31.63128089904785
2013-07-10,31.64492416381836
2013-07-11,32.600135803222656
2013-07-12,32.388614654541016
2013-07-15,32.586490631103516
2013-07-16,32.600135803222656
2013-07-17,32.750240325927734
2013-07-18,32.86623001098633
2013-07-19,32.845767974853516
2013-07-22,33.03681564331055
2013-07-23,33.186912536621094
2013-07-24,33.05044937133789
2013-07-25,33.11867141723633
2013-07-26,32.961753845214844
2013-07-29,32.66154861450195
2013-07-30,32.59333038330078
2013-07-31,32.606964111328125
2013-08-01,33.023155212402344
2013-08-02,33.186912536621094
2013-08-05,33.084571838378906
2013-08-06,32.99587631225586
2013-08-07,32.76388168334961
2013-08-08,33.20055389404297
2013-08-09,33.261966705322266
2013-08-12,33.255149841308594
2013-08-13,33.46665954589844
2013-08-14,33.45299530029297
2013-08-15,33.22785186767578
2013-08-16,33.20055389404297
2013-08-19,32.90717315673828
2013-08-20,32.845767974853516
2013-08-21,32.374977111816406
2013-08-22,32.80483627319336
2013-08-23,33.002685546875
2013-08-26,32.80483627319336
2013-08-27,32.23170471191406
2013-08-28,32.21123123168945
2013-08-29,32.21804428100586
2013-08-30,31.972423553466797
2013-09-03,32.4909782409668
2013-09-04,32.80483627319336
2013-09-05,32.86623001098633
2013-09-06,33.0709228515625
2013-09-09,33.6577033996582
2013-09-10,33.9647216796875
2013-09-11,34.04662322998047
2013-09-12,33.81462860107422
2013-09-13,33.9647216796875
2013-09-16,34.278587341308594
2013-09-17,34.278587341308594
2013-09-18,35.2610969543457
2013-09-19,35.001827239990234
2013-09-20,34.667503356933594
2013-09-23,34.69489669799805
2013-09-24,34.660640716552734
2013-09-25,34.626373291015625
2013-09-26,34.77030563354492
2013-09-27,34.646934509277344
2013-09-30,34.37278366088867
2013-10-01,34.61267852783203
2013-10-02,34.660640716552734
2013-10-03,34.49615478515625
2013-10-04,34.58525848388672
2013-10-07,34.28367614746094
2013-10-08,34.002655029296875
2013-10-09,34.249412536621094
2013-10-10,34.82514572143555
2013-10-11,34.95537185668945
2013-10-14,35.099300384521484
2013-10-15,34.8936882019043
2013-10-16,35.19525146484375
2013-10-17,35.55851364135742
2013-10-18,35.74357604980469
2013-10-21,35.79155731201172
2013-10-22,36.15480422973633
2013-10-23,35.688743591308594
2013-10-24,35.8669548034668
2013-10-25,35.82581329345703
2013-10-28,35.81210708618164
2013-10-29,35.901214599609375
2013-10-30,35.77783966064453
2013-10-31,35.633914947509766
2013-11-01,35.414573669433594
2013-11-04,35.57908248901367
2013-11-05,35.21580505371094
2013-11-06,35.5448112487793
2013-11-07,34.9348030090332
2013-11-08,35.126712799072266
2013-11-11,35.10615921020508
2013-11-12,34.94164276123047
2013-11-13,35.078739166259766
2013-11-14,35.27750778198242
2013-11-15,35.647613525390625
2013-11-18,35.71615982055664
2013-11-19,35.585933685302734
2013-11-20,35.311771392822266
2013-11-21,35.48310852050781
2013-11-22,35.585933685302734
2013-11-25,35.476261138916016
2013-11-26,35.39402389526367
2013-11-27,35.56536102294922
2013-11-29,35.681884765625
2013-12-02,35.35976028442383
2013-12-03,35.126712799072266
2013-12-04,34.94164276123047
2013-12-05,34.777164459228516
2013-12-06,35.2637939453125
2013-12-09,35.2637939453125
2013-12-10,35.18840026855469
2013-12-11,34.86627197265625
2013-12-12,34.57839584350586
2013-12-13,34.6058235168457
2013-12-16,34.8456916809082
2013-12-17,34.69489669799805
2013-12-18,35.19525146484375
2013-12-19,35.07187271118164
2013-12-20,35.19498062133789
2013-12-23,35.47854232788086
2013-12-24,35.56151580810547
2013-12-26,35.686012268066406
2013-12-27,35.89348220825195
2013-12-30,36.07330322265625
2013-12-31,36.2254524230957
2014-01-02,35.58919143676758
2014-01-03,35.57536697387695
2014-01-06,35.471622467041016
2014-01-07,35.64452362060547
2014-01-08,35.6237678527832
2014-01-09,35.52003479003906
2014-01-10,35.88656997680664
2014-01-13,35.60994338989258
2014-01-14,35.89348220825195
2014-01-15,35.96956253051758
2014-01-16,35.97648620605469
2014-01-17,35.8450813293457
2014-01-21,35.97648620605469
2014-01-22,36.087120056152344
2014-01-23,35.70677185058594
2014-01-24,34.78002166748047
2014-01-27,34.565643310546875
2014-01-28,34.91835403442383
2014-01-29,34.49647521972656
2014-01-30,34.69703674316406
2014-01-31,34.26825714111328
2014-02-03,33.63890075683594
2014-02-04,33.94322204589844
2014-02-05,34.0192756652832
2014-02-06,34.634788513183594
2014-02-07,35.0013542175293
2014-02-10,34.87685012817383
2014-02-11,35.40937805175781
2014-02-12,35.437042236328125
2014-02-13,35.52693557739258
2014-02-14,35.75516891479492
2014-02-18,35.907325744628906
2014-02-19,35.679107666015625
2014-02-20,35.796661376953125
2014-02-21,35.92116928100586
2014-02-24,36.1632194519043
2014-02-25,36.114803314208984
2014-02-26,35.93498611450195
2014-02-27,36.10788345336914
2014-02-28,36.1839599609375
2014-03-03,35.47854232788086
2014-03-04,36.114803314208984
2014-03-05,36.114803314208984
2014-03-06,36.51591873168945
2014-03-07,36.23237228393555
2014-03-10,35.97648620605469
2014-03-11,35.78974533081055
2014-03-12,35.69983673095703
2014-03-13,35.11890411376953
2014-03-14,35.09125518798828
2014-03-17,35.492374420166016
2014-03-18,35.74134826660156
2014-03-19,35.277976989746094
2014-03-20,35.20882797241211
2014-03-21,35.20188522338867
2014-03-24,35.312557220458984
2014-03-25,35.65179443359375
2014-03-26,35.65876388549805
2014-03-27,35.916500091552734
2014-03-28,36.1324462890625
2014-03-31,36.36233139038086
2014-04-01,36.61310577392578
2014-04-02,36.682762145996094
2014-04-03,36.57826614379883
2014-04-04,36.49467849731445
2014-04-07,36.36928939819336
2014-04-08,36.4668083190918
2014-04-09,36.89173889160156
2014-04-10,36.264801025390625
2014-04-11,36.1324462890625
2014-04-14,36.28569412231445
2014-04-15,36.048858642578125
2014-04-16,36.41804504394531
2014-04-17,36.61310577392578
2014-04-21,36.71063232421875
2014-04-22,36.738487243652344
2014-04-23,36.62704086303711
2014-04-24,36.65489959716797
2014-04-25,36.431976318359375
2014-04-28,36.54343032836914
2014-04-29,36.68973922729492
2014-04-30,36.822086334228516
2014-05-01,36.8777961730957
2014-05-02,36.92656707763672
2014-05-05,36.89173889160156
2014-05-06,36.86387252807617
2014-05-07,36.96140670776367
2014-05-08,36.968360900878906
2014-05-09,36.89173889160156
2014-05-12,37.21217346191406
2014-05-13,37.24700164794922
2014-05-14,37.267906188964844
2014-05-15,37.038028717041016
2014-05-16,37.15644836425781
2014-05-19,37.13554763793945
2014-05-20,36.88478469848633
2014-05-21,37.15644836425781
2014-05-22,37.267906188964844
2014-05-23,37.37238693237305
2014-05-27,37.51171875
2014-05-28,37.43507766723633
2014-05-29,37.63710021972656
2014-05-30,37.532615661621094
2014-06-02,37.69977569580078
2014-06-03,37.63710021972656
2014-06-04,37.630130767822266
2014-06-05,37.88090896606445
2014-06-06,38.11078643798828
2014-06-09,38.13863754272461
2014-06-10,38.11078643798828
2014-06-11,37.97146987915039
2014-06-12,37.957523345947266
2014-06-13,38.00629425048828
2014-06-16,37.97146987915039
2014-06-17,37.922691345214844
2014-06-18,38.2779655456543
2014-06-19,38.36851501464844
2014-06-20,38.340675354003906
2014-06-23,38.2640380859375
2014-06-24,38.04145050048828
2014-06-25,38.055545806884766
2014-06-26,38.09780502319336
2014-06-27,38.19642639160156
2014-06-30,38.23868942260742
2014-07-01,38.5697135925293
2014-07-02,38.626068115234375
2014-07-03,38.77397918701172
2014-07-07,38.51337432861328
2014-07-08,38.20345687866211
2014-07-09,38.34431838989258
2014-07-10,37.94284439086914
2014-07-11,37.99214553833008
2014-07-14,38.245704650878906
2014-07-15,38.125980377197266
2014-07-16,38.35842514038086
2014-07-17,37.837196350097656
2014-07-18,38.21049880981445
2014-07-21,38.14711380004883
2014-07-22,38.37249755859375
2014-07-23,38.44998550415039
2014-07-24,38.49928665161133
2014-07-25,38.365455627441406
2014-07-28,38.44998550415039
2014-07-29,38.30208206176758
2014-07-30,38.27389907836914
2014-07-31,37.576602935791016
2014-08-01,37.4498291015625
2014-08-04,37.682254791259766
2014-08-05,37.146949768066406
2014-08-06,37.10468673706055
2014-08-07,36.79478073120117
2014-08-08,37.013118743896484
2014-08-11,37.238502502441406
2014-08-12,37.20330810546875
2014-08-13,37.4498291015625
2014-08-14,37.59067916870117
2014-08-15,37.55546188354492
2014-08-18,37.82311248779297
2014-08-19,37.90059280395508
2014-08-20,37.844242095947266
2014-08-21,37.90763473510742
2014-08-22,37.75972366333008
2014-08-25,38.04851150512695
2014-08-26,38.0837287902832
2014-08-27,38.217552185058594
2014-08-28,37.99919891357422
2014-08-29,38.0132942199707
2014-09-02,38.0132942199707
2014-09-03,38.35137176513672
2014-09-04,38.11892318725586
2014-09-05,38.20345687866211
2014-09-08,37.82311248779297
2014-09-09,37.62590408325195
2014-09-10,37.75267791748047
2014-09-11,37.56251525878906
2014-09-12,37.372352600097656
2014-09-15,37.301902770996094
2014-09-16,37.541385650634766
2014-09-17,37.266685485839844
2014-09-18,37.48503494262695
2014-09-19,37.266685485839844
2014-09-22,37.0272102355957
2014-09-23,36.773651123046875
2014-09-24,36.98181915283203
2014-09-25,36.37996292114258
2014-09-26,36.58530044555664
2014-09-29,36.18879318237305
2014-09-30,36.11090850830078
2014-10-01,35.671913146972656
2014-10-02,35.424095153808594
2014-10-03,35.47364807128906
2014-10-06,35.742706298828125
2014-10-07,35.23291015625
2014-10-08,35.72856140136719
2014-10-09,34.87888717651367
2014-10-10,34.29826736450195
2014-10-13,34.34077072143555
2014-10-14,34.40448760986328
2014-10-15,34.10709762573242
2014-10-16,33.915924072265625
2014-10-17,34.38323974609375
2014-10-20,34.62398910522461
2014-10-21,34.9780158996582
2014-10-22,34.716026306152344
2014-10-23,34.992183685302734
2014-10-24,35.1904296875
2014-10-27,34.97093200683594
2014-10-28,35.530296325683594
2014-10-29,35.296630859375
2014-10-30,35.52321243286133
2014-10-31,36.08258056640625
2014-11-03,35.75688552856445
2014-11-04,35.57278060913086
2014-11-05,35.60817337036133
2014-11-06,35.3603515625
2014-11-07,35.431182861328125
2014-11-10,35.52321243286133
2014-11-11,35.69313049316406
2014-11-12,35.49488830566406
2014-11-13,35.565704345703125
2014-11-14,35.68606948852539
2014-11-17,35.49488830566406
2014-11-18,35.83477020263672
2014-11-19,35.76396179199219
2014-11-20,35.64359664916992
2014-11-21,36.07550048828125
2014-11-24,36.07550048828125
2014-11-25,36.15338897705078
2014-11-26,36.337493896484375
2014-11-28,35.89849090576172
2014-12-01,35.73563003540039
2014-12-02,35.81352615356445
2014-12-03,35.863075256347656
2014-12-04,35.75688552856445
2014-12-05,35.78520202636719
2014-12-08,35.3603515625
2014-12-09,35.162105560302734
2014-12-10,34.68770980834961
2014-12-11,34.60273742675781
2014-12-12,33.97257995605469
2014-12-15,33.4698600769043
2014-12-16,33.63270950317383
2014-12-17,34.08585739135742
2014-12-18,34.65229415893555
2014-12-19,34.68770980834961
2014-12-22,34.86618423461914
2014-12-23,34.751953125
2014-12-24,34.85904312133789
2014-12-26,35.130332946777344
2014-12-29,34.901878356933594
2014-12-30,34.616336822509766
2014-12-31,34.50924301147461
2015-01-02,34.416439056396484
2015-01-05,33.65972137451172
2015-01-06,33.40271759033203
2015-01-07,33.79535675048828
2015-01-08,34.22367858886719
2015-01-09,34.080909729003906
2015-01-12,33.94527053833008
2015-01-13,34.123741149902344
2015-01-14,33.98095703125
2015-01-15,34.22367858886719
2015-01-16,34.559200286865234
2015-01-20,34.6020393371582
2015-01-21,34.930423736572266
2015-01-22,35.166011810302734
2015-01-23,34.92329406738281
2015-01-26,35.29452133178711
2015-01-27,35.25881576538086
2015-01-28,34.80193328857422
2015-01-29,35.13747024536133
2015-01-30,34.6020393371582
2015-02-02,35.11604690551758
2015-02-03,35.65860366821289
2015-02-04,35.373043060302734
2015-02-05,35.77994155883789
2015-02-06,35.29452133178711
2015-02-09,35.21599578857422
2015-02-10,35.39445495605469
2015-02-11,35.22312927246094
2015-02-12,35.79421615600586
2015-02-13,36.02981948852539
2015-02-17,36.1440315246582
2015-02-18,36.28681182861328
2015-02-19,36.243980407714844
2015-02-20,36.515262603759766
2015-02-23,36.365352630615234
2015-02-24,36.593788146972656
2015-02-25,36.67230987548828
2015-02-26,36.60804748535156
2015-02-27,36.60092544555664
2015-03-02,36.60092544555664
2015-03-03,36.415313720703125
2015-03-04,36.236839294433594
2015-03-05,36.25825881958008
2015-03-06,35.758541107177734
2015-03-09,35.77994155883789
2015-03-10,35.030364990234375
2015-03-11,35.1231803894043
2015-03-12,35.50868225097656
2015-03-13,35.26595687866211
2015-03-16,35.63717269897461
2015-03-17,35.62290573120117
2015-03-18,36.37961959838867
2015-03-19,35.93700408935547
2015-03-20,36.643760681152344
2015-03-23,36.815093994140625
2015-03-24,36.82936477661133
2015-03-25,36.462738037109375
2015-03-26,36.25506591796875
2015-03-27,36.28371810913086
2015-03-30,36.434104919433594
2015-03-31,36.05457305908203
2015-04-01,36.341007232666016
2015-04-02,36.67040252685547
2015-04-06,37.085723876953125
2015-04-07,37.064239501953125
2015-04-08,37.336360931396484
2015-04-09,37.47956848144531
2015-04-10,37.522525787353516
2015-04-13,37.31486511230469
2015-04-14,37.601295471191406
2015-04-15,37.82329177856445
2015-04-16,37.966495513916016
2015-04-17,37.458072662353516
2015-04-20,37.47956848144531
2015-04-21,37.75884246826172
2015-04-22,37.86624526977539
2015-04-23,38.059593200683594
2015-04-24,38.22429275512695
2015-04-27,38.4247932434082
2015-04-28,38.467750549316406
2015-04-29,38.17417907714844
2015-04-30,37.787471771240234
2015-05-01,38.0810661315918
2015-05-04,38.15266799926758
2015-05-05,37.62995147705078
2015-05-06,37.60846710205078
2015-05-07,37.458072662353516
2015-05-08,38.195648193359375
2015-05-11,37.88772964477539
2015-05-12,37.85908889770508
2015-05-13,38.06674575805664
2015-05-14,38.51787185668945
2015-05-15,38.62528991699219
2015-05-18,38.439109802246094
2015-05-19,38.331695556640625
2015-05-20,38.3818244934082
2015-05-21,38.53936767578125
2015-05-22,38.3603515625
2015-05-26,37.708702087402344
2015-05-27,37.99514389038086
2015-05-28,37.816123962402344
2015-05-29,37.44375228881836
2015-06-01,37.32918167114258
2015-06-02,37.536861419677734
2015-06-03,37.65858459472656
2015-06-04,37.21461486816406
2015-06-05,36.89238739013672
2015-06-08,36.8136100769043
2015-06-09,36.64175033569336
2015-06-10,37.32202911376953
2015-06-11,37.372154235839844
2015-06-12,37.128692626953125
2015-06-15,36.878055572509766
2015-06-16,36.885223388671875
2015-06-17,36.8565788269043
2015-06-18,37.193138122558594
2015-06-19,37.021270751953125
2015-06-22,37.65858459472656
2015-06-23,37.80896759033203
2015-06-24,37.515380859375
2015-06-25,37.47240447998047
2015-06-26,37.44127655029297
2015-06-29,36.40647888183594
2015-06-30,36.42095184326172
2015-07-01,36.601863861083984
2015-07-02,36.68870544433594
2015-07-06,35.91441345214844
2015-07-07,35.80584716796875
2015-07-08,34.85787582397461
2015-07-09,35.40061950683594
2015-07-10,36.37753677368164
2015-07-13,36.53672790527344
2015-07-14,36.782772064208984
2015-07-15,36.56568145751953
2015-07-16,36.840667724609375
2015-07-17,36.76830291748047
2015-07-20,36.804481506347656
2015-07-21,36.73934555053711
2015-07-22,36.413726806640625
2015-07-23,36.283470153808594
2015-07-24,35.827552795410156
2015-07-27,35.53086853027344
2015-07-28,35.94334411621094
2015-07-29,36.080833435058594
2015-07-30,36.02294921875
2015-07-31,36.21832275390625
2015-08-03,36.02294921875
2015-08-04,36.044654846191406
2015-08-05,36.25450897216797
2015-08-06,36.06636047363281
2015-08-07,36.037410736083984
2015-08-10,36.500553131103516
2015-08-11,35.87823486328125
2015-08-12,35.64665222167969
2015-08-13,35.55257797241211
2015-08-14,35.58876037597656
2015-08-17,35.523643493652344
2015-08-18,35.2486457824707
2015-08-19,34.89406204223633
2015-08-20,34.1125373840332
2015-08-21,33.2948112487793
2015-08-24,32.08633041381836
2015-08-25,32.33237075805664
2015-08-26,33.17903137207031
2015-08-27,33.801361083984375
2015-08-28,33.77240753173828
2015-08-31,33.52637481689453
2015-09-01,32.40473556518555
2015-09-02,32.88233947753906
2015-09-03,32.918521881103516
2015-09-04,32.12250900268555
2015-09-08,33.063255310058594
2015-09-09,32.92576217651367
2015-09-10,33.13560104370117
2015-09-11,33.12113952636719
2015-09-14,32.954708099365234
2015-09-15,33.17179870605469
2015-09-16,33.7289924621582
2015-09-17,33.757957458496094
2015-09-18,32.96916580200195
2015-09-21,32.99812316894531
2015-09-22,32.223819732666016
2015-09-23,32.02843475341797
2015-09-24,31.934356689453125
2015-09-25,32.14821243286133
2015-09-28,31.464500427246094
2015-09-29,31.52996253967285
2015-09-30,32.23548126220703
2015-10-01,32.30820083618164
2015-10-02,32.955543518066406
2015-10-05,33.63196563720703
2015-10-06,33.624691009521484
2015-10-07,34.18474578857422
2015-10-08,34.42477035522461
2015-10-09,34.519317626953125
2015-10-12,34.28656768798828
2015-10-13,33.806522369384766
2015-10-14,33.995628356933594
2015-10-15,34.59932327270508
2015-10-16,34.58476257324219
2015-10-19,34.3520393371582
2015-10-20,34.3302116394043
2015-10-21,34.17019271850586
2015-10-22,34.679325103759766
2015-10-23,34.93388366699219
2015-10-26,34.74478530883789
2015-10-27,34.42477035522461
2015-10-28,34.606590270996094
2015-10-29,34.30110549926758
2015-10-30,34.25020217895508
2015-11-02,34.62113571166992
2015-11-03,34.74478530883789
2015-11-04,34.541141510009766
2015-11-05,34.402950286865234
2015-11-06,34.199275970458984
2015-11-09,33.83561325073242
2015-11-10,33.74833679199219
2015-11-11,33.85743713378906
2015-11-12,33.48649215698242
2015-11-13,33.15918731689453
2015-11-16,33.617427825927734
2015-11-17,33.69015884399414
2015-11-18,34.00290298461914
2015-11-19,34.17747497558594
2015-11-20,34.17747497558594
2015-11-23,33.864715576171875
2015-11-24,33.93018341064453
2015-11-25,33.93018341064453
2015-11-27,33.78471374511719
2015-11-30,33.799251556396484
2015-12-01,34.14836883544922
2015-12-02,33.77743148803711
2015-12-03,33.624691009521484
2015-12-04,33.90108108520508
2015-12-07,33.55195999145508
2015-12-08,33.05009460449219
2015-12-09,32.955543518066406
2015-12-10,32.90462875366211
2015-12-11,32.213661193847656
2015-12-14,32.330039978027344
2015-12-15,32.584598541259766
2015-12-16,33.246482849121094
2015-12-17,32.773712158203125
2015-12-18,32.53369140625
2015-12-21,32.758731842041016
2015-12-22,32.97863006591797
2015-12-23,33.535728454589844
2015-12-24,33.47707748413086
2015-12-28,33.35246276855469
2015-12-29,33.645687103271484
2015-12-30,33.37446212768555
2015-12-31,33.06659698486328
2016-01-04,32.49484634399414
2016-01-05,32.43618392944336
2016-01-06,31.886423110961914
2016-01-07,31.226707458496094
2016-01-08,30.860206604003906
2016-01-11,30.926176071166992
2016-01-12,30.99946403503418
2016-01-13,30.574317932128906
2016-01-14,30.98482322692871
2016-01-15,29.789989471435547
2016-01-19,30.14183807373047
2016-01-20,29.401500701904297
2016-01-21,29.65070915222168
2016-01-22,30.53767967224121
2016-01-25,30.024564743041992
2016-01-26,30.6036434173584
2016-01-27,30.457048416137695
2016-01-28,30.65496063232422
2016-01-29,31.263362884521484
2016-02-01,31.13142204284668
2016-02-02,30.420392990112305
2016-02-03,30.808900833129883
2016-02-04,30.95550537109375
2016-02-05,30.53767967224121
2016-02-08,29.99524688720703
2016-02-09,29.584739685058594
2016-02-10,29.577407836914062
2016-02-11,29.12294578552246
2016-02-12,29.606746673583984
2016-02-16,30.222471237182617
2016-02-17,30.808900833129883
2016-02-18,30.67694854736328
2016-02-19,30.566991806030273
2016-02-22,30.911510467529297
2016-02-23,30.449722290039062
2016-02-24,30.376407623291016
2016-02-25,30.691608428955078
2016-02-26,30.6036434173584
2016-02-29,30.493682861328125
2016-03-01,31.3586483001709
2016-03-02,31.659198760986328
2016-03-03,31.996387481689453
2016-03-04,32.333580017089844
2016-03-07,32.28959274291992
2016-03-08,31.842451095581055
2016-03-09,32.0696907043457
2016-03-10,32.01104736328125
2016-03-11,32.83203887939453
2016-03-14,32.65610122680664
2016-03-15,32.2979621887207
2016-03-16,32.73920822143555
2016-03-17,33.09219741821289
2016-03-18,33.04070281982422
2016-03-21,33.07748031616211
2016-03-22,33.01129150390625
2016-03-23,32.58477020263672
2016-03-24,32.408287048339844
2016-03-28,32.621543884277344
2016-03-29,32.95981979370117
2016-03-30,33.29073715209961
2016-03-31,33.033363342285156
2016-04-01,32.70243453979492
2016-04-04,32.56269836425781
2016-04-05,31.996475219726562
2016-04-06,32.48917770385742
2016-04-07,31.989107131958008
2016-04-08,32.64360427856445
2016-04-11,32.70243453979492
2016-04-12,33.246620178222656
2016-04-13,33.73931884765625
2016-04-14,33.702552795410156
2016-04-15,33.621673583984375
2016-04-18,33.87904739379883
2016-04-19,34.496761322021484
2016-04-20,34.423221588134766
2016-04-21,34.20261001586914
2016-04-22,34.1805419921875
2016-04-25,34.01141357421875
2016-04-26,34.15114212036133
2016-04-27,34.25408172607422
2016-04-28,33.85697937011719
2016-04-29,33.746665954589844
2016-05-02,33.96730041503906
2016-05-03,33.28337860107422
2016-05-04,32.900978088378906
2016-05-05,32.85686111450195
2016-05-06,32.945106506347656
2016-05-09,32.76862716674805
2016-05-10,33.30545425415039
2016-05-11,33.0848388671875
2016-05-12,33.0848388671875
2016-05-13,32.63625717163086
2016-05-16,33.114253997802734
2016-05-17,32.86422348022461
2016-05-18,32.8127326965332
2016-05-19,32.56269836425781
2016-05-20,32.827449798583984
2016-05-23,32.70978927612305
2016-05-24,33.15102005004883
2016-05-25,33.49663162231445
2016-05-26,33.577545166015625
2016-05-27,33.503997802734375
2016-05-31,33.41575241088867
2016-06-01,33.423099517822266
2016-06-02,33.48930358886719
2016-06-03,33.790794372558594
2016-06-06,34.040828704833984
2016-06-07,34.32763671875
2016-06-08,34.452632904052734
2016-06-09,33.9967041015625
2016-06-10,33.0848388671875
2016-06-13,32.614192962646484
2016-06-14,32.2248649597168
2016-06-15,32.47796630859375
2016-06-16,32.44819259643555
2016-06-17,32.693824768066406
2016-06-20,33.44567108154297
2016-06-21,33.66898727416992
2016-06-22,33.66155242919922
2016-06-23,34.547386169433594
2016-06-24,31.8750057220459
2016-06-27,31.30182456970215
2016-06-28,32.08342361450195
2016-06-29,32.7161750793457
2016-06-30,33.11070251464844
2016-07-01,33.20002746582031
2016-07-05,32.626834869384766
2016-07-06,32.559844970703125
2016-07-07,32.42585754394531
2016-07-08,32.98414993286133
2016-07-11,33.3861198425293
2016-07-12,33.84765625
2016-07-13,33.840206146240234
2016-07-14,34.13052749633789
2016-07-15,33.98908996582031
2016-07-18,34.10819625854492
2016-07-19,33.79554748535156
2016-07-20,34.06351852416992
2016-07-21,34.03376007080078
2016-07-22,34.08584976196289
2016-07-25,33.97420120239258
2016-07-26,34.115631103515625
2016-07-27,34.27939224243164
2016-07-28,34.27195358276367
2016-07-29,34.606937408447266
2016-08-01,34.44318389892578
2016-08-02,34.30918502807617
2016-08-03,34.24961853027344
2016-08-04,34.43570327758789
2016-08-05,34.59203338623047
2016-08-08,34.71858596801758
2016-08-09,34.9865837097168
2016-08-10,35.05358123779297
2016-08-11,35.33644485473633
2016-08-12,35.209896087646484
2016-08-15,35.42577362060547
2016-08-16,35.299217224121094
2016-08-17,35.299217224121094
2016-08-18,35.48531723022461
2016-08-19,35.247108459472656
2016-08-22,35.20244216918945
2016-08-23,35.306671142578125
2016-08-24,35.22478485107422
2016-08-25,35.15778350830078
2016-08-26,34.904685974121094
2016-08-29,35.03868103027344
2016-08-30,34.94192123413086
2016-08-31,34.76325988769531
2016-09-01,34.9865837097168
2016-09-02,35.3885383605957
2016-09-06,35.7532958984375
2016-09-07,35.79795837402344
2016-09-08,35.745849609375
2016-09-09,34.9493522644043
2016-09-12,35.23966598510742
2016-09-13,34.374141693115234
2016-09-14,34.40409851074219
2016-09-15,34.741024017333984
2016-09-16,34.374141693115234
2016-09-19,34.60624694824219
2016-09-20,34.71106719970703
2016-09-21,35.39242172241211
2016-09-22,35.74430847167969
2016-09-23,35.36995315551758
2016-09-26,35.0405158996582
2016-09-27,35.25764465332031
2016-09-28,35.56462097167969
2016-09-29,35.16029739379883
2016-09-30,35.34749221801758
2016-10-03,35.32503128051758
2016-10-04,35.19773864746094
2016-10-05,35.45230484008789
2016-10-06,35.30256271362305
2016-10-07,35.077938079833984
2016-10-10,35.23516845703125
2016-10-11,34.681121826171875
2016-10-12,34.636173248291016
2016-10-13,34.49393081665039
2016-10-14,34.553836822509766
2016-10-17,34.486446380615234
2016-10-18,34.89823532104492
2016-10-19,35.01804733276367
2016-10-20,35.003082275390625
2016-10-21,34.95813751220703
2016-10-24,34.99558639526367
2016-10-25,34.95813751220703
2016-10-26,34.763484954833984
2016-10-27,34.681121826171875
2016-10-28,34.64368438720703
2016-10-31,34.67361831665039
2016-11-01,34.53886413574219
2016-11-02,34.24686813354492
2016-11-03,34.21691131591797
2016-11-04,33.88745880126953
2016-11-07,34.531368255615234
2016-11-08,34.64368438720703
2016-11-09,34.41158676147461
2016-11-10,34.186954498291016
2016-11-11,33.835052490234375
2016-11-14,33.62541580200195
2016-11-15,33.95484161376953
2016-11-16,33.60295104980469
2016-11-17,33.812591552734375
2016-11-18,33.528076171875
2016-11-21,33.827571868896484
2016-11-22,33.99228286743164
2016-11-23,33.835052490234375
2016-11-25,33.96982955932617
2016-11-28,33.8425407409668
2016-11-29,34.00725555419922
2016-11-30,33.977317810058594
2016-12-01,33.88745880126953
2016-12-02,33.977317810058594
2016-12-05,34.24686813354492
2016-12-06,34.42654800415039
2016-12-07,34.92070388793945
2016-12-08,34.94316864013672
2016-12-09,35.047996520996094
2016-12-12,34.84583282470703
2016-12-13,35.19026184082031
2016-12-14,34.553836822509766
2016-12-15,34.531368255615234
2016-12-16,34.46398162841797
2016-12-19,34.42654800415039
2016-12-20,34.53226852416992
2016-12-21,34.479408264160156
2016-12-22,34.313270568847656
2016-12-23,34.41144561767578
2016-12-27,34.419002532958984
2016-12-28,34.396339416503906
2016-12-29,34.585121154785156
2016-12-30,34.645530700683594
2017-01-03,34.894737243652344
2017-01-04,35.27985763549805
2017-01-05,35.54413986206055
2017-01-06,35.46864318847656
2017-01-09,35.400657653808594
2017-01-10,35.461082458496094
2017-01-11,35.72538757324219
2017-01-12,35.778236389160156
2017-01-13,35.88396072387695
2017-01-17,35.7933349609375
2017-01-18,35.604557037353516
2017-01-19,35.5743522644043
2017-01-20,35.717830657958984
2017-01-23,35.88396072387695
2017-01-24,36.02743148803711
2017-01-25,36.40499496459961
2017-01-26,36.29174041748047
2017-01-27,36.20866775512695
2017-01-30,35.97456741333008
2017-01-31,36.05764389038086
2017-02-01,36.1784553527832
2017-02-02,36.22378158569336
2017-02-03,36.389892578125
2017-02-06,36.1784553527832
2017-02-07,36.140689849853516
2017-02-08,36.25397491455078
2017-02-09,36.352142333984375
2017-02-10,36.54847717285156
2017-02-13,36.69195556640625
2017-02-14,36.6617431640625
2017-02-15,36.86562728881836
2017-02-16,36.89583206176758
2017-02-17,36.73725509643555
2017-02-21,36.948699951171875
2017-02-22,36.95624923706055
2017-02-23,36.993995666503906
2017-02-24,36.699493408203125
2017-02-27,36.66929626464844
2017-02-28,36.540924072265625
2017-03-01,36.96379852294922
2017-03-02,36.64664840698242
2017-03-03,36.827880859375
2017-03-06,36.73725509643555
2017-03-07,36.65419006347656
2017-03-08,36.435203552246094
2017-03-09,36.48051452636719
2017-03-10,36.82032012939453
2017-03-13,37.024200439453125
2017-03-14,36.7674674987793
2017-03-15,37.364013671875
2017-03-16,37.5830078125
2017-03-17,37.57545471191406
2017-03-20,37.650962829589844
2017-03-21,37.38666915893555
2017-03-22,37.45463180541992
2017-03-23,37.53770065307617
2017-03-24,37.67405700683594
2017-03-27,37.72709655761719
2017-03-28,37.84830856323242
2017-03-29,37.893760681152344
2017-03-30,37.74223709106445
2017-03-31,37.63617706298828
2017-04-03,37.62860107421875
2017-04-04,37.65891647338867
2017-04-05,37.49225616455078
2017-04-06,37.49225616455078
2017-04-07,37.45436096191406
2017-04-10,37.42406463623047
2017-04-11,37.53012466430664
2017-04-12,37.53769302368164
2017-04-13,37.32556915283203
2017-04-17,37.62860107421875
2017-04-18,37.37104415893555
2017-04-19,37.20436096191406
2017-04-20,37.54528045654297
2017-04-21,37.53012466430664
2017-04-24,38.325565338134766
2017-04-25,38.5528564453125
2017-04-26,38.461944580078125
2017-04-27,38.40890884399414
2017-04-28,38.40890884399414
2017-05-01,38.58313751220703
2017-05-02,38.810420989990234
2017-05-03,38.6967887878418
2017-05-04,38.795265197753906
2017-05-05,39.166481018066406
2017-05-08,38.96193313598633
2017-05-09,38.939212799072266
2017-05-10,39.067996978759766
2017-05-11,38.98466110229492
2017-05-12,39.189205169677734
2017-05-15,39.4619255065918
2017-05-16,39.61345672607422
2017-05-17,39.090702056884766
2017-05-18,38.99980926513672
2017-05-19,39.53769302368164
2017-05-22,39.59071350097656
2017-05-23,39.59071350097656
2017-05-24,39.66648483276367
2017-05-25,39.68162536621094
2017-05-26,39.64375305175781
2017-05-30,39.560420989990234
2017-05-31,39.54526901245117
2017-06-01,39.84071731567383
2017-06-02,40.18163299560547
2017-06-05,40.02253723144531
2017-06-06,39.93920135498047
2017-06-07,39.95436096191406
2017-06-08,39.916465759277344
2017-06-09,39.734657287597656
2017-06-12,39.59830093383789
2017-06-13,39.924041748046875
2017-06-14,39.87102508544922
2017-06-15,39.477081298828125
2017-06-16,39.75737762451172
2017-06-19,39.93162155151367
2017-06-20,39.54526901245117
2017-06-21,39.48094177246094
2017-06-22,39.6187744140625
2017-06-23,39.718326568603516
2017-06-26,39.83317565917969
2017-06-27,39.74128723144531
2017-06-28,40.124149322509766
2017-06-29,39.71065902709961
2017-06-30,39.794898986816406
2017-07-03,39.82551574707031
2017-07-05,39.794898986816406
2017-07-06,39.557518005371094
2017-07-07,39.60346603393555
2017-07-10,39.72598648071289
2017-07-11,39.863807678222656
2017-07-12,40.246681213378906
2017-07-13,40.39981460571289
2017-07-14,40.75971603393555
2017-07-17,40.606563568115234
2017-07-18,40.71376419067383
2017-07-19,40.928165435791016
2017-07-20,41.081321716308594
2017-07-21,40.90520477294922
2017-07-24,40.90520477294922
2017-07-25,40.95115280151367
2017-07-26,41.17319869995117
2017-07-27,41.05833435058594
2017-07-28,41.05833435058594
2017-07-31,41.134925842285156
2017-08-01,41.39527130126953
2017-08-02,41.38760757446289
2017-08-03,41.31869888305664
2017-08-04,41.39527130126953
2017-08-07,41.44120407104492
2017-08-08,41.28805923461914
2017-08-09,41.16554641723633
2017-08-10,40.507022857666016
2017-08-11,40.514678955078125
2017-08-14,40.82097244262695
2017-08-15,40.73674774169922
2017-08-16,41.035369873046875
2017-08-17,40.53763961791992
2017-08-18,40.67548370361328
2017-08-21,40.75971603393555
2017-08-22,40.92050552368164
2017-08-23,40.98942947387695
2017-08-24,40.99709701538086
2017-08-25,41.25743103027344
2017-08-28,41.23445129394531
2017-08-29,41.066017150878906
2017-08-30,41.04302215576172
2017-08-31,41.356971740722656
2017-09-01,41.47183609008789
2017-09-05,41.157894134521484
2017-09-06,41.44886016845703
2017-09-07,41.76280975341797
2017-09-08,41.72452926635742
2017-09-11,42.08441925048828
2017-09-12,42.10739517211914
2017-09-13,41.91596221923828
2017-09-14,42.00785446166992
2017-09-15,42.11505126953125
2017-09-18,42.18395233154297
2017-09-19,42.32944869995117
2017-09-20,42.258628845214844
2017-09-21,42.181640625
2017-09-22,42.220130920410156
2017-09-25,41.95067596435547
2017-09-26,41.83518600463867
2017-09-27,41.79669189453125
2017-09-28,41.89677429199219
2017-09-29,42.13544464111328
2017-10-02,42.13544464111328
2017-10-03,42.374107360839844
2017-10-04,42.34331512451172
2017-10-05,42.358707427978516
2017-10-06,42.304813385009766
2017-10-09,42.2971305847168
2017-10-10,42.66665267944336
2017-10-11,42.85912322998047
2017-10-12,42.82063293457031
2017-10-13,43.105506896972656
2017-10-16,43.05929946899414
2017-10-17,42.943824768066406
2017-10-18,43.05158615112305
2017-10-19,42.8745231628418
2017-10-20,42.85142517089844
2017-10-23,42.73594665527344
2017-10-24,42.81293869018555
2017-10-25,42.65896224975586
2017-10-26,42.597373962402344
2017-10-27,42.76673889160156
2017-10-30,42.78984069824219
2017-10-31,42.99000549316406
2017-11-01,43.128597259521484
2017-11-02,43.22097396850586
2017-11-03,43.13628005981445
2017-11-06,43.28256607055664
2017-11-07,43.120880126953125
2017-11-08,43.28256607055664
2017-11-09,43.02081298828125
2017-11-10,42.90531921386719
2017-11-13,42.712852478027344
2017-11-14,42.66665267944336
2017-11-15,42.42799758911133
2017-11-16,42.913021087646484
2017-11-17,42.8745231628418
2017-11-20,42.943824768066406
2017-11-21,43.29025650024414
2017-11-22,43.4134407043457
2017-11-24,43.64441680908203
2017-11-27,43.32106018066406
2017-11-28,43.582820892333984
2017-11-29,43.28256607055664
2017-11-30,43.259464263916016
2017-12-01,43.190189361572266
2017-12-04,43.03620910644531
2017-12-05,42.97461700439453
2017-12-06,42.728240966796875
2017-12-07,42.836021423339844
2017-12-08,43.0977897644043
2017-12-11,43.190189361572266
2017-12-12,43.174774169921875
2017-12-13,43.4134407043457
2017-12-14,43.21327590942383
2017-12-15,43.190189361572266
2017-12-18,43.68289566040039
2017-12-19,43.5520133972168
2017-12-20,43.54432678222656
2017-12-21,43.76118087768555
2017-12-22,43.8933219909668
2017-12-26,43.91664505004883
2017-12-27,43.9943733215332
2017-12-28,44.07209777832031
2017-12-29,44.15760803222656
2018-01-02,44.60065841674805
2018-01-03,44.911563873291016
2018-01-04,45.2846565246582
2018-01-05,45.58781051635742
2018-01-08,45.56448745727539
2018-01-09,45.60335159301758
2018-01-10,45.44790267944336
2018-01-11,45.7354850769043
2018-01-12,46.17854309082031
2018-01-16,46.13190841674805
2018-01-17,46.45059585571289
2018-01-18,46.396183013916016
2018-01-19,46.606048583984375
2018-01-22,46.86256408691406
2018-01-23,47.04909896850586
2018-01-24,47.251197814941406
2018-01-25,47.0801887512207
2018-01-26,47.54656219482422
2018-01-29,47.0568733215332
2018-01-30,46.613826751708984
2018-01-31,46.68378829956055
2018-02-01,46.64491653442383
2018-02-02,45.62666320800781
2018-02-05,43.79228210449219
2018-02-06,44.84938430786133
2018-02-07,44.0410041809082
2018-02-08,42.82844543457031
2018-02-09,43.23263168334961
2018-02-12,43.83891677856445
2018-02-13,43.83891677856445
2018-02-14,44.62397384643555
2018-02-15,45.020389556884766
2018-02-16,45.08256149291992
2018-02-20,44.59288787841797
2018-02-21,44.48405456542969
2018-02-22,44.686153411865234
2018-02-23,45.175846099853516
2018-02-26,45.517852783203125
2018-02-27,44.740570068359375
2018-02-28,44.235328674316406
2018-03-01,43.77672576904297
2018-03-02,43.901100158691406
2018-03-05,44.07987594604492
2018-03-06,44.414093017578125
2018-03-07,44.36746597290039
2018-03-08,44.46073913574219
2018-03-09,44.88047409057617
2018-03-12,44.95821762084961
2018-03-13,44.6395263671875
2018-03-14,44.75611114501953
2018-03-15,44.69392776489258
2018-03-16,44.60844039916992
2018-03-19,44.219783782958984
2018-03-20,44.35969161987305
2018-03-21,44.48405456542969
2018-03-22,43.520233154296875
2018-03-23,43.022762298583984
2018-03-26,43.9049186706543
2018-03-27,43.4295539855957
2018-03-28,43.57760238647461
2018-03-29,44.06856155395508
2018-04-02,43.38278579711914
2018-04-03,43.78801727294922
2018-04-04,43.858158111572266
2018-04-05,44.1464958190918
2018-04-06,43.68671417236328
2018-04-09,44.014015197753906
2018-04-10,44.536128997802734
2018-04-11,44.403656005859375
2018-04-12,44.52833557128906
2018-04-13,44.45820236206055
2018-04-16,44.543922424316406
2018-04-17,44.73875045776367
2018-04-18,44.995906829833984
2018-04-19,44.80110168457031
2018-04-20,44.52055358886719
2018-04-23,44.38808059692383
2018-04-24,44.201045989990234
2018-04-25,44.06077194213867
2018-04-26,44.380287170410156
2018-04-27,44.489376068115234
2018-04-30,44.271175384521484
2018-05-01,44.16986846923828
2018-05-02,44.052982330322266
2018-05-03,44.1464958190918
2018-05-04,44.27898025512695
2018-05-07,44.20883560180664
2018-05-08,44.32572937011719
2018-05-09,44.37248611450195
2018-05-10,44.83226776123047
2018-05-11,44.886810302734375
2018-05-14,44.933570861816406
2018-05-15,44.51275634765625
2018-05-16,44.73094940185547
2018-05-17,44.62965393066406
2018-05-18,44.43483352661133
2018-05-21,44.73094940185547
2018-05-22,44.71536636352539
2018-05-23,44.333526611328125
2018-05-24,44.177677154541016
2018-05-25,44.014015197753906
2018-05-29,43.14900588989258
2018-05-30,43.7100944519043
2018-05-31,43.54645538330078
2018-06-01,43.94387435913086
2018-06-04,44.10753631591797
2018-06-05,44.014015197753906
2018-06-06,44.46600341796875
2018-06-07,44.115325927734375
2018-06-08,44.177677154541016
2018-06-11,44.37248611450195
2018-06-12,44.18545913696289
2018-06-13,44.1542854309082
2018-06-14,43.990638732910156
2018-06-15,43.69450759887695
2018-06-18,43.35162353515625
2018-06-19,42.899635314941406
2018-06-20,43.02431869506836
2018-06-21,42.626895904541016
2018-06-22,43.078311920166016
2018-06-25,42.48744583129883
2018-06-26,42.54258346557617
2018-06-27,42.01474380493164
2018-06-28,42.227455139160156
2018-06-29,42.621376037597656
2018-07-02,42.17230987548828
2018-07-03,42.2668571472168
2018-07-05,42.54258346557617
2018-07-06,42.77106857299805
2018-07-09,43.22799301147461
2018-07-10,43.22799301147461
2018-07-11,42.51896286010742
2018-07-12,42.88134765625
2018-07-13,43.015281677246094
2018-07-16,42.92862319946289
2018-07-17,43.0704345703125
2018-07-18,43.062557220458984
2018-07-19,42.841957092285156
2018-07-20,43.17284393310547
2018-07-23,43.03104019165039
2018-07-24,43.35404586791992
2018-07-25,43.80310821533203
2018-07-26,43.574642181396484
2018-07-27,43.637664794921875
2018-07-30,43.66130828857422
2018-07-31,43.708560943603516
2018-08-01,43.51162338256836
2018-08-02,43.18072509765625
2018-08-03,43.28314208984375
2018-08-06,43.09407043457031
2018-08-07,43.33829116821289
2018-08-08,43.34617233276367
2018-08-09,43.22799301147461
2018-08-10,42.408660888671875
2018-08-13,42.08566665649414
2018-08-14,42.16443634033203
2018-08-15,41.479026794433594
2018-08-16,41.72324752807617
2018-08-17,41.999000549316406
2018-08-20,42.18806838989258
2018-08-21,42.495323181152344
2018-08-22,42.715911865234375
2018-08-23,42.31412124633789
2018-08-24,42.70803451538086
2018-08-27,43.26738357543945
2018-08-28,43.1886100769043
2018-08-29,43.38555145263672
2018-08-30,42.841957092285156
2018-08-31,42.660770416259766
2018-09-04,42.148681640625
2018-09-05,41.76265335083008
2018-09-06,41.675987243652344
2018-09-07,41.37661361694336
2018-09-10,41.42387390136719
2018-09-11,41.48691177368164
2018-09-12,41.644466400146484
2018-09-13,42.01474380493164
2018-09-14,42.00687026977539
2018-09-17,41.9753532409668
2018-09-18,42.40077590942383
2018-09-19,42.6450080871582
2018-09-20,43.08618927001953
2018-09-21,43.10981750488281
2018-09-24,42.841957092285156
2018-09-25,43.08618927001953
2018-09-26,43.10835647583008
2018-09-27,43.06085968017578
2018-09-28,42.75209045410156
2018-10-01,42.8233528137207
2018-10-02,42.56207275390625
2018-10-03,42.40373992919922
2018-10-04,41.81788635253906
2018-10-05,41.59619903564453
2018-10-08,41.4378547668457
2018-10-09,41.29534912109375
2018-10-10,40.29780960083008
2018-10-11,39.75944519042969
2018-10-12,40.13154602050781
2018-10-15,39.965293884277344
2018-10-16,40.73324966430664
2018-10-17,40.3928108215332
2018-10-18,39.71985626220703
2018-10-19,39.9494514465332
2018-10-22,39.88612365722656
2018-10-23,39.466514587402344
2018-10-24,38.36604309082031
2018-10-25,38.856895446777344
2018-10-26,38.53229904174805
2018-10-29,38.31062698364258
2018-10-30,38.76981735229492
2018-10-31,39.09440231323242
2018-11-01,39.80694580078125
2018-11-02,40.02862548828125
2018-11-05,40.03654861450195
2018-11-06,40.12363052368164
2018-11-07,40.661983489990234
2018-11-08,40.20280075073242
2018-11-09,39.783199310302734
2018-11-12,39.14982604980469
2018-11-13,39.35566711425781
2018-11-14,39.47444152832031
2018-11-15,39.75944519042969
2018-11-16,39.75944519042969
2018-11-19,39.41901397705078
2018-11-20,38.6193962097168
2018-11-21,39.213165283203125
2018-11-23,38.967735290527344
2018-11-26,39.48234558105469
2018-11-27,39.38734817504883
2018-11-28,40.068214416503906
2018-11-29,39.87028503417969
2018-11-30,39.75152587890625
2018-12-03,40.321556091308594
2018-12-04,39.33983612060547
2018-12-06,39.01524353027344
2018-12-07,38.508548736572266
2018-12-10,38.1760368347168
2018-12-11,38.302703857421875
2018-12-12,38.9044075012207
2018-12-13,38.84897994995117
2018-12-14,38.31062698364258
2018-12-17,37.98602294921875
2018-12-18,38.03352737426758
2018-12-19,37.598087310791016
2018-12-20,37.55058288574219
2018-12-21,36.97263717651367
2018-12-24,36.58534240722656
2018-12-26,37.4815788269043
2018-12-27,37.48957443237305
2018-12-28,37.6976318359375
2018-12-31,37.78564453125
2019-01-02,37.71363067626953
2019-01-03,37.289520263671875
2019-01-04,38.50582504272461
2019-01-07,38.6258659362793
2019-01-08,38.90593719482422
2019-01-09,39.42607116699219
2019-01-10,39.554107666015625
2019-01-11,39.29804229736328
2019-01-14,39.12998962402344
2019-01-15,39.37805938720703
2019-01-16,39.538082122802734
2019-01-17,39.714134216308594
2019-01-18,40.034217834472656
2019-01-22,39.42607116699219
2019-01-23,39.666133880615234
2019-01-24,39.8101692199707
2019-01-25,40.250274658203125
2019-01-28,40.034217834472656
2019-01-29,40.1142463684082
2019-01-30,40.594364166259766
2019-01-31,40.68239212036133
2019-02-01,40.61837387084961
2019-02-04,40.75441360473633
2019-02-05,41.11448669433594
2019-02-06,40.82643127441406
2019-02-07,40.29029083251953
2019-02-08,40.13825225830078
2019-02-11,40.058231353759766
2019-02-12,40.48234176635742
2019-02-13,40.426326751708984
2019-02-14,40.44232940673828
2019-02-15,40.850433349609375
2019-02-19,41.066490173339844
2019-02-20,41.25853729248047
2019-02-21,41.13050842285156
2019-02-22,41.386573791503906
2019-02-25,41.57062530517578
2019-02-26,41.71465301513672
2019-02-27,41.51460266113281
2019-02-28,41.346553802490234
2019-03-01,41.458587646484375
2019-03-04,41.41057205200195
2019-03-05,41.4906005859375
2019-03-06,41.35456466674805
2019-03-07,40.80241394042969
2019-03-08,40.71439743041992
2019-03-11,41.19451904296875
2019-03-12,41.25853729248047
2019-03-13,41.51460266113281
2019-03-14,41.45058059692383
2019-03-15,41.874691009521484
2019-03-18,42.11475372314453
2019-03-19,42.15476608276367
2019-03-20,42.16276550292969
2019-03-21,42.1707763671875
2019-03-22,41.26654052734375
2019-03-25,41.30347442626953
2019-03-26,41.54429244995117
2019-03-27,41.41585159301758
2019-03-28,41.439945220947266
2019-03-29,41.664730072021484
2019-04-01,42.20259475708008
2019-04-02,42.24273681640625
2019-04-03,42.507652282714844
2019-04-04,42.54780197143555
2019-04-05,42.660179138183594
2019-04-08,42.65216064453125
2019-04-09,42.51567840576172
2019-04-10,42.64412307739258
2019-04-11,42.49961471557617
2019-04-12,42.820735931396484
2019-04-15,42.78059768676758
2019-04-16,42.94115447998047
2019-04-17,42.98931884765625
2019-04-18,42.957210540771484
2019-04-22,42.87693786621094
2019-04-23,42.98130416870117
2019-04-24,42.571868896484375
2019-04-25,42.49961471557617
2019-04-26,42.72439956665039
2019-04-29,42.82876205444336
2019-04-30,42.820735931396484
2019-05-01,42.595947265625
2019-05-02,42.53173065185547
2019-05-03,42.96523666381836
2019-05-06,42.44343185424805
2019-05-07,41.72091293334961
2019-05-08,41.761051177978516
2019-05-09,41.42387771606445
2019-05-10,41.72895431518555
2019-05-13,40.685325622558594
2019-05-14,41.09475326538086
2019-05-15,41.22317886352539
2019-05-16,41.41585159301758
2019-05-17,41.07065963745117
2019-05-20,40.910099029541016
2019-05-21,41.18305969238281
2019-05-22,41.046573638916016
2019-05-23,40.629127502441406
2019-05-24,40.9582633972168
2019-05-28,40.701377868652344
2019-05-29,40.56489562988281
2019-05-30,40.709407806396484
2019-05-31,40.50067901611328
2019-06-03,40.749549865722656
2019-06-04,41.15092468261719
2019-06-05,41.054595947265625
2019-06-06,41.15092468261719
2019-06-07,41.62458419799805
2019-06-10,41.79316711425781
2019-06-11,42.06612014770508
2019-06-12,41.69683837890625
2019-06-13,41.7450065612793
2019-06-14,41.4078369140625
2019-06-17,41.44797134399414
2019-06-18,42.10625457763672
2019-06-19,42.38722610473633
2019-06-20,42.836795806884766
2019-06-21,42.66707229614258
2019-06-24,42.70767593383789
2019-06-25,42.40719985961914
2019-06-26,42.537139892578125
2019-06-27,42.675193786621094
2019-06-28,42.837608337402344
2019-07-01,43.089351654052734
2019-07-02,43.24365234375
2019-07-03,43.39794921875
2019-07-05,43.11371994018555
2019-07-08,42.845726013183594
2019-07-09,42.68330764770508
2019-07-10,42.878196716308594
2019-07-11,42.9025764465332
2019-07-12,42.935062408447266
2019-07-15,43.00813674926758
2019-07-16,42.87009048461914
2019-07-17,42.78887939453125
2019-07-18,42.92692947387695
2019-07-19,42.78887939453125
2019-07-22,42.85384750366211
2019-07-23,43.04063034057617
2019-07-24,43.04063034057617
2019-07-25,42.642704010009766
2019-07-26,42.756404876708984
2019-07-29,42.772640228271484
2019-07-30,42.309749603271484
2019-07-31,41.98491287231445
2019-08-01,41.67631912231445
2019-08-02,41.36771774291992
2019-08-05,40.23891830444336
2019-08-06,40.58000946044922
2019-08-07,40.7586669921875
2019-08-08,41.22967529296875
2019-08-09,40.9129638671875
2019-08-12,40.51503372192383
2019-08-13,40.96168518066406
2019-08-14,39.80852127075195
2019-08-15,39.95469284057617
2019-08-16,40.458187103271484
2019-08-19,40.6530876159668
2019-08-20,40.571876525878906
2019-08-21,40.8804817199707
2019-08-22,40.72618103027344
2019-08-23,40.173954010009766
2019-08-26,40.482547760009766
2019-08-27,40.44194030761719
2019-08-28,40.52315139770508
2019-08-29,40.85611343383789
2019-08-30,41.07537078857422
2019-09-03,40.9129638671875
2019-09-04,41.53013610839844
2019-09-05,41.846858978271484
2019-09-06,41.97679901123047
2019-09-09,42.02550506591797
2019-09-10,42.098602294921875
2019-09-11,42.334110260009766
2019-09-12,42.577735900878906
2019-09-13,42.82136535644531
2019-09-16,42.48029327392578
2019-09-17,42.610225677490234
2019-09-18,42.52899932861328
2019-09-19,42.59397888183594
2019-09-20,42.55338668823242
2019-09-23,42.5046501159668
2019-09-24,42.27595520019531
2019-09-25,42.24327850341797
2019-09-26,42.28413009643555
2019-09-27,42.030921936035156
2019-09-30,42.194278717041016
2019-10-01,41.81039810180664
2019-10-02,41.156982421875
2019-10-03,41.47551727294922
2019-10-04,41.75322723388672
2019-10-07,41.6143684387207
2019-10-08,41.26315689086914
2019-10-09,41.589866638183594
2019-10-10,41.900245666503906
2019-10-11,42.56999206542969
2019-10-14,42.398475646972656
2019-10-15,42.83952331542969
2019-10-16,42.92936706542969
2019-10-17,43.04371643066406
2019-10-18,42.9620475769043
2019-10-21,43.22340774536133
2019-10-22,43.182579040527344
2019-10-23,43.3377571105957
2019-10-24,43.411258697509766
2019-10-25,43.501102447509766
2019-10-28,43.688968658447266
2019-10-29,43.615455627441406
2019-10-30,43.77880859375
2019-10-31,43.639957427978516
2019-11-01,44.06468200683594
2019-11-04,44.31787872314453
2019-11-05,44.39137649536133
2019-11-06,44.31787872314453
2019-11-07,44.489402770996094
2019-11-08,44.38321304321289
2019-11-11,44.23619842529297
2019-11-12,44.18720245361328
2019-11-13,44.023841857910156
2019-11-14,43.97483444213867
2019-11-15,44.26886749267578
2019-11-18,44.293373107910156
2019-11-19,44.26070022583008
2019-11-20,44.032012939453125
2019-11-21,43.95033645629883
2019-11-22,44.04017639160156
2019-11-25,44.36688232421875
2019-11-26,44.36688232421875
2019-11-27,44.46489334106445
2019-11-29,44.07284927368164
2019-12-02,43.89315414428711
2019-12-03,43.74613571166992
2019-12-04,44.121856689453125
2019-12-05,44.121856689453125
2019-12-06,44.49756622314453
2019-12-09,44.26886749267578
2019-12-10,44.350547790527344
2019-12-11,44.64458465576172
2019-12-12,45.08564758300781
2019-12-13,45.273494720458984
2019-12-16,45.706382751464844
2019-12-17,45.64921188354492
2019-12-18,45.681880950927734
2019-12-19,45.65738296508789
2019-12-20,45.673709869384766
2019-12-23,45.746402740478516
2019-12-24,45.75466537475586
2019-12-26,45.95292282104492
2019-12-27,46.17594909667969
2019-12-30,45.82075881958008
2019-12-31,46.00248336791992
2020-01-02,46.514625549316406
2020-01-03,45.94466018676758
2020-01-06,46.010746002197266
2020-01-07,45.92813491821289
2020-01-08,46.010746002197266
2020-01-09,46.21725082397461
2020-01-10,46.15943145751953
2020-01-13,46.50636672973633
2020-01-14,46.514625549316406
2020-01-15,46.390724182128906
2020-01-16,46.63853454589844
2020-01-17,46.78721618652344
2020-01-21,46.27507019042969
2020-01-22,46.4402961730957
2020-01-23,46.258548736572266
2020-01-24,45.99421691894531
2020-01-27,44.986446380615234
2020-01-28,45.325130462646484
2020-01-29,45.34990692138672
2020-01-30,45.18470001220703
2020-01-31,44.441253662109375
2020-02-03,44.52386474609375
2020-02-04,45.308597564697266
2020-02-05,45.72163391113281
2020-02-06,45.829017639160156
2020-02-07,45.374691009521484
2020-02-10,45.465545654296875
2020-02-11,45.795955657958984
2020-02-12,46.12639236450195
2020-02-13,45.771183013916016
2020-02-14,45.746402740478516
2020-02-18,45.465545654296875
2020-02-19,45.680328369140625
2020-02-20,45.308597564697266
2020-02-21,45.06904983520508
2020-02-24,43.40043258666992
2020-02-25,42.805694580078125
2020-02-26,42.88828659057617
2020-02-27,41.66572952270508
2020-02-28,41.508785247802734
2020-03-02,41.963104248046875
2020-03-03,41.5831413269043
2020-03-04,42.657005310058594
2020-03-05,41.632694244384766
2020-03-06,41.0131721496582
2020-03-09,37.775062561035156
2020-03-10,39.23716735839844
2020-03-11,37.28770065307617
2020-03-12,33.28137969970703
2020-03-13,35.396053314208984
2020-03-16,31.455821990966797
2020-03-17,33.083126068115234
2020-03-18,30.836278915405273
2020-03-19,31.183216094970703
2020-03-20,31.075836181640625
2020-03-23,30.442955017089844
2020-03-24,32.994361877441406
2020-03-25,34.18722915649414
2020-03-26,35.529197692871094
2020-03-27,34.3032112121582
2020-03-30,34.94105911254883
2020-03-31,34.75881576538086
2020-04-01,33.43341064453125
2020-04-02,34.203792572021484
2020-04-03,33.49139404296875
2020-04-06,35.20613479614258
2020-04-07,35.44636917114258
2020-04-08,35.794288635253906
2020-04-09,36.36587142944336
2020-04-13,36.23332214355469
2020-04-14,36.871177673339844
2020-04-15,35.8357048034668
2020-04-16,35.8439826965332
2020-04-17,36.78005599975586
2020-04-20,36.24989318847656
2020-04-21,35.47121047973633
2020-04-22,36.19190216064453
2020-04-23,36.10906982421875
2020-04-24,36.40728759765625
2020-04-27,36.92088317871094
2020-04-28,37.18595886230469
2020-04-29,38.1634521484375
2020-04-30,37.401329040527344
2020-05-01,36.49840545654297
2020-05-04,36.55640411376953
2020-05-05,36.688934326171875
2020-05-06,36.53982925415039
2020-05-07,36.987159729003906
2020-05-08,37.60015869140625
2020-05-11,37.567020416259766
2020-05-12,37.18595886230469
2020-05-13,36.91260528564453
2020-05-14,36.75520706176758
2020-05-15,36.63094711303711
2020-05-18,38.05575942993164
2020-05-19,37.66642761230469
2020-05-20,38.30427551269531
2020-05-21,37.92322540283203
2020-05-22,37.64985656738281
2020-05-26,38.69361114501953
2020-05-27,39.0498161315918
2020-05-28,39.22378158569336
2020-05-29,39.27347946166992
2020-06-01,40.11842346191406
2020-06-02,40.71485900878906
2020-06-03,41.59294509887695
2020-06-04,41.30301284790039
2020-06-05,42.10653305053711
2020-06-08,42.595279693603516
2020-06-09,42.13138961791992
2020-06-10,42.08168029785156
2020-06-11,39.81193542480469
2020-06-12,40.58232879638672
2020-06-15,40.623741149902344
2020-06-16,41.0876350402832
2020-06-17,41.1953239440918
2020-06-18,41.10419845581055
2020-06-19,40.93852615356445
2020-06-22,41.464744567871094
2020-06-23,41.71453857421875
2020-06-24,40.8153076171875
2020-06-25,41.23160934448242
2020-06-26,40.690399169921875
2020-06-29,41.0151252746582
2020-06-30,40.940189361572266
2020-07-01,41.148353576660156
2020-07-02,41.75616455078125
2020-07-06,42.688697814941406
2020-07-07,42.0975456237793
2020-07-08,42.63874435424805
2020-07-09,42.26407241821289
2020-07-10,42.48055648803711
2020-07-13,42.20576858520508
2020-07-14,42.68037796020508
2020-07-15,43.055057525634766
2020-07-16,42.672054290771484
2020-07-17,42.91351318359375
2020-07-20,43.204925537109375
2020-07-21,43.44640350341797
2020-07-22,43.46304702758789
2020-07-23,43.130001068115234
2020-07-24,42.971797943115234
2020-07-27,43.58793640136719
2020-07-28,43.279869079589844
2020-07-29,43.82939910888672
2020-07-30,43.279869079589844
2020-07-31,42.63874435424805
2020-08-03,43.2548942565918
2020-08-04,43.58793640136719
2020-08-05,43.84605407714844
2020-08-06,43.97927474975586
2020-08-07,43.58793640136719
2020-08-10,43.72115707397461
2020-08-11,43.82107925415039
2020-08-12,44.620384216308594
2020-08-13,44.428897857666016
2020-08-14,44.21240234375
2020-08-17,44.62872314453125
2020-08-18,44.61207580566406
2020-08-19,44.337303161621094
2020-08-20,44.22073745727539
2020-08-21,44.120819091796875
2020-08-24,44.62872314453125
2020-08-25,44.79524612426758
2020-08-26,45.028377532958984
2020-08-27,44.63705062866211
2020-08-28,45.04503631591797
2020-08-31,44.5287971496582
2020-09-01,44.79524612426758
2020-09-02,45.1699333190918
2020-09-03,44.18743133544922
2020-09-04,44.27901077270508
2020-09-08,43.64622116088867
2020-09-09,44.38725662231445
2020-09-10,43.83772659301758
2020-09-11,44.24571228027344
2020-09-14,44.62872314453125
2020-09-15,44.936790466308594
2020-09-16,44.87017822265625
2020-09-17,44.85353088378906
2020-09-18,44.52048110961914
2020-09-21,43.67333221435547
2020-09-22,43.58953857421875
2020-09-23,43.06162643432617
2020-09-24,42.9862174987793
2020-09-25,43.14542770385742
2020-09-28,43.73198318481445
2020-09-29,43.67333221435547
2020-09-30,43.7152214050293
2020-10-01,44.06715393066406
2020-10-02,43.87443923950195
2020-10-05,44.5196533203125
2020-10-06,44.20123291015625
2020-10-07,44.64533615112305
2020-10-08,44.95537567138672
2020-10-09,45.26540756225586
2020-10-12,45.53355026245117
2020-10-13,45.13972091674805
2020-10-14,44.988887786865234
2020-10-15,44.5196533203125
2020-10-16,44.703983306884766
2020-10-19,44.50288391113281
2020-10-20,44.83805465698242
2020-10-21,44.712371826171875
2020-10-22,44.72073745727539
2020-10-23,44.97212600708008
2020-10-26,44.21799087524414
2020-10-27,44.05877685546875
2020-10-28,42.8018684387207
2020-10-29,43.06162643432617
2020-10-30,42.70970153808594
2020-11-02,43.304622650146484
2020-11-03,44.14256286621094
2020-11-04,44.829673767089844
2020-11-05,45.80168533325195
2020-11-06,45.94413757324219
2020-11-09,46.90776824951172
2020-11-10,47.05860137939453
2020-11-11,47.3853874206543
2020-11-12,46.74856948852539
2020-11-13,47.40215301513672
2020-11-16,47.99707794189453
2020-11-17,47.99707794189453
2020-11-18,47.770835876464844
2020-11-19,48.047359466552734
2020-11-20,48.19818878173828
2020-11-23,48.26522445678711
2020-11-24,48.977474212646484
2020-11-25,48.80988311767578
2020-11-27,49.17019271850586
2020-11-30,48.09764099121094
2020-12-01,49.18695831298828
2020-12-02,49.22047424316406
2020-12-03,49.446720123291016
2020-12-04,49.89920425415039
2020-12-07,49.64783477783203
2020-12-08,49.77351760864258
2020-12-09,49.71486282348633
2020-12-10,49.93272018432617
2020-12-11,49.68972396850586
2020-12-14,49.6981086730957
2020-12-15,50.23438262939453
2020-12-16,50.360069274902344
2020-12-17,50.71200180053711
2020-12-18,50.510894775390625
2020-12-21,49.884700775146484
2020-12-22,49.740840911865234
2020-12-23,50.20625686645508
2020-12-24,50.231651306152344
2020-12-28,50.536293029785156
2020-12-29,50.95939254760742
2020-12-30,51.238643646240234
2020-12-31,50.90862274169922
2021-01-04,51.21326446533203
2021-01-05,51.95794677734375
2021-01-06,52.23719787597656
2021-01-07,52.457210540771484
2021-01-08,53.1257209777832
2021-01-11,52.42335891723633
2021-01-12,52.694149017333984
2021-01-13,52.68568420410156
2021-01-14,53.15110397338867
2021-01-15,52.33872985839844
2021-01-19,52.86338424682617
2021-01-20,53.43882369995117
2021-01-21,53.50651550292969
2021-01-22,53.14264678955078
2021-01-25,53.21879959106445
2021-01-26,53.11726379394531
2021-01-27,51.88177490234375
2021-01-28,52.245643615722656
2021-01-29,51.035560607910156
2021-02-01,51.95794677734375
2021-02-02,52.584144592285156
2021-02-03,52.77877426147461
2021-02-04,52.829551696777344
2021-02-05,53.19342803955078
2021-02-08,53.52344512939453
2021-02-09,53.8873176574707
2021-02-10,53.819618225097656
2021-02-11,54.22581100463867
2021-02-12,54.48813247680664
2021-02-16,54.73353958129883
2021-02-17,54.49660110473633
2021-02-18,54.039634704589844
2021-02-19,54.34428405761719
2021-02-22,53.76884841918945
2021-02-23,53.90424728393555
2021-02-24,53.9211540222168
2021-02-25,52.948020935058594
2021-02-26,52.21180725097656
2021-03-01,53.354209899902344
2021-03-02,53.14264678955078
2021-03-03,52.88877868652344
2021-03-04,52.21180725097656
2021-03-05,52.60106658935547
2021-03-08,52.05101776123047
2021-03-09,52.85493087768555
2021-03-10,52.9987907409668
2021-03-11,53.743465423583984
2021-03-12,53.574222564697266
2021-03-15,53.684226989746094
2021-03-16,53.8111572265625
2021-03-17,54.03118133544922
2021-03-18,53.39651107788086
2021-03-19,53.667301177978516
2021-03-22,53.663063049316406
2021-03-23,52.848697662353516
2021-03-24,52.28033447265625
2021-03-25,52.619659423828125
2021-03-26,53.48492431640625
2021-03-29,53.18801498413086
2021-03-30,53.20498275756836
2021-03-31,53.18801498413086
2021-04-01,53.9090690612793
2021-04-05,54.502872467041016
2021-04-06,54.18900680541992
2021-04-07,54.06174850463867
2021-04-08,54.40108108520508
2021-04-09,54.3925895690918
2021-04-12,54.07024383544922
2021-04-13,54.38410949707031
2021-04-14,54.5283203125
2021-04-15,54.90156555175781
2021-04-16,55.26633071899414
2021-04-19,55.0966682434082
2021-04-20,54.33320999145508
2021-04-21,54.85067367553711
2021-04-22,54.62164306640625
2021-04-23,55.240882873535156
2021-04-26,55.308753967285156
2021-04-27,55.22391891479492
2021-04-28,55.452964782714844
2021-04-29,55.44447326660156
2021-04-30,54.66404724121094
2021-05-03,55.1306037902832
2021-05-04,54.41804885864258
2021-05-05,54.9779167175293
2021-05-06,55.40206527709961
2021-05-07,56.05524826049805
2021-05-10,55.59716796875
2021-05-11,54.99488067626953
2021-05-12,53.91755676269531
2021-05-13,54.20596694946289
2021-05-14,55.1136474609375
2021-05-17,55.028812408447266
2021-05-18,55.359649658203125
2021-05-19,54.96943664550781
2021-05-20,55.563236236572266
2021-05-21,55.41053771972656
2021-05-24,55.809242248535156
2021-05-25,55.961936950683594
2021-05-26,56.08918380737305
2021-05-27,56.216434478759766
2021-05-28,56.343666076660156
2021-06-01,56.878108978271484
2021-06-02,57.00534439086914
2021-06-03,56.57271194458008
2021-06-04,57.11560821533203
2021-06-07,57.15803146362305
2021-06-08,57.0647087097168
2021-06-09,56.8696174621582
2021-06-10,57.12409973144531
2021-06-11,57.19195556640625
2021-06-14,57.25983810424805
2021-06-15,57.208927154541016
2021-06-16,56.71693420410156
2021-06-17,56.453948974609375
2021-06-18,55.55474853515625
2021-06-21,56.20029830932617
2021-06-22,56.191749572753906
2021-06-23,56.02073669433594
2021-06-24,56.52521514892578
2021-06-25,56.78170394897461
2021-06-28,56.550846099853516
2021-06-29,56.53375244140625
2021-06-30,56.15755081176758
2021-07-01,56.208831787109375
2021-07-02,56.285797119140625
2021-07-06,55.82408905029297
2021-07-07,56.00364303588867
2021-07-08,55.148616790771484
2021-07-09,56.097694396972656
2021-07-12,56.21739959716797
2021-07-13,56.0549430847168
2021-07-14,56.14899826049805
2021-07-15,55.8582878112793
2021-07-16,55.430782318115234
2021-07-19,54.49025344848633
2021-07-20,54.806617736816406
2021-07-21,55.50773239135742
2021-07-22,55.57612991333008
2021-07-23,55.635990142822266
2021-07-26,55.4051399230957
2021-07-27,54.91777038574219
2021-07-28,55.50773239135742
2021-07-29,55.84973907470703
2021-07-30,55.52482986450195
2021-08-02,55.75568389892578
2021-08-03,56.12333297729492
2021-08-04,56.07203674316406
2021-08-05,56.2344970703125
2021-08-06,55.96944046020508
2021-08-09,55.97798538208008
2021-08-10,56.08058166503906
2021-08-11,56.42259979248047
2021-08-12,56.2344970703125
2021-08-13,56.42259979248047
2021-08-16,56.0463981628418
2021-08-17,55.36238098144531
2021-08-18,55.2512321472168
2021-08-19,54.601409912109375
2021-08-20,54.746761322021484
2021-08-23,55.336727142333984
2021-08-24,55.8411865234375
2021-08-25,55.89249038696289
2021-08-26,55.516273498535156
2021-08-27,56.12333297729492
2021-08-30,56.140445709228516
2021-08-31,56.337093353271484
2021-09-01,56.8330078125
2021-09-02,56.986915588378906
2021-09-03,57.286155700683594
2021-09-07,57.269081115722656
2021-09-08,56.687660217285156
2021-09-09,56.636348724365234
2021-09-10,56.53375244140625
2021-09-13,56.90140914916992
2021-09-14,56.610713958740234
2021-09-15,56.74751281738281
2021-09-16,56.473899841308594
2021-09-17,55.86684036254883
2021-09-20,54.69504928588867
2021-09-21,55.18509292602539
2021-09-22,55.623538970947266
2021-09-23,56.18235778808594
2021-09-24,55.64932632446289
2021-09-27,55.73529815673828
2021-09-28,54.6606559753418
2021-09-29,54.42853927612305
2021-09-30,54.38554763793945
2021-10-01,54.54030990600586
2021-10-04,53.97288513183594
2021-10-05,54.299583435058594
2021-10-06,53.98149108886719
2021-10-07,54.60048294067383
2021-10-08,54.66926193237305
2021-10-11,54.50591278076172
2021-10-12,54.47152328491211
2021-10-13,55.09052276611328
2021-10-14,55.55475997924805
2021-10-15,56.03620910644531
2021-10-18,55.864261627197266
2021-10-19,56.311309814453125
2021-10-20,56.457462310791016
2021-10-21,56.12216567993164
2021-10-22,56.29411315917969
2021-10-25,56.35430145263672
2021-10-26,56.311309814453125
2021-10-27,56.010414123535156
2021-10-28,56.423072814941406
2021-10-29,55.95023727416992
2021-11-01,56.49184799194336
2021-11-02,56.2081298828125
2021-11-03,56.57782745361328
2021-11-04,56.517635345458984
2021-11-05,56.637996673583984
2021-11-08,56.818538665771484
2021-11-09,56.6465950012207
2021-11-10,56.07918930053711
2021-11-11,56.44887924194336
2021-11-12,56.77555465698242
2021-11-15,56.65519714355469
2021-11-16,56.53484344482422
2021-11-17,56.405887603759766
2021-11-18,56.251121520996094
2021-11-19,55.89006042480469
2021-11-22,55.537559509277344
2021-11-23,55.50318145751953
2021-11-24,55.2796516418457
2021-11-26,53.69777297973633
2021-11-29,53.929901123046875
2021-11-30,53.568817138671875
2021-12-01,53.31090545654297
2021-12-02,54.01587677001953
2021-12-03,53.62900161743164
2021-12-06,54.15342330932617
2021-12-07,55.19368362426758
2021-12-08,55.32263946533203
2021-12-09,54.90997314453125
2021-12-10,54.99595642089844
2021-12-13,54.32536697387695
2021-12-14,54.11044692993164
2021-12-15,54.5574951171875
2021-12-16,54.62627410888672
2021-12-17,54.05026626586914
2021-12-20,53.68456268310547
2021-12-21,54.400238037109375
2021-12-22,54.88900375366211
2021-12-23,55.1944694519043
2021-12-27,55.595951080322266
2021-12-28,55.53485107421875
2021-12-29,55.482486724853516
2021-12-30,55.56105041503906
2021-12-31,55.482486724853516
2022-01-03,55.84033203125
2022-01-04,55.91014099121094
2022-01-05,55.351566314697266
2022-01-06,55.1944694519043
2022-01-07,55.4388542175293
2022-01-10,55.02863311767578
2022-01-11,55.814144134521484
2022-01-12,56.46873092651367
2022-01-13,55.979976654052734
2022-01-14,55.92760467529297
2022-01-18,55.09847640991211
2022-01-19,55.14210510253906
2022-01-20,54.98500442504883
2022-01-21,54.19077682495117
2022-01-24,53.56237030029297
2022-01-25,53.36164093017578
2022-01-26,53.02125549316406
2022-01-27,52.645957946777344
2022-01-28,52.89907455444336
2022-01-31,53.911495208740234
2022-02-01,54.374061584472656
2022-02-02,54.65334701538086
2022-02-03,53.92021179199219
2022-02-04,54.00749969482422
2022-02-07,54.0860595703125
2022-02-08,54.400238037109375
2022-02-09,55.29047393798828
2022-02-10,54.662078857421875
2022-02-11,53.911495208740234
2022-02-14,53.588565826416016
2022-02-15,54.56607437133789
2022-02-16,54.81045150756836
2022-02-17,54.05112838745117
2022-02-18,53.710758209228516
2022-02-22,53.07362747192383
2022-02-23,52.54995346069336
2022-02-24,51.87791442871094
2022-02-25,53.05617141723633
2022-02-28,52.37539291381836
2022-03-01,51.39788818359375
2022-03-02,51.93901443481445
2022-03-03,51.1447868347168
2022-03-04,49.957801818847656
2022-03-07,48.36934280395508
2022-03-08,48.64863586425781
2022-03-09,50.32436752319336
2022-03-10,49.69596481323242
2022-03-11,49.102481842041016
2022-03-14,49.03266525268555
2022-03-15,49.373043060302734
2022-03-16,51.511348724365234
2022-03-17,51.7731819152832
2022-03-18,52.37539291381836
2022-03-21,51.99074172973633
2022-03-22,52.55025100708008
2022-03-23,52.00822067260742
2022-03-24,52.36665725708008
2022-03-25,52.331687927246094
2022-03-28,52.23552322387695
2022-03-29,53.258365631103516
2022-03-30,53.07478713989258
2022-03-31,52.22677993774414
2022-04-01,52.79503631591797
2022-04-04,53.22340774536133
2022-04-05,52.49779510498047
2022-04-06,51.84212112426758
2022-04-07,51.8071403503418
2022-04-08,51.82463073730469
2022-04-11,51.212669372558594
2022-04-12,50.93291091918945
2022-04-13,51.536128997802734
2022-04-14,51.1951789855957
2022-04-18,51.00284957885742
2022-04-19,51.10775375366211
2022-04-20,51.29134750366211
2022-04-21,50.62693405151367
2022-04-22,49.840118408203125
2022-04-25,49.499168395996094
2022-04-26,48.23152542114258
2022-04-27,48.554996490478516
2022-04-28,49.271873474121094
2022-04-29,48.83475112915039
2022-05-02,48.68612289428711
2022-05-03,49.10576629638672
2022-05-04,49.81388854980469
2022-05-05,48.22278594970703
2022-05-06,47.72447204589844
2022-05-09,46.26449966430664
2022-05-10,46.500545501708984
2022-05-11,46.24701690673828
2022-05-12,46.07216262817383
2022-05-13,47.313575744628906
2022-05-16,47.30484390258789
2022-05-17,48.27524185180664
2022-05-18,47.16495895385742
2022-05-19,47.680763244628906
2022-05-20,47.95176696777344
2022-05-23,48.64241409301758
2022-05-24,48.25775909423828
2022-05-25,48.336429595947266
2022-05-26,48.913429260253906
2022-05-27,49.53413391113281
2022-05-31,49.57784652709961
2022-06-01,49.09701919555664
2022-06-02,50.07615661621094
2022-06-03,49.315582275390625
2022-06-06,49.53413391113281
2022-06-07,49.68275451660156
2022-06-08,49.280609130859375
2022-06-09,48.24900817871094
2022-06-10,47.287357330322266
2022-06-13,45.69624328613281
2022-06-14,45.591339111328125
2022-06-15,46.299468994140625
2022-06-16,45.10177230834961
2022-06-17,44.96188735961914
2022-06-21,45.730403900146484
2022-06-22,45.22630310058594
2022-06-23,45.164405822753906
2022-06-24,46.39366912841797
2022-06-27,46.340614318847656
2022-06-28,46.10183334350586
2022-06-29,45.80998992919922
2022-06-30,45.641963958740234
2022-07-01,45.62428283691406
2022-07-05,44.78413009643555
2022-07-06,44.70453643798828
2022-07-07,45.48278045654297
2022-07-08,45.51815414428711
2022-07-11,44.633792877197266
2022-07-12,44.57188034057617
2022-07-13,44.518829345703125
2022-07-14,43.917457580566406
2022-07-15,44.46575927734375
2022-07-18,44.74875259399414
2022-07-19,45.80998992919922
2022-07-20,45.562374114990234
2022-07-21,46.075294494628906
2022-07-22,45.845367431640625
2022-07-25,46.1548957824707
2022-07-26,45.61543655395508
2022-07-27,46.58823013305664
2022-07-28,46.8712272644043
2022-07-29,47.304561614990234
2022-08-01,47.17190933227539
2022-08-02,46.58823013305664
2022-08-03,46.888916015625
2022-08-04,47.13653564453125
2022-08-05,46.90659713745117
2022-08-08,47.0481071472168
2022-08-09,46.800479888916016
2022-08-10,47.773277282714844
2022-08-11,47.844024658203125
2022-08-12,48.224300384521484
2022-08-15,47.950157165527344
2022-08-16,47.976680755615234
2022-08-17,47.6406135559082
2022-08-18,47.45491409301758
2022-08-19,46.81816482543945
2022-08-22,46.146053314208984
2022-08-23,46.26985549926758
2022-08-24,46.35829544067383
2022-08-25,46.968502044677734
2022-08-26,45.89842224121094
2022-08-29,45.765777587890625
2022-08-30,45.35896682739258
2022-08-31,45.182090759277344
2022-09-01,44.68684768676758
2022-09-02,44.41270446777344
2022-09-06,44.129703521728516
2022-09-07,44.50997543334961
2022-09-08,44.52766036987305
2022-09-09,45.49161911010742
2022-09-12,46.092987060546875
2022-09-13,44.54534912109375
2022-09-14,44.766441345214844
2022-09-15,44.32426834106445
2022-09-16,43.98820495605469
2022-09-19,44.201656341552734
2022-09-20,43.5791015625
2022-09-21,42.9565315246582
2022-09-22,42.8231315612793
2022-09-23,41.524654388427734
2022-09-26,40.884307861328125
2022-09-27,40.68864440917969
2022-09-28,41.471282958984375
2022-09-29,40.83094024658203
2022-09-30,40.706424713134766
2022-10-03,41.56912612915039
2022-10-04,43.04547882080078
2022-10-05,42.663055419921875
2022-10-06,42.07606887817383
2022-10-07,41.346778869628906
2022-10-10,41.026607513427734
2022-10-11,40.48409652709961
2022-10-12,40.42183303833008
2022-10-13,41.071075439453125
2022-10-14,40.42183303833008
2022-10-17,41.462398529052734
2022-10-18,41.675846099853516
2022-10-19,41.07997131347656
2022-10-20,41.12443161010742
2022-10-21,41.835933685302734
2022-10-24,41.37346649169922
2022-10-25,42.084957122802734
2022-10-26,42.574100494384766
2022-10-27,42.24504470825195
2022-10-28,42.4495964050293
2022-10-31,42.09385681152344
2022-11-01,42.55632019042969
2022-11-02,42.02269744873047
2022-11-03,41.87150955200195
2022-11-04,43.47237014770508
2022-11-07,43.59688186645508
2022-11-08,44.0682487487793
2022-11-09,43.35675048828125
2022-11-10,45.49123764038086
2022-11-11,46.39839553833008
2022-11-14,45.95370864868164
2022-11-15,46.41619110107422
2022-11-16,46.078224182128906
2022-11-17,46.11379623413086
2022-11-18,46.0604362487793
2022-11-21,45.67801284790039
2022-11-22,46.220523834228516
2022-11-23,46.691890716552734
2022-11-25,46.79861068725586
2022-11-28,46.27388381958008
2022-11-29,46.638526916503906
2022-11-30,47.581260681152344
2022-12-01,47.83027267456055
2022-12-02,47.874755859375
2022-12-05,47.216617584228516
2022-12-06,47.00316619873047
2022-12-07,46.89644241333008
2022-12-08,47.234405517578125
2022-12-09,47.16324996948242
2022-12-12,47.19883346557617
2022-12-13,47.75913619995117
2022-12-14,47.696876525878906
2022-12-15,46.55848693847656
2022-12-16,46.300567626953125
2022-12-19,46.24565124511719
2022-12-20,46.38969421386719
2022-12-21,46.830814361572266
2022-12-22,46.47071075439453
2022-12-23,46.578739166259766
2022-12-27,46.830814361572266
2022-12-28,46.27265930175781
2022-12-29,47.028865814208984
2022-12-30,46.56074142456055
2023-01-03,46.87582778930664
2023-01-04,47.677040100097656
2023-01-05,47.26293182373047
2023-01-06,48.3702392578125
2023-01-09,48.63130569458008
2023-01-10,48.82936096191406
2023-01-11,49.126434326171875
2023-01-12,49.72060012817383
2023-01-13,49.99968338012695
2023-01-17,50.03569030761719
2023-01-18,49.76561737060547
2023-01-19,49.86464309692383
2023-01-20,50.35977554321289
2023-01-23,50.602840423583984
2023-01-24,50.61184310913086
2023-01-25,50.81890869140625
2023-01-26,50.99895477294922
2023-01-27,50.88193130493164
2023-01-30,50.350772857666016
2023-01-31,50.602840423583984
2023-02-01,51.07997512817383
2023-02-02,50.953941345214844
2023-02-03,50.350772857666016
2023-02-06,49.82862854003906
2023-02-07,50.17072677612305
2023-02-08,49.94566345214844
2023-02-09,50.03569030761719
2023-02-10,49.8016242980957
2023-02-13,50.2247314453125
2023-02-14,50.23373794555664
2023-02-15,49.98167419433594
2023-02-16,49.78361511230469
2023-02-17,49.738609313964844
2023-02-21,49.153438568115234
2023-02-22,48.87437438964844
2023-02-23,49.126434326171875
2023-02-24,48.31621551513672
2023-02-27,48.78434371948242
2023-02-28,48.44225311279297
2023-03-01,48.937400817871094
2023-03-02,49.04541778564453
2023-03-03,49.666587829589844
2023-03-06,49.55856704711914
2023-03-07,48.71232986450195
2023-03-08,48.937400817871094
2023-03-09,48.3702392578125
2023-03-10,47.956119537353516
2023-03-13,47.731056213378906
2023-03-14,48.1541748046875
2023-03-15,46.902828216552734
2023-03-16,47.5780143737793
2023-03-17,47.10987854003906
2023-03-20,47.68828582763672
2023-03-21,48.25674819946289
2023-03-22,48.130428314208984
2023-03-23,48.31991958618164
2023-03-24,48.19358825683594
2023-03-27,48.44623947143555
2023-03-28,48.64476013183594
2023-03-29,49.10494613647461
2023-03-30,49.64634323120117
2023-03-31,49.81778335571289
2023-04-03,50.17872619628906
2023-04-04,50.151649475097656
2023-04-05,49.79974365234375
2023-04-06,49.971187591552734
2023-04-10,50.00727081298828
2023-04-11,50.23286056518555
2023-04-12,50.36820983886719
2023-04-13,51.02691650390625
2023-04-14,50.81938171386719
2023-04-17,50.81938171386719
2023-04-18,50.9818000793457
2023-04-19,50.67500686645508
2023-04-20,50.66598129272461
2023-04-21,50.67500686645508
2023-04-24,50.747196197509766
2023-04-25,49.94411087036133
2023-04-26,50.00727081298828
2023-04-27,50.6479377746582
2023-04-28,50.7562141418457
2023-05-01,50.65695571899414
2023-05-02,50.12458419799805
2023-05-03,50.187744140625
2023-05-04,50.277976989746094
2023-05-05,50.999839782714844
2023-05-08,51.03594207763672
2023-05-09,50.801326751708984
2023-05-10,50.765235900878906
2023-05-11,50.548675537109375
2023-05-12,50.32309341430664
2023-05-15,50.8554801940918
2023-05-16,50.377235412597656
2023-05-17,50.638916015625
2023-05-18,50.47649383544922
2023-05-19,50.6479377746582
2023-05-22,50.801326751708984
2023-05-23,50.06142044067383
2023-05-24,49.46588134765625
2023-05-25,49.33955764770508
2023-05-26,49.91704177856445
2023-05-30,49.447837829589844
2023-05-31,48.978607177734375
2023-06-01,49.74560546875
2023-06-02,50.47649383544922
2023-06-05,50.25090789794922
2023-06-06,50.67500686645508
2023-06-07,50.2960205078125
2023-06-08,50.7381706237793
2023-06-09,50.774261474609375
2023-06-12,50.954734802246094
2023-06-13,51.432960510253906
2023-06-14,51.64049530029297
2023-06-15,52.11873245239258
2023-06-16,51.99241256713867
2023-06-20,51.23352813720703
2023-06-21,51.27913284301758
2023-06-22,51.00550079345703
2023-06-23,50.21196365356445
2023-06-26,50.339656829833984
2023-06-27,50.76834487915039
2023-06-28,50.713626861572266
2023-06-29,50.622406005859375
2023-06-30,51.15143585205078
2023-07-03,51.36122131347656
2023-07-05,50.868682861328125
2023-07-06,49.95656204223633
2023-07-07,50.43998718261719
2023-07-10,50.52207565307617
2023-07-11,51.01462173461914
2023-07-12,51.963218688964844
2023-07-13,52.70203399658203
2023-07-14,52.410160064697266
2023-07-17,52.437522888183594
2023-07-18,52.59258270263672
2023-07-19,52.565208435058594
2023-07-20,52.264217376708984
2023-07-21,52.346309661865234
2023-07-24,52.45575714111328
2023-07-25,52.65642547607422
2023-07-26,52.82972717285156
2023-07-27,52.492244720458984
2023-07-28,53.139854431152344
2023-07-31,53.139854431152344
2023-08-01,52.5104866027832
2023-08-02,51.48892593383789
2023-08-03,51.425079345703125
2023-08-04,51.561885833740234
2023-08-07,51.84465026855469
2023-08-08,51.415950775146484
2023-08-09,51.4615592956543
2023-08-10,51.5983772277832
2023-08-11,51.197052001953125
2023-08-14,50.969017028808594
2023-08-15,50.339656829833984
2023-08-16,49.94744873046875
2023-08-17,49.72853469848633
2023-08-18,49.646446228027344
2023-08-21,49.79238510131836
2023-08-22,49.701175689697266
2023-08-23,50.2940559387207
2023-08-24,49.73765563964844
2023-08-25,50.002174377441406
2023-08-28,50.467350006103516
2023-08-29,51.114952087402344
2023-08-30,51.09671401977539
2023-08-31,50.80483627319336
2023-09-01,51.01462173461914
2023-09-05,50.576812744140625
2023-09-06,50.403499603271484
2023-09-07,50.12075424194336
2023-09-08,50.093387603759766
2023-09-11,50.65889358520508
2023-09-12,50.44911193847656
2023-09-13,50.339656829833984
2023-09-14,50.89604568481445
2023-09-15,50.777469635009766
2023-09-18,50.59866714477539
2023-09-19,50.56198501586914
2023-09-20,50.40609359741211
2023-09-21,49.57164764404297
2023-09-22,49.76421356201172
2023-09-25,49.589996337890625
2023-09-26,48.893089294433594
2023-09-27,48.87474822998047
2023-09-28,49.17735290527344
2023-09-29,49.07648468017578
2023-10-02,48.44376754760742
2023-10-03,47.84773635864258
2023-10-04,47.820228576660156
2023-10-05,48.15033721923828
2023-10-06,48.746368408203125
2023-10-09,48.645503997802734
2023-10-10,49.305721282958984
2023-10-11,49.50746154785156
2023-10-12,49.030635833740234
2023-10-13,48.682186126708984
2023-10-16,49.04896926879883
2023-10-17,49.012298583984375
2023-10-18,48.1778450012207
2023-10-19,47.84773635864258
2023-10-20,47.34340286254883
2023-10-23,47.3250617980957
2023-10-24,47.66434097290039
2023-10-25,47.21501922607422
2023-10-26,46.949100494384766
2023-10-27,46.82072830200195
2023-10-30,47.39841842651367
2023-10-31,47.425926208496094
2023-11-01,47.89358901977539
2023-11-02,48.865577697753906
2023-11-03,49.52580642700195
2023-11-06,49.47078323364258
2023-11-07,49.16817855834961
2023-11-08,49.02146530151367
2023-11-09,48.92060089111328
2023-11-10,49.17735290527344
2023-11-13,49.27822494506836
2023-11-14,50.52530288696289
2023-11-15,50.607826232910156
2023-11-16,50.387760162353516
2023-11-17,50.91043472290039
2023-11-20,51.20387268066406
2023-11-21,50.9746208190918
2023-11-22,51.020469665527344
2023-11-24,51.295562744140625
2023-11-27,51.13967514038086
2023-11-28,51.31390380859375
2023-11-29,51.295562744140625
2023-11-30,51.33224105834961
2023-12-01,51.79990005493164
2023-12-04,51.34141540527344
2023-12-05,51.176353454589844
2023-12-06,51.23136520385742
2023-12-07,51.48813247680664
2023-12-08,51.47895812988281
2023-12-11,51.588985443115234
2023-12-12,51.64401626586914
2023-12-13,52.395938873291016
2023-12-14,52.92777633666992
2023-12-15,52.45095443725586
2023-12-18,52.550540924072266
2023-12-19,53.02522659301758
2023-12-20,52.35508346557617
2023-12-21,53.27653884887695
2023-12-22,53.29515075683594
2023-12-26,53.555763244628906
2023-12-27,53.881526947021484
2023-12-28,53.909446716308594
2023-12-29,53.94668197631836
2024-01-02,53.33237075805664
2024-01-03,52.9973030090332
2024-01-04,53.02522659301758
2024-01-05,53.06245803833008
2024-01-08,53.49991226196289
2024-01-09,52.97869110107422
2024-01-10,53.21137619018555
2024-01-11,53.23930358886719
2024-01-12,53.425453186035156
2024-01-16,52.45747756958008
2024-01-17,51.88039779663086
2024-01-18,52.27131652832031
2024-01-19,52.53192901611328
2024-01-22,52.50400161743164
2024-01-23,52.541236877441406
2024-01-24,52.913543701171875
2024-01-25,53.05315017700195
2024-01-26,53.22068405151367
2024-01-29,53.47199630737305
2024-01-30,53.30445861816406
2024-01-31,53.02522659301758
2024-02-01,53.518524169921875
2024-02-02,53.14622497558594
2024-02-05,52.913543701171875
2024-02-06,53.47199630737305
2024-02-07,53.481292724609375
2024-02-08,53.34169006347656
2024-02-09,53.5650634765625
2024-02-12,53.723297119140625
2024-02-13,52.773921966552734
2024-02-14,53.425453186035156
2024-02-15,53.94668197631836
2024-02-16,54.05836486816406
2024-02-20,54.22590637207031
2024-02-21,54.28174591064453
2024-02-22,54.8401985168457
2024-02-23,54.868133544921875
2024-02-26,54.747127532958984
2024-02-27,54.849510192871094
2024-02-28,54.44929122924805
2024-02-29,54.570289611816406
2024-03-01,55.19388961791992
2024-03-04,55.02635955810547
2024-03-05,54.821590423583984
2024-03-06,55.52896499633789
2024-03-07,56.05949783325195
2024-03-08,55.901268005371094
2024-03-11,55.71512222290039
2024-03-12,56.171180725097656
2024-03-13,56.08742141723633
2024-03-14,55.733734130859375
2024-03-15,55.67206954956055
2024-03-18,55.6814079284668
2024-03-19,55.70009231567383
2024-03-20,56.29801940917969
2024-03-21,56.30735778808594
2024-03-22,56.09248352050781
2024-03-25,56.04576873779297
2024-03-26,56.04576873779297
2024-03-27,56.35407257080078
2024-03-28,56.335391998291016
2024-04-01,56.23261642456055
2024-04-02,55.999053955078125
2024-04-03,56.241966247558594
2024-04-04,55.858924865722656
2024-04-05,56.064449310302734
2024-04-08,56.344730377197266
2024-04-09,56.49420928955078
2024-04-10,55.70009231567383
2024-04-11,55.89628601074219
2024-04-12,54.9246711730957
2024-04-15,54.67241668701172
2024-04-16,54.05581283569336
2024-04-17,54.09318542480469
2024-04-18,54.10252380371094
2024-04-19,54.08384323120117
2024-04-22,54.6443977355957
2024-04-23,55.16756820678711
2024-04-24,55.09283447265625
2024-04-25,54.99006652832031
2024-04-26,55.43851089477539
2024-04-29,55.7841796875
2024-04-30,55.02743148803711
2024-05-01,54.9807243347168
2024-05-02,55.92431640625
2024-05-03,56.41947555541992
2024-05-06,56.727779388427734
2024-05-07,56.690399169921875
2024-05-08,56.615665435791016
2024-05-09,56.961334228515625
2024-05-10,57.036075592041016
2024-05-13,57.1295051574707
2024-05-14,57.48451614379883
2024-05-15,58.06375503540039
2024-05-16,57.867557525634766
2024-05-17,58.11981201171875
2024-05-20,58.11981201171875
2024-05-21,57.95164108276367
2024-05-22,57.512550354003906
2024-05-23,57.1295051574707
2024-05-24,57.587284088134766
2024-05-28,57.568603515625
2024-05-29,56.6063232421875
2024-05-30,56.961334228515625
2024-05-31,57.24161148071289
2024-06-03,57.48451614379883
2024-06-04,57.11082077026367
2024-06-05,57.62466049194336
2024-06-06,57.811500549316406
2024-06-07,57.15753173828125
2024-06-10,57.3070068359375
2024-06-11,56.793174743652344
2024-06-12,57.391090393066406
2024-06-13,56.793174743652344
2024-06-14,56.47552490234375
2024-06-17,56.67171859741211
2024-06-18,56.93330764770508
2024-06-20,56.89594268798828
2024-06-21,56.56067657470703
2024-06-24,56.97504806518555
2024-06-25,56.97504806518555
2024-06-26,56.636016845703125
2024-06-27,56.7396125793457
2024-06-28,56.78670120239258
2024-07-01,56.85261535644531
2024-07-02,57.06922149658203
2024-07-03,57.74726867675781
2024-07-05,58.039207458496094
2024-07-08,57.86969757080078
2024-07-09,57.76609802246094
2024-07-10,58.44415283203125
2024-07-11,58.717247009277344
2024-07-12,59.22579574584961
2024-07-15,58.7360954284668
2024-07-16,59.06570053100586
2024-07-17,58.613670349121094
2024-07-18,58.048622131347656
2024-07-19,57.662513732910156
2024-07-22,58.18988800048828
2024-07-23,57.841434478759766
2024-07-24,57.116302490234375
2024-07-25,56.833778381347656
2024-07-26,57.549503326416016
2024-07-29,57.30465316772461
2024-07-30,57.33290100097656
2024-07-31,58.274635314941406
2024-08-01,56.95621109008789
2024-08-02,55.98622512817383
2024-08-05,54.64895248413086
2024-08-06,54.81846618652344
2024-08-07,55.12923812866211
2024-08-08,56.15573501586914
2024-08-09,56.344078063964844
2024-08-12,56.391170501708984
2024-08-13,57.21989440917969
2024-08-14,57.238731384277344
2024-08-15,57.94503402709961
2024-08-16,58.32172393798828
2024-08-19,58.9809455871582
2024-08-20,58.69842529296875
2024-08-21,59.178707122802734
2024-08-22,58.70783996582031
2024-08-23,59.74374771118164
2024-08-26,59.46122741699219
2024-08-27,59.66841506958008
2024-08-28,59.35763168334961
2024-08-29,59.5083122253418
2024-08-30,59.677825927734375
2024-09-03,58.67017364501953
2024-09-04,58.54774475097656
2024-09-05,58.64191436767578
2024-09-06,57.55891799926758
2024-09-09,58.15221405029297
2024-09-10,57.916778564453125
2024-09-11,58.24638748168945
2024-09-12,58.77375793457031
2024-09-13,58.93385314941406
2024-09-16,59.319969177246094
2024-09-17,59.131622314453125
2024-09-18,58.93385314941406
2024-09-19,60.08277130126953
2024-09-20,59.65907287597656
2024-09-23,59.97117614746094
2024-09-24,60.80344772338867
2024-09-25,60.340023040771484
2024-09-26,61.82488250732422
2024-09-27,61.55060577392578
2024-09-30,61.22904586791992
2024-10-01,61.06827163696289
2024-10-02,61.285797119140625
2024-10-03,60.64267349243164
2024-10-04,61.10609436035156
2024-10-07,60.983150482177734
2024-10-08,60.40623092651367
2024-10-09,60.340023040771484
2024-10-10,60.28327941894531
2024-10-11,60.63321304321289
2024-10-14,60.67104721069336
2024-10-15,59.706356048583984
2024-10-16,60.00900650024414
2024-10-17,59.914424896240234
2024-10-18,60.39677047729492
2024-10-21,59.80093002319336
2024-10-22,59.56449508666992
2024-10-23,59.03486633300781
2024-10-24,59.15781784057617
2024-10-25,58.99703598022461
2024-10-28,59.39425277709961
2024-10-29,59.186187744140625
2024-10-30,58.83625030517578
2024-10-31,58.49578094482422
2024-11-01,58.561981201171875
2024-11-04,58.74168014526367
2024-11-05,59.38479995727539
2024-11-06,58.666011810302734
2024-11-07,59.677982330322266
2024-11-08,58.6849250793457
2024-11-11,58.60927200317383
2024-11-12,57.64458465576172
2024-11-13,57.35139083862305
2024-11-14,57.28519058227539
2024-11-15,57.133872985839844
2024-11-18,57.50271987915039
2024-11-19,57.52163314819336
2024-11-20,57.379764556884766
2024-11-21,57.408145904541016
2024-11-22,57.606754302978516
2024-11-25,57.79590606689453
2024-11-26,57.50271987915039
2024-11-27,57.75807189941406
2024-11-29,58.363372802734375
2024-12-02,58.476863861083984
2024-12-03,58.72275924682617
2024-12-04,58.732215881347656
2024-12-05,59.091609954833984
2024-12-06,58.98757553100586
2024-12-09,59.30913162231445
2024-12-10,58.666011810302734
2024-12-11,59.02540588378906
2024-12-12,58.49578094482422
2024-12-13,58.35390853881836
2024-12-16,58.155296325683594
2024-12-17,57.94723129272461
2024-12-18,56.566410064697266
2024-12-19,56.566410064697266
2024-12-20,56.638553619384766
2024-12-23,56.96561050415039
2024-12-24,57.148380279541016
2024-12-26,57.26380920410156
2024-12-27,57.13875961303711
2024-12-30,56.75398254394531
2024-12-31,56.686649322509766
2025-01-02,56.590457916259766
2025-01-03,56.88865280151367
2025-01-06,57.33114242553711
2025-01-07,57.0714225769043
2025-01-08,56.946372985839844
2025-01-10,56.0132942199707
2025-01-13,55.801673889160156
2025-01-14,56.10948944091797
2025-01-15,56.77322006225586
2025-01-16,56.955989837646484
2025-01-17,57.234947204589844
2025-01-21,58.216121673583984
2025-01-22,58.09107208251953
2025-01-23,58.466224670410156
2025-01-24,58.75480651855469
2025-01-27,58.408504486083984
2025-01-28,58.4758415222168
2025-01-29,58.48546600341797
2025-01-30,59.18767166137695
2025-01-31,58.60089111328125
2025-02-03,58.01411819458008
2025-02-04,58.75480651855469
2025-02-05,59.13957977294922
2025-02-06,59.399295806884766
2025-02-07,59.0145263671875
2025-02-10,59.485870361328125
2025-02-11,59.5916862487793
2025-02-12,59.755210876464844
2025-02-13,60.39970779418945
2025-02-14,60.51513671875
2025-02-18,60.87105178833008
2025-02-19,60.467041015625
2025-02-20,60.83258056640625
2025-02-21,60.43818664550781
2025-02-24,60.139984130859375
2025-02-25,60.476661682128906
2025-02-26,60.659427642822266
2025-02-27,59.851409912109375
2025-02-28,59.68787384033203
2025-03-03,59.8898811340332
2025-03-04,59.91874313354492
2025-03-05,61.419349670410156
2025-03-06,60.928768157958984
2025-03-07,61.448211669921875
2025-03-10,60.05341339111328
2025-03-11,60.00531768798828
2025-03-12,60.4189453125
2025-03-13,60.05341339111328
2025-03-14,61.12115478515625
2025-03-17,61.9195556640625
2025-03-18,61.84260177612305
2025-03-19,62.00613021850586
2025-03-20,61.52516555786133
2025-03-21,61.2270393371582
2025-03-24,61.323524475097656
2025-03-25,61.52613067626953
2025-03-26,60.88935470581055
2025-03-27,61.02443313598633
2025-03-28,60.31046676635742
2025-03-31,59.91489791870117
2025-04-01,60.088558197021484
2025-04-02,60.24292755126953
2025-04-03,59.03691101074219
2025-04-04,55.42851257324219
2025-04-07,53.92340850830078
2025-04-08,53.585723876953125
2025-04-09,57.406375885009766
2025-04-10,56.37403106689453
2025-04-11,57.917728424072266
2025-04-14,58.554508209228516
2025-04-15,58.872894287109375
2025-04-16,58.56415939331055
2025-04-17,59.1623420715332
2025-04-21,58.95008087158203
2025-04-22,60.04031753540039
2025-04-23,60.31046676635742
2025-04-24,61.08231735229492
2025-04-25,61.13056182861328
2025-04-28,61.487545013427734
2025-04-29,61.68050003051758
2025-04-30,61.61296463012695
2025-05-01,61.458595275878906
2025-05-02,62.74180221557617
2025-05-05,62.973350524902344
2025-05-06,62.867225646972656
2025-05-07,62.500587463378906
2025-05-08,62.33657455444336
2025-05-09,62.68391036987305
2025-05-12,63.3013916015625
2025-05-13,63.42681884765625
2025-05-14,63.37858200073242
2025-05-15,63.88028335571289
2025-05-16,63.957462310791016
2025-05-19,64.39161682128906
2025-05-20,64.59423828125
2025-05-21,64.2951431274414
2025-05-22,64.18902587890625
2025-05-23,64.40127563476562
2025-05-27,65.02841186523438
2025-05-28,64.46880340576172
2025-05-29,64.74861145019531
2025-05-30,64.5845947265625
2025-06-02,65.25030517578125
2025-06-03,64.93192291259766
2025-06-04,65.35643768310547
2025-06-05,65.44326782226562
2025-06-06,65.616943359375
2025-06-09,65.77130889892578
2025-06-10,66.01251983642578
2025-06-11,66.07040405273438
2025-06-12,66.43702697753906
2025-06-13,65.54940795898438
2025-06-16,65.98356628417969
2025-06-17,65.17313385009766
2025-06-18,65.25030517578125
2025-06-20,64.73040771484375
2025-06-23,65.22602081298828
2025-06-24,66.21723937988281
2025-06-25,66.04231262207031
2025-06-26,66.69339752197266
2025-06-27,66.96550750732422
2025-06-30,67.14042663574219
2025-07-01,67.15987396240234
2025-07-02,67.37364959716797
2025-07-03,67.52912902832031
2025-07-07,66.69339752197266
2025-07-08,67.1209945678711
2025-07-09,67.4222412109375
2025-07-10,67.5194320678711
2025-07-11,67.05297088623047
2025-07-14,67.1209945678711
2025-07-15,66.79059600830078
2025-07-16,67.08212280273438
2025-07-17,67.3250732421875
2025-07-18,67.15987396240234
2025-07-21,67.56800842285156
2025-07-22,67.84983825683594
2025-07-23,69.0645523071289
2025-07-24,68.59809875488281
2025-07-25,68.4912109375
2025-07-28,67.60688018798828
2025-07-29,67.56800842285156
2025-07-30,67.08212280273438
2025-07-31,66.53791809082031
2025-08-01,66.31440734863281
2025-08-04,67.1307144165039
2025-08-05,67.30563354492188
2025-08-06,67.74293518066406
2025-08-07,68.22882843017578
2025-08-08,68.45233917236328
2025-08-11,68.2385482788086
2025-08-12,68.99654388427734
2025-08-13,69.44355010986328
2025-08-14,69.13257598876953
2025-08-15,69.44355010986328
2025-08-18,69.54073333740234
2025-08-19,69.35609436035156
2025-08-20,69.44355010986328
2025-08-21,69.18118286132812
2025-08-22,70.30844116210938
2025-08-25,69.6281967163086
2025-08-26,69.58931732177734
2025-08-27,69.38524627685547
2025-08-28,69.66706085205078
2025-08-29,69.35609436035156
2025-09-02,68.87020874023438
2025-09-03,69.0159683227539
2025-09-04,69.29779052734375
2025-09-05,69.75453186035156
2025-09-08,70.425048828125
2025-09-09,70.33758544921875
2025-09-10,70.46392822265625
2025-09-11,71.26078796386719
2025-09-12,71.02754974365234
2025-09-15,71.58147430419922
2025-09-16,71.63977813720703
2025-09-17,71.59119415283203
2025-09-18,71.64950561523438
2025-09-19,71.40536499023438
2025-09-22,71.71785736083984
2025-09-23,71.62020111083984
2025-09-24,71.2002944946289
2025-09-25,70.7901382446289
2025-09-26,71.04403686523438
2025-09-29,71.42488861083984
2025-09-30,71.73738861083984
2025-10-01,72.23542785644531
2025-10-02,72.37213897705078
2025-10-03,72.90924835205078
2025-10-06,73.06549835205078
2025-10-07,72.49909973144531
2025-10-08,72.78230285644531
2025-10-09,72.14753723144531
2025-10-10,70.47763061523438
2025-10-13,71.55183410644531
2025-10-14,71.56161499023438
2025-10-15,72.18660736083984
2025-10-16,72.50886535644531
2025-10-17,72.46002960205078
2025-10-20,73.17292022705078
2025-10-21,72.47957611083984
2025-10-22,72.53815460205078
2025-10-23,72.95807647705078
2025-10-24,73.19245147705078
2025-10-27,73.74907684326172
2025-10-28,73.73931884765625
2025-10-29,73.51470947265625
2025-10-30,73.05572509765625
2025-10-31,72.87995147705078
2025-11-03,73.08501434326172
2025-11-04,72.11824035644531
2025-11-05,72.60652160644531
2025-11-06,72.32331848144531
2025-11-07,72.46002960205078
2025-11-10,73.36822509765625
2025-11-11,73.75885009765625
2025-11-12,74.04204559326172
2025-11-13,73.23149871826172
2025-11-14,73.17292022705078
2025-11-17,72.26472473144531
2025-11-18,71.62995910644531
2025-11-19,71.44442749023438
2025-11-20,70.4971694946289
2025-11-21,71.21005249023438
2025-11-24,71.51278686523438
2025-11-25,72.17684173583984
2025-11-26,72.86042785644531
2025-11-28,73.18268585205078
2025-12-01,72.89949035644531
2025-12-02,73.01667022705078
2025-12-03,73.30963134765625
2025-12-04,73.46588897705078
2025-12-05,73.61236572265625
2025-12-08,73.45611572265625
2025-12-09,73.35845947265625
2025-12-10,74.14946746826172
2025-12-11,74.34477996826172
2025-12-12,73.83696746826172
2025-12-15,74.09088134765625
2025-12-16,73.69048309326172
2025-12-17,73.20220947265625
2025-12-18,73.79790496826172
2025-12-19,74.25835418701172
2025-12-22,74.67604064941406
2025-12-23,75.13350677490234
2025-12-24,75.19317626953125
2025-12-26,75.43184661865234
2025-12-29,75.19317626953125
2025-12-30,75.34234619140625
2025-12-31,75.02411651611328
2026-01-02,76.11804962158203
2026-01-05,76.92357635498047
2026-01-06,77.19210052490234
2026-01-07,76.80424499511719
2026-01-08,76.85397338867188
2026-01-09,77.40093994140625
2026-01-12,78.11697387695312
2026-01-13,77.69927978515625
2026-01-14,78.03741455078125
2026-01-15,78.16668701171875
2026-01-16,78.20647430419922
2026-01-20,77.3014907836914
2026-01-21,78.16668701171875
2026-01-22,78.64404296875
2026-01-23,79.09156036376953
2026-01-26,79.41974639892578
2026-01-27,80.65290832519531
2026-01-28,80.29489135742188
2026-01-29,80.50373077392578
2026-01-30,79.22085571289062
2026-02-02,79.66837310791016
2026-02-03,79.86726379394531
2026-02-04,79.8075942993164
2026-02-05,78.85289001464844
2026-02-06,80.60318756103516
2026-02-09,81.6971206665039
2026-02-10,81.8960189819336
2026-02-11,82.53248596191406
2026-02-12,81.6772232055664
2026-02-13,81.94574737548828
2026-02-17,81.77668762207031
2026-02-18,82.05513763427734
2026-02-19,81.92584991455078
2026-02-20,82.910400390625
2026-02-23,82.47281646728516
2026-02-24,82.96012115478516
2026-02-25,83.7358169555664
2026-02-26,83.49714660644531
2026-02-27,83.34796905517578
2026-03-02,81.94574737548828
2026-03-03,79.12139892578125
2026-03-04,79.8970947265625
2026-03-05,78.2860336303711
2026-03-06,77.55010986328125
2026-03-09,78.51476287841797
2026-03-10,78.68383026123047
2026-03-11,78.60426330566406
2026-03-12,77.04292297363281
2026-03-13,76.31694793701172
2026-03-16,77.83850860595703
2026-03-17,78.1766357421875
2026-03-18,76.82413482666016
2026-03-19,76.72468566894531
2026-03-20,74.37525939941406
2026-03-23,76.23688507080078
2026-03-24,75.60970306396484
2026-03-25,76.7346420288086
2026-03-26,74.8630599975586
2026-03-27,74.35535430908203
2026-03-30,74.29561614990234
2026-03-31,76.7645034790039
2026-04-01,77.66047668457031
2026-04-02,77.13285064697266
2026-04-06,77.62065124511719
2026-04-07,77.67042541503906
2026-04-08,80.86605072021484
2026-04-09,80.7067642211914
2026-04-10,80.9058609008789
2026-04-13,81.52308654785156
2026-04-14,82.43896484375
2026-04-15,82.2796859741211
2026-04-16,82.25977325439453
2026-04-17,83.374755859375
2026-04-20,83.10596466064453
2026-04-21,81.51313018798828
2026-04-22,82.2199478149414
2026-04-23,81.35385131835938
2026-04-24,82.12039947509766
2026-04-27,81.9710693359375
2026-04-28,81.52308654785156
2026-04-29,80.86605072021484
2026-04-30,82.6878433227539
2026-05-01,82.59825134277344
2026-05-04,81.88147735595703
2026-05-05,83.03628540039062
2026-05-06,85.23638153076172
2026-05-07,83.87251281738281
2026-05-08,85.04722595214844
2026-05-11,85.00740814208984
2026-05-12,83.85260772705078
2026-05-13,84.69879913330078
2026-05-14,84.6390609741211
2026-05-15,82.73762512207031
2026-05-18,83.1557388305664
2026-05-19,82.42901611328125
2026-05-20,83.7928695678711
2026-05-21,84.20103454589844
2026-05-22,84.08157348632812
2026-05-26,85.72418212890625
2026-05-27,85.46534729003906
2026-05-28,85.6047134399414
2026-05-29,85.67440032958984
2026-06-01,85.92327880859375
2026-06-02,86.57037353515625
2026-06-03,85.71422576904297
2026-06-04,85.86355590820312
2026-06-05,82.6579818725586
2026-06-08,83.36479949951172
2026-06-09,83.44444274902344
2026-06-10,82.2199478149414
2026-06-11,84.95762634277344
2026-06-12,85.29610443115234
2026-06-15,86.59028625488281
2026-06-16,86.24185180664062
2026-06-17,85.76399993896484
2026-06-18,86.7699966430664
2026-06-22,87.05999755859375
2026-06-23,84.41000366210938
2026-06-24,84.33999633789062
2026-06-25,85.08000183105469
2026-06-26,84.4800033569336
2026-06-29,84.93000030517578
2026-06-30,85.48999786376953
2026-07-01,84.52999877929688
2026-07-02,84.83999633789062
2026-07-06,86.16999816894531
2026-07-07,84.6500015258789
2026-07-08,84.44000244140625
2026-07-09,84.9000015258789
2026-07-10,85.33999633789062
2026-07-13,83.77999877929688
